cohort_label	file_id	file_path	marker_key	bin_index	bin_center_um	positive_fraction	positive_intensity_fraction	intensity_fraction	soft_intensity_fraction
2026-01-02	1	data/day5 after fix and stain for PAX8-647/1.czi	foxf1	0	8.894567339046851				
2026-01-02	1	data/day5 after fix and stain for PAX8-647/1.czi	foxf1	1	26.683702017140554	0.033910446889692594	0.011324843616984078	0.08677342486429084	0.00197119351748625
2026-01-02	1	data/day5 after fix and stain for PAX8-647/1.czi	foxf1	2	44.47283669523426	0.02901475114806928	0.009733264799097223	0.08292780088550768	0.0019869812274445446
2026-01-02	1	data/day5 after fix and stain for PAX8-647/1.czi	foxf1	3	62.26197137332796	0.04643828035499027	0.015990868170863787	0.07901033347518549	0.00329686602095178
2026-01-02	1	data/day5 after fix and stain for PAX8-647/1.czi	foxf1	4	80.05110605142167	0.10093106451397652	0.04084924515174355	0.0802412942347425	0.01984127728945876
2026-01-02	1	data/day5 after fix and stain for PAX8-647/1.czi	foxf1	5	97.84024072951536	0.14378840534824022	0.06891733666902836	0.08264655972989508	0.0585778501011274
2026-01-02	1	data/day5 after fix and stain for PAX8-647/1.czi	foxf1	6	115.62937540760907	0.16762620415518953	0.079256440346845	0.07702577967847331	0.07149274488812898
2026-01-02	1	data/day5 after fix and stain for PAX8-647/1.czi	foxf1	7	133.41851008570276	0.19546101774699487	0.08122020205167814	0.06656697173632359	0.06855038298783692
2026-01-02	1	data/day5 after fix and stain for PAX8-647/1.czi	foxf1	8	151.20764476379648	0.26199652485759206	0.0834250975840993	0.056739974842081806	0.06027175862944509
2026-01-02	1	data/day5 after fix and stain for PAX8-647/1.czi	foxf1	9	168.99677944189017	0.30502874413900005	0.08702179770467491	0.05190889339323116	0.07072528815958849
2026-01-02	1	data/day5 after fix and stain for PAX8-647/1.czi	foxf1	10	186.7859141199839	0.39541107253524155	0.09543325162684234	0.050616106063067046	0.09535478623427539
2026-01-02	1	data/day5 after fix and stain for PAX8-647/1.czi	foxf1	11	204.57504879807757	0.6176970375904257	0.09876229015999523	0.0502269656264963	0.11288142101452157
2026-01-02	1	data/day5 after fix and stain for PAX8-647/1.czi	foxf1	12	222.3641834761713	0.744060834386128	0.09849257340753723	0.049236867922968705	0.12606893184681134
2026-01-02	1	data/day5 after fix and stain for PAX8-647/1.czi	foxf1	13	240.15331815426498	0.786525312321281	0.09335645330337525	0.046121698664130066	0.1299743982874199
2026-01-02	1	data/day5 after fix and stain for PAX8-647/1.czi	foxf1	14	257.9424528323587	0.803990414098028	0.08076546848912511	0.03970153517906732	0.11699573936896371
2026-01-02	1	data/day5 after fix and stain for PAX8-647/1.czi	foxf1	15	275.7315875104524	0.7547889911109041	0.050202265052634615	0.02542317575929577	0.06546763497627711
2026-01-02	1	data/day5 after fix and stain for PAX8-647/1.czi	foxf1	16	293.5207221885461	0.3961764255023945	0.013875143594733921	0.0078736465495033	0.015185202163388718
2026-01-02	1	data/day5 after fix and stain for PAX8-647/1.czi	foxf1	17	311.30985686663985		0.00048420300602282005	0.0006095793702007516	0.00010697222249357228
2026-01-02	1	data/day5 after fix and stain for PAX8-647/1.czi	foxf1	18	329.0989915447335		0.0	0.0	0.0
2026-01-02	1	data/day5 after fix and stain for PAX8-647/1.czi	foxf1	19	346.88812622282717		0.0	0.0	0.0
2026-01-02	1	data/day5 after fix and stain for PAX8-647/1.czi	foxf1	20	364.67726090092094		0.0	0.0	0.0
2026-01-02	1	data/day5 after fix and stain for PAX8-647/1.czi	foxf1	21	382.4663955790146		0.0	0.0	0.0
2026-01-02	1	data/day5 after fix and stain for PAX8-647/1.czi	foxf1	22	400.25553025710826		0.0	0.0	0.0
2026-01-02	1	data/day5 after fix and stain for PAX8-647/1.czi	foxf1	23	418.04466493520204		0.0	0.0	0.0
2026-01-02	1	data/day5 after fix and stain for PAX8-647/1.czi	mesp2	0	8.894567339046851				
2026-01-02	1	data/day5 after fix and stain for PAX8-647/1.czi	mesp2	1	26.683702017140554	0.6387214759029396	0.138358296522028	0.13596901082388202	0.14919174500755047
2026-01-02	1	data/day5 after fix and stain for PAX8-647/1.czi	mesp2	2	44.47283669523426	0.6367577963269522	0.13226015592045676	0.12993955924794381	0.140993003636036
2026-01-02	1	data/day5 after fix and stain for PAX8-647/1.czi	mesp2	3	62.26197137332796	0.6345206541411056	0.12340673720750245	0.12123668302438936	0.12912201074870772
2026-01-02	1	data/day5 after fix and stain for PAX8-647/1.czi	mesp2	4	80.05110605142167	0.6347896072370571	0.11478024328522526	0.11304343539407134	0.11791312346705633
2026-01-02	1	data/day5 after fix and stain for PAX8-647/1.czi	mesp2	5	97.84024072951536	0.6240181492107856	0.10165185907954133	0.10100146306817104	0.10130400171497338
2026-01-02	1	data/day5 after fix and stain for PAX8-647/1.czi	mesp2	6	115.62937540760907	0.6121176392199765	0.08706894850619808	0.08737624668291913	0.0829646697625092
2026-01-02	1	data/day5 after fix and stain for PAX8-647/1.czi	mesp2	7	133.41851008570276	0.6330364241213209	0.07505213786002217	0.07601429892933556	0.06820231372841216
2026-01-02	1	data/day5 after fix and stain for PAX8-647/1.czi	mesp2	8	151.20764476379648	0.7032307389527339	0.06040550766096038	0.06173745348569978	0.05042316299732724
2026-01-02	1	data/day5 after fix and stain for PAX8-647/1.czi	mesp2	9	168.99677944189017	0.6208647802496648	0.03586262098856465	0.03959868759968417	0.024024292253964522
2026-01-02	1	data/day5 after fix and stain for PAX8-647/1.czi	mesp2	10	186.7859141199839	0.2906334103104377	0.01156553858094245	0.017447604622946516	0.006180303941854225
2026-01-02	1	data/day5 after fix and stain for PAX8-647/1.czi	mesp2	11	204.57504879807757	0.05150923518515066	0.0015307957090323829	0.004202385820872777	0.0006688283110933887
2026-01-02	1	data/day5 after fix and stain for PAX8-647/1.czi	mesp2	12	222.3641834761713	0.000833142900670312	9.980442662435115e-06	0.0001277074663104704	1.185845129394497e-06
2026-01-02	1	data/day5 after fix and stain for PAX8-647/1.czi	mesp2	13	240.15331815426498	0.0	0.0	-0.0008038285201696156	0.0
2026-01-02	1	data/day5 after fix and stain for PAX8-647/1.czi	mesp2	14	257.9424528323587	0.0	0.0	-0.001036869128027396	0.0
2026-01-02	1	data/day5 after fix and stain for PAX8-647/1.czi	mesp2	15	275.7315875104524	0.0	0.0	-0.0009182123634916039	0.0
2026-01-02	1	data/day5 after fix and stain for PAX8-647/1.czi	mesp2	16	293.5207221885461	0.0	0.0	-0.0004042449367868634	0.0
2026-01-02	1	data/day5 after fix and stain for PAX8-647/1.czi	mesp2	17	311.30985686663985		0.0	-6.263218388433817e-05	0.0
2026-01-02	1	data/day5 after fix and stain for PAX8-647/1.czi	mesp2	18	329.0989915447335		0.0	0.0	0.0
2026-01-02	1	data/day5 after fix and stain for PAX8-647/1.czi	mesp2	19	346.88812622282717		0.0	0.0	0.0
2026-01-02	1	data/day5 after fix and stain for PAX8-647/1.czi	mesp2	20	364.67726090092094		0.0	0.0	0.0
2026-01-02	1	data/day5 after fix and stain for PAX8-647/1.czi	mesp2	21	382.4663955790146		0.0	0.0	0.0
2026-01-02	1	data/day5 after fix and stain for PAX8-647/1.czi	mesp2	22	400.25553025710826		0.0	0.0	0.0
2026-01-02	1	data/day5 after fix and stain for PAX8-647/1.czi	mesp2	23	418.04466493520204		0.0	0.0	0.0
2026-01-02	1	data/day5 after fix and stain for PAX8-647/1.czi	pax8	0	8.894567339046851				
2026-01-02	1	data/day5 after fix and stain for PAX8-647/1.czi	pax8	1	26.683702017140554	0.382463933016264	0.09570483032812531	0.10151490465410154	0.0960268428659063
2026-01-02	1	data/day5 after fix and stain for PAX8-647/1.czi	pax8	2	44.47283669523426	0.38333412810390716	0.10210162066744638	0.10502548525381726	0.11000942098893955
2026-01-02	1	data/day5 after fix and stain for PAX8-647/1.czi	pax8	3	62.26197137332796	0.3762960593542923	0.10173016175004808	0.10372037547940735	0.11286789047886049
2026-01-02	1	data/day5 after fix and stain for PAX8-647/1.czi	pax8	4	80.05110605142167	0.37497276891817777	0.09671643027708664	0.0990380178940325	0.1054397381984021
2026-01-02	1	data/day5 after fix and stain for PAX8-647/1.czi	pax8	5	97.84024072951536	0.3663843089868498	0.0852816583480584	0.09032476816418358	0.08713194066296667
2026-01-02	1	data/day5 after fix and stain for PAX8-647/1.czi	pax8	6	115.62937540760907	0.385046051139455	0.07611882046921499	0.08077982191940195	0.06829933717060464
2026-01-02	1	data/day5 after fix and stain for PAX8-647/1.czi	pax8	7	133.41851008570276	0.42446529715234604	0.07158281694499326	0.07205394838221038	0.05942433962178871
2026-01-02	1	data/day5 after fix and stain for PAX8-647/1.czi	pax8	8	151.20764476379648	0.4875865750639246	0.07144283762313526	0.06571320727238462	0.06363920402494684
2026-01-02	1	data/day5 after fix and stain for PAX8-647/1.czi	pax8	9	168.99677944189017	0.4784946753321796	0.06984084237311433	0.06208995801271026	0.07372324258098739
2026-01-02	1	data/day5 after fix and stain for PAX8-647/1.czi	pax8	10	186.7859141199839	0.4855724376928531	0.05946789125698433	0.05109018452027089	0.068041743480158
2026-01-02	1	data/day5 after fix and stain for PAX8-647/1.czi	pax8	11	204.57504879807757	0.6750570993667068	0.04702072544261434	0.03722058966500045	0.051283616973149884
2026-01-02	1	data/day5 after fix and stain for PAX8-647/1.czi	pax8	12	222.3641834761713	0.7566465248355181	0.033705225415560286	0.0262163070097785	0.030955015954338472
2026-01-02	1	data/day5 after fix and stain for PAX8-647/1.czi	pax8	13	240.15331815426498	0.5805862683801319	0.017908594112417686	0.016467835545433542	0.012115455092596384
2026-01-02	1	data/day5 after fix and stain for PAX8-647/1.czi	pax8	14	257.9424528323587	0.19220620947004885	0.004600137618267651	0.008782642323775229	0.0021749757742286066
2026-01-02	1	data/day5 after fix and stain for PAX8-647/1.czi	pax8	15	275.7315875104524	0.017854390487059335	0.0002914843445120217	0.004017802975003015	4.013950105234149e-05
2026-01-02	1	data/day5 after fix and stain for PAX8-647/1.czi	pax8	16	293.5207221885461	0.0	0.0	0.0011620127832361533	0.0
2026-01-02	1	data/day5 after fix and stain for PAX8-647/1.czi	pax8	17	311.30985686663985		0.0	0.00011865885356521805	0.0
2026-01-02	1	data/day5 after fix and stain for PAX8-647/1.czi	pax8	18	329.0989915447335		0.0	0.0	0.0
2026-01-02	1	data/day5 after fix and stain for PAX8-647/1.czi	pax8	19	346.88812622282717		0.0	0.0	0.0
2026-01-02	1	data/day5 after fix and stain for PAX8-647/1.czi	pax8	20	364.67726090092094		0.0	0.0	0.0
2026-01-02	1	data/day5 after fix and stain for PAX8-647/1.czi	pax8	21	382.4663955790146		0.0	0.0	0.0
2026-01-02	1	data/day5 after fix and stain for PAX8-647/1.czi	pax8	22	400.25553025710826		0.0	0.0	0.0
2026-01-02	1	data/day5 after fix and stain for PAX8-647/1.czi	pax8	23	418.04466493520204		0.0	0.0	0.0
2026-01-02	2	data/day5 after fix and stain for PAX8-647/2.czi	foxf1	0	8.894567339046851				
2026-01-02	2	data/day5 after fix and stain for PAX8-647/2.czi	foxf1	1	26.683702017140554	0.19815086076229135	0.057081043192310096	0.0711288223446162	0.020301215843624536
2026-01-02	2	data/day5 after fix and stain for PAX8-647/2.czi	foxf1	2	44.47283669523426	0.1999107145733319	0.060143533450168825	0.071892575636506	0.026304011997571312
2026-01-02	2	data/day5 after fix and stain for PAX8-647/2.czi	foxf1	3	62.26197137332796	0.1976058326905818	0.06413268895472535	0.07600349176379796	0.035306834662818365
2026-01-02	2	data/day5 after fix and stain for PAX8-647/2.czi	foxf1	4	80.05110605142167	0.17645096717916825	0.06398169030277684	0.0789294093432617	0.0459811331645908
2026-01-02	2	data/day5 after fix and stain for PAX8-647/2.czi	foxf1	5	97.84024072951536	0.16712919573546908	0.06850677884875647	0.0825184571828576	0.06142907263787941
2026-01-02	2	data/day5 after fix and stain for PAX8-647/2.czi	foxf1	6	115.62937540760907	0.16493429370273316	0.07684259958535701	0.0840423320431522	0.08121545179635026
2026-01-02	2	data/day5 after fix and stain for PAX8-647/2.czi	foxf1	7	133.41851008570276	0.16644842923952968	0.08757625379089556	0.08591184628149823	0.10368841376291121
2026-01-02	2	data/day5 after fix and stain for PAX8-647/2.czi	foxf1	8	151.20764476379648	0.18760051667098307	0.09625159084091597	0.08529111380942263	0.1244921143476771
2026-01-02	2	data/day5 after fix and stain for PAX8-647/2.czi	foxf1	9	168.99677944189017	0.24320988196704993	0.10128427510246008	0.08266157119636369	0.1350294965332003
2026-01-02	2	data/day5 after fix and stain for PAX8-647/2.czi	foxf1	10	186.7859141199839	0.29305176840247776	0.09579018700188417	0.07696529999608462	0.12775244675245
2026-01-02	2	data/day5 after fix and stain for PAX8-647/2.czi	foxf1	11	204.57504879807757	0.29726092647582264	0.08592428714663938	0.06919049919612626	0.11484614369318823
2026-01-02	2	data/day5 after fix and stain for PAX8-647/2.czi	foxf1	12	222.3641834761713	0.32046121910086994	0.06608815121940331	0.05273315472979985	0.08641514534001536
2026-01-02	2	data/day5 after fix and stain for PAX8-647/2.czi	foxf1	13	240.15331815426498	0.3956631261720124	0.03368782603902898	0.02742720252497935	0.03718398263467468
2026-01-02	2	data/day5 after fix and stain for PAX8-647/2.czi	foxf1	14	257.9424528323587	0.3165015473837932	0.0075947338325681076	0.0067279015767065	0.00656551736846629
2026-01-02	2	data/day5 after fix and stain for PAX8-647/2.czi	foxf1	15	275.7315875104524		0.0002445328502631313	0.0003850398364942213	4.870883989505916e-05
2026-01-02	2	data/day5 after fix and stain for PAX8-647/2.czi	foxf1	16	293.5207221885461		0.0	0.0	0.0
2026-01-02	2	data/day5 after fix and stain for PAX8-647/2.czi	foxf1	17	311.30985686663985		0.0	0.0	0.0
2026-01-02	2	data/day5 after fix and stain for PAX8-647/2.czi	foxf1	18	329.0989915447335		0.0	0.0	0.0
2026-01-02	2	data/day5 after fix and stain for PAX8-647/2.czi	foxf1	19	346.88812622282717		0.0	0.0	0.0
2026-01-02	2	data/day5 after fix and stain for PAX8-647/2.czi	foxf1	20	364.67726090092094		0.0	0.0	0.0
2026-01-02	2	data/day5 after fix and stain for PAX8-647/2.czi	foxf1	21	382.4663955790146		0.0	0.0	0.0
2026-01-02	2	data/day5 after fix and stain for PAX8-647/2.czi	foxf1	22	400.25553025710826		0.0	0.0	0.0
2026-01-02	2	data/day5 after fix and stain for PAX8-647/2.czi	foxf1	23	418.04466493520204		0.0	0.0	0.0
2026-01-02	2	data/day5 after fix and stain for PAX8-647/2.czi	mesp2	0	8.894567339046851				
2026-01-02	2	data/day5 after fix and stain for PAX8-647/2.czi	mesp2	1	26.683702017140554	0.48335644432503794	0.1270281781915017	0.12059881652061812	0.1398406725412921
2026-01-02	2	data/day5 after fix and stain for PAX8-647/2.czi	mesp2	2	44.47283669523426	0.4825875863138904	0.11839926797731631	0.11289389547231654	0.12742336597642268
2026-01-02	2	data/day5 after fix and stain for PAX8-647/2.czi	mesp2	3	62.26197137332796	0.5114354929240741	0.12094662163410907	0.11584493656848387	0.1284689400512073
2026-01-02	2	data/day5 after fix and stain for PAX8-647/2.czi	mesp2	4	80.05110605142167	0.5406032319784324	0.12075949046929797	0.11676877133580324	0.12570714462647875
2026-01-02	2	data/day5 after fix and stain for PAX8-647/2.czi	mesp2	5	97.84024072951536	0.5706998772598167	0.11465262679173586	0.11225569371815895	0.11443546942049414
2026-01-02	2	data/day5 after fix and stain for PAX8-647/2.czi	mesp2	6	115.62937540760907	0.5879233216968263	0.10279366492418288	0.10104075799714146	0.09644704942324808
2026-01-02	2	data/day5 after fix and stain for PAX8-647/2.czi	mesp2	7	133.41851008570276	0.5584543722221854	0.08638320209529528	0.08644659732980732	0.07601025336411306
2026-01-02	2	data/day5 after fix and stain for PAX8-647/2.czi	mesp2	8	151.20764476379648	0.5270771765239728	0.05886077615673996	0.06255539322693715	0.04517546794046537
2026-01-02	2	data/day5 after fix and stain for PAX8-647/2.czi	mesp2	9	168.99677944189017	0.43223114869033213	0.027695381213059977	0.034839990169804526	0.014303368347795727
2026-01-02	2	data/day5 after fix and stain for PAX8-647/2.czi	mesp2	10	186.7859141199839	0.21552666204148896	0.008639417585142485	0.01749312458855795	0.002427215813764167
2026-01-02	2	data/day5 after fix and stain for PAX8-647/2.czi	mesp2	11	204.57504879807757	0.046651443303296125	0.001424054400350855	0.008289259083054319	0.00022958765626561147
2026-01-02	2	data/day5 after fix and stain for PAX8-647/2.czi	mesp2	12	222.3641834761713	0.0027742203723269583	7.039862070609251e-05	0.003373575720034463	1.2614433180119299e-05
2026-01-02	2	data/day5 after fix and stain for PAX8-647/2.czi	mesp2	13	240.15331815426498	3.6064627813040947e-06	7.278676110429565e-08	0.0014239595484048405	4.277644824208382e-06
2026-01-02	2	data/day5 after fix and stain for PAX8-647/2.czi	mesp2	14	257.9424528323587	0.0	0.0	0.00037235424861573724	1.522198629389766e-06
2026-01-02	2	data/day5 after fix and stain for PAX8-647/2.czi	mesp2	15	275.7315875104524		0.0	2.1273810678681192e-05	0.0
2026-01-02	2	data/day5 after fix and stain for PAX8-647/2.czi	mesp2	16	293.5207221885461		0.0	0.0	0.0
2026-01-02	2	data/day5 after fix and stain for PAX8-647/2.czi	mesp2	17	311.30985686663985		0.0	0.0	0.0
2026-01-02	2	data/day5 after fix and stain for PAX8-647/2.czi	mesp2	18	329.0989915447335		0.0	0.0	0.0
2026-01-02	2	data/day5 after fix and stain for PAX8-647/2.czi	mesp2	19	346.88812622282717		0.0	0.0	0.0
2026-01-02	2	data/day5 after fix and stain for PAX8-647/2.czi	mesp2	20	364.67726090092094		0.0	0.0	0.0
2026-01-02	2	data/day5 after fix and stain for PAX8-647/2.czi	mesp2	21	382.4663955790146		0.0	0.0	0.0
2026-01-02	2	data/day5 after fix and stain for PAX8-647/2.czi	mesp2	22	400.25553025710826		0.0	0.0	0.0
2026-01-02	2	data/day5 after fix and stain for PAX8-647/2.czi	mesp2	23	418.04466493520204		0.0	0.0	0.0
2026-01-02	2	data/day5 after fix and stain for PAX8-647/2.czi	pax8	0	8.894567339046851				
2026-01-02	2	data/day5 after fix and stain for PAX8-647/2.czi	pax8	1	26.683702017140554	0.1999939402662604	0.03620597526363931	0.06645417122385713	0.018034951293167383
2026-01-02	2	data/day5 after fix and stain for PAX8-647/2.czi	pax8	2	44.47283669523426	0.20718545129053786	0.039500835275745806	0.06702177797682692	0.022908777756569604
2026-01-02	2	data/day5 after fix and stain for PAX8-647/2.czi	pax8	3	62.26197137332796	0.22271618246139324	0.044025597229414924	0.06870551761634079	0.027764384983983082
2026-01-02	2	data/day5 after fix and stain for PAX8-647/2.czi	pax8	4	80.05110605142167	0.24538560528814565	0.05219633746629412	0.07181444112319248	0.038167612359083725
2026-01-02	2	data/day5 after fix and stain for PAX8-647/2.czi	pax8	5	97.84024072951536	0.26496174171699294	0.06578505604162367	0.0786205777270943	0.059682906700738336
2026-01-02	2	data/day5 after fix and stain for PAX8-647/2.czi	pax8	6	115.62937540760907	0.2963542222141153	0.08298506199411852	0.08619692854671789	0.08598099076196689
2026-01-02	2	data/day5 after fix and stain for PAX8-647/2.czi	pax8	7	133.41851008570276	0.34724104623981705	0.1037221093157021	0.09329982366386716	0.11467951677692982
2026-01-02	2	data/day5 after fix and stain for PAX8-647/2.czi	pax8	8	151.20764476379648	0.4459411429226816	0.12193922192809455	0.09734869337029059	0.14198075066096585
2026-01-02	2	data/day5 after fix and stain for PAX8-647/2.czi	pax8	9	168.99677944189017	0.6002823670461951	0.13361355353230742	0.09820770294564023	0.16052918534909102
2026-01-02	2	data/day5 after fix and stain for PAX8-647/2.czi	pax8	10	186.7859141199839	0.762908615128457	0.13010398583100752	0.09199091807734645	0.1544262822526639
2026-01-02	2	data/day5 after fix and stain for PAX8-647/2.czi	pax8	11	204.57504879807757	0.7512640990179855	0.10030934054839746	0.07244993048020276	0.11056406241585844
2026-01-02	2	data/day5 after fix and stain for PAX8-647/2.czi	pax8	12	222.3641834761713	0.6456221368024775	0.05577960136063715	0.0431092016368424	0.05430034894180993
2026-01-02	2	data/day5 after fix and stain for PAX8-647/2.czi	pax8	13	240.15331815426498	0.42073450635669957	0.01827297107615429	0.016942237228702004	0.014691080754446716
2026-01-02	2	data/day5 after fix and stain for PAX8-647/2.czi	pax8	14	257.9424528323587	0.11281898606250926	0.002582896626305043	0.003246005553656963	0.0015589839836188434
2026-01-02	2	data/day5 after fix and stain for PAX8-647/2.czi	pax8	15	275.7315875104524		6.105131020508833e-06	0.00010787331919300265	7.974905782202676e-07
2026-01-02	2	data/day5 after fix and stain for PAX8-647/2.czi	pax8	16	293.5207221885461		0.0	0.0	0.0
2026-01-02	2	data/day5 after fix and stain for PAX8-647/2.czi	pax8	17	311.30985686663985		0.0	0.0	0.0
2026-01-02	2	data/day5 after fix and stain for PAX8-647/2.czi	pax8	18	329.0989915447335		0.0	0.0	0.0
2026-01-02	2	data/day5 after fix and stain for PAX8-647/2.czi	pax8	19	346.88812622282717		0.0	0.0	0.0
2026-01-02	2	data/day5 after fix and stain for PAX8-647/2.czi	pax8	20	364.67726090092094		0.0	0.0	0.0
2026-01-02	2	data/day5 after fix and stain for PAX8-647/2.czi	pax8	21	382.4663955790146		0.0	0.0	0.0
2026-01-02	2	data/day5 after fix and stain for PAX8-647/2.czi	pax8	22	400.25553025710826		0.0	0.0	0.0
2026-01-02	2	data/day5 after fix and stain for PAX8-647/2.czi	pax8	23	418.04466493520204		0.0	0.0	0.0
2026-01-02	3	data/day5 after fix and stain for PAX8-647/3.czi	foxf1	0	8.894567339046851				
2026-01-02	3	data/day5 after fix and stain for PAX8-647/3.czi	foxf1	1	26.683702017140554	0.0014176123637449532	0.07772467685332518	0.14168893916446249	0.09236385438594742
2026-01-02	3	data/day5 after fix and stain for PAX8-647/3.czi	foxf1	2	44.47283669523426	0.0009050695906114762	0.04360312856478554	0.13885980776524068	0.04442968597369173
2026-01-02	3	data/day5 after fix and stain for PAX8-647/3.czi	foxf1	3	62.26197137332796	6.375799016388947e-05	0.0030326448074924905	0.13136417925734659	0.006119863892124086
2026-01-02	3	data/day5 after fix and stain for PAX8-647/3.czi	foxf1	4	80.05110605142167	0.005069316813210479	0.2531397359606485	0.1281641278453739	0.20073723448786496
2026-01-02	3	data/day5 after fix and stain for PAX8-647/3.czi	foxf1	5	97.84024072951536	0.00938035234124423	0.5612801962312268	0.11686824129403492	0.5790927212681989
2026-01-02	3	data/day5 after fix and stain for PAX8-647/3.czi	foxf1	6	115.62937540760907	0.0013658004364391473	0.08188379389454348	0.08320958689189714	0.08946972620649707
2026-01-02	3	data/day5 after fix and stain for PAX8-647/3.czi	foxf1	7	133.41851008570276	5.27451877634916e-06	0.000169157021310594	0.05989320921909575	0.0010344693900619416
2026-01-02	3	data/day5 after fix and stain for PAX8-647/3.czi	foxf1	8	151.20764476379648	0.0	0.0	0.038390507895492976	3.8592664236593e-05
2026-01-02	3	data/day5 after fix and stain for PAX8-647/3.czi	foxf1	9	168.99677944189017	0.0	0.0	0.017564615876618596	0.00039516506916449006
2026-01-02	3	data/day5 after fix and stain for PAX8-647/3.czi	foxf1	10	186.7859141199839	0.0	0.0	0.013303733463638712	0.0003459551963201251
2026-01-02	3	data/day5 after fix and stain for PAX8-647/3.czi	foxf1	11	204.57504879807757	0.0	0.0	0.011050890905061454	9.576869454854558e-05
2026-01-02	3	data/day5 after fix and stain for PAX8-647/3.czi	foxf1	12	222.3641834761713	0.0	0.0	0.004585962075470953	7.764113312260839e-06
2026-01-02	3	data/day5 after fix and stain for PAX8-647/3.czi	foxf1	13	240.15331815426498		0.0	0.0007191263865080246	0.0
2026-01-02	3	data/day5 after fix and stain for PAX8-647/3.czi	foxf1	14	257.9424528323587		0.0	0.0	0.0
2026-01-02	3	data/day5 after fix and stain for PAX8-647/3.czi	foxf1	15	275.7315875104524		0.0	0.0	0.0
2026-01-02	3	data/day5 after fix and stain for PAX8-647/3.czi	foxf1	16	293.5207221885461		0.0	0.0	0.0
2026-01-02	3	data/day5 after fix and stain for PAX8-647/3.czi	foxf1	17	311.30985686663985		0.0	0.0	0.0
2026-01-02	3	data/day5 after fix and stain for PAX8-647/3.czi	foxf1	18	329.0989915447335		0.0	0.0	0.0
2026-01-02	3	data/day5 after fix and stain for PAX8-647/3.czi	foxf1	19	346.88812622282717		0.0	0.0	0.0
2026-01-02	3	data/day5 after fix and stain for PAX8-647/3.czi	foxf1	20	364.67726090092094		0.0	0.0	0.0
2026-01-02	3	data/day5 after fix and stain for PAX8-647/3.czi	foxf1	21	382.4663955790146		0.0	0.0	0.0
2026-01-02	3	data/day5 after fix and stain for PAX8-647/3.czi	foxf1	22	400.25553025710826		0.0	0.0	0.0
2026-01-02	3	data/day5 after fix and stain for PAX8-647/3.czi	foxf1	23	418.04466493520204		0.0	0.0	0.0
2026-01-02	3	data/day5 after fix and stain for PAX8-647/3.czi	mesp2	0	8.894567339046851				
2026-01-02	3	data/day5 after fix and stain for PAX8-647/3.czi	mesp2	1	26.683702017140554	0.4944533811450558	0.12430668747253887	0.12507969815049408	0.12382764931523353
2026-01-02	3	data/day5 after fix and stain for PAX8-647/3.czi	mesp2	2	44.47283669523426	0.5235243562670568	0.12966193294091455	0.12918209785165888	0.12874725588672048
2026-01-02	3	data/day5 after fix and stain for PAX8-647/3.czi	mesp2	3	62.26197137332796	0.5431781139777302	0.13317716139908367	0.13143002194467074	0.13256921482843778
2026-01-02	3	data/day5 after fix and stain for PAX8-647/3.czi	mesp2	4	80.05110605142167	0.5493412903483776	0.1283967816714971	0.12697296980892775	0.12584934759479677
2026-01-02	3	data/day5 after fix and stain for PAX8-647/3.czi	mesp2	5	97.84024072951536	0.4851246705429515	0.11240826932030229	0.1139336483140941	0.11187039744662067
2026-01-02	3	data/day5 after fix and stain for PAX8-647/3.czi	mesp2	6	115.62937540760907	0.39337873973218856	0.09680894173713542	0.09807916196754266	0.1015099240591444
2026-01-02	3	data/day5 after fix and stain for PAX8-647/3.czi	mesp2	7	133.41851008570276	0.3639721589658377	0.08240110205672552	0.08231501369812914	0.08643628683025312
2026-01-02	3	data/day5 after fix and stain for PAX8-647/3.czi	mesp2	8	151.20764476379648	0.38107179883348535	0.06019905758041207	0.059649444109652686	0.06055424903592902
2026-01-02	3	data/day5 after fix and stain for PAX8-647/3.czi	mesp2	9	168.99677944189017	0.2654109156508895	0.02698437902955868	0.026779823745491455	0.026269146377996266
2026-01-02	3	data/day5 after fix and stain for PAX8-647/3.czi	mesp2	10	186.7859141199839	0.15516655156499062	0.00577943329829496	0.006469718674013679	0.004783067719171695
2026-01-02	3	data/day5 after fix and stain for PAX8-647/3.czi	mesp2	11	204.57504879807757	0.031765991966169166	0.00044097545628350634	0.0006753665945611453	0.00018896485772909935
2026-01-02	3	data/day5 after fix and stain for PAX8-647/3.czi	mesp2	12	222.3641834761713	0.0	0.0	-0.00014083277346660567	0.0
2026-01-02	3	data/day5 after fix and stain for PAX8-647/3.czi	mesp2	13	240.15331815426498		0.0	-5.557666755847497e-05	0.0
2026-01-02	3	data/day5 after fix and stain for PAX8-647/3.czi	mesp2	14	257.9424528323587		0.0	0.0	0.0
2026-01-02	3	data/day5 after fix and stain for PAX8-647/3.czi	mesp2	15	275.7315875104524		0.0	0.0	0.0
2026-01-02	3	data/day5 after fix and stain for PAX8-647/3.czi	mesp2	16	293.5207221885461		0.0	0.0	0.0
2026-01-02	3	data/day5 after fix and stain for PAX8-647/3.czi	mesp2	17	311.30985686663985		0.0	0.0	0.0
2026-01-02	3	data/day5 after fix and stain for PAX8-647/3.czi	mesp2	18	329.0989915447335		0.0	0.0	0.0
2026-01-02	3	data/day5 after fix and stain for PAX8-647/3.czi	mesp2	19	346.88812622282717		0.0	0.0	0.0
2026-01-02	3	data/day5 after fix and stain for PAX8-647/3.czi	mesp2	20	364.67726090092094		0.0	0.0	0.0
2026-01-02	3	data/day5 after fix and stain for PAX8-647/3.czi	mesp2	21	382.4663955790146		0.0	0.0	0.0
2026-01-02	3	data/day5 after fix and stain for PAX8-647/3.czi	mesp2	22	400.25553025710826		0.0	0.0	0.0
2026-01-02	3	data/day5 after fix and stain for PAX8-647/3.czi	mesp2	23	418.04466493520204		0.0	0.0	0.0
2026-01-02	3	data/day5 after fix and stain for PAX8-647/3.czi	pax8	0	8.894567339046851				
2026-01-02	3	data/day5 after fix and stain for PAX8-647/3.czi	pax8	1	26.683702017140554	0.0014820062595339366	0.0023421837649422192	0.1146921614606875	0.0005604989494611101
2026-01-02	3	data/day5 after fix and stain for PAX8-647/3.czi	pax8	2	44.47283669523426	0.016796479810950237	0.027535623294094855	0.1159387709808095	0.009904745761939067
2026-01-02	3	data/day5 after fix and stain for PAX8-647/3.czi	pax8	3	62.26197137332796	0.050338687813082955	0.09619016370944239	0.1199994420290102	0.07848072813859182
2026-01-02	3	data/day5 after fix and stain for PAX8-647/3.czi	pax8	4	80.05110605142167	0.08542909448678293	0.15825747136707755	0.12237736347282818	0.12538899423128166
2026-01-02	3	data/day5 after fix and stain for PAX8-647/3.czi	pax8	5	97.84024072951536	0.09049515904981474	0.16551224146221966	0.11773033918851476	0.1386303829155415
2026-01-02	3	data/day5 after fix and stain for PAX8-647/3.czi	pax8	6	115.62937540760907	0.06730261328715861	0.1339712079079421	0.10388426454998995	0.1501649117915948
2026-01-02	3	data/day5 after fix and stain for PAX8-647/3.czi	pax8	7	133.41851008570276	0.03675976868592153	0.06721509366901982	0.08063523370186777	0.0740901976838144
2026-01-02	3	data/day5 after fix and stain for PAX8-647/3.czi	pax8	8	151.20764476379648	0.046449367080442144	0.0569440518652367	0.05478341101469096	0.05072836582410427
2026-01-02	3	data/day5 after fix and stain for PAX8-647/3.czi	pax8	9	168.99677944189017	0.109792449161239	0.10032645821880735	0.036471041053860925	0.13007466470636778
2026-01-02	3	data/day5 after fix and stain for PAX8-647/3.czi	pax8	10	186.7859141199839	0.3366244580816403	0.11171348501507976	0.022134607080710265	0.15641947362126146
2026-01-02	3	data/day5 after fix and stain for PAX8-647/3.czi	pax8	11	204.57504879807757	0.6012911540781916	0.0776377448734943	0.01311844481445941	0.08670953475987797
2026-01-02	3	data/day5 after fix and stain for PAX8-647/3.czi	pax8	12	222.3641834761713	0.2793027337032664	0.02159093835620552	0.005268433910632418	0.01883413954698257
2026-01-02	3	data/day5 after fix and stain for PAX8-647/3.czi	pax8	13	240.15331815426498		0.0015917686996690392	0.0008897210606816151	0.0008053071072137716
2026-01-02	3	data/day5 after fix and stain for PAX8-647/3.czi	pax8	14	257.9424528323587		0.0	0.0	0.0
2026-01-02	3	data/day5 after fix and stain for PAX8-647/3.czi	pax8	15	275.7315875104524		0.0	0.0	0.0
2026-01-02	3	data/day5 after fix and stain for PAX8-647/3.czi	pax8	16	293.5207221885461		0.0	0.0	0.0
2026-01-02	3	data/day5 after fix and stain for PAX8-647/3.czi	pax8	17	311.30985686663985		0.0	0.0	0.0
2026-01-02	3	data/day5 after fix and stain for PAX8-647/3.czi	pax8	18	329.0989915447335		0.0	0.0	0.0
2026-01-02	3	data/day5 after fix and stain for PAX8-647/3.czi	pax8	19	346.88812622282717		0.0	0.0	0.0
2026-01-02	3	data/day5 after fix and stain for PAX8-647/3.czi	pax8	20	364.67726090092094		0.0	0.0	0.0
2026-01-02	3	data/day5 after fix and stain for PAX8-647/3.czi	pax8	21	382.4663955790146		0.0	0.0	0.0
2026-01-02	3	data/day5 after fix and stain for PAX8-647/3.czi	pax8	22	400.25553025710826		0.0	0.0	0.0
2026-01-02	3	data/day5 after fix and stain for PAX8-647/3.czi	pax8	23	418.04466493520204		0.0	0.0	0.0
2026-01-02	4	data/day5 after fix and stain for PAX8-647/4.czi	foxf1	0	8.894567339046851				
2026-01-02	4	data/day5 after fix and stain for PAX8-647/4.czi	foxf1	1	26.683702017140554	0.22495979904468252	0.09015520668383012	0.11321653107099847	0.0497770872126255
2026-01-02	4	data/day5 after fix and stain for PAX8-647/4.czi	foxf1	2	44.47283669523426	0.22724005066817468	0.10382634150054768	0.11864092252122825	0.09207450962079
2026-01-02	4	data/day5 after fix and stain for PAX8-647/4.czi	foxf1	3	62.26197137332796	0.23129978053777603	0.11320687827775519	0.11712638356741116	0.12115719683773256
2026-01-02	4	data/day5 after fix and stain for PAX8-647/4.czi	foxf1	4	80.05110605142167	0.23227616386864539	0.11090219797198742	0.10856065608084467	0.11857451945282127
2026-01-02	4	data/day5 after fix and stain for PAX8-647/4.czi	foxf1	5	97.84024072951536	0.22372129066577767	0.10106643324536259	0.09694742227316597	0.10167661642946405
2026-01-02	4	data/day5 after fix and stain for PAX8-647/4.czi	foxf1	6	115.62937540760907	0.2147284725105706	0.08922060774487613	0.08338874240838523	0.08897923316355683
2026-01-02	4	data/day5 after fix and stain for PAX8-647/4.czi	foxf1	7	133.41851008570276	0.21408947765728517	0.0779006494961791	0.07036575826471841	0.07995751847015768
2026-01-02	4	data/day5 after fix and stain for PAX8-647/4.czi	foxf1	8	151.20764476379648	0.2022292455805521	0.06069214768444624	0.0558683629692467	0.06706604534935279
2026-01-02	4	data/day5 after fix and stain for PAX8-647/4.czi	foxf1	9	168.99677944189017	0.22207373607715078	0.05516502775447833	0.04457927525703306	0.07181121340328799
2026-01-02	4	data/day5 after fix and stain for PAX8-647/4.czi	foxf1	10	186.7859141199839	0.2619554299891761	0.05209269277957997	0.03809907970131124	0.07606989602323593
2026-01-02	4	data/day5 after fix and stain for PAX8-647/4.czi	foxf1	11	204.57504879807757	0.27232494217112446	0.04575995160800717	0.03267644274083732	0.07008842496275898
2026-01-02	4	data/day5 after fix and stain for PAX8-647/4.czi	foxf1	12	222.3641834761713	0.26280598908528563	0.03174377523452636	0.0232215644358471	0.044199319694918776
2026-01-02	4	data/day5 after fix and stain for PAX8-647/4.czi	foxf1	13	240.15331815426498	0.14517299847837636	0.009927049319839475	0.008944604241098076	0.011296162930037774
2026-01-02	4	data/day5 after fix and stain for PAX8-647/4.czi	foxf1	14	257.9424528323587	0.03035541204580279	0.0009295319920438585	0.0013639905488203492	0.00051304139563224
2026-01-02	4	data/day5 after fix and stain for PAX8-647/4.czi	foxf1	15	275.7315875104524		0.0	5.179105320140334e-06	0.0
2026-01-02	4	data/day5 after fix and stain for PAX8-647/4.czi	foxf1	16	293.5207221885461		0.0	0.0	0.0
2026-01-02	4	data/day5 after fix and stain for PAX8-647/4.czi	foxf1	17	311.30985686663985		0.0	0.0	0.0
2026-01-02	4	data/day5 after fix and stain for PAX8-647/4.czi	foxf1	18	329.0989915447335		0.0	0.0	0.0
2026-01-02	4	data/day5 after fix and stain for PAX8-647/4.czi	foxf1	19	346.88812622282717		0.0	0.0	0.0
2026-01-02	4	data/day5 after fix and stain for PAX8-647/4.czi	foxf1	20	364.67726090092094		0.0	0.0	0.0
2026-01-02	4	data/day5 after fix and stain for PAX8-647/4.czi	foxf1	21	382.4663955790146		0.0	0.0	0.0
2026-01-02	4	data/day5 after fix and stain for PAX8-647/4.czi	foxf1	22	400.25553025710826		0.0	0.0	0.0
2026-01-02	4	data/day5 after fix and stain for PAX8-647/4.czi	foxf1	23	418.04466493520204		0.0	0.0	0.0
2026-01-02	4	data/day5 after fix and stain for PAX8-647/4.czi	mesp2	0	8.894567339046851				
2026-01-02	4	data/day5 after fix and stain for PAX8-647/4.czi	mesp2	1	26.683702017140554	0.6271711083368001	0.15392947790440933	0.1501259790813721	0.16449131946365422
2026-01-02	4	data/day5 after fix and stain for PAX8-647/4.czi	mesp2	2	44.47283669523426	0.630929059808571	0.15035391501909756	0.1463771772371027	0.15968252170183256
2026-01-02	4	data/day5 after fix and stain for PAX8-647/4.czi	mesp2	3	62.26197137332796	0.6344382871213643	0.13830729450032864	0.134315690124315	0.14259837350755905
2026-01-02	4	data/day5 after fix and stain for PAX8-647/4.czi	mesp2	4	80.05110605142167	0.6359333255802491	0.12705740090494302	0.12335653306736621	0.12746609991356003
2026-01-02	4	data/day5 after fix and stain for PAX8-647/4.czi	mesp2	5	97.84024072951536	0.6330120599392044	0.11276226987513238	0.1096673584291391	0.10868436508463997
2026-01-02	4	data/day5 after fix and stain for PAX8-647/4.czi	mesp2	6	115.62937540760907	0.5801783654417156	0.08444656467384253	0.08489859851175074	0.07585575434492359
2026-01-02	4	data/day5 after fix and stain for PAX8-647/4.czi	mesp2	7	133.41851008570276	0.511978419180282	0.057095464978767455	0.060403065595155785	0.046371969528020765
2026-01-02	4	data/day5 after fix and stain for PAX8-647/4.czi	mesp2	8	151.20764476379648	0.37956269712356894	0.029094357478946165	0.035154650041066764	0.02059597937473196
2026-01-02	4	data/day5 after fix and stain for PAX8-647/4.czi	mesp2	9	168.99677944189017	0.18857577463402733	0.009612559047233208	0.015603338670725024	0.00547621533633846
2026-01-02	4	data/day5 after fix and stain for PAX8-647/4.czi	mesp2	10	186.7859141199839	0.04056897785953538	0.0015133649967511527	0.004968506210900083	0.0006660138415913505
2026-01-02	4	data/day5 after fix and stain for PAX8-647/4.czi	mesp2	11	204.57504879807757	0.0025201727106911667	5.729090044804286e-05	0.0017229912774096323	1.1633049493551505e-05
2026-01-02	4	data/day5 after fix and stain for PAX8-647/4.czi	mesp2	12	222.3641834761713	0.0	0.0	0.0008198076895601133	0.0
2026-01-02	4	data/day5 after fix and stain for PAX8-647/4.czi	mesp2	13	240.15331815426498	0.0	0.0	0.00032130758444103745	0.0
2026-01-02	4	data/day5 after fix and stain for PAX8-647/4.czi	mesp2	14	257.9424528323587	0.0	0.0	6.374052002038934e-05	0.0
2026-01-02	4	data/day5 after fix and stain for PAX8-647/4.czi	mesp2	15	275.7315875104524		0.0	2.3454072389667753e-06	0.0
2026-01-02	4	data/day5 after fix and stain for PAX8-647/4.czi	mesp2	16	293.5207221885461		0.0	0.0	0.0
2026-01-02	4	data/day5 after fix and stain for PAX8-647/4.czi	mesp2	17	311.30985686663985		0.0	0.0	0.0
2026-01-02	4	data/day5 after fix and stain for PAX8-647/4.czi	mesp2	18	329.0989915447335		0.0	0.0	0.0
2026-01-02	4	data/day5 after fix and stain for PAX8-647/4.czi	mesp2	19	346.88812622282717		0.0	0.0	0.0
2026-01-02	4	data/day5 after fix and stain for PAX8-647/4.czi	mesp2	20	364.67726090092094		0.0	0.0	0.0
2026-01-02	4	data/day5 after fix and stain for PAX8-647/4.czi	mesp2	21	382.4663955790146		0.0	0.0	0.0
2026-01-02	4	data/day5 after fix and stain for PAX8-647/4.czi	mesp2	22	400.25553025710826		0.0	0.0	0.0
2026-01-02	4	data/day5 after fix and stain for PAX8-647/4.czi	mesp2	23	418.04466493520204		0.0	0.0	0.0
2026-01-02	4	data/day5 after fix and stain for PAX8-647/4.czi	pax8	0	8.894567339046851				
2026-01-02	4	data/day5 after fix and stain for PAX8-647/4.czi	pax8	1	26.683702017140554	0.43622751432476825	0.13007823405444263	0.12291631141001498	0.12755221889804014
2026-01-02	4	data/day5 after fix and stain for PAX8-647/4.czi	pax8	2	44.47283669523426	0.4375416456598006	0.12953518530614685	0.121861443489342	0.12771476599431164
2026-01-02	4	data/day5 after fix and stain for PAX8-647/4.czi	pax8	3	62.26197137332796	0.4117482399169142	0.1246834614164975	0.120015397864523	0.12728228590322938
2026-01-02	4	data/day5 after fix and stain for PAX8-647/4.czi	pax8	4	80.05110605142167	0.3918698226635241	0.11991613128320784	0.11674445738118007	0.1260610763688169
2026-01-02	4	data/day5 after fix and stain for PAX8-647/4.czi	pax8	5	97.84024072951536	0.3552735225626152	0.10979303644102613	0.10949029568472862	0.11907050545261579
2026-01-02	4	data/day5 after fix and stain for PAX8-647/4.czi	pax8	6	115.62937540760907	0.3348735230615487	0.09442839754200512	0.09567048890894997	0.10183278811279245
2026-01-02	4	data/day5 after fix and stain for PAX8-647/4.czi	pax8	7	133.41851008570276	0.3269929496368879	0.07603737308399292	0.07770393522182599	0.07909466611325504
2026-01-02	4	data/day5 after fix and stain for PAX8-647/4.czi	pax8	8	151.20764476379648	0.32040577542725523	0.053121299884081874	0.05591145623525593	0.05061432455932907
2026-01-02	4	data/day5 after fix and stain for PAX8-647/4.czi	pax8	9	168.99677944189017	0.28258194083975946	0.03029624469132691	0.03459566923168664	0.024141374998617966
2026-01-02	4	data/day5 after fix and stain for PAX8-647/4.czi	pax8	10	186.7859141199839	0.2489174254010905	0.016673801846080076	0.02069534914823202	0.010148923059115293
2026-01-02	4	data/day5 after fix and stain for PAX8-647/4.czi	pax8	11	204.57504879807757	0.15365858288936185	0.0072059787177189165	0.013199132874954092	0.0028852680142963947
2026-01-02	4	data/day5 after fix and stain for PAX8-647/4.czi	pax8	12	222.3641834761713	0.03325581217822021	0.001320769843687551	0.007569161998499498	0.0003599485308909789
2026-01-02	4	data/day5 after fix and stain for PAX8-647/4.czi	pax8	13	240.15331815426498	0.0001865877930119249	5.00935260479979e-06	0.002802150280665234	1.1334599510743457e-06
2026-01-02	4	data/day5 after fix and stain for PAX8-647/4.czi	pax8	14	257.9424528323587	0.0	0.0	0.00046706270886273877	0.0
2026-01-02	4	data/day5 after fix and stain for PAX8-647/4.czi	pax8	15	275.7315875104524		0.0	5.850409311654806e-06	0.0
2026-01-02	4	data/day5 after fix and stain for PAX8-647/4.czi	pax8	16	293.5207221885461		0.0	0.0	0.0
2026-01-02	4	data/day5 after fix and stain for PAX8-647/4.czi	pax8	17	311.30985686663985		0.0	0.0	0.0
2026-01-02	4	data/day5 after fix and stain for PAX8-647/4.czi	pax8	18	329.0989915447335		0.0	0.0	0.0
2026-01-02	4	data/day5 after fix and stain for PAX8-647/4.czi	pax8	19	346.88812622282717		0.0	0.0	0.0
2026-01-02	4	data/day5 after fix and stain for PAX8-647/4.czi	pax8	20	364.67726090092094		0.0	0.0	0.0
2026-01-02	4	data/day5 after fix and stain for PAX8-647/4.czi	pax8	21	382.4663955790146		0.0	0.0	0.0
2026-01-02	4	data/day5 after fix and stain for PAX8-647/4.czi	pax8	22	400.25553025710826		0.0	0.0	0.0
2026-01-02	4	data/day5 after fix and stain for PAX8-647/4.czi	pax8	23	418.04466493520204		0.0	0.0	0.0
2026-01-02	5	data/day5 after fix and stain for PAX8-647/5.czi	foxf1	0	8.894567339046851				
2026-01-02	5	data/day5 after fix and stain for PAX8-647/5.czi	foxf1	1	26.683702017140554	0.20325729227605677	0.1127951798215502	0.123430875795389	0.10437152115984975
2026-01-02	5	data/day5 after fix and stain for PAX8-647/5.czi	foxf1	2	44.47283669523426	0.21747578968778855	0.11759376941295016	0.12426096492833981	0.10647491591971985
2026-01-02	5	data/day5 after fix and stain for PAX8-647/5.czi	foxf1	3	62.26197137332796	0.21926543383171165	0.1189528436758615	0.12258072043541349	0.11133163773815719
2026-01-02	5	data/day5 after fix and stain for PAX8-647/5.czi	foxf1	4	80.05110605142167	0.22672752163785012	0.12503742929594383	0.12178489304496536	0.12299516660462509
2026-01-02	5	data/day5 after fix and stain for PAX8-647/5.czi	foxf1	5	97.84024072951536	0.24147986384521727	0.13620548403345506	0.12308635157733368	0.1424637664689276
2026-01-02	5	data/day5 after fix and stain for PAX8-647/5.czi	foxf1	6	115.62937540760907	0.22578851880020132	0.130863443529964	0.11735430481762381	0.14838392819012702
2026-01-02	5	data/day5 after fix and stain for PAX8-647/5.czi	foxf1	7	133.41851008570276	0.18893104620314186	0.10619118871627088	0.09764763253478981	0.12441515426256732
2026-01-02	5	data/day5 after fix and stain for PAX8-647/5.czi	foxf1	8	151.20764476379648	0.1178264354736584	0.052942441928533326	0.0548219345884556	0.051514378900499744
2026-01-02	5	data/day5 after fix and stain for PAX8-647/5.czi	foxf1	9	168.99677944189017	0.033767330104937945	0.010178128385735417	0.01291446758789832	0.007658075180525754
2026-01-02	5	data/day5 after fix and stain for PAX8-647/5.czi	foxf1	10	186.7859141199839	0.0036018442129868294	0.0004858578279006607	0.000558860123634544	0.00010197591885359404
2026-01-02	5	data/day5 after fix and stain for PAX8-647/5.czi	foxf1	11	204.57504879807757		0.0	-0.0001414244964413993	0.0
2026-01-02	5	data/day5 after fix and stain for PAX8-647/5.czi	foxf1	12	222.3641834761713		0.0	0.0	0.0
2026-01-02	5	data/day5 after fix and stain for PAX8-647/5.czi	foxf1	13	240.15331815426498		0.0	0.0	0.0
2026-01-02	5	data/day5 after fix and stain for PAX8-647/5.czi	foxf1	14	257.9424528323587		0.0	0.0	0.0
2026-01-02	5	data/day5 after fix and stain for PAX8-647/5.czi	foxf1	15	275.7315875104524		0.0	0.0	0.0
2026-01-02	5	data/day5 after fix and stain for PAX8-647/5.czi	foxf1	16	293.5207221885461		0.0	0.0	0.0
2026-01-02	5	data/day5 after fix and stain for PAX8-647/5.czi	foxf1	17	311.30985686663985		0.0	0.0	0.0
2026-01-02	5	data/day5 after fix and stain for PAX8-647/5.czi	foxf1	18	329.0989915447335		0.0	0.0	0.0
2026-01-02	5	data/day5 after fix and stain for PAX8-647/5.czi	foxf1	19	346.88812622282717		0.0	0.0	0.0
2026-01-02	5	data/day5 after fix and stain for PAX8-647/5.czi	foxf1	20	364.67726090092094		0.0	0.0	0.0
2026-01-02	5	data/day5 after fix and stain for PAX8-647/5.czi	foxf1	21	382.4663955790146		0.0	0.0	0.0
2026-01-02	5	data/day5 after fix and stain for PAX8-647/5.czi	foxf1	22	400.25553025710826		0.0	0.0	0.0
2026-01-02	5	data/day5 after fix and stain for PAX8-647/5.czi	foxf1	23	418.04466493520204		0.0	0.0	0.0
2026-01-02	5	data/day5 after fix and stain for PAX8-647/5.czi	mesp2	0	8.894567339046851				
2026-01-02	5	data/day5 after fix and stain for PAX8-647/5.czi	mesp2	1	26.683702017140554	0.3303512486483961	0.15770738920684632	0.1489480540504759	0.18053659181793577
2026-01-02	5	data/day5 after fix and stain for PAX8-647/5.czi	mesp2	2	44.47283669523426	0.3421192179388115	0.15864093828742135	0.1503596188454982	0.17932809961659818
2026-01-02	5	data/day5 after fix and stain for PAX8-647/5.czi	mesp2	3	62.26197137332796	0.3543529723645065	0.14785089303690965	0.14103600218167084	0.15687359924831504
2026-01-02	5	data/day5 after fix and stain for PAX8-647/5.czi	mesp2	4	80.05110605142167	0.3537403190692976	0.12690499245992964	0.12355130823970609	0.12073505509667018
2026-01-02	5	data/day5 after fix and stain for PAX8-647/5.czi	mesp2	5	97.84024072951536	0.3300487033879012	0.10031735257219374	0.1032038449696793	0.08267739752827125
2026-01-02	5	data/day5 after fix and stain for PAX8-647/5.czi	mesp2	6	115.62937540760907	0.3057857524955448	0.08185545101060021	0.08981879857137219	0.06153451758039974
2026-01-02	5	data/day5 after fix and stain for PAX8-647/5.czi	mesp2	7	133.41851008570276	0.2539579720652146	0.061553512776466396	0.07206915139975445	0.04412581244066116
2026-01-02	5	data/day5 after fix and stain for PAX8-647/5.czi	mesp2	8	151.20764476379648	0.1327429052283186	0.025321236521910706	0.037731599336548245	0.013389106002042971
2026-01-02	5	data/day5 after fix and stain for PAX8-647/5.czi	mesp2	9	168.99677944189017	0.022760369212639978	0.0036993456880566617	0.006760472990777675	0.0014760939361510433
2026-01-02	5	data/day5 after fix and stain for PAX8-647/5.czi	mesp2	10	186.7859141199839	0.00034589735657074164	2.447415286015007e-05	-0.0003403566433693617	5.054489692421954e-06
2026-01-02	5	data/day5 after fix and stain for PAX8-647/5.czi	mesp2	11	204.57504879807757		0.0	-0.0001569626634230608	0.0
2026-01-02	5	data/day5 after fix and stain for PAX8-647/5.czi	mesp2	12	222.3641834761713		0.0	0.0	0.0
2026-01-02	5	data/day5 after fix and stain for PAX8-647/5.czi	mesp2	13	240.15331815426498		0.0	0.0	0.0
2026-01-02	5	data/day5 after fix and stain for PAX8-647/5.czi	mesp2	14	257.9424528323587		0.0	0.0	0.0
2026-01-02	5	data/day5 after fix and stain for PAX8-647/5.czi	mesp2	15	275.7315875104524		0.0	0.0	0.0
2026-01-02	5	data/day5 after fix and stain for PAX8-647/5.czi	mesp2	16	293.5207221885461		0.0	0.0	0.0
2026-01-02	5	data/day5 after fix and stain for PAX8-647/5.czi	mesp2	17	311.30985686663985		0.0	0.0	0.0
2026-01-02	5	data/day5 after fix and stain for PAX8-647/5.czi	mesp2	18	329.0989915447335		0.0	0.0	0.0
2026-01-02	5	data/day5 after fix and stain for PAX8-647/5.czi	mesp2	19	346.88812622282717		0.0	0.0	0.0
2026-01-02	5	data/day5 after fix and stain for PAX8-647/5.czi	mesp2	20	364.67726090092094		0.0	0.0	0.0
2026-01-02	5	data/day5 after fix and stain for PAX8-647/5.czi	mesp2	21	382.4663955790146		0.0	0.0	0.0
2026-01-02	5	data/day5 after fix and stain for PAX8-647/5.czi	mesp2	22	400.25553025710826		0.0	0.0	0.0
2026-01-02	5	data/day5 after fix and stain for PAX8-647/5.czi	mesp2	23	418.04466493520204		0.0	0.0	0.0
2026-01-02	5	data/day5 after fix and stain for PAX8-647/5.czi	pax8	0	8.894567339046851				
2026-01-02	5	data/day5 after fix and stain for PAX8-647/5.czi	pax8	1	26.683702017140554	0.08320244469250859	0.06849298084228563	0.1155559516639433	0.02284856451816432
2026-01-02	5	data/day5 after fix and stain for PAX8-647/5.czi	pax8	2	44.47283669523426	0.11730529777989862	0.09989384740182429	0.11848650273352014	0.053057011114788
2026-01-02	5	data/day5 after fix and stain for PAX8-647/5.czi	pax8	3	62.26197137332796	0.15207208232341904	0.13328381931139466	0.12024071328142492	0.09611249029601013
2026-01-02	5	data/day5 after fix and stain for PAX8-647/5.czi	pax8	4	80.05110605142167	0.1713257658876901	0.15697859122996774	0.12141614946634288	0.15617758262978212
2026-01-02	5	data/day5 after fix and stain for PAX8-647/5.czi	pax8	5	97.84024072951536	0.1740012338302904	0.16568808937711882	0.12071205320815105	0.2115801644292517
2026-01-02	5	data/day5 after fix and stain for PAX8-647/5.czi	pax8	6	115.62937540760907	0.17699494149667835	0.1687292121811155	0.11640567970716109	0.24831920849315267
2026-01-02	5	data/day5 after fix and stain for PAX8-647/5.czi	pax8	7	133.41851008570276	0.15158236636770367	0.13006630842094846	0.09945314298049643	0.17180295435195317
2026-01-02	5	data/day5 after fix and stain for PAX8-647/5.czi	pax8	8	151.20764476379648	0.05261392055750898	0.039965579820349414	0.06672844480396883	0.041615278542102827
2026-01-02	5	data/day5 after fix and stain for PAX8-647/5.czi	pax8	9	168.99677944189017	0.006553756846562453	0.004426919241722248	0.025440235205362254	0.003344251326134544
2026-01-02	5	data/day5 after fix and stain for PAX8-647/5.czi	pax8	10	186.7859141199839	4.1357292633453226e-05	1.2757132387257928e-05	0.004324798258876109	3.1622272327895386e-06
2026-01-02	5	data/day5 after fix and stain for PAX8-647/5.czi	pax8	11	204.57504879807757		0.0	0.00019728232196955455	0.0
2026-01-02	5	data/day5 after fix and stain for PAX8-647/5.czi	pax8	12	222.3641834761713		0.0	0.0	0.0
2026-01-02	5	data/day5 after fix and stain for PAX8-647/5.czi	pax8	13	240.15331815426498		0.0	0.0	0.0
2026-01-02	5	data/day5 after fix and stain for PAX8-647/5.czi	pax8	14	257.9424528323587		0.0	0.0	0.0
2026-01-02	5	data/day5 after fix and stain for PAX8-647/5.czi	pax8	15	275.7315875104524		0.0	0.0	0.0
2026-01-02	5	data/day5 after fix and stain for PAX8-647/5.czi	pax8	16	293.5207221885461		0.0	0.0	0.0
2026-01-02	5	data/day5 after fix and stain for PAX8-647/5.czi	pax8	17	311.30985686663985		0.0	0.0	0.0
2026-01-02	5	data/day5 after fix and stain for PAX8-647/5.czi	pax8	18	329.0989915447335		0.0	0.0	0.0
2026-01-02	5	data/day5 after fix and stain for PAX8-647/5.czi	pax8	19	346.88812622282717		0.0	0.0	0.0
2026-01-02	5	data/day5 after fix and stain for PAX8-647/5.czi	pax8	20	364.67726090092094		0.0	0.0	0.0
2026-01-02	5	data/day5 after fix and stain for PAX8-647/5.czi	pax8	21	382.4663955790146		0.0	0.0	0.0
2026-01-02	5	data/day5 after fix and stain for PAX8-647/5.czi	pax8	22	400.25553025710826		0.0	0.0	0.0
2026-01-02	5	data/day5 after fix and stain for PAX8-647/5.czi	pax8	23	418.04466493520204		0.0	0.0	0.0
2026-01-02	6	data/day5 after fix and stain for PAX8-647/6.czi	foxf1	0	8.894567339046851				
2026-01-02	6	data/day5 after fix and stain for PAX8-647/6.czi	foxf1	1	26.683702017140554	0.43535778928396063	0.1073813864516236	0.10947349128230653	0.11392138545783094
2026-01-02	6	data/day5 after fix and stain for PAX8-647/6.czi	foxf1	2	44.47283669523426	0.46962585755546105	0.10881699482995953	0.10941165026342344	0.11241959838993867
2026-01-02	6	data/day5 after fix and stain for PAX8-647/6.czi	foxf1	3	62.26197137332796	0.4801111026253509	0.10641678968153753	0.10653224849592079	0.10782062079255537
2026-01-02	6	data/day5 after fix and stain for PAX8-647/6.czi	foxf1	4	80.05110605142167	0.4707694889530887	0.10196174007180361	0.10174311026662514	0.10277289215954874
2026-01-02	6	data/day5 after fix and stain for PAX8-647/6.czi	foxf1	5	97.84024072951536	0.49609350570022354	0.09513403664597189	0.09353808416999321	0.09317554809854302
2026-01-02	6	data/day5 after fix and stain for PAX8-647/6.czi	foxf1	6	115.62937540760907	0.6123923819206464	0.08850829066851083	0.08621271422988032	0.08491249198542085
2026-01-02	6	data/day5 after fix and stain for PAX8-647/6.czi	foxf1	7	133.41851008570276	0.6395342036816359	0.08094282931118414	0.07932626463796794	0.07959698121363915
2026-01-02	6	data/day5 after fix and stain for PAX8-647/6.czi	foxf1	8	151.20764476379648	0.6146472403564442	0.06872180239989831	0.06806827705572419	0.06899313678421665
2026-01-02	6	data/day5 after fix and stain for PAX8-647/6.czi	foxf1	9	168.99677944189017	0.6031117213235494	0.05585270998925591	0.05531431022369025	0.05653950976001096
2026-01-02	6	data/day5 after fix and stain for PAX8-647/6.czi	foxf1	10	186.7859141199839	0.6579003218691695	0.04281366172626667	0.042734517896122995	0.04157093949010079
2026-01-02	6	data/day5 after fix and stain for PAX8-647/6.czi	foxf1	11	204.57504879807757	0.647283829445542	0.028320125045521477	0.028825162710654696	0.024315215084647443
2026-01-02	6	data/day5 after fix and stain for PAX8-647/6.czi	foxf1	12	222.3641834761713	0.5429612289269913	0.016482338016484833	0.017536385985385535	0.012696252083701391
2026-01-02	6	data/day5 after fix and stain for PAX8-647/6.czi	foxf1	13	240.15331815426498	0.550643293364689	0.009771614784425946	0.00997529092004923	0.006741784959565949
2026-01-02	6	data/day5 after fix and stain for PAX8-647/6.czi	foxf1	14	257.9424528323587	0.6248855524360464	0.003714900546036075	0.0038574247539340063	0.0020801161017055514
2026-01-02	6	data/day5 after fix and stain for PAX8-647/6.czi	foxf1	15	275.7315875104524		0.0005623041070608123	0.0006541237541922316	0.00020565526886671476
2026-01-02	6	data/day5 after fix and stain for PAX8-647/6.czi	foxf1	16	293.5207221885461		0.0	0.0	0.0
2026-01-02	6	data/day5 after fix and stain for PAX8-647/6.czi	foxf1	17	311.30985686663985		0.0	0.0	0.0
2026-01-02	6	data/day5 after fix and stain for PAX8-647/6.czi	foxf1	18	329.0989915447335		0.0	0.0	0.0
2026-01-02	6	data/day5 after fix and stain for PAX8-647/6.czi	foxf1	19	346.88812622282717		0.0	0.0	0.0
2026-01-02	6	data/day5 after fix and stain for PAX8-647/6.czi	foxf1	20	364.67726090092094		0.0	0.0	0.0
2026-01-02	6	data/day5 after fix and stain for PAX8-647/6.czi	foxf1	21	382.4663955790146		0.0	0.0	0.0
2026-01-02	6	data/day5 after fix and stain for PAX8-647/6.czi	foxf1	22	400.25553025710826		0.0	0.0	0.0
2026-01-02	6	data/day5 after fix and stain for PAX8-647/6.czi	foxf1	23	418.04466493520204		0.0	0.0	0.0
2026-01-02	6	data/day5 after fix and stain for PAX8-647/6.czi	mesp2	0	8.894567339046851				
2026-01-02	6	data/day5 after fix and stain for PAX8-647/6.czi	mesp2	1	26.683702017140554	0.17407240914711125	0.08573946592862162	0.08786345015415824	0.07587616865904431
2026-01-02	6	data/day5 after fix and stain for PAX8-647/6.czi	mesp2	2	44.47283669523426	0.1485853267278562	0.1005536433081573	0.10618780795234962	0.11661472459302719
2026-01-02	6	data/day5 after fix and stain for PAX8-647/6.czi	mesp2	3	62.26197137332796	0.16712573879091946	0.11484053900902291	0.11754888497228412	0.13517730030621614
2026-01-02	6	data/day5 after fix and stain for PAX8-647/6.czi	mesp2	4	80.05110605142167	0.22142095878328422	0.13708792902099046	0.13200575649967153	0.15200233840860175
2026-01-02	6	data/day5 after fix and stain for PAX8-647/6.czi	mesp2	5	97.84024072951536	0.28971230996869207	0.14959019622807004	0.13797108246469247	0.15199886737786264
2026-01-02	6	data/day5 after fix and stain for PAX8-647/6.czi	mesp2	6	115.62937540760907	0.3677815964106143	0.14598461194555848	0.13345689129833097	0.14520114712121904
2026-01-02	6	data/day5 after fix and stain for PAX8-647/6.czi	mesp2	7	133.41851008570276	0.3636902868526118	0.11893638977286938	0.11124754909479996	0.11530539087045219
2026-01-02	6	data/day5 after fix and stain for PAX8-647/6.czi	mesp2	8	151.20764476379648	0.2798903248145299	0.07075310007082478	0.07361877932857276	0.06166366205409923
2026-01-02	6	data/day5 after fix and stain for PAX8-647/6.czi	mesp2	9	168.99677944189017	0.10638905492272357	0.018948522495227937	0.030247864777140976	0.012525140056829503
2026-01-02	6	data/day5 after fix and stain for PAX8-647/6.czi	mesp2	10	186.7859141199839	0.018199440825452995	0.002099869463781657	0.009497288357358276	0.0006915519032624174
2026-01-02	6	data/day5 after fix and stain for PAX8-647/6.czi	mesp2	11	204.57504879807757	0.0013947056358310957	9.899724123745596e-05	0.0031795839928169035	1.7379413486354623e-05
2026-01-02	6	data/day5 after fix and stain for PAX8-647/6.czi	mesp2	12	222.3641834761713	0.00012571203295463532	7.857515256750325e-06	0.0008456638938027371	1.429736595744347e-06
2026-01-02	6	data/day5 after fix and stain for PAX8-647/6.czi	mesp2	13	240.15331815426498	0.0	0.0	0.0002614439266379875	0.0
2026-01-02	6	data/day5 after fix and stain for PAX8-647/6.czi	mesp2	14	257.9424528323587	0.0	0.0	0.00046821432864751285	0.0
2026-01-02	6	data/day5 after fix and stain for PAX8-647/6.czi	mesp2	15	275.7315875104524		0.0	0.00018532487587346274	0.0
2026-01-02	6	data/day5 after fix and stain for PAX8-647/6.czi	mesp2	16	293.5207221885461		0.0	0.0	0.0
2026-01-02	6	data/day5 after fix and stain for PAX8-647/6.czi	mesp2	17	311.30985686663985		0.0	0.0	0.0
2026-01-02	6	data/day5 after fix and stain for PAX8-647/6.czi	mesp2	18	329.0989915447335		0.0	0.0	0.0
2026-01-02	6	data/day5 after fix and stain for PAX8-647/6.czi	mesp2	19	346.88812622282717		0.0	0.0	0.0
2026-01-02	6	data/day5 after fix and stain for PAX8-647/6.czi	mesp2	20	364.67726090092094		0.0	0.0	0.0
2026-01-02	6	data/day5 after fix and stain for PAX8-647/6.czi	mesp2	21	382.4663955790146		0.0	0.0	0.0
2026-01-02	6	data/day5 after fix and stain for PAX8-647/6.czi	mesp2	22	400.25553025710826		0.0	0.0	0.0
2026-01-02	6	data/day5 after fix and stain for PAX8-647/6.czi	mesp2	23	418.04466493520204		0.0	0.0	0.0
2026-01-02	6	data/day5 after fix and stain for PAX8-647/6.czi	pax8	0	8.894567339046851				
2026-01-02	6	data/day5 after fix and stain for PAX8-647/6.czi	pax8	1	26.683702017140554	0.29820974189884225	0.13403798047395662	0.11749214892391606	0.12004698557758034
2026-01-02	6	data/day5 after fix and stain for PAX8-647/6.czi	pax8	2	44.47283669523426	0.3122739327277521	0.14181011528142223	0.11861652690366872	0.13517583408605718
2026-01-02	6	data/day5 after fix and stain for PAX8-647/6.czi	pax8	3	62.26197137332796	0.30382914679249867	0.13929775787479737	0.11667314318847653	0.14124978904023788
2026-01-02	6	data/day5 after fix and stain for PAX8-647/6.czi	pax8	4	80.05110605142167	0.26324202758746157	0.11994827708496686	0.10995760652537023	0.1262653154857319
2026-01-02	6	data/day5 after fix and stain for PAX8-647/6.czi	pax8	5	97.84024072951536	0.22803871966361966	0.10095334180361268	0.09936129225980059	0.11934719300977316
2026-01-02	6	data/day5 after fix and stain for PAX8-647/6.czi	pax8	6	115.62937540760907	0.2207716531965835	0.079489673071474	0.08428622560239851	0.10178249748513456
2026-01-02	6	data/day5 after fix and stain for PAX8-647/6.czi	pax8	7	133.41851008570276	0.21562901632968862	0.06474583829542341	0.07115882525933317	0.08204602089530352
2026-01-02	6	data/day5 after fix and stain for PAX8-647/6.czi	pax8	8	151.20764476379648	0.2235726801038684	0.05383739356013709	0.05898646478941913	0.058506820959336174
2026-01-02	6	data/day5 after fix and stain for PAX8-647/6.czi	pax8	9	168.99677944189017	0.20670149406002736	0.035138732577039505	0.04436412029131925	0.021313356287734363
2026-01-02	6	data/day5 after fix and stain for PAX8-647/6.czi	pax8	10	186.7859141199839	0.13368373316078563	0.01639976784283336	0.031771614075101234	0.005352154894336327
2026-01-02	6	data/day5 after fix and stain for PAX8-647/6.czi	pax8	11	204.57504879807757	0.08317559040966732	0.007745451096538664	0.023598026620843322	0.00179013406668363
2026-01-02	6	data/day5 after fix and stain for PAX8-647/6.czi	pax8	12	222.3641834761713	0.039425184596779274	0.0029798201667195013	0.016503916550797505	0.0007479578647447467
2026-01-02	6	data/day5 after fix and stain for PAX8-647/6.czi	pax8	13	240.15331815426498	0.007734133873456787	0.0005086998624756654	0.009296774840627043	0.00015198558755353826
2026-01-02	6	data/day5 after fix and stain for PAX8-647/6.czi	pax8	14	257.9424528323587	0.0	0.0	0.0034759444248485985	1.0111050923889645e-06
2026-01-02	6	data/day5 after fix and stain for PAX8-647/6.czi	pax8	15	275.7315875104524		0.0	0.0005998378051855424	0.0
2026-01-02	6	data/day5 after fix and stain for PAX8-647/6.czi	pax8	16	293.5207221885461		0.0	0.0	0.0
2026-01-02	6	data/day5 after fix and stain for PAX8-647/6.czi	pax8	17	311.30985686663985		0.0	0.0	0.0
2026-01-02	6	data/day5 after fix and stain for PAX8-647/6.czi	pax8	18	329.0989915447335		0.0	0.0	0.0
2026-01-02	6	data/day5 after fix and stain for PAX8-647/6.czi	pax8	19	346.88812622282717		0.0	0.0	0.0
2026-01-02	6	data/day5 after fix and stain for PAX8-647/6.czi	pax8	20	364.67726090092094		0.0	0.0	0.0
2026-01-02	6	data/day5 after fix and stain for PAX8-647/6.czi	pax8	21	382.4663955790146		0.0	0.0	0.0
2026-01-02	6	data/day5 after fix and stain for PAX8-647/6.czi	pax8	22	400.25553025710826		0.0	0.0	0.0
2026-01-02	6	data/day5 after fix and stain for PAX8-647/6.czi	pax8	23	418.04466493520204		0.0	0.0	0.0
2026-01-02	7	data/day5 after fix and stain for PAX8-647/7.czi	foxf1	0	8.894567339046851				
2026-01-02	7	data/day5 after fix and stain for PAX8-647/7.czi	foxf1	1	26.683702017140554	0.03388629327358977	0.01765867986170576	0.09062626362429269	0.0031538119631150377
2026-01-02	7	data/day5 after fix and stain for PAX8-647/7.czi	foxf1	2	44.47283669523426	0.09374815468732922	0.055136982223008286	0.09588192713409645	0.015743743580675137
2026-01-02	7	data/day5 after fix and stain for PAX8-647/7.czi	foxf1	3	62.26197137332796	0.12157541003959663	0.08198535529480881	0.10123883425605662	0.04356756292029189
2026-01-02	7	data/day5 after fix and stain for PAX8-647/7.czi	foxf1	4	80.05110605142167	0.13960329771946736	0.10844458831683028	0.10701097231415124	0.08798427444834399
2026-01-02	7	data/day5 after fix and stain for PAX8-647/7.czi	foxf1	5	97.84024072951536	0.15186062592487393	0.13646459614223203	0.11291912240216595	0.14942518875069413
2026-01-02	7	data/day5 after fix and stain for PAX8-647/7.czi	foxf1	6	115.62937540760907	0.16596523597903615	0.1559518997937	0.11464112114931051	0.19143695386375958
2026-01-02	7	data/day5 after fix and stain for PAX8-647/7.czi	foxf1	7	133.41851008570276	0.18130818155146036	0.16148003138139627	0.10732980570985504	0.2008334511413896
2026-01-02	7	data/day5 after fix and stain for PAX8-647/7.czi	foxf1	8	151.20764476379648	0.1929472591716852	0.1499105178295988	0.0948754366785834	0.1785585240440484
2026-01-02	7	data/day5 after fix and stain for PAX8-647/7.czi	foxf1	9	168.99677944189017	0.17243093502261936	0.11057781728011296	0.07162049808723142	0.11714226176482558
2026-01-02	7	data/day5 after fix and stain for PAX8-647/7.czi	foxf1	10	186.7859141199839	0.08423285789673163	0.03661172286002064	0.03154993759628944	0.029676037393998364
2026-01-02	7	data/day5 after fix and stain for PAX8-647/7.czi	foxf1	11	204.57504879807757	0.01463642894112191	0.0044175567553607735	0.005767659467018415	0.0021773937814642203
2026-01-02	7	data/day5 after fix and stain for PAX8-647/7.czi	foxf1	12	222.3641834761713		0.0	0.00018882916491773426	1.2859958381083102e-07
2026-01-02	7	data/day5 after fix and stain for PAX8-647/7.czi	foxf1	13	240.15331815426498		0.0	0.0	0.0
2026-01-02	7	data/day5 after fix and stain for PAX8-647/7.czi	foxf1	14	257.9424528323587		0.0	0.0	0.0
2026-01-02	7	data/day5 after fix and stain for PAX8-647/7.czi	foxf1	15	275.7315875104524		0.0	0.0	0.0
2026-01-02	7	data/day5 after fix and stain for PAX8-647/7.czi	foxf1	16	293.5207221885461		0.0	0.0	0.0
2026-01-02	7	data/day5 after fix and stain for PAX8-647/7.czi	foxf1	17	311.30985686663985		0.0	0.0	0.0
2026-01-02	7	data/day5 after fix and stain for PAX8-647/7.czi	foxf1	18	329.0989915447335		0.0	0.0	0.0
2026-01-02	7	data/day5 after fix and stain for PAX8-647/7.czi	foxf1	19	346.88812622282717		0.0	0.0	0.0
2026-01-02	7	data/day5 after fix and stain for PAX8-647/7.czi	foxf1	20	364.67726090092094		0.0	0.0	0.0
2026-01-02	7	data/day5 after fix and stain for PAX8-647/7.czi	foxf1	21	382.4663955790146		0.0	0.0	0.0
2026-01-02	7	data/day5 after fix and stain for PAX8-647/7.czi	foxf1	22	400.25553025710826		0.0	0.0	0.0
2026-01-02	7	data/day5 after fix and stain for PAX8-647/7.czi	foxf1	23	418.04466493520204		0.0	0.0	0.0
2026-01-02	7	data/day5 after fix and stain for PAX8-647/7.czi	mesp2	0	8.894567339046851				
2026-01-02	7	data/day5 after fix and stain for PAX8-647/7.czi	mesp2	1	26.683702017140554	0.38483198072787667	0.1568751153303047	0.15376290207783194	0.18533587662361697
2026-01-02	7	data/day5 after fix and stain for PAX8-647/7.czi	mesp2	2	44.47283669523426	0.38266126532743233	0.1511125936126342	0.1493019600316652	0.17600908125359072
2026-01-02	7	data/day5 after fix and stain for PAX8-647/7.czi	mesp2	3	62.26197137332796	0.3811392742814804	0.1311805328765907	0.13060768271467535	0.14187111732054694
2026-01-02	7	data/day5 after fix and stain for PAX8-647/7.czi	mesp2	4	80.05110605142167	0.39405330535671573	0.11221693988506332	0.11171904206161394	0.10664099656673963
2026-01-02	7	data/day5 after fix and stain for PAX8-647/7.czi	mesp2	5	97.84024072951536	0.405112420734128	0.09674199223851712	0.09632937714123313	0.08075051145034415
2026-01-02	7	data/day5 after fix and stain for PAX8-647/7.czi	mesp2	6	115.62937540760907	0.41466796509318044	0.08612709756746721	0.08567452547597357	0.06563075575398566
2026-01-02	7	data/day5 after fix and stain for PAX8-647/7.czi	mesp2	7	133.41851008570276	0.36176122018362444	0.06640223909791368	0.0691476576853219	0.04779357791136696
2026-01-02	7	data/day5 after fix and stain for PAX8-647/7.czi	mesp2	8	151.20764476379648	0.28424181267318277	0.04520934993438903	0.05047882270461673	0.030006090254890663
2026-01-02	7	data/day5 after fix and stain for PAX8-647/7.czi	mesp2	9	168.99677944189017	0.1588118628860762	0.020520023252875302	0.026085385309858683	0.010767372440027543
2026-01-02	7	data/day5 after fix and stain for PAX8-647/7.czi	mesp2	10	186.7859141199839	0.02979928458373783	0.003424618681968814	0.00366469398137095	0.0014996961978772875
2026-01-02	7	data/day5 after fix and stain for PAX8-647/7.czi	mesp2	11	204.57504879807757	0.00032069300922703205	1.8955371390887293e-05	-0.0015356636463442395	3.1999037758794636e-06
2026-01-02	7	data/day5 after fix and stain for PAX8-647/7.czi	mesp2	12	222.3641834761713		0.0	-0.00043043739476580694	0.0
2026-01-02	7	data/day5 after fix and stain for PAX8-647/7.czi	mesp2	13	240.15331815426498		0.0	0.0	0.0
2026-01-02	7	data/day5 after fix and stain for PAX8-647/7.czi	mesp2	14	257.9424528323587		0.0	0.0	0.0
2026-01-02	7	data/day5 after fix and stain for PAX8-647/7.czi	mesp2	15	275.7315875104524		0.0	0.0	0.0
2026-01-02	7	data/day5 after fix and stain for PAX8-647/7.czi	mesp2	16	293.5207221885461		0.0	0.0	0.0
2026-01-02	7	data/day5 after fix and stain for PAX8-647/7.czi	mesp2	17	311.30985686663985		0.0	0.0	0.0
2026-01-02	7	data/day5 after fix and stain for PAX8-647/7.czi	mesp2	18	329.0989915447335		0.0	0.0	0.0
2026-01-02	7	data/day5 after fix and stain for PAX8-647/7.czi	mesp2	19	346.88812622282717		0.0	0.0	0.0
2026-01-02	7	data/day5 after fix and stain for PAX8-647/7.czi	mesp2	20	364.67726090092094		0.0	0.0	0.0
2026-01-02	7	data/day5 after fix and stain for PAX8-647/7.czi	mesp2	21	382.4663955790146		0.0	0.0	0.0
2026-01-02	7	data/day5 after fix and stain for PAX8-647/7.czi	mesp2	22	400.25553025710826		0.0	0.0	0.0
2026-01-02	7	data/day5 after fix and stain for PAX8-647/7.czi	mesp2	23	418.04466493520204		0.0	0.0	0.0
2026-01-02	7	data/day5 after fix and stain for PAX8-647/7.czi	pax8	0	8.894567339046851				
2026-01-02	7	data/day5 after fix and stain for PAX8-647/7.czi	pax8	1	26.683702017140554	0.0	0.0	0.09869354499271735	0.0
2026-01-02	7	data/day5 after fix and stain for PAX8-647/7.czi	pax8	2	44.47283669523426	0.0	0.0	0.10072945035920024	3.76813628315353e-06
2026-01-02	7	data/day5 after fix and stain for PAX8-647/7.czi	pax8	3	62.26197137332796	0.00018265777321700317	0.000375472201984223	0.10384262713041435	0.00013983151590961568
2026-01-02	7	data/day5 after fix and stain for PAX8-647/7.czi	pax8	4	80.05110605142167	0.018527176896105012	0.03860454899053826	0.10908201949501643	0.022880125161175307
2026-01-02	7	data/day5 after fix and stain for PAX8-647/7.czi	pax8	5	97.84024072951536	0.0954360056229806	0.19692080706527565	0.11161980332289106	0.16762103011018148
2026-01-02	7	data/day5 after fix and stain for PAX8-647/7.czi	pax8	6	115.62937540760907	0.16182918470636648	0.3265457996008807	0.11116620599933931	0.3536194851361262
2026-01-02	7	data/day5 after fix and stain for PAX8-647/7.czi	pax8	7	133.41851008570276	0.1601226870903633	0.303399900793619	0.10220852228023186	0.3362678411020819
2026-01-02	7	data/day5 after fix and stain for PAX8-647/7.czi	pax8	8	151.20764476379648	0.07607586735033561	0.12950082495739007	0.08269195586135118	0.12067986663271216
2026-01-02	7	data/day5 after fix and stain for PAX8-647/7.czi	pax8	9	168.99677944189017	0.015448883264223952	0.023997998953841124	0.060381393554246446	0.01864107275865757
2026-01-02	7	data/day5 after fix and stain for PAX8-647/7.czi	pax8	10	186.7859141199839	0.0010604300280589122	0.0014879807698042254	0.03346555629690584	0.0009803127802059841
2026-01-02	7	data/day5 after fix and stain for PAX8-647/7.czi	pax8	11	204.57504879807757	0.0	0.0	0.010093751435490416	0.0
2026-01-02	7	data/day5 after fix and stain for PAX8-647/7.czi	pax8	12	222.3641834761713		0.0	0.001224637842742082	0.0
2026-01-02	7	data/day5 after fix and stain for PAX8-647/7.czi	pax8	13	240.15331815426498		0.0	0.0	0.0
2026-01-02	7	data/day5 after fix and stain for PAX8-647/7.czi	pax8	14	257.9424528323587		0.0	0.0	0.0
2026-01-02	7	data/day5 after fix and stain for PAX8-647/7.czi	pax8	15	275.7315875104524		0.0	0.0	0.0
2026-01-02	7	data/day5 after fix and stain for PAX8-647/7.czi	pax8	16	293.5207221885461		0.0	0.0	0.0
2026-01-02	7	data/day5 after fix and stain for PAX8-647/7.czi	pax8	17	311.30985686663985		0.0	0.0	0.0
2026-01-02	7	data/day5 after fix and stain for PAX8-647/7.czi	pax8	18	329.0989915447335		0.0	0.0	0.0
2026-01-02	7	data/day5 after fix and stain for PAX8-647/7.czi	pax8	19	346.88812622282717		0.0	0.0	0.0
2026-01-02	7	data/day5 after fix and stain for PAX8-647/7.czi	pax8	20	364.67726090092094		0.0	0.0	0.0
2026-01-02	7	data/day5 after fix and stain for PAX8-647/7.czi	pax8	21	382.4663955790146		0.0	0.0	0.0
2026-01-02	7	data/day5 after fix and stain for PAX8-647/7.czi	pax8	22	400.25553025710826		0.0	0.0	0.0
2026-01-02	7	data/day5 after fix and stain for PAX8-647/7.czi	pax8	23	418.04466493520204		0.0	0.0	0.0
2026-01-02	8	data/day5 after fix and stain for PAX8-647/8.czi	foxf1	0	8.894567339046851				
2026-01-02	8	data/day5 after fix and stain for PAX8-647/8.czi	foxf1	1	26.683702017140554	0.046479771201099244	0.040864972894665424	0.09605359574120913	0.010922354321147928
2026-01-02	8	data/day5 after fix and stain for PAX8-647/8.czi	foxf1	2	44.47283669523426	0.08925594442273484	0.09668187340608378	0.10730450392260069	0.06729401379224623
2026-01-02	8	data/day5 after fix and stain for PAX8-647/8.czi	foxf1	3	62.26197137332796	0.11139639436566655	0.13649307361680035	0.11880435911962754	0.13848179922650866
2026-01-02	8	data/day5 after fix and stain for PAX8-647/8.czi	foxf1	4	80.05110605142167	0.12850392098209296	0.16388053771299174	0.12754450602328404	0.19629048345064634
2026-01-02	8	data/day5 after fix and stain for PAX8-647/8.czi	foxf1	5	97.84024072951536	0.13981388585337157	0.18076696616326235	0.13149504277222443	0.23396294840706938
2026-01-02	8	data/day5 after fix and stain for PAX8-647/8.czi	foxf1	6	115.62937540760907	0.14838910652290396	0.17135140251471445	0.12166475112024955	0.2068615087805245
2026-01-02	8	data/day5 after fix and stain for PAX8-647/8.czi	foxf1	7	133.41851008570276	0.1590216426032071	0.1372261720678615	0.0999684939150678	0.1239985796731991
2026-01-02	8	data/day5 after fix and stain for PAX8-647/8.czi	foxf1	8	151.20764476379648	0.1313547842869686	0.07582673817988464	0.07434764390408728	0.0372995632416845
2026-01-02	8	data/day5 after fix and stain for PAX8-647/8.czi	foxf1	9	168.99677944189017	0.033008903085267396	0.01564273202250587	0.04049721900735115	0.0050066466752986365
2026-01-02	8	data/day5 after fix and stain for PAX8-647/8.czi	foxf1	10	186.7859141199839	0.002254020178611803	0.0008168505593025553	0.012144065140610165	0.00019145977352247865
2026-01-02	8	data/day5 after fix and stain for PAX8-647/8.czi	foxf1	11	204.57504879807757	0.0	0.0	0.001691963858363876	0.0
2026-01-02	8	data/day5 after fix and stain for PAX8-647/8.czi	foxf1	12	222.3641834761713		0.0	6.923071909869786e-05	0.0
2026-01-02	8	data/day5 after fix and stain for PAX8-647/8.czi	foxf1	13	240.15331815426498		0.0	0.0	0.0
2026-01-02	8	data/day5 after fix and stain for PAX8-647/8.czi	foxf1	14	257.9424528323587		0.0	0.0	0.0
2026-01-02	8	data/day5 after fix and stain for PAX8-647/8.czi	foxf1	15	275.7315875104524		0.0	0.0	0.0
2026-01-02	8	data/day5 after fix and stain for PAX8-647/8.czi	foxf1	16	293.5207221885461		0.0	0.0	0.0
2026-01-02	8	data/day5 after fix and stain for PAX8-647/8.czi	foxf1	17	311.30985686663985		0.0	0.0	0.0
2026-01-02	8	data/day5 after fix and stain for PAX8-647/8.czi	foxf1	18	329.0989915447335		0.0	0.0	0.0
2026-01-02	8	data/day5 after fix and stain for PAX8-647/8.czi	foxf1	19	346.88812622282717		0.0	0.0	0.0
2026-01-02	8	data/day5 after fix and stain for PAX8-647/8.czi	foxf1	20	364.67726090092094		0.0	0.0	0.0
2026-01-02	8	data/day5 after fix and stain for PAX8-647/8.czi	foxf1	21	382.4663955790146		0.0	0.0	0.0
2026-01-02	8	data/day5 after fix and stain for PAX8-647/8.czi	foxf1	22	400.25553025710826		0.0	0.0	0.0
2026-01-02	8	data/day5 after fix and stain for PAX8-647/8.czi	foxf1	23	418.04466493520204		0.0	0.0	0.0
2026-01-02	8	data/day5 after fix and stain for PAX8-647/8.czi	mesp2	0	8.894567339046851				
2026-01-02	8	data/day5 after fix and stain for PAX8-647/8.czi	mesp2	1	26.683702017140554	0.2471573549665702	0.15476437123111492	0.1512018667504463	0.17970562339182733
2026-01-02	8	data/day5 after fix and stain for PAX8-647/8.czi	mesp2	2	44.47283669523426	0.25539454680869866	0.1393368294641239	0.13567465543654716	0.14837054458524646
2026-01-02	8	data/day5 after fix and stain for PAX8-647/8.czi	mesp2	3	62.26197137332796	0.25809372808576014	0.120278089399566	0.1187406613670135	0.11740281268101466
2026-01-02	8	data/day5 after fix and stain for PAX8-647/8.czi	mesp2	4	80.05110605142167	0.2415498287509438	0.10123362335075786	0.10313985966416538	0.09565360207805551
2026-01-02	8	data/day5 after fix and stain for PAX8-647/8.czi	mesp2	5	97.84024072951536	0.22480484153831712	0.08636963201296333	0.08869094488301438	0.07803234039818983
2026-01-02	8	data/day5 after fix and stain for PAX8-647/8.czi	mesp2	6	115.62937540760907	0.22423734527543987	0.07582271386724702	0.07557326872299425	0.062578185190236
2026-01-02	8	data/day5 after fix and stain for PAX8-647/8.czi	mesp2	7	133.41851008570276	0.2283425909290027	0.06751161380070665	0.06500336089859529	0.05340511142354123
2026-01-02	8	data/day5 after fix and stain for PAX8-647/8.czi	mesp2	8	151.20764476379648	0.22919677913825381	0.059679028943969634	0.059891225289586854	0.05078340485446573
2026-01-02	8	data/day5 after fix and stain for PAX8-647/8.czi	mesp2	9	168.99677944189017	0.21056717113969864	0.04171631523229105	0.04445698832683403	0.03461391453311083
2026-01-02	8	data/day5 after fix and stain for PAX8-647/8.czi	mesp2	10	186.7859141199839	0.1628869829133685	0.014645255392462881	0.01970544868686313	0.009702390908505533
2026-01-02	8	data/day5 after fix and stain for PAX8-647/8.czi	mesp2	11	204.57504879807757	0.045375151622830456	0.0020034635167319893	0.0037837588745851473	0.0009205789447236648
2026-01-02	8	data/day5 after fix and stain for PAX8-647/8.czi	mesp2	12	222.3641834761713		1.2574312848955928e-05	0.0001643881658692707	1.4443378559189779e-06
2026-01-02	8	data/day5 after fix and stain for PAX8-647/8.czi	mesp2	13	240.15331815426498		0.0	0.0	0.0
2026-01-02	8	data/day5 after fix and stain for PAX8-647/8.czi	mesp2	14	257.9424528323587		0.0	0.0	0.0
2026-01-02	8	data/day5 after fix and stain for PAX8-647/8.czi	mesp2	15	275.7315875104524		0.0	0.0	0.0
2026-01-02	8	data/day5 after fix and stain for PAX8-647/8.czi	mesp2	16	293.5207221885461		0.0	0.0	0.0
2026-01-02	8	data/day5 after fix and stain for PAX8-647/8.czi	mesp2	17	311.30985686663985		0.0	0.0	0.0
2026-01-02	8	data/day5 after fix and stain for PAX8-647/8.czi	mesp2	18	329.0989915447335		0.0	0.0	0.0
2026-01-02	8	data/day5 after fix and stain for PAX8-647/8.czi	mesp2	19	346.88812622282717		0.0	0.0	0.0
2026-01-02	8	data/day5 after fix and stain for PAX8-647/8.czi	mesp2	20	364.67726090092094		0.0	0.0	0.0
2026-01-02	8	data/day5 after fix and stain for PAX8-647/8.czi	mesp2	21	382.4663955790146		0.0	0.0	0.0
2026-01-02	8	data/day5 after fix and stain for PAX8-647/8.czi	mesp2	22	400.25553025710826		0.0	0.0	0.0
2026-01-02	8	data/day5 after fix and stain for PAX8-647/8.czi	mesp2	23	418.04466493520204		0.0	0.0	0.0
2026-01-02	8	data/day5 after fix and stain for PAX8-647/8.czi	pax8	0	8.894567339046851				
2026-01-02	8	data/day5 after fix and stain for PAX8-647/8.czi	pax8	1	26.683702017140554	0.06554829292592698	0.03185869666104639	0.09944822048114944	0.013801398398181678
2026-01-02	8	data/day5 after fix and stain for PAX8-647/8.czi	pax8	2	44.47283669523426	0.15059878661604562	0.07714232363698162	0.1065233545014558	0.04426320895760967
2026-01-02	8	data/day5 after fix and stain for PAX8-647/8.czi	pax8	3	62.26197137332796	0.2003547895931599	0.11415995397899834	0.11419580442088915	0.09794869570327097
2026-01-02	8	data/day5 after fix and stain for PAX8-647/8.czi	pax8	4	80.05110605142167	0.2393784837767437	0.14580592152439592	0.11965937427884211	0.15421117655111144
2026-01-02	8	data/day5 after fix and stain for PAX8-647/8.czi	pax8	5	97.84024072951536	0.26727815749596817	0.1606866845030851	0.11906023755696714	0.17749576573181064
2026-01-02	8	data/day5 after fix and stain for PAX8-647/8.czi	pax8	6	115.62937540760907	0.2592853927690071	0.15384772844155237	0.11211868321498038	0.1776480806819858
2026-01-02	8	data/day5 after fix and stain for PAX8-647/8.czi	pax8	7	133.41851008570276	0.25704824485008404	0.13636479378434244	0.09687571771358433	0.15571486893972736
2026-01-02	8	data/day5 after fix and stain for PAX8-647/8.czi	pax8	8	151.20764476379648	0.2727889546980506	0.1157457615466397	0.0804037641149877	0.12617979659020234
2026-01-02	8	data/day5 after fix and stain for PAX8-647/8.czi	pax8	9	168.99677944189017	0.2028170660919304	0.062578872459747	0.054099375647941324	0.06042894618380051
2026-01-02	8	data/day5 after fix and stain for PAX8-647/8.czi	pax8	10	186.7859141199839	0.06270286852992796	0.012811689421753265	0.020188504265614964	0.010620435479448305
2026-01-02	8	data/day5 after fix and stain for PAX8-647/8.czi	pax8	11	204.57504879807757	0.006837876686806955	0.0005482128197150408	0.003392835003069484	0.0002005735326770379
2026-01-02	8	data/day5 after fix and stain for PAX8-647/8.czi	pax8	12	222.3641834761713		0.0	0.00015231650825632803	0.0
2026-01-02	8	data/day5 after fix and stain for PAX8-647/8.czi	pax8	13	240.15331815426498		0.0	0.0	0.0
2026-01-02	8	data/day5 after fix and stain for PAX8-647/8.czi	pax8	14	257.9424528323587		0.0	0.0	0.0
2026-01-02	8	data/day5 after fix and stain for PAX8-647/8.czi	pax8	15	275.7315875104524		0.0	0.0	0.0
2026-01-02	8	data/day5 after fix and stain for PAX8-647/8.czi	pax8	16	293.5207221885461		0.0	0.0	0.0
2026-01-02	8	data/day5 after fix and stain for PAX8-647/8.czi	pax8	17	311.30985686663985		0.0	0.0	0.0
2026-01-02	8	data/day5 after fix and stain for PAX8-647/8.czi	pax8	18	329.0989915447335		0.0	0.0	0.0
2026-01-02	8	data/day5 after fix and stain for PAX8-647/8.czi	pax8	19	346.88812622282717		0.0	0.0	0.0
2026-01-02	8	data/day5 after fix and stain for PAX8-647/8.czi	pax8	20	364.67726090092094		0.0	0.0	0.0
2026-01-02	8	data/day5 after fix and stain for PAX8-647/8.czi	pax8	21	382.4663955790146		0.0	0.0	0.0
2026-01-02	8	data/day5 after fix and stain for PAX8-647/8.czi	pax8	22	400.25553025710826		0.0	0.0	0.0
2026-01-02	8	data/day5 after fix and stain for PAX8-647/8.czi	pax8	23	418.04466493520204		0.0	0.0	0.0
2026-01-02	9	data/day5 after fix and stain for PAX8-647/9.czi	foxf1	0	8.894567339046851				
2026-01-02	9	data/day5 after fix and stain for PAX8-647/9.czi	foxf1	1	26.683702017140554	0.5405525541272638	0.05542464364857158	0.057737458115953995	0.039156464552305766
2026-01-02	9	data/day5 after fix and stain for PAX8-647/9.czi	foxf1	2	44.47283669523426	0.533341519141734	0.060694221821042026	0.06315364217268707	0.048234475670529325
2026-01-02	9	data/day5 after fix and stain for PAX8-647/9.czi	foxf1	3	62.26197137332796	0.5356330015737101	0.06736390576601735	0.06934764803069604	0.05909384844014732
2026-01-02	9	data/day5 after fix and stain for PAX8-647/9.czi	foxf1	4	80.05110605142167	0.5384607225021565	0.07415433149147713	0.07542495539317712	0.0703410202039809
2026-01-02	9	data/day5 after fix and stain for PAX8-647/9.czi	foxf1	5	97.84024072951536	0.5395928341413431	0.07987280222948895	0.08065725556680163	0.08051122323300895
2026-01-02	9	data/day5 after fix and stain for PAX8-647/9.czi	foxf1	6	115.62937540760907	0.5609368731281066	0.08581192620935489	0.08580132644416494	0.08955532165462635
2026-01-02	9	data/day5 after fix and stain for PAX8-647/9.czi	foxf1	7	133.41851008570276	0.5823044362175503	0.09167597755000675	0.0907808326563044	0.09859932724543356
2026-01-02	9	data/day5 after fix and stain for PAX8-647/9.czi	foxf1	8	151.20764476379648	0.5979329630762211	0.09476700233178004	0.09334325717262996	0.10447440411345889
2026-01-02	9	data/day5 after fix and stain for PAX8-647/9.czi	foxf1	9	168.99677944189017	0.6453163914651868	0.09387164100889285	0.09270166627936828	0.10482853438606238
2026-01-02	9	data/day5 after fix and stain for PAX8-647/9.czi	foxf1	10	186.7859141199839	0.6318774010601782	0.08322898928046121	0.08230596663152592	0.09406907098383034
2026-01-02	9	data/day5 after fix and stain for PAX8-647/9.czi	foxf1	11	204.57504879807757	0.6721673779789852	0.06453959368727799	0.06308633120866396	0.07367509943222497
2026-01-02	9	data/day5 after fix and stain for PAX8-647/9.czi	foxf1	12	222.3641834761713	0.8620888134830995	0.04921108461365967	0.04717175364647173	0.05565945587083006
2026-01-02	9	data/day5 after fix and stain for PAX8-647/9.czi	foxf1	13	240.15331815426498	0.951395488123565	0.03503266923400408	0.033311936728935156	0.037646951507473575
2026-01-02	9	data/day5 after fix and stain for PAX8-647/9.czi	foxf1	14	257.9424528323587	0.9592705083801178	0.02200058705652705	0.020938485211008544	0.02176812661753844
2026-01-02	9	data/day5 after fix and stain for PAX8-647/9.czi	foxf1	15	275.7315875104524	0.8263688691905096	0.00871794240828024	0.008561198911039286	0.007445615178893928
2026-01-02	9	data/day5 after fix and stain for PAX8-647/9.czi	foxf1	16	293.5207221885461	0.2624854053152462	0.0014514579618060898	0.0015131688473850984	0.0009604455860137914
2026-01-02	9	data/day5 after fix and stain for PAX8-647/9.czi	foxf1	17	311.30985686663985		0.0	6.108496496174338e-07	0.0
2026-01-02	9	data/day5 after fix and stain for PAX8-647/9.czi	foxf1	18	329.0989915447335		0.0	0.0	0.0
2026-01-02	9	data/day5 after fix and stain for PAX8-647/9.czi	foxf1	19	346.88812622282717		0.0	0.0	0.0
2026-01-02	9	data/day5 after fix and stain for PAX8-647/9.czi	foxf1	20	364.67726090092094		0.0	0.0	0.0
2026-01-02	9	data/day5 after fix and stain for PAX8-647/9.czi	foxf1	21	382.4663955790146		0.0	0.0	0.0
2026-01-02	9	data/day5 after fix and stain for PAX8-647/9.czi	foxf1	22	400.25553025710826		0.0	0.0	0.0
2026-01-02	9	data/day5 after fix and stain for PAX8-647/9.czi	foxf1	23	418.04466493520204		0.0	0.0	0.0
2026-01-02	9	data/day5 after fix and stain for PAX8-647/9.czi	mesp2	0	8.894567339046851				
2026-01-02	9	data/day5 after fix and stain for PAX8-647/9.czi	mesp2	1	26.683702017140554	0.3976807194717338	0.10110127015814727	0.10193456440877761	0.09436899838220972
2026-01-02	9	data/day5 after fix and stain for PAX8-647/9.czi	mesp2	2	44.47283669523426	0.3550109404311085	0.10827412308809742	0.11056004439773451	0.11558760380131418
2026-01-02	9	data/day5 after fix and stain for PAX8-647/9.czi	mesp2	3	62.26197137332796	0.35410401410998016	0.11131685682259784	0.11125639036560768	0.12127426023242288
2026-01-02	9	data/day5 after fix and stain for PAX8-647/9.czi	mesp2	4	80.05110605142167	0.3635387612445671	0.10489587096017147	0.10213655128996421	0.10928780243310923
2026-01-02	9	data/day5 after fix and stain for PAX8-647/9.czi	mesp2	5	97.84024072951536	0.3702383939536682	0.10090493737124556	0.09723535130316054	0.103329604871855
2026-01-02	9	data/day5 after fix and stain for PAX8-647/9.czi	mesp2	6	115.62937540760907	0.3727483182705064	0.09751354897205386	0.09490830573261927	0.10013313221922224
2026-01-02	9	data/day5 after fix and stain for PAX8-647/9.czi	mesp2	7	133.41851008570276	0.3455087306726042	0.08605772746514331	0.08653598677090775	0.08809082122933165
2026-01-02	9	data/day5 after fix and stain for PAX8-647/9.czi	mesp2	8	151.20764476379648	0.3442407063279683	0.0780666098338949	0.07882575599252176	0.07789378006898597
2026-01-02	9	data/day5 after fix and stain for PAX8-647/9.czi	mesp2	9	168.99677944189017	0.37136787544456756	0.07294054344059386	0.07386895152567656	0.07161547469672631
2026-01-02	9	data/day5 after fix and stain for PAX8-647/9.czi	mesp2	10	186.7859141199839	0.29043127390156676	0.04929772159765503	0.052674715619869195	0.04787265227827055
2026-01-02	9	data/day5 after fix and stain for PAX8-647/9.czi	mesp2	11	204.57504879807757	0.0950721141219382	0.012848266165629965	0.015341345995130186	0.01193130093575797
2026-01-02	9	data/day5 after fix and stain for PAX8-647/9.czi	mesp2	12	222.3641834761713	0.010737849706876974	0.0008766285224439839	0.0009283092146073696	0.0006778357631078379
2026-01-02	9	data/day5 after fix and stain for PAX8-647/9.czi	mesp2	13	240.15331815426498	0.0	0.0	-0.0005998125778194469	0.0
2026-01-02	9	data/day5 after fix and stain for PAX8-647/9.czi	mesp2	14	257.9424528323587	0.0	0.0	-0.0004940515022008342	0.0
2026-01-02	9	data/day5 after fix and stain for PAX8-647/9.czi	mesp2	15	275.7315875104524	0.0	0.0	-0.000305217730889458	0.0
2026-01-02	9	data/day5 after fix and stain for PAX8-647/9.czi	mesp2	16	293.5207221885461	0.0	0.0	-8.033581286642281e-05	0.0
2026-01-02	9	data/day5 after fix and stain for PAX8-647/9.czi	mesp2	17	311.30985686663985		0.0	7.610337786596617e-08	0.0
2026-01-02	9	data/day5 after fix and stain for PAX8-647/9.czi	mesp2	18	329.0989915447335		0.0	0.0	0.0
2026-01-02	9	data/day5 after fix and stain for PAX8-647/9.czi	mesp2	19	346.88812622282717		0.0	0.0	0.0
2026-01-02	9	data/day5 after fix and stain for PAX8-647/9.czi	mesp2	20	364.67726090092094		0.0	0.0	0.0
2026-01-02	9	data/day5 after fix and stain for PAX8-647/9.czi	mesp2	21	382.4663955790146		0.0	0.0	0.0
2026-01-02	9	data/day5 after fix and stain for PAX8-647/9.czi	mesp2	22	400.25553025710826		0.0	0.0	0.0
2026-01-02	9	data/day5 after fix and stain for PAX8-647/9.czi	mesp2	23	418.04466493520204		0.0	0.0	0.0
2026-01-02	9	data/day5 after fix and stain for PAX8-647/9.czi	pax8	0	8.894567339046851				
2026-01-02	9	data/day5 after fix and stain for PAX8-647/9.czi	pax8	1	26.683702017140554	0.33889112344670336	0.06919591983031857	0.08491760461429737	0.03392368693752398
2026-01-02	9	data/day5 after fix and stain for PAX8-647/9.czi	pax8	2	44.47283669523426	0.3583675956527653	0.07420327445751945	0.0842957965756185	0.03993704954595413
2026-01-02	9	data/day5 after fix and stain for PAX8-647/9.czi	pax8	3	62.26197137332796	0.34445402009699144	0.07777440316490641	0.0856464435458204	0.05795742756348825
2026-01-02	9	data/day5 after fix and stain for PAX8-647/9.czi	pax8	4	80.05110605142167	0.34457568545479555	0.08504938939882678	0.08784045448454925	0.08017735396838707
2026-01-02	9	data/day5 after fix and stain for PAX8-647/9.czi	pax8	5	97.84024072951536	0.37236207467215704	0.09383373020987767	0.08892657808245889	0.09676619760774645
2026-01-02	9	data/day5 after fix and stain for PAX8-647/9.czi	pax8	6	115.62937540760907	0.392941659214234	0.09944512833718674	0.08862692529346522	0.10961434840503158
2026-01-02	9	data/day5 after fix and stain for PAX8-647/9.czi	pax8	7	133.41851008570276	0.40335455408948123	0.1015165394780172	0.08680502499166061	0.11775958560698425
2026-01-02	9	data/day5 after fix and stain for PAX8-647/9.czi	pax8	8	151.20764476379648	0.41180457792855196	0.10186461756570783	0.08423851063984877	0.12434767356198598
2026-01-02	9	data/day5 after fix and stain for PAX8-647/9.czi	pax8	9	168.99677944189017	0.44525108468477376	0.11316532497880755	0.08657837250221186	0.16068525237990053
2026-01-02	9	data/day5 after fix and stain for PAX8-647/9.czi	pax8	10	186.7859141199839	0.40562018238369224	0.08920188300338694	0.07112475906676088	0.12508441217176747
2026-01-02	9	data/day5 after fix and stain for PAX8-647/9.czi	pax8	11	204.57504879807757	0.33323256245153404	0.0398966815843007	0.038844191538108544	0.039316252834631166
2026-01-02	9	data/day5 after fix and stain for PAX8-647/9.czi	pax8	12	222.3641834761713	0.18698415142193442	0.011307028851705186	0.0204497550631186	0.004864013727065457
2026-01-02	9	data/day5 after fix and stain for PAX8-647/9.czi	pax8	13	240.15331815426498	0.05623722877825618	0.00217504408306448	0.013444201064999352	0.000318407822936478
2026-01-02	9	data/day5 after fix and stain for PAX8-647/9.czi	pax8	14	257.9424528323587	0.006845523786668441	0.0002191759461948389	0.009342762509757935	3.082689103826308e-05
2026-01-02	9	data/day5 after fix and stain for PAX8-647/9.czi	pax8	15	275.7315875104524	0.0	0.0	0.004538957375087867	6.61028110936744e-08
2026-01-02	9	data/day5 after fix and stain for PAX8-647/9.czi	pax8	16	293.5207221885461	0.0	0.0	0.0009646064809041128	0.0
2026-01-02	9	data/day5 after fix and stain for PAX8-647/9.czi	pax8	17	311.30985686663985		0.0	5.756587425449288e-07	0.0
2026-01-02	9	data/day5 after fix and stain for PAX8-647/9.czi	pax8	18	329.0989915447335		0.0	0.0	0.0
2026-01-02	9	data/day5 after fix and stain for PAX8-647/9.czi	pax8	19	346.88812622282717		0.0	0.0	0.0
2026-01-02	9	data/day5 after fix and stain for PAX8-647/9.czi	pax8	20	364.67726090092094		0.0	0.0	0.0
2026-01-02	9	data/day5 after fix and stain for PAX8-647/9.czi	pax8	21	382.4663955790146		0.0	0.0	0.0
2026-01-02	9	data/day5 after fix and stain for PAX8-647/9.czi	pax8	22	400.25553025710826		0.0	0.0	0.0
2026-01-02	9	data/day5 after fix and stain for PAX8-647/9.czi	pax8	23	418.04466493520204		0.0	0.0	0.0
2026-01-02	10	data/day5 after fix and stain for PAX8-647/10.czi	foxf1	0	8.894567339046851				
2026-01-02	10	data/day5 after fix and stain for PAX8-647/10.czi	foxf1	1	26.683702017140554	0.3634074824497988	0.07045394560929624	0.07082912049179688	0.05122006698845856
2026-01-02	10	data/day5 after fix and stain for PAX8-647/10.czi	foxf1	2	44.47283669523426	0.371754581450169	0.07008966950396114	0.07123257456393366	0.05037425821222257
2026-01-02	10	data/day5 after fix and stain for PAX8-647/10.czi	foxf1	3	62.26197137332796	0.38117726497425714	0.0707235097274739	0.07250357374471544	0.05206732020843648
2026-01-02	10	data/day5 after fix and stain for PAX8-647/10.czi	foxf1	4	80.05110605142167	0.37675052551745947	0.0704581299878113	0.07406429077024447	0.05538130052675754
2026-01-02	10	data/day5 after fix and stain for PAX8-647/10.czi	foxf1	5	97.84024072951536	0.3961468841573549	0.0724833995989246	0.07723847779884307	0.06205658287340335
2026-01-02	10	data/day5 after fix and stain for PAX8-647/10.czi	foxf1	6	115.62937540760907	0.45741844079894894	0.07665193095708206	0.08107666275416725	0.07210233990998455
2026-01-02	10	data/day5 after fix and stain for PAX8-647/10.czi	foxf1	7	133.41851008570276	0.5287395150648482	0.08508970238886991	0.08645750927886557	0.09002106144853633
2026-01-02	10	data/day5 after fix and stain for PAX8-647/10.czi	foxf1	8	151.20764476379648	0.5876472861388269	0.09240171759319567	0.09081411897211947	0.10738230289264664
2026-01-02	10	data/day5 after fix and stain for PAX8-647/10.czi	foxf1	9	168.99677944189017	0.7183579984779476	0.09288798375547078	0.08928273187467325	0.11483411685689206
2026-01-02	10	data/day5 after fix and stain for PAX8-647/10.czi	foxf1	10	186.7859141199839	0.8181919308841059	0.09021569558352333	0.08520410373267989	0.11664110529827927
2026-01-02	10	data/day5 after fix and stain for PAX8-647/10.czi	foxf1	11	204.57504879807757	0.8478839323026766	0.08061873291151801	0.07588354829990335	0.10584887738546425
2026-01-02	10	data/day5 after fix and stain for PAX8-647/10.czi	foxf1	12	222.3641834761713	0.8112491655898781	0.057012667892135396	0.05446922235365548	0.07036292445010583
2026-01-02	10	data/day5 after fix and stain for PAX8-647/10.czi	foxf1	13	240.15331815426498	0.6847870421653429	0.02033776123947604	0.02043938925733703	0.020885493248638268
2026-01-02	10	data/day5 after fix and stain for PAX8-647/10.czi	foxf1	14	257.9424528323587	0.6588486809108236	0.002674972801550347	0.002934707409758453	0.0017935099301296508
2026-01-02	10	data/day5 after fix and stain for PAX8-647/10.czi	foxf1	15	275.7315875104524		3.229417654157247e-07	3.9935938248678696e-07	5.0500883607709223e-08
2026-01-02	10	data/day5 after fix and stain for PAX8-647/10.czi	foxf1	16	293.5207221885461		0.0	0.0	0.0
2026-01-02	10	data/day5 after fix and stain for PAX8-647/10.czi	foxf1	17	311.30985686663985		0.0	0.0	0.0
2026-01-02	10	data/day5 after fix and stain for PAX8-647/10.czi	foxf1	18	329.0989915447335		0.0	0.0	0.0
2026-01-02	10	data/day5 after fix and stain for PAX8-647/10.czi	foxf1	19	346.88812622282717		0.0	0.0	0.0
2026-01-02	10	data/day5 after fix and stain for PAX8-647/10.czi	foxf1	20	364.67726090092094		0.0	0.0	0.0
2026-01-02	10	data/day5 after fix and stain for PAX8-647/10.czi	foxf1	21	382.4663955790146		0.0	0.0	0.0
2026-01-02	10	data/day5 after fix and stain for PAX8-647/10.czi	foxf1	22	400.25553025710826		0.0	0.0	0.0
2026-01-02	10	data/day5 after fix and stain for PAX8-647/10.czi	foxf1	23	418.04466493520204		0.0	0.0	0.0
2026-01-02	10	data/day5 after fix and stain for PAX8-647/10.czi	mesp2	0	8.894567339046851				
2026-01-02	10	data/day5 after fix and stain for PAX8-647/10.czi	mesp2	1	26.683702017140554	0.2314234144517403	0.11268585540000092	0.10567511586091277	0.10328294436044407
2026-01-02	10	data/day5 after fix and stain for PAX8-647/10.czi	mesp2	2	44.47283669523426	0.2531881769958527	0.12772030137411755	0.11810586383496101	0.12378660510479181
2026-01-02	10	data/day5 after fix and stain for PAX8-647/10.czi	mesp2	3	62.26197137332796	0.26978461039746565	0.13918399981002338	0.12717620370323945	0.14053887891245317
2026-01-02	10	data/day5 after fix and stain for PAX8-647/10.czi	mesp2	4	80.05110605142167	0.26747777832685515	0.13756225097469885	0.1279827131030584	0.14220829159404463
2026-01-02	10	data/day5 after fix and stain for PAX8-647/10.czi	mesp2	5	97.84024072951536	0.2560454078113644	0.12106270247931822	0.11692092654718061	0.12451401511483515
2026-01-02	10	data/day5 after fix and stain for PAX8-647/10.czi	mesp2	6	115.62937540760907	0.24931418916341533	0.09536753897858946	0.09968897103396866	0.09476049898373887
2026-01-02	10	data/day5 after fix and stain for PAX8-647/10.czi	mesp2	7	133.41851008570276	0.2317471016199877	0.08304974967952178	0.08827209875939362	0.09116088914780869
2026-01-02	10	data/day5 after fix and stain for PAX8-647/10.czi	mesp2	8	151.20764476379648	0.19343829486854414	0.06171045267294059	0.06823772798946681	0.06969816043600212
2026-01-02	10	data/day5 after fix and stain for PAX8-647/10.czi	mesp2	9	168.99677944189017	0.14594970084132286	0.03166204135275855	0.038608895461135294	0.03239056427411487
2026-01-02	10	data/day5 after fix and stain for PAX8-647/10.czi	mesp2	10	186.7859141199839	0.07957283727686897	0.010673640838885114	0.019180956973393677	0.008136213858364896
2026-01-02	10	data/day5 after fix and stain for PAX8-647/10.czi	mesp2	11	204.57504879807757	0.015693510170057497	0.0016009975258146148	0.009646699519542529	0.0008716461006315207
2026-01-02	10	data/day5 after fix and stain for PAX8-647/10.czi	mesp2	12	222.3641834761713	0.000144281822798828	8.450158656370036e-06	0.005884201992520966	3.484359850841078e-06
2026-01-02	10	data/day5 after fix and stain for PAX8-647/10.czi	mesp2	13	240.15331815426498	0.0	0.0	0.002484173301170896	1.832327985631961e-07
2026-01-02	10	data/day5 after fix and stain for PAX8-647/10.czi	mesp2	14	257.9424528323587	0.0	0.0	0.0004282858648305282	0.0
2026-01-02	10	data/day5 after fix and stain for PAX8-647/10.czi	mesp2	15	275.7315875104524		0.0	5.396814966193291e-08	0.0
2026-01-02	10	data/day5 after fix and stain for PAX8-647/10.czi	mesp2	16	293.5207221885461		0.0	0.0	0.0
2026-01-02	10	data/day5 after fix and stain for PAX8-647/10.czi	mesp2	17	311.30985686663985		0.0	0.0	0.0
2026-01-02	10	data/day5 after fix and stain for PAX8-647/10.czi	mesp2	18	329.0989915447335		0.0	0.0	0.0
2026-01-02	10	data/day5 after fix and stain for PAX8-647/10.czi	mesp2	19	346.88812622282717		0.0	0.0	0.0
2026-01-02	10	data/day5 after fix and stain for PAX8-647/10.czi	mesp2	20	364.67726090092094		0.0	0.0	0.0
2026-01-02	10	data/day5 after fix and stain for PAX8-647/10.czi	mesp2	21	382.4663955790146		0.0	0.0	0.0
2026-01-02	10	data/day5 after fix and stain for PAX8-647/10.czi	mesp2	22	400.25553025710826		0.0	0.0	0.0
2026-01-02	10	data/day5 after fix and stain for PAX8-647/10.czi	mesp2	23	418.04466493520204		0.0	0.0	0.0
2026-01-02	10	data/day5 after fix and stain for PAX8-647/10.czi	pax8	0	8.894567339046851				
2026-01-02	10	data/day5 after fix and stain for PAX8-647/10.czi	pax8	1	26.683702017140554	0.0458381109817284	0.027291391540389984	0.09628400771837461	0.011304266272172715
2026-01-02	10	data/day5 after fix and stain for PAX8-647/10.czi	pax8	2	44.47283669523426	0.07136050108191141	0.04294918243302477	0.09966310261971975	0.021735207533981737
2026-01-02	10	data/day5 after fix and stain for PAX8-647/10.czi	pax8	3	62.26197137332796	0.10353615156537918	0.06370452700525193	0.10312120537694328	0.0423952583321108
2026-01-02	10	data/day5 after fix and stain for PAX8-647/10.czi	pax8	4	80.05110605142167	0.1419129224426367	0.08539758433209274	0.10428997434346308	0.05884754821558029
2026-01-02	10	data/day5 after fix and stain for PAX8-647/10.czi	pax8	5	97.84024072951536	0.20602172244292008	0.11437506202348342	0.10188358740920386	0.0815485424648331
2026-01-02	10	data/day5 after fix and stain for PAX8-647/10.czi	pax8	6	115.62937540760907	0.24829788348633214	0.12589940445098768	0.09433746098575178	0.1267380548226006
2026-01-02	10	data/day5 after fix and stain for PAX8-647/10.czi	pax8	7	133.41851008570276	0.2815978600095046	0.1358775200436338	0.0839185869570505	0.1912120934872261
2026-01-02	10	data/day5 after fix and stain for PAX8-647/10.czi	pax8	8	151.20764476379648	0.3123113773859831	0.13243631760210675	0.07283991510761781	0.1978041637144557
2026-01-02	10	data/day5 after fix and stain for PAX8-647/10.czi	pax8	9	168.99677944189017	0.3686182558994974	0.11082563344410205	0.05743297276977996	0.14992271971369314
2026-01-02	10	data/day5 after fix and stain for PAX8-647/10.czi	pax8	10	186.7859141199839	0.38635300771284653	0.08289726001637457	0.04406433285469683	0.08662830188006278
2026-01-02	10	data/day5 after fix and stain for PAX8-647/10.czi	pax8	11	204.57504879807757	0.3397725025364252	0.054448926888616536	0.033297442529337626	0.03434892938726867
2026-01-02	10	data/day5 after fix and stain for PAX8-647/10.czi	pax8	12	222.3641834761713	0.19082347960255222	0.02501995300330811	0.024527592281887466	0.011459336472502073
2026-01-02	10	data/day5 after fix and stain for PAX8-647/10.czi	pax8	13	240.15331815426498	0.06446208212681434	0.005868756133339474	0.010654114773881913	0.0025443228754582024
2026-01-02	10	data/day5 after fix and stain for PAX8-647/10.czi	pax8	14	257.9424528323587	0.01010580716889017	0.00044483946630283384	0.0018396380469412072	0.00017174341458202444
2026-01-02	10	data/day5 after fix and stain for PAX8-647/10.czi	pax8	15	275.7315875104524		0.0	1.6925784976719215e-07	0.0
2026-01-02	10	data/day5 after fix and stain for PAX8-647/10.czi	pax8	16	293.5207221885461		0.0	0.0	0.0
2026-01-02	10	data/day5 after fix and stain for PAX8-647/10.czi	pax8	17	311.30985686663985		0.0	0.0	0.0
2026-01-02	10	data/day5 after fix and stain for PAX8-647/10.czi	pax8	18	329.0989915447335		0.0	0.0	0.0
2026-01-02	10	data/day5 after fix and stain for PAX8-647/10.czi	pax8	19	346.88812622282717		0.0	0.0	0.0
2026-01-02	10	data/day5 after fix and stain for PAX8-647/10.czi	pax8	20	364.67726090092094		0.0	0.0	0.0
2026-01-02	10	data/day5 after fix and stain for PAX8-647/10.czi	pax8	21	382.4663955790146		0.0	0.0	0.0
2026-01-02	10	data/day5 after fix and stain for PAX8-647/10.czi	pax8	22	400.25553025710826		0.0	0.0	0.0
2026-01-02	10	data/day5 after fix and stain for PAX8-647/10.czi	pax8	23	418.04466493520204		0.0	0.0	0.0
2026-01-02	11	data/day5 after fix and stain for PAX8-647/11.czi	foxf1	0	8.894567339046851				
2026-01-02	11	data/day5 after fix and stain for PAX8-647/11.czi	foxf1	1	26.683702017140554	0.24260012788756743	0.05126594092111793	0.06698659240884258	0.02402806017704403
2026-01-02	11	data/day5 after fix and stain for PAX8-647/11.czi	foxf1	2	44.47283669523426	0.22377650424688	0.05482736880218536	0.0679290829165804	0.036950483460416406
2026-01-02	11	data/day5 after fix and stain for PAX8-647/11.czi	foxf1	3	62.26197137332796	0.24540797096260542	0.06392953786421356	0.07055273899179237	0.04952163091408309
2026-01-02	11	data/day5 after fix and stain for PAX8-647/11.czi	foxf1	4	80.05110605142167	0.25937945456482225	0.06963184187463771	0.07333067190769332	0.05903211669255047
2026-01-02	11	data/day5 after fix and stain for PAX8-647/11.czi	foxf1	5	97.84024072951536	0.28567571944639	0.07765776504129072	0.078752844791356	0.06958886814394125
2026-01-02	11	data/day5 after fix and stain for PAX8-647/11.czi	foxf1	6	115.62937540760907	0.3304668644535844	0.08900815549827068	0.08629790257057496	0.08302945341092483
2026-01-02	11	data/day5 after fix and stain for PAX8-647/11.czi	foxf1	7	133.41851008570276	0.35087486939166423	0.09861319389237834	0.09245984995826184	0.10135877873109536
2026-01-02	11	data/day5 after fix and stain for PAX8-647/11.czi	foxf1	8	151.20764476379648	0.3522159605936552	0.10250241827012274	0.09469767445289674	0.11782177948707294
2026-01-02	11	data/day5 after fix and stain for PAX8-647/11.czi	foxf1	9	168.99677944189017	0.37287157893946804	0.10461774392126383	0.09614874720615463	0.13011277623129622
2026-01-02	11	data/day5 after fix and stain for PAX8-647/11.czi	foxf1	10	186.7859141199839	0.3983428783316253	0.10004008440541272	0.0911980763520005	0.13137261511282303
2026-01-02	11	data/day5 after fix and stain for PAX8-647/11.czi	foxf1	11	204.57504879807757	0.33604529953523454	0.08338883812335977	0.07655275497470097	0.11601094348594798
2026-01-02	11	data/day5 after fix and stain for PAX8-647/11.czi	foxf1	12	222.3641834761713	0.26969417602198453	0.048990958582846945	0.0448940664757939	0.0670161640602244
2026-01-02	11	data/day5 after fix and stain for PAX8-647/11.czi	foxf1	13	240.15331815426498	0.2708918526285984	0.014967728899559923	0.01384743112322781	0.01777356022244983
2026-01-02	11	data/day5 after fix and stain for PAX8-647/11.czi	foxf1	14	257.9424528323587		0.001731336894364558	0.0016580463507147574	0.001390004433486124
2026-01-02	11	data/day5 after fix and stain for PAX8-647/11.czi	foxf1	15	275.7315875104524		0.0	0.0	0.0
2026-01-02	11	data/day5 after fix and stain for PAX8-647/11.czi	foxf1	16	293.5207221885461		0.0	0.0	0.0
2026-01-02	11	data/day5 after fix and stain for PAX8-647/11.czi	foxf1	17	311.30985686663985		0.0	0.0	0.0
2026-01-02	11	data/day5 after fix and stain for PAX8-647/11.czi	foxf1	18	329.0989915447335		0.0	0.0	0.0
2026-01-02	11	data/day5 after fix and stain for PAX8-647/11.czi	foxf1	19	346.88812622282717		0.0	0.0	0.0
2026-01-02	11	data/day5 after fix and stain for PAX8-647/11.czi	foxf1	20	364.67726090092094		0.0	0.0	0.0
2026-01-02	11	data/day5 after fix and stain for PAX8-647/11.czi	foxf1	21	382.4663955790146		0.0	0.0	0.0
2026-01-02	11	data/day5 after fix and stain for PAX8-647/11.czi	foxf1	22	400.25553025710826		0.0	0.0	0.0
2026-01-02	11	data/day5 after fix and stain for PAX8-647/11.czi	foxf1	23	418.04466493520204		0.0	0.0	0.0
2026-01-02	11	data/day5 after fix and stain for PAX8-647/11.czi	mesp2	0	8.894567339046851				
2026-01-02	11	data/day5 after fix and stain for PAX8-647/11.czi	mesp2	1	26.683702017140554	0.10999578349169684	0.03023444957141144	0.013530038293819888	0.010582409558125025
2026-01-02	11	data/day5 after fix and stain for PAX8-647/11.czi	mesp2	2	44.47283669523426	0.09929848332255975	0.02441001310178088	0.008485159315790868	0.006139844721171748
2026-01-02	11	data/day5 after fix and stain for PAX8-647/11.czi	mesp2	3	62.26197137332796	0.08063719593307787	0.018255530756707796	0.006058971233531071	0.0037326559561397456
2026-01-02	11	data/day5 after fix and stain for PAX8-647/11.czi	mesp2	4	80.05110605142167	0.06551733205239088	0.01333896491320022	0.006052778614043013	0.001676488900125631
2026-01-02	11	data/day5 after fix and stain for PAX8-647/11.czi	mesp2	5	97.84024072951536	0.08897361799251871	0.024608855811026523	0.018897338964631263	0.011425753464471052
2026-01-02	11	data/day5 after fix and stain for PAX8-647/11.czi	mesp2	6	115.62937540760907	0.13588139160537482	0.06492414348250307	0.06371523459853494	0.06594063703465002
2026-01-02	11	data/day5 after fix and stain for PAX8-647/11.czi	mesp2	7	133.41851008570276	0.19670972374001877	0.11851613947423928	0.12333360043210641	0.14224089720017047
2026-01-02	11	data/day5 after fix and stain for PAX8-647/11.czi	mesp2	8	151.20764476379648	0.2731217175573617	0.1547937030022132	0.166114845317602	0.1889411352384748
2026-01-02	11	data/day5 after fix and stain for PAX8-647/11.czi	mesp2	9	168.99677944189017	0.3893534508943426	0.16714826079704365	0.1805931551717799	0.19201031534501245
2026-01-02	11	data/day5 after fix and stain for PAX8-647/11.czi	mesp2	10	186.7859141199839	0.4905996832352102	0.15983063041738577	0.1752920348937285	0.17573046034538967
2026-01-02	11	data/day5 after fix and stain for PAX8-647/11.czi	mesp2	11	204.57504879807757	0.5266578592977148	0.1389741900390525	0.1538087913502144	0.14593253100594564
2026-01-02	11	data/day5 after fix and stain for PAX8-647/11.czi	mesp2	12	222.3641834761713	0.37146404461547766	0.0625526901765317	0.07561605406033152	0.05624598376116066
2026-01-02	11	data/day5 after fix and stain for PAX8-647/11.czi	mesp2	13	240.15331815426498	0.11131300784177586	0.010997870032045675	0.015215823228096344	0.007809755562726856
2026-01-02	11	data/day5 after fix and stain for PAX8-647/11.czi	mesp2	14	257.9424528323587		0.0001681727491498317	0.00045570835169778394	3.179688692641448e-05
2026-01-02	11	data/day5 after fix and stain for PAX8-647/11.czi	mesp2	15	275.7315875104524		0.0	0.0	0.0
2026-01-02	11	data/day5 after fix and stain for PAX8-647/11.czi	mesp2	16	293.5207221885461		0.0	0.0	0.0
2026-01-02	11	data/day5 after fix and stain for PAX8-647/11.czi	mesp2	17	311.30985686663985		0.0	0.0	0.0
2026-01-02	11	data/day5 after fix and stain for PAX8-647/11.czi	mesp2	18	329.0989915447335		0.0	0.0	0.0
2026-01-02	11	data/day5 after fix and stain for PAX8-647/11.czi	mesp2	19	346.88812622282717		0.0	0.0	0.0
2026-01-02	11	data/day5 after fix and stain for PAX8-647/11.czi	mesp2	20	364.67726090092094		0.0	0.0	0.0
2026-01-02	11	data/day5 after fix and stain for PAX8-647/11.czi	mesp2	21	382.4663955790146		0.0	0.0	0.0
2026-01-02	11	data/day5 after fix and stain for PAX8-647/11.czi	mesp2	22	400.25553025710826		0.0	0.0	0.0
2026-01-02	11	data/day5 after fix and stain for PAX8-647/11.czi	mesp2	23	418.04466493520204		0.0	0.0	0.0
2026-01-02	11	data/day5 after fix and stain for PAX8-647/11.czi	pax8	0	8.894567339046851				
2026-01-02	11	data/day5 after fix and stain for PAX8-647/11.czi	pax8	1	26.683702017140554	0.054984955364946436	0.043401305206200586	0.09876513495487152	0.031449405919309205
2026-01-02	11	data/day5 after fix and stain for PAX8-647/11.czi	pax8	2	44.47283669523426	0.055428050554434935	0.043243756022089616	0.09821978546875379	0.030870431140737682
2026-01-02	11	data/day5 after fix and stain for PAX8-647/11.czi	pax8	3	62.26197137332796	0.09308383809970502	0.07095179084828154	0.09739471493133457	0.04732028549756564
2026-01-02	11	data/day5 after fix and stain for PAX8-647/11.czi	pax8	4	80.05110605142167	0.11019236869900594	0.0855968151789872	0.09560747361113009	0.07707891721802859
2026-01-02	11	data/day5 after fix and stain for PAX8-647/11.czi	pax8	5	97.84024072951536	0.12629037547968774	0.0997054707893737	0.09455863147461577	0.10678280342454041
2026-01-02	11	data/day5 after fix and stain for PAX8-647/11.czi	pax8	6	115.62937540760907	0.15338715145837092	0.11922107039163979	0.09050489049451317	0.14193814097658247
2026-01-02	11	data/day5 after fix and stain for PAX8-647/11.czi	pax8	7	133.41851008570276	0.18593445612684947	0.13838840795099794	0.08341382764262278	0.17218592686137846
2026-01-02	11	data/day5 after fix and stain for PAX8-647/11.czi	pax8	8	151.20764476379648	0.18789649048873938	0.1276813927394331	0.07256363105212428	0.16115242833713958
2026-01-02	11	data/day5 after fix and stain for PAX8-647/11.czi	pax8	9	168.99677944189017	0.1985344944203461	0.11121113844024658	0.06236992259172962	0.12026638719298377
2026-01-02	11	data/day5 after fix and stain for PAX8-647/11.czi	pax8	10	186.7859141199839	0.19629131369634156	0.08588492750208525	0.05276844847084804	0.07261420397185464
2026-01-02	11	data/day5 after fix and stain for PAX8-647/11.czi	pax8	11	204.57504879807757	0.11377228715672538	0.04155200792834748	0.042299297204044004	0.021975354462529594
2026-01-02	11	data/day5 after fix and stain for PAX8-647/11.czi	pax8	12	222.3641834761713	0.023375983326628505	0.007778016166625535	0.02581442657109293	0.0024900034760218497
2026-01-02	11	data/day5 after fix and stain for PAX8-647/11.czi	pax8	13	240.15331815426498	0.00015305862145199053	3.4007209248909366e-05	0.008172482376346603	1.5204659936891638e-05
2026-01-02	11	data/day5 after fix and stain for PAX8-647/11.czi	pax8	14	257.9424528323587		0.0	0.0009601222446725668	0.0
2026-01-02	11	data/day5 after fix and stain for PAX8-647/11.czi	pax8	15	275.7315875104524		0.0	0.0	0.0
2026-01-02	11	data/day5 after fix and stain for PAX8-647/11.czi	pax8	16	293.5207221885461		0.0	0.0	0.0
2026-01-02	11	data/day5 after fix and stain for PAX8-647/11.czi	pax8	17	311.30985686663985		0.0	0.0	0.0
2026-01-02	11	data/day5 after fix and stain for PAX8-647/11.czi	pax8	18	329.0989915447335		0.0	0.0	0.0
2026-01-02	11	data/day5 after fix and stain for PAX8-647/11.czi	pax8	19	346.88812622282717		0.0	0.0	0.0
2026-01-02	11	data/day5 after fix and stain for PAX8-647/11.czi	pax8	20	364.67726090092094		0.0	0.0	0.0
2026-01-02	11	data/day5 after fix and stain for PAX8-647/11.czi	pax8	21	382.4663955790146		0.0	0.0	0.0
2026-01-02	11	data/day5 after fix and stain for PAX8-647/11.czi	pax8	22	400.25553025710826		0.0	0.0	0.0
2026-01-02	11	data/day5 after fix and stain for PAX8-647/11.czi	pax8	23	418.04466493520204		0.0	0.0	0.0
2026-01-02	12	data/day5 after fix and stain for PAX8-647/12.czi	foxf1	0	8.894567339046851				
2026-01-02	12	data/day5 after fix and stain for PAX8-647/12.czi	foxf1	1	26.683702017140554	0.00406859184784037	0.005712625413178413	0.13599728710987563	0.0038112469884887066
2026-01-02	12	data/day5 after fix and stain for PAX8-647/12.czi	foxf1	2	44.47283669523426	0.03373706406429241	0.04896016072296368	0.14374088509955343	0.027523351108186093
2026-01-02	12	data/day5 after fix and stain for PAX8-647/12.czi	foxf1	3	62.26197137332796	0.08517505145438005	0.12808153469397215	0.14769773174498002	0.09659956996606114
2026-01-02	12	data/day5 after fix and stain for PAX8-647/12.czi	foxf1	4	80.05110605142167	0.11443941066243049	0.17492195133193805	0.1410557004868695	0.1689049506373124
2026-01-02	12	data/day5 after fix and stain for PAX8-647/12.czi	foxf1	5	97.84024072951536	0.1227799913935213	0.18232590366391385	0.12187415235804802	0.20646100962501998
2026-01-02	12	data/day5 after fix and stain for PAX8-647/12.czi	foxf1	6	115.62937540760907	0.12131038387005556	0.15881891126841843	0.0829022286837316	0.18862704321743443
2026-01-02	12	data/day5 after fix and stain for PAX8-647/12.czi	foxf1	7	133.41851008570276	0.16755405192744594	0.14753870429296792	0.054250462983426444	0.17311825175775153
2026-01-02	12	data/day5 after fix and stain for PAX8-647/12.czi	foxf1	8	151.20764476379648	0.18950616017049354	0.1206415183734935	0.04080944945153756	0.11295085106245213
2026-01-02	12	data/day5 after fix and stain for PAX8-647/12.czi	foxf1	9	168.99677944189017	0.08958613105532272	0.047180342359508534	0.022117690589355067	0.036745729502417016
2026-01-02	12	data/day5 after fix and stain for PAX8-647/12.czi	foxf1	10	186.7859141199839	0.014048788058353821	0.0066516812129785025	0.0026058707118580063	0.004604598095087911
2026-01-02	12	data/day5 after fix and stain for PAX8-647/12.czi	foxf1	11	204.57504879807757	0.0	0.0	-0.0003751651911326583	2.135590420117491e-06
2026-01-02	12	data/day5 after fix and stain for PAX8-647/12.czi	foxf1	12	222.3641834761713		0.0	1.1226555709497703e-05	0.0
2026-01-02	12	data/day5 after fix and stain for PAX8-647/12.czi	foxf1	13	240.15331815426498		0.0	0.0	0.0
2026-01-02	12	data/day5 after fix and stain for PAX8-647/12.czi	foxf1	14	257.9424528323587		0.0	0.0	0.0
2026-01-02	12	data/day5 after fix and stain for PAX8-647/12.czi	foxf1	15	275.7315875104524		0.0	0.0	0.0
2026-01-02	12	data/day5 after fix and stain for PAX8-647/12.czi	foxf1	16	293.5207221885461		0.0	0.0	0.0
2026-01-02	12	data/day5 after fix and stain for PAX8-647/12.czi	foxf1	17	311.30985686663985		0.0	0.0	0.0
2026-01-02	12	data/day5 after fix and stain for PAX8-647/12.czi	foxf1	18	329.0989915447335		0.0	0.0	0.0
2026-01-02	12	data/day5 after fix and stain for PAX8-647/12.czi	foxf1	19	346.88812622282717		0.0	0.0	0.0
2026-01-02	12	data/day5 after fix and stain for PAX8-647/12.czi	foxf1	20	364.67726090092094		0.0	0.0	0.0
2026-01-02	12	data/day5 after fix and stain for PAX8-647/12.czi	foxf1	21	382.4663955790146		0.0	0.0	0.0
2026-01-02	12	data/day5 after fix and stain for PAX8-647/12.czi	foxf1	22	400.25553025710826		0.0	0.0	0.0
2026-01-02	12	data/day5 after fix and stain for PAX8-647/12.czi	foxf1	23	418.04466493520204		0.0	0.0	0.0
2026-01-02	12	data/day5 after fix and stain for PAX8-647/12.czi	mesp2	0	8.894567339046851				
2026-01-02	12	data/day5 after fix and stain for PAX8-647/12.czi	mesp2	1	26.683702017140554	0.5832922105362807	0.23024875930187289	0.21884781459489377	0.2560076781814183
2026-01-02	12	data/day5 after fix and stain for PAX8-647/12.czi	mesp2	2	44.47283669523426	0.5610405599502012	0.20368301529554078	0.19635280045007766	0.21459777393108498
2026-01-02	12	data/day5 after fix and stain for PAX8-647/12.czi	mesp2	3	62.26197137332796	0.5084265070445204	0.15602506385713363	0.15532249621727018	0.14284082632261128
2026-01-02	12	data/day5 after fix and stain for PAX8-647/12.czi	mesp2	4	80.05110605142167	0.40784231538732557	0.09933612391596809	0.10651774163582448	0.07198218441897399
2026-01-02	12	data/day5 after fix and stain for PAX8-647/12.czi	mesp2	5	97.84024072951536	0.25435582493487985	0.05425697689127459	0.06788970484545379	0.03544094835094124
2026-01-02	12	data/day5 after fix and stain for PAX8-647/12.czi	mesp2	6	115.62937540760907	0.1346284430147447	0.0246188714995938	0.0357457797135798	0.015624152898139645
2026-01-02	12	data/day5 after fix and stain for PAX8-647/12.czi	mesp2	7	133.41851008570276	0.07275936534833148	0.008166049964678072	0.013479474032027032	0.003844692982841187
2026-01-02	12	data/day5 after fix and stain for PAX8-647/12.czi	mesp2	8	151.20764476379648	0.01405241174786856	0.0011957196058727379	0.002305718976094594	0.0004186089958473692
2026-01-02	12	data/day5 after fix and stain for PAX8-647/12.czi	mesp2	9	168.99677944189017	0.0006438969764837477	3.926871931460646e-05	-0.0024675451919864296	1.990011613924651e-05
2026-01-02	12	data/day5 after fix and stain for PAX8-647/12.czi	mesp2	10	186.7859141199839	0.0	0.0	-0.0028422166753582006	2.75023500990829e-06
2026-01-02	12	data/day5 after fix and stain for PAX8-647/12.czi	mesp2	11	204.57504879807757	0.0	0.0	-0.0006602940603371919	2.531353729631457e-08
2026-01-02	12	data/day5 after fix and stain for PAX8-647/12.czi	mesp2	12	222.3641834761713		0.0	-1.795434564794097e-06	0.0
2026-01-02	12	data/day5 after fix and stain for PAX8-647/12.czi	mesp2	13	240.15331815426498		0.0	0.0	0.0
2026-01-02	12	data/day5 after fix and stain for PAX8-647/12.czi	mesp2	14	257.9424528323587		0.0	0.0	0.0
2026-01-02	12	data/day5 after fix and stain for PAX8-647/12.czi	mesp2	15	275.7315875104524		0.0	0.0	0.0
2026-01-02	12	data/day5 after fix and stain for PAX8-647/12.czi	mesp2	16	293.5207221885461		0.0	0.0	0.0
2026-01-02	12	data/day5 after fix and stain for PAX8-647/12.czi	mesp2	17	311.30985686663985		0.0	0.0	0.0
2026-01-02	12	data/day5 after fix and stain for PAX8-647/12.czi	mesp2	18	329.0989915447335		0.0	0.0	0.0
2026-01-02	12	data/day5 after fix and stain for PAX8-647/12.czi	mesp2	19	346.88812622282717		0.0	0.0	0.0
2026-01-02	12	data/day5 after fix and stain for PAX8-647/12.czi	mesp2	20	364.67726090092094		0.0	0.0	0.0
2026-01-02	12	data/day5 after fix and stain for PAX8-647/12.czi	mesp2	21	382.4663955790146		0.0	0.0	0.0
2026-01-02	12	data/day5 after fix and stain for PAX8-647/12.czi	mesp2	22	400.25553025710826		0.0	0.0	0.0
2026-01-02	12	data/day5 after fix and stain for PAX8-647/12.czi	mesp2	23	418.04466493520204		0.0	0.0	0.0
2026-01-02	12	data/day5 after fix and stain for PAX8-647/12.czi	pax8	0	8.894567339046851				
2026-01-02	12	data/day5 after fix and stain for PAX8-647/12.czi	pax8	1	26.683702017140554	0.07058744686583465	0.0312279623533773	0.10268734700541922	0.013302398033854442
2026-01-02	12	data/day5 after fix and stain for PAX8-647/12.czi	pax8	2	44.47283669523426	0.19137824257110114	0.09314309221571646	0.1163364628009063	0.05551816141783765
2026-01-02	12	data/day5 after fix and stain for PAX8-647/12.czi	pax8	3	62.26197137332796	0.25012947672098895	0.1423783946991835	0.13185946146830307	0.12015046455910097
2026-01-02	12	data/day5 after fix and stain for PAX8-647/12.czi	pax8	4	80.05110605142167	0.2576793166023004	0.16390300707693392	0.1372226876526462	0.16764945439141235
2026-01-02	12	data/day5 after fix and stain for PAX8-647/12.czi	pax8	5	97.84024072951536	0.24431751049961486	0.15832398352299334	0.12707046575200287	0.17569892362030307
2026-01-02	12	data/day5 after fix and stain for PAX8-647/12.czi	pax8	6	115.62937540760907	0.2155769114564474	0.13428763458167456	0.10455002275974055	0.16282696130078322
2026-01-02	12	data/day5 after fix and stain for PAX8-647/12.czi	pax8	7	133.41851008570276	0.28225284758318564	0.12248899857627613	0.08418656468207844	0.15228315895507621
2026-01-02	12	data/day5 after fix and stain for PAX8-647/12.czi	pax8	8	151.20764476379648	0.32389356001423064	0.09845876880854429	0.06494874674759497	0.11458616248868786
2026-01-02	12	data/day5 after fix and stain for PAX8-647/12.czi	pax8	9	168.99677944189017	0.2659126056427565	0.051972433131397135	0.03963837970509674	0.0452806512941955
2026-01-02	12	data/day5 after fix and stain for PAX8-647/12.czi	pax8	10	186.7859141199839	0.06200366436561175	0.009499219076024079	0.013486699631459948	0.0066220639138140774
2026-01-02	12	data/day5 after fix and stain for PAX8-647/12.czi	pax8	11	204.57504879807757	0.002237471735815324	0.00011590161494695757	0.0018939454967995331	1.1703585794099066e-05
2026-01-02	12	data/day5 after fix and stain for PAX8-647/12.czi	pax8	12	222.3641834761713		0.0	1.8977495851224763e-05	0.0
2026-01-02	12	data/day5 after fix and stain for PAX8-647/12.czi	pax8	13	240.15331815426498		0.0	0.0	0.0
2026-01-02	12	data/day5 after fix and stain for PAX8-647/12.czi	pax8	14	257.9424528323587		0.0	0.0	0.0
2026-01-02	12	data/day5 after fix and stain for PAX8-647/12.czi	pax8	15	275.7315875104524		0.0	0.0	0.0
2026-01-02	12	data/day5 after fix and stain for PAX8-647/12.czi	pax8	16	293.5207221885461		0.0	0.0	0.0
2026-01-02	12	data/day5 after fix and stain for PAX8-647/12.czi	pax8	17	311.30985686663985		0.0	0.0	0.0
2026-01-02	12	data/day5 after fix and stain for PAX8-647/12.czi	pax8	18	329.0989915447335		0.0	0.0	0.0
2026-01-02	12	data/day5 after fix and stain for PAX8-647/12.czi	pax8	19	346.88812622282717		0.0	0.0	0.0
2026-01-02	12	data/day5 after fix and stain for PAX8-647/12.czi	pax8	20	364.67726090092094		0.0	0.0	0.0
2026-01-02	12	data/day5 after fix and stain for PAX8-647/12.czi	pax8	21	382.4663955790146		0.0	0.0	0.0
2026-01-02	12	data/day5 after fix and stain for PAX8-647/12.czi	pax8	22	400.25553025710826		0.0	0.0	0.0
2026-01-02	12	data/day5 after fix and stain for PAX8-647/12.czi	pax8	23	418.04466493520204		0.0	0.0	0.0
2026-01-02	13	data/day5 after fix and stain for PAX8-647/13.czi	foxf1	0	8.894567339046851				
2026-01-02	13	data/day5 after fix and stain for PAX8-647/13.czi	foxf1	1	26.683702017140554	0.06363449483235821	0.01463605702642808	0.06788083650040955	0.001360375535846497
2026-01-02	13	data/day5 after fix and stain for PAX8-647/13.czi	foxf1	2	44.47283669523426	0.05241832372282387	0.012374159504359435	0.064383894662813	0.0015146902126399301
2026-01-02	13	data/day5 after fix and stain for PAX8-647/13.czi	foxf1	3	62.26197137332796	0.0473711792895554	0.011377629336157283	0.06130313708832303	0.0016786353376782677
2026-01-02	13	data/day5 after fix and stain for PAX8-647/13.czi	foxf1	4	80.05110605142167	0.09944168656033467	0.024543383391477415	0.05966740529454075	0.005184643810610585
2026-01-02	13	data/day5 after fix and stain for PAX8-647/13.czi	foxf1	5	97.84024072951536	0.13378770580606192	0.037827443751094425	0.05935153605823806	0.018869576174927738
2026-01-02	13	data/day5 after fix and stain for PAX8-647/13.czi	foxf1	6	115.62937540760907	0.17483071785008591	0.054042135072200834	0.06115930627797889	0.035496395496236226
2026-01-02	13	data/day5 after fix and stain for PAX8-647/13.czi	foxf1	7	133.41851008570276	0.21276155399358485	0.07125404741931828	0.06476800587767576	0.05627416210155066
2026-01-02	13	data/day5 after fix and stain for PAX8-647/13.czi	foxf1	8	151.20764476379648	0.24200910230573627	0.08870122238821715	0.07132831228904485	0.08068787934262851
2026-01-02	13	data/day5 after fix and stain for PAX8-647/13.czi	foxf1	9	168.99677944189017	0.2592928360829812	0.10607586112136219	0.07663869871002854	0.11019365685126459
2026-01-02	13	data/day5 after fix and stain for PAX8-647/13.czi	foxf1	10	186.7859141199839	0.30603115125493774	0.11822961155236181	0.07692477249689815	0.13468527054037527
2026-01-02	13	data/day5 after fix and stain for PAX8-647/13.czi	foxf1	11	204.57504879807757	0.44457889807769446	0.12047545704248507	0.07395047667510546	0.14580328906146145
2026-01-02	13	data/day5 after fix and stain for PAX8-647/13.czi	foxf1	12	222.3641834761713	0.7040476679767325	0.1135178684302315	0.06865871796225297	0.14167622868200125
2026-01-02	13	data/day5 after fix and stain for PAX8-647/13.czi	foxf1	13	240.15331815426498	0.882516707618607	0.09648153031382531	0.058564870263046846	0.12111262410923387
2026-01-02	13	data/day5 after fix and stain for PAX8-647/13.czi	foxf1	14	257.9424528323587	0.9199661473090414	0.07552690046490339	0.04600052057473633	0.09361119458369745
2026-01-02	13	data/day5 after fix and stain for PAX8-647/13.czi	foxf1	15	275.7315875104524	0.8923198775097315	0.04705048706443572	0.02890394945018957	0.054325328155150863
2026-01-02	13	data/day5 after fix and stain for PAX8-647/13.czi	foxf1	16	293.5207221885461	0.7338893085404654	0.016724092653186938	0.010780957920530873	0.016134768435787653
2026-01-02	13	data/day5 after fix and stain for PAX8-647/13.czi	foxf1	17	311.30985686663985		0.0022986645595857577	0.0016631098885129068	0.0013676361483650023
2026-01-02	13	data/day5 after fix and stain for PAX8-647/13.czi	foxf1	18	329.0989915447335		0.0	0.0	0.0
2026-01-02	13	data/day5 after fix and stain for PAX8-647/13.czi	foxf1	19	346.88812622282717		0.0	0.0	0.0
2026-01-02	13	data/day5 after fix and stain for PAX8-647/13.czi	foxf1	20	364.67726090092094		0.0	0.0	0.0
2026-01-02	13	data/day5 after fix and stain for PAX8-647/13.czi	foxf1	21	382.4663955790146		0.0	0.0	0.0
2026-01-02	13	data/day5 after fix and stain for PAX8-647/13.czi	foxf1	22	400.25553025710826		0.0	0.0	0.0
2026-01-02	13	data/day5 after fix and stain for PAX8-647/13.czi	foxf1	23	418.04466493520204		0.0	0.0	0.0
2026-01-02	13	data/day5 after fix and stain for PAX8-647/13.czi	mesp2	0	8.894567339046851				
2026-01-02	13	data/day5 after fix and stain for PAX8-647/13.czi	mesp2	1	26.683702017140554	0.6588376040607692	0.16054757562063512	0.15480557973283454	0.17496471423551624
2026-01-02	13	data/day5 after fix and stain for PAX8-647/13.czi	mesp2	2	44.47283669523426	0.6465749191158838	0.15094351004770692	0.14587827933371744	0.16240117916845437
2026-01-02	13	data/day5 after fix and stain for PAX8-647/13.czi	mesp2	3	62.26197137332796	0.6306756772459838	0.13261723115175253	0.12914110096894288	0.13699134015830572
2026-01-02	13	data/day5 after fix and stain for PAX8-647/13.czi	mesp2	4	80.05110605142167	0.607275021108892	0.10994037278943988	0.10870602497454741	0.107820171479425
2026-01-02	13	data/day5 after fix and stain for PAX8-647/13.czi	mesp2	5	97.84024072951536	0.586686639061538	0.09005941566173906	0.09083148669337171	0.08573065826364112
2026-01-02	13	data/day5 after fix and stain for PAX8-647/13.czi	mesp2	6	115.62937540760907	0.5239074596566496	0.06996161313840527	0.07242216778850083	0.0626305719347132
2026-01-02	13	data/day5 after fix and stain for PAX8-647/13.czi	mesp2	7	133.41851008570276	0.4756547258334692	0.05227763866111953	0.05552021125781151	0.04168315926583113
2026-01-02	13	data/day5 after fix and stain for PAX8-647/13.czi	mesp2	8	151.20764476379648	0.40212713805509426	0.04106649504394039	0.045105160233961605	0.031857227819160734
2026-01-02	13	data/day5 after fix and stain for PAX8-647/13.czi	mesp2	9	168.99677944189017	0.29941669239290575	0.02877947555083294	0.03300223844112421	0.022271347937493656
2026-01-02	13	data/day5 after fix and stain for PAX8-647/13.czi	mesp2	10	186.7859141199839	0.1917683503845776	0.014494997612314896	0.01777651621415129	0.010575445242519979
2026-01-02	13	data/day5 after fix and stain for PAX8-647/13.czi	mesp2	11	204.57504879807757	0.11077526202144378	0.005167949326209805	0.0066266753195862605	0.0033925333870516994
2026-01-02	13	data/day5 after fix and stain for PAX8-647/13.czi	mesp2	12	222.3641834761713	0.026625444306769733	0.0008854741206852554	0.0014880139572628981	0.0005286879476219086
2026-01-02	13	data/day5 after fix and stain for PAX8-647/13.czi	mesp2	13	240.15331815426498	0.0009322077787559994	1.3729515212890089e-05	0.00046928915927498124	4.649259770089951e-06
2026-01-02	13	data/day5 after fix and stain for PAX8-647/13.czi	mesp2	14	257.9424528323587	0.0	0.0	0.0004195370762002187	0.0
2026-01-02	13	data/day5 after fix and stain for PAX8-647/13.czi	mesp2	15	275.7315875104524	0.0	0.0	0.0003423783801827103	0.0
2026-01-02	13	data/day5 after fix and stain for PAX8-647/13.czi	mesp2	16	293.5207221885461	0.0	0.0	0.00017232567847119213	0.0
2026-01-02	13	data/day5 after fix and stain for PAX8-647/13.czi	mesp2	17	311.30985686663985		0.0	3.624025650253517e-05	0.0
2026-01-02	13	data/day5 after fix and stain for PAX8-647/13.czi	mesp2	18	329.0989915447335		0.0	0.0	0.0
2026-01-02	13	data/day5 after fix and stain for PAX8-647/13.czi	mesp2	19	346.88812622282717		0.0	0.0	0.0
2026-01-02	13	data/day5 after fix and stain for PAX8-647/13.czi	mesp2	20	364.67726090092094		0.0	0.0	0.0
2026-01-02	13	data/day5 after fix and stain for PAX8-647/13.czi	mesp2	21	382.4663955790146		0.0	0.0	0.0
2026-01-02	13	data/day5 after fix and stain for PAX8-647/13.czi	mesp2	22	400.25553025710826		0.0	0.0	0.0
2026-01-02	13	data/day5 after fix and stain for PAX8-647/13.czi	mesp2	23	418.04466493520204		0.0	0.0	0.0
2026-01-02	13	data/day5 after fix and stain for PAX8-647/13.czi	pax8	0	8.894567339046851				
2026-01-02	13	data/day5 after fix and stain for PAX8-647/13.czi	pax8	1	26.683702017140554	0.08261224648451648	0.04175409572729956	0.0833252220738367	0.04216955306235167
2026-01-02	13	data/day5 after fix and stain for PAX8-647/13.czi	pax8	2	44.47283669523426	0.08351080606228674	0.048875273731855705	0.08645759768095128	0.05635651707468445
2026-01-02	13	data/day5 after fix and stain for PAX8-647/13.czi	pax8	3	62.26197137332796	0.15516526221114307	0.07575167955744386	0.09257206991401153	0.07578989111898046
2026-01-02	13	data/day5 after fix and stain for PAX8-647/13.czi	pax8	4	80.05110605142167	0.2468741086081437	0.11511549094766173	0.10065892911329408	0.11486647417100765
2026-01-02	13	data/day5 after fix and stain for PAX8-647/13.czi	pax8	5	97.84024072951536	0.30113735288056587	0.13088984828204758	0.1016789700896477	0.1354624072558758
2026-01-02	13	data/day5 after fix and stain for PAX8-647/13.czi	pax8	6	115.62937540760907	0.30881433396804314	0.1359005357497424	0.10115404906265096	0.14866360803319903
2026-01-02	13	data/day5 after fix and stain for PAX8-647/13.czi	pax8	7	133.41851008570276	0.3302039020828451	0.1349659642968513	0.0971998572485711	0.1449484499184406
2026-01-02	13	data/day5 after fix and stain for PAX8-647/13.czi	pax8	8	151.20764476379648	0.3500091008655536	0.12937786706823912	0.09286711725833853	0.1323494591682945
2026-01-02	13	data/day5 after fix and stain for PAX8-647/13.czi	pax8	9	168.99677944189017	0.31692479870308005	0.10160802701536492	0.07957123776258253	0.09546839622230752
2026-01-02	13	data/day5 after fix and stain for PAX8-647/13.czi	pax8	10	186.7859141199839	0.21880935430675846	0.050413488476283456	0.05131415891734907	0.03878269126578621
2026-01-02	13	data/day5 after fix and stain for PAX8-647/13.czi	pax8	11	204.57504879807757	0.14368911435614654	0.018311882262309603	0.025520559776667562	0.009765477606086658
2026-01-02	13	data/day5 after fix and stain for PAX8-647/13.czi	pax8	12	222.3641834761713	0.07865281266218652	0.005183535100617078	0.012546678887187447	0.0016112578980958395
2026-01-02	13	data/day5 after fix and stain for PAX8-647/13.czi	pax8	13	240.15331815426498	0.017245843906986358	0.0007695125447259653	0.007654017620688046	0.0001299692445495608
2026-01-02	13	data/day5 after fix and stain for PAX8-647/13.czi	pax8	14	257.9424528323587	0.0	0.0	0.005171972261221097	1.9102530051530717e-08
2026-01-02	13	data/day5 after fix and stain for PAX8-647/13.czi	pax8	15	275.7315875104524	0.0	0.0	0.0031698191036076606	0.0
2026-01-02	13	data/day5 after fix and stain for PAX8-647/13.czi	pax8	16	293.5207221885461	0.0	0.0	0.0013223480753426246	0.0
2026-01-02	13	data/day5 after fix and stain for PAX8-647/13.czi	pax8	17	311.30985686663985		0.0	0.00025088297407457666	0.0
2026-01-02	13	data/day5 after fix and stain for PAX8-647/13.czi	pax8	18	329.0989915447335		0.0	0.0	0.0
2026-01-02	13	data/day5 after fix and stain for PAX8-647/13.czi	pax8	19	346.88812622282717		0.0	0.0	0.0
2026-01-02	13	data/day5 after fix and stain for PAX8-647/13.czi	pax8	20	364.67726090092094		0.0	0.0	0.0
2026-01-02	13	data/day5 after fix and stain for PAX8-647/13.czi	pax8	21	382.4663955790146		0.0	0.0	0.0
2026-01-02	13	data/day5 after fix and stain for PAX8-647/13.czi	pax8	22	400.25553025710826		0.0	0.0	0.0
2026-01-02	13	data/day5 after fix and stain for PAX8-647/13.czi	pax8	23	418.04466493520204		0.0	0.0	0.0
2026-01-02	14	data/day5 after fix and stain for PAX8-647/14.czi	foxf1	0	8.894567339046851				
2026-01-02	14	data/day5 after fix and stain for PAX8-647/14.czi	foxf1	1	26.683702017140554	0.007580692962402441	0.001984036711404103	0.05952217031922881	0.00019521979897132205
2026-01-02	14	data/day5 after fix and stain for PAX8-647/14.czi	foxf1	2	44.47283669523426	0.04152373515528651	0.012536850486957017	0.05981663702961801	0.00266085897319871
2026-01-02	14	data/day5 after fix and stain for PAX8-647/14.czi	foxf1	3	62.26197137332796	0.054389319315820375	0.018008381490020167	0.05814142279856355	0.0059270085257367225
2026-01-02	14	data/day5 after fix and stain for PAX8-647/14.czi	foxf1	4	80.05110605142167	0.08267758315188536	0.027111201787793807	0.056693587831737724	0.00948586428936121
2026-01-02	14	data/day5 after fix and stain for PAX8-647/14.czi	foxf1	5	97.84024072951536	0.12182831497417534	0.04705706930212361	0.0612403013633421	0.027564398156694994
2026-01-02	14	data/day5 after fix and stain for PAX8-647/14.czi	foxf1	6	115.62937540760907	0.14434328547999026	0.06395856507908518	0.06453529437594335	0.050227669142566725
2026-01-02	14	data/day5 after fix and stain for PAX8-647/14.czi	foxf1	7	133.41851008570276	0.16469711515718402	0.07549896727223195	0.0642671260659621	0.07110188128735345
2026-01-02	14	data/day5 after fix and stain for PAX8-647/14.czi	foxf1	8	151.20764476379648	0.2084627984921305	0.08975059206613699	0.06787515507032342	0.09263539039358507
2026-01-02	14	data/day5 after fix and stain for PAX8-647/14.czi	foxf1	9	168.99677944189017	0.23772805015349813	0.10293984918057847	0.07308963234249585	0.11157598453543797
2026-01-02	14	data/day5 after fix and stain for PAX8-647/14.czi	foxf1	10	186.7859141199839	0.25361045954454386	0.11215602394647574	0.0789602621780288	0.12683358973974643
2026-01-02	14	data/day5 after fix and stain for PAX8-647/14.czi	foxf1	11	204.57504879807757	0.2989453783334539	0.11944733193505475	0.08212000597347117	0.13775336019445664
2026-01-02	14	data/day5 after fix and stain for PAX8-647/14.czi	foxf1	12	222.3641834761713	0.3529159226877572	0.11428944444372245	0.07698618307023632	0.1324734026580027
2026-01-02	14	data/day5 after fix and stain for PAX8-647/14.czi	foxf1	13	240.15331815426498	0.47344003615753566	0.10212117731348505	0.0672061514068726	0.11709019015515419
2026-01-02	14	data/day5 after fix and stain for PAX8-647/14.czi	foxf1	14	257.9424528323587	0.6816243269384581	0.07871698916710189	0.052098120714562705	0.08506027278932142
2026-01-02	14	data/day5 after fix and stain for PAX8-647/14.czi	foxf1	15	275.7315875104524	0.6771660116977941	0.04240847012264563	0.02955112744136876	0.04075020986386666
2026-01-02	14	data/day5 after fix and stain for PAX8-647/14.czi	foxf1	16	293.5207221885461	0.4843869835029109	0.011835878862095927	0.009324395710183508	0.009195786859119936
2026-01-02	14	data/day5 after fix and stain for PAX8-647/14.czi	foxf1	17	311.30985686663985		0.001011338110602088	0.0011146077222859987	0.0002951111699992586
2026-01-02	14	data/day5 after fix and stain for PAX8-647/14.czi	foxf1	18	329.0989915447335		0.0	0.0	0.0
2026-01-02	14	data/day5 after fix and stain for PAX8-647/14.czi	foxf1	19	346.88812622282717		0.0	0.0	0.0
2026-01-02	14	data/day5 after fix and stain for PAX8-647/14.czi	foxf1	20	364.67726090092094		0.0	0.0	0.0
2026-01-02	14	data/day5 after fix and stain for PAX8-647/14.czi	foxf1	21	382.4663955790146		0.0	0.0	0.0
2026-01-02	14	data/day5 after fix and stain for PAX8-647/14.czi	foxf1	22	400.25553025710826		0.0	0.0	0.0
2026-01-02	14	data/day5 after fix and stain for PAX8-647/14.czi	foxf1	23	418.04466493520204		0.0	0.0	0.0
2026-01-02	14	data/day5 after fix and stain for PAX8-647/14.czi	mesp2	0	8.894567339046851				
2026-01-02	14	data/day5 after fix and stain for PAX8-647/14.czi	mesp2	1	26.683702017140554	0.47160608861701875	0.16853474445763555	0.16008113734479157	0.1758286578014399
2026-01-02	14	data/day5 after fix and stain for PAX8-647/14.czi	mesp2	2	44.47283669523426	0.4653009727612978	0.1608799555903146	0.15304563113955247	0.16624522531760788
2026-01-02	14	data/day5 after fix and stain for PAX8-647/14.czi	mesp2	3	62.26197137332796	0.4421827508598865	0.14284705122912586	0.136671804631717	0.14457647347783942
2026-01-02	14	data/day5 after fix and stain for PAX8-647/14.czi	mesp2	4	80.05110605142167	0.3922214238273189	0.11621682599044086	0.11315372305682045	0.11448973887101549
2026-01-02	14	data/day5 after fix and stain for PAX8-647/14.czi	mesp2	5	97.84024072951536	0.2906000776321555	0.08498331827924312	0.08635752670685486	0.08433452136372327
2026-01-02	14	data/day5 after fix and stain for PAX8-647/14.czi	mesp2	6	115.62937540760907	0.23182050350905056	0.061477793300270846	0.062320570579793864	0.059395868997454776
2026-01-02	14	data/day5 after fix and stain for PAX8-647/14.czi	mesp2	7	133.41851008570276	0.1967110031445845	0.04245402089729308	0.04418643958076298	0.03955048994528852
2026-01-02	14	data/day5 after fix and stain for PAX8-647/14.czi	mesp2	8	151.20764476379648	0.17031027726102535	0.02951268041699744	0.03299378905132481	0.026656379637761844
2026-01-02	14	data/day5 after fix and stain for PAX8-647/14.czi	mesp2	9	168.99677944189017	0.1332055729956988	0.020828575856334318	0.025198133458960145	0.018490582118728602
2026-01-02	14	data/day5 after fix and stain for PAX8-647/14.czi	mesp2	10	186.7859141199839	0.08309657623354211	0.011754124080638256	0.017745805811122194	0.010147998237372363
2026-01-02	14	data/day5 after fix and stain for PAX8-647/14.czi	mesp2	11	204.57504879807757	0.07361562930934828	0.006913763716169759	0.012774406256055758	0.004785131515500875
2026-01-02	14	data/day5 after fix and stain for PAX8-647/14.czi	mesp2	12	222.3641834761713	0.07949263893760707	0.004186086854869814	0.009508344157935661	0.0016580494363231217
2026-01-02	14	data/day5 after fix and stain for PAX8-647/14.czi	mesp2	13	240.15331815426498	0.07276827368895793	0.0024118588103123153	0.00592537300973399	0.0006600055250566624
2026-01-02	14	data/day5 after fix and stain for PAX8-647/14.czi	mesp2	14	257.9424528323587	0.021007751432199656	0.0005967973697045498	0.0020451457059470052	0.0001665181675270152
2026-01-02	14	data/day5 after fix and stain for PAX8-647/14.czi	mesp2	15	275.7315875104524	1.6175758486533354e-05	2.2400736931166878e-07	0.00029816054212316516	6.293889067810414e-08
2026-01-02	14	data/day5 after fix and stain for PAX8-647/14.czi	mesp2	16	293.5207221885461	0.0	0.0	-2.995024541803111e-05	0.0
2026-01-02	14	data/day5 after fix and stain for PAX8-647/14.czi	mesp2	17	311.30985686663985		0.0	-2.4258226632181104e-05	0.0
2026-01-02	14	data/day5 after fix and stain for PAX8-647/14.czi	mesp2	18	329.0989915447335		0.0	0.0	0.0
2026-01-02	14	data/day5 after fix and stain for PAX8-647/14.czi	mesp2	19	346.88812622282717		0.0	0.0	0.0
2026-01-02	14	data/day5 after fix and stain for PAX8-647/14.czi	mesp2	20	364.67726090092094		0.0	0.0	0.0
2026-01-02	14	data/day5 after fix and stain for PAX8-647/14.czi	mesp2	21	382.4663955790146		0.0	0.0	0.0
2026-01-02	14	data/day5 after fix and stain for PAX8-647/14.czi	mesp2	22	400.25553025710826		0.0	0.0	0.0
2026-01-02	14	data/day5 after fix and stain for PAX8-647/14.czi	mesp2	23	418.04466493520204		0.0	0.0	0.0
2026-01-02	14	data/day5 after fix and stain for PAX8-647/14.czi	pax8	0	8.894567339046851				
2026-01-02	14	data/day5 after fix and stain for PAX8-647/14.czi	pax8	1	26.683702017140554	0.049676644707816166	0.025168320582114823	0.07725445649084485	0.02327331940385608
2026-01-02	14	data/day5 after fix and stain for PAX8-647/14.czi	pax8	2	44.47283669523426	0.06616918606950074	0.03591175608512429	0.07861575103703705	0.035898818770489234
2026-01-02	14	data/day5 after fix and stain for PAX8-647/14.czi	pax8	3	62.26197137332796	0.08607026799588804	0.044673307952567236	0.0788912807091352	0.0432346072164147
2026-01-02	14	data/day5 after fix and stain for PAX8-647/14.czi	pax8	4	80.05110605142167	0.11028644681339449	0.053417999558502634	0.07862057022591797	0.04900122022663556
2026-01-02	14	data/day5 after fix and stain for PAX8-647/14.czi	pax8	5	97.84024072951536	0.1641488798624191	0.07440709913636956	0.08145061804074227	0.0653556868166086
2026-01-02	14	data/day5 after fix and stain for PAX8-647/14.czi	pax8	6	115.62937540760907	0.2031326046399887	0.09683206914484524	0.08465016448945337	0.0941451890757651
2026-01-02	14	data/day5 after fix and stain for PAX8-647/14.czi	pax8	7	133.41851008570276	0.2412406968676177	0.11301895627613318	0.08368025045129758	0.12199567647851196
2026-01-02	14	data/day5 after fix and stain for PAX8-647/14.czi	pax8	8	151.20764476379648	0.29177291739989597	0.12153758034873698	0.08031192830623432	0.1360082155477675
2026-01-02	14	data/day5 after fix and stain for PAX8-647/14.czi	pax8	9	168.99677944189017	0.3099959112558068	0.11900588821327776	0.07615645202732191	0.13108765900911326
2026-01-02	14	data/day5 after fix and stain for PAX8-647/14.czi	pax8	10	186.7859141199839	0.3041960146957268	0.10615023233393091	0.06896132194832029	0.11257627396284753
2026-01-02	14	data/day5 after fix and stain for PAX8-647/14.czi	pax8	11	204.57504879807757	0.2908425236975456	0.0831406313761762	0.056727431454029906	0.08296571115699752
2026-01-02	14	data/day5 after fix and stain for PAX8-647/14.czi	pax8	12	222.3641834761713	0.2819806572760593	0.06029735978112582	0.04285860463189307	0.05575821555161182
2026-01-02	14	data/day5 after fix and stain for PAX8-647/14.czi	pax8	13	240.15331815426498	0.28843435260323325	0.041649304051654484	0.029898871941335545	0.037633431901423806
2026-01-02	14	data/day5 after fix and stain for PAX8-647/14.czi	pax8	14	257.9424528323587	0.3047497634700678	0.023579113710932256	0.01813815887375919	0.01854764249512081
2026-01-02	14	data/day5 after fix and stain for PAX8-647/14.czi	pax8	15	275.7315875104524	0.12569716653605656	0.006423230443492162	0.008277730674803401	0.004062485299963144
2026-01-02	14	data/day5 after fix and stain for PAX8-647/14.czi	pax8	16	293.5207221885461	0.01292791706846676	0.0003226038663051888	0.0022426358400284875	6.208284308008775e-05
2026-01-02	14	data/day5 after fix and stain for PAX8-647/14.czi	pax8	17	311.30985686663985		0.0	0.00024202432639317044	0.0
2026-01-02	14	data/day5 after fix and stain for PAX8-647/14.czi	pax8	18	329.0989915447335		0.0	0.0	0.0
2026-01-02	14	data/day5 after fix and stain for PAX8-647/14.czi	pax8	19	346.88812622282717		0.0	0.0	0.0
2026-01-02	14	data/day5 after fix and stain for PAX8-647/14.czi	pax8	20	364.67726090092094		0.0	0.0	0.0
2026-01-02	14	data/day5 after fix and stain for PAX8-647/14.czi	pax8	21	382.4663955790146		0.0	0.0	0.0
2026-01-02	14	data/day5 after fix and stain for PAX8-647/14.czi	pax8	22	400.25553025710826		0.0	0.0	0.0
2026-01-02	14	data/day5 after fix and stain for PAX8-647/14.czi	pax8	23	418.04466493520204		0.0	0.0	0.0
2026-01-02	15	data/day5 after fix and stain for PAX8-647/15.czi	foxf1	0	8.894567339046851				
2026-01-02	15	data/day5 after fix and stain for PAX8-647/15.czi	foxf1	1	26.683702017140554	0.038051119184357766	0.005766020897202157	0.04230149080855516	0.0004142497360656251
2026-01-02	15	data/day5 after fix and stain for PAX8-647/15.czi	foxf1	2	44.47283669523426	0.07043860630080889	0.01155154050961766	0.042804646818984965	0.001448881762721781
2026-01-02	15	data/day5 after fix and stain for PAX8-647/15.czi	foxf1	3	62.26197137332796	0.09557401269646792	0.017459933634092848	0.044056492191187416	0.004289738224964636
2026-01-02	15	data/day5 after fix and stain for PAX8-647/15.czi	foxf1	4	80.05110605142167	0.11864785652434046	0.02446361660183951	0.04519195687812057	0.00982247670993833
2026-01-02	15	data/day5 after fix and stain for PAX8-647/15.czi	foxf1	5	97.84024072951536	0.14132751513343833	0.03343150658836312	0.046919427610266635	0.018990266767131066
2026-01-02	15	data/day5 after fix and stain for PAX8-647/15.czi	foxf1	6	115.62937540760907	0.1642801157001461	0.043739200931051964	0.04702130497851452	0.031994056566760604
2026-01-02	15	data/day5 after fix and stain for PAX8-647/15.czi	foxf1	7	133.41851008570276	0.21088708536588363	0.05602152335902689	0.04888288139980353	0.049405461980963794
2026-01-02	15	data/day5 after fix and stain for PAX8-647/15.czi	foxf1	8	151.20764476379648	0.2538815040390245	0.06949595554602611	0.0557774871565418	0.0688819457326422
2026-01-02	15	data/day5 after fix and stain for PAX8-647/15.czi	foxf1	9	168.99677944189017	0.27556887194287005	0.08203450145148813	0.06402007400798546	0.08728917616658022
2026-01-02	15	data/day5 after fix and stain for PAX8-647/15.czi	foxf1	10	186.7859141199839	0.2896650126457855	0.09319083383951507	0.07171725674765204	0.10388859049334448
2026-01-02	15	data/day5 after fix and stain for PAX8-647/15.czi	foxf1	11	204.57504879807757	0.3040879949124754	0.1005309572796551	0.07662048083832193	0.1147696111347664
2026-01-02	15	data/day5 after fix and stain for PAX8-647/15.czi	foxf1	12	222.3641834761713	0.3213612690709119	0.10378646859965705	0.07888538310728385	0.11972515083446275
2026-01-02	15	data/day5 after fix and stain for PAX8-647/15.czi	foxf1	13	240.15331815426498	0.3401407159848183	0.10179594752517201	0.07763262612389686	0.11791677199185505
2026-01-02	15	data/day5 after fix and stain for PAX8-647/15.czi	foxf1	14	257.9424528323587	0.3670025905431129	0.093638133941017	0.07199137214517642	0.10764574762637147
2026-01-02	15	data/day5 after fix and stain for PAX8-647/15.czi	foxf1	15	275.7315875104524	0.4215732341612839	0.07728632188197779	0.06060009574672072	0.08595562534158685
2026-01-02	15	data/day5 after fix and stain for PAX8-647/15.czi	foxf1	16	293.5207221885461	0.4514634176686747	0.05655839859249173	0.04576227997750887	0.05889163478766668
2026-01-02	15	data/day5 after fix and stain for PAX8-647/15.czi	foxf1	17	311.30985686663985	0.423523961852403	0.03356956476892638	0.029303139239125395	0.030053985282884443
2026-01-02	15	data/day5 after fix and stain for PAX8-647/15.czi	foxf1	18	329.0989915447335	0.2905932488703607	0.013129374931066792	0.014828386180581691	0.00853800034813652
2026-01-02	15	data/day5 after fix and stain for PAX8-647/15.czi	foxf1	19	346.88812622282717	0.0968493417985793	0.002492977817904469	0.006384777762383693	0.0007872255431960956
2026-01-02	15	data/day5 after fix and stain for PAX8-647/15.czi	foxf1	20	364.67726090092094	0.005714099325101674	7.847783093852463e-05	0.003572007093664142	7.676827704900522e-06
2026-01-02	15	data/day5 after fix and stain for PAX8-647/15.czi	foxf1	21	382.4663955790146	0.0	0.0	0.0026757040133042567	3.3890670843274514e-07
2026-01-02	15	data/day5 after fix and stain for PAX8-647/15.czi	foxf1	22	400.25553025710826	0.0	0.0	0.001682616882350568	1.32999509502085e-07
2026-01-02	15	data/day5 after fix and stain for PAX8-647/15.czi	foxf1	23	418.04466493520204	0.0	0.0	0.0006860178689853862	0.0
2026-01-02	15	data/day5 after fix and stain for PAX8-647/15.czi	mesp2	0	8.894567339046851				
2026-01-02	15	data/day5 after fix and stain for PAX8-647/15.czi	mesp2	1	26.683702017140554	0.45616209633501226	0.15753614933354812	0.15516803027747758	0.17046236862908654
2026-01-02	15	data/day5 after fix and stain for PAX8-647/15.czi	mesp2	2	44.47283669523426	0.44912057428824165	0.14480729593768674	0.14386682215128405	0.15309174911324422
2026-01-02	15	data/day5 after fix and stain for PAX8-647/15.czi	mesp2	3	62.26197137332796	0.4296189213036174	0.12867120498627552	0.12941957641383015	0.13264519798199123
2026-01-02	15	data/day5 after fix and stain for PAX8-647/15.czi	mesp2	4	80.05110605142167	0.4098593972059851	0.11358569284061869	0.11506896111678457	0.11429396065967554
2026-01-02	15	data/day5 after fix and stain for PAX8-647/15.czi	mesp2	5	97.84024072951536	0.3872082549630728	0.10093255150962269	0.10264853873016985	0.10026025415437533
2026-01-02	15	data/day5 after fix and stain for PAX8-647/15.czi	mesp2	6	115.62937540760907	0.36379322731619546	0.08418116313031657	0.08507893001968567	0.0816205575339618
2026-01-02	15	data/day5 after fix and stain for PAX8-647/15.czi	mesp2	7	133.41851008570276	0.3830730972944779	0.061149225348745284	0.06103995851841714	0.053615390077009585
2026-01-02	15	data/day5 after fix and stain for PAX8-647/15.czi	mesp2	8	151.20764476379648	0.3526635457891373	0.0377805241810167	0.0378607135026561	0.02679255055318274
2026-01-02	15	data/day5 after fix and stain for PAX8-647/15.czi	mesp2	9	168.99677944189017	0.23784838998320976	0.019021654293366278	0.02069864517104009	0.009908942021125005
2026-01-02	15	data/day5 after fix and stain for PAX8-647/15.czi	mesp2	10	186.7859141199839	0.1314767768464723	0.00823352896820218	0.009751558317473912	0.0026930739951108347
2026-01-02	15	data/day5 after fix and stain for PAX8-647/15.czi	mesp2	11	204.57504879807757	0.06302822470653849	0.0033672119564318375	0.0037280006932551325	0.0007708226627394724
2026-01-02	15	data/day5 after fix and stain for PAX8-647/15.czi	mesp2	12	222.3641834761713	0.026153167969134042	0.0013558439860221392	0.0011724525860273413	0.00035617973115668953
2026-01-02	15	data/day5 after fix and stain for PAX8-647/15.czi	mesp2	13	240.15331815426498	0.006409794519074238	0.00031943986537982013	7.942396568042485e-05	0.00010071031331291858
2026-01-02	15	data/day5 after fix and stain for PAX8-647/15.czi	mesp2	14	257.9424528323587	0.0005329875985652576	2.031638062169797e-05	-0.0005188999708055787	2.0023886817249742e-05
2026-01-02	15	data/day5 after fix and stain for PAX8-647/15.czi	mesp2	15	275.7315875104524	0.0	0.0	-0.0007790645098759908	6.359116661143222e-06
2026-01-02	15	data/day5 after fix and stain for PAX8-647/15.czi	mesp2	16	293.5207221885461	0.0	0.0	-0.0009270534593638904	3.54320471138494e-07
2026-01-02	15	data/day5 after fix and stain for PAX8-647/15.czi	mesp2	17	311.30985686663985	0.0	0.0	-0.0007753110035346202	0.0
2026-01-02	15	data/day5 after fix and stain for PAX8-647/15.czi	mesp2	18	329.0989915447335	0.0	0.0	-0.00026715749260346986	0.0
2026-01-02	15	data/day5 after fix and stain for PAX8-647/15.czi	mesp2	19	346.88812622282717	0.0	0.0	0.0002642050995293923	0.0
2026-01-02	15	data/day5 after fix and stain for PAX8-647/15.czi	mesp2	20	364.67726090092094	0.0	0.0	0.0004347441737220614	0.0
2026-01-02	15	data/day5 after fix and stain for PAX8-647/15.czi	mesp2	21	382.4663955790146	0.0	0.0	0.00036553128098768954	0.0
2026-01-02	15	data/day5 after fix and stain for PAX8-647/15.czi	mesp2	22	400.25553025710826	0.0	0.0	0.0002821160121508689	0.0
2026-01-02	15	data/day5 after fix and stain for PAX8-647/15.czi	mesp2	23	418.04466493520204	0.0	0.0	0.00015787319949997256	0.0
2026-01-02	15	data/day5 after fix and stain for PAX8-647/15.czi	pax8	0	8.894567339046851				
2026-01-02	15	data/day5 after fix and stain for PAX8-647/15.czi	pax8	1	26.683702017140554	0.11132975066836176	0.05598402587178546	0.08736417395802792	0.04374615550090766
2026-01-02	15	data/day5 after fix and stain for PAX8-647/15.czi	pax8	2	44.47283669523426	0.12851797257789985	0.08518920185015878	0.09575730870500464	0.09289109638533338
2026-01-02	15	data/day5 after fix and stain for PAX8-647/15.czi	pax8	3	62.26197137332796	0.1464744684684524	0.11012018795135665	0.10182507601364654	0.13369368475914795
2026-01-02	15	data/day5 after fix and stain for PAX8-647/15.czi	pax8	4	80.05110605142167	0.16573772471361778	0.12411052204129155	0.102261108336539	0.1530929681054854
2026-01-02	15	data/day5 after fix and stain for PAX8-647/15.czi	pax8	5	97.84024072951536	0.18418430388459112	0.12885340774416915	0.09771672222891523	0.15556466753307072
2026-01-02	15	data/day5 after fix and stain for PAX8-647/15.czi	pax8	6	115.62937540760907	0.20901091584064257	0.12306206406917773	0.08710893707894288	0.13883958814045597
2026-01-02	15	data/day5 after fix and stain for PAX8-647/15.czi	pax8	7	133.41851008570276	0.2598653155799544	0.10561129341980015	0.07127606048356991	0.10365951440026003
2026-01-02	15	data/day5 after fix and stain for PAX8-647/15.czi	pax8	8	151.20764476379648	0.2562926682499529	0.07752010061946002	0.0566774475751173	0.06415661009616835
2026-01-02	15	data/day5 after fix and stain for PAX8-647/15.czi	pax8	9	168.99677944189017	0.1965682127745249	0.053665157322869514	0.04699106946402891	0.042201419086319046
2026-01-02	15	data/day5 after fix and stain for PAX8-647/15.czi	pax8	10	186.7859141199839	0.15019529076110724	0.03995038443119822	0.04018705071092171	0.032250667480205254
2026-01-02	15	data/day5 after fix and stain for PAX8-647/15.czi	pax8	11	204.57504879807757	0.12099235540180645	0.029937329751261836	0.03420900793627687	0.023053722457737198
2026-01-02	15	data/day5 after fix and stain for PAX8-647/15.czi	pax8	12	222.3641834761713	0.0986676091777641	0.021189142111097983	0.028908273294800873	0.013919119171801667
2026-01-02	15	data/day5 after fix and stain for PAX8-647/15.czi	pax8	13	240.15331815426498	0.0663211246884185	0.01144271057758967	0.023609169688701775	0.005209320751821958
2026-01-02	15	data/day5 after fix and stain for PAX8-647/15.czi	pax8	14	257.9424528323587	0.017365761919180045	0.0026260959333401614	0.01830620295104428	0.0008297397197872592
2026-01-02	15	data/day5 after fix and stain for PAX8-647/15.czi	pax8	15	275.7315875104524	0.00022672320207528442	2.5494071258012806e-05	0.013666116391873366	1.3323521646682839e-06
2026-01-02	15	data/day5 after fix and stain for PAX8-647/15.czi	pax8	16	293.5207221885461	0.0	0.0	0.010258793652606141	0.0
2026-01-02	15	data/day5 after fix and stain for PAX8-647/15.czi	pax8	17	311.30985686663985	0.0	0.0	0.0076984075416787374	0.0
2026-01-02	15	data/day5 after fix and stain for PAX8-647/15.czi	pax8	18	329.0989915447335	0.0	0.0	0.00531997566049561	0.0
2026-01-02	15	data/day5 after fix and stain for PAX8-647/15.czi	pax8	19	346.88812622282717	0.0	0.0	0.003469059865389852	0.0
2026-01-02	15	data/day5 after fix and stain for PAX8-647/15.czi	pax8	20	364.67726090092094	0.0	0.0	0.00242361398971003	0.0
2026-01-02	15	data/day5 after fix and stain for PAX8-647/15.czi	pax8	21	382.4663955790146	0.0	0.0	0.0017195430377865996	0.0
2026-01-02	15	data/day5 after fix and stain for PAX8-647/15.czi	pax8	22	400.25553025710826	0.0	0.0	0.001061044837568039	0.0
2026-01-02	15	data/day5 after fix and stain for PAX8-647/15.czi	pax8	23	418.04466493520204	0.0	0.0	0.0004742414480359878	0.0
2026-01-02	16	data/day5 after fix and stain for PAX8-647/16.czi	foxf1	0	8.894567339046851				
2026-01-02	16	data/day5 after fix and stain for PAX8-647/16.czi	foxf1	1	26.683702017140554	0.3645985793736232	0.031448012605055566	0.04475567441856108	0.008315468860086904
2026-01-02	16	data/day5 after fix and stain for PAX8-647/16.czi	foxf1	2	44.47283669523426	0.3494773985437364	0.0322012007784005	0.0451547316425285	0.011416308926332266
2026-01-02	16	data/day5 after fix and stain for PAX8-647/16.czi	foxf1	3	62.26197137332796	0.35814867841264203	0.03509308148342765	0.04653628361048416	0.016173418357261944
2026-01-02	16	data/day5 after fix and stain for PAX8-647/16.czi	foxf1	4	80.05110605142167	0.3611984251575683	0.03873047531611832	0.048898002149439686	0.02281067433990566
2026-01-02	16	data/day5 after fix and stain for PAX8-647/16.czi	foxf1	5	97.84024072951536	0.375413784945077	0.044588807233998044	0.05229445321833254	0.032315742033242126
2026-01-02	16	data/day5 after fix and stain for PAX8-647/16.czi	foxf1	6	115.62937540760907	0.4132086377244497	0.05324816946581427	0.05727495915774925	0.044575088918371045
2026-01-02	16	data/day5 after fix and stain for PAX8-647/16.czi	foxf1	7	133.41851008570276	0.4334422764150889	0.06254223563086908	0.06337161923633906	0.059929306903139724
2026-01-02	16	data/day5 after fix and stain for PAX8-647/16.czi	foxf1	8	151.20764476379648	0.44803028035184145	0.07296005261810516	0.07085170266571753	0.07836102406496603
2026-01-02	16	data/day5 after fix and stain for PAX8-647/16.czi	foxf1	9	168.99677944189017	0.5012680166312218	0.08600638560061605	0.08019831591793794	0.09913730897925224
2026-01-02	16	data/day5 after fix and stain for PAX8-647/16.czi	foxf1	10	186.7859141199839	0.6383427724808878	0.09566397166002662	0.08624464283910113	0.11468567783811763
2026-01-02	16	data/day5 after fix and stain for PAX8-647/16.czi	foxf1	11	204.57504879807757	0.8159689759279173	0.10031867402416549	0.0887914869272616	0.12275527863142559
2026-01-02	16	data/day5 after fix and stain for PAX8-647/16.czi	foxf1	12	222.3641834761713	0.9343849144884611	0.09888794476413704	0.08675246646276341	0.12150519107715727
2026-01-02	16	data/day5 after fix and stain for PAX8-647/16.czi	foxf1	13	240.15331815426498	0.9718299261441914	0.09020814626009482	0.07885723084750171	0.10985266360461188
2026-01-02	16	data/day5 after fix and stain for PAX8-647/16.czi	foxf1	14	257.9424528323587	0.9824188232999425	0.07125487467523714	0.06217141915081791	0.08772698407691482
2026-01-02	16	data/day5 after fix and stain for PAX8-647/16.czi	foxf1	15	275.7315875104524	0.9827609473488679	0.046997560093604875	0.04098698316498543	0.056625714285440526
2026-01-02	16	data/day5 after fix and stain for PAX8-647/16.czi	foxf1	16	293.5207221885461	0.9337242127367219	0.02199974479315498	0.019355086145408963	0.02373110149368493
2026-01-02	16	data/day5 after fix and stain for PAX8-647/16.czi	foxf1	17	311.30985686663985	0.9658459766415491	0.005110595090828453	0.004549270988728722	0.004712866239987162
2026-01-02	16	data/day5 after fix and stain for PAX8-647/16.czi	foxf1	18	329.0989915447335		0.00016990904996739295	0.00014790230172751168	0.0001321555285611304
2026-01-02	16	data/day5 after fix and stain for PAX8-647/16.czi	foxf1	19	346.88812622282717		0.0	0.0	0.0
2026-01-02	16	data/day5 after fix and stain for PAX8-647/16.czi	foxf1	20	364.67726090092094		0.0	0.0	0.0
2026-01-02	16	data/day5 after fix and stain for PAX8-647/16.czi	foxf1	21	382.4663955790146		0.0	0.0	0.0
2026-01-02	16	data/day5 after fix and stain for PAX8-647/16.czi	foxf1	22	400.25553025710826		0.0	0.0	0.0
2026-01-02	16	data/day5 after fix and stain for PAX8-647/16.czi	foxf1	23	418.04466493520204		0.0	0.0	0.0
2026-01-02	16	data/day5 after fix and stain for PAX8-647/16.czi	mesp2	0	8.894567339046851				
2026-01-02	16	data/day5 after fix and stain for PAX8-647/16.czi	mesp2	1	26.683702017140554	0.6176202692475565	0.13472458254919678	0.1301123311471546	0.13974957199505672
2026-01-02	16	data/day5 after fix and stain for PAX8-647/16.czi	mesp2	2	44.47283669523426	0.6064167081322057	0.12886563112815858	0.1251300260384885	0.13293639051234407
2026-01-02	16	data/day5 after fix and stain for PAX8-647/16.czi	mesp2	3	62.26197137332796	0.6171674316841043	0.1226571086754344	0.1191634967351108	0.12454506192398808
2026-01-02	16	data/day5 after fix and stain for PAX8-647/16.czi	mesp2	4	80.05110605142167	0.6039045558050256	0.11438600365074263	0.11230414270291765	0.11532982927379387
2026-01-02	16	data/day5 after fix and stain for PAX8-647/16.czi	mesp2	5	97.84024072951536	0.579239907660284	0.10422647921135832	0.10349131399653365	0.10457915736119802
2026-01-02	16	data/day5 after fix and stain for PAX8-647/16.czi	mesp2	6	115.62937540760907	0.5259239497198595	0.08915530170499904	0.09070583186404473	0.08941516042686304
2026-01-02	16	data/day5 after fix and stain for PAX8-647/16.czi	mesp2	7	133.41851008570276	0.4598417423802006	0.07469076671183372	0.07751672185852079	0.0750591281220722
2026-01-02	16	data/day5 after fix and stain for PAX8-647/16.czi	mesp2	8	151.20764476379648	0.41044532516528526	0.05681293750199165	0.06015152133749074	0.05450304260952599
2026-01-02	16	data/day5 after fix and stain for PAX8-647/16.czi	mesp2	9	168.99677944189017	0.3779409573790125	0.036128784506104704	0.039083799637880265	0.028797739649191557
2026-01-02	16	data/day5 after fix and stain for PAX8-647/16.czi	mesp2	10	186.7859141199839	0.25935309938707135	0.01533319315686579	0.01941377655649238	0.009129438089997746
2026-01-02	16	data/day5 after fix and stain for PAX8-647/16.czi	mesp2	11	204.57504879807757	0.08278306343016029	0.0032866650936217764	0.00733487190036169	0.001334442634932897
2026-01-02	16	data/day5 after fix and stain for PAX8-647/16.czi	mesp2	12	222.3641834761713	0.009720076889929399	0.0002481967585313867	0.002599164412062631	3.6890360791116134e-05
2026-01-02	16	data/day5 after fix and stain for PAX8-647/16.czi	mesp2	13	240.15331815426498	2.3631900514950353e-05	4.4571857919376533e-07	0.0006900676360824935	1.871612691007373e-07
2026-01-02	16	data/day5 after fix and stain for PAX8-647/16.czi	mesp2	14	257.9424528323587	0.0	0.0	-0.00016225529017728605	0.0
2026-01-02	16	data/day5 after fix and stain for PAX8-647/16.czi	mesp2	15	275.7315875104524	0.0	0.0	-0.0004406483760631127	2.1180476183181037e-08
2026-01-02	16	data/day5 after fix and stain for PAX8-647/16.czi	mesp2	16	293.5207221885461	0.04754331593446414	0.0003652556190146055	0.00015966385186677357	0.00016954715948538424
2026-01-02	16	data/day5 after fix and stain for PAX8-647/16.czi	mesp2	17	311.30985686663985	0.14649169345440516	0.00022983958797135728	0.00021756573806916998	9.974290705561738e-05
2026-01-02	16	data/day5 after fix and stain for PAX8-647/16.czi	mesp2	18	329.0989915447335		1.6328403054208014e-05	2.1764055763667688e-05	3.3700416761720103e-06
2026-01-02	16	data/day5 after fix and stain for PAX8-647/16.czi	mesp2	19	346.88812622282717		0.0	0.0	0.0
2026-01-02	16	data/day5 after fix and stain for PAX8-647/16.czi	mesp2	20	364.67726090092094		0.0	0.0	0.0
2026-01-02	16	data/day5 after fix and stain for PAX8-647/16.czi	mesp2	21	382.4663955790146		0.0	0.0	0.0
2026-01-02	16	data/day5 after fix and stain for PAX8-647/16.czi	mesp2	22	400.25553025710826		0.0	0.0	0.0
2026-01-02	16	data/day5 after fix and stain for PAX8-647/16.czi	mesp2	23	418.04466493520204		0.0	0.0	0.0
2026-01-02	16	data/day5 after fix and stain for PAX8-647/16.czi	pax8	0	8.894567339046851				
2026-01-02	16	data/day5 after fix and stain for PAX8-647/16.czi	pax8	1	26.683702017140554	0.25795022782364324	0.05237483673710397	0.07844968539596772	0.03542276830693539
2026-01-02	16	data/day5 after fix and stain for PAX8-647/16.czi	pax8	2	44.47283669523426	0.3015864760547431	0.059421850124117735	0.07914514140015386	0.03857094209174315
2026-01-02	16	data/day5 after fix and stain for PAX8-647/16.czi	pax8	3	62.26197137332796	0.36275221782233397	0.07545475749697043	0.08403553862840334	0.059616069972960026
2026-01-02	16	data/day5 after fix and stain for PAX8-647/16.czi	pax8	4	80.05110605142167	0.38952391034111095	0.0978186780261687	0.09452874306397299	0.10897065018287244
2026-01-02	16	data/day5 after fix and stain for PAX8-647/16.czi	pax8	5	97.84024072951536	0.4313511939719354	0.11992252456700006	0.10376744292025787	0.1553195595664678
2026-01-02	16	data/day5 after fix and stain for PAX8-647/16.czi	pax8	6	115.62937540760907	0.46279712421969554	0.12644309812447518	0.10426768483969111	0.1690007997475565
2026-01-02	16	data/day5 after fix and stain for PAX8-647/16.czi	pax8	7	133.41851008570276	0.48725645992383987	0.11807449821814929	0.09633820911021368	0.14906100534995745
2026-01-02	16	data/day5 after fix and stain for PAX8-647/16.czi	pax8	8	151.20764476379648	0.48432373073168217	0.09024038767222704	0.07778444174158672	0.09165806050687719
2026-01-02	16	data/day5 after fix and stain for PAX8-647/16.czi	pax8	9	168.99677944189017	0.4458190319311175	0.06274243803085496	0.05937672924530464	0.04608719746134207
2026-01-02	16	data/day5 after fix and stain for PAX8-647/16.czi	pax8	10	186.7859141199839	0.4111603688460965	0.048071042652209475	0.0454136903169617	0.03850124123030716
2026-01-02	16	data/day5 after fix and stain for PAX8-647/16.czi	pax8	11	204.57504879807757	0.4394116896694153	0.04186597330134784	0.03647112865864752	0.03772426314402483
2026-01-02	16	data/day5 after fix and stain for PAX8-647/16.czi	pax8	12	222.3641834761713	0.44387873205076955	0.034503652229739376	0.029511118930438306	0.02905745264801774
2026-01-02	16	data/day5 after fix and stain for PAX8-647/16.czi	pax8	13	240.15331815426498	0.3904950743273183	0.025232756288783374	0.023142639053606556	0.01785184940088458
2026-01-02	16	data/day5 after fix and stain for PAX8-647/16.czi	pax8	14	257.9424528323587	0.31365733368688953	0.013840409736874152	0.015817442750408958	0.0067789386572101665
2026-01-02	16	data/day5 after fix and stain for PAX8-647/16.czi	pax8	15	275.7315875104524	0.10049078777171092	0.0034240767483014137	0.009515715837334649	0.0011222885062317834
2026-01-02	16	data/day5 after fix and stain for PAX8-647/16.czi	pax8	16	293.5207221885461	0.003632161135875849	8.11942608290347e-05	0.0046491987933980315	1.477801252880218e-05
2026-01-02	16	data/day5 after fix and stain for PAX8-647/16.czi	pax8	17	311.30985686663985	0.0	0.0	0.0011751716130610319	7.263158986019386e-08
2026-01-02	16	data/day5 after fix and stain for PAX8-647/16.czi	pax8	18	329.0989915447335		0.0	3.248165573941254e-05	0.0
2026-01-02	16	data/day5 after fix and stain for PAX8-647/16.czi	pax8	19	346.88812622282717		0.0	0.0	0.0
2026-01-02	16	data/day5 after fix and stain for PAX8-647/16.czi	pax8	20	364.67726090092094		0.0	0.0	0.0
2026-01-02	16	data/day5 after fix and stain for PAX8-647/16.czi	pax8	21	382.4663955790146		0.0	0.0	0.0
2026-01-02	16	data/day5 after fix and stain for PAX8-647/16.czi	pax8	22	400.25553025710826		0.0	0.0	0.0
2026-01-02	16	data/day5 after fix and stain for PAX8-647/16.czi	pax8	23	418.04466493520204		0.0	0.0	0.0
2026-01-02	17	data/day5 after fix and stain for PAX8-647/17.czi	foxf1	0	8.894567339046851				
2026-01-02	17	data/day5 after fix and stain for PAX8-647/17.czi	foxf1	1	26.683702017140554	0.48047342673011345	0.11020585578061604	0.11077564712055735	0.1046968150410968
2026-01-02	17	data/day5 after fix and stain for PAX8-647/17.czi	foxf1	2	44.47283669523426	0.4683481836225711	0.11920830667293207	0.1192900800717336	0.11795411911557203
2026-01-02	17	data/day5 after fix and stain for PAX8-647/17.czi	foxf1	3	62.26197137332796	0.4510672045348843	0.12505144349031663	0.12551848513188468	0.12773996158729117
2026-01-02	17	data/day5 after fix and stain for PAX8-647/17.czi	foxf1	4	80.05110605142167	0.4510846996094111	0.12774915597964226	0.1279163325516876	0.13249591537726066
2026-01-02	17	data/day5 after fix and stain for PAX8-647/17.czi	foxf1	5	97.84024072951536	0.4492578634997083	0.12531701807827536	0.12490563020971222	0.13109966820212302
2026-01-02	17	data/day5 after fix and stain for PAX8-647/17.czi	foxf1	6	115.62937540760907	0.4262109560032405	0.11328855670912431	0.11335394090172637	0.11887994509475269
2026-01-02	17	data/day5 after fix and stain for PAX8-647/17.czi	foxf1	7	133.41851008570276	0.44839102244834483	0.09233960117849974	0.09096514901117364	0.09528729742903091
2026-01-02	17	data/day5 after fix and stain for PAX8-647/17.czi	foxf1	8	151.20764476379648	0.49220657432099907	0.06383442855391036	0.06279036648347491	0.06282768615110482
2026-01-02	17	data/day5 after fix and stain for PAX8-647/17.czi	foxf1	9	168.99677944189017	0.4314035524890405	0.03155341314721721	0.03189725243320858	0.027818477714056787
2026-01-02	17	data/day5 after fix and stain for PAX8-647/17.czi	foxf1	10	186.7859141199839	0.24663022295853473	0.0069684442499614065	0.007421679000068081	0.005200683639788194
2026-01-02	17	data/day5 after fix and stain for PAX8-647/17.czi	foxf1	11	204.57504879807757	0.04783884158545801	0.00046570502092239583	0.0005143577952970578	0.00020693037269004628
2026-01-02	17	data/day5 after fix and stain for PAX8-647/17.czi	foxf1	12	222.3641834761713		0.0	-1.591867344209392e-05	0.0
2026-01-02	17	data/day5 after fix and stain for PAX8-647/17.czi	foxf1	13	240.15331815426498		0.0	0.0	0.0
2026-01-02	17	data/day5 after fix and stain for PAX8-647/17.czi	foxf1	14	257.9424528323587		0.0	0.0	0.0
2026-01-02	17	data/day5 after fix and stain for PAX8-647/17.czi	foxf1	15	275.7315875104524		0.0	0.0	0.0
2026-01-02	17	data/day5 after fix and stain for PAX8-647/17.czi	foxf1	16	293.5207221885461		0.0	0.0	0.0
2026-01-02	17	data/day5 after fix and stain for PAX8-647/17.czi	foxf1	17	311.30985686663985		0.0	0.0	0.0
2026-01-02	17	data/day5 after fix and stain for PAX8-647/17.czi	foxf1	18	329.0989915447335		0.0	0.0	0.0
2026-01-02	17	data/day5 after fix and stain for PAX8-647/17.czi	foxf1	19	346.88812622282717		0.0	0.0	0.0
2026-01-02	17	data/day5 after fix and stain for PAX8-647/17.czi	foxf1	20	364.67726090092094		0.0	0.0	0.0
2026-01-02	17	data/day5 after fix and stain for PAX8-647/17.czi	foxf1	21	382.4663955790146		0.0	0.0	0.0
2026-01-02	17	data/day5 after fix and stain for PAX8-647/17.czi	foxf1	22	400.25553025710826		0.0	0.0	0.0
2026-01-02	17	data/day5 after fix and stain for PAX8-647/17.czi	foxf1	23	418.04466493520204		0.0	0.0	0.0
2026-01-02	17	data/day5 after fix and stain for PAX8-647/17.czi	mesp2	0	8.894567339046851				
2026-01-02	17	data/day5 after fix and stain for PAX8-647/17.czi	mesp2	1	26.683702017140554	0.3781213942209495	0.11716816946323047	0.11709291509646176	0.11958075206416023
2026-01-02	17	data/day5 after fix and stain for PAX8-647/17.czi	mesp2	2	44.47283669523426	0.3845119615775514	0.12183462182250648	0.12065354556035783	0.1276692680247854
2026-01-02	17	data/day5 after fix and stain for PAX8-647/17.czi	mesp2	3	62.26197137332796	0.40142241372549325	0.12528345314105158	0.12360776842009624	0.13160204270872755
2026-01-02	17	data/day5 after fix and stain for PAX8-647/17.czi	mesp2	4	80.05110605142167	0.4071453269457004	0.12026420077279511	0.12008306156426869	0.12409733812632522
2026-01-02	17	data/day5 after fix and stain for PAX8-647/17.czi	mesp2	5	97.84024072951536	0.4124118300779246	0.10724879277850491	0.10833013283659071	0.10339889366081806
2026-01-02	17	data/day5 after fix and stain for PAX8-647/17.czi	mesp2	6	115.62937540760907	0.3998879916529557	0.09594618901973397	0.09779308078713328	0.09061920280580515
2026-01-02	17	data/day5 after fix and stain for PAX8-647/17.czi	mesp2	7	133.41851008570276	0.44299512606103336	0.09299937605583528	0.09169258063040345	0.09239461751550065
2026-01-02	17	data/day5 after fix and stain for PAX8-647/17.czi	mesp2	8	151.20764476379648	0.5017120441500398	0.07409263337072093	0.07278090922443728	0.07135812533055548
2026-01-02	17	data/day5 after fix and stain for PAX8-647/17.czi	mesp2	9	168.99677944189017	0.3734192063677545	0.03599779946392294	0.037079259059070384	0.03044656096063241
2026-01-02	17	data/day5 after fix and stain for PAX8-647/17.czi	mesp2	10	186.7859141199839	0.35636850939048176	0.012397887031706181	0.013036310566011521	0.009430818872122533
2026-01-02	17	data/day5 after fix and stain for PAX8-647/17.czi	mesp2	11	204.57504879807757	0.13322026622762895	0.002057232711464069	0.0026003252944230403	0.0014613941870191133
2026-01-02	17	data/day5 after fix and stain for PAX8-647/17.czi	mesp2	12	222.3641834761713		3.626209201885414e-05	0.00019288697529322907	4.0004294132610315e-06
2026-01-02	17	data/day5 after fix and stain for PAX8-647/17.czi	mesp2	13	240.15331815426498		0.0	0.0	0.0
2026-01-02	17	data/day5 after fix and stain for PAX8-647/17.czi	mesp2	14	257.9424528323587		0.0	0.0	0.0
2026-01-02	17	data/day5 after fix and stain for PAX8-647/17.czi	mesp2	15	275.7315875104524		0.0	0.0	0.0
2026-01-02	17	data/day5 after fix and stain for PAX8-647/17.czi	mesp2	16	293.5207221885461		0.0	0.0	0.0
2026-01-02	17	data/day5 after fix and stain for PAX8-647/17.czi	mesp2	17	311.30985686663985		0.0	0.0	0.0
2026-01-02	17	data/day5 after fix and stain for PAX8-647/17.czi	mesp2	18	329.0989915447335		0.0	0.0	0.0
2026-01-02	17	data/day5 after fix and stain for PAX8-647/17.czi	mesp2	19	346.88812622282717		0.0	0.0	0.0
2026-01-02	17	data/day5 after fix and stain for PAX8-647/17.czi	mesp2	20	364.67726090092094		0.0	0.0	0.0
2026-01-02	17	data/day5 after fix and stain for PAX8-647/17.czi	mesp2	21	382.4663955790146		0.0	0.0	0.0
2026-01-02	17	data/day5 after fix and stain for PAX8-647/17.czi	mesp2	22	400.25553025710826		0.0	0.0	0.0
2026-01-02	17	data/day5 after fix and stain for PAX8-647/17.czi	mesp2	23	418.04466493520204		0.0	0.0	0.0
2026-01-02	17	data/day5 after fix and stain for PAX8-647/17.czi	pax8	0	8.894567339046851				
2026-01-02	17	data/day5 after fix and stain for PAX8-647/17.czi	pax8	1	26.683702017140554	0.39781485085591045	0.11572327973696005	0.12061677185212381	0.1049137229913994
2026-01-02	17	data/day5 after fix and stain for PAX8-647/17.czi	pax8	2	44.47283669523426	0.42004833096844535	0.1251598589638866	0.12391461112183591	0.12126317381848742
2026-01-02	17	data/day5 after fix and stain for PAX8-647/17.czi	pax8	3	62.26197137332796	0.4469212958965782	0.13427493010100391	0.12637714878389106	0.13601265939037796
2026-01-02	17	data/day5 after fix and stain for PAX8-647/17.czi	pax8	4	80.05110605142167	0.4425639114759501	0.1317544857447741	0.12364379956457838	0.13803600811230773
2026-01-02	17	data/day5 after fix and stain for PAX8-647/17.czi	pax8	5	97.84024072951536	0.4345342721028425	0.12484876490395884	0.11646307210814695	0.13230840899025864
2026-01-02	17	data/day5 after fix and stain for PAX8-647/17.czi	pax8	6	115.62937540760907	0.3818711364379632	0.10715544872767072	0.1043621256781244	0.12001957729844637
2026-01-02	17	data/day5 after fix and stain for PAX8-647/17.czi	pax8	7	133.41851008570276	0.37036426995312216	0.08370864978873929	0.08254394969387281	0.09086769858953392
2026-01-02	17	data/day5 after fix and stain for PAX8-647/17.czi	pax8	8	151.20764476379648	0.37279962074243017	0.057582825071433266	0.05955799909451423	0.05602275709959485
2026-01-02	17	data/day5 after fix and stain for PAX8-647/17.czi	pax8	9	168.99677944189017	0.20984571816726796	0.02331367778147647	0.03179456022373295	0.020374083188507214
2026-01-02	17	data/day5 after fix and stain for PAX8-647/17.czi	pax8	10	186.7859141199839	0.1223953769402091	0.0053410760172346115	0.010560037516370248	0.0034620896014702918
2026-01-02	17	data/day5 after fix and stain for PAX8-647/17.czi	pax8	11	204.57504879807757	0.026165735636709694	0.0005618939346903576	0.002092342800903314	0.0001789583229107088
2026-01-02	17	data/day5 after fix and stain for PAX8-647/17.czi	pax8	12	222.3641834761713		0.0	0.00020407207765057273	0.0
2026-01-02	17	data/day5 after fix and stain for PAX8-647/17.czi	pax8	13	240.15331815426498		0.0	0.0	0.0
2026-01-02	17	data/day5 after fix and stain for PAX8-647/17.czi	pax8	14	257.9424528323587		0.0	0.0	0.0
2026-01-02	17	data/day5 after fix and stain for PAX8-647/17.czi	pax8	15	275.7315875104524		0.0	0.0	0.0
2026-01-02	17	data/day5 after fix and stain for PAX8-647/17.czi	pax8	16	293.5207221885461		0.0	0.0	0.0
2026-01-02	17	data/day5 after fix and stain for PAX8-647/17.czi	pax8	17	311.30985686663985		0.0	0.0	0.0
2026-01-02	17	data/day5 after fix and stain for PAX8-647/17.czi	pax8	18	329.0989915447335		0.0	0.0	0.0
2026-01-02	17	data/day5 after fix and stain for PAX8-647/17.czi	pax8	19	346.88812622282717		0.0	0.0	0.0
2026-01-02	17	data/day5 after fix and stain for PAX8-647/17.czi	pax8	20	364.67726090092094		0.0	0.0	0.0
2026-01-02	17	data/day5 after fix and stain for PAX8-647/17.czi	pax8	21	382.4663955790146		0.0	0.0	0.0
2026-01-02	17	data/day5 after fix and stain for PAX8-647/17.czi	pax8	22	400.25553025710826		0.0	0.0	0.0
2026-01-02	17	data/day5 after fix and stain for PAX8-647/17.czi	pax8	23	418.04466493520204		0.0	0.0	0.0
2026-01-02	18	data/day5 after fix and stain for PAX8-647/18.czi	foxf1	0	8.894567339046851				
2026-01-02	18	data/day5 after fix and stain for PAX8-647/18.czi	foxf1	1	26.683702017140554	0.4477873242652015	0.09913251176797098	0.10529270417465961	0.09260281316815067
2026-01-02	18	data/day5 after fix and stain for PAX8-647/18.czi	foxf1	2	44.47283669523426	0.4451863020287533	0.10325384782659075	0.1073213567519352	0.09892557469409466
2026-01-02	18	data/day5 after fix and stain for PAX8-647/18.czi	foxf1	3	62.26197137332796	0.431283121778102	0.1065124203377973	0.10869340936485666	0.10545134280920487
2026-01-02	18	data/day5 after fix and stain for PAX8-647/18.czi	foxf1	4	80.05110605142167	0.4027487249753459	0.10400841094027173	0.10494482689113388	0.10572305892150817
2026-01-02	18	data/day5 after fix and stain for PAX8-647/18.czi	foxf1	5	97.84024072951536	0.3825322481301746	0.09989247145057756	0.09911727905889016	0.10404597230978137
2026-01-02	18	data/day5 after fix and stain for PAX8-647/18.czi	foxf1	6	115.62937540760907	0.3816106583600948	0.09242618161919867	0.09087502483970304	0.09916566189936873
2026-01-02	18	data/day5 after fix and stain for PAX8-647/18.czi	foxf1	7	133.41851008570276	0.40000928846350803	0.08379117726125755	0.08143785806893271	0.09086428025152322
2026-01-02	18	data/day5 after fix and stain for PAX8-647/18.czi	foxf1	8	151.20764476379648	0.4490133786447289	0.0727938353306634	0.0693579123975563	0.07759076948518066
2026-01-02	18	data/day5 after fix and stain for PAX8-647/18.czi	foxf1	9	168.99677944189017	0.5589532725974024	0.06139351640273664	0.05714283117714249	0.06370129143118505
2026-01-02	18	data/day5 after fix and stain for PAX8-647/18.czi	foxf1	10	186.7859141199839	0.7469501734786417	0.05017437937340879	0.045924036263055516	0.05038866306740716
2026-01-02	18	data/day5 after fix and stain for PAX8-647/18.czi	foxf1	11	204.57504879807757	0.844859300567244	0.03441859269038591	0.0315318013860348	0.03246256316914714
2026-01-02	18	data/day5 after fix and stain for PAX8-647/18.czi	foxf1	12	222.3641834761713	0.794399826026738	0.01531557974819861	0.014412690526306934	0.012288080493195063
2026-01-02	18	data/day5 after fix and stain for PAX8-647/18.czi	foxf1	13	240.15331815426498	0.6221853237781937	0.0031603035942624645	0.003122420812786783	0.0020187230812973465
2026-01-02	18	data/day5 after fix and stain for PAX8-647/18.czi	foxf1	14	257.9424528323587		0.00013906773596108395	0.00016462657291720052	3.9153414961850915e-05
2026-01-02	18	data/day5 after fix and stain for PAX8-647/18.czi	foxf1	15	275.7315875104524		0.0	0.0	0.0
2026-01-02	18	data/day5 after fix and stain for PAX8-647/18.czi	foxf1	16	293.5207221885461		0.0	0.0	0.0
2026-01-02	18	data/day5 after fix and stain for PAX8-647/18.czi	foxf1	17	311.30985686663985		0.0	0.0	0.0
2026-01-02	18	data/day5 after fix and stain for PAX8-647/18.czi	foxf1	18	329.0989915447335		0.0	0.0	0.0
2026-01-02	18	data/day5 after fix and stain for PAX8-647/18.czi	foxf1	19	346.88812622282717		0.0	0.0	0.0
2026-01-02	18	data/day5 after fix and stain for PAX8-647/18.czi	foxf1	20	364.67726090092094		0.0	0.0	0.0
2026-01-02	18	data/day5 after fix and stain for PAX8-647/18.czi	foxf1	21	382.4663955790146		0.0	0.0	0.0
2026-01-02	18	data/day5 after fix and stain for PAX8-647/18.czi	foxf1	22	400.25553025710826		0.0	0.0	0.0
2026-01-02	18	data/day5 after fix and stain for PAX8-647/18.czi	foxf1	23	418.04466493520204		0.0	0.0	0.0
2026-01-02	18	data/day5 after fix and stain for PAX8-647/18.czi	mesp2	0	8.894567339046851				
2026-01-02	18	data/day5 after fix and stain for PAX8-647/18.czi	mesp2	1	26.683702017140554	0.6285342726911507	0.18232945657089966	0.1805782065244909	0.19399324414070185
2026-01-02	18	data/day5 after fix and stain for PAX8-647/18.czi	mesp2	2	44.47283669523426	0.6105855834571444	0.1612187819058668	0.16027134645539146	0.16410698753432193
2026-01-02	18	data/day5 after fix and stain for PAX8-647/18.czi	mesp2	3	62.26197137332796	0.5893945233936492	0.13777233614412976	0.13750563443185554	0.1319714029123581
2026-01-02	18	data/day5 after fix and stain for PAX8-647/18.czi	mesp2	4	80.05110605142167	0.544884105784404	0.11131815713736434	0.11342364792004467	0.09906145168507399
2026-01-02	18	data/day5 after fix and stain for PAX8-647/18.czi	mesp2	5	97.84024072951536	0.4439072959002314	0.08202150291184047	0.08762642578505	0.07149376699998772
2026-01-02	18	data/day5 after fix and stain for PAX8-647/18.czi	mesp2	6	115.62937540760907	0.3284610918577303	0.057917891711581786	0.06393961415498792	0.05606420506971943
2026-01-02	18	data/day5 after fix and stain for PAX8-647/18.czi	mesp2	7	133.41851008570276	0.2551469995717281	0.04296281482254874	0.04523476954084328	0.0453701284403216
2026-01-02	18	data/day5 after fix and stain for PAX8-647/18.czi	mesp2	8	151.20764476379648	0.2272694240912781	0.030611478700832716	0.029909684959550792	0.0316363374493859
2026-01-02	18	data/day5 after fix and stain for PAX8-647/18.czi	mesp2	9	168.99677944189017	0.20048202861606323	0.016046263998459306	0.0144714489941608	0.013936644337016002
2026-01-02	18	data/day5 after fix and stain for PAX8-647/18.czi	mesp2	10	186.7859141199839	0.08066005914970738	0.003811060429794082	0.00205986156682016	0.0024699340101971244
2026-01-02	18	data/day5 after fix and stain for PAX8-647/18.czi	mesp2	11	204.57504879807757	0.011668584085784271	0.00029712292650081957	-0.0021305345522734196	7.237953219395434e-05
2026-01-02	18	data/day5 after fix and stain for PAX8-647/18.czi	mesp2	12	222.3641834761713	0.0	0.0	-0.0021277184433892427	0.0
2026-01-02	18	data/day5 after fix and stain for PAX8-647/18.czi	mesp2	13	240.15331815426498	0.0	0.0	-0.0007129007562027309	0.0
2026-01-02	18	data/day5 after fix and stain for PAX8-647/18.czi	mesp2	14	257.9424528323587		0.0	-6.916866189295395e-05	0.0
2026-01-02	18	data/day5 after fix and stain for PAX8-647/18.czi	mesp2	15	275.7315875104524		0.0	0.0	0.0
2026-01-02	18	data/day5 after fix and stain for PAX8-647/18.czi	mesp2	16	293.5207221885461		0.0	0.0	0.0
2026-01-02	18	data/day5 after fix and stain for PAX8-647/18.czi	mesp2	17	311.30985686663985		0.0	0.0	0.0
2026-01-02	18	data/day5 after fix and stain for PAX8-647/18.czi	mesp2	18	329.0989915447335		0.0	0.0	0.0
2026-01-02	18	data/day5 after fix and stain for PAX8-647/18.czi	mesp2	19	346.88812622282717		0.0	0.0	0.0
2026-01-02	18	data/day5 after fix and stain for PAX8-647/18.czi	mesp2	20	364.67726090092094		0.0	0.0	0.0
2026-01-02	18	data/day5 after fix and stain for PAX8-647/18.czi	mesp2	21	382.4663955790146		0.0	0.0	0.0
2026-01-02	18	data/day5 after fix and stain for PAX8-647/18.czi	mesp2	22	400.25553025710826		0.0	0.0	0.0
2026-01-02	18	data/day5 after fix and stain for PAX8-647/18.czi	mesp2	23	418.04466493520204		0.0	0.0	0.0
2026-01-02	18	data/day5 after fix and stain for PAX8-647/18.czi	pax8	0	8.894567339046851				
2026-01-02	18	data/day5 after fix and stain for PAX8-647/18.czi	pax8	1	26.683702017140554	0.5175497263433152	0.1813275075641376	0.15097440038447651	0.17855039301571232
2026-01-02	18	data/day5 after fix and stain for PAX8-647/18.czi	pax8	2	44.47283669523426	0.5237469102524375	0.18037226257757719	0.14857014660027726	0.177296670018936
2026-01-02	18	data/day5 after fix and stain for PAX8-647/18.czi	pax8	3	62.26197137332796	0.49325631163884154	0.16621470890015663	0.14056033184657607	0.16433122467625777
2026-01-02	18	data/day5 after fix and stain for PAX8-647/18.czi	pax8	4	80.05110605142167	0.39211683589454294	0.1305604200449894	0.12587920606556544	0.134226001791801
2026-01-02	18	data/day5 after fix and stain for PAX8-647/18.czi	pax8	5	97.84024072951536	0.26836982024060063	0.0855592257361363	0.10187267742664154	0.09150370222856624
2026-01-02	18	data/day5 after fix and stain for PAX8-647/18.czi	pax8	6	115.62937540760907	0.19884669276230166	0.05430703141873076	0.07316290370145834	0.06045025516367159
2026-01-02	18	data/day5 after fix and stain for PAX8-647/18.czi	pax8	7	133.41851008570276	0.1757696770105033	0.033110400527252414	0.050426164575862964	0.027051498447670526
2026-01-02	18	data/day5 after fix and stain for PAX8-647/18.czi	pax8	8	151.20764476379648	0.07154794729877557	0.01014971704406092	0.0339489308934907	0.0053276310013094935
2026-01-02	18	data/day5 after fix and stain for PAX8-647/18.czi	pax8	9	168.99677944189017	0.010430362790063055	0.0012170807625911384	0.020909704311067423	0.0003762148251734638
2026-01-02	18	data/day5 after fix and stain for PAX8-647/18.czi	pax8	10	186.7859141199839	0.0001620884937016848	1.3902664533946212e-05	0.011907463884632145	4.253685971231952e-06
2026-01-02	18	data/day5 after fix and stain for PAX8-647/18.czi	pax8	11	204.57504879807757	0.0	0.0	0.006889099983539003	0.0
2026-01-02	18	data/day5 after fix and stain for PAX8-647/18.czi	pax8	12	222.3641834761713	0.0	0.0	0.003439928606643769	0.0
2026-01-02	18	data/day5 after fix and stain for PAX8-647/18.czi	pax8	13	240.15331815426498	0.0	0.0	0.0008305597684276499	0.0
2026-01-02	18	data/day5 after fix and stain for PAX8-647/18.czi	pax8	14	257.9424528323587		0.0	4.398393781383424e-05	0.0
2026-01-02	18	data/day5 after fix and stain for PAX8-647/18.czi	pax8	15	275.7315875104524		0.0	0.0	0.0
2026-01-02	18	data/day5 after fix and stain for PAX8-647/18.czi	pax8	16	293.5207221885461		0.0	0.0	0.0
2026-01-02	18	data/day5 after fix and stain for PAX8-647/18.czi	pax8	17	311.30985686663985		0.0	0.0	0.0
2026-01-02	18	data/day5 after fix and stain for PAX8-647/18.czi	pax8	18	329.0989915447335		0.0	0.0	0.0
2026-01-02	18	data/day5 after fix and stain for PAX8-647/18.czi	pax8	19	346.88812622282717		0.0	0.0	0.0
2026-01-02	18	data/day5 after fix and stain for PAX8-647/18.czi	pax8	20	364.67726090092094		0.0	0.0	0.0
2026-01-02	18	data/day5 after fix and stain for PAX8-647/18.czi	pax8	21	382.4663955790146		0.0	0.0	0.0
2026-01-02	18	data/day5 after fix and stain for PAX8-647/18.czi	pax8	22	400.25553025710826		0.0	0.0	0.0
2026-01-02	18	data/day5 after fix and stain for PAX8-647/18.czi	pax8	23	418.04466493520204		0.0	0.0	0.0
2026-01-02	19	data/day5 after fix and stain for PAX8-647/19.czi	foxf1	0	8.894567339046851				
2026-01-02	19	data/day5 after fix and stain for PAX8-647/19.czi	foxf1	1	26.683702017140554	0.2692919527673206	0.12152867242786326	0.12291243277764013	0.11693461804713168
2026-01-02	19	data/day5 after fix and stain for PAX8-647/19.czi	foxf1	2	44.47283669523426	0.2737084354452108	0.11940276759113715	0.12069698717845899	0.11239077125157564
2026-01-02	19	data/day5 after fix and stain for PAX8-647/19.czi	foxf1	3	62.26197137332796	0.28311723746658896	0.11438403028318264	0.11587343710807614	0.10233483996096016
2026-01-02	19	data/day5 after fix and stain for PAX8-647/19.czi	foxf1	4	80.05110605142167	0.29627664107429286	0.11568380542270734	0.11586968341454536	0.1087699620780911
2026-01-02	19	data/day5 after fix and stain for PAX8-647/19.czi	foxf1	5	97.84024072951536	0.32027998403588975	0.11865723506582654	0.11676603827027265	0.12352231188772715
2026-01-02	19	data/day5 after fix and stain for PAX8-647/19.czi	foxf1	6	115.62937540760907	0.3866468586502462	0.11644187452624677	0.10825814235422097	0.13017257054839282
2026-01-02	19	data/day5 after fix and stain for PAX8-647/19.czi	foxf1	7	133.41851008570276	0.397431341992998	0.0944763132130679	0.08894845965531348	0.11020248027895044
2026-01-02	19	data/day5 after fix and stain for PAX8-647/19.czi	foxf1	8	151.20764476379648	0.3652770450855771	0.0670652651673122	0.06290318189872725	0.07401180300080334
2026-01-02	19	data/day5 after fix and stain for PAX8-647/19.czi	foxf1	9	168.99677944189017	0.2425868584529098	0.03099744833338371	0.0327038087668443	0.028290651507803917
2026-01-02	19	data/day5 after fix and stain for PAX8-647/19.czi	foxf1	10	186.7859141199839	0.05680697021584605	0.005582734623148105	0.009630097580967216	0.004174186679446454
2026-01-02	19	data/day5 after fix and stain for PAX8-647/19.czi	foxf1	11	204.57504879807757	0.003063067679054756	0.00014624175744438475	0.0026969690947065213	2.3836345634581618e-05
2026-01-02	19	data/day5 after fix and stain for PAX8-647/19.czi	foxf1	12	222.3641834761713	0.0	0.0	0.0018535784299779864	0.0
2026-01-02	19	data/day5 after fix and stain for PAX8-647/19.czi	foxf1	13	240.15331815426498	0.0	0.0	0.0012790918923925717	0.0
2026-01-02	19	data/day5 after fix and stain for PAX8-647/19.czi	foxf1	14	257.9424528323587	0.0	0.0	0.00039384437477398286	0.0
2026-01-02	19	data/day5 after fix and stain for PAX8-647/19.czi	foxf1	15	275.7315875104524		0.0	3.210346191012609e-05	0.0
2026-01-02	19	data/day5 after fix and stain for PAX8-647/19.czi	foxf1	16	293.5207221885461		0.0	0.0	0.0
2026-01-02	19	data/day5 after fix and stain for PAX8-647/19.czi	foxf1	17	311.30985686663985		0.0	0.0	0.0
2026-01-02	19	data/day5 after fix and stain for PAX8-647/19.czi	foxf1	18	329.0989915447335		0.0	0.0	0.0
2026-01-02	19	data/day5 after fix and stain for PAX8-647/19.czi	foxf1	19	346.88812622282717		0.0	0.0	0.0
2026-01-02	19	data/day5 after fix and stain for PAX8-647/19.czi	foxf1	20	364.67726090092094		0.0	0.0	0.0
2026-01-02	19	data/day5 after fix and stain for PAX8-647/19.czi	foxf1	21	382.4663955790146		0.0	0.0	0.0
2026-01-02	19	data/day5 after fix and stain for PAX8-647/19.czi	foxf1	22	400.25553025710826		0.0	0.0	0.0
2026-01-02	19	data/day5 after fix and stain for PAX8-647/19.czi	foxf1	23	418.04466493520204		0.0	0.0	0.0
2026-01-02	19	data/day5 after fix and stain for PAX8-647/19.czi	mesp2	0	8.894567339046851				
2026-01-02	19	data/day5 after fix and stain for PAX8-647/19.czi	mesp2	1	26.683702017140554	0.2959018105008691	0.20193234732971474	0.1946577986481139	0.23883282349545232
2026-01-02	19	data/day5 after fix and stain for PAX8-647/19.czi	mesp2	2	44.47283669523426	0.2959163946377098	0.1968289121692397	0.19028079680910143	0.2322046886441699
2026-01-02	19	data/day5 after fix and stain for PAX8-647/19.czi	mesp2	3	62.26197137332796	0.2972327073812619	0.13558074249435204	0.13181938022208226	0.135738010877689
2026-01-02	19	data/day5 after fix and stain for PAX8-647/19.czi	mesp2	4	80.05110605142167	0.29634864436524466	0.10971453451834731	0.10829939338818499	0.09985574752922755
2026-01-02	19	data/day5 after fix and stain for PAX8-647/19.czi	mesp2	5	97.84024072951536	0.3119195744740985	0.08874360696308109	0.091108088781844	0.07247594597292709
2026-01-02	19	data/day5 after fix and stain for PAX8-647/19.czi	mesp2	6	115.62937540760907	0.35360891998665067	0.0664786308232023	0.06940279391526702	0.046562120632582346
2026-01-02	19	data/day5 after fix and stain for PAX8-647/19.czi	mesp2	7	133.41851008570276	0.35087193854122745	0.04486729826798937	0.04833404416495513	0.02745673324265671
2026-01-02	19	data/day5 after fix and stain for PAX8-647/19.czi	mesp2	8	151.20764476379648	0.21749948132992242	0.02019754622616628	0.02602324369653739	0.009927694022710924
2026-01-02	19	data/day5 after fix and stain for PAX8-647/19.czi	mesp2	9	168.99677944189017	0.05428509060235692	0.003929367328617789	0.009212849053969109	0.0014698815813706531
2026-01-02	19	data/day5 after fix and stain for PAX8-647/19.czi	mesp2	10	186.7859141199839	0.0045949161780932946	0.0002281813380573788	0.0024113366692834312	3.547323919540096e-05
2026-01-02	19	data/day5 after fix and stain for PAX8-647/19.czi	mesp2	11	204.57504879807757	0.0	0.0	0.001125960195403296	8.93038391759344e-08
2026-01-02	19	data/day5 after fix and stain for PAX8-647/19.czi	mesp2	12	222.3641834761713	0.0	0.0	0.0010411200234715927	9.026825229318119e-09
2026-01-02	19	data/day5 after fix and stain for PAX8-647/19.czi	mesp2	13	240.15331815426498	0.0	0.0	0.0007672525992875968	3.432736354811112e-09
2026-01-02	19	data/day5 after fix and stain for PAX8-647/19.czi	mesp2	14	257.9424528323587	0.0	0.0	0.00024397080825957508	0.0
2026-01-02	19	data/day5 after fix and stain for PAX8-647/19.czi	mesp2	15	275.7315875104524		0.0	2.056656462515193e-05	0.0
2026-01-02	19	data/day5 after fix and stain for PAX8-647/19.czi	mesp2	16	293.5207221885461		0.0	0.0	0.0
2026-01-02	19	data/day5 after fix and stain for PAX8-647/19.czi	mesp2	17	311.30985686663985		0.0	0.0	0.0
2026-01-02	19	data/day5 after fix and stain for PAX8-647/19.czi	mesp2	18	329.0989915447335		0.0	0.0	0.0
2026-01-02	19	data/day5 after fix and stain for PAX8-647/19.czi	mesp2	19	346.88812622282717		0.0	0.0	0.0
2026-01-02	19	data/day5 after fix and stain for PAX8-647/19.czi	mesp2	20	364.67726090092094		0.0	0.0	0.0
2026-01-02	19	data/day5 after fix and stain for PAX8-647/19.czi	mesp2	21	382.4663955790146		0.0	0.0	0.0
2026-01-02	19	data/day5 after fix and stain for PAX8-647/19.czi	mesp2	22	400.25553025710826		0.0	0.0	0.0
2026-01-02	19	data/day5 after fix and stain for PAX8-647/19.czi	mesp2	23	418.04466493520204		0.0	0.0	0.0
2026-01-02	19	data/day5 after fix and stain for PAX8-647/19.czi	pax8	0	8.894567339046851				
2026-01-02	19	data/day5 after fix and stain for PAX8-647/19.czi	pax8	1	26.683702017140554	0.3252108580491885	0.1863150201648339	0.1589229935770423	0.22528745551232787
2026-01-02	19	data/day5 after fix and stain for PAX8-647/19.czi	pax8	2	44.47283669523426	0.32072470069888664	0.17378455124227457	0.15092902792594745	0.20395031471070751
2026-01-02	19	data/day5 after fix and stain for PAX8-647/19.czi	pax8	3	62.26197137332796	0.3046480589107815	0.14312826822143856	0.13180399263327525	0.1528418608579195
2026-01-02	19	data/day5 after fix and stain for PAX8-647/19.czi	pax8	4	80.05110605142167	0.2982346163367185	0.11232647948656896	0.10965716144588566	0.10029293164645997
2026-01-02	19	data/day5 after fix and stain for PAX8-647/19.czi	pax8	5	97.84024072951536	0.3215517680116585	0.08955077631820083	0.09000375862909299	0.0601986677050266
2026-01-02	19	data/day5 after fix and stain for PAX8-647/19.czi	pax8	6	115.62937540760907	0.3264452011693422	0.06215128205692262	0.06731723462973592	0.031045886454997326
2026-01-02	19	data/day5 after fix and stain for PAX8-647/19.czi	pax8	7	133.41851008570276	0.3011683443789016	0.04148153866117299	0.05107485964430255	0.018540034464905264
2026-01-02	19	data/day5 after fix and stain for PAX8-647/19.czi	pax8	8	151.20764476379648	0.2012844719589762	0.023418492366972837	0.03869171212744767	0.011423124194170992
2026-01-02	19	data/day5 after fix and stain for PAX8-647/19.czi	pax8	9	168.99677944189017	0.08014448068090368	0.007902013535681325	0.024998209674986484	0.003928662185588846
2026-01-02	19	data/day5 after fix and stain for PAX8-647/19.czi	pax8	10	186.7859141199839	0.012098007152448208	0.001064742860856787	0.013702160257751724	0.0005189225962660921
2026-01-02	19	data/day5 after fix and stain for PAX8-647/19.czi	pax8	11	204.57504879807757	0.0	0.0	0.009732635827907682	0.0
2026-01-02	19	data/day5 after fix and stain for PAX8-647/19.czi	pax8	12	222.3641834761713	0.0	0.0	0.008727242661243311	0.0
2026-01-02	19	data/day5 after fix and stain for PAX8-647/19.czi	pax8	13	240.15331815426498	0.0	0.0	0.006931936507074084	1.4936284927838437e-06
2026-01-02	19	data/day5 after fix and stain for PAX8-647/19.czi	pax8	14	257.9424528323587	0.0	0.0	0.002503818102538203	6.27756902764222e-07
2026-01-02	19	data/day5 after fix and stain for PAX8-647/19.czi	pax8	15	275.7315875104524		0.0	0.0002781706425812853	0.0
2026-01-02	19	data/day5 after fix and stain for PAX8-647/19.czi	pax8	16	293.5207221885461		0.0	0.0	0.0
2026-01-02	19	data/day5 after fix and stain for PAX8-647/19.czi	pax8	17	311.30985686663985		0.0	0.0	0.0
2026-01-02	19	data/day5 after fix and stain for PAX8-647/19.czi	pax8	18	329.0989915447335		0.0	0.0	0.0
2026-01-02	19	data/day5 after fix and stain for PAX8-647/19.czi	pax8	19	346.88812622282717		0.0	0.0	0.0
2026-01-02	19	data/day5 after fix and stain for PAX8-647/19.czi	pax8	20	364.67726090092094		0.0	0.0	0.0
2026-01-02	19	data/day5 after fix and stain for PAX8-647/19.czi	pax8	21	382.4663955790146		0.0	0.0	0.0
2026-01-02	19	data/day5 after fix and stain for PAX8-647/19.czi	pax8	22	400.25553025710826		0.0	0.0	0.0
2026-01-02	19	data/day5 after fix and stain for PAX8-647/19.czi	pax8	23	418.04466493520204		0.0	0.0	0.0
2026-01-02	20	data/day5 after fix and stain for PAX8-647/20.czi	foxf1	0	8.894567339046851				
2026-01-02	20	data/day5 after fix and stain for PAX8-647/20.czi	foxf1	1	26.683702017140554	0.3388331176078711	0.037200872960411135	0.04047546888807987	0.01994211272892706
2026-01-02	20	data/day5 after fix and stain for PAX8-647/20.czi	foxf1	2	44.47283669523426	0.37808220630499595	0.04291598717265671	0.04394040993524887	0.02452729614171021
2026-01-02	20	data/day5 after fix and stain for PAX8-647/20.czi	foxf1	3	62.26197137332796	0.39670131658151264	0.04801371061067796	0.047929367074994664	0.030224806211757067
2026-01-02	20	data/day5 after fix and stain for PAX8-647/20.czi	foxf1	4	80.05110605142167	0.38737497815567645	0.05273265829525009	0.05257783583618202	0.03883775927840438
2026-01-02	20	data/day5 after fix and stain for PAX8-647/20.czi	foxf1	5	97.84024072951536	0.3883731218681057	0.06402214898083945	0.06340666870538188	0.056248728072119454
2026-01-02	20	data/day5 after fix and stain for PAX8-647/20.czi	foxf1	6	115.62937540760907	0.4656641859031827	0.07935600866147002	0.0793337119782863	0.08044324222897267
2026-01-02	20	data/day5 after fix and stain for PAX8-647/20.czi	foxf1	7	133.41851008570276	0.5298269130986036	0.09246095870517637	0.09244209274291852	0.10159023603457373
2026-01-02	20	data/day5 after fix and stain for PAX8-647/20.czi	foxf1	8	151.20764476379648	0.5900619766383897	0.09652337176493135	0.0961469112740386	0.10930959254772521
2026-01-02	20	data/day5 after fix and stain for PAX8-647/20.czi	foxf1	9	168.99677944189017	0.6394322626181675	0.09753156558697675	0.09729951916336026	0.11271887131546006
2026-01-02	20	data/day5 after fix and stain for PAX8-647/20.czi	foxf1	10	186.7859141199839	0.7396281585239575	0.09484735489013148	0.09316677053270857	0.10957640026976823
2026-01-02	20	data/day5 after fix and stain for PAX8-647/20.czi	foxf1	11	204.57504879807757	0.8290831555495042	0.08806742295273365	0.08567792899174556	0.10130377254903616
2026-01-02	20	data/day5 after fix and stain for PAX8-647/20.czi	foxf1	12	222.3641834761713	0.8496869272067705	0.07686997924170223	0.07467355427542649	0.08806256736513982
2026-01-02	20	data/day5 after fix and stain for PAX8-647/20.czi	foxf1	13	240.15331815426498	0.8395344231055442	0.06191872828081957	0.06032629337400917	0.07008105880927085
2026-01-02	20	data/day5 after fix and stain for PAX8-647/20.czi	foxf1	14	257.9424528323587	0.7351748579627498	0.03781305632481713	0.037543000576371596	0.04219675003228701
2026-01-02	20	data/day5 after fix and stain for PAX8-647/20.czi	foxf1	15	275.7315875104524	0.8010752160148839	0.015443703773882303	0.015448905025796085	0.016213758317649627
2026-01-02	20	data/day5 after fix and stain for PAX8-647/20.czi	foxf1	16	293.5207221885461	0.8598600544029972	0.003121686372449809	0.0030916246275655094	0.0029411297088140463
2026-01-02	20	data/day5 after fix and stain for PAX8-647/20.czi	foxf1	17	311.30985686663985		5.209840355879657e-05	5.3690054834864266e-05	2.2650628374860007e-05
2026-01-02	20	data/day5 after fix and stain for PAX8-647/20.czi	foxf1	18	329.0989915447335		0.0	0.0	0.0
2026-01-02	20	data/day5 after fix and stain for PAX8-647/20.czi	foxf1	19	346.88812622282717		0.0	0.0	0.0
2026-01-02	20	data/day5 after fix and stain for PAX8-647/20.czi	foxf1	20	364.67726090092094		0.0	0.0	0.0
2026-01-02	20	data/day5 after fix and stain for PAX8-647/20.czi	foxf1	21	382.4663955790146		0.0	0.0	0.0
2026-01-02	20	data/day5 after fix and stain for PAX8-647/20.czi	foxf1	22	400.25553025710826		0.0	0.0	0.0
2026-01-02	20	data/day5 after fix and stain for PAX8-647/20.czi	foxf1	23	418.04466493520204		0.0	0.0	0.0
2026-01-02	20	data/day5 after fix and stain for PAX8-647/20.czi	mesp2	0	8.894567339046851				
2026-01-02	20	data/day5 after fix and stain for PAX8-647/20.czi	mesp2	1	26.683702017140554	0.18250065481025637	0.09356763585504889	0.0769365144399961	0.085595553537755
2026-01-02	20	data/day5 after fix and stain for PAX8-647/20.czi	mesp2	2	44.47283669523426	0.18414321750905488	0.10146342134113102	0.08630960041260133	0.10038524652080547
2026-01-02	20	data/day5 after fix and stain for PAX8-647/20.czi	mesp2	3	62.26197137332796	0.1879595469049293	0.11157387889980294	0.09695780084312787	0.11899631283304501
2026-01-02	20	data/day5 after fix and stain for PAX8-647/20.czi	mesp2	4	80.05110605142167	0.18545902599752215	0.12164388269338972	0.10769637675920485	0.14115509542060709
2026-01-02	20	data/day5 after fix and stain for PAX8-647/20.czi	mesp2	5	97.84024072951536	0.1881931916507584	0.12380603096740485	0.11133210126909798	0.14562427037547382
2026-01-02	20	data/day5 after fix and stain for PAX8-647/20.czi	mesp2	6	115.62937540760907	0.22288917959515187	0.11180809951819395	0.11009176379178383	0.12780936984584
2026-01-02	20	data/day5 after fix and stain for PAX8-647/20.czi	mesp2	7	133.41851008570276	0.24821656512776305	0.0935685516797245	0.10213257977867055	0.0994757557835595
2026-01-02	20	data/day5 after fix and stain for PAX8-647/20.czi	mesp2	8	151.20764476379648	0.2853057552148995	0.07484433160938808	0.08759169645429703	0.0658745577510863
2026-01-02	20	data/day5 after fix and stain for PAX8-647/20.czi	mesp2	9	168.99677944189017	0.2982295308474164	0.05450274688768647	0.06930658507124969	0.03442803179862701
2026-01-02	20	data/day5 after fix and stain for PAX8-647/20.czi	mesp2	10	186.7859141199839	0.23575278977586206	0.031192825503619785	0.04884937664147781	0.013518380039442035
2026-01-02	20	data/day5 after fix and stain for PAX8-647/20.czi	mesp2	11	204.57504879807757	0.0957924735258522	0.010307398872566676	0.028051071691754498	0.003563014901819701
2026-01-02	20	data/day5 after fix and stain for PAX8-647/20.czi	mesp2	12	222.3641834761713	0.014967575862492755	0.0014128530433916518	0.012925106863578579	0.0004574388837913566
2026-01-02	20	data/day5 after fix and stain for PAX8-647/20.czi	mesp2	13	240.15331815426498	1.4216572100135204e-05	1.1070021980129578e-06	0.005475089663055518	3.470408058767727e-06
2026-01-02	20	data/day5 after fix and stain for PAX8-647/20.czi	mesp2	14	257.9424528323587	0.0	0.0	0.002473658612556869	1.0230252405508527e-08
2026-01-02	20	data/day5 after fix and stain for PAX8-647/20.czi	mesp2	15	275.7315875104524	0.0	0.0	0.0009871136920662931	0.0
2026-01-02	20	data/day5 after fix and stain for PAX8-647/20.czi	mesp2	16	293.5207221885461	0.0	0.0	0.00020080524247562446	0.0
2026-01-02	20	data/day5 after fix and stain for PAX8-647/20.czi	mesp2	17	311.30985686663985		0.0	5.008494129819266e-07	0.0
2026-01-02	20	data/day5 after fix and stain for PAX8-647/20.czi	mesp2	18	329.0989915447335		0.0	0.0	0.0
2026-01-02	20	data/day5 after fix and stain for PAX8-647/20.czi	mesp2	19	346.88812622282717		0.0	0.0	0.0
2026-01-02	20	data/day5 after fix and stain for PAX8-647/20.czi	mesp2	20	364.67726090092094		0.0	0.0	0.0
2026-01-02	20	data/day5 after fix and stain for PAX8-647/20.czi	mesp2	21	382.4663955790146		0.0	0.0	0.0
2026-01-02	20	data/day5 after fix and stain for PAX8-647/20.czi	mesp2	22	400.25553025710826		0.0	0.0	0.0
2026-01-02	20	data/day5 after fix and stain for PAX8-647/20.czi	mesp2	23	418.04466493520204		0.0	0.0	0.0
2026-01-02	20	data/day5 after fix and stain for PAX8-647/20.czi	pax8	0	8.894567339046851				
2026-01-02	20	data/day5 after fix and stain for PAX8-647/20.czi	pax8	1	26.683702017140554	0.13895469378078837	0.05006869413819651	0.0818719381522229	0.04796948008523952
2026-01-02	20	data/day5 after fix and stain for PAX8-647/20.czi	pax8	2	44.47283669523426	0.15086531571182885	0.054118459846506574	0.08339876892212297	0.05210814189933555
2026-01-02	20	data/day5 after fix and stain for PAX8-647/20.czi	pax8	3	62.26197137332796	0.15564793801657212	0.05108457262282	0.08096698095978656	0.0439334120459668
2026-01-02	20	data/day5 after fix and stain for PAX8-647/20.czi	pax8	4	80.05110605142167	0.16589235982359193	0.04851871694666338	0.07685433778235674	0.035017429974494294
2026-01-02	20	data/day5 after fix and stain for PAX8-647/20.czi	pax8	5	97.84024072951536	0.20745525257790015	0.05566866518675505	0.07386273294618668	0.03439754635491003
2026-01-02	20	data/day5 after fix and stain for PAX8-647/20.czi	pax8	6	115.62937540760907	0.30512854976288495	0.06729430882081242	0.069799127494575	0.04459339939773686
2026-01-02	20	data/day5 after fix and stain for PAX8-647/20.czi	pax8	7	133.41851008570276	0.37257152505931745	0.07576808398591811	0.069132323251388	0.06148519892423023
2026-01-02	20	data/day5 after fix and stain for PAX8-647/20.czi	pax8	8	151.20764476379648	0.4524831144356324	0.08421320948510559	0.06789920985724206	0.07638412834985918
2026-01-02	20	data/day5 after fix and stain for PAX8-647/20.czi	pax8	9	168.99677944189017	0.5395037048734553	0.09918989852470342	0.07117071084283086	0.10593348078270436
2026-01-02	20	data/day5 after fix and stain for PAX8-647/20.czi	pax8	10	186.7859141199839	0.6107364252346392	0.114581419412335	0.0759079934670102	0.14673808003129582
2026-01-02	20	data/day5 after fix and stain for PAX8-647/20.czi	pax8	11	204.57504879807757	0.6811603936527248	0.11588341741526037	0.07367991163038967	0.15738393079692337
2026-01-02	20	data/day5 after fix and stain for PAX8-647/20.czi	pax8	12	222.3641834761713	0.6734453854047691	0.09038396129080711	0.05808260666915706	0.11475289699345081
2026-01-02	20	data/day5 after fix and stain for PAX8-647/20.czi	pax8	13	240.15331815426498	0.6042780932281887	0.05304276557156839	0.03637277738916099	0.051020158821739055
2026-01-02	20	data/day5 after fix and stain for PAX8-647/20.czi	pax8	14	257.9424528323587	0.28918838005956904	0.016513088646381863	0.017392300025904545	0.010417307339611468
2026-01-02	20	data/day5 after fix and stain for PAX8-647/20.czi	pax8	15	275.7315875104524	0.052641611566399474	0.0017904397653158246	0.005747260024270096	0.00035770417916175827
2026-01-02	20	data/day5 after fix and stain for PAX8-647/20.czi	pax8	16	293.5207221885461	0.0	0.0	0.0009814047799593867	5.4258382145981e-06
2026-01-02	20	data/day5 after fix and stain for PAX8-647/20.czi	pax8	17	311.30985686663985		0.0	1.5866622712131144e-05	0.0
2026-01-02	20	data/day5 after fix and stain for PAX8-647/20.czi	pax8	18	329.0989915447335		0.0	0.0	0.0
2026-01-02	20	data/day5 after fix and stain for PAX8-647/20.czi	pax8	19	346.88812622282717		0.0	0.0	0.0
2026-01-02	20	data/day5 after fix and stain for PAX8-647/20.czi	pax8	20	364.67726090092094		0.0	0.0	0.0
2026-01-02	20	data/day5 after fix and stain for PAX8-647/20.czi	pax8	21	382.4663955790146		0.0	0.0	0.0
2026-01-02	20	data/day5 after fix and stain for PAX8-647/20.czi	pax8	22	400.25553025710826		0.0	0.0	0.0
2026-01-02	20	data/day5 after fix and stain for PAX8-647/20.czi	pax8	23	418.04466493520204		0.0	0.0	0.0
2026-01-02	21	data/day5 after fix and stain for PAX8-647/21.czi	foxf1	0	8.894567339046851				
2026-01-02	21	data/day5 after fix and stain for PAX8-647/21.czi	foxf1	1	26.683702017140554	0.0	0.0	0.02599662628172462	1.8835789729393268e-05
2026-01-02	21	data/day5 after fix and stain for PAX8-647/21.czi	foxf1	2	44.47283669523426	0.0	0.0	0.026203267779829433	2.7843475297030382e-05
2026-01-02	21	data/day5 after fix and stain for PAX8-647/21.czi	foxf1	3	62.26197137332796	0.0	0.0	0.024819771798568268	7.661616927097136e-06
2026-01-02	21	data/day5 after fix and stain for PAX8-647/21.czi	foxf1	4	80.05110605142167	0.0	0.0	0.023172106495591375	3.3757936292452393e-06
2026-01-02	21	data/day5 after fix and stain for PAX8-647/21.czi	foxf1	5	97.84024072951536	0.0	0.0	0.021708573283049107	1.3275346482238592e-05
2026-01-02	21	data/day5 after fix and stain for PAX8-647/21.czi	foxf1	6	115.62937540760907	0.0	0.0	0.021113793788998865	5.0370687443907555e-06
2026-01-02	21	data/day5 after fix and stain for PAX8-647/21.czi	foxf1	7	133.41851008570276	0.0009673428030098622	0.00013102568591205936	0.021118814360521425	2.539084214680608e-05
2026-01-02	21	data/day5 after fix and stain for PAX8-647/21.czi	foxf1	8	151.20764476379648	0.024290123224884577	0.003526509767739966	0.02141884044755461	0.0005515896557985201
2026-01-02	21	data/day5 after fix and stain for PAX8-647/21.czi	foxf1	9	168.99677944189017	0.0989022655328739	0.01724433439871013	0.025981067191882524	0.007599551824653687
2026-01-02	21	data/day5 after fix and stain for PAX8-647/21.czi	foxf1	10	186.7859141199839	0.18666717101649027	0.04129160765252098	0.038369616184427226	0.0313348216482805
2026-01-02	21	data/day5 after fix and stain for PAX8-647/21.czi	foxf1	11	204.57504879807757	0.2457438272502047	0.06263298150130707	0.05151804700676696	0.05814799833744552
2026-01-02	21	data/day5 after fix and stain for PAX8-647/21.czi	foxf1	12	222.3641834761713	0.3010439770124911	0.08066843050163561	0.06303249004912306	0.08144851273172332
2026-01-02	21	data/day5 after fix and stain for PAX8-647/21.czi	foxf1	13	240.15331815426498	0.3634301466187494	0.09501503375719178	0.0725940809610736	0.10004596395689627
2026-01-02	21	data/day5 after fix and stain for PAX8-647/21.czi	foxf1	14	257.9424528323587	0.4384759372970328	0.10453983504632547	0.07975260849603831	0.11113138407413252
2026-01-02	21	data/day5 after fix and stain for PAX8-647/21.czi	foxf1	15	275.7315875104524	0.5143450892175501	0.11107181938866095	0.08459506991950856	0.11774233639641093
2026-01-02	21	data/day5 after fix and stain for PAX8-647/21.czi	foxf1	16	293.5207221885461	0.5601937766478715	0.11705266973552328	0.08895509279265844	0.12559499017813278
2026-01-02	21	data/day5 after fix and stain for PAX8-647/21.czi	foxf1	17	311.30985686663985	0.5462618855749727	0.10990429834961225	0.08501293734242163	0.11744775252815995
2026-01-02	21	data/day5 after fix and stain for PAX8-647/21.czi	foxf1	18	329.0989915447335	0.53793112726315	0.09855045140680654	0.07671597378404785	0.10273887755894762
2026-01-02	21	data/day5 after fix and stain for PAX8-647/21.czi	foxf1	19	346.88812622282717	0.5434846629471188	0.08539731049867537	0.0668812978403492	0.08626719597982331
2026-01-02	21	data/day5 after fix and stain for PAX8-647/21.czi	foxf1	20	364.67726090092094	0.5548903286314725	0.06191986379958863	0.048687133668746656	0.05788635483813616
2026-01-02	21	data/day5 after fix and stain for PAX8-647/21.czi	foxf1	21	382.4663955790146	0.5068300609828024	0.027354941241037455	0.0228434792317791	0.021065767273705266
2026-01-02	21	data/day5 after fix and stain for PAX8-647/21.czi	foxf1	22	400.25553025710826	0.2268406993273204	0.0045245012529013815	0.004961443351452137	0.0017261299939863883
2026-01-02	21	data/day5 after fix and stain for PAX8-647/21.czi	foxf1	23	418.04466493520204		7.719349183525656e-06	0.00019076734451256927	1.0685639821734612e-06
2026-01-02	21	data/day5 after fix and stain for PAX8-647/21.czi	mesp2	0	8.894567339046851				
2026-01-02	21	data/day5 after fix and stain for PAX8-647/21.czi	mesp2	1	26.683702017140554	0.21453796995050733	0.0323560786963944	0.037908130038755636	0.0199458411326539
2026-01-02	21	data/day5 after fix and stain for PAX8-647/21.czi	mesp2	2	44.47283669523426	0.2252865206562161	0.03675126110027461	0.04300764465615981	0.02592702005541377
2026-01-02	21	data/day5 after fix and stain for PAX8-647/21.czi	mesp2	3	62.26197137332796	0.25717953218777456	0.043731677139318303	0.049174148777069326	0.03345484660943613
2026-01-02	21	data/day5 after fix and stain for PAX8-647/21.czi	mesp2	4	80.05110605142167	0.3301370515966441	0.05805332670410859	0.05917267221465158	0.047929796887008394
2026-01-02	21	data/day5 after fix and stain for PAX8-647/21.czi	mesp2	5	97.84024072951536	0.3594665768909127	0.07761050708755242	0.07601516048193764	0.07765137287022263
2026-01-02	21	data/day5 after fix and stain for PAX8-647/21.czi	mesp2	6	115.62937540760907	0.3725752414349018	0.09321997584437068	0.08987686049221678	0.10435889709721045
2026-01-02	21	data/day5 after fix and stain for PAX8-647/21.czi	mesp2	7	133.41851008570276	0.382394030290121	0.10449657805103889	0.10053023091147395	0.1247540450139949
2026-01-02	21	data/day5 after fix and stain for PAX8-647/21.czi	mesp2	8	151.20764476379648	0.4249228767745608	0.11123621466810152	0.10527184681963582	0.13401711947109168
2026-01-02	21	data/day5 after fix and stain for PAX8-647/21.czi	mesp2	9	168.99677944189017	0.4644233444772041	0.10615901087083086	0.09889739567755841	0.12478826623039503
2026-01-02	21	data/day5 after fix and stain for PAX8-647/21.czi	mesp2	10	186.7859141199839	0.49829201620183383	0.0952842054188672	0.08777197525044789	0.10724464218040888
2026-01-02	21	data/day5 after fix and stain for PAX8-647/21.czi	mesp2	11	204.57504879807757	0.5149026699185216	0.08111927141959582	0.07408163292024866	0.08573866038576398
2026-01-02	21	data/day5 after fix and stain for PAX8-647/21.czi	mesp2	12	222.3641834761713	0.5227426612509775	0.06357415020036014	0.057520208325072986	0.059427237936510335
2026-01-02	21	data/day5 after fix and stain for PAX8-647/21.czi	mesp2	13	240.15331815426498	0.5160569954025495	0.04326382295829205	0.039652649625073644	0.03147872667430972
2026-01-02	21	data/day5 after fix and stain for PAX8-647/21.czi	mesp2	14	257.9424528323587	0.366006903946934	0.02318271361003748	0.02596162672581178	0.013201560336237005
2026-01-02	21	data/day5 after fix and stain for PAX8-647/21.czi	mesp2	15	275.7315875104524	0.20284137303683156	0.010256512210571934	0.016943794725480025	0.004541127144218617
2026-01-02	21	data/day5 after fix and stain for PAX8-647/21.czi	mesp2	16	293.5207221885461	0.0998974466954742	0.006914967076286947	0.013466189783123883	0.005595370091901501
2026-01-02	21	data/day5 after fix and stain for PAX8-647/21.czi	mesp2	17	311.30985686663985	0.04723983600065272	0.0038395977187409063	0.008350884767206534	0.0036230955073067476
2026-01-02	21	data/day5 after fix and stain for PAX8-647/21.czi	mesp2	18	329.0989915447335	0.013198218399598397	0.0008150724559505445	0.003019085789881147	0.0006053960431721908
2026-01-02	21	data/day5 after fix and stain for PAX8-647/21.czi	mesp2	19	346.88812622282717	0.00014291389684117928	4.2262893742397665e-06	0.0005935269274388822	9.712209296419495e-07
2026-01-02	21	data/day5 after fix and stain for PAX8-647/21.czi	mesp2	20	364.67726090092094	0.0	0.0	-0.00026899404619155963	0.0
2026-01-02	21	data/day5 after fix and stain for PAX8-647/21.czi	mesp2	21	382.4663955790146	0.0	0.0	-0.0003834700641599801	0.0
2026-01-02	21	data/day5 after fix and stain for PAX8-647/21.czi	mesp2	22	400.25553025710826	0.0	0.0	-0.00013378732765378484	0.0
2026-01-02	21	data/day5 after fix and stain for PAX8-647/21.czi	mesp2	23	418.04466493520204		0.0	-9.351785934449475e-06	0.0
2026-01-02	21	data/day5 after fix and stain for PAX8-647/21.czi	pax8	0	8.894567339046851				
2026-01-02	21	data/day5 after fix and stain for PAX8-647/21.czi	pax8	1	26.683702017140554	0.15443049839240175	0.038363777710346235	0.06270206234700205	0.03594136019837721
2026-01-02	21	data/day5 after fix and stain for PAX8-647/21.czi	pax8	2	44.47283669523426	0.16926174125717217	0.03908618136232917	0.0619587544508453	0.032489472897091795
2026-01-02	21	data/day5 after fix and stain for PAX8-647/21.czi	pax8	3	62.26197137332796	0.17454431713993993	0.039195596733128425	0.061150895624386345	0.03235773227738535
2026-01-02	21	data/day5 after fix and stain for PAX8-647/21.czi	pax8	4	80.05110605142167	0.17072976700720632	0.03901095838633252	0.06038819262045102	0.03600310473220742
2026-01-02	21	data/day5 after fix and stain for PAX8-647/21.czi	pax8	5	97.84024072951536	0.17973221490862415	0.04003820825798108	0.05803702872394032	0.03814149823701746
2026-01-02	21	data/day5 after fix and stain for PAX8-647/21.czi	pax8	6	115.62937540760907	0.19593499935523337	0.04028181325867649	0.05494358969765372	0.03672848312089196
2026-01-02	21	data/day5 after fix and stain for PAX8-647/21.czi	pax8	7	133.41851008570276	0.2098036683549864	0.03940324348544281	0.05191770303814266	0.034735943687015935
2026-01-02	21	data/day5 after fix and stain for PAX8-647/21.czi	pax8	8	151.20764476379648	0.22806954201144303	0.03912525376476493	0.0490302759031193	0.0337047325515954
2026-01-02	21	data/day5 after fix and stain for PAX8-647/21.czi	pax8	9	168.99677944189017	0.24741650211953492	0.03980335938702945	0.04792115768292905	0.03517938618621869
2026-01-02	21	data/day5 after fix and stain for PAX8-647/21.czi	pax8	10	186.7859141199839	0.3498091225936898	0.04984252185416352	0.04883169521523317	0.04027232929102282
2026-01-02	21	data/day5 after fix and stain for PAX8-647/21.czi	pax8	11	204.57504879807757	0.4488116616738181	0.05809017025993257	0.048770554929212485	0.04348699857634737
2026-01-02	21	data/day5 after fix and stain for PAX8-647/21.czi	pax8	12	222.3641834761713	0.528234647194145	0.06308639656941953	0.04705903166700843	0.04510859348125609
2026-01-02	21	data/day5 after fix and stain for PAX8-647/21.czi	pax8	13	240.15331815426498	0.5832047838300176	0.07412174106410217	0.048970121910218344	0.07405874473693581
2026-01-02	21	data/day5 after fix and stain for PAX8-647/21.czi	pax8	14	257.9424528323587	0.6655339616866778	0.09068876087838057	0.05389515917852287	0.11633386092893783
2026-01-02	21	data/day5 after fix and stain for PAX8-647/21.czi	pax8	15	275.7315875104524	0.7345365765887761	0.09783252487822935	0.055268826524401723	0.13480856139291847
2026-01-02	21	data/day5 after fix and stain for PAX8-647/21.czi	pax8	16	293.5207221885461	0.765347420595789	0.08966815390025337	0.04992877580346766	0.11395139112952157
2026-01-02	21	data/day5 after fix and stain for PAX8-647/21.czi	pax8	17	311.30985686663985	0.64437364800474	0.06337817224717493	0.038993523567918534	0.0662785876038541
2026-01-02	21	data/day5 after fix and stain for PAX8-647/21.czi	pax8	18	329.0989915447335	0.36088243194684433	0.030861454652663028	0.026720129708723183	0.026873306544758394
2026-01-02	21	data/day5 after fix and stain for PAX8-647/21.czi	pax8	19	346.88812622282717	0.16023813621661293	0.01129109120247101	0.016969268328519114	0.00769144459450955
2026-01-02	21	data/day5 after fix and stain for PAX8-647/21.czi	pax8	20	364.67726090092094	0.054436545291311214	0.0030188250435723347	0.009959282799702478	0.0012106079185771564
2026-01-02	21	data/day5 after fix and stain for PAX8-647/21.czi	pax8	21	382.4663955790146	0.004743247856641327	0.00017816363024483934	0.00443556285547019	3.2685380183765745e-05
2026-01-02	21	data/day5 after fix and stain for PAX8-647/21.czi	pax8	22	400.25553025710826	0.0	0.0	0.0010316097636984324	0.0
2026-01-02	21	data/day5 after fix and stain for PAX8-647/21.czi	pax8	23	418.04466493520204		0.0	3.5155919003525824e-05	0.0
2026-01-02	22	data/day5 after fix and stain for PAX8-647/22.czi	foxf1	0	8.894567339046851				
2026-01-02	22	data/day5 after fix and stain for PAX8-647/22.czi	foxf1	1	26.683702017140554	0.2854863857401646	0.06174551705302456	0.08540026048434964	0.014382821907899964
2026-01-02	22	data/day5 after fix and stain for PAX8-647/22.czi	foxf1	2	44.47283669523426	0.3203213356334364	0.0752273786921444	0.09074349104439237	0.030384963221589196
2026-01-02	22	data/day5 after fix and stain for PAX8-647/22.czi	foxf1	3	62.26197137332796	0.34298694507029315	0.0911289869118617	0.09761964300827208	0.06313783685697547
2026-01-02	22	data/day5 after fix and stain for PAX8-647/22.czi	foxf1	4	80.05110605142167	0.3663530056550329	0.11295262345622968	0.10809051542906402	0.11683085282883221
2026-01-02	22	data/day5 after fix and stain for PAX8-647/22.czi	foxf1	5	97.84024072951536	0.38243965597601576	0.13750413253054158	0.1214011516701219	0.1868695690382341
2026-01-02	22	data/day5 after fix and stain for PAX8-647/22.czi	foxf1	6	115.62937540760907	0.40158245840539264	0.1454138073268837	0.12187594354749075	0.20710107112085976
2026-01-02	22	data/day5 after fix and stain for PAX8-647/22.czi	foxf1	7	133.41851008570276	0.4081682865915306	0.13132332308647576	0.10849420594545126	0.17405488386436097
2026-01-02	22	data/day5 after fix and stain for PAX8-647/22.czi	foxf1	8	151.20764476379648	0.36511683711004495	0.09832228763089267	0.08606791717676077	0.11645786956252079
2026-01-02	22	data/day5 after fix and stain for PAX8-647/22.czi	foxf1	9	168.99677944189017	0.3094256431747691	0.06551223333327025	0.061834953695636075	0.06859633608539907
2026-01-02	22	data/day5 after fix and stain for PAX8-647/22.czi	foxf1	10	186.7859141199839	0.2791903685725433	0.038974026489826785	0.03839760629500927	0.029266152039287424
2026-01-02	22	data/day5 after fix and stain for PAX8-647/22.czi	foxf1	11	204.57504879807757	0.09794405751570318	0.01000598073990755	0.01623591692982016	0.005619144635832572
2026-01-02	22	data/day5 after fix and stain for PAX8-647/22.czi	foxf1	12	222.3641834761713	0.01106747467799176	0.0006895062259646089	0.003467219106629774	0.000218144012283985
2026-01-02	22	data/day5 after fix and stain for PAX8-647/22.czi	foxf1	13	240.15331815426498	0.0	0.0	0.0003735342037647092	1.60408530931177e-07
2026-01-02	22	data/day5 after fix and stain for PAX8-647/22.czi	foxf1	14	257.9424528323587	0.0	0.0	5.959678637901155e-05	0.0
2026-01-02	22	data/day5 after fix and stain for PAX8-647/22.czi	foxf1	15	275.7315875104524		0.0	1.6742787772044888e-06	0.0
2026-01-02	22	data/day5 after fix and stain for PAX8-647/22.czi	foxf1	16	293.5207221885461		0.0	0.0	0.0
2026-01-02	22	data/day5 after fix and stain for PAX8-647/22.czi	foxf1	17	311.30985686663985		0.0	0.0	0.0
2026-01-02	22	data/day5 after fix and stain for PAX8-647/22.czi	foxf1	18	329.0989915447335		0.0	0.0	0.0
2026-01-02	22	data/day5 after fix and stain for PAX8-647/22.czi	foxf1	19	346.88812622282717		0.0	0.0	0.0
2026-01-02	22	data/day5 after fix and stain for PAX8-647/22.czi	foxf1	20	364.67726090092094		0.0	0.0	0.0
2026-01-02	22	data/day5 after fix and stain for PAX8-647/22.czi	foxf1	21	382.4663955790146		0.0	0.0	0.0
2026-01-02	22	data/day5 after fix and stain for PAX8-647/22.czi	foxf1	22	400.25553025710826		0.0	0.0	0.0
2026-01-02	22	data/day5 after fix and stain for PAX8-647/22.czi	foxf1	23	418.04466493520204		0.0	0.0	0.0
2026-01-02	22	data/day5 after fix and stain for PAX8-647/22.czi	mesp2	0	8.894567339046851				
2026-01-02	22	data/day5 after fix and stain for PAX8-647/22.czi	mesp2	1	26.683702017140554	0.6132419317221592	0.1227833683373676	0.12069748488669232	0.12364825143697088
2026-01-02	22	data/day5 after fix and stain for PAX8-647/22.czi	mesp2	2	44.47283669523426	0.6053214469217343	0.12262376699533596	0.12059083178917489	0.12451601634054398
2026-01-02	22	data/day5 after fix and stain for PAX8-647/22.czi	mesp2	3	62.26197137332796	0.6007783005671171	0.12169285172456971	0.11985434235055967	0.12410005707289008
2026-01-02	22	data/day5 after fix and stain for PAX8-647/22.czi	mesp2	4	80.05110605142167	0.5799578282351473	0.11760694353930991	0.11617393591792631	0.12057185890503953
2026-01-02	22	data/day5 after fix and stain for PAX8-647/22.czi	mesp2	5	97.84024072951536	0.5730830649079036	0.11276933426795345	0.11123987739065297	0.11544849657848776
2026-01-02	22	data/day5 after fix and stain for PAX8-647/22.czi	mesp2	6	115.62937540760907	0.5247888975321917	0.09687188216127877	0.09669908961563849	0.0981874803943786
2026-01-02	22	data/day5 after fix and stain for PAX8-647/22.czi	mesp2	7	133.41851008570276	0.47435823065707394	0.07344898958620379	0.07431337310936434	0.07091035431351884
2026-01-02	22	data/day5 after fix and stain for PAX8-647/22.czi	mesp2	8	151.20764476379648	0.4418469150347406	0.05462926347999934	0.05631529796210754	0.05001618725414775
2026-01-02	22	data/day5 after fix and stain for PAX8-647/22.czi	mesp2	9	168.99677944189017	0.3529361779437729	0.04121943350286895	0.04485860591092793	0.039867321439868285
2026-01-02	22	data/day5 after fix and stain for PAX8-647/22.czi	mesp2	10	186.7859141199839	0.2961086820332504	0.025467005272519425	0.028387224901995523	0.024132951288061394
2026-01-02	22	data/day5 after fix and stain for PAX8-647/22.czi	mesp2	11	204.57504879807757	0.19060766278293945	0.00831108439505912	0.010109744363180689	0.006617877069527243
2026-01-02	22	data/day5 after fix and stain for PAX8-647/22.czi	mesp2	12	222.3641834761713	0.0468486966514729	0.0010885896404580638	0.0017480408333529949	0.0006166496129794315
2026-01-02	22	data/day5 after fix and stain for PAX8-647/22.czi	mesp2	13	240.15331815426498	0.0019151264591439465	1.056790809810736e-05	0.0002050990580789156	2.4640939074115605e-06
2026-01-02	22	data/day5 after fix and stain for PAX8-647/22.czi	mesp2	14	257.9424528323587	0.0	0.0	4.306605798857566e-05	0.0
2026-01-02	22	data/day5 after fix and stain for PAX8-647/22.czi	mesp2	15	275.7315875104524		0.0	1.050645678017385e-06	0.0
2026-01-02	22	data/day5 after fix and stain for PAX8-647/22.czi	mesp2	16	293.5207221885461		0.0	0.0	0.0
2026-01-02	22	data/day5 after fix and stain for PAX8-647/22.czi	mesp2	17	311.30985686663985		0.0	0.0	0.0
2026-01-02	22	data/day5 after fix and stain for PAX8-647/22.czi	mesp2	18	329.0989915447335		0.0	0.0	0.0
2026-01-02	22	data/day5 after fix and stain for PAX8-647/22.czi	mesp2	19	346.88812622282717		0.0	0.0	0.0
2026-01-02	22	data/day5 after fix and stain for PAX8-647/22.czi	mesp2	20	364.67726090092094		0.0	0.0	0.0
2026-01-02	22	data/day5 after fix and stain for PAX8-647/22.czi	mesp2	21	382.4663955790146		0.0	0.0	0.0
2026-01-02	22	data/day5 after fix and stain for PAX8-647/22.czi	mesp2	22	400.25553025710826		0.0	0.0	0.0
2026-01-02	22	data/day5 after fix and stain for PAX8-647/22.czi	mesp2	23	418.04466493520204		0.0	0.0	0.0
2026-01-02	22	data/day5 after fix and stain for PAX8-647/22.czi	pax8	0	8.894567339046851				
2026-01-02	22	data/day5 after fix and stain for PAX8-647/22.czi	pax8	1	26.683702017140554	0.1954775219334438	0.05978876430280335	0.08971885503623302	0.029017599768067788
2026-01-02	22	data/day5 after fix and stain for PAX8-647/22.czi	pax8	2	44.47283669523426	0.18298488335314758	0.056814501496906825	0.08998071819503213	0.030900358693139424
2026-01-02	22	data/day5 after fix and stain for PAX8-647/22.czi	pax8	3	62.26197137332796	0.179894219793267	0.05732067282154588	0.09058586535568242	0.035651839398600386
2026-01-02	22	data/day5 after fix and stain for PAX8-647/22.czi	pax8	4	80.05110605142167	0.22445455173848866	0.07191724238069375	0.09232010488443065	0.0477656198695604
2026-01-02	22	data/day5 after fix and stain for PAX8-647/22.czi	pax8	5	97.84024072951536	0.31304416498970533	0.10177721819422866	0.09511401074996143	0.07530196800318109
2026-01-02	22	data/day5 after fix and stain for PAX8-647/22.czi	pax8	6	115.62937540760907	0.3394067963570094	0.12330104054741253	0.09961207863316887	0.12417851561850578
2026-01-02	22	data/day5 after fix and stain for PAX8-647/22.czi	pax8	7	133.41851008570276	0.3322937326034748	0.13918753149445304	0.10452092579885904	0.18298620080669964
2026-01-02	22	data/day5 after fix and stain for PAX8-647/22.czi	pax8	8	151.20764476379648	0.3416742038031839	0.14311856763269354	0.1009698206093439	0.20782037310108173
2026-01-02	22	data/day5 after fix and stain for PAX8-647/22.czi	pax8	9	168.99677944189017	0.3629989096278448	0.12012457174357546	0.08349501838124518	0.16558095624680816
2026-01-02	22	data/day5 after fix and stain for PAX8-647/22.czi	pax8	10	186.7859141199839	0.30156708226046736	0.06669367922507399	0.053482329823809814	0.07748396382010948
2026-01-02	22	data/day5 after fix and stain for PAX8-647/22.czi	pax8	11	204.57504879807757	0.13736253537843046	0.018820832740620866	0.023911898139318963	0.016625607838212125
2026-01-02	22	data/day5 after fix and stain for PAX8-647/22.czi	pax8	12	222.3641834761713	0.023817267815129384	0.002068655129799035	0.006625862329921446	0.0011020632099590357
2026-01-02	22	data/day5 after fix and stain for PAX8-647/22.czi	pax8	13	240.15331815426498	0.0	0.0	0.0016108569832802497	0.0
2026-01-02	22	data/day5 after fix and stain for PAX8-647/22.czi	pax8	14	257.9424528323587	0.0	0.0	0.0003387910410449583	0.0
2026-01-02	22	data/day5 after fix and stain for PAX8-647/22.czi	pax8	15	275.7315875104524		0.0	8.360492494003432e-06	0.0
2026-01-02	22	data/day5 after fix and stain for PAX8-647/22.czi	pax8	16	293.5207221885461		0.0	0.0	0.0
2026-01-02	22	data/day5 after fix and stain for PAX8-647/22.czi	pax8	17	311.30985686663985		0.0	0.0	0.0
2026-01-02	22	data/day5 after fix and stain for PAX8-647/22.czi	pax8	18	329.0989915447335		0.0	0.0	0.0
2026-01-02	22	data/day5 after fix and stain for PAX8-647/22.czi	pax8	19	346.88812622282717		0.0	0.0	0.0
2026-01-02	22	data/day5 after fix and stain for PAX8-647/22.czi	pax8	20	364.67726090092094		0.0	0.0	0.0
2026-01-02	22	data/day5 after fix and stain for PAX8-647/22.czi	pax8	21	382.4663955790146		0.0	0.0	0.0
2026-01-02	22	data/day5 after fix and stain for PAX8-647/22.czi	pax8	22	400.25553025710826		0.0	0.0	0.0
2026-01-02	22	data/day5 after fix and stain for PAX8-647/22.czi	pax8	23	418.04466493520204		0.0	0.0	0.0
2026-01-02	23	data/day5 after fix and stain for PAX8-647/23_from_previous_stain.czi	foxf1	0	8.894567339046851				
2026-01-02	23	data/day5 after fix and stain for PAX8-647/23_from_previous_stain.czi	foxf1	1	26.683702017140554	0.0003759888740505125	0.0003044730679207624	0.0788451327149696	0.0005920904451898843
2026-01-02	23	data/day5 after fix and stain for PAX8-647/23_from_previous_stain.czi	foxf1	2	44.47283669523426	0.0002530260169330802	0.0002234767307836073	0.07882930518133315	0.0007343043901887021
2026-01-02	23	data/day5 after fix and stain for PAX8-647/23_from_previous_stain.czi	foxf1	3	62.26197137332796	0.00024958166482262606	0.00024086680104424063	0.07684143657798316	0.000483697550919101
2026-01-02	23	data/day5 after fix and stain for PAX8-647/23_from_previous_stain.czi	foxf1	4	80.05110605142167	0.0002469069051307969	0.00019958157198479687	0.07633594288481023	0.0002593073668171906
2026-01-02	23	data/day5 after fix and stain for PAX8-647/23_from_previous_stain.czi	foxf1	5	97.84024072951536	0.0006536870823220665	0.000509021082874656	0.07246087284761049	0.0005045169584364656
2026-01-02	23	data/day5 after fix and stain for PAX8-647/23_from_previous_stain.czi	foxf1	6	115.62937540760907	0.002509324472097104	0.001793956718214691	0.05941888227722115	0.0007186410255212918
2026-01-02	23	data/day5 after fix and stain for PAX8-647/23_from_previous_stain.czi	foxf1	7	133.41851008570276	0.014975055414969508	0.007514159787100062	0.04858875243151104	0.002420504544516859
2026-01-02	23	data/day5 after fix and stain for PAX8-647/23_from_previous_stain.czi	foxf1	8	151.20764476379648	0.11347101216610103	0.04939047431761054	0.053263473015995856	0.019931822171088125
2026-01-02	23	data/day5 after fix and stain for PAX8-647/23_from_previous_stain.czi	foxf1	9	168.99677944189017	0.28979221107620434	0.1261745866662081	0.06686897781420155	0.10059782908899728
2026-01-02	23	data/day5 after fix and stain for PAX8-647/23_from_previous_stain.czi	foxf1	10	186.7859141199839	0.42731547458269664	0.17503500321083482	0.07416250215340775	0.18420591463889563
2026-01-02	23	data/day5 after fix and stain for PAX8-647/23_from_previous_stain.czi	foxf1	11	204.57504879807757	0.5354631866299564	0.19159302969815095	0.07373913672851976	0.2253508287530383
2026-01-02	23	data/day5 after fix and stain for PAX8-647/23_from_previous_stain.czi	foxf1	12	222.3641834761713	0.6309077476223311	0.18342616973296383	0.0674023271668844	0.20679532929329053
2026-01-02	23	data/day5 after fix and stain for PAX8-647/23_from_previous_stain.czi	foxf1	13	240.15331815426498	0.6500212682609005	0.15191492489049185	0.05599094300367412	0.1583023823091587
2026-01-02	23	data/day5 after fix and stain for PAX8-647/23_from_previous_stain.czi	foxf1	14	257.9424528323587	0.5615070417268966	0.09733608915064419	0.03929837827837183	0.09092971790650069
2026-01-02	23	data/day5 after fix and stain for PAX8-647/23_from_previous_stain.czi	foxf1	15	275.7315875104524	0.264280319803119	0.031547826651767676	0.01714035508699888	0.026154290181612583
2026-01-02	23	data/day5 after fix and stain for PAX8-647/23_from_previous_stain.czi	foxf1	16	293.5207221885461	0.0482445027946688	0.003160215202257245	0.003349550326404208	0.0020578024089770207
2026-01-02	23	data/day5 after fix and stain for PAX8-647/23_from_previous_stain.czi	foxf1	17	311.30985686663985		0.0	9.198745388189531e-05	0.0
2026-01-02	23	data/day5 after fix and stain for PAX8-647/23_from_previous_stain.czi	foxf1	18	329.0989915447335		0.0	0.0	0.0
2026-01-02	23	data/day5 after fix and stain for PAX8-647/23_from_previous_stain.czi	foxf1	19	346.88812622282717		0.0	0.0	0.0
2026-01-02	23	data/day5 after fix and stain for PAX8-647/23_from_previous_stain.czi	foxf1	20	364.67726090092094		0.0	0.0	0.0
2026-01-02	23	data/day5 after fix and stain for PAX8-647/23_from_previous_stain.czi	foxf1	21	382.4663955790146		0.0	0.0	0.0
2026-01-02	23	data/day5 after fix and stain for PAX8-647/23_from_previous_stain.czi	foxf1	22	400.25553025710826		0.0	0.0	0.0
2026-01-02	23	data/day5 after fix and stain for PAX8-647/23_from_previous_stain.czi	foxf1	23	418.04466493520204		0.0	0.0	0.0
2026-01-02	23	data/day5 after fix and stain for PAX8-647/23_from_previous_stain.czi	mesp2	0	8.894567339046851				
2026-01-02	23	data/day5 after fix and stain for PAX8-647/23_from_previous_stain.czi	mesp2	1	26.683702017140554	0.40739228297457547	0.07987797133066991	0.08531286443984433	0.05612415009893284
2026-01-02	23	data/day5 after fix and stain for PAX8-647/23_from_previous_stain.czi	mesp2	2	44.47283669523426	0.4475366755821065	0.09650982922914385	0.09773642535702345	0.0806550340076843
2026-01-02	23	data/day5 after fix and stain for PAX8-647/23_from_previous_stain.czi	mesp2	3	62.26197137332796	0.4625492206166241	0.11539636707207272	0.11313938117326977	0.11533493111770853
2026-01-02	23	data/day5 after fix and stain for PAX8-647/23_from_previous_stain.czi	mesp2	4	80.05110605142167	0.471762884162515	0.1314580985571065	0.12569581456066284	0.14776703006156866
2026-01-02	23	data/day5 after fix and stain for PAX8-647/23_from_previous_stain.czi	mesp2	5	97.84024072951536	0.47805871909659636	0.13855513511545153	0.13012305416322856	0.16372092723429044
2026-01-02	23	data/day5 after fix and stain for PAX8-647/23_from_previous_stain.czi	mesp2	6	115.62937540760907	0.4669204720044362	0.12428970064605768	0.11574807661409899	0.14253144031040602
2026-01-02	23	data/day5 after fix and stain for PAX8-647/23_from_previous_stain.czi	mesp2	7	133.41851008570276	0.5318440379527104	0.09903824285657693	0.09383601391204073	0.11093156219496492
2026-01-02	23	data/day5 after fix and stain for PAX8-647/23_from_previous_stain.czi	mesp2	8	151.20764476379648	0.5141364343404343	0.07664817095399892	0.07340857913425838	0.08556103332268461
2026-01-02	23	data/day5 after fix and stain for PAX8-647/23_from_previous_stain.czi	mesp2	9	168.99677944189017	0.4827366819340278	0.05302950956089532	0.05133618873011528	0.05177405254824478
2026-01-02	23	data/day5 after fix and stain for PAX8-647/23_from_previous_stain.czi	mesp2	10	186.7859141199839	0.416224965522321	0.02837137046925714	0.029935799007624428	0.017938236656855462
2026-01-02	23	data/day5 after fix and stain for PAX8-647/23_from_previous_stain.czi	mesp2	11	204.57504879807757	0.13641294296768874	0.006921938638476087	0.014627818421721431	0.0027468119325375325
2026-01-02	23	data/day5 after fix and stain for PAX8-647/23_from_previous_stain.czi	mesp2	12	222.3641834761713	0.013952592403089416	0.000497420199047083	0.006870830918413927	8.002915229231048e-05
2026-01-02	23	data/day5 after fix and stain for PAX8-647/23_from_previous_stain.czi	mesp2	13	240.15331815426498	0.0	0.0	0.0033582746496120903	2.7942101220347247e-07
2026-01-02	23	data/day5 after fix and stain for PAX8-647/23_from_previous_stain.czi	mesp2	14	257.9424528323587	0.0	0.0	0.0014564182402231098	0.0
2026-01-02	23	data/day5 after fix and stain for PAX8-647/23_from_previous_stain.czi	mesp2	15	275.7315875104524	0.0	0.0	0.0002593260637457599	0.0
2026-01-02	23	data/day5 after fix and stain for PAX8-647/23_from_previous_stain.czi	mesp2	16	293.5207221885461	0.0	0.0	-4.7120774479315704e-05	0.0
2026-01-02	23	data/day5 after fix and stain for PAX8-647/23_from_previous_stain.czi	mesp2	17	311.30985686663985		0.0	-1.1471263030491887e-05	0.0
2026-01-02	23	data/day5 after fix and stain for PAX8-647/23_from_previous_stain.czi	mesp2	18	329.0989915447335		0.0	0.0	0.0
2026-01-02	23	data/day5 after fix and stain for PAX8-647/23_from_previous_stain.czi	mesp2	19	346.88812622282717		0.0	0.0	0.0
2026-01-02	23	data/day5 after fix and stain for PAX8-647/23_from_previous_stain.czi	mesp2	20	364.67726090092094		0.0	0.0	0.0
2026-01-02	23	data/day5 after fix and stain for PAX8-647/23_from_previous_stain.czi	mesp2	21	382.4663955790146		0.0	0.0	0.0
2026-01-02	23	data/day5 after fix and stain for PAX8-647/23_from_previous_stain.czi	mesp2	22	400.25553025710826		0.0	0.0	0.0
2026-01-02	23	data/day5 after fix and stain for PAX8-647/23_from_previous_stain.czi	mesp2	23	418.04466493520204		0.0	0.0	0.0
2026-01-02	23	data/day5 after fix and stain for PAX8-647/23_from_previous_stain.czi	pax8	0	8.894567339046851				
2026-01-02	23	data/day5 after fix and stain for PAX8-647/23_from_previous_stain.czi	pax8	1	26.683702017140554	0.14992555132585747	0.09640120637782897	0.1063582015591398	0.13312604092071303
2026-01-02	23	data/day5 after fix and stain for PAX8-647/23_from_previous_stain.czi	pax8	2	44.47283669523426	0.14968494313477046	0.09065567627051734	0.10482996217537602	0.11512241068408416
2026-01-02	23	data/day5 after fix and stain for PAX8-647/23_from_previous_stain.czi	pax8	3	62.26197137332796	0.13113021395703425	0.07713875103571936	0.1011200859230335	0.09501549267960786
2026-01-02	23	data/day5 after fix and stain for PAX8-647/23_from_previous_stain.czi	pax8	4	80.05110605142167	0.11795770602127185	0.0673662704966582	0.09554928016125921	0.08155672112116498
2026-01-02	23	data/day5 after fix and stain for PAX8-647/23_from_previous_stain.czi	pax8	5	97.84024072951536	0.11897459759418189	0.06321183936317899	0.08745569126546991	0.06961816334049592
2026-01-02	23	data/day5 after fix and stain for PAX8-647/23_from_previous_stain.czi	pax8	6	115.62937540760907	0.1139223575321202	0.05375452194131074	0.07370273729464756	0.049025796193230914
2026-01-02	23	data/day5 after fix and stain for PAX8-647/23_from_previous_stain.czi	pax8	7	133.41851008570276	0.15450899498339088	0.04848213916094649	0.060305281725735904	0.03425129236854385
2026-01-02	23	data/day5 after fix and stain for PAX8-647/23_from_previous_stain.czi	pax8	8	151.20764476379648	0.2434741863747996	0.059164302807255965	0.05573885374359373	0.03655154436421764
2026-01-02	23	data/day5 after fix and stain for PAX8-647/23_from_previous_stain.czi	pax8	9	168.99677944189017	0.3857136321227586	0.08158402187195149	0.05534884471918143	0.0562723026348266
2026-01-02	23	data/day5 after fix and stain for PAX8-647/23_from_previous_stain.czi	pax8	10	186.7859141199839	0.5733275063757792	0.10498858928551225	0.054554359715417534	0.08228725202852093
2026-01-02	23	data/day5 after fix and stain for PAX8-647/23_from_previous_stain.czi	pax8	11	204.57504879807757	0.6038859984020664	0.09431457842942478	0.047596789810078394	0.07885082226854086
2026-01-02	23	data/day5 after fix and stain for PAX8-647/23_from_previous_stain.czi	pax8	12	222.3641834761713	0.5023558691403269	0.06227474075789312	0.03566984830720553	0.04376119660786331
2026-01-02	23	data/day5 after fix and stain for PAX8-647/23_from_previous_stain.czi	pax8	13	240.15331815426498	0.22898610338498862	0.02322014089203372	0.02263241825547574	0.01230268521737471
2026-01-02	23	data/day5 after fix and stain for PAX8-647/23_from_previous_stain.czi	pax8	14	257.9424528323587	0.040950847427048756	0.003525980812973204	0.011166462741875657	0.0013347933456962975
2026-01-02	23	data/day5 after fix and stain for PAX8-647/23_from_previous_stain.czi	pax8	15	275.7315875104524	1.910523409458439e-05	1.0793486168035625e-06	0.003954954813139316	2.3495596534563358e-08
2026-01-02	23	data/day5 after fix and stain for PAX8-647/23_from_previous_stain.czi	pax8	16	293.5207221885461	0.0	0.0	0.0007726189781890678	0.0
2026-01-02	23	data/day5 after fix and stain for PAX8-647/23_from_previous_stain.czi	pax8	17	311.30985686663985		0.0	2.6592299652018543e-05	0.0
2026-01-02	23	data/day5 after fix and stain for PAX8-647/23_from_previous_stain.czi	pax8	18	329.0989915447335		0.0	0.0	0.0
2026-01-02	23	data/day5 after fix and stain for PAX8-647/23_from_previous_stain.czi	pax8	19	346.88812622282717		0.0	0.0	0.0
2026-01-02	23	data/day5 after fix and stain for PAX8-647/23_from_previous_stain.czi	pax8	20	364.67726090092094		0.0	0.0	0.0
2026-01-02	23	data/day5 after fix and stain for PAX8-647/23_from_previous_stain.czi	pax8	21	382.4663955790146		0.0	0.0	0.0
2026-01-02	23	data/day5 after fix and stain for PAX8-647/23_from_previous_stain.czi	pax8	22	400.25553025710826		0.0	0.0	0.0
2026-01-02	23	data/day5 after fix and stain for PAX8-647/23_from_previous_stain.czi	pax8	23	418.04466493520204		0.0	0.0	0.0
2026-01-02	24	data/day5 after fix and stain for PAX8-647/24.czi	foxf1	0	8.894567339046851				
2026-01-02	24	data/day5 after fix and stain for PAX8-647/24.czi	foxf1	1	26.683702017140554	0.05757728592867798	0.01180780538013005	0.05243250830287219	0.001770886847383047
2026-01-02	24	data/day5 after fix and stain for PAX8-647/24.czi	foxf1	2	44.47283669523426	0.05676335216359974	0.011787657805830276	0.051542883280079825	0.0021162242161323628
2026-01-02	24	data/day5 after fix and stain for PAX8-647/24.czi	foxf1	3	62.26197137332796	0.07599773496161186	0.01542533314334825	0.0504435203373068	0.002680954428377174
2026-01-02	24	data/day5 after fix and stain for PAX8-647/24.czi	foxf1	4	80.05110605142167	0.11853349559877707	0.025071495597470773	0.05182399904247918	0.006410765839185097
2026-01-02	24	data/day5 after fix and stain for PAX8-647/24.czi	foxf1	5	97.84024072951536	0.16214282119687123	0.03956712640336562	0.05473145783099106	0.018974806250014353
2026-01-02	24	data/day5 after fix and stain for PAX8-647/24.czi	foxf1	6	115.62937540760907	0.186060824232476	0.05367021538816262	0.05871299890701095	0.03935358367543533
2026-01-02	24	data/day5 after fix and stain for PAX8-647/24.czi	foxf1	7	133.41851008570276	0.23119552541296734	0.06880371648685628	0.06366621199184774	0.06449883478448698
2026-01-02	24	data/day5 after fix and stain for PAX8-647/24.czi	foxf1	8	151.20764476379648	0.2873780706952745	0.08684351140544284	0.07154265960111139	0.09399834133936741
2026-01-02	24	data/day5 after fix and stain for PAX8-647/24.czi	foxf1	9	168.99677944189017	0.3564449589348254	0.10471936161140269	0.08009698259367269	0.1224676604036727
2026-01-02	24	data/day5 after fix and stain for PAX8-647/24.czi	foxf1	10	186.7859141199839	0.43271216198222545	0.11784968343508144	0.08722874354507784	0.14200661070264398
2026-01-02	24	data/day5 after fix and stain for PAX8-647/24.czi	foxf1	11	204.57504879807757	0.5235057608424161	0.11851655917186048	0.08621298040931223	0.14186498646635273
2026-01-02	24	data/day5 after fix and stain for PAX8-647/24.czi	foxf1	12	222.3641834761713	0.6768408043776326	0.10957116430088856	0.07911159263962583	0.12759968402162342
2026-01-02	24	data/day5 after fix and stain for PAX8-647/24.czi	foxf1	13	240.15331815426498	0.8705890524054509	0.09955712122799375	0.07152522162174904	0.11258281473754768
2026-01-02	24	data/day5 after fix and stain for PAX8-647/24.czi	foxf1	14	257.9424528323587	0.9036454770032074	0.08184960318752055	0.05924636345045533	0.0873200747793798
2026-01-02	24	data/day5 after fix and stain for PAX8-647/24.czi	foxf1	15	275.7315875104524	0.8174438021890706	0.04982629300560709	0.03739771642939127	0.04526018269245814
2026-01-02	24	data/day5 after fix and stain for PAX8-647/24.czi	foxf1	16	293.5207221885461	0.3982044665589117	0.013654928901948745	0.011621914209352064	0.010280965203978712
2026-01-02	24	data/day5 after fix and stain for PAX8-647/24.czi	foxf1	17	311.30985686663985		0.0003985384639142789	0.0009033670612940625	6.412178351658296e-05
2026-01-02	24	data/day5 after fix and stain for PAX8-647/24.czi	foxf1	18	329.0989915447335		0.0	0.0	0.0
2026-01-02	24	data/day5 after fix and stain for PAX8-647/24.czi	foxf1	19	346.88812622282717		0.0	0.0	0.0
2026-01-02	24	data/day5 after fix and stain for PAX8-647/24.czi	foxf1	20	364.67726090092094		0.0	0.0	0.0
2026-01-02	24	data/day5 after fix and stain for PAX8-647/24.czi	foxf1	21	382.4663955790146		0.0	0.0	0.0
2026-01-02	24	data/day5 after fix and stain for PAX8-647/24.czi	foxf1	22	400.25553025710826		0.0	0.0	0.0
2026-01-02	24	data/day5 after fix and stain for PAX8-647/24.czi	foxf1	23	418.04466493520204		0.0	0.0	0.0
2026-01-02	24	data/day5 after fix and stain for PAX8-647/24.czi	mesp2	0	8.894567339046851				
2026-01-02	24	data/day5 after fix and stain for PAX8-647/24.czi	mesp2	1	26.683702017140554	0.5687594619982473	0.19644830345169723	0.1908541115636771	0.22286772322583398
2026-01-02	24	data/day5 after fix and stain for PAX8-647/24.czi	mesp2	2	44.47283669523426	0.5736125153590712	0.18212246709071758	0.17693852338529845	0.20035888275979752
2026-01-02	24	data/day5 after fix and stain for PAX8-647/24.czi	mesp2	3	62.26197137332796	0.5589561758951014	0.15088338346508268	0.1474325078729568	0.15508323320728065
2026-01-02	24	data/day5 after fix and stain for PAX8-647/24.czi	mesp2	4	80.05110605142167	0.5090295480964234	0.1139396790481624	0.1140758607043578	0.10629787859759696
2026-01-02	24	data/day5 after fix and stain for PAX8-647/24.czi	mesp2	5	97.84024072951536	0.44730180661099694	0.07543780862734188	0.07872420797989346	0.057851063858835615
2026-01-02	24	data/day5 after fix and stain for PAX8-647/24.czi	mesp2	6	115.62937540760907	0.37315248067724716	0.04792772150852557	0.053576179040872876	0.02893457347396829
2026-01-02	24	data/day5 after fix and stain for PAX8-647/24.czi	mesp2	7	133.41851008570276	0.2864897138893267	0.02833622891488912	0.03567500548181385	0.01482481280604248
2026-01-02	24	data/day5 after fix and stain for PAX8-647/24.czi	mesp2	8	151.20764476379648	0.2187651344772606	0.01723617494697266	0.023060987294529885	0.007897345688034761
2026-01-02	24	data/day5 after fix and stain for PAX8-647/24.czi	mesp2	9	168.99677944189017	0.1543685228052744	0.009366040330593198	0.012128729692534854	0.003226195259534262
2026-01-02	24	data/day5 after fix and stain for PAX8-647/24.czi	mesp2	10	186.7859141199839	0.0635959126146492	0.0030714311943652473	0.0037764200631519394	0.0007268276234608825
2026-01-02	24	data/day5 after fix and stain for PAX8-647/24.czi	mesp2	11	204.57504879807757	0.010723250467868095	0.00043756707823842706	-0.0006752176948129187	7.010271026405666e-05
2026-01-02	24	data/day5 after fix and stain for PAX8-647/24.czi	mesp2	12	222.3641834761713	0.00024009412340739568	7.768147166487968e-06	-0.001876442710783373	1.3980300329324474e-06
2026-01-02	24	data/day5 after fix and stain for PAX8-647/24.czi	mesp2	13	240.15331815426498	0.0	0.0	-0.0017376946411280343	0.0
2026-01-02	24	data/day5 after fix and stain for PAX8-647/24.czi	mesp2	14	257.9424528323587	0.0	0.0	-0.0011332632061198398	0.0
2026-01-02	24	data/day5 after fix and stain for PAX8-647/24.czi	mesp2	15	275.7315875104524	0.0	0.0	-0.0003164658430230341	0.0
2026-01-02	24	data/day5 after fix and stain for PAX8-647/24.czi	mesp2	16	293.5207221885461	0.0	0.0	-1.7140371783028532e-06	0.0
2026-01-02	24	data/day5 after fix and stain for PAX8-647/24.czi	mesp2	17	311.30985686663985		0.0	4.910437476330097e-06	0.0
2026-01-02	24	data/day5 after fix and stain for PAX8-647/24.czi	mesp2	18	329.0989915447335		0.0	0.0	0.0
2026-01-02	24	data/day5 after fix and stain for PAX8-647/24.czi	mesp2	19	346.88812622282717		0.0	0.0	0.0
2026-01-02	24	data/day5 after fix and stain for PAX8-647/24.czi	mesp2	20	364.67726090092094		0.0	0.0	0.0
2026-01-02	24	data/day5 after fix and stain for PAX8-647/24.czi	mesp2	21	382.4663955790146		0.0	0.0	0.0
2026-01-02	24	data/day5 after fix and stain for PAX8-647/24.czi	mesp2	22	400.25553025710826		0.0	0.0	0.0
2026-01-02	24	data/day5 after fix and stain for PAX8-647/24.czi	mesp2	23	418.04466493520204		0.0	0.0	0.0
2026-01-02	24	data/day5 after fix and stain for PAX8-647/24.czi	pax8	0	8.894567339046851				
2026-01-02	24	data/day5 after fix and stain for PAX8-647/24.czi	pax8	1	26.683702017140554	0.22601572240623	0.07633681178120627	0.09263438424013448	0.041112645525602606
2026-01-02	24	data/day5 after fix and stain for PAX8-647/24.czi	pax8	2	44.47283669523426	0.23707212737204253	0.08015040475851211	0.09173241761062167	0.04492981833917718
2026-01-02	24	data/day5 after fix and stain for PAX8-647/24.czi	pax8	3	62.26197137332796	0.2633013096355455	0.08926410784198846	0.09280291991172535	0.053946609847598255
2026-01-02	24	data/day5 after fix and stain for PAX8-647/24.czi	pax8	4	80.05110605142167	0.3204634684619652	0.1147359455514631	0.09901786222354354	0.08993813363458428
2026-01-02	24	data/day5 after fix and stain for PAX8-647/24.czi	pax8	5	97.84024072951536	0.3536349296310874	0.13488202170972427	0.1038229025737809	0.13741937328638898
2026-01-02	24	data/day5 after fix and stain for PAX8-647/24.czi	pax8	6	115.62937540760907	0.35332770033940575	0.13704321489236124	0.10385167473574394	0.16401051369725225
2026-01-02	24	data/day5 after fix and stain for PAX8-647/24.czi	pax8	7	133.41851008570276	0.3358634874910287	0.11996878124484504	0.0943696887080085	0.1638542005142865
2026-01-02	24	data/day5 after fix and stain for PAX8-647/24.czi	pax8	8	151.20764476379648	0.30022218162688935	0.09701129445631582	0.08058262886142324	0.14349255636171282
2026-01-02	24	data/day5 after fix and stain for PAX8-647/24.czi	pax8	9	168.99677944189017	0.21040743186122168	0.061843126784942	0.06115523003090088	0.09653549024442201
2026-01-02	24	data/day5 after fix and stain for PAX8-647/24.czi	pax8	10	186.7859141199839	0.1341694334908391	0.030938956186620334	0.04106723586985101	0.04278988067468303
2026-01-02	24	data/day5 after fix and stain for PAX8-647/24.czi	pax8	11	204.57504879807757	0.04256542077904191	0.007498560978844184	0.02457148166629248	0.00802506050127193
2026-01-02	24	data/day5 after fix and stain for PAX8-647/24.czi	pax8	12	222.3641834761713	0.004850715171213955	0.0005642610331357547	0.014802540445116535	0.00023004652144942685
2026-01-02	24	data/day5 after fix and stain for PAX8-647/24.czi	pax8	13	240.15331815426498	0.0	0.0	0.010261527138777805	0.0
2026-01-02	24	data/day5 after fix and stain for PAX8-647/24.czi	pax8	14	257.9424528323587	0.0	0.0	0.008504676130375668	0.0
2026-01-02	24	data/day5 after fix and stain for PAX8-647/24.czi	pax8	15	275.7315875104524	0.0	0.0	0.006886763173651007	0.0
2026-01-02	24	data/day5 after fix and stain for PAX8-647/24.czi	pax8	16	293.5207221885461	0.0	0.0	0.002796196883504326	0.0
2026-01-02	24	data/day5 after fix and stain for PAX8-647/24.czi	pax8	17	311.30985686663985		0.0	0.0003539441548589823	0.0
2026-01-02	24	data/day5 after fix and stain for PAX8-647/24.czi	pax8	18	329.0989915447335		0.0	0.0	0.0
2026-01-02	24	data/day5 after fix and stain for PAX8-647/24.czi	pax8	19	346.88812622282717		0.0	0.0	0.0
2026-01-02	24	data/day5 after fix and stain for PAX8-647/24.czi	pax8	20	364.67726090092094		0.0	0.0	0.0
2026-01-02	24	data/day5 after fix and stain for PAX8-647/24.czi	pax8	21	382.4663955790146		0.0	0.0	0.0
2026-01-02	24	data/day5 after fix and stain for PAX8-647/24.czi	pax8	22	400.25553025710826		0.0	0.0	0.0
2026-01-02	24	data/day5 after fix and stain for PAX8-647/24.czi	pax8	23	418.04466493520204		0.0	0.0	0.0
2026-01-02	25	data/day5 after fix and stain for PAX8-647/25.czi	foxf1	0	8.894567339046851				
2026-01-02	25	data/day5 after fix and stain for PAX8-647/25.czi	foxf1	1	26.683702017140554	0.010778511894639926	0.011188510092347293	0.08978468546634336	0.0013735248325671
2026-01-02	25	data/day5 after fix and stain for PAX8-647/25.czi	foxf1	2	44.47283669523426	0.021499640203096478	0.023892437666046075	0.09027283820595572	0.005436355463123731
2026-01-02	25	data/day5 after fix and stain for PAX8-647/25.czi	foxf1	3	62.26197137332796	0.04349061348700829	0.05397131680963674	0.09278796709700131	0.022219575570725757
2026-01-02	25	data/day5 after fix and stain for PAX8-647/25.czi	foxf1	4	80.05110605142167	0.06495152451678027	0.0880492101134999	0.0976981103193885	0.05721181408961481
2026-01-02	25	data/day5 after fix and stain for PAX8-647/25.czi	foxf1	5	97.84024072951536	0.10268722593986954	0.14729443274255	0.10601473563486691	0.12457962701325168
2026-01-02	25	data/day5 after fix and stain for PAX8-647/25.czi	foxf1	6	115.62937540760907	0.11968483598974287	0.17864006453602904	0.1034302624098124	0.19798306590552187
2026-01-02	25	data/day5 after fix and stain for PAX8-647/25.czi	foxf1	7	133.41851008570276	0.1447482083731587	0.18203311068617747	0.09546834196033237	0.2377141340772526
2026-01-02	25	data/day5 after fix and stain for PAX8-647/25.czi	foxf1	8	151.20764476379648	0.14694462107262687	0.16059547603205607	0.08847085268547189	0.21314736848637386
2026-01-02	25	data/day5 after fix and stain for PAX8-647/25.czi	foxf1	9	168.99677944189017	0.12570300994086975	0.11150940421927277	0.07469875736198488	0.12215659178898565
2026-01-02	25	data/day5 after fix and stain for PAX8-647/25.czi	foxf1	10	186.7859141199839	0.07075249995529626	0.048100297361401055	0.05372254528703629	0.03367180632087592
2026-01-02	25	data/day5 after fix and stain for PAX8-647/25.czi	foxf1	11	204.57504879807757	0.014377931176935761	0.00835550321168612	0.03083821900066881	0.0038166159849924823
2026-01-02	25	data/day5 after fix and stain for PAX8-647/25.czi	foxf1	12	222.3641834761713	0.0002633191164768487	0.0001194364071099999	0.009150147941253912	9.866245768146799e-05
2026-01-02	25	data/day5 after fix and stain for PAX8-647/25.czi	foxf1	13	240.15331815426498	0.0	0.0	0.0004185318575068023	2.6233637613485425e-07
2026-01-02	25	data/day5 after fix and stain for PAX8-647/25.czi	foxf1	14	257.9424528323587	0.0	0.0	-0.0007745420172699948	0.0
2026-01-02	25	data/day5 after fix and stain for PAX8-647/25.czi	foxf1	15	275.7315875104524	0.0	0.0	-0.0003060304869059929	0.0
2026-01-02	25	data/day5 after fix and stain for PAX8-647/25.czi	foxf1	16	293.5207221885461		0.0	-2.9207609006862884e-05	0.0
2026-01-02	25	data/day5 after fix and stain for PAX8-647/25.czi	foxf1	17	311.30985686663985		0.0	0.0	0.0
2026-01-02	25	data/day5 after fix and stain for PAX8-647/25.czi	foxf1	18	329.0989915447335		0.0	0.0	0.0
2026-01-02	25	data/day5 after fix and stain for PAX8-647/25.czi	foxf1	19	346.88812622282717		0.0	0.0	0.0
2026-01-02	25	data/day5 after fix and stain for PAX8-647/25.czi	foxf1	20	364.67726090092094		0.0	0.0	0.0
2026-01-02	25	data/day5 after fix and stain for PAX8-647/25.czi	foxf1	21	382.4663955790146		0.0	0.0	0.0
2026-01-02	25	data/day5 after fix and stain for PAX8-647/25.czi	foxf1	22	400.25553025710826		0.0	0.0	0.0
2026-01-02	25	data/day5 after fix and stain for PAX8-647/25.czi	foxf1	23	418.04466493520204		0.0	0.0	0.0
2026-01-02	25	data/day5 after fix and stain for PAX8-647/25.czi	mesp2	0	8.894567339046851				
2026-01-02	25	data/day5 after fix and stain for PAX8-647/25.czi	mesp2	1	26.683702017140554	0.20439094415240214	0.09262074610128718	0.0950360877108401	0.09344043922157902
2026-01-02	25	data/day5 after fix and stain for PAX8-647/25.czi	mesp2	2	44.47283669523426	0.20446009463805775	0.08290556546904486	0.0876201282855588	0.07582846807725711
2026-01-02	25	data/day5 after fix and stain for PAX8-647/25.czi	mesp2	3	62.26197137332796	0.2140084105174752	0.08171169199188692	0.08539459297605193	0.07123482982532102
2026-01-02	25	data/day5 after fix and stain for PAX8-647/25.czi	mesp2	4	80.05110605142167	0.21132091836536254	0.0802129499282566	0.08366143390298932	0.07119435288460112
2026-01-02	25	data/day5 after fix and stain for PAX8-647/25.czi	mesp2	5	97.84024072951536	0.2184863441512223	0.08004594424387239	0.08147829209153482	0.07104755970771419
2026-01-02	25	data/day5 after fix and stain for PAX8-647/25.czi	mesp2	6	115.62937540760907	0.2455406886997992	0.08494388818837931	0.08214563274231136	0.07910041664557052
2026-01-02	25	data/day5 after fix and stain for PAX8-647/25.czi	mesp2	7	133.41851008570276	0.33068777120272663	0.09288251874262869	0.08816451440480513	0.09401181298028358
2026-01-02	25	data/day5 after fix and stain for PAX8-647/25.czi	mesp2	8	151.20764476379648	0.3799066421212626	0.09830223874143532	0.09444651438186118	0.10637659673242526
2026-01-02	25	data/day5 after fix and stain for PAX8-647/25.czi	mesp2	9	168.99677944189017	0.3695127229333985	0.0914910632197309	0.09032412058925265	0.10166837787595452
2026-01-02	25	data/day5 after fix and stain for PAX8-647/25.czi	mesp2	10	186.7859141199839	0.30258782247791244	0.07356237138760006	0.07207401143299513	0.08395537312728178
2026-01-02	25	data/day5 after fix and stain for PAX8-647/25.czi	mesp2	11	204.57504879807757	0.2333856295720956	0.04336283876197125	0.04291603321755428	0.04375676523779176
2026-01-02	25	data/day5 after fix and stain for PAX8-647/25.czi	mesp2	12	222.3641834761713	0.07494600589684913	0.010124737919817016	0.012077139943837734	0.00873980611298308
2026-01-02	25	data/day5 after fix and stain for PAX8-647/25.czi	mesp2	13	240.15331815426498	0.007000837503180382	0.0003581834469544967	0.00051209426722524	0.00010451322514448431
2026-01-02	25	data/day5 after fix and stain for PAX8-647/25.czi	mesp2	14	257.9424528323587	0.0	0.0	-0.0007244351477288228	0.0
2026-01-02	25	data/day5 after fix and stain for PAX8-647/25.czi	mesp2	15	275.7315875104524	0.0	0.0	-0.0002537865988750621	0.0
2026-01-02	25	data/day5 after fix and stain for PAX8-647/25.czi	mesp2	16	293.5207221885461		0.0	-1.71409749761459e-05	0.0
2026-01-02	25	data/day5 after fix and stain for PAX8-647/25.czi	mesp2	17	311.30985686663985		0.0	0.0	0.0
2026-01-02	25	data/day5 after fix and stain for PAX8-647/25.czi	mesp2	18	329.0989915447335		0.0	0.0	0.0
2026-01-02	25	data/day5 after fix and stain for PAX8-647/25.czi	mesp2	19	346.88812622282717		0.0	0.0	0.0
2026-01-02	25	data/day5 after fix and stain for PAX8-647/25.czi	mesp2	20	364.67726090092094		0.0	0.0	0.0
2026-01-02	25	data/day5 after fix and stain for PAX8-647/25.czi	mesp2	21	382.4663955790146		0.0	0.0	0.0
2026-01-02	25	data/day5 after fix and stain for PAX8-647/25.czi	mesp2	22	400.25553025710826		0.0	0.0	0.0
2026-01-02	25	data/day5 after fix and stain for PAX8-647/25.czi	mesp2	23	418.04466493520204		0.0	0.0	0.0
2026-01-02	25	data/day5 after fix and stain for PAX8-647/25.czi	pax8	0	8.894567339046851				
2026-01-02	25	data/day5 after fix and stain for PAX8-647/25.czi	pax8	1	26.683702017140554	0.060120988845904035	0.08311342582802309	0.11217316231011011	0.061094355264473134
2026-01-02	25	data/day5 after fix and stain for PAX8-647/25.czi	pax8	2	44.47283669523426	0.057445974968678856	0.08481671293751365	0.11114671030814477	0.08441787762282989
2026-01-02	25	data/day5 after fix and stain for PAX8-647/25.czi	pax8	3	62.26197137332796	0.05541487827810878	0.09058840526476307	0.10875385952282732	0.12372583625232234
2026-01-02	25	data/day5 after fix and stain for PAX8-647/25.czi	pax8	4	80.05110605142167	0.05852862581246467	0.09841533348919482	0.10376118799654444	0.15024693079856727
2026-01-02	25	data/day5 after fix and stain for PAX8-647/25.czi	pax8	5	97.84024072951536	0.061513246293371786	0.09441356832426825	0.09561390366426889	0.13031646444725825
2026-01-02	25	data/day5 after fix and stain for PAX8-647/25.czi	pax8	6	115.62937540760907	0.08134718553271056	0.09958756075477448	0.08187617810281402	0.0993501089323988
2026-01-02	25	data/day5 after fix and stain for PAX8-647/25.czi	pax8	7	133.41851008570276	0.11976475585988706	0.10171838574858189	0.06740894887626886	0.07416456999036469
2026-01-02	25	data/day5 after fix and stain for PAX8-647/25.czi	pax8	8	151.20764476379648	0.15568377386034293	0.11218791473743346	0.06179091254086679	0.07634546074230635
2026-01-02	25	data/day5 after fix and stain for PAX8-647/25.czi	pax8	9	168.99677944189017	0.16655022795241048	0.12053318485328494	0.05897263373943182	0.1148910106405083
2026-01-02	25	data/day5 after fix and stain for PAX8-647/25.czi	pax8	10	186.7859141199839	0.08359271627957991	0.0588153589479182	0.050112563140755455	0.059780928274212344
2026-01-02	25	data/day5 after fix and stain for PAX8-647/25.czi	pax8	11	204.57504879807757	0.014970994987818481	0.01014309589293962	0.03462442993755968	0.010288734562615282
2026-01-02	25	data/day5 after fix and stain for PAX8-647/25.czi	pax8	12	222.3641834761713	0.00019996414108390613	0.00010061901241817703	0.016475013302604036	0.0004174584862701646
2026-01-02	25	data/day5 after fix and stain for PAX8-647/25.czi	pax8	13	240.15331815426498	0.0	0.0	0.005934197523818665	0.00012231865304994366
2026-01-02	25	data/day5 after fix and stain for PAX8-647/25.czi	pax8	14	257.9424528323587	0.0	0.0	0.002331069887233715	0.0
2026-01-02	25	data/day5 after fix and stain for PAX8-647/25.czi	pax8	15	275.7315875104524	0.0	0.0	0.0006379648876622384	0.0
2026-01-02	25	data/day5 after fix and stain for PAX8-647/25.czi	pax8	16	293.5207221885461		0.0	4.165247986865642e-05	0.0
2026-01-02	25	data/day5 after fix and stain for PAX8-647/25.czi	pax8	17	311.30985686663985		0.0	0.0	0.0
2026-01-02	25	data/day5 after fix and stain for PAX8-647/25.czi	pax8	18	329.0989915447335		0.0	0.0	0.0
2026-01-02	25	data/day5 after fix and stain for PAX8-647/25.czi	pax8	19	346.88812622282717		0.0	0.0	0.0
2026-01-02	25	data/day5 after fix and stain for PAX8-647/25.czi	pax8	20	364.67726090092094		0.0	0.0	0.0
2026-01-02	25	data/day5 after fix and stain for PAX8-647/25.czi	pax8	21	382.4663955790146		0.0	0.0	0.0
2026-01-02	25	data/day5 after fix and stain for PAX8-647/25.czi	pax8	22	400.25553025710826		0.0	0.0	0.0
2026-01-02	25	data/day5 after fix and stain for PAX8-647/25.czi	pax8	23	418.04466493520204		0.0	0.0	0.0
2026-01-02	26	data/day5 after fix and stain for PAX8-647/26.czi	foxf1	0	8.894567339046851				
2026-01-02	26	data/day5 after fix and stain for PAX8-647/26.czi	foxf1	1	26.683702017140554	0.0028235977773552346	0.007980918203027787	0.10968429895878055	0.009934904348763766
2026-01-02	26	data/day5 after fix and stain for PAX8-647/26.czi	foxf1	2	44.47283669523426	0.005989370885404965	0.0175907296831724	0.11484842881456521	0.016967402710468513
2026-01-02	26	data/day5 after fix and stain for PAX8-647/26.czi	foxf1	3	62.26197137332796	0.025367612972472184	0.074301879435961	0.11867238378742963	0.035492457755781984
2026-01-02	26	data/day5 after fix and stain for PAX8-647/26.czi	foxf1	4	80.05110605142167	0.059262211371597553	0.18679373267193855	0.12338029789280727	0.1412605174925664
2026-01-02	26	data/day5 after fix and stain for PAX8-647/26.czi	foxf1	5	97.84024072951536	0.09186719739195565	0.29193508228022774	0.1290634960843417	0.28618232645866387
2026-01-02	26	data/day5 after fix and stain for PAX8-647/26.czi	foxf1	6	115.62937540760907	0.08335218041740333	0.24758505678779705	0.12557319626976693	0.23988762944214448
2026-01-02	26	data/day5 after fix and stain for PAX8-647/26.czi	foxf1	7	133.41851008570276	0.04474337114362427	0.1302101059452912	0.1020371829863373	0.1924552887647341
2026-01-02	26	data/day5 after fix and stain for PAX8-647/26.czi	foxf1	8	151.20764476379648	0.020284681844577292	0.0480303943227146	0.05766832218564652	0.07515002086093003
2026-01-02	26	data/day5 after fix and stain for PAX8-647/26.czi	foxf1	9	168.99677944189017	0.007024697780557889	0.010556903383186197	0.02551733106854253	0.014051150752464617
2026-01-02	26	data/day5 after fix and stain for PAX8-647/26.czi	foxf1	10	186.7859141199839	0.0010261083451872776	0.0010077184845020807	0.009478099652926836	0.0016849582255542305
2026-01-02	26	data/day5 after fix and stain for PAX8-647/26.czi	foxf1	11	204.57504879807757	0.0	0.0	0.0019903602772753538	0.00019235916225593592
2026-01-02	26	data/day5 after fix and stain for PAX8-647/26.czi	foxf1	12	222.3641834761713		0.0	0.00013913815905164053	0.0
2026-01-02	26	data/day5 after fix and stain for PAX8-647/26.czi	foxf1	13	240.15331815426498		0.0	0.0	0.0
2026-01-02	26	data/day5 after fix and stain for PAX8-647/26.czi	foxf1	14	257.9424528323587		0.0	0.0	0.0
2026-01-02	26	data/day5 after fix and stain for PAX8-647/26.czi	foxf1	15	275.7315875104524		0.0	0.0	0.0
2026-01-02	26	data/day5 after fix and stain for PAX8-647/26.czi	foxf1	16	293.5207221885461		0.0	0.0	0.0
2026-01-02	26	data/day5 after fix and stain for PAX8-647/26.czi	foxf1	17	311.30985686663985		0.0	0.0	0.0
2026-01-02	26	data/day5 after fix and stain for PAX8-647/26.czi	foxf1	18	329.0989915447335		0.0	0.0	0.0
2026-01-02	26	data/day5 after fix and stain for PAX8-647/26.czi	foxf1	19	346.88812622282717		0.0	0.0	0.0
2026-01-02	26	data/day5 after fix and stain for PAX8-647/26.czi	foxf1	20	364.67726090092094		0.0	0.0	0.0
2026-01-02	26	data/day5 after fix and stain for PAX8-647/26.czi	foxf1	21	382.4663955790146		0.0	0.0	0.0
2026-01-02	26	data/day5 after fix and stain for PAX8-647/26.czi	foxf1	22	400.25553025710826		0.0	0.0	0.0
2026-01-02	26	data/day5 after fix and stain for PAX8-647/26.czi	foxf1	23	418.04466493520204		0.0	0.0	0.0
2026-01-02	26	data/day5 after fix and stain for PAX8-647/26.czi	mesp2	0	8.894567339046851				
2026-01-02	26	data/day5 after fix and stain for PAX8-647/26.czi	mesp2	1	26.683702017140554	0.33978879783303334	0.13448991090626344	0.12865952599537225	0.14685522033758874
2026-01-02	26	data/day5 after fix and stain for PAX8-647/26.czi	mesp2	2	44.47283669523426	0.3433862150119831	0.13213497159982196	0.1262681195909545	0.14196769159827355
2026-01-02	26	data/day5 after fix and stain for PAX8-647/26.czi	mesp2	3	62.26197137332796	0.34228303226832635	0.12723892327349126	0.1231700798092604	0.13401390002661867
2026-01-02	26	data/day5 after fix and stain for PAX8-647/26.czi	mesp2	4	80.05110605142167	0.3467979377197869	0.11904393828915662	0.1165850161088274	0.11972851093965281
2026-01-02	26	data/day5 after fix and stain for PAX8-647/26.czi	mesp2	5	97.84024072951536	0.368839870492699	0.10827830060395738	0.1077052592202218	0.09973002483371238
2026-01-02	26	data/day5 after fix and stain for PAX8-647/26.czi	mesp2	6	115.62937540760907	0.36321989111033626	0.09462393399781366	0.09930833616981806	0.08297149042919519
2026-01-02	26	data/day5 after fix and stain for PAX8-647/26.czi	mesp2	7	133.41851008570276	0.32562183997558297	0.08085321017063662	0.0893074783002544	0.07222901568081778
2026-01-02	26	data/day5 after fix and stain for PAX8-647/26.czi	mesp2	8	151.20764476379648	0.31185812623154907	0.05854125934520171	0.06364513070289181	0.04988869817025979
2026-01-02	26	data/day5 after fix and stain for PAX8-647/26.czi	mesp2	9	168.99677944189017	0.2614537314854847	0.025010730861103475	0.027993179293109138	0.017828080198618628
2026-01-02	26	data/day5 after fix and stain for PAX8-647/26.czi	mesp2	10	186.7859141199839	0.10964574943742658	0.00495671616469291	0.006645066184169525	0.0026453366014738185
2026-01-02	26	data/day5 after fix and stain for PAX8-647/26.czi	mesp2	11	204.57504879807757	0.01689475932012805	0.00032561821191097874	0.0006636759632595974	7.199585900042623e-05
2026-01-02	26	data/day5 after fix and stain for PAX8-647/26.czi	mesp2	12	222.3641834761713		0.0	-2.8948854011374136e-07	0.0
2026-01-02	26	data/day5 after fix and stain for PAX8-647/26.czi	mesp2	13	240.15331815426498		0.0	0.0	0.0
2026-01-02	26	data/day5 after fix and stain for PAX8-647/26.czi	mesp2	14	257.9424528323587		0.0	0.0	0.0
2026-01-02	26	data/day5 after fix and stain for PAX8-647/26.czi	mesp2	15	275.7315875104524		0.0	0.0	0.0
2026-01-02	26	data/day5 after fix and stain for PAX8-647/26.czi	mesp2	16	293.5207221885461		0.0	0.0	0.0
2026-01-02	26	data/day5 after fix and stain for PAX8-647/26.czi	mesp2	17	311.30985686663985		0.0	0.0	0.0
2026-01-02	26	data/day5 after fix and stain for PAX8-647/26.czi	mesp2	18	329.0989915447335		0.0	0.0	0.0
2026-01-02	26	data/day5 after fix and stain for PAX8-647/26.czi	mesp2	19	346.88812622282717		0.0	0.0	0.0
2026-01-02	26	data/day5 after fix and stain for PAX8-647/26.czi	mesp2	20	364.67726090092094		0.0	0.0	0.0
2026-01-02	26	data/day5 after fix and stain for PAX8-647/26.czi	mesp2	21	382.4663955790146		0.0	0.0	0.0
2026-01-02	26	data/day5 after fix and stain for PAX8-647/26.czi	mesp2	22	400.25553025710826		0.0	0.0	0.0
2026-01-02	26	data/day5 after fix and stain for PAX8-647/26.czi	mesp2	23	418.04466493520204		0.0	0.0	0.0
2026-01-02	26	data/day5 after fix and stain for PAX8-647/26.czi	pax8	0	8.894567339046851				
2026-01-02	26	data/day5 after fix and stain for PAX8-647/26.czi	pax8	1	26.683702017140554	0.058036059513640714	0.04719706357377427	0.10751191709237026	0.03763128782277629
2026-01-02	26	data/day5 after fix and stain for PAX8-647/26.czi	pax8	2	44.47283669523426	0.06819244567981203	0.06361006129364379	0.11235889279171607	0.06541831836548251
2026-01-02	26	data/day5 after fix and stain for PAX8-647/26.czi	pax8	3	62.26197137332796	0.11655368557928178	0.10395440998202159	0.1168743080268744	0.09995804907096181
2026-01-02	26	data/day5 after fix and stain for PAX8-647/26.czi	pax8	4	80.05110605142167	0.14900586108752512	0.13413703214049702	0.1194733594216892	0.13245462313399853
2026-01-02	26	data/day5 after fix and stain for PAX8-647/26.czi	pax8	5	97.84024072951536	0.1591572478768417	0.14591764969435644	0.11721899575757737	0.15564156019873215
2026-01-02	26	data/day5 after fix and stain for PAX8-647/26.czi	pax8	6	115.62937540760907	0.1743555033719727	0.14946489802217638	0.11062166738840501	0.15850822687541424
2026-01-02	26	data/day5 after fix and stain for PAX8-647/26.czi	pax8	7	133.41851008570276	0.18284942044260094	0.14197124671337422	0.09978036488182614	0.14470381931736426
2026-01-02	26	data/day5 after fix and stain for PAX8-647/26.czi	pax8	8	151.20764476379648	0.15992510515595787	0.10519991566437689	0.07381673919181211	0.11677145772626044
2026-01-02	26	data/day5 after fix and stain for PAX8-647/26.czi	pax8	9	168.99677944189017	0.19092871209338866	0.06384540594124666	0.04001894327025518	0.06129008525686895
2026-01-02	26	data/day5 after fix and stain for PAX8-647/26.czi	pax8	10	186.7859141199839	0.11173446375666068	0.017857375051552875	0.01486831145882923	0.012870735924017059
2026-01-02	26	data/day5 after fix and stain for PAX8-647/26.czi	pax8	11	204.57504879807757	0.02085811132255	0.001752049899953553	0.0027279855227010756	0.0006635044105815307
2026-01-02	26	data/day5 after fix and stain for PAX8-647/26.czi	pax8	12	222.3641834761713		0.0	0.0001299653343920832	0.0
2026-01-02	26	data/day5 after fix and stain for PAX8-647/26.czi	pax8	13	240.15331815426498		0.0	0.0	0.0
2026-01-02	26	data/day5 after fix and stain for PAX8-647/26.czi	pax8	14	257.9424528323587		0.0	0.0	0.0
2026-01-02	26	data/day5 after fix and stain for PAX8-647/26.czi	pax8	15	275.7315875104524		0.0	0.0	0.0
2026-01-02	26	data/day5 after fix and stain for PAX8-647/26.czi	pax8	16	293.5207221885461		0.0	0.0	0.0
2026-01-02	26	data/day5 after fix and stain for PAX8-647/26.czi	pax8	17	311.30985686663985		0.0	0.0	0.0
2026-01-02	26	data/day5 after fix and stain for PAX8-647/26.czi	pax8	18	329.0989915447335		0.0	0.0	0.0
2026-01-02	26	data/day5 after fix and stain for PAX8-647/26.czi	pax8	19	346.88812622282717		0.0	0.0	0.0
2026-01-02	26	data/day5 after fix and stain for PAX8-647/26.czi	pax8	20	364.67726090092094		0.0	0.0	0.0
2026-01-02	26	data/day5 after fix and stain for PAX8-647/26.czi	pax8	21	382.4663955790146		0.0	0.0	0.0
2026-01-02	26	data/day5 after fix and stain for PAX8-647/26.czi	pax8	22	400.25553025710826		0.0	0.0	0.0
2026-01-02	26	data/day5 after fix and stain for PAX8-647/26.czi	pax8	23	418.04466493520204		0.0	0.0	0.0
2026-01-02	27	data/day5 after fix and stain for PAX8-647/27.czi	foxf1	0	8.894567339046851				
2026-01-02	27	data/day5 after fix and stain for PAX8-647/27.czi	foxf1	1	26.683702017140554	0.04764750036982156	0.03274502586123096	0.08359843486214669	0.021411229289219198
2026-01-02	27	data/day5 after fix and stain for PAX8-647/27.czi	foxf1	2	44.47283669523426	0.06043669770627016	0.041586409706326356	0.0839647926333306	0.024720298917086908
2026-01-02	27	data/day5 after fix and stain for PAX8-647/27.czi	foxf1	3	62.26197137332796	0.08139862707408854	0.05579229099998234	0.08334191601764568	0.031025616415644938
2026-01-02	27	data/day5 after fix and stain for PAX8-647/27.czi	foxf1	4	80.05110605142167	0.099815302707249	0.06804368397985265	0.08208946663179233	0.0360525814031923
2026-01-02	27	data/day5 after fix and stain for PAX8-647/27.czi	foxf1	5	97.84024072951536	0.10827513562748317	0.0745429158673153	0.08246917574792889	0.04790158196139608
2026-01-02	27	data/day5 after fix and stain for PAX8-647/27.czi	foxf1	6	115.62937540760907	0.13381319598689298	0.09011892224529089	0.08274061525000738	0.060919852009713435
2026-01-02	27	data/day5 after fix and stain for PAX8-647/27.czi	foxf1	7	133.41851008570276	0.17667903464005408	0.11617539295636392	0.08271518666098558	0.07444273992657992
2026-01-02	27	data/day5 after fix and stain for PAX8-647/27.czi	foxf1	8	151.20764476379648	0.18304616548752745	0.12060828690876359	0.08095371615238695	0.10171421724322743
2026-01-02	27	data/day5 after fix and stain for PAX8-647/27.czi	foxf1	9	168.99677944189017	0.18708240937041165	0.12306166318852078	0.07689500417237354	0.14226567803806223
2026-01-02	27	data/day5 after fix and stain for PAX8-647/27.czi	foxf1	10	186.7859141199839	0.1640294061685999	0.10784746296099662	0.0694016705446951	0.16166079933695437
2026-01-02	27	data/day5 after fix and stain for PAX8-647/27.czi	foxf1	11	204.57504879807757	0.13887634180717368	0.08746021058238787	0.058410654600516226	0.1575351460920502
2026-01-02	27	data/day5 after fix and stain for PAX8-647/27.czi	foxf1	12	222.3641834761713	0.12258912954824645	0.055444925625476885	0.041919500627243915	0.10185919425539691
2026-01-02	27	data/day5 after fix and stain for PAX8-647/27.czi	foxf1	13	240.15331815426498	0.08363326043468985	0.02123286842493654	0.02286121301841764	0.03754698005229
2026-01-02	27	data/day5 after fix and stain for PAX8-647/27.czi	foxf1	14	257.9424528323587	0.022713645256636834	0.0035624048420156915	0.007264082382539998	0.0060115305562624555
2026-01-02	27	data/day5 after fix and stain for PAX8-647/27.czi	foxf1	15	275.7315875104524	0.0007485079796445519	3.198609681291554e-05	0.0009550408221307418	2.1960695735143636e-05
2026-01-02	27	data/day5 after fix and stain for PAX8-647/27.czi	foxf1	16	293.5207221885461		0.0	4.6170845531918475e-06	0.0
2026-01-02	27	data/day5 after fix and stain for PAX8-647/27.czi	foxf1	17	311.30985686663985		0.0	0.0	0.0
2026-01-02	27	data/day5 after fix and stain for PAX8-647/27.czi	foxf1	18	329.0989915447335		0.0	0.0	0.0
2026-01-02	27	data/day5 after fix and stain for PAX8-647/27.czi	foxf1	19	346.88812622282717		0.0	0.0	0.0
2026-01-02	27	data/day5 after fix and stain for PAX8-647/27.czi	foxf1	20	364.67726090092094		0.0	0.0	0.0
2026-01-02	27	data/day5 after fix and stain for PAX8-647/27.czi	foxf1	21	382.4663955790146		0.0	0.0	0.0
2026-01-02	27	data/day5 after fix and stain for PAX8-647/27.czi	foxf1	22	400.25553025710826		0.0	0.0	0.0
2026-01-02	27	data/day5 after fix and stain for PAX8-647/27.czi	foxf1	23	418.04466493520204		0.0	0.0	0.0
2026-01-02	27	data/day5 after fix and stain for PAX8-647/27.czi	mesp2	0	8.894567339046851				
2026-01-02	27	data/day5 after fix and stain for PAX8-647/27.czi	mesp2	1	26.683702017140554	0.5797434118765097	0.14794746652899535	0.1440916469179152	0.1552982540620212
2026-01-02	27	data/day5 after fix and stain for PAX8-647/27.czi	mesp2	2	44.47283669523426	0.5784409478061365	0.13616136671122273	0.13258516165760537	0.13961394568003319
2026-01-02	27	data/day5 after fix and stain for PAX8-647/27.czi	mesp2	3	62.26197137332796	0.546037837061443	0.12122324016541347	0.1190525767947178	0.12215474965738363
2026-01-02	27	data/day5 after fix and stain for PAX8-647/27.czi	mesp2	4	80.05110605142167	0.5141045216764188	0.10628142841209968	0.10498790081315028	0.10478484596048028
2026-01-02	27	data/day5 after fix and stain for PAX8-647/27.czi	mesp2	5	97.84024072951536	0.4908415597879782	0.09301715755584704	0.09235246965316982	0.08927141659385646
2026-01-02	27	data/day5 after fix and stain for PAX8-647/27.czi	mesp2	6	115.62937540760907	0.4419255736131425	0.07938500847786586	0.08017246111429027	0.07543790658392938
2026-01-02	27	data/day5 after fix and stain for PAX8-647/27.czi	mesp2	7	133.41851008570276	0.3732009836853546	0.06668437855021628	0.06876910866126337	0.06386713125845594
2026-01-02	27	data/day5 after fix and stain for PAX8-647/27.czi	mesp2	8	151.20764476379648	0.30165804042089056	0.05188746366406926	0.05490375937445002	0.049663069967270594
2026-01-02	27	data/day5 after fix and stain for PAX8-647/27.czi	mesp2	9	168.99677944189017	0.21003547717189203	0.03595426443200962	0.03978505378842674	0.03470042228345509
2026-01-02	27	data/day5 after fix and stain for PAX8-647/27.czi	mesp2	10	186.7859141199839	0.15773522738165457	0.022551789778953158	0.025622308756212776	0.020374686091412367
2026-01-02	27	data/day5 after fix and stain for PAX8-647/27.czi	mesp2	11	204.57504879807757	0.08523392735592306	0.008351302091210282	0.010806931180232862	0.0061874377814520164
2026-01-02	27	data/day5 after fix and stain for PAX8-647/27.czi	mesp2	12	222.3641834761713	0.019066219786534465	0.0013010606040685093	0.0021358295448795864	0.000715092356138613
2026-01-02	27	data/day5 after fix and stain for PAX8-647/27.czi	mesp2	13	240.15331815426498	0.0007845305938811997	2.2127738586197444e-05	-0.00011712892751070011	3.1932102590666016e-06
2026-01-02	27	data/day5 after fix and stain for PAX8-647/27.czi	mesp2	14	257.9424528323587	0.0	0.0	-0.00017910378112690397	0.0
2026-01-02	27	data/day5 after fix and stain for PAX8-647/27.czi	mesp2	15	275.7315875104524	0.0	0.0	-4.132937028942058e-05	0.0
2026-01-02	27	data/day5 after fix and stain for PAX8-647/27.czi	mesp2	16	293.5207221885461		0.0	-1.089331614355728e-06	0.0
2026-01-02	27	data/day5 after fix and stain for PAX8-647/27.czi	mesp2	17	311.30985686663985		0.0	0.0	0.0
2026-01-02	27	data/day5 after fix and stain for PAX8-647/27.czi	mesp2	18	329.0989915447335		0.0	0.0	0.0
2026-01-02	27	data/day5 after fix and stain for PAX8-647/27.czi	mesp2	19	346.88812622282717		0.0	0.0	0.0
2026-01-02	27	data/day5 after fix and stain for PAX8-647/27.czi	mesp2	20	364.67726090092094		0.0	0.0	0.0
2026-01-02	27	data/day5 after fix and stain for PAX8-647/27.czi	mesp2	21	382.4663955790146		0.0	0.0	0.0
2026-01-02	27	data/day5 after fix and stain for PAX8-647/27.czi	mesp2	22	400.25553025710826		0.0	0.0	0.0
2026-01-02	27	data/day5 after fix and stain for PAX8-647/27.czi	mesp2	23	418.04466493520204		0.0	0.0	0.0
2026-01-02	27	data/day5 after fix and stain for PAX8-647/27.czi	pax8	0	8.894567339046851				
2026-01-02	27	data/day5 after fix and stain for PAX8-647/27.czi	pax8	1	26.683702017140554	0.004758250477076285	0.0014177672227708188	0.06909035630840231	0.00023025589077628125
2026-01-02	27	data/day5 after fix and stain for PAX8-647/27.czi	pax8	2	44.47283669523426	0.06347500057305017	0.0190311699252741	0.07031225808968981	0.0026073137477090266
2026-01-02	27	data/day5 after fix and stain for PAX8-647/27.czi	pax8	3	62.26197137332796	0.12632908560770778	0.04221847186021313	0.07285773400512993	0.01384769907208501
2026-01-02	27	data/day5 after fix and stain for PAX8-647/27.czi	pax8	4	80.05110605142167	0.1662218338835446	0.06501094399953457	0.07743686226496187	0.03770315100945603
2026-01-02	27	data/day5 after fix and stain for PAX8-647/27.czi	pax8	5	97.84024072951536	0.18671828664967552	0.08513454126072854	0.082263762740144	0.0676537739737614
2026-01-02	27	data/day5 after fix and stain for PAX8-647/27.czi	pax8	6	115.62937540760907	0.1969413304029783	0.10464979280021378	0.0874476034263285	0.10269661953536945
2026-01-02	27	data/day5 after fix and stain for PAX8-647/27.czi	pax8	7	133.41851008570276	0.20684351443974597	0.1199440095861592	0.09020298612687214	0.12988615385056423
2026-01-02	27	data/day5 after fix and stain for PAX8-647/27.czi	pax8	8	151.20764476379648	0.21393455331832753	0.13510017778590955	0.09250674486790823	0.15888169480163483
2026-01-02	27	data/day5 after fix and stain for PAX8-647/27.czi	pax8	9	168.99677944189017	0.21823162893220216	0.14356644982693098	0.09217125612192889	0.17704256523777426
2026-01-02	27	data/day5 after fix and stain for PAX8-647/27.czi	pax8	10	186.7859141199839	0.2134051408635137	0.13192110935559734	0.08477657061371502	0.16039908986733498
2026-01-02	27	data/day5 after fix and stain for PAX8-647/27.czi	pax8	11	204.57504879807757	0.19833423957499827	0.10135753446771095	0.06815178478759512	0.11450525001357134
2026-01-02	27	data/day5 after fix and stain for PAX8-647/27.czi	pax8	12	222.3641834761713	0.2033088952180923	0.054539891651726076	0.040063535028807544	0.04656006172299185
2026-01-02	27	data/day5 after fix and stain for PAX8-647/27.czi	pax8	13	240.15331815426498	0.10472427983411575	0.014561864351578756	0.018098420328182756	0.008322689545361885
2026-01-02	27	data/day5 after fix and stain for PAX8-647/27.czi	pax8	14	257.9424528323587	0.01959796831955915	0.0012690042560731052	0.005998187296074338	0.0002931301446758803
2026-01-02	27	data/day5 after fix and stain for PAX8-647/27.czi	pax8	15	275.7315875104524	0.0	0.0	0.0010250137364698855	0.0
2026-01-02	27	data/day5 after fix and stain for PAX8-647/27.czi	pax8	16	293.5207221885461		0.0	1.5391853865409445e-05	0.0
2026-01-02	27	data/day5 after fix and stain for PAX8-647/27.czi	pax8	17	311.30985686663985		0.0	0.0	0.0
2026-01-02	27	data/day5 after fix and stain for PAX8-647/27.czi	pax8	18	329.0989915447335		0.0	0.0	0.0
2026-01-02	27	data/day5 after fix and stain for PAX8-647/27.czi	pax8	19	346.88812622282717		0.0	0.0	0.0
2026-01-02	27	data/day5 after fix and stain for PAX8-647/27.czi	pax8	20	364.67726090092094		0.0	0.0	0.0
2026-01-02	27	data/day5 after fix and stain for PAX8-647/27.czi	pax8	21	382.4663955790146		0.0	0.0	0.0
2026-01-02	27	data/day5 after fix and stain for PAX8-647/27.czi	pax8	22	400.25553025710826		0.0	0.0	0.0
2026-01-02	27	data/day5 after fix and stain for PAX8-647/27.czi	pax8	23	418.04466493520204		0.0	0.0	0.0
2026-01-02	28	data/day5 after fix and stain for PAX8-647/28_noPAX8_647phalloidin.czi	foxf1	0	8.894567339046851				
2026-01-02	28	data/day5 after fix and stain for PAX8-647/28_noPAX8_647phalloidin.czi	foxf1	1	26.683702017140554	0.3540112616186411	0.03717181902915311	0.0534340964873686	0.017668814575175187
2026-01-02	28	data/day5 after fix and stain for PAX8-647/28_noPAX8_647phalloidin.czi	foxf1	2	44.47283669523426	0.4302295523633041	0.04716483233452201	0.057972937599522364	0.024578498635482383
2026-01-02	28	data/day5 after fix and stain for PAX8-647/28_noPAX8_647phalloidin.czi	foxf1	3	62.26197137332796	0.4529365911582396	0.05585721580292105	0.06402520033447838	0.03573859499528112
2026-01-02	28	data/day5 after fix and stain for PAX8-647/28_noPAX8_647phalloidin.czi	foxf1	4	80.05110605142167	0.471967440274872	0.06661809889715728	0.07194470064143381	0.05149426937772472
2026-01-02	28	data/day5 after fix and stain for PAX8-647/28_noPAX8_647phalloidin.czi	foxf1	5	97.84024072951536	0.49630474561034943	0.07882905797228232	0.0804409924015408	0.07018652617967014
2026-01-02	28	data/day5 after fix and stain for PAX8-647/28_noPAX8_647phalloidin.czi	foxf1	6	115.62937540760907	0.5145286853187113	0.09370268283901426	0.09111938493745042	0.09491147564103443
2026-01-02	28	data/day5 after fix and stain for PAX8-647/28_noPAX8_647phalloidin.czi	foxf1	7	133.41851008570276	0.5369379142431582	0.10859047080316583	0.10151856851204337	0.12066663224853728
2026-01-02	28	data/day5 after fix and stain for PAX8-647/28_noPAX8_647phalloidin.czi	foxf1	8	151.20764476379648	0.5575024799777892	0.11517425099614331	0.10494266682199888	0.1339223899766902
2026-01-02	28	data/day5 after fix and stain for PAX8-647/28_noPAX8_647phalloidin.czi	foxf1	9	168.99677944189017	0.5878075710096258	0.11108565359401726	0.09968026648378481	0.13079585095619298
2026-01-02	28	data/day5 after fix and stain for PAX8-647/28_noPAX8_647phalloidin.czi	foxf1	10	186.7859141199839	0.6317680723974338	0.09701448515609518	0.08640229053389795	0.11546752964613735
2026-01-02	28	data/day5 after fix and stain for PAX8-647/28_noPAX8_647phalloidin.czi	foxf1	11	204.57504879807757	0.665877342305654	0.07914618714339568	0.07010703576362914	0.0949706432601311
2026-01-02	28	data/day5 after fix and stain for PAX8-647/28_noPAX8_647phalloidin.czi	foxf1	12	222.3641834761713	0.6612351038983139	0.0555022268187849	0.04916705022878559	0.0652679244958661
2026-01-02	28	data/day5 after fix and stain for PAX8-647/28_noPAX8_647phalloidin.czi	foxf1	13	240.15331815426498	0.6790871758821909	0.031383897086945035	0.027760225075144834	0.03749954938185589
2026-01-02	28	data/day5 after fix and stain for PAX8-647/28_noPAX8_647phalloidin.czi	foxf1	14	257.9424528323587	0.7513792577233139	0.01129541962280413	0.01011649315787833	0.012210770676847258
2026-01-02	28	data/day5 after fix and stain for PAX8-647/28_noPAX8_647phalloidin.czi	foxf1	15	275.7315875104524	0.699560745829658	0.0018493276376872945	0.001715076102590563	0.001468956909551243
2026-01-02	28	data/day5 after fix and stain for PAX8-647/28_noPAX8_647phalloidin.czi	foxf1	16	293.5207221885461		3.0079671105468555e-05	3.459435003877202e-05	6.770253137275062e-06
2026-01-02	28	data/day5 after fix and stain for PAX8-647/28_noPAX8_647phalloidin.czi	foxf1	17	311.30985686663985		0.0	0.0	0.0
2026-01-02	28	data/day5 after fix and stain for PAX8-647/28_noPAX8_647phalloidin.czi	foxf1	18	329.0989915447335		0.0	0.0	0.0
2026-01-02	28	data/day5 after fix and stain for PAX8-647/28_noPAX8_647phalloidin.czi	foxf1	19	346.88812622282717		0.0	0.0	0.0
2026-01-02	28	data/day5 after fix and stain for PAX8-647/28_noPAX8_647phalloidin.czi	foxf1	20	364.67726090092094		0.0	0.0	0.0
2026-01-02	28	data/day5 after fix and stain for PAX8-647/28_noPAX8_647phalloidin.czi	foxf1	21	382.4663955790146		0.0	0.0	0.0
2026-01-02	28	data/day5 after fix and stain for PAX8-647/28_noPAX8_647phalloidin.czi	foxf1	22	400.25553025710826		0.0	0.0	0.0
2026-01-02	28	data/day5 after fix and stain for PAX8-647/28_noPAX8_647phalloidin.czi	foxf1	23	418.04466493520204		0.0	0.0	0.0
2026-01-02	28	data/day5 after fix and stain for PAX8-647/28_noPAX8_647phalloidin.czi	mesp2	0	8.894567339046851				
2026-01-02	28	data/day5 after fix and stain for PAX8-647/28_noPAX8_647phalloidin.czi	mesp2	1	26.683702017140554	0.8387710931709654	0.11107741109020176	0.11041833933118586	0.11424095999076428
2026-01-02	28	data/day5 after fix and stain for PAX8-647/28_noPAX8_647phalloidin.czi	mesp2	2	44.47283669523426	0.8248085945442563	0.11746017457892449	0.11675077664731515	0.12316074651261391
2026-01-02	28	data/day5 after fix and stain for PAX8-647/28_noPAX8_647phalloidin.czi	mesp2	3	62.26197137332796	0.8063193296806449	0.121442758175501	0.12081055108216174	0.1293439715985688
2026-01-02	28	data/day5 after fix and stain for PAX8-647/28_noPAX8_647phalloidin.czi	mesp2	4	80.05110605142167	0.7631171044777784	0.12081043819761562	0.12055112597663402	0.13038036879908868
2026-01-02	28	data/day5 after fix and stain for PAX8-647/28_noPAX8_647phalloidin.czi	mesp2	5	97.84024072951536	0.7549735305187163	0.11427993077157705	0.11395046246668902	0.12267235598296322
2026-01-02	28	data/day5 after fix and stain for PAX8-647/28_noPAX8_647phalloidin.czi	mesp2	6	115.62937540760907	0.7518075952567228	0.10055842923041508	0.10028997649733656	0.10557019433404262
2026-01-02	28	data/day5 after fix and stain for PAX8-647/28_noPAX8_647phalloidin.czi	mesp2	7	133.41851008570276	0.7573787633837606	0.07802074638180209	0.07779185844727683	0.07708788812961521
2026-01-02	28	data/day5 after fix and stain for PAX8-647/28_noPAX8_647phalloidin.czi	mesp2	8	151.20764476379648	0.7740627781393971	0.05660842405794662	0.05631262423236	0.05010265283465484
2026-01-02	28	data/day5 after fix and stain for PAX8-647/28_noPAX8_647phalloidin.czi	mesp2	9	168.99677944189017	0.7904805681251844	0.04083767706259135	0.04099713373547892	0.03164911083421482
2026-01-02	28	data/day5 after fix and stain for PAX8-647/28_noPAX8_647phalloidin.czi	mesp2	10	186.7859141199839	0.8238393324185906	0.026974194161804136	0.02732071560979834	0.017275434715445893
2026-01-02	28	data/day5 after fix and stain for PAX8-647/28_noPAX8_647phalloidin.czi	mesp2	11	204.57504879807757	0.7576969267247139	0.015226556656927128	0.01627443101745286	0.007407783134295231
2026-01-02	28	data/day5 after fix and stain for PAX8-647/28_noPAX8_647phalloidin.czi	mesp2	12	222.3641834761713	0.5551218566390588	0.006781799864128981	0.00816379998023617	0.0021236848864519355
2026-01-02	28	data/day5 after fix and stain for PAX8-647/28_noPAX8_647phalloidin.czi	mesp2	13	240.15331815426498	0.3763698786748307	0.00215100509482979	0.003182664746312215	0.00035807351915249366
2026-01-02	28	data/day5 after fix and stain for PAX8-647/28_noPAX8_647phalloidin.czi	mesp2	14	257.9424528323587	0.11238525052691525	0.0003559131495831947	0.0009248045291713827	3.253417634909724e-05
2026-01-02	28	data/day5 after fix and stain for PAX8-647/28_noPAX8_647phalloidin.czi	mesp2	15	275.7315875104524	0.005721710474849373	7.421024056416339e-06	0.00015286274324786	9.984529201450685e-07
2026-01-02	28	data/day5 after fix and stain for PAX8-647/28_noPAX8_647phalloidin.czi	mesp2	16	293.5207221885461		0.0	2.517007640802542e-06	0.0
2026-01-02	28	data/day5 after fix and stain for PAX8-647/28_noPAX8_647phalloidin.czi	mesp2	17	311.30985686663985		0.0	0.0	0.0
2026-01-02	28	data/day5 after fix and stain for PAX8-647/28_noPAX8_647phalloidin.czi	mesp2	18	329.0989915447335		0.0	0.0	0.0
2026-01-02	28	data/day5 after fix and stain for PAX8-647/28_noPAX8_647phalloidin.czi	mesp2	19	346.88812622282717		0.0	0.0	0.0
2026-01-02	28	data/day5 after fix and stain for PAX8-647/28_noPAX8_647phalloidin.czi	mesp2	20	364.67726090092094		0.0	0.0	0.0
2026-01-02	28	data/day5 after fix and stain for PAX8-647/28_noPAX8_647phalloidin.czi	mesp2	21	382.4663955790146		0.0	0.0	0.0
2026-01-02	28	data/day5 after fix and stain for PAX8-647/28_noPAX8_647phalloidin.czi	mesp2	22	400.25553025710826		0.0	0.0	0.0
2026-01-02	28	data/day5 after fix and stain for PAX8-647/28_noPAX8_647phalloidin.czi	mesp2	23	418.04466493520204		0.0	0.0	0.0
2026-01-02	28	data/day5 after fix and stain for PAX8-647/28_noPAX8_647phalloidin.czi	pax8	0	8.894567339046851				
2026-01-02	28	data/day5 after fix and stain for PAX8-647/28_noPAX8_647phalloidin.czi	pax8	1	26.683702017140554	0.0			
2026-01-02	28	data/day5 after fix and stain for PAX8-647/28_noPAX8_647phalloidin.czi	pax8	2	44.47283669523426	0.0			
2026-01-02	28	data/day5 after fix and stain for PAX8-647/28_noPAX8_647phalloidin.czi	pax8	3	62.26197137332796	0.0			
2026-01-02	28	data/day5 after fix and stain for PAX8-647/28_noPAX8_647phalloidin.czi	pax8	4	80.05110605142167	0.0			
2026-01-02	28	data/day5 after fix and stain for PAX8-647/28_noPAX8_647phalloidin.czi	pax8	5	97.84024072951536	0.0			
2026-01-02	28	data/day5 after fix and stain for PAX8-647/28_noPAX8_647phalloidin.czi	pax8	6	115.62937540760907	0.0			
2026-01-02	28	data/day5 after fix and stain for PAX8-647/28_noPAX8_647phalloidin.czi	pax8	7	133.41851008570276	0.0			
2026-01-02	28	data/day5 after fix and stain for PAX8-647/28_noPAX8_647phalloidin.czi	pax8	8	151.20764476379648	0.0			
2026-01-02	28	data/day5 after fix and stain for PAX8-647/28_noPAX8_647phalloidin.czi	pax8	9	168.99677944189017	0.0			
2026-01-02	28	data/day5 after fix and stain for PAX8-647/28_noPAX8_647phalloidin.czi	pax8	10	186.7859141199839	0.0			
2026-01-02	28	data/day5 after fix and stain for PAX8-647/28_noPAX8_647phalloidin.czi	pax8	11	204.57504879807757	0.0			
2026-01-02	28	data/day5 after fix and stain for PAX8-647/28_noPAX8_647phalloidin.czi	pax8	12	222.3641834761713	0.0			
2026-01-02	28	data/day5 after fix and stain for PAX8-647/28_noPAX8_647phalloidin.czi	pax8	13	240.15331815426498	0.0			
2026-01-02	28	data/day5 after fix and stain for PAX8-647/28_noPAX8_647phalloidin.czi	pax8	14	257.9424528323587	0.0			
2026-01-02	28	data/day5 after fix and stain for PAX8-647/28_noPAX8_647phalloidin.czi	pax8	15	275.7315875104524	0.0			
2026-01-02	28	data/day5 after fix and stain for PAX8-647/28_noPAX8_647phalloidin.czi	pax8	16	293.5207221885461				
2026-01-02	28	data/day5 after fix and stain for PAX8-647/28_noPAX8_647phalloidin.czi	pax8	17	311.30985686663985				
2026-01-02	28	data/day5 after fix and stain for PAX8-647/28_noPAX8_647phalloidin.czi	pax8	18	329.0989915447335				
2026-01-02	28	data/day5 after fix and stain for PAX8-647/28_noPAX8_647phalloidin.czi	pax8	19	346.88812622282717				
2026-01-02	28	data/day5 after fix and stain for PAX8-647/28_noPAX8_647phalloidin.czi	pax8	20	364.67726090092094				
2026-01-02	28	data/day5 after fix and stain for PAX8-647/28_noPAX8_647phalloidin.czi	pax8	21	382.4663955790146				
2026-01-02	28	data/day5 after fix and stain for PAX8-647/28_noPAX8_647phalloidin.czi	pax8	22	400.25553025710826				
2026-01-02	28	data/day5 after fix and stain for PAX8-647/28_noPAX8_647phalloidin.czi	pax8	23	418.04466493520204				
2026-01-02	29	data/day5 after fix and stain for PAX8-647/29.czi	foxf1	0	8.894567339046851				
2026-01-02	29	data/day5 after fix and stain for PAX8-647/29.czi	foxf1	1	26.683702017140554	0.2965496883934192	0.07082338486359731	0.09116607902098722	0.053335200982919544
2026-01-02	29	data/day5 after fix and stain for PAX8-647/29.czi	foxf1	2	44.47283669523426	0.33496427096076536	0.08291679584334269	0.09640216882482058	0.07013956049937559
2026-01-02	29	data/day5 after fix and stain for PAX8-647/29.czi	foxf1	3	62.26197137332796	0.37205968812777557	0.0940209694354282	0.10016232275321608	0.08715733109803404
2026-01-02	29	data/day5 after fix and stain for PAX8-647/29.czi	foxf1	4	80.05110605142167	0.4210110164825671	0.10534180724141859	0.10285158282775715	0.10089913825500267
2026-01-02	29	data/day5 after fix and stain for PAX8-647/29.czi	foxf1	5	97.84024072951536	0.4606260846070071	0.11818285512534517	0.1070598895551238	0.12179223267455555
2026-01-02	29	data/day5 after fix and stain for PAX8-647/29.czi	foxf1	6	115.62937540760907	0.4757072457960198	0.12774818139243538	0.11096425289648652	0.14709973938716103
2026-01-02	29	data/day5 after fix and stain for PAX8-647/29.czi	foxf1	7	133.41851008570276	0.4691678377878151	0.12217985140507681	0.10491563305188908	0.1455051329817001
2026-01-02	29	data/day5 after fix and stain for PAX8-647/29.czi	foxf1	8	151.20764476379648	0.4567163446432674	0.10648774726907854	0.09201820573144776	0.12237147699300938
2026-01-02	29	data/day5 after fix and stain for PAX8-647/29.czi	foxf1	9	168.99677944189017	0.3994316136236	0.07731953380597498	0.07078124249108306	0.0825781207407067
2026-01-02	29	data/day5 after fix and stain for PAX8-647/29.czi	foxf1	10	186.7859141199839	0.2592712939408711	0.039736541895317126	0.041896270546066816	0.038176734332905006
2026-01-02	29	data/day5 after fix and stain for PAX8-647/29.czi	foxf1	11	204.57504879807757	0.12967883637230415	0.011119863266338438	0.014564040758166578	0.008205942530301876
2026-01-02	29	data/day5 after fix and stain for PAX8-647/29.czi	foxf1	12	222.3641834761713	0.026046194471007533	0.0012634972460152595	0.002207861186000925	0.0004994261267894267
2026-01-02	29	data/day5 after fix and stain for PAX8-647/29.czi	foxf1	13	240.15331815426498	0.0	0.0	1.633390161160163e-05	0.0
2026-01-02	29	data/day5 after fix and stain for PAX8-647/29.czi	foxf1	14	257.9424528323587		0.0	-9.161510439861192e-06	0.0
2026-01-02	29	data/day5 after fix and stain for PAX8-647/29.czi	foxf1	15	275.7315875104524		0.0	0.0	0.0
2026-01-02	29	data/day5 after fix and stain for PAX8-647/29.czi	foxf1	16	293.5207221885461		0.0	0.0	0.0
2026-01-02	29	data/day5 after fix and stain for PAX8-647/29.czi	foxf1	17	311.30985686663985		0.0	0.0	0.0
2026-01-02	29	data/day5 after fix and stain for PAX8-647/29.czi	foxf1	18	329.0989915447335		0.0	0.0	0.0
2026-01-02	29	data/day5 after fix and stain for PAX8-647/29.czi	foxf1	19	346.88812622282717		0.0	0.0	0.0
2026-01-02	29	data/day5 after fix and stain for PAX8-647/29.czi	foxf1	20	364.67726090092094		0.0	0.0	0.0
2026-01-02	29	data/day5 after fix and stain for PAX8-647/29.czi	foxf1	21	382.4663955790146		0.0	0.0	0.0
2026-01-02	29	data/day5 after fix and stain for PAX8-647/29.czi	foxf1	22	400.25553025710826		0.0	0.0	0.0
2026-01-02	29	data/day5 after fix and stain for PAX8-647/29.czi	foxf1	23	418.04466493520204		0.0	0.0	0.0
2026-01-02	29	data/day5 after fix and stain for PAX8-647/29.czi	mesp2	0	8.894567339046851				
2026-01-02	29	data/day5 after fix and stain for PAX8-647/29.czi	mesp2	1	26.683702017140554	0.6438658255866626	0.1504150389581186	0.14649504426368853	0.1679200509311384
2026-01-02	29	data/day5 after fix and stain for PAX8-647/29.czi	mesp2	2	44.47283669523426	0.6354846127383322	0.1439880242568575	0.1404298905512282	0.15950093290581938
2026-01-02	29	data/day5 after fix and stain for PAX8-647/29.czi	mesp2	3	62.26197137332796	0.6368994180406252	0.13175806317425648	0.12865521654167442	0.14245772941004856
2026-01-02	29	data/day5 after fix and stain for PAX8-647/29.czi	mesp2	4	80.05110605142167	0.6398830513124134	0.11534756848384257	0.11335468622614266	0.11907586029207198
2026-01-02	29	data/day5 after fix and stain for PAX8-647/29.czi	mesp2	5	97.84024072951536	0.6253326305848605	0.09533614339965052	0.0952458362800362	0.0914817988662481
2026-01-02	29	data/day5 after fix and stain for PAX8-647/29.czi	mesp2	6	115.62937540760907	0.6246662239726134	0.07744593324580876	0.07807831137229809	0.06689796245571453
2026-01-02	29	data/day5 after fix and stain for PAX8-647/29.czi	mesp2	7	133.41851008570276	0.5851873584372523	0.061314273558019994	0.06333740875287742	0.048388817710481744
2026-01-02	29	data/day5 after fix and stain for PAX8-647/29.czi	mesp2	8	151.20764476379648	0.5493579820467526	0.0467266938080966	0.04980793992369793	0.03220396442433744
2026-01-02	29	data/day5 after fix and stain for PAX8-647/29.czi	mesp2	9	168.99677944189017	0.4922056845252047	0.03150021193494295	0.035235612286258336	0.017689750473780227
2026-01-02	29	data/day5 after fix and stain for PAX8-647/29.czi	mesp2	10	186.7859141199839	0.3021269384243862	0.014156508205945906	0.018900904278627114	0.0060802196781165226
2026-01-02	29	data/day5 after fix and stain for PAX8-647/29.czi	mesp2	11	204.57504879807757	0.0693472664342333	0.0025593745399930803	0.004838325534931456	0.0008816907114583411
2026-01-02	29	data/day5 after fix and stain for PAX8-647/29.czi	mesp2	12	222.3641834761713	0.0030374020786847634	4.1802368673697884e-05	0.00024396796010944864	3.824165904333861e-06
2026-01-02	29	data/day5 after fix and stain for PAX8-647/29.czi	mesp2	13	240.15331815426498	0.0	0.0	-7.847357798472724e-05	0.0
2026-01-02	29	data/day5 after fix and stain for PAX8-647/29.czi	mesp2	14	257.9424528323587		0.0	-6.041327009612982e-06	0.0
2026-01-02	29	data/day5 after fix and stain for PAX8-647/29.czi	mesp2	15	275.7315875104524		0.0	0.0	0.0
2026-01-02	29	data/day5 after fix and stain for PAX8-647/29.czi	mesp2	16	293.5207221885461		0.0	0.0	0.0
2026-01-02	29	data/day5 after fix and stain for PAX8-647/29.czi	mesp2	17	311.30985686663985		0.0	0.0	0.0
2026-01-02	29	data/day5 after fix and stain for PAX8-647/29.czi	mesp2	18	329.0989915447335		0.0	0.0	0.0
2026-01-02	29	data/day5 after fix and stain for PAX8-647/29.czi	mesp2	19	346.88812622282717		0.0	0.0	0.0
2026-01-02	29	data/day5 after fix and stain for PAX8-647/29.czi	mesp2	20	364.67726090092094		0.0	0.0	0.0
2026-01-02	29	data/day5 after fix and stain for PAX8-647/29.czi	mesp2	21	382.4663955790146		0.0	0.0	0.0
2026-01-02	29	data/day5 after fix and stain for PAX8-647/29.czi	mesp2	22	400.25553025710826		0.0	0.0	0.0
2026-01-02	29	data/day5 after fix and stain for PAX8-647/29.czi	mesp2	23	418.04466493520204		0.0	0.0	0.0
2026-01-02	29	data/day5 after fix and stain for PAX8-647/29.czi	pax8	0	8.894567339046851				
2026-01-02	29	data/day5 after fix and stain for PAX8-647/29.czi	pax8	1	26.683702017140554	0.3416546547946401	0.08547972791344331	0.09304788742173065	0.05682971657732815
2026-01-02	29	data/day5 after fix and stain for PAX8-647/29.czi	pax8	2	44.47283669523426	0.35085708190027576	0.0870515997333375	0.09384024791508352	0.05876222370795986
2026-01-02	29	data/day5 after fix and stain for PAX8-647/29.czi	pax8	3	62.26197137332796	0.3483719653494826	0.0870906550632815	0.09385795789145557	0.06599024847299147
2026-01-02	29	data/day5 after fix and stain for PAX8-647/29.czi	pax8	4	80.05110605142167	0.3527633233939562	0.09251820843291805	0.09593775808299622	0.08544220676693819
2026-01-02	29	data/day5 after fix and stain for PAX8-647/29.czi	pax8	5	97.84024072951536	0.3512483893793793	0.10005617982089783	0.10023390579351799	0.11399084254233363
2026-01-02	29	data/day5 after fix and stain for PAX8-647/29.czi	pax8	6	115.62937540760907	0.3645617915603174	0.10865991390393215	0.10302930148796363	0.1405881165980988
2026-01-02	29	data/day5 after fix and stain for PAX8-647/29.czi	pax8	7	133.41851008570276	0.3916251252086801	0.11248612806298847	0.10122813346856506	0.1506615470573401
2026-01-02	29	data/day5 after fix and stain for PAX8-647/29.czi	pax8	8	151.20764476379648	0.43515580090827066	0.11196754341650844	0.09546834546497408	0.14441722272475802
2026-01-02	29	data/day5 after fix and stain for PAX8-647/29.czi	pax8	9	168.99677944189017	0.4461146718793276	0.09100676996371129	0.07735716719919455	0.10093064065234447
2026-01-02	29	data/day5 after fix and stain for PAX8-647/29.czi	pax8	10	186.7859141199839	0.33012111386368914	0.049614915696626245	0.05100056724137997	0.04051458714311365
2026-01-02	29	data/day5 after fix and stain for PAX8-647/29.czi	pax8	11	204.57504879807757	0.10159909853104881	0.011087674795379487	0.02046164648494536	0.006884705778418796
2026-01-02	29	data/day5 after fix and stain for PAX8-647/29.czi	pax8	12	222.3641834761713	0.010387537792073534	0.0005596173457931247	0.004265005501486946	0.00018412893735296866
2026-01-02	29	data/day5 after fix and stain for PAX8-647/29.czi	pax8	13	240.15331815426498	0.0	0.0	0.0004013623097994227	0.0
2026-01-02	29	data/day5 after fix and stain for PAX8-647/29.czi	pax8	14	257.9424528323587		0.0	1.960638543044782e-05	0.0
2026-01-02	29	data/day5 after fix and stain for PAX8-647/29.czi	pax8	15	275.7315875104524		0.0	0.0	0.0
2026-01-02	29	data/day5 after fix and stain for PAX8-647/29.czi	pax8	16	293.5207221885461		0.0	0.0	0.0
2026-01-02	29	data/day5 after fix and stain for PAX8-647/29.czi	pax8	17	311.30985686663985		0.0	0.0	0.0
2026-01-02	29	data/day5 after fix and stain for PAX8-647/29.czi	pax8	18	329.0989915447335		0.0	0.0	0.0
2026-01-02	29	data/day5 after fix and stain for PAX8-647/29.czi	pax8	19	346.88812622282717		0.0	0.0	0.0
2026-01-02	29	data/day5 after fix and stain for PAX8-647/29.czi	pax8	20	364.67726090092094		0.0	0.0	0.0
2026-01-02	29	data/day5 after fix and stain for PAX8-647/29.czi	pax8	21	382.4663955790146		0.0	0.0	0.0
2026-01-02	29	data/day5 after fix and stain for PAX8-647/29.czi	pax8	22	400.25553025710826		0.0	0.0	0.0
2026-01-02	29	data/day5 after fix and stain for PAX8-647/29.czi	pax8	23	418.04466493520204		0.0	0.0	0.0
2026-01-02	30	data/day5 after fix and stain for PAX8-647/30.czi	foxf1	0	8.894567339046851				
2026-01-02	30	data/day5 after fix and stain for PAX8-647/30.czi	foxf1	1	26.683702017140554	0.1937373095960867	0.0816437287959008	0.09951655141626252	0.06284062058758794
2026-01-02	30	data/day5 after fix and stain for PAX8-647/30.czi	foxf1	2	44.47283669523426	0.16801346809692755	0.07378854945936503	0.09768939014601502	0.06486289808756848
2026-01-02	30	data/day5 after fix and stain for PAX8-647/30.czi	foxf1	3	62.26197137332796	0.16511318689976073	0.07552684893974973	0.09635972989920191	0.07300145993557297
2026-01-02	30	data/day5 after fix and stain for PAX8-647/30.czi	foxf1	4	80.05110605142167	0.18661820402135212	0.08723085110521986	0.09819286616396465	0.0911530633715047
2026-01-02	30	data/day5 after fix and stain for PAX8-647/30.czi	foxf1	5	97.84024072951536	0.1987444969985494	0.09377014899763118	0.10014018924940762	0.10498704299133228
2026-01-02	30	data/day5 after fix and stain for PAX8-647/30.czi	foxf1	6	115.62937540760907	0.22394204705900117	0.10060009181464354	0.09830215831400473	0.11504226417696153
2026-01-02	30	data/day5 after fix and stain for PAX8-647/30.czi	foxf1	7	133.41851008570276	0.2891492999793581	0.10870320309630141	0.09276684039733307	0.12811415940199813
2026-01-02	30	data/day5 after fix and stain for PAX8-647/30.czi	foxf1	8	151.20764476379648	0.36416144764231206	0.10297594616302837	0.08073108213982692	0.12317575466416054
2026-01-02	30	data/day5 after fix and stain for PAX8-647/30.czi	foxf1	9	168.99677944189017	0.4863326131579415	0.09057151478912596	0.06540745693451891	0.09658006072935761
2026-01-02	30	data/day5 after fix and stain for PAX8-647/30.czi	foxf1	10	186.7859141199839	0.6748179690656502	0.07417888876551426	0.05070085197621802	0.06448646226377386
2026-01-02	30	data/day5 after fix and stain for PAX8-647/30.czi	foxf1	11	204.57504879807757	0.5326222619830552	0.03780754822389024	0.031300745179468736	0.024681174310623825
2026-01-02	30	data/day5 after fix and stain for PAX8-647/30.czi	foxf1	12	222.3641834761713	0.13110014788944918	0.00729430592797857	0.0093029655946372	0.0038103076047570905
2026-01-02	30	data/day5 after fix and stain for PAX8-647/30.czi	foxf1	13	240.15331815426498		4.485210994594685e-05	0.000942713616022087	2.0415897879217645e-05
2026-01-02	30	data/day5 after fix and stain for PAX8-647/30.czi	foxf1	14	257.9424528323587		0.0	0.0	0.0
2026-01-02	30	data/day5 after fix and stain for PAX8-647/30.czi	foxf1	15	275.7315875104524		0.0	0.0	0.0
2026-01-02	30	data/day5 after fix and stain for PAX8-647/30.czi	foxf1	16	293.5207221885461		0.0	0.0	0.0
2026-01-02	30	data/day5 after fix and stain for PAX8-647/30.czi	foxf1	17	311.30985686663985		0.0	0.0	0.0
2026-01-02	30	data/day5 after fix and stain for PAX8-647/30.czi	foxf1	18	329.0989915447335		0.0	0.0	0.0
2026-01-02	30	data/day5 after fix and stain for PAX8-647/30.czi	foxf1	19	346.88812622282717		0.0	0.0	0.0
2026-01-02	30	data/day5 after fix and stain for PAX8-647/30.czi	foxf1	20	364.67726090092094		0.0	0.0	0.0
2026-01-02	30	data/day5 after fix and stain for PAX8-647/30.czi	foxf1	21	382.4663955790146		0.0	0.0	0.0
2026-01-02	30	data/day5 after fix and stain for PAX8-647/30.czi	foxf1	22	400.25553025710826		0.0	0.0	0.0
2026-01-02	30	data/day5 after fix and stain for PAX8-647/30.czi	foxf1	23	418.04466493520204		0.0	0.0	0.0
2026-01-02	30	data/day5 after fix and stain for PAX8-647/30.czi	mesp2	0	8.894567339046851				
2026-01-02	30	data/day5 after fix and stain for PAX8-647/30.czi	mesp2	1	26.683702017140554	0.5563371561263725	0.1489034057005659	0.14509387600325252	0.15836247684982957
2026-01-02	30	data/day5 after fix and stain for PAX8-647/30.czi	mesp2	2	44.47283669523426	0.5552459967762949	0.14015866239677785	0.13687485271569816	0.14671988476279282
2026-01-02	30	data/day5 after fix and stain for PAX8-647/30.czi	mesp2	3	62.26197137332796	0.552001315326528	0.12914599989016784	0.12654678952317303	0.13276691845211114
2026-01-02	30	data/day5 after fix and stain for PAX8-647/30.czi	mesp2	4	80.05110605142167	0.54406333716259	0.11714762852250438	0.11557329078225977	0.11804220084152164
2026-01-02	30	data/day5 after fix and stain for PAX8-647/30.czi	mesp2	5	97.84024072951536	0.5392969540308379	0.10271584477035303	0.10235817789196043	0.09994465931467081
2026-01-02	30	data/day5 after fix and stain for PAX8-647/30.czi	mesp2	6	115.62937540760907	0.5420856014368975	0.08923920204558324	0.08975695028663376	0.08389025082883235
2026-01-02	30	data/day5 after fix and stain for PAX8-647/30.czi	mesp2	7	133.41851008570276	0.5825276911277164	0.07296754152788162	0.07508330212746554	0.06634222758283406
2026-01-02	30	data/day5 after fix and stain for PAX8-647/30.czi	mesp2	8	151.20764476379648	0.5693499067848761	0.046253612638310626	0.049759839009954634	0.038757260349409434
2026-01-02	30	data/day5 after fix and stain for PAX8-647/30.czi	mesp2	9	168.99677944189017	0.4481040359486011	0.020161205758474313	0.024023435723165405	0.013462891572910227
2026-01-02	30	data/day5 after fix and stain for PAX8-647/30.czi	mesp2	10	186.7859141199839	0.13794637370763424	0.003997258749057304	0.007671779151659709	0.0020355681242909766
2026-01-02	30	data/day5 after fix and stain for PAX8-647/30.czi	mesp2	11	204.57504879807757	0.014176952987273929	0.00021961587828116822	0.0019271807408173499	5.171875803705475e-05
2026-01-02	30	data/day5 after fix and stain for PAX8-647/30.czi	mesp2	12	222.3641834761713	0.0	0.0	0.00031364741588481824	1.1723421834127974e-08
2026-01-02	30	data/day5 after fix and stain for PAX8-647/30.czi	mesp2	13	240.15331815426498		0.0	9.65402792967348e-06	0.0
2026-01-02	30	data/day5 after fix and stain for PAX8-647/30.czi	mesp2	14	257.9424528323587		0.0	0.0	0.0
2026-01-02	30	data/day5 after fix and stain for PAX8-647/30.czi	mesp2	15	275.7315875104524		0.0	0.0	0.0
2026-01-02	30	data/day5 after fix and stain for PAX8-647/30.czi	mesp2	16	293.5207221885461		0.0	0.0	0.0
2026-01-02	30	data/day5 after fix and stain for PAX8-647/30.czi	mesp2	17	311.30985686663985		0.0	0.0	0.0
2026-01-02	30	data/day5 after fix and stain for PAX8-647/30.czi	mesp2	18	329.0989915447335		0.0	0.0	0.0
2026-01-02	30	data/day5 after fix and stain for PAX8-647/30.czi	mesp2	19	346.88812622282717		0.0	0.0	0.0
2026-01-02	30	data/day5 after fix and stain for PAX8-647/30.czi	mesp2	20	364.67726090092094		0.0	0.0	0.0
2026-01-02	30	data/day5 after fix and stain for PAX8-647/30.czi	mesp2	21	382.4663955790146		0.0	0.0	0.0
2026-01-02	30	data/day5 after fix and stain for PAX8-647/30.czi	mesp2	22	400.25553025710826		0.0	0.0	0.0
2026-01-02	30	data/day5 after fix and stain for PAX8-647/30.czi	mesp2	23	418.04466493520204		0.0	0.0	0.0
2026-01-02	30	data/day5 after fix and stain for PAX8-647/30.czi	pax8	0	8.894567339046851				
2026-01-02	30	data/day5 after fix and stain for PAX8-647/30.czi	pax8	1	26.683702017140554	0.3313381953196112	0.09017113867378515	0.10037752402680324	0.07446884229884539
2026-01-02	30	data/day5 after fix and stain for PAX8-647/30.czi	pax8	2	44.47283669523426	0.3137656631271673	0.09601431457962206	0.10598669129531323	0.09051451980631213
2026-01-02	30	data/day5 after fix and stain for PAX8-647/30.czi	pax8	3	62.26197137332796	0.30734935553896126	0.10550388527722163	0.11233801468032667	0.11089075724704256
2026-01-02	30	data/day5 after fix and stain for PAX8-647/30.czi	pax8	4	80.05110605142167	0.32069557292952383	0.11404883021803894	0.11595419968110703	0.12500760854970683
2026-01-02	30	data/day5 after fix and stain for PAX8-647/30.czi	pax8	5	97.84024072951536	0.34951649202705776	0.11866910809052117	0.11449675275567961	0.12959353854448658
2026-01-02	30	data/day5 after fix and stain for PAX8-647/30.czi	pax8	6	115.62937540760907	0.370578576748567	0.11782258220717712	0.10938008523255144	0.1289524443084106
2026-01-02	30	data/day5 after fix and stain for PAX8-647/30.czi	pax8	7	133.41851008570276	0.40643376997163744	0.1065200991166439	0.09565274134513978	0.11742877797264233
2026-01-02	30	data/day5 after fix and stain for PAX8-647/30.czi	pax8	8	151.20764476379648	0.44727912286103483	0.08350707783282009	0.07225386854759104	0.08963042612028775
2026-01-02	30	data/day5 after fix and stain for PAX8-647/30.czi	pax8	9	168.99677944189017	0.49598326450142705	0.059630200998273986	0.05056008686516558	0.0590417246309624
2026-01-02	30	data/day5 after fix and stain for PAX8-647/30.czi	pax8	10	186.7859141199839	0.46926725834174826	0.030384418492578856	0.028521111702706593	0.023658972995944046
2026-01-02	30	data/day5 after fix and stain for PAX8-647/30.czi	pax8	11	204.57504879807757	0.2583928998794158	0.009915168077137115	0.014168762884050294	0.005215226245675584
2026-01-02	30	data/day5 after fix and stain for PAX8-647/30.czi	pax8	12	222.3641834761713	0.05098632904462336	0.0014656559801568703	0.004382643787017449	0.0005156608557537021
2026-01-02	30	data/day5 after fix and stain for PAX8-647/30.czi	pax8	13	240.15331815426498		3.6744900341846377e-07	0.0005557832968519122	1.8466583171333997e-09
2026-01-02	30	data/day5 after fix and stain for PAX8-647/30.czi	pax8	14	257.9424528323587		0.0	0.0	0.0
2026-01-02	30	data/day5 after fix and stain for PAX8-647/30.czi	pax8	15	275.7315875104524		0.0	0.0	0.0
2026-01-02	30	data/day5 after fix and stain for PAX8-647/30.czi	pax8	16	293.5207221885461		0.0	0.0	0.0
2026-01-02	30	data/day5 after fix and stain for PAX8-647/30.czi	pax8	17	311.30985686663985		0.0	0.0	0.0
2026-01-02	30	data/day5 after fix and stain for PAX8-647/30.czi	pax8	18	329.0989915447335		0.0	0.0	0.0
2026-01-02	30	data/day5 after fix and stain for PAX8-647/30.czi	pax8	19	346.88812622282717		0.0	0.0	0.0
2026-01-02	30	data/day5 after fix and stain for PAX8-647/30.czi	pax8	20	364.67726090092094		0.0	0.0	0.0
2026-01-02	30	data/day5 after fix and stain for PAX8-647/30.czi	pax8	21	382.4663955790146		0.0	0.0	0.0
2026-01-02	30	data/day5 after fix and stain for PAX8-647/30.czi	pax8	22	400.25553025710826		0.0	0.0	0.0
2026-01-02	30	data/day5 after fix and stain for PAX8-647/30.czi	pax8	23	418.04466493520204		0.0	0.0	0.0
2026-01-02	31	data/day5 after fix and stain for PAX8-647/31.czi	foxf1	0	8.894567339046851				
2026-01-02	31	data/day5 after fix and stain for PAX8-647/31.czi	foxf1	1	26.683702017140554	0.5122368691747973	0.07902406728868488	0.08241038225385837	0.07192192065607896
2026-01-02	31	data/day5 after fix and stain for PAX8-647/31.czi	foxf1	2	44.47283669523426	0.5075042788581051	0.07841349508394471	0.0821501018448805	0.07205417487048546
2026-01-02	31	data/day5 after fix and stain for PAX8-647/31.czi	foxf1	3	62.26197137332796	0.5133747883847785	0.07923115959909613	0.0825559217208343	0.07338940875225197
2026-01-02	31	data/day5 after fix and stain for PAX8-647/31.czi	foxf1	4	80.05110605142167	0.5123364421643585	0.07942159560208359	0.08199049984478139	0.07480672361157042
2026-01-02	31	data/day5 after fix and stain for PAX8-647/31.czi	foxf1	5	97.84024072951536	0.4760072342701666	0.07777820015654387	0.0811246168558175	0.07714134472149078
2026-01-02	31	data/day5 after fix and stain for PAX8-647/31.czi	foxf1	6	115.62937540760907	0.4298703911842948	0.0770502748861386	0.08109806459850522	0.08109394075313342
2026-01-02	31	data/day5 after fix and stain for PAX8-647/31.czi	foxf1	7	133.41851008570276	0.4421437960925963	0.0795273068542261	0.08005559002071255	0.08610297822910509
2026-01-02	31	data/day5 after fix and stain for PAX8-647/31.czi	foxf1	8	151.20764476379648	0.577170785414736	0.08142149328557478	0.07841650633096496	0.08867155656210125
2026-01-02	31	data/day5 after fix and stain for PAX8-647/31.czi	foxf1	9	168.99677944189017	0.6754241141215724	0.07992001324960561	0.07491765232408279	0.08573446666346227
2026-01-02	31	data/day5 after fix and stain for PAX8-647/31.czi	foxf1	10	186.7859141199839	0.7198751219376058	0.07362910400280409	0.0682473831982661	0.07792748280338624
2026-01-02	31	data/day5 after fix and stain for PAX8-647/31.czi	foxf1	11	204.57504879807757	0.7407549687855769	0.06036198264584469	0.05604162589642105	0.06306420271282707
2026-01-02	31	data/day5 after fix and stain for PAX8-647/31.czi	foxf1	12	222.3641834761713	0.7592833901051368	0.04810812689374781	0.0447959257641259	0.05160990410215503
2026-01-02	31	data/day5 after fix and stain for PAX8-647/31.czi	foxf1	13	240.15331815426498	0.8289898560326097	0.034360551415214644	0.03181920071687612	0.0353762826385737
2026-01-02	31	data/day5 after fix and stain for PAX8-647/31.czi	foxf1	14	257.9424528323587	0.7400809450716253	0.012618396499663433	0.0120911332944506	0.010933119919285871
2026-01-02	31	data/day5 after fix and stain for PAX8-647/31.czi	foxf1	15	275.7315875104524		0.0016222668910819576	0.0017042633652403927	0.0008596499025329382
2026-01-02	31	data/day5 after fix and stain for PAX8-647/31.czi	foxf1	16	293.5207221885461		0.0	0.0	0.0
2026-01-02	31	data/day5 after fix and stain for PAX8-647/31.czi	foxf1	17	311.30985686663985		0.0	0.0	0.0
2026-01-02	31	data/day5 after fix and stain for PAX8-647/31.czi	foxf1	18	329.0989915447335		0.0	0.0	0.0
2026-01-02	31	data/day5 after fix and stain for PAX8-647/31.czi	foxf1	19	346.88812622282717		0.0	0.0	0.0
2026-01-02	31	data/day5 after fix and stain for PAX8-647/31.czi	foxf1	20	364.67726090092094		0.0	0.0	0.0
2026-01-02	31	data/day5 after fix and stain for PAX8-647/31.czi	foxf1	21	382.4663955790146		0.0	0.0	0.0
2026-01-02	31	data/day5 after fix and stain for PAX8-647/31.czi	foxf1	22	400.25553025710826		0.0	0.0	0.0
2026-01-02	31	data/day5 after fix and stain for PAX8-647/31.czi	foxf1	23	418.04466493520204		0.0	0.0	0.0
2026-01-02	31	data/day5 after fix and stain for PAX8-647/31.czi	mesp2	0	8.894567339046851				
2026-01-02	31	data/day5 after fix and stain for PAX8-647/31.czi	mesp2	1	26.683702017140554	0.6372179701552552	0.12625378407552232	0.12216026612354988	0.12578761186350088
2026-01-02	31	data/day5 after fix and stain for PAX8-647/31.czi	mesp2	2	44.47283669523426	0.6393218634857278	0.13995448024572632	0.13564967210574072	0.15024065556414695
2026-01-02	31	data/day5 after fix and stain for PAX8-647/31.czi	mesp2	3	62.26197137332796	0.6547336851476311	0.14703432231297175	0.14222886520069472	0.16163870491155446
2026-01-02	31	data/day5 after fix and stain for PAX8-647/31.czi	mesp2	4	80.05110605142167	0.6552139907582125	0.14160546571476926	0.13745001591825712	0.15447578814210702
2026-01-02	31	data/day5 after fix and stain for PAX8-647/31.czi	mesp2	5	97.84024072951536	0.6371426510643069	0.1267536993095385	0.12389894783670398	0.1343187065967412
2026-01-02	31	data/day5 after fix and stain for PAX8-647/31.czi	mesp2	6	115.62937540760907	0.6163469821226102	0.10453595234342962	0.10267710503350069	0.10170139435374917
2026-01-02	31	data/day5 after fix and stain for PAX8-647/31.czi	mesp2	7	133.41851008570276	0.5846683078002098	0.07402074215296503	0.07406272196412728	0.05856177666407053
2026-01-02	31	data/day5 after fix and stain for PAX8-647/31.czi	mesp2	8	151.20764476379648	0.41133258911345394	0.033382336503677994	0.04136072646839746	0.019636717379825495
2026-01-02	31	data/day5 after fix and stain for PAX8-647/31.czi	mesp2	9	168.99677944189017	0.15131203268449256	0.009062743883322424	0.01912085764401957	0.0037498669695477035
2026-01-02	31	data/day5 after fix and stain for PAX8-647/31.czi	mesp2	10	186.7859141199839	0.022981404983818288	0.0011647191170055218	0.007690418303526214	0.00034938251962012674
2026-01-02	31	data/day5 after fix and stain for PAX8-647/31.czi	mesp2	11	204.57504879807757	0.0006028024762432525	2.5052502516981318e-05	0.0019327083041127007	5.258234379093735e-06
2026-01-02	31	data/day5 after fix and stain for PAX8-647/31.czi	mesp2	12	222.3641834761713	0.0	0.0	0.00014978830026461296	0.0
2026-01-02	31	data/day5 after fix and stain for PAX8-647/31.czi	mesp2	13	240.15331815426498	0.0	0.0	-0.0001718348730384873	0.0
2026-01-02	31	data/day5 after fix and stain for PAX8-647/31.czi	mesp2	14	257.9424528323587	0.0	0.0	-0.0002295380275912563	1.3325416372336474e-06
2026-01-02	31	data/day5 after fix and stain for PAX8-647/31.czi	mesp2	15	275.7315875104524		0.0	-7.661578471849655e-05	6.165491157349676e-07
2026-01-02	31	data/day5 after fix and stain for PAX8-647/31.czi	mesp2	16	293.5207221885461		0.0	0.0	0.0
2026-01-02	31	data/day5 after fix and stain for PAX8-647/31.czi	mesp2	17	311.30985686663985		0.0	0.0	0.0
2026-01-02	31	data/day5 after fix and stain for PAX8-647/31.czi	mesp2	18	329.0989915447335		0.0	0.0	0.0
2026-01-02	31	data/day5 after fix and stain for PAX8-647/31.czi	mesp2	19	346.88812622282717		0.0	0.0	0.0
2026-01-02	31	data/day5 after fix and stain for PAX8-647/31.czi	mesp2	20	364.67726090092094		0.0	0.0	0.0
2026-01-02	31	data/day5 after fix and stain for PAX8-647/31.czi	mesp2	21	382.4663955790146		0.0	0.0	0.0
2026-01-02	31	data/day5 after fix and stain for PAX8-647/31.czi	mesp2	22	400.25553025710826		0.0	0.0	0.0
2026-01-02	31	data/day5 after fix and stain for PAX8-647/31.czi	mesp2	23	418.04466493520204		0.0	0.0	0.0
2026-01-02	31	data/day5 after fix and stain for PAX8-647/31.czi	pax8	0	8.894567339046851				
2026-01-02	31	data/day5 after fix and stain for PAX8-647/31.czi	pax8	1	26.683702017140554	0.6200108951614359	0.0796665045775963	0.0824489932284578	0.06430889792654039
2026-01-02	31	data/day5 after fix and stain for PAX8-647/31.czi	pax8	2	44.47283669523426	0.6018346547677923	0.08137481097217551	0.08497205117283745	0.07094136105782443
2026-01-02	31	data/day5 after fix and stain for PAX8-647/31.czi	pax8	3	62.26197137332796	0.6079145883637354	0.08567685338488655	0.0884649066584228	0.07937880134694947
2026-01-02	31	data/day5 after fix and stain for PAX8-647/31.czi	pax8	4	80.05110605142167	0.6098250938913775	0.08962345762403193	0.09130195270346783	0.08829588900414158
2026-01-02	31	data/day5 after fix and stain for PAX8-647/31.czi	pax8	5	97.84024072951536	0.6176256211987746	0.09151430233688158	0.09163556998557651	0.09362851953904451
2026-01-02	31	data/day5 after fix and stain for PAX8-647/31.czi	pax8	6	115.62937540760907	0.613547600171518	0.08959222523409706	0.08923592320722089	0.09354435500732608
2026-01-02	31	data/day5 after fix and stain for PAX8-647/31.czi	pax8	7	133.41851008570276	0.6333363140291102	0.08967301623299159	0.08725171760788324	0.09644378446865608
2026-01-02	31	data/day5 after fix and stain for PAX8-647/31.czi	pax8	8	151.20764476379648	0.7833254025652839	0.0924974740339264	0.08530216848445289	0.10510336818508077
2026-01-02	31	data/day5 after fix and stain for PAX8-647/31.czi	pax8	9	168.99677944189017	0.849770194802046	0.09093735478945075	0.08211443689023978	0.1060452709527442
2026-01-02	31	data/day5 after fix and stain for PAX8-647/31.czi	pax8	10	186.7859141199839	0.7527365745223659	0.07460230804819028	0.06959605902926902	0.08881358961353361
2026-01-02	31	data/day5 after fix and stain for PAX8-647/31.czi	pax8	11	204.57504879807757	0.7149089774775753	0.04995571318900747	0.04699804712801163	0.053840787143635105
2026-01-02	31	data/day5 after fix and stain for PAX8-647/31.czi	pax8	12	222.3641834761713	0.5950098882250715	0.022879946911764537	0.024810511953054473	0.01803197285091349
2026-01-02	31	data/day5 after fix and stain for PAX8-647/31.czi	pax8	13	240.15331815426498	0.1979968735040556	0.005074387796130635	0.01164048707456804	0.0026295903138853337
2026-01-02	31	data/day5 after fix and stain for PAX8-647/31.czi	pax8	14	257.9424528323587	0.017764401949556474	0.0002899232303820178	0.004208770617580623	6.804829963335081e-05
2026-01-02	31	data/day5 after fix and stain for PAX8-647/31.czi	pax8	15	275.7315875104524		0.0	0.0007304026993217218	0.0
2026-01-02	31	data/day5 after fix and stain for PAX8-647/31.czi	pax8	16	293.5207221885461		0.0	0.0	0.0
2026-01-02	31	data/day5 after fix and stain for PAX8-647/31.czi	pax8	17	311.30985686663985		0.0	0.0	0.0
2026-01-02	31	data/day5 after fix and stain for PAX8-647/31.czi	pax8	18	329.0989915447335		0.0	0.0	0.0
2026-01-02	31	data/day5 after fix and stain for PAX8-647/31.czi	pax8	19	346.88812622282717		0.0	0.0	0.0
2026-01-02	31	data/day5 after fix and stain for PAX8-647/31.czi	pax8	20	364.67726090092094		0.0	0.0	0.0
2026-01-02	31	data/day5 after fix and stain for PAX8-647/31.czi	pax8	21	382.4663955790146		0.0	0.0	0.0
2026-01-02	31	data/day5 after fix and stain for PAX8-647/31.czi	pax8	22	400.25553025710826		0.0	0.0	0.0
2026-01-02	31	data/day5 after fix and stain for PAX8-647/31.czi	pax8	23	418.04466493520204		0.0	0.0	0.0
2026-01-02	33	data/day5 after fix and stain for PAX8-647/33-no PAX8 stain.czi	foxf1	0	8.894567339046851				
2026-01-02	33	data/day5 after fix and stain for PAX8-647/33-no PAX8 stain.czi	foxf1	1	26.683702017140554	0.3312244985363156	0.03433545648593523	0.0475289887235169	0.014197719986185315
2026-01-02	33	data/day5 after fix and stain for PAX8-647/33-no PAX8 stain.czi	foxf1	2	44.47283669523426	0.33365720696822193	0.0375700278526032	0.049571249929760544	0.019524774434852076
2026-01-02	33	data/day5 after fix and stain for PAX8-647/33-no PAX8 stain.czi	foxf1	3	62.26197137332796	0.34333545119363035	0.04133335054019534	0.05204834540336889	0.025168259183398406
2026-01-02	33	data/day5 after fix and stain for PAX8-647/33-no PAX8 stain.czi	foxf1	4	80.05110605142167	0.37858623984243667	0.04915011222625536	0.05691803861762355	0.03387766093694325
2026-01-02	33	data/day5 after fix and stain for PAX8-647/33-no PAX8 stain.czi	foxf1	5	97.84024072951536	0.41478755659388894	0.060396825043889435	0.06452359634083281	0.048681620503358114
2026-01-02	33	data/day5 after fix and stain for PAX8-647/33-no PAX8 stain.czi	foxf1	6	115.62937540760907	0.44204963313445633	0.07465523707774616	0.07497433955551759	0.07103976995685277
2026-01-02	33	data/day5 after fix and stain for PAX8-647/33-no PAX8 stain.czi	foxf1	7	133.41851008570276	0.44270539007625054	0.08725413315736613	0.08464784172466586	0.09380656392772822
2026-01-02	33	data/day5 after fix and stain for PAX8-647/33-no PAX8 stain.czi	foxf1	8	151.20764476379648	0.49075375583110187	0.0999909611259189	0.09292815946621875	0.11542325760051732
2026-01-02	33	data/day5 after fix and stain for PAX8-647/33-no PAX8 stain.czi	foxf1	9	168.99677944189017	0.5629275299295831	0.1063019156340795	0.09648236016645527	0.1267424736769205
2026-01-02	33	data/day5 after fix and stain for PAX8-647/33-no PAX8 stain.czi	foxf1	10	186.7859141199839	0.609930119167915	0.1076315084317701	0.09662512375972467	0.1300533143947356
2026-01-02	33	data/day5 after fix and stain for PAX8-647/33-no PAX8 stain.czi	foxf1	11	204.57504879807757	0.6191115354830652	0.09951611575086257	0.08892724719123313	0.12031526903055027
2026-01-02	33	data/day5 after fix and stain for PAX8-647/33-no PAX8 stain.czi	foxf1	12	222.3641834761713	0.658510369483218	0.08488352282382786	0.07505262095143328	0.10039107069303847
2026-01-02	33	data/day5 after fix and stain for PAX8-647/33-no PAX8 stain.czi	foxf1	13	240.15331815426498	0.7202375693931566	0.06348056156354275	0.05582012991534874	0.07157099510070052
2026-01-02	33	data/day5 after fix and stain for PAX8-647/33-no PAX8 stain.czi	foxf1	14	257.9424528323587	0.7385150544657451	0.032852814661042215	0.02955461519683496	0.03187799525093594
2026-01-02	33	data/day5 after fix and stain for PAX8-647/33-no PAX8 stain.czi	foxf1	15	275.7315875104524	0.5609231189327802	0.008646802335928808	0.008474794800336602	0.006501885285961328
2026-01-02	33	data/day5 after fix and stain for PAX8-647/33-no PAX8 stain.czi	foxf1	16	293.5207221885461	0.16373516748923728	0.0007007689967990622	0.0009044650962199818	0.0002547361680995221
2026-01-02	33	data/day5 after fix and stain for PAX8-647/33-no PAX8 stain.czi	foxf1	17	311.30985686663985		0.0	2.827463614989565e-06	1.4500501176620999e-08
2026-01-02	33	data/day5 after fix and stain for PAX8-647/33-no PAX8 stain.czi	foxf1	18	329.0989915447335		0.0	0.0	0.0
2026-01-02	33	data/day5 after fix and stain for PAX8-647/33-no PAX8 stain.czi	foxf1	19	346.88812622282717		0.0	0.0	0.0
2026-01-02	33	data/day5 after fix and stain for PAX8-647/33-no PAX8 stain.czi	foxf1	20	364.67726090092094		0.0	0.0	0.0
2026-01-02	33	data/day5 after fix and stain for PAX8-647/33-no PAX8 stain.czi	foxf1	21	382.4663955790146		0.0	0.0	0.0
2026-01-02	33	data/day5 after fix and stain for PAX8-647/33-no PAX8 stain.czi	foxf1	22	400.25553025710826		0.0	0.0	0.0
2026-01-02	33	data/day5 after fix and stain for PAX8-647/33-no PAX8 stain.czi	foxf1	23	418.04466493520204		0.0	0.0	0.0
2026-01-02	33	data/day5 after fix and stain for PAX8-647/33-no PAX8 stain.czi	mesp2	0	8.894567339046851				
2026-01-02	33	data/day5 after fix and stain for PAX8-647/33-no PAX8 stain.czi	mesp2	1	26.683702017140554	0.5974035599779932	0.14783721241018194	0.14241594044125105	0.15667760389519098
2026-01-02	33	data/day5 after fix and stain for PAX8-647/33-no PAX8 stain.czi	mesp2	2	44.47283669523426	0.5816183823236127	0.14472802652998581	0.13965520780009577	0.15507225523692778
2026-01-02	33	data/day5 after fix and stain for PAX8-647/33-no PAX8 stain.czi	mesp2	3	62.26197137332796	0.5771178217628632	0.1404486161338999	0.13503921761021687	0.1500015111211979
2026-01-02	33	data/day5 after fix and stain for PAX8-647/33-no PAX8 stain.czi	mesp2	4	80.05110605142167	0.5723174998273313	0.1311339806356603	0.12606434509445005	0.1367806754280112
2026-01-02	33	data/day5 after fix and stain for PAX8-647/33-no PAX8 stain.czi	mesp2	5	97.84024072951536	0.5481838344726816	0.1084178219604647	0.10573382153090569	0.10560753414005852
2026-01-02	33	data/day5 after fix and stain for PAX8-647/33-no PAX8 stain.czi	mesp2	6	115.62937540760907	0.4673919107799691	0.07833761667848957	0.08047161711342461	0.07086044602461022
2026-01-02	33	data/day5 after fix and stain for PAX8-647/33-no PAX8 stain.czi	mesp2	7	133.41851008570276	0.3569363753012054	0.050883959292492426	0.05632242972944859	0.042241774575984256
2026-01-02	33	data/day5 after fix and stain for PAX8-647/33-no PAX8 stain.czi	mesp2	8	151.20764476379648	0.2652337044024916	0.031282431324937895	0.03743798934635677	0.02427895778984506
2026-01-02	33	data/day5 after fix and stain for PAX8-647/33-no PAX8 stain.czi	mesp2	9	168.99677944189017	0.21723601380443652	0.019001919230466995	0.023977811052932542	0.01232464691531086
2026-01-02	33	data/day5 after fix and stain for PAX8-647/33-no PAX8 stain.czi	mesp2	10	186.7859141199839	0.16941218931166946	0.011137032060608223	0.0149971192907986	0.0052402811370918815
2026-01-02	33	data/day5 after fix and stain for PAX8-647/33-no PAX8 stain.czi	mesp2	11	204.57504879807757	0.10130012015368986	0.005176850184258249	0.00877740754447565	0.0015963713616268943
2026-01-02	33	data/day5 after fix and stain for PAX8-647/33-no PAX8 stain.czi	mesp2	12	222.3641834761713	0.028905209763844787	0.0012623090419244401	0.004178432905588779	0.0002899016188850571
2026-01-02	33	data/day5 after fix and stain for PAX8-647/33-no PAX8 stain.czi	mesp2	13	240.15331815426498	0.0027369779639770117	0.00010398982278734994	0.0013081577827381934	2.380824594960007e-05
2026-01-02	33	data/day5 after fix and stain for PAX8-647/33-no PAX8 stain.czi	mesp2	14	257.9424528323587	0.0	0.0	1.1237247968813764e-06	1.5582003407089194e-07
2026-01-02	33	data/day5 after fix and stain for PAX8-647/33-no PAX8 stain.czi	mesp2	15	275.7315875104524	0.0	0.0	-0.00021157933904507176	0.0
2026-01-02	33	data/day5 after fix and stain for PAX8-647/33-no PAX8 stain.czi	mesp2	16	293.5207221885461	0.0	0.0	-6.376670034163055e-05	0.0
2026-01-02	33	data/day5 after fix and stain for PAX8-647/33-no PAX8 stain.czi	mesp2	17	311.30985686663985		0.0	-3.279901774647456e-07	0.0
2026-01-02	33	data/day5 after fix and stain for PAX8-647/33-no PAX8 stain.czi	mesp2	18	329.0989915447335		0.0	0.0	0.0
2026-01-02	33	data/day5 after fix and stain for PAX8-647/33-no PAX8 stain.czi	mesp2	19	346.88812622282717		0.0	0.0	0.0
2026-01-02	33	data/day5 after fix and stain for PAX8-647/33-no PAX8 stain.czi	mesp2	20	364.67726090092094		0.0	0.0	0.0
2026-01-02	33	data/day5 after fix and stain for PAX8-647/33-no PAX8 stain.czi	mesp2	21	382.4663955790146		0.0	0.0	0.0
2026-01-02	33	data/day5 after fix and stain for PAX8-647/33-no PAX8 stain.czi	mesp2	22	400.25553025710826		0.0	0.0	0.0
2026-01-02	33	data/day5 after fix and stain for PAX8-647/33-no PAX8 stain.czi	mesp2	23	418.04466493520204		0.0	0.0	0.0
2026-01-02	33	data/day5 after fix and stain for PAX8-647/33-no PAX8 stain.czi	pax8	0	8.894567339046851				
2026-01-02	33	data/day5 after fix and stain for PAX8-647/33-no PAX8 stain.czi	pax8	1	26.683702017140554	0.0			
2026-01-02	33	data/day5 after fix and stain for PAX8-647/33-no PAX8 stain.czi	pax8	2	44.47283669523426	0.0			
2026-01-02	33	data/day5 after fix and stain for PAX8-647/33-no PAX8 stain.czi	pax8	3	62.26197137332796	0.0			
2026-01-02	33	data/day5 after fix and stain for PAX8-647/33-no PAX8 stain.czi	pax8	4	80.05110605142167	0.0			
2026-01-02	33	data/day5 after fix and stain for PAX8-647/33-no PAX8 stain.czi	pax8	5	97.84024072951536	0.0			
2026-01-02	33	data/day5 after fix and stain for PAX8-647/33-no PAX8 stain.czi	pax8	6	115.62937540760907	0.0			
2026-01-02	33	data/day5 after fix and stain for PAX8-647/33-no PAX8 stain.czi	pax8	7	133.41851008570276	0.0			
2026-01-02	33	data/day5 after fix and stain for PAX8-647/33-no PAX8 stain.czi	pax8	8	151.20764476379648	0.0			
2026-01-02	33	data/day5 after fix and stain for PAX8-647/33-no PAX8 stain.czi	pax8	9	168.99677944189017	0.0			
2026-01-02	33	data/day5 after fix and stain for PAX8-647/33-no PAX8 stain.czi	pax8	10	186.7859141199839	0.0			
2026-01-02	33	data/day5 after fix and stain for PAX8-647/33-no PAX8 stain.czi	pax8	11	204.57504879807757	0.0			
2026-01-02	33	data/day5 after fix and stain for PAX8-647/33-no PAX8 stain.czi	pax8	12	222.3641834761713	0.0			
2026-01-02	33	data/day5 after fix and stain for PAX8-647/33-no PAX8 stain.czi	pax8	13	240.15331815426498	0.0			
2026-01-02	33	data/day5 after fix and stain for PAX8-647/33-no PAX8 stain.czi	pax8	14	257.9424528323587	0.0			
2026-01-02	33	data/day5 after fix and stain for PAX8-647/33-no PAX8 stain.czi	pax8	15	275.7315875104524	0.0			
2026-01-02	33	data/day5 after fix and stain for PAX8-647/33-no PAX8 stain.czi	pax8	16	293.5207221885461	0.0			
2026-01-02	33	data/day5 after fix and stain for PAX8-647/33-no PAX8 stain.czi	pax8	17	311.30985686663985				
2026-01-02	33	data/day5 after fix and stain for PAX8-647/33-no PAX8 stain.czi	pax8	18	329.0989915447335				
2026-01-02	33	data/day5 after fix and stain for PAX8-647/33-no PAX8 stain.czi	pax8	19	346.88812622282717				
2026-01-02	33	data/day5 after fix and stain for PAX8-647/33-no PAX8 stain.czi	pax8	20	364.67726090092094				
2026-01-02	33	data/day5 after fix and stain for PAX8-647/33-no PAX8 stain.czi	pax8	21	382.4663955790146				
2026-01-02	33	data/day5 after fix and stain for PAX8-647/33-no PAX8 stain.czi	pax8	22	400.25553025710826				
2026-01-02	33	data/day5 after fix and stain for PAX8-647/33-no PAX8 stain.czi	pax8	23	418.04466493520204				
2026-01-02	34	data/day5 after fix and stain for PAX8-647/34.czi	foxf1	0	8.894567339046851				
2026-01-02	34	data/day5 after fix and stain for PAX8-647/34.czi	foxf1	1	26.683702017140554	0.6033358297810255	0.06130820410857267	0.07057643240119495	0.03580144411841766
2026-01-02	34	data/day5 after fix and stain for PAX8-647/34.czi	foxf1	2	44.47283669523426	0.6238068827585982	0.06668466901520331	0.07340086193563887	0.04483029859058918
2026-01-02	34	data/day5 after fix and stain for PAX8-647/34.czi	foxf1	3	62.26197137332796	0.621514807055641	0.07242759353815025	0.07768348498022482	0.05904909050783004
2026-01-02	34	data/day5 after fix and stain for PAX8-647/34.czi	foxf1	4	80.05110605142167	0.6240877606305709	0.08002637890079516	0.08340007609711399	0.07640414529090372
2026-01-02	34	data/day5 after fix and stain for PAX8-647/34.czi	foxf1	5	97.84024072951536	0.6492557302928044	0.08781401927299538	0.08843868951482438	0.09303521951996475
2026-01-02	34	data/day5 after fix and stain for PAX8-647/34.czi	foxf1	6	115.62937540760907	0.7145119922814767	0.09608235351345057	0.09260709648561258	0.1054173233599276
2026-01-02	34	data/day5 after fix and stain for PAX8-647/34.czi	foxf1	7	133.41851008570276	0.7947150213825529	0.10410262395180933	0.09651795597852356	0.11716949948045072
2026-01-02	34	data/day5 after fix and stain for PAX8-647/34.czi	foxf1	8	151.20764476379648	0.8144597451184152	0.10407605787412168	0.09566636597286222	0.11933458232450314
2026-01-02	34	data/day5 after fix and stain for PAX8-647/34.czi	foxf1	9	168.99677944189017	0.7771253093897142	0.09496383007834538	0.08863880282841227	0.11201652532728579
2026-01-02	34	data/day5 after fix and stain for PAX8-647/34.czi	foxf1	10	186.7859141199839	0.7087964316127358	0.07720773679540781	0.07269396499935965	0.09364387600502683
2026-01-02	34	data/day5 after fix and stain for PAX8-647/34.czi	foxf1	11	204.57504879807757	0.751117014022466	0.06044922515111292	0.05630032781794621	0.07377259791159385
2026-01-02	34	data/day5 after fix and stain for PAX8-647/34.czi	foxf1	12	222.3641834761713	0.769653413588085	0.03967807562329448	0.03696326999602481	0.0446054226183851
2026-01-02	34	data/day5 after fix and stain for PAX8-647/34.czi	foxf1	13	240.15331815426498	0.5816484116224413	0.014953315346865715	0.01582513893242388	0.012688182372078957
2026-01-02	34	data/day5 after fix and stain for PAX8-647/34.czi	foxf1	14	257.9424528323587	0.15409323259823693	0.002297156803364028	0.003169705783327122	0.0010744907783350253
2026-01-02	34	data/day5 after fix and stain for PAX8-647/34.czi	foxf1	15	275.7315875104524		3.113128876940547e-07	0.00011360272411298808	1.1333879955373071e-07
2026-01-02	34	data/day5 after fix and stain for PAX8-647/34.czi	foxf1	16	293.5207221885461		0.0	0.0	0.0
2026-01-02	34	data/day5 after fix and stain for PAX8-647/34.czi	foxf1	17	311.30985686663985		0.0	0.0	0.0
2026-01-02	34	data/day5 after fix and stain for PAX8-647/34.czi	foxf1	18	329.0989915447335		0.0	0.0	0.0
2026-01-02	34	data/day5 after fix and stain for PAX8-647/34.czi	foxf1	19	346.88812622282717		0.0	0.0	0.0
2026-01-02	34	data/day5 after fix and stain for PAX8-647/34.czi	foxf1	20	364.67726090092094		0.0	0.0	0.0
2026-01-02	34	data/day5 after fix and stain for PAX8-647/34.czi	foxf1	21	382.4663955790146		0.0	0.0	0.0
2026-01-02	34	data/day5 after fix and stain for PAX8-647/34.czi	foxf1	22	400.25553025710826		0.0	0.0	0.0
2026-01-02	34	data/day5 after fix and stain for PAX8-647/34.czi	foxf1	23	418.04466493520204		0.0	0.0	0.0
2026-01-02	34	data/day5 after fix and stain for PAX8-647/34.czi	mesp2	0	8.894567339046851				
2026-01-02	34	data/day5 after fix and stain for PAX8-647/34.czi	mesp2	1	26.683702017140554	0.6623559882363043	0.15054705373453528	0.14594999784403168	0.16688415144748503
2026-01-02	34	data/day5 after fix and stain for PAX8-647/34.czi	mesp2	2	44.47283669523426	0.6587408685077092	0.14192684596419866	0.137656361246813	0.15509013329332283
2026-01-02	34	data/day5 after fix and stain for PAX8-647/34.czi	mesp2	3	62.26197137332796	0.6422364602752975	0.12937604877455577	0.1259376700323558	0.13883549886442056
2026-01-02	34	data/day5 after fix and stain for PAX8-647/34.czi	mesp2	4	80.05110605142167	0.6378798258851451	0.11587571590141364	0.11251609203067217	0.11992076305140954
2026-01-02	34	data/day5 after fix and stain for PAX8-647/34.czi	mesp2	5	97.84024072951536	0.6268818269979483	0.0986508033217279	0.09623505455662609	0.09714483084336151
2026-01-02	34	data/day5 after fix and stain for PAX8-647/34.czi	mesp2	6	115.62937540760907	0.6200185828549141	0.07962153805826232	0.07868556035676451	0.07163318560181127
2026-01-02	34	data/day5 after fix and stain for PAX8-647/34.czi	mesp2	7	133.41851008570276	0.610059750388376	0.05965237320293913	0.05999005727659827	0.04602785962282557
2026-01-02	34	data/day5 after fix and stain for PAX8-647/34.czi	mesp2	8	151.20764476379648	0.5160917926504125	0.0389213501000721	0.04215845074225938	0.024127114982860257
2026-01-02	34	data/day5 after fix and stain for PAX8-647/34.czi	mesp2	9	168.99677944189017	0.3437111602193805	0.022489614711237116	0.028761932067830696	0.01255353179298186
2026-01-02	34	data/day5 after fix and stain for PAX8-647/34.czi	mesp2	10	186.7859141199839	0.27159662494651066	0.014345828422256419	0.019711270538579122	0.007214441849405781
2026-01-02	34	data/day5 after fix and stain for PAX8-647/34.czi	mesp2	11	204.57504879807757	0.2085736654105977	0.008506602786643317	0.012996065499950336	0.004508949508345302
2026-01-02	34	data/day5 after fix and stain for PAX8-647/34.czi	mesp2	12	222.3641834761713	0.14859129537730456	0.005093346785452878	0.007553790278417144	0.003458156616570774
2026-01-02	34	data/day5 after fix and stain for PAX8-647/34.czi	mesp2	13	240.15331815426498	0.08444161018852712	0.001841160880472318	0.002921500807217812	0.001241164390880259
2026-01-02	34	data/day5 after fix and stain for PAX8-647/34.czi	mesp2	14	257.9424528323587	0.019722212068041062	0.0002556785591669471	0.0005420818121859119	0.00013372168914679958
2026-01-02	34	data/day5 after fix and stain for PAX8-647/34.czi	mesp2	15	275.7315875104524		0.0	2.0668387364949347e-05	0.0
2026-01-02	34	data/day5 after fix and stain for PAX8-647/34.czi	mesp2	16	293.5207221885461		0.0	0.0	0.0
2026-01-02	34	data/day5 after fix and stain for PAX8-647/34.czi	mesp2	17	311.30985686663985		0.0	0.0	0.0
2026-01-02	34	data/day5 after fix and stain for PAX8-647/34.czi	mesp2	18	329.0989915447335		0.0	0.0	0.0
2026-01-02	34	data/day5 after fix and stain for PAX8-647/34.czi	mesp2	19	346.88812622282717		0.0	0.0	0.0
2026-01-02	34	data/day5 after fix and stain for PAX8-647/34.czi	mesp2	20	364.67726090092094		0.0	0.0	0.0
2026-01-02	34	data/day5 after fix and stain for PAX8-647/34.czi	mesp2	21	382.4663955790146		0.0	0.0	0.0
2026-01-02	34	data/day5 after fix and stain for PAX8-647/34.czi	mesp2	22	400.25553025710826		0.0	0.0	0.0
2026-01-02	34	data/day5 after fix and stain for PAX8-647/34.czi	mesp2	23	418.04466493520204		0.0	0.0	0.0
2026-01-02	34	data/day5 after fix and stain for PAX8-647/34.czi	pax8	0	8.894567339046851				
2026-01-02	34	data/day5 after fix and stain for PAX8-647/34.czi	pax8	1	26.683702017140554	0.4861790699511981	0.06601081793228238	0.07463725218095375	0.045671421753411025
2026-01-02	34	data/day5 after fix and stain for PAX8-647/34.czi	pax8	2	44.47283669523426	0.5014513311665336	0.07063669803307025	0.07702395656070044	0.05374952217014596
2026-01-02	34	data/day5 after fix and stain for PAX8-647/34.czi	pax8	3	62.26197137332796	0.5087425368531953	0.07391961830840472	0.07877703164026113	0.06120738244631725
2026-01-02	34	data/day5 after fix and stain for PAX8-647/34.czi	pax8	4	80.05110605142167	0.5254237670153437	0.07950386040198186	0.08230500221626275	0.07138537738824735
2026-01-02	34	data/day5 after fix and stain for PAX8-647/34.czi	pax8	5	97.84024072951536	0.5459527072963939	0.08574016712451211	0.08608253547866704	0.08459466111624041
2026-01-02	34	data/day5 after fix and stain for PAX8-647/34.czi	pax8	6	115.62937540760907	0.5710877236513359	0.0913108223819605	0.08938538131512713	0.09614255540890959
2026-01-02	34	data/day5 after fix and stain for PAX8-647/34.czi	pax8	7	133.41851008570276	0.5921915310984504	0.09579660628344988	0.09104122467268046	0.10840704376447763
2026-01-02	34	data/day5 after fix and stain for PAX8-647/34.czi	pax8	8	151.20764476379648	0.6080048797074777	0.10105688142022784	0.09377824162048273	0.12231077876347739
2026-01-02	34	data/day5 after fix and stain for PAX8-647/34.czi	pax8	9	168.99677944189017	0.6208751072661283	0.09926067998244298	0.09067599391781614	0.1239658770468722
2026-01-02	34	data/day5 after fix and stain for PAX8-647/34.czi	pax8	10	186.7859141199839	0.6464632813444694	0.08634810567380104	0.07824842435768231	0.10561941666580085
2026-01-02	34	data/day5 after fix and stain for PAX8-647/34.czi	pax8	11	204.57504879807757	0.711932999314697	0.06173590645259633	0.05573189976157511	0.0670662489723031
2026-01-02	34	data/day5 after fix and stain for PAX8-647/34.czi	pax8	12	222.3641834761713	0.6193036602749493	0.03327478955926701	0.03268953317504003	0.030188704503084075
2026-01-02	34	data/day5 after fix and stain for PAX8-647/34.czi	pax8	13	240.15331815426498	0.39605701338788135	0.011650891919462909	0.014481378296272038	0.008073144770075922
2026-01-02	34	data/day5 after fix and stain for PAX8-647/34.czi	pax8	14	257.9424528323587	0.09788224399278611	0.0018701992105719552	0.003316903414588732	0.0009204396647052751
2026-01-02	34	data/day5 after fix and stain for PAX8-647/34.czi	pax8	15	275.7315875104524		0.0	0.00017976238199486898	0.0
2026-01-02	34	data/day5 after fix and stain for PAX8-647/34.czi	pax8	16	293.5207221885461		0.0	0.0	0.0
2026-01-02	34	data/day5 after fix and stain for PAX8-647/34.czi	pax8	17	311.30985686663985		0.0	0.0	0.0
2026-01-02	34	data/day5 after fix and stain for PAX8-647/34.czi	pax8	18	329.0989915447335		0.0	0.0	0.0
2026-01-02	34	data/day5 after fix and stain for PAX8-647/34.czi	pax8	19	346.88812622282717		0.0	0.0	0.0
2026-01-02	34	data/day5 after fix and stain for PAX8-647/34.czi	pax8	20	364.67726090092094		0.0	0.0	0.0
2026-01-02	34	data/day5 after fix and stain for PAX8-647/34.czi	pax8	21	382.4663955790146		0.0	0.0	0.0
2026-01-02	34	data/day5 after fix and stain for PAX8-647/34.czi	pax8	22	400.25553025710826		0.0	0.0	0.0
2026-01-02	34	data/day5 after fix and stain for PAX8-647/34.czi	pax8	23	418.04466493520204		0.0	0.0	0.0
2026-01-02	35	data/day5 after fix and stain for PAX8-647/35.czi	foxf1	0	8.894567339046851				
2026-01-02	35	data/day5 after fix and stain for PAX8-647/35.czi	foxf1	1	26.683702017140554	0.07902855097396962	0.03586526759603971	0.081481582152396	0.01891046220358897
2026-01-02	35	data/day5 after fix and stain for PAX8-647/35.czi	foxf1	2	44.47283669523426	0.106749603193605	0.053848644241467555	0.08502131163739697	0.03624233600024827
2026-01-02	35	data/day5 after fix and stain for PAX8-647/35.czi	foxf1	3	62.26197137332796	0.13160866516153816	0.0707904787347829	0.0896364578525137	0.055524010875428916
2026-01-02	35	data/day5 after fix and stain for PAX8-647/35.czi	foxf1	4	80.05110605142167	0.14677220057140303	0.0862590746690103	0.09548580739908799	0.0790480913999562
2026-01-02	35	data/day5 after fix and stain for PAX8-647/35.czi	foxf1	5	97.84024072951536	0.16214705817357095	0.10080114161486542	0.09903641701420997	0.10188674901058453
2026-01-02	35	data/day5 after fix and stain for PAX8-647/35.czi	foxf1	6	115.62937540760907	0.1831579332425973	0.11512205697592437	0.10137266424674958	0.12736551050354514
2026-01-02	35	data/day5 after fix and stain for PAX8-647/35.czi	foxf1	7	133.41851008570276	0.2280834428546143	0.1189583299634575	0.09356636847114887	0.13281722603606264
2026-01-02	35	data/day5 after fix and stain for PAX8-647/35.czi	foxf1	8	151.20764476379648	0.2986394474352938	0.12081769619647817	0.08819653637198926	0.1364286998866246
2026-01-02	35	data/day5 after fix and stain for PAX8-647/35.czi	foxf1	9	168.99677944189017	0.38902131189390476	0.12051095904542657	0.08433638991036664	0.1386906548997355
2026-01-02	35	data/day5 after fix and stain for PAX8-647/35.czi	foxf1	10	186.7859141199839	0.46622667732069784	0.09828777429752086	0.06832459877334335	0.11309577470870222
2026-01-02	35	data/day5 after fix and stain for PAX8-647/35.czi	foxf1	11	204.57504879807757	0.601553659226347	0.0574271011108028	0.04173373765724607	0.059915824369929954
2026-01-02	35	data/day5 after fix and stain for PAX8-647/35.czi	foxf1	12	222.3641834761713	0.42531152485544765	0.016957375050629785	0.01451399103469772	0.014127617637304107
2026-01-02	35	data/day5 after fix and stain for PAX8-647/35.czi	foxf1	13	240.15331815426498	0.09845166163141988	0.0018436129473870556	0.0021853243821306273	0.00087124558607699
2026-01-02	35	data/day5 after fix and stain for PAX8-647/35.czi	foxf1	14	257.9424528323587		0.0	4.310479262640612e-05	0.0
2026-01-02	35	data/day5 after fix and stain for PAX8-647/35.czi	foxf1	15	275.7315875104524		0.0	0.0	0.0
2026-01-02	35	data/day5 after fix and stain for PAX8-647/35.czi	foxf1	16	293.5207221885461		0.0	0.0	0.0
2026-01-02	35	data/day5 after fix and stain for PAX8-647/35.czi	foxf1	17	311.30985686663985		0.0	0.0	0.0
2026-01-02	35	data/day5 after fix and stain for PAX8-647/35.czi	foxf1	18	329.0989915447335		0.0	0.0	0.0
2026-01-02	35	data/day5 after fix and stain for PAX8-647/35.czi	foxf1	19	346.88812622282717		0.0	0.0	0.0
2026-01-02	35	data/day5 after fix and stain for PAX8-647/35.czi	foxf1	20	364.67726090092094		0.0	0.0	0.0
2026-01-02	35	data/day5 after fix and stain for PAX8-647/35.czi	foxf1	21	382.4663955790146		0.0	0.0	0.0
2026-01-02	35	data/day5 after fix and stain for PAX8-647/35.czi	foxf1	22	400.25553025710826		0.0	0.0	0.0
2026-01-02	35	data/day5 after fix and stain for PAX8-647/35.czi	foxf1	23	418.04466493520204		0.0	0.0	0.0
2026-01-02	35	data/day5 after fix and stain for PAX8-647/35.czi	mesp2	0	8.894567339046851				
2026-01-02	35	data/day5 after fix and stain for PAX8-647/35.czi	mesp2	1	26.683702017140554	0.48146774552254823	0.19634368887202513	0.19052497530436202	0.21224246883833062
2026-01-02	35	data/day5 after fix and stain for PAX8-647/35.czi	mesp2	2	44.47283669523426	0.4364310026206733	0.16576648096097168	0.1647364446321617	0.17348865023958077
2026-01-02	35	data/day5 after fix and stain for PAX8-647/35.czi	mesp2	3	62.26197137332796	0.39377004921975733	0.135303701278162	0.13744351645641253	0.13526216581689451
2026-01-02	35	data/day5 after fix and stain for PAX8-647/35.czi	mesp2	4	80.05110605142167	0.3483857472217961	0.10661735017910282	0.11206403812883226	0.09962055305885734
2026-01-02	35	data/day5 after fix and stain for PAX8-647/35.czi	mesp2	5	97.84024072951536	0.29291747779709876	0.07855752808613164	0.08533874341002326	0.06697564514132281
2026-01-02	35	data/day5 after fix and stain for PAX8-647/35.czi	mesp2	6	115.62937540760907	0.24847778250266458	0.05526681166396949	0.06058497621646824	0.04230746447568077
2026-01-02	35	data/day5 after fix and stain for PAX8-647/35.czi	mesp2	7	133.41851008570276	0.21338885154406184	0.0381925632460512	0.04023289169496562	0.02833574040856761
2026-01-02	35	data/day5 after fix and stain for PAX8-647/35.czi	mesp2	8	151.20764476379648	0.14577322272309093	0.022351212666473018	0.02221801150712143	0.01861911316599697
2026-01-02	35	data/day5 after fix and stain for PAX8-647/35.czi	mesp2	9	168.99677944189017	0.08423344181625914	0.009130948534414707	0.007726544114776589	0.007044458981272036
2026-01-02	35	data/day5 after fix and stain for PAX8-647/35.czi	mesp2	10	186.7859141199839	0.0159450464710212	0.0014420330783474463	-0.0007406015959392576	0.0010066239606439102
2026-01-02	35	data/day5 after fix and stain for PAX8-647/35.czi	mesp2	11	204.57504879807757	3.6212032471152176e-05	1.2919779019584227e-06	-0.0015931312699190225	1.7551899753893036e-07
2026-01-02	35	data/day5 after fix and stain for PAX8-647/35.czi	mesp2	12	222.3641834761713	0.0	0.0	-0.0007066153093663811	0.0
2026-01-02	35	data/day5 after fix and stain for PAX8-647/35.czi	mesp2	13	240.15331815426498	0.0	0.0	-0.00014331275280555508	0.0
2026-01-02	35	data/day5 after fix and stain for PAX8-647/35.czi	mesp2	14	257.9424528323587		0.0	-3.924803099909884e-06	0.0
2026-01-02	35	data/day5 after fix and stain for PAX8-647/35.czi	mesp2	15	275.7315875104524		0.0	0.0	0.0
2026-01-02	35	data/day5 after fix and stain for PAX8-647/35.czi	mesp2	16	293.5207221885461		0.0	0.0	0.0
2026-01-02	35	data/day5 after fix and stain for PAX8-647/35.czi	mesp2	17	311.30985686663985		0.0	0.0	0.0
2026-01-02	35	data/day5 after fix and stain for PAX8-647/35.czi	mesp2	18	329.0989915447335		0.0	0.0	0.0
2026-01-02	35	data/day5 after fix and stain for PAX8-647/35.czi	mesp2	19	346.88812622282717		0.0	0.0	0.0
2026-01-02	35	data/day5 after fix and stain for PAX8-647/35.czi	mesp2	20	364.67726090092094		0.0	0.0	0.0
2026-01-02	35	data/day5 after fix and stain for PAX8-647/35.czi	mesp2	21	382.4663955790146		0.0	0.0	0.0
2026-01-02	35	data/day5 after fix and stain for PAX8-647/35.czi	mesp2	22	400.25553025710826		0.0	0.0	0.0
2026-01-02	35	data/day5 after fix and stain for PAX8-647/35.czi	mesp2	23	418.04466493520204		0.0	0.0	0.0
2026-01-02	35	data/day5 after fix and stain for PAX8-647/35.czi	pax8	0	8.894567339046851				
2026-01-02	35	data/day5 after fix and stain for PAX8-647/35.czi	pax8	1	26.683702017140554	0.10349171501901992	0.05245782616126235	0.0974627287185993	0.031237077107842823
2026-01-02	35	data/day5 after fix and stain for PAX8-647/35.czi	pax8	2	44.47283669523426	0.12059367154317674	0.0715727496433764	0.10366137482646862	0.06171061435976092
2026-01-02	35	data/day5 after fix and stain for PAX8-647/35.czi	pax8	3	62.26197137332796	0.14041207682297893	0.0905452510341097	0.10673658316556493	0.09186951931971936
2026-01-02	35	data/day5 after fix and stain for PAX8-647/35.czi	pax8	4	80.05110605142167	0.16377596850861442	0.10914775093201778	0.10954584675937946	0.11948509948690392
2026-01-02	35	data/day5 after fix and stain for PAX8-647/35.czi	pax8	5	97.84024072951536	0.20278063592474876	0.13425377454341125	0.11440008369830634	0.15240648475388227
2026-01-02	35	data/day5 after fix and stain for PAX8-647/35.czi	pax8	6	115.62937540760907	0.24962625346744952	0.15400399139264373	0.11379468525541662	0.18036251475770715
2026-01-02	35	data/day5 after fix and stain for PAX8-647/35.czi	pax8	7	133.41851008570276	0.31540404655856114	0.15387738352284544	0.10184516922548334	0.1740102317679852
2026-01-02	35	data/day5 after fix and stain for PAX8-647/35.czi	pax8	8	151.20764476379648	0.37985776458820203	0.1277224691556102	0.08170739024203522	0.1283586869558686
2026-01-02	35	data/day5 after fix and stain for PAX8-647/35.czi	pax8	9	168.99677944189017	0.3646404087245404	0.07853067746159377	0.056823335611638603	0.061230861837327254
2026-01-02	35	data/day5 after fix and stain for PAX8-647/35.czi	pax8	10	186.7859141199839	0.166161131142445	0.023552398459227034	0.029146616923390396	0.013062923348318517
2026-01-02	35	data/day5 after fix and stain for PAX8-647/35.czi	pax8	11	204.57504879807757	0.03883318226198816	0.0032194634282317267	0.011773559132571965	0.0010086651352740968
2026-01-02	35	data/day5 after fix and stain for PAX8-647/35.czi	pax8	12	222.3641834761713	0.00407395774229281	0.00018558463125338532	0.0034616537211882787	5.309683110734371e-05
2026-01-02	35	data/day5 after fix and stain for PAX8-647/35.czi	pax8	13	240.15331815426498	0.0	0.0	0.0005188736404195982	0.0
2026-01-02	35	data/day5 after fix and stain for PAX8-647/35.czi	pax8	14	257.9424528323587		0.0	9.599602730326716e-06	0.0
2026-01-02	35	data/day5 after fix and stain for PAX8-647/35.czi	pax8	15	275.7315875104524		0.0	0.0	0.0
2026-01-02	35	data/day5 after fix and stain for PAX8-647/35.czi	pax8	16	293.5207221885461		0.0	0.0	0.0
2026-01-02	35	data/day5 after fix and stain for PAX8-647/35.czi	pax8	17	311.30985686663985		0.0	0.0	0.0
2026-01-02	35	data/day5 after fix and stain for PAX8-647/35.czi	pax8	18	329.0989915447335		0.0	0.0	0.0
2026-01-02	35	data/day5 after fix and stain for PAX8-647/35.czi	pax8	19	346.88812622282717		0.0	0.0	0.0
2026-01-02	35	data/day5 after fix and stain for PAX8-647/35.czi	pax8	20	364.67726090092094		0.0	0.0	0.0
2026-01-02	35	data/day5 after fix and stain for PAX8-647/35.czi	pax8	21	382.4663955790146		0.0	0.0	0.0
2026-01-02	35	data/day5 after fix and stain for PAX8-647/35.czi	pax8	22	400.25553025710826		0.0	0.0	0.0
2026-01-02	35	data/day5 after fix and stain for PAX8-647/35.czi	pax8	23	418.04466493520204		0.0	0.0	0.0
2026-01-02	36	data/day5 after fix and stain for PAX8-647/36.czi	foxf1	0	8.894567339046851				
2026-01-02	36	data/day5 after fix and stain for PAX8-647/36.czi	foxf1	1	26.683702017140554	0.49862039411953485	0.08785029337352017	0.09353570655068108	0.08294611979974345
2026-01-02	36	data/day5 after fix and stain for PAX8-647/36.czi	foxf1	2	44.47283669523426	0.4940873186046053	0.09326637169048904	0.0971497446868835	0.09304699003943925
2026-01-02	36	data/day5 after fix and stain for PAX8-647/36.czi	foxf1	3	62.26197137332796	0.5013973075157817	0.09855354208579495	0.1003536054253932	0.1017773454959481
2026-01-02	36	data/day5 after fix and stain for PAX8-647/36.czi	foxf1	4	80.05110605142167	0.5157570029711878	0.10359701277559191	0.10353663129948561	0.10980904183789623
2026-01-02	36	data/day5 after fix and stain for PAX8-647/36.czi	foxf1	5	97.84024072951536	0.541564827286943	0.10577768479936672	0.1037543730505993	0.11264410225777775
2026-01-02	36	data/day5 after fix and stain for PAX8-647/36.czi	foxf1	6	115.62937540760907	0.5712848758039109	0.10418752557002343	0.10093164475128626	0.10984290738148558
2026-01-02	36	data/day5 after fix and stain for PAX8-647/36.czi	foxf1	7	133.41851008570276	0.6066876248773324	0.09964867238815202	0.09536444620542867	0.10289471171201031
2026-01-02	36	data/day5 after fix and stain for PAX8-647/36.czi	foxf1	8	151.20764476379648	0.6490566587285178	0.08848746865062074	0.08393346213433674	0.08740729063656351
2026-01-02	36	data/day5 after fix and stain for PAX8-647/36.czi	foxf1	9	168.99677944189017	0.6753088459111917	0.07374381084869017	0.07017813686816232	0.07061004605342028
2026-01-02	36	data/day5 after fix and stain for PAX8-647/36.czi	foxf1	10	186.7859141199839	0.6526810096216127	0.05276985477704542	0.051053260938517	0.049261908096162516
2026-01-02	36	data/day5 after fix and stain for PAX8-647/36.czi	foxf1	11	204.57504879807757	0.48493920985664996	0.024146233112422973	0.024981391095429333	0.020850756564779978
2026-01-02	36	data/day5 after fix and stain for PAX8-647/36.czi	foxf1	12	222.3641834761713	0.3770499702755119	0.0046556267222744065	0.005183112630671609	0.003592226394035697
2026-01-02	36	data/day5 after fix and stain for PAX8-647/36.czi	foxf1	13	240.15331815426498		0.00011604767643258744	0.0001682882310076312	3.072428742237186e-05
2026-01-02	36	data/day5 after fix and stain for PAX8-647/36.czi	foxf1	14	257.9424528323587		0.0	0.0	0.0
2026-01-02	36	data/day5 after fix and stain for PAX8-647/36.czi	foxf1	15	275.7315875104524		0.0	0.0	0.0
2026-01-02	36	data/day5 after fix and stain for PAX8-647/36.czi	foxf1	16	293.5207221885461		0.0	0.0	0.0
2026-01-02	36	data/day5 after fix and stain for PAX8-647/36.czi	foxf1	17	311.30985686663985		0.0	0.0	0.0
2026-01-02	36	data/day5 after fix and stain for PAX8-647/36.czi	foxf1	18	329.0989915447335		0.0	0.0	0.0
2026-01-02	36	data/day5 after fix and stain for PAX8-647/36.czi	foxf1	19	346.88812622282717		0.0	0.0	0.0
2026-01-02	36	data/day5 after fix and stain for PAX8-647/36.czi	foxf1	20	364.67726090092094		0.0	0.0	0.0
2026-01-02	36	data/day5 after fix and stain for PAX8-647/36.czi	foxf1	21	382.4663955790146		0.0	0.0	0.0
2026-01-02	36	data/day5 after fix and stain for PAX8-647/36.czi	foxf1	22	400.25553025710826		0.0	0.0	0.0
2026-01-02	36	data/day5 after fix and stain for PAX8-647/36.czi	foxf1	23	418.04466493520204		0.0	0.0	0.0
2026-01-02	36	data/day5 after fix and stain for PAX8-647/36.czi	mesp2	0	8.894567339046851				
2026-01-02	36	data/day5 after fix and stain for PAX8-647/36.czi	mesp2	1	26.683702017140554	0.6572995049513366	0.17720244507815602	0.1704158977343414	0.1912994524359184
2026-01-02	36	data/day5 after fix and stain for PAX8-647/36.czi	mesp2	2	44.47283669523426	0.651147997695556	0.15849466066331405	0.15281291555872706	0.16525917089802658
2026-01-02	36	data/day5 after fix and stain for PAX8-647/36.czi	mesp2	3	62.26197137332796	0.6056948266908919	0.13303825418351248	0.1305746308333627	0.1338775911889702
2026-01-02	36	data/day5 after fix and stain for PAX8-647/36.czi	mesp2	4	80.05110605142167	0.5433505884274871	0.11060629510346265	0.11098466898265234	0.10839745199915196
2026-01-02	36	data/day5 after fix and stain for PAX8-647/36.czi	mesp2	5	97.84024072951536	0.5096180109362121	0.08955151729099761	0.0905976664005567	0.08273952903017376
2026-01-02	36	data/day5 after fix and stain for PAX8-647/36.czi	mesp2	6	115.62937540760907	0.44029613748322016	0.06689384904630112	0.07017856720665888	0.05852460657718486
2026-01-02	36	data/day5 after fix and stain for PAX8-647/36.czi	mesp2	7	133.41851008570276	0.36675879574619974	0.04672959526913381	0.05130237021107275	0.0376159003985547
2026-01-02	36	data/day5 after fix and stain for PAX8-647/36.czi	mesp2	8	151.20764476379648	0.26720081429130044	0.027786359443753558	0.033602520758514345	0.020720711107125908
2026-01-02	36	data/day5 after fix and stain for PAX8-647/36.czi	mesp2	9	168.99677944189017	0.1995644049747558	0.015525041158838697	0.020170341776217883	0.010315769916492874
2026-01-02	36	data/day5 after fix and stain for PAX8-647/36.czi	mesp2	10	186.7859141199839	0.099351817847681	0.005236308009318966	0.007827013173540608	0.002725660379665985
2026-01-02	36	data/day5 after fix and stain for PAX8-647/36.czi	mesp2	11	204.57504879807757	0.02097597887962685	0.0007657437039834806	0.0009144097074990721	0.0002750312026741699
2026-01-02	36	data/day5 after fix and stain for PAX8-647/36.czi	mesp2	12	222.3641834761713	0.001057828905018749	1.8738162793126014e-05	-0.00014475694102864315	2.577026622839807e-06
2026-01-02	36	data/day5 after fix and stain for PAX8-647/36.czi	mesp2	13	240.15331815426498		0.0	-1.5631200127690454e-05	0.0
2026-01-02	36	data/day5 after fix and stain for PAX8-647/36.czi	mesp2	14	257.9424528323587		0.0	0.0	0.0
2026-01-02	36	data/day5 after fix and stain for PAX8-647/36.czi	mesp2	15	275.7315875104524		0.0	0.0	0.0
2026-01-02	36	data/day5 after fix and stain for PAX8-647/36.czi	mesp2	16	293.5207221885461		0.0	0.0	0.0
2026-01-02	36	data/day5 after fix and stain for PAX8-647/36.czi	mesp2	17	311.30985686663985		0.0	0.0	0.0
2026-01-02	36	data/day5 after fix and stain for PAX8-647/36.czi	mesp2	18	329.0989915447335		0.0	0.0	0.0
2026-01-02	36	data/day5 after fix and stain for PAX8-647/36.czi	mesp2	19	346.88812622282717		0.0	0.0	0.0
2026-01-02	36	data/day5 after fix and stain for PAX8-647/36.czi	mesp2	20	364.67726090092094		0.0	0.0	0.0
2026-01-02	36	data/day5 after fix and stain for PAX8-647/36.czi	mesp2	21	382.4663955790146		0.0	0.0	0.0
2026-01-02	36	data/day5 after fix and stain for PAX8-647/36.czi	mesp2	22	400.25553025710826		0.0	0.0	0.0
2026-01-02	36	data/day5 after fix and stain for PAX8-647/36.czi	mesp2	23	418.04466493520204		0.0	0.0	0.0
2026-01-02	36	data/day5 after fix and stain for PAX8-647/36.czi	pax8	0	8.894567339046851				
2026-01-02	36	data/day5 after fix and stain for PAX8-647/36.czi	pax8	1	26.683702017140554	0.37620554211010987	0.06763300798708967	0.08498401250731659	0.04478738659975277
2026-01-02	36	data/day5 after fix and stain for PAX8-647/36.czi	pax8	2	44.47283669523426	0.4073939858559242	0.07491162381324207	0.08848921083105696	0.05483107030918888
2026-01-02	36	data/day5 after fix and stain for PAX8-647/36.czi	pax8	3	62.26197137332796	0.4800891076521737	0.0905155093721075	0.09469037158350711	0.07373275598909737
2026-01-02	36	data/day5 after fix and stain for PAX8-647/36.czi	pax8	4	80.05110605142167	0.5435052784172095	0.10892793723183901	0.10357837369548241	0.10622091661250278
2026-01-02	36	data/day5 after fix and stain for PAX8-647/36.czi	pax8	5	97.84024072951536	0.5747370026448386	0.12234689383079317	0.11091635989172162	0.13944508044213919
2026-01-02	36	data/day5 after fix and stain for PAX8-647/36.czi	pax8	6	115.62937540760907	0.6007359603158021	0.12994313877717373	0.11417622667253281	0.16174816852186313
2026-01-02	36	data/day5 after fix and stain for PAX8-647/36.czi	pax8	7	133.41851008570276	0.6370537381134087	0.12985983704268747	0.11047656801241397	0.1637961819522144
2026-01-02	36	data/day5 after fix and stain for PAX8-647/36.czi	pax8	8	151.20764476379648	0.6658278328963729	0.11510339200067243	0.09716920806125846	0.13692104748854347
2026-01-02	36	data/day5 after fix and stain for PAX8-647/36.czi	pax8	9	168.99677944189017	0.667322693790028	0.08205841165879191	0.07161878079957162	0.07497856934135852
2026-01-02	36	data/day5 after fix and stain for PAX8-647/36.czi	pax8	10	186.7859141199839	0.3740039896176802	0.03207448612636517	0.04123745913808009	0.02005068801023923
2026-01-02	36	data/day5 after fix and stain for PAX8-647/36.czi	pax8	11	204.57504879807757	0.0739341585390316	0.004975999622709728	0.017101057977595324	0.0020801928712079337
2026-01-02	36	data/day5 after fix and stain for PAX8-647/36.czi	pax8	12	222.3641834761713	0.0013526336818272381	5.1184948105520786e-05	0.003308458068891712	1.0606242162087688e-05
2026-01-02	36	data/day5 after fix and stain for PAX8-647/36.czi	pax8	13	240.15331815426498		0.0	0.0001015291585308093	0.0
2026-01-02	36	data/day5 after fix and stain for PAX8-647/36.czi	pax8	14	257.9424528323587		0.0	0.0	0.0
2026-01-02	36	data/day5 after fix and stain for PAX8-647/36.czi	pax8	15	275.7315875104524		0.0	0.0	0.0
2026-01-02	36	data/day5 after fix and stain for PAX8-647/36.czi	pax8	16	293.5207221885461		0.0	0.0	0.0
2026-01-02	36	data/day5 after fix and stain for PAX8-647/36.czi	pax8	17	311.30985686663985		0.0	0.0	0.0
2026-01-02	36	data/day5 after fix and stain for PAX8-647/36.czi	pax8	18	329.0989915447335		0.0	0.0	0.0
2026-01-02	36	data/day5 after fix and stain for PAX8-647/36.czi	pax8	19	346.88812622282717		0.0	0.0	0.0
2026-01-02	36	data/day5 after fix and stain for PAX8-647/36.czi	pax8	20	364.67726090092094		0.0	0.0	0.0
2026-01-02	36	data/day5 after fix and stain for PAX8-647/36.czi	pax8	21	382.4663955790146		0.0	0.0	0.0
2026-01-02	36	data/day5 after fix and stain for PAX8-647/36.czi	pax8	22	400.25553025710826		0.0	0.0	0.0
2026-01-02	36	data/day5 after fix and stain for PAX8-647/36.czi	pax8	23	418.04466493520204		0.0	0.0	0.0
2026-01-02	37	data/day5 after fix and stain for PAX8-647/37-no PAX8 stain.czi	foxf1	0	8.894567339046851				
2026-01-02	37	data/day5 after fix and stain for PAX8-647/37-no PAX8 stain.czi	foxf1	1	26.683702017140554	0.1562693749604201	0.029321860796190508	0.05568238645741859	0.018270491354644626
2026-01-02	37	data/day5 after fix and stain for PAX8-647/37-no PAX8 stain.czi	foxf1	2	44.47283669523426	0.17600402853885877	0.03650935325512377	0.05769002890159191	0.025800457488685126
2026-01-02	37	data/day5 after fix and stain for PAX8-647/37-no PAX8 stain.czi	foxf1	3	62.26197137332796	0.1903688967497307	0.043533670264117884	0.06007042427037105	0.03425747375706321
2026-01-02	37	data/day5 after fix and stain for PAX8-647/37-no PAX8 stain.czi	foxf1	4	80.05110605142167	0.2152951923602416	0.05372761109396214	0.0643300640008127	0.04596569916603212
2026-01-02	37	data/day5 after fix and stain for PAX8-647/37-no PAX8 stain.czi	foxf1	5	97.84024072951536	0.24407227352026672	0.06551454800952869	0.06936582219081311	0.05973563426862219
2026-01-02	37	data/day5 after fix and stain for PAX8-647/37-no PAX8 stain.czi	foxf1	6	115.62937540760907	0.270748501185283	0.07640980791333547	0.07348775000675063	0.0733776430581924
2026-01-02	37	data/day5 after fix and stain for PAX8-647/37-no PAX8 stain.czi	foxf1	7	133.41851008570276	0.2764164295698968	0.08426600536682573	0.07698246813849018	0.08654349142958932
2026-01-02	37	data/day5 after fix and stain for PAX8-647/37-no PAX8 stain.czi	foxf1	8	151.20764476379648	0.2816855604091769	0.09120485094312586	0.0802908506591002	0.099285192068424
2026-01-02	37	data/day5 after fix and stain for PAX8-647/37-no PAX8 stain.czi	foxf1	9	168.99677944189017	0.3109722941797003	0.09408001609206874	0.07992461803404449	0.10475148184518543
2026-01-02	37	data/day5 after fix and stain for PAX8-647/37-no PAX8 stain.czi	foxf1	10	186.7859141199839	0.34374134170684584	0.09539429485388634	0.07928806396633425	0.10860641442144829
2026-01-02	37	data/day5 after fix and stain for PAX8-647/37-no PAX8 stain.czi	foxf1	11	204.57504879807757	0.35366786162979436	0.09232073901706803	0.0764895010047156	0.10657552320346761
2026-01-02	37	data/day5 after fix and stain for PAX8-647/37-no PAX8 stain.czi	foxf1	12	222.3641834761713	0.3612936828612818	0.08480214652870596	0.07013545992410786	0.09729944419948011
2026-01-02	37	data/day5 after fix and stain for PAX8-647/37-no PAX8 stain.czi	foxf1	13	240.15331815426498	0.39639301304291147	0.07057368899185282	0.05858756537554907	0.07828519791990227
2026-01-02	37	data/day5 after fix and stain for PAX8-647/37-no PAX8 stain.czi	foxf1	14	257.9424528323587	0.5038141061591621	0.04903694663837274	0.04112889185526713	0.04943377034997788
2026-01-02	37	data/day5 after fix and stain for PAX8-647/37-no PAX8 stain.czi	foxf1	15	275.7315875104524	0.6128988383432806	0.022166005794981535	0.019382292067197694	0.017598166943096776
2026-01-02	37	data/day5 after fix and stain for PAX8-647/37-no PAX8 stain.czi	foxf1	16	293.5207221885461	0.48338692812257694	0.004668691130743363	0.004459078833929633	0.002468652411396817
2026-01-02	37	data/day5 after fix and stain for PAX8-647/37-no PAX8 stain.czi	foxf1	17	311.30985686663985		0.00014332559481613978	0.00021640940056414455	2.07585045427035e-05
2026-01-02	37	data/day5 after fix and stain for PAX8-647/37-no PAX8 stain.czi	foxf1	18	329.0989915447335		0.0	0.0	0.0
2026-01-02	37	data/day5 after fix and stain for PAX8-647/37-no PAX8 stain.czi	foxf1	19	346.88812622282717		0.0	0.0	0.0
2026-01-02	37	data/day5 after fix and stain for PAX8-647/37-no PAX8 stain.czi	foxf1	20	364.67726090092094		0.0	0.0	0.0
2026-01-02	37	data/day5 after fix and stain for PAX8-647/37-no PAX8 stain.czi	foxf1	21	382.4663955790146		0.0	0.0	0.0
2026-01-02	37	data/day5 after fix and stain for PAX8-647/37-no PAX8 stain.czi	foxf1	22	400.25553025710826		0.0	0.0	0.0
2026-01-02	37	data/day5 after fix and stain for PAX8-647/37-no PAX8 stain.czi	foxf1	23	418.04466493520204		0.0	0.0	0.0
2026-01-02	37	data/day5 after fix and stain for PAX8-647/37-no PAX8 stain.czi	mesp2	0	8.894567339046851				
2026-01-02	37	data/day5 after fix and stain for PAX8-647/37-no PAX8 stain.czi	mesp2	1	26.683702017140554	0.5819517179748392	0.18885751178036866	0.18515796132243653	0.19692951914288617
2026-01-02	37	data/day5 after fix and stain for PAX8-647/37-no PAX8 stain.czi	mesp2	2	44.47283669523426	0.566239770615347	0.176001493459782	0.1742150547943773	0.17987611937972856
2026-01-02	37	data/day5 after fix and stain for PAX8-647/37-no PAX8 stain.czi	mesp2	3	62.26197137332796	0.5240194456135723	0.1568778007503321	0.1574638100898639	0.15804621340134586
2026-01-02	37	data/day5 after fix and stain for PAX8-647/37-no PAX8 stain.czi	mesp2	4	80.05110605142167	0.44801397189798764	0.12571847987746054	0.12911040849207098	0.12296382355147052
2026-01-02	37	data/day5 after fix and stain for PAX8-647/37-no PAX8 stain.czi	mesp2	5	97.84024072951536	0.34847754924229607	0.09189143720846854	0.09766314735563583	0.08790846094557586
2026-01-02	37	data/day5 after fix and stain for PAX8-647/37-no PAX8 stain.czi	mesp2	6	115.62937540760907	0.23094385943376206	0.05913860120861772	0.06758309138955446	0.05677492551492214
2026-01-02	37	data/day5 after fix and stain for PAX8-647/37-no PAX8 stain.czi	mesp2	7	133.41851008570276	0.1296034585871233	0.024417965497712017	0.032710975851143714	0.019049684941079517
2026-01-02	37	data/day5 after fix and stain for PAX8-647/37-no PAX8 stain.czi	mesp2	8	151.20764476379648	0.05128725539877295	0.00675036876419511	0.011888193120948336	0.0036187488899414068
2026-01-02	37	data/day5 after fix and stain for PAX8-647/37-no PAX8 stain.czi	mesp2	9	168.99677944189017	0.013284423030253921	0.0013036733013669912	0.00165332737669701	0.00043561811250782557
2026-01-02	37	data/day5 after fix and stain for PAX8-647/37-no PAX8 stain.czi	mesp2	10	186.7859141199839	0.001581952694431751	0.00013140614657141596	-0.003072888583904088	3.1868197421225215e-05
2026-01-02	37	data/day5 after fix and stain for PAX8-647/37-no PAX8 stain.czi	mesp2	11	204.57504879807757	0.0	0.0	-0.004537461104098636	3.658123966281243e-07
2026-01-02	37	data/day5 after fix and stain for PAX8-647/37-no PAX8 stain.czi	mesp2	12	222.3641834761713	0.0	0.0	-0.004554961474259135	0.0
2026-01-02	37	data/day5 after fix and stain for PAX8-647/37-no PAX8 stain.czi	mesp2	13	240.15331815426498	0.0	0.0	-0.003738951290928387	0.0
2026-01-02	37	data/day5 after fix and stain for PAX8-647/37-no PAX8 stain.czi	mesp2	14	257.9424528323587	0.0	0.0	-0.0026118560920491895	0.0
2026-01-02	37	data/day5 after fix and stain for PAX8-647/37-no PAX8 stain.czi	mesp2	15	275.7315875104524	0.0	0.0	-0.001627315627663929	0.0
2026-01-02	37	data/day5 after fix and stain for PAX8-647/37-no PAX8 stain.czi	mesp2	16	293.5207221885461	0.0	0.0	-0.0005216773476500393	0.0
2026-01-02	37	data/day5 after fix and stain for PAX8-647/37-no PAX8 stain.czi	mesp2	17	311.30985686663985		0.0	-3.5903041673465065e-05	0.0
2026-01-02	37	data/day5 after fix and stain for PAX8-647/37-no PAX8 stain.czi	mesp2	18	329.0989915447335		0.0	0.0	0.0
2026-01-02	37	data/day5 after fix and stain for PAX8-647/37-no PAX8 stain.czi	mesp2	19	346.88812622282717		0.0	0.0	0.0
2026-01-02	37	data/day5 after fix and stain for PAX8-647/37-no PAX8 stain.czi	mesp2	20	364.67726090092094		0.0	0.0	0.0
2026-01-02	37	data/day5 after fix and stain for PAX8-647/37-no PAX8 stain.czi	mesp2	21	382.4663955790146		0.0	0.0	0.0
2026-01-02	37	data/day5 after fix and stain for PAX8-647/37-no PAX8 stain.czi	mesp2	22	400.25553025710826		0.0	0.0	0.0
2026-01-02	37	data/day5 after fix and stain for PAX8-647/37-no PAX8 stain.czi	mesp2	23	418.04466493520204		0.0	0.0	0.0
2026-01-02	37	data/day5 after fix and stain for PAX8-647/37-no PAX8 stain.czi	pax8	0	8.894567339046851				
2026-01-02	37	data/day5 after fix and stain for PAX8-647/37-no PAX8 stain.czi	pax8	1	26.683702017140554	0.0			
2026-01-02	37	data/day5 after fix and stain for PAX8-647/37-no PAX8 stain.czi	pax8	2	44.47283669523426	0.0			
2026-01-02	37	data/day5 after fix and stain for PAX8-647/37-no PAX8 stain.czi	pax8	3	62.26197137332796	0.0			
2026-01-02	37	data/day5 after fix and stain for PAX8-647/37-no PAX8 stain.czi	pax8	4	80.05110605142167	0.0			
2026-01-02	37	data/day5 after fix and stain for PAX8-647/37-no PAX8 stain.czi	pax8	5	97.84024072951536	0.0			
2026-01-02	37	data/day5 after fix and stain for PAX8-647/37-no PAX8 stain.czi	pax8	6	115.62937540760907	0.0			
2026-01-02	37	data/day5 after fix and stain for PAX8-647/37-no PAX8 stain.czi	pax8	7	133.41851008570276	0.0			
2026-01-02	37	data/day5 after fix and stain for PAX8-647/37-no PAX8 stain.czi	pax8	8	151.20764476379648	0.0			
2026-01-02	37	data/day5 after fix and stain for PAX8-647/37-no PAX8 stain.czi	pax8	9	168.99677944189017	0.0			
2026-01-02	37	data/day5 after fix and stain for PAX8-647/37-no PAX8 stain.czi	pax8	10	186.7859141199839	0.0			
2026-01-02	37	data/day5 after fix and stain for PAX8-647/37-no PAX8 stain.czi	pax8	11	204.57504879807757	0.0			
2026-01-02	37	data/day5 after fix and stain for PAX8-647/37-no PAX8 stain.czi	pax8	12	222.3641834761713	0.0			
2026-01-02	37	data/day5 after fix and stain for PAX8-647/37-no PAX8 stain.czi	pax8	13	240.15331815426498	0.0			
2026-01-02	37	data/day5 after fix and stain for PAX8-647/37-no PAX8 stain.czi	pax8	14	257.9424528323587	0.0			
2026-01-02	37	data/day5 after fix and stain for PAX8-647/37-no PAX8 stain.czi	pax8	15	275.7315875104524	0.0			
2026-01-02	37	data/day5 after fix and stain for PAX8-647/37-no PAX8 stain.czi	pax8	16	293.5207221885461	0.0			
2026-01-02	37	data/day5 after fix and stain for PAX8-647/37-no PAX8 stain.czi	pax8	17	311.30985686663985				
2026-01-02	37	data/day5 after fix and stain for PAX8-647/37-no PAX8 stain.czi	pax8	18	329.0989915447335				
2026-01-02	37	data/day5 after fix and stain for PAX8-647/37-no PAX8 stain.czi	pax8	19	346.88812622282717				
2026-01-02	37	data/day5 after fix and stain for PAX8-647/37-no PAX8 stain.czi	pax8	20	364.67726090092094				
2026-01-02	37	data/day5 after fix and stain for PAX8-647/37-no PAX8 stain.czi	pax8	21	382.4663955790146				
2026-01-02	37	data/day5 after fix and stain for PAX8-647/37-no PAX8 stain.czi	pax8	22	400.25553025710826				
2026-01-02	37	data/day5 after fix and stain for PAX8-647/37-no PAX8 stain.czi	pax8	23	418.04466493520204				
2026-01-02	38	data/day5 after fix and stain for PAX8-647/38.czi	foxf1	0	8.894567339046851				
2026-01-02	38	data/day5 after fix and stain for PAX8-647/38.czi	foxf1	1	26.683702017140554	0.005851242045617792	0.0024396505566011938	0.07198823287976985	0.0006441662329842375
2026-01-02	38	data/day5 after fix and stain for PAX8-647/38.czi	foxf1	2	44.47283669523426	0.005171784441938966	0.0020960636963161896	0.0714791973804002	0.000583673650906899
2026-01-02	38	data/day5 after fix and stain for PAX8-647/38.czi	foxf1	3	62.26197137332796	0.014813883448428333	0.00601081289200326	0.0706082840291265	0.0008218849165295511
2026-01-02	38	data/day5 after fix and stain for PAX8-647/38.czi	foxf1	4	80.05110605142167	0.03826763080849625	0.01591439340918267	0.0697247571446799	0.002010976849153947
2026-01-02	38	data/day5 after fix and stain for PAX8-647/38.czi	foxf1	5	97.84024072951536	0.055303231217621866	0.02481365721029469	0.06755139192087992	0.00588013401010271
2026-01-02	38	data/day5 after fix and stain for PAX8-647/38.czi	foxf1	6	115.62937540760907	0.0681763751267663	0.03298099408310691	0.06566706448594233	0.01333254172252991
2026-01-02	38	data/day5 after fix and stain for PAX8-647/38.czi	foxf1	7	133.41851008570276	0.09275134409860998	0.046027114975555436	0.06452079973243711	0.02434982392574062
2026-01-02	38	data/day5 after fix and stain for PAX8-647/38.czi	foxf1	8	151.20764476379648	0.12484334362589236	0.06235017865241296	0.06400100760562238	0.039235519198331806
2026-01-02	38	data/day5 after fix and stain for PAX8-647/38.czi	foxf1	9	168.99677944189017	0.15526520376629377	0.07612972448132403	0.057744984051050566	0.05390369272835441
2026-01-02	38	data/day5 after fix and stain for PAX8-647/38.czi	foxf1	10	186.7859141199839	0.23390414444409932	0.08941601173208505	0.05030149330946797	0.0743971143458378
2026-01-02	38	data/day5 after fix and stain for PAX8-647/38.czi	foxf1	11	204.57504879807757	0.39855998347042165	0.10465216713037938	0.0488635008752513	0.10408700989988284
2026-01-02	38	data/day5 after fix and stain for PAX8-647/38.czi	foxf1	12	222.3641834761713	0.5512964782990449	0.11768538121498368	0.051968997364342455	0.13456554601413612
2026-01-02	38	data/day5 after fix and stain for PAX8-647/38.czi	foxf1	13	240.15331815426498	0.6396546221218622	0.12711846359233364	0.0551777786772198	0.16304532438004513
2026-01-02	38	data/day5 after fix and stain for PAX8-647/38.czi	foxf1	14	257.9424528323587	0.7591051877659881	0.12854530089108607	0.055346612322197376	0.17595657799068112
2026-01-02	38	data/day5 after fix and stain for PAX8-647/38.czi	foxf1	15	275.7315875104524	0.8289458203350843	0.10587255235358559	0.04644105186222859	0.1388422562226043
2026-01-02	38	data/day5 after fix and stain for PAX8-647/38.czi	foxf1	16	293.5207221885461	0.6817176394821334	0.06004828939668395	0.028360934048183923	0.07124823130352834
2026-01-02	38	data/day5 after fix and stain for PAX8-647/38.czi	foxf1	17	311.30985686663985	0.3527605161317122	0.01692106212716382	0.009647450075638542	0.017237154980052592
2026-01-02	38	data/day5 after fix and stain for PAX8-647/38.czi	foxf1	18	329.0989915447335		0.0010639363832705933	0.0011982944712785081	0.000361910650360937
2026-01-02	38	data/day5 after fix and stain for PAX8-647/38.czi	foxf1	19	346.88812622282717		0.0	0.0	0.0
2026-01-02	38	data/day5 after fix and stain for PAX8-647/38.czi	foxf1	20	364.67726090092094		0.0	0.0	0.0
2026-01-02	38	data/day5 after fix and stain for PAX8-647/38.czi	foxf1	21	382.4663955790146		0.0	0.0	0.0
2026-01-02	38	data/day5 after fix and stain for PAX8-647/38.czi	foxf1	22	400.25553025710826		0.0	0.0	0.0
2026-01-02	38	data/day5 after fix and stain for PAX8-647/38.czi	foxf1	23	418.04466493520204		0.0	0.0	0.0
2026-01-02	38	data/day5 after fix and stain for PAX8-647/38.czi	mesp2	0	8.894567339046851				
2026-01-02	38	data/day5 after fix and stain for PAX8-647/38.czi	mesp2	1	26.683702017140554	0.5842200585107459	0.11221207583114477	0.11068345855625973	0.11814915346309758
2026-01-02	38	data/day5 after fix and stain for PAX8-647/38.czi	mesp2	2	44.47283669523426	0.5920965427726051	0.11304627710589109	0.11160801799231018	0.11893985952606857
2026-01-02	38	data/day5 after fix and stain for PAX8-647/38.czi	mesp2	3	62.26197137332796	0.5972065281838624	0.11192752668508085	0.11046028620562243	0.11727982451793748
2026-01-02	38	data/day5 after fix and stain for PAX8-647/38.czi	mesp2	4	80.05110605142167	0.6044099212698061	0.10900783365365636	0.10748270586489178	0.11332266938515204
2026-01-02	38	data/day5 after fix and stain for PAX8-647/38.czi	mesp2	5	97.84024072951536	0.6164955856981187	0.10513087762893401	0.10358434707441193	0.10819313795223821
2026-01-02	38	data/day5 after fix and stain for PAX8-647/38.czi	mesp2	6	115.62937540760907	0.6246302263477239	0.09606829291177198	0.09456745930190293	0.0963383113924745
2026-01-02	38	data/day5 after fix and stain for PAX8-647/38.czi	mesp2	7	133.41851008570276	0.6306499769801823	0.08399529407320684	0.0826575733177371	0.0808440786759952
2026-01-02	38	data/day5 after fix and stain for PAX8-647/38.czi	mesp2	8	151.20764476379648	0.638138461133085	0.07404233006847964	0.07302478765502754	0.06864405250577352
2026-01-02	38	data/day5 after fix and stain for PAX8-647/38.czi	mesp2	9	168.99677944189017	0.6282525046474126	0.058620693722230326	0.058040805381293276	0.050417398131734695
2026-01-02	38	data/day5 after fix and stain for PAX8-647/38.czi	mesp2	10	186.7859141199839	0.5983469441661233	0.03180278935285384	0.03313008505988056	0.022901417441579752
2026-01-02	38	data/day5 after fix and stain for PAX8-647/38.czi	mesp2	11	204.57504879807757	0.37018743927130326	0.010659404585494126	0.01410977729017415	0.006159453607899958
2026-01-02	38	data/day5 after fix and stain for PAX8-647/38.czi	mesp2	12	222.3641834761713	0.11447905930043231	0.0020270553036569874	0.005509392227389041	0.0009099727881743173
2026-01-02	38	data/day5 after fix and stain for PAX8-647/38.czi	mesp2	13	240.15331815426498	0.013756070083746567	0.00017019925011784674	0.002584800324697981	5.30285276950812e-05
2026-01-02	38	data/day5 after fix and stain for PAX8-647/38.czi	mesp2	14	257.9424528323587	0.0	0.0	0.0014604927793113063	7.594807157348673e-08
2026-01-02	38	data/day5 after fix and stain for PAX8-647/38.czi	mesp2	15	275.7315875104524	0.0	0.0	0.0008586141319845764	2.952134357255812e-09
2026-01-02	38	data/day5 after fix and stain for PAX8-647/38.czi	mesp2	16	293.5207221885461	0.0	0.0	0.0004081402514568631	0.0
2026-01-02	38	data/day5 after fix and stain for PAX8-647/38.czi	mesp2	17	311.30985686663985	0.0	0.0	0.0001059311407423283	0.0
2026-01-02	38	data/day5 after fix and stain for PAX8-647/38.czi	mesp2	18	329.0989915447335		0.0	7.322218404793198e-06	0.0
2026-01-02	38	data/day5 after fix and stain for PAX8-647/38.czi	mesp2	19	346.88812622282717		0.0	0.0	0.0
2026-01-02	38	data/day5 after fix and stain for PAX8-647/38.czi	mesp2	20	364.67726090092094		0.0	0.0	0.0
2026-01-02	38	data/day5 after fix and stain for PAX8-647/38.czi	mesp2	21	382.4663955790146		0.0	0.0	0.0
2026-01-02	38	data/day5 after fix and stain for PAX8-647/38.czi	mesp2	22	400.25553025710826		0.0	0.0	0.0
2026-01-02	38	data/day5 after fix and stain for PAX8-647/38.czi	mesp2	23	418.04466493520204		0.0	0.0	0.0
2026-01-02	38	data/day5 after fix and stain for PAX8-647/38.czi	pax8	0	8.894567339046851				
2026-01-02	38	data/day5 after fix and stain for PAX8-647/38.czi	pax8	1	26.683702017140554	0.18281937705634227	0.045827597647444915	0.07069816556521394	0.01734843592548786
2026-01-02	38	data/day5 after fix and stain for PAX8-647/38.czi	pax8	2	44.47283669523426	0.16661466128880356	0.04798035432682074	0.07248189657308812	0.027592422528753227
2026-01-02	38	data/day5 after fix and stain for PAX8-647/38.czi	pax8	3	62.26197137332796	0.16480422073022213	0.05413900974037633	0.07530968235641944	0.04007480327699948
2026-01-02	38	data/day5 after fix and stain for PAX8-647/38.czi	pax8	4	80.05110605142167	0.17149350225512144	0.06203006662711356	0.07800378781279041	0.05310493945075936
2026-01-02	38	data/day5 after fix and stain for PAX8-647/38.czi	pax8	5	97.84024072951536	0.16308377725369086	0.066024727571926	0.07927855830365071	0.06501297985186737
2026-01-02	38	data/day5 after fix and stain for PAX8-647/38.czi	pax8	6	115.62937540760907	0.16372025086263978	0.07205142738251862	0.08022808857850787	0.07753619413832306
2026-01-02	38	data/day5 after fix and stain for PAX8-647/38.czi	pax8	7	133.41851008570276	0.17684147597519953	0.08013624171225946	0.08043475367927605	0.09020780570489094
2026-01-02	38	data/day5 after fix and stain for PAX8-647/38.czi	pax8	8	151.20764476379648	0.1864136916276601	0.08849009388833647	0.08099669543611013	0.10564136846942318
2026-01-02	38	data/day5 after fix and stain for PAX8-647/38.czi	pax8	9	168.99677944189017	0.19817744869131348	0.09601326865394509	0.08030651406985685	0.12009319248027825
2026-01-02	38	data/day5 after fix and stain for PAX8-647/38.czi	pax8	10	186.7859141199839	0.26818772093377774	0.09730706254981565	0.0710052871147261	0.12365621829369716
2026-01-02	38	data/day5 after fix and stain for PAX8-647/38.czi	pax8	11	204.57504879807757	0.4217961828762379	0.09018260952758672	0.05736353769250598	0.11177213759566164
2026-01-02	38	data/day5 after fix and stain for PAX8-647/38.czi	pax8	12	222.3641834761713	0.5389210640937425	0.07668967934036929	0.04601312106017995	0.09015676008826935
2026-01-02	38	data/day5 after fix and stain for PAX8-647/38.czi	pax8	13	240.15331815426498	0.5883036004593445	0.05616918219800941	0.03408326308166072	0.056228425582586464
2026-01-02	38	data/day5 after fix and stain for PAX8-647/38.czi	pax8	14	257.9424528323587	0.6040099165351261	0.035465957037432314	0.022931443296948458	0.026122192972866092
2026-01-02	38	data/day5 after fix and stain for PAX8-647/38.czi	pax8	15	275.7315875104524	0.28854321458179194	0.011977544623953715	0.013297171951312801	0.006001624379501046
2026-01-02	38	data/day5 after fix and stain for PAX8-647/38.czi	pax8	16	293.5207221885461	0.047181826990212464	0.0012793558034518726	0.007008593153605338	0.0001329261729665024
2026-01-02	38	data/day5 after fix and stain for PAX8-647/38.czi	pax8	17	311.30985686663985	0.00010384622688084833	1.872172746129574e-06	0.0026729955395635246	6.160034185868864e-08
2026-01-02	38	data/day5 after fix and stain for PAX8-647/38.czi	pax8	18	329.0989915447335		0.0	0.0004485549072141456	0.0
2026-01-02	38	data/day5 after fix and stain for PAX8-647/38.czi	pax8	19	346.88812622282717		0.0	0.0	0.0
2026-01-02	38	data/day5 after fix and stain for PAX8-647/38.czi	pax8	20	364.67726090092094		0.0	0.0	0.0
2026-01-02	38	data/day5 after fix and stain for PAX8-647/38.czi	pax8	21	382.4663955790146		0.0	0.0	0.0
2026-01-02	38	data/day5 after fix and stain for PAX8-647/38.czi	pax8	22	400.25553025710826		0.0	0.0	0.0
2026-01-02	38	data/day5 after fix and stain for PAX8-647/38.czi	pax8	23	418.04466493520204		0.0	0.0	0.0
2026-01-02	39	data/day5 after fix and stain for PAX8-647/39.czi	foxf1	0	8.894567339046851				
2026-01-02	39	data/day5 after fix and stain for PAX8-647/39.czi	foxf1	1	26.683702017140554	0.0	0.0	0.11551572616776952	6.993203315121e-05
2026-01-02	39	data/day5 after fix and stain for PAX8-647/39.czi	foxf1	2	44.47283669523426	0.0	0.0	0.11776519701834792	0.0063010410140142345
2026-01-02	39	data/day5 after fix and stain for PAX8-647/39.czi	foxf1	3	62.26197137332796	0.0	0.0	0.11816413466569367	0.008893876575506623
2026-01-02	39	data/day5 after fix and stain for PAX8-647/39.czi	foxf1	4	80.05110605142167	0.0022735371677000036	0.027426622817042754	0.11602122891959084	0.017979917533842562
2026-01-02	39	data/day5 after fix and stain for PAX8-647/39.czi	foxf1	5	97.84024072951536	0.01655637362701607	0.1951420592849094	0.11625122726764554	0.10262468239683735
2026-01-02	39	data/day5 after fix and stain for PAX8-647/39.czi	foxf1	6	115.62937540760907	0.027302678165810695	0.3161075615812177	0.10983682796876641	0.1904176516413793
2026-01-02	39	data/day5 after fix and stain for PAX8-647/39.czi	foxf1	7	133.41851008570276	0.02708466015589628	0.2795494760216618	0.08598353549413973	0.18591191047134167
2026-01-02	39	data/day5 after fix and stain for PAX8-647/39.czi	foxf1	8	151.20764476379648	0.011953889785513958	0.10795185070362467	0.06097731505886039	0.07965528341444698
2026-01-02	39	data/day5 after fix and stain for PAX8-647/39.czi	foxf1	9	168.99677944189017	0.0028519571459179457	0.02303469990842403	0.039428145797957434	0.02774384959594634
2026-01-02	39	data/day5 after fix and stain for PAX8-647/39.czi	foxf1	10	186.7859141199839	0.00034735149451386484	0.0026662206461345386	0.013453830884575989	0.00614792574463871
2026-01-02	39	data/day5 after fix and stain for PAX8-647/39.czi	foxf1	11	204.57504879807757	1.3036686369067487e-05	0.00010120271433091272	0.005392100674007078	0.0013536513488443466
2026-01-02	39	data/day5 after fix and stain for PAX8-647/39.czi	foxf1	12	222.3641834761713	0.009697636664481252	0.031219031926842753	0.00466905421279101	0.1608164982835425
2026-01-02	39	data/day5 after fix and stain for PAX8-647/39.czi	foxf1	13	240.15331815426498	0.02328108762939467	0.03001098667200298	0.0022424529285943744	0.181900411948207
2026-01-02	39	data/day5 after fix and stain for PAX8-647/39.czi	foxf1	14	257.9424528323587		0.00762362105714149	0.0003948428332637069	0.050793685134748426
2026-01-02	39	data/day5 after fix and stain for PAX8-647/39.czi	foxf1	15	275.7315875104524		0.0	0.0	0.0
2026-01-02	39	data/day5 after fix and stain for PAX8-647/39.czi	foxf1	16	293.5207221885461		0.0	0.0	0.0
2026-01-02	39	data/day5 after fix and stain for PAX8-647/39.czi	foxf1	17	311.30985686663985		0.0	0.0	0.0
2026-01-02	39	data/day5 after fix and stain for PAX8-647/39.czi	foxf1	18	329.0989915447335		0.0	0.0	0.0
2026-01-02	39	data/day5 after fix and stain for PAX8-647/39.czi	foxf1	19	346.88812622282717		0.0	0.0	0.0
2026-01-02	39	data/day5 after fix and stain for PAX8-647/39.czi	foxf1	20	364.67726090092094		0.0	0.0	0.0
2026-01-02	39	data/day5 after fix and stain for PAX8-647/39.czi	foxf1	21	382.4663955790146		0.0	0.0	0.0
2026-01-02	39	data/day5 after fix and stain for PAX8-647/39.czi	foxf1	22	400.25553025710826		0.0	0.0	0.0
2026-01-02	39	data/day5 after fix and stain for PAX8-647/39.czi	foxf1	23	418.04466493520204		0.0	0.0	0.0
2026-01-02	39	data/day5 after fix and stain for PAX8-647/39.czi	mesp2	0	8.894567339046851				
2026-01-02	39	data/day5 after fix and stain for PAX8-647/39.czi	mesp2	1	26.683702017140554	0.2413220511828932	0.13394614942384409	0.13516567482728403	0.1286411368320303
2026-01-02	39	data/day5 after fix and stain for PAX8-647/39.czi	mesp2	2	44.47283669523426	0.21434212224465324	0.12837137855294545	0.13232313688015088	0.13452226612774498
2026-01-02	39	data/day5 after fix and stain for PAX8-647/39.czi	mesp2	3	62.26197137332796	0.19215688015983287	0.12407267701006913	0.12708388844037477	0.13863327985322904
2026-01-02	39	data/day5 after fix and stain for PAX8-647/39.czi	mesp2	4	80.05110605142167	0.17568850577530729	0.1152558015572561	0.11986352030126608	0.13151889787472615
2026-01-02	39	data/day5 after fix and stain for PAX8-647/39.czi	mesp2	5	97.84024072951536	0.17689712022033777	0.10602902010616022	0.11162861918557966	0.11533463393037109
2026-01-02	39	data/day5 after fix and stain for PAX8-647/39.czi	mesp2	6	115.62937540760907	0.1786474974489751	0.09337788393268512	0.09887641259090026	0.09412930650445292
2026-01-02	39	data/day5 after fix and stain for PAX8-647/39.czi	mesp2	7	133.41851008570276	0.18516065167487017	0.07970381719122066	0.07914140037160562	0.07527167955946548
2026-01-02	39	data/day5 after fix and stain for PAX8-647/39.czi	mesp2	8	151.20764476379648	0.14094266620112822	0.05097963520226907	0.04709639179448287	0.04696790823674968
2026-01-02	39	data/day5 after fix and stain for PAX8-647/39.czi	mesp2	9	168.99677944189017	0.09546439520390916	0.02579782518548139	0.019485589956058456	0.01885035524154723
2026-01-02	39	data/day5 after fix and stain for PAX8-647/39.czi	mesp2	10	186.7859141199839	0.07510150683169427	0.014056633935670627	0.006116890570314015	0.00642546051203193
2026-01-02	39	data/day5 after fix and stain for PAX8-647/39.czi	mesp2	11	204.57504879807757	0.07106870664493041	0.00725199931364715	0.004596157137017284	0.00233274262082364
2026-01-02	39	data/day5 after fix and stain for PAX8-647/39.czi	mesp2	12	222.3641834761713	0.03453541206512747	0.002642649285293072	0.0025680108660634422	0.0017242260875110552
2026-01-02	39	data/day5 after fix and stain for PAX8-647/39.czi	mesp2	13	240.15331815426498	0.02856548427416292	0.0009486538475378812	0.0008005127851924248	0.0012448437058726375
2026-01-02	39	data/day5 after fix and stain for PAX8-647/39.czi	mesp2	14	257.9424528323587		0.000214415436343365	0.000127038055331185	0.00031613001342551046
2026-01-02	39	data/day5 after fix and stain for PAX8-647/39.czi	mesp2	15	275.7315875104524		0.0	0.0	0.0
2026-01-02	39	data/day5 after fix and stain for PAX8-647/39.czi	mesp2	16	293.5207221885461		0.0	0.0	0.0
2026-01-02	39	data/day5 after fix and stain for PAX8-647/39.czi	mesp2	17	311.30985686663985		0.0	0.0	0.0
2026-01-02	39	data/day5 after fix and stain for PAX8-647/39.czi	mesp2	18	329.0989915447335		0.0	0.0	0.0
2026-01-02	39	data/day5 after fix and stain for PAX8-647/39.czi	mesp2	19	346.88812622282717		0.0	0.0	0.0
2026-01-02	39	data/day5 after fix and stain for PAX8-647/39.czi	mesp2	20	364.67726090092094		0.0	0.0	0.0
2026-01-02	39	data/day5 after fix and stain for PAX8-647/39.czi	mesp2	21	382.4663955790146		0.0	0.0	0.0
2026-01-02	39	data/day5 after fix and stain for PAX8-647/39.czi	mesp2	22	400.25553025710826		0.0	0.0	0.0
2026-01-02	39	data/day5 after fix and stain for PAX8-647/39.czi	mesp2	23	418.04466493520204		0.0	0.0	0.0
2026-01-02	39	data/day5 after fix and stain for PAX8-647/39.czi	pax8	0	8.894567339046851				
2026-01-02	39	data/day5 after fix and stain for PAX8-647/39.czi	pax8	1	26.683702017140554	0.00519965160151721	0.009319746962978593	0.10059271169208059	0.002328631373727844
2026-01-02	39	data/day5 after fix and stain for PAX8-647/39.czi	pax8	2	44.47283669523426	0.020062095931103398	0.04721818438730213	0.10363355311539368	0.03626547894569495
2026-01-02	39	data/day5 after fix and stain for PAX8-647/39.czi	pax8	3	62.26197137332796	0.03746605540678968	0.11087627198289582	0.10931274445606778	0.12373865359422376
2026-01-02	39	data/day5 after fix and stain for PAX8-647/39.czi	pax8	4	80.05110605142167	0.06264667029702023	0.18961634193030347	0.11411473656614027	0.22118343769354623
2026-01-02	39	data/day5 after fix and stain for PAX8-647/39.czi	pax8	5	97.84024072951536	0.0674728139607853	0.2028777349904561	0.11094283463279787	0.24189239529761952
2026-01-02	39	data/day5 after fix and stain for PAX8-647/39.czi	pax8	6	115.62937540760907	0.06866179330231968	0.1773009895007917	0.10143099694851568	0.18696897866687112
2026-01-02	39	data/day5 after fix and stain for PAX8-647/39.czi	pax8	7	133.41851008570276	0.068749045137684	0.1405628220009064	0.08764618439315286	0.12578734226497243
2026-01-02	39	data/day5 after fix and stain for PAX8-647/39.czi	pax8	8	151.20764476379648	0.06646284392597664	0.09900485719070061	0.0718627393408346	0.0641699595100012
2026-01-02	39	data/day5 after fix and stain for PAX8-647/39.czi	pax8	9	168.99677944189017	0.031777082800516124	0.03827409993738017	0.05508849764377233	0.01667541527757694
2026-01-02	39	data/day5 after fix and stain for PAX8-647/39.czi	pax8	10	186.7859141199839	0.005126694437313509	0.00552517883629711	0.03855773877943355	0.0016913139047035272
2026-01-02	39	data/day5 after fix and stain for PAX8-647/39.czi	pax8	11	204.57504879807757	6.518343184533743e-06	5.5969957469857934e-06	0.019524737367371654	1.4669687273466612e-06
2026-01-02	39	data/day5 after fix and stain for PAX8-647/39.czi	pax8	12	222.3641834761713	0.0	0.0	0.007279521733360854	7.303024588298066e-08
2026-01-02	39	data/day5 after fix and stain for PAX8-647/39.czi	pax8	13	240.15331815426498	0.0	0.0	0.0016645882097277558	0.0
2026-01-02	39	data/day5 after fix and stain for PAX8-647/39.czi	pax8	14	257.9424528323587		0.0	0.00014732962869790263	0.0
2026-01-02	39	data/day5 after fix and stain for PAX8-647/39.czi	pax8	15	275.7315875104524		0.0	0.0	0.0
2026-01-02	39	data/day5 after fix and stain for PAX8-647/39.czi	pax8	16	293.5207221885461		0.0	0.0	0.0
2026-01-02	39	data/day5 after fix and stain for PAX8-647/39.czi	pax8	17	311.30985686663985		0.0	0.0	0.0
2026-01-02	39	data/day5 after fix and stain for PAX8-647/39.czi	pax8	18	329.0989915447335		0.0	0.0	0.0
2026-01-02	39	data/day5 after fix and stain for PAX8-647/39.czi	pax8	19	346.88812622282717		0.0	0.0	0.0
2026-01-02	39	data/day5 after fix and stain for PAX8-647/39.czi	pax8	20	364.67726090092094		0.0	0.0	0.0
2026-01-02	39	data/day5 after fix and stain for PAX8-647/39.czi	pax8	21	382.4663955790146		0.0	0.0	0.0
2026-01-02	39	data/day5 after fix and stain for PAX8-647/39.czi	pax8	22	400.25553025710826		0.0	0.0	0.0
2026-01-02	39	data/day5 after fix and stain for PAX8-647/39.czi	pax8	23	418.04466493520204		0.0	0.0	0.0
2026-01-02	3202	data/day5 after fix and stain for PAX8-647/32-2nddirection.czi	foxf1	0	8.894567339046851				
2026-01-02	3202	data/day5 after fix and stain for PAX8-647/32-2nddirection.czi	foxf1	1	26.683702017140554	0.5978635792463854	0.05185478385560442	0.058473736351125113	0.029293588568812496
2026-01-02	3202	data/day5 after fix and stain for PAX8-647/32-2nddirection.czi	foxf1	2	44.47283669523426	0.5477410396839958	0.048340633237547094	0.056623573928136245	0.02865767919077633
2026-01-02	3202	data/day5 after fix and stain for PAX8-647/32-2nddirection.czi	foxf1	3	62.26197137332796	0.5174118873310436	0.04807842520782888	0.05633639677597037	0.03177769574801492
2026-01-02	3202	data/day5 after fix and stain for PAX8-647/32-2nddirection.czi	foxf1	4	80.05110605142167	0.5007270066286972	0.04982909073916561	0.05714388598529598	0.03728807761127951
2026-01-02	3202	data/day5 after fix and stain for PAX8-647/32-2nddirection.czi	foxf1	5	97.84024072951536	0.472081456757447	0.05244682680153505	0.059470153272578805	0.04479525637803411
2026-01-02	3202	data/day5 after fix and stain for PAX8-647/32-2nddirection.czi	foxf1	6	115.62937540760907	0.4768160479559735	0.055802732614595126	0.06141249899131122	0.05115001990943038
2026-01-02	3202	data/day5 after fix and stain for PAX8-647/32-2nddirection.czi	foxf1	7	133.41851008570276	0.4922726515385077	0.058164766890086	0.061852431338017586	0.05618288938715259
2026-01-02	3202	data/day5 after fix and stain for PAX8-647/32-2nddirection.czi	foxf1	8	151.20764476379648	0.5331717811931886	0.06140027678253964	0.06217388663387175	0.061885159422347805
2026-01-02	3202	data/day5 after fix and stain for PAX8-647/32-2nddirection.czi	foxf1	9	168.99677944189017	0.5874462159705801	0.06547140266700752	0.06248558326251303	0.06955019051754066
2026-01-02	3202	data/day5 after fix and stain for PAX8-647/32-2nddirection.czi	foxf1	10	186.7859141199839	0.7310246671877767	0.06970087636483965	0.06379350802377903	0.078540987946429
2026-01-02	3202	data/day5 after fix and stain for PAX8-647/32-2nddirection.czi	foxf1	11	204.57504879807757	0.814197550112488	0.07090592063024145	0.06409525469691027	0.08421385898707832
2026-01-02	3202	data/day5 after fix and stain for PAX8-647/32-2nddirection.czi	foxf1	12	222.3641834761713	0.843794058342762	0.06887036055987063	0.061853115997180304	0.08535463691929801
2026-01-02	3202	data/day5 after fix and stain for PAX8-647/32-2nddirection.czi	foxf1	13	240.15331815426498	0.9292516959544777	0.0671302902259529	0.05973572746528934	0.08549095820598847
2026-01-02	3202	data/day5 after fix and stain for PAX8-647/32-2nddirection.czi	foxf1	14	257.9424528323587	0.9639187817299866	0.06366206828471306	0.05645654471667253	0.08191325857257392
2026-01-02	3202	data/day5 after fix and stain for PAX8-647/32-2nddirection.czi	foxf1	15	275.7315875104524	0.9689148143400927	0.05605245096396762	0.0496862710063726	0.07192380473119486
2026-01-02	3202	data/day5 after fix and stain for PAX8-647/32-2nddirection.czi	foxf1	16	293.5207221885461	0.9693004564931349	0.04379911871928799	0.03884276239558091	0.054447708743546375
2026-01-02	3202	data/day5 after fix and stain for PAX8-647/32-2nddirection.czi	foxf1	17	311.30985686663985	0.956082888718805	0.025758083148950936	0.022919196881119135	0.029469930465597535
2026-01-02	3202	data/day5 after fix and stain for PAX8-647/32-2nddirection.czi	foxf1	18	329.0989915447335	0.8601793642293839	0.00834553809750111	0.007524736237048264	0.00834053460840041
2026-01-02	3202	data/day5 after fix and stain for PAX8-647/32-2nddirection.czi	foxf1	19	346.88812622282717		0.0008824205765801637	0.000835964377634107	0.0006257385034155988
2026-01-02	3202	data/day5 after fix and stain for PAX8-647/32-2nddirection.czi	foxf1	20	364.67726090092094		0.0	0.0	0.0
2026-01-02	3202	data/day5 after fix and stain for PAX8-647/32-2nddirection.czi	foxf1	21	382.4663955790146		0.0	0.0	0.0
2026-01-02	3202	data/day5 after fix and stain for PAX8-647/32-2nddirection.czi	foxf1	22	400.25553025710826		0.0	0.0	0.0
2026-01-02	3202	data/day5 after fix and stain for PAX8-647/32-2nddirection.czi	foxf1	23	418.04466493520204		0.0	0.0	0.0
2026-01-02	3202	data/day5 after fix and stain for PAX8-647/32-2nddirection.czi	mesp2	0	8.894567339046851				
2026-01-02	3202	data/day5 after fix and stain for PAX8-647/32-2nddirection.czi	mesp2	1	26.683702017140554	0.6681508618777996	0.10887049711530107	0.10842334579469577	0.1081290381335319
2026-01-02	3202	data/day5 after fix and stain for PAX8-647/32-2nddirection.czi	mesp2	2	44.47283669523426	0.6582491060316972	0.11601901705571602	0.11465886857960586	0.12165454635537507
2026-01-02	3202	data/day5 after fix and stain for PAX8-647/32-2nddirection.czi	mesp2	3	62.26197137332796	0.6585703059999473	0.12172502310450276	0.11925472536850859	0.1325039230639835
2026-01-02	3202	data/day5 after fix and stain for PAX8-647/32-2nddirection.czi	mesp2	4	80.05110605142167	0.663079586152873	0.11865082370864644	0.11575743622631005	0.1289412290192848
2026-01-02	3202	data/day5 after fix and stain for PAX8-647/32-2nddirection.czi	mesp2	5	97.84024072951536	0.6586138305242063	0.11105513670664899	0.10868397909940827	0.11883437188969101
2026-01-02	3202	data/day5 after fix and stain for PAX8-647/32-2nddirection.czi	mesp2	6	115.62937540760907	0.6594569366487061	0.10167838040287247	0.09991694414439449	0.10579457641232982
2026-01-02	3202	data/day5 after fix and stain for PAX8-647/32-2nddirection.czi	mesp2	7	133.41851008570276	0.6787196005539575	0.08899771058004147	0.08745838644536423	0.08765466743260211
2026-01-02	3202	data/day5 after fix and stain for PAX8-647/32-2nddirection.czi	mesp2	8	151.20764476379648	0.6853844604643555	0.0691246753367877	0.06854217700621154	0.06021937307900853
2026-01-02	3202	data/day5 after fix and stain for PAX8-647/32-2nddirection.czi	mesp2	9	168.99677944189017	0.5856744189373561	0.04400793260260659	0.046843059415832417	0.03280086453037064
2026-01-02	3202	data/day5 after fix and stain for PAX8-647/32-2nddirection.czi	mesp2	10	186.7859141199839	0.42030779571377996	0.023910672028797694	0.028980833685192848	0.017322908271702832
2026-01-02	3202	data/day5 after fix and stain for PAX8-647/32-2nddirection.czi	mesp2	11	204.57504879807757	0.25508061856564856	0.010563455356021987	0.015154941989551524	0.00689404255845089
2026-01-02	3202	data/day5 after fix and stain for PAX8-647/32-2nddirection.czi	mesp2	12	222.3641834761713	0.06139038932287405	0.002089477980459104	0.0048798359592744115	0.001212291601739305
2026-01-02	3202	data/day5 after fix and stain for PAX8-647/32-2nddirection.czi	mesp2	13	240.15331815426498	0.002011638974624352	3.525286697496561e-05	0.0009983503300632435	2.4893926942004592e-05
2026-01-02	3202	data/day5 after fix and stain for PAX8-647/32-2nddirection.czi	mesp2	14	257.9424528323587	0.0	0.0	7.183797459920055e-07	3.637251046066489e-06
2026-01-02	3202	data/day5 after fix and stain for PAX8-647/32-2nddirection.czi	mesp2	15	275.7315875104524	0.0	0.0	-0.0004314705894128401	0.0
2026-01-02	3202	data/day5 after fix and stain for PAX8-647/32-2nddirection.czi	mesp2	16	293.5207221885461	0.0	0.0	-0.0006124292609842561	2.8658383114977635e-06
2026-01-02	3202	data/day5 after fix and stain for PAX8-647/32-2nddirection.czi	mesp2	17	311.30985686663985	0.0	0.0	-0.0006543968113461656	1.592132395276529e-06
2026-01-02	3202	data/day5 after fix and stain for PAX8-647/32-2nddirection.czi	mesp2	18	329.0989915447335	0.0	0.0	-0.0003832089585551013	0.0
2026-01-02	3202	data/day5 after fix and stain for PAX8-647/32-2nddirection.czi	mesp2	19	346.88812622282717		0.0	-8.575463959180693e-05	0.0
2026-01-02	3202	data/day5 after fix and stain for PAX8-647/32-2nddirection.czi	mesp2	20	364.67726090092094		0.0	0.0	0.0
2026-01-02	3202	data/day5 after fix and stain for PAX8-647/32-2nddirection.czi	mesp2	21	382.4663955790146		0.0	0.0	0.0
2026-01-02	3202	data/day5 after fix and stain for PAX8-647/32-2nddirection.czi	mesp2	22	400.25553025710826		0.0	0.0	0.0
2026-01-02	3202	data/day5 after fix and stain for PAX8-647/32-2nddirection.czi	mesp2	23	418.04466493520204		0.0	0.0	0.0
2026-01-02	3202	data/day5 after fix and stain for PAX8-647/32-2nddirection.czi	pax8	0	8.894567339046851				
2026-01-02	3202	data/day5 after fix and stain for PAX8-647/32-2nddirection.czi	pax8	1	26.683702017140554	0.5761844975750461	0.09697442663404067	0.09692508257455726	0.10176217233596507
2026-01-02	3202	data/day5 after fix and stain for PAX8-647/32-2nddirection.czi	pax8	2	44.47283669523426	0.5720279838192817	0.09442446002307679	0.09440032341820902	0.09860650072072698
2026-01-02	3202	data/day5 after fix and stain for PAX8-647/32-2nddirection.czi	pax8	3	62.26197137332796	0.5732988423237001	0.09107295612429807	0.09118980473538857	0.09380813636850625
2026-01-02	3202	data/day5 after fix and stain for PAX8-647/32-2nddirection.czi	pax8	4	80.05110605142167	0.5784572645403101	0.08778777370136272	0.0877161143610417	0.08899154637414916
2026-01-02	3202	data/day5 after fix and stain for PAX8-647/32-2nddirection.czi	pax8	5	97.84024072951536	0.5816537807813911	0.0870344094335843	0.08638077868775287	0.08938082600126888
2026-01-02	3202	data/day5 after fix and stain for PAX8-647/32-2nddirection.czi	pax8	6	115.62937540760907	0.585148801353118	0.08425379604113847	0.08292793602073718	0.08662709181961929
2026-01-02	3202	data/day5 after fix and stain for PAX8-647/32-2nddirection.czi	pax8	7	133.41851008570276	0.6051092571801191	0.0782527122479915	0.07605181324122993	0.07821719459031853
2026-01-02	3202	data/day5 after fix and stain for PAX8-647/32-2nddirection.czi	pax8	8	151.20764476379648	0.6138922826968456	0.07324332805623054	0.07067667831567374	0.07421395610897942
2026-01-02	3202	data/day5 after fix and stain for PAX8-647/32-2nddirection.czi	pax8	9	168.99677944189017	0.6579637015755944	0.06863073360941184	0.0646947583720047	0.06946107703807729
2026-01-02	3202	data/day5 after fix and stain for PAX8-647/32-2nddirection.czi	pax8	10	186.7859141199839	0.7808890275774312	0.058370186279215974	0.053046821652932966	0.05663317330786875
2026-01-02	3202	data/day5 after fix and stain for PAX8-647/32-2nddirection.czi	pax8	11	204.57504879807757	0.7710968190791382	0.04317634360651976	0.040318384671888925	0.039570954831944796
2026-01-02	3202	data/day5 after fix and stain for PAX8-647/32-2nddirection.czi	pax8	12	222.3641834761713	0.7045797912420116	0.030270380081450325	0.02912547027921116	0.02598124818006035
2026-01-02	3202	data/day5 after fix and stain for PAX8-647/32-2nddirection.czi	pax8	13	240.15331815426498	0.7348279241290188	0.02027542594790295	0.019771686386716922	0.012603206630085462
2026-01-02	3202	data/day5 after fix and stain for PAX8-647/32-2nddirection.czi	pax8	14	257.9424528323587	0.4270026014622081	0.008737890395295203	0.012867628104399547	0.003214486342433473
2026-01-02	3202	data/day5 after fix and stain for PAX8-647/32-2nddirection.czi	pax8	15	275.7315875104524	0.09393428735660675	0.001608516507270689	0.008095801375048783	0.0002820336269904046
2026-01-02	3202	data/day5 after fix and stain for PAX8-647/32-2nddirection.czi	pax8	16	293.5207221885461	0.0008924356856266193	1.2725877002215842e-05	0.0053255077570830275	1.4298111678365719e-06
2026-01-02	3202	data/day5 after fix and stain for PAX8-647/32-2nddirection.czi	pax8	17	311.30985686663985	0.0	0.0	0.003243176209884409	0.0
2026-01-02	3202	data/day5 after fix and stain for PAX8-647/32-2nddirection.czi	pax8	18	329.0989915447335	0.0	0.0	0.001168163318355893	0.0
2026-01-02	3202	data/day5 after fix and stain for PAX8-647/32-2nddirection.czi	pax8	19	346.88812622282717		0.0	0.00014353592729868557	0.0
2026-01-02	3202	data/day5 after fix and stain for PAX8-647/32-2nddirection.czi	pax8	20	364.67726090092094		0.0	0.0	0.0
2026-01-02	3202	data/day5 after fix and stain for PAX8-647/32-2nddirection.czi	pax8	21	382.4663955790146		0.0	0.0	0.0
2026-01-02	3202	data/day5 after fix and stain for PAX8-647/32-2nddirection.czi	pax8	22	400.25553025710826		0.0	0.0	0.0
2026-01-02	3202	data/day5 after fix and stain for PAX8-647/32-2nddirection.czi	pax8	23	418.04466493520204		0.0	0.0	0.0
baseline	1	data/2026-02-27-magnet-print(FOXF1 cells)/day5 after fix and stain (647PAX8)/1.czi	foxf1	0	8.894567339046851	0.12839123310204953	0.0358646779195894	0.07462161562263199	0.009429702758956306
baseline	1	data/2026-02-27-magnet-print(FOXF1 cells)/day5 after fix and stain (647PAX8)/1.czi	foxf1	1	26.683702017140554	0.15258262890710172	0.04503763705665145	0.0758430916476146	0.016339207852193217
baseline	1	data/2026-02-27-magnet-print(FOXF1 cells)/day5 after fix and stain (647PAX8)/1.czi	foxf1	2	44.47283669523426	0.18198938002428444	0.05719003474228708	0.07899089262564463	0.028489310160408537
baseline	1	data/2026-02-27-magnet-print(FOXF1 cells)/day5 after fix and stain (647PAX8)/1.czi	foxf1	3	62.26197137332796	0.26052340291368004	0.09136815207827989	0.0907448697422477	0.06770154336025884
baseline	1	data/2026-02-27-magnet-print(FOXF1 cells)/day5 after fix and stain (647PAX8)/1.czi	foxf1	4	80.05110605142167	0.3185868301861819	0.12848251356490406	0.10793861334829102	0.1358565234742014
baseline	1	data/2026-02-27-magnet-print(FOXF1 cells)/day5 after fix and stain (647PAX8)/1.czi	foxf1	5	97.84024072951536	0.34544650142243427	0.152150018364073	0.11996840627549855	0.19324658652411006
baseline	1	data/2026-02-27-magnet-print(FOXF1 cells)/day5 after fix and stain (647PAX8)/1.czi	foxf1	6	115.62937540760907	0.3608168508702155	0.14844567037243012	0.11622375145624393	0.19572334083298396
baseline	1	data/2026-02-27-magnet-print(FOXF1 cells)/day5 after fix and stain (647PAX8)/1.czi	foxf1	7	133.41851008570276	0.354784028608991	0.11307310837422374	0.09377256313734066	0.1353802794198366
baseline	1	data/2026-02-27-magnet-print(FOXF1 cells)/day5 after fix and stain (647PAX8)/1.czi	foxf1	8	151.20764476379648	0.21843883002489406	0.050735140810921356	0.05330166005608353	0.051154474297385275
baseline	1	data/2026-02-27-magnet-print(FOXF1 cells)/day5 after fix and stain (647PAX8)/1.czi	foxf1	9	168.99677944189017	0.13876575710089015	0.020498524009536445	0.02468222898945292	0.01628092447230922
baseline	1	data/2026-02-27-magnet-print(FOXF1 cells)/day5 after fix and stain (647PAX8)/1.czi	foxf1	10	186.7859141199839	0.05825600097221087	0.005255368774156482	0.009508476053043011	0.003191838980576957
baseline	1	data/2026-02-27-magnet-print(FOXF1 cells)/day5 after fix and stain (647PAX8)/1.czi	foxf1	11	204.57504879807757	0.0	0.0	0.000841678818186155	1.4059548553620596e-07
baseline	1	data/2026-02-27-magnet-print(FOXF1 cells)/day5 after fix and stain (647PAX8)/1.czi	foxf1	12	222.3641834761713		0.0	-3.537424472690502e-06	0.0
baseline	1	data/2026-02-27-magnet-print(FOXF1 cells)/day5 after fix and stain (647PAX8)/1.czi	foxf1	13	240.15331815426498		0.0	0.0	0.0
baseline	1	data/2026-02-27-magnet-print(FOXF1 cells)/day5 after fix and stain (647PAX8)/1.czi	foxf1	14	257.9424528323587		0.0	0.0	0.0
baseline	1	data/2026-02-27-magnet-print(FOXF1 cells)/day5 after fix and stain (647PAX8)/1.czi	foxf1	15	275.7315875104524		0.0	0.0	0.0
baseline	1	data/2026-02-27-magnet-print(FOXF1 cells)/day5 after fix and stain (647PAX8)/1.czi	foxf1	16	293.5207221885461		0.0	0.0	0.0
baseline	1	data/2026-02-27-magnet-print(FOXF1 cells)/day5 after fix and stain (647PAX8)/1.czi	foxf1	17	311.30985686663985		0.0	0.0	0.0
baseline	1	data/2026-02-27-magnet-print(FOXF1 cells)/day5 after fix and stain (647PAX8)/1.czi	foxf1	18	329.0989915447335		0.0	0.0	0.0
baseline	1	data/2026-02-27-magnet-print(FOXF1 cells)/day5 after fix and stain (647PAX8)/1.czi	foxf1	19	346.88812622282717		0.0	0.0	0.0
baseline	1	data/2026-02-27-magnet-print(FOXF1 cells)/day5 after fix and stain (647PAX8)/1.czi	foxf1	20	364.67726090092094				
baseline	1	data/2026-02-27-magnet-print(FOXF1 cells)/day5 after fix and stain (647PAX8)/1.czi	foxf1	21	382.4663955790146				
baseline	1	data/2026-02-27-magnet-print(FOXF1 cells)/day5 after fix and stain (647PAX8)/1.czi	foxf1	22	400.25553025710826				
baseline	1	data/2026-02-27-magnet-print(FOXF1 cells)/day5 after fix and stain (647PAX8)/1.czi	foxf1	23	418.04466493520204				
baseline	1	data/2026-02-27-magnet-print(FOXF1 cells)/day5 after fix and stain (647PAX8)/1.czi	mesp2	0	8.894567339046851	0.4477109732095024	0.1510395398438124	0.1442970970900805	0.15946994803464967
baseline	1	data/2026-02-27-magnet-print(FOXF1 cells)/day5 after fix and stain (647PAX8)/1.czi	mesp2	1	26.683702017140554	0.444299973445648	0.15293888236379333	0.1458793727706157	0.16415713152815656
baseline	1	data/2026-02-27-magnet-print(FOXF1 cells)/day5 after fix and stain (647PAX8)/1.czi	mesp2	2	44.47283669523426	0.4195059668018791	0.1450053993345416	0.1385310656768122	0.15671647986223514
baseline	1	data/2026-02-27-magnet-print(FOXF1 cells)/day5 after fix and stain (647PAX8)/1.czi	mesp2	3	62.26197137332796	0.3872264359809247	0.12424301502025467	0.11968666899916625	0.1287745228332854
baseline	1	data/2026-02-27-magnet-print(FOXF1 cells)/day5 after fix and stain (647PAX8)/1.czi	mesp2	4	80.05110605142167	0.3335047275685742	0.09154405871427612	0.09143600351515238	0.08540342643605663
baseline	1	data/2026-02-27-magnet-print(FOXF1 cells)/day5 after fix and stain (647PAX8)/1.czi	mesp2	5	97.84024072951536	0.2782799591903593	0.06712506764150032	0.0715697421712034	0.057204762421173116
baseline	1	data/2026-02-27-magnet-print(FOXF1 cells)/day5 after fix and stain (647PAX8)/1.czi	mesp2	6	115.62937540760907	0.22435041108702544	0.048656914743563866	0.0561471024472984	0.04098955997876882
baseline	1	data/2026-02-27-magnet-print(FOXF1 cells)/day5 after fix and stain (647PAX8)/1.czi	mesp2	7	133.41851008570276	0.21488134918525878	0.037537178639751194	0.04314796644404891	0.031096328836016946
baseline	1	data/2026-02-27-magnet-print(FOXF1 cells)/day5 after fix and stain (647PAX8)/1.czi	mesp2	8	151.20764476379648	0.16679317029859614	0.021562687740500963	0.027009473294064973	0.016327107579244875
baseline	1	data/2026-02-27-magnet-print(FOXF1 cells)/day5 after fix and stain (647PAX8)/1.czi	mesp2	9	168.99677944189017	0.037986999740672184	0.0033145935322019624	0.007100885641043591	0.0017915278097035536
baseline	1	data/2026-02-27-magnet-print(FOXF1 cells)/day5 after fix and stain (647PAX8)/1.czi	mesp2	10	186.7859141199839	0.0004518670959335223	1.999334737437812e-05	-0.0009425130602692595	4.050953104668184e-06
baseline	1	data/2026-02-27-magnet-print(FOXF1 cells)/day5 after fix and stain (647PAX8)/1.czi	mesp2	11	204.57504879807757	0.0	0.0	-0.000814173790196785	0.0
baseline	1	data/2026-02-27-magnet-print(FOXF1 cells)/day5 after fix and stain (647PAX8)/1.czi	mesp2	12	222.3641834761713		0.0	-0.00010279365183456505	0.0
baseline	1	data/2026-02-27-magnet-print(FOXF1 cells)/day5 after fix and stain (647PAX8)/1.czi	mesp2	13	240.15331815426498		0.0	0.0	0.0
baseline	1	data/2026-02-27-magnet-print(FOXF1 cells)/day5 after fix and stain (647PAX8)/1.czi	mesp2	14	257.9424528323587		0.0	0.0	0.0
baseline	1	data/2026-02-27-magnet-print(FOXF1 cells)/day5 after fix and stain (647PAX8)/1.czi	mesp2	15	275.7315875104524		0.0	0.0	0.0
baseline	1	data/2026-02-27-magnet-print(FOXF1 cells)/day5 after fix and stain (647PAX8)/1.czi	mesp2	16	293.5207221885461		0.0	0.0	0.0
baseline	1	data/2026-02-27-magnet-print(FOXF1 cells)/day5 after fix and stain (647PAX8)/1.czi	mesp2	17	311.30985686663985		0.0	0.0	0.0
baseline	1	data/2026-02-27-magnet-print(FOXF1 cells)/day5 after fix and stain (647PAX8)/1.czi	mesp2	18	329.0989915447335		0.0	0.0	0.0
baseline	1	data/2026-02-27-magnet-print(FOXF1 cells)/day5 after fix and stain (647PAX8)/1.czi	mesp2	19	346.88812622282717		0.0	0.0	0.0
baseline	1	data/2026-02-27-magnet-print(FOXF1 cells)/day5 after fix and stain (647PAX8)/1.czi	mesp2	20	364.67726090092094				
baseline	1	data/2026-02-27-magnet-print(FOXF1 cells)/day5 after fix and stain (647PAX8)/1.czi	mesp2	21	382.4663955790146				
baseline	1	data/2026-02-27-magnet-print(FOXF1 cells)/day5 after fix and stain (647PAX8)/1.czi	mesp2	22	400.25553025710826				
baseline	1	data/2026-02-27-magnet-print(FOXF1 cells)/day5 after fix and stain (647PAX8)/1.czi	mesp2	23	418.04466493520204				
baseline	1	data/2026-02-27-magnet-print(FOXF1 cells)/day5 after fix and stain (647PAX8)/1.czi	pax8	0	8.894567339046851	0.009532485973618348	0.004971272327539923	0.08744219174636544	0.0010211329298617144
baseline	1	data/2026-02-27-magnet-print(FOXF1 cells)/day5 after fix and stain (647PAX8)/1.czi	pax8	1	26.683702017140554	0.0024007642224770373	0.0012604519859264816	0.08335435123169699	0.00033502433874459884
baseline	1	data/2026-02-27-magnet-print(FOXF1 cells)/day5 after fix and stain (647PAX8)/1.czi	pax8	2	44.47283669523426	0.005102598590430019	0.0026041633939057267	0.08037918745691262	0.00040559438606719883
baseline	1	data/2026-02-27-magnet-print(FOXF1 cells)/day5 after fix and stain (647PAX8)/1.czi	pax8	3	62.26197137332796	0.032228589695495156	0.017769444498617386	0.07968112193281526	0.005639173312549326
baseline	1	data/2026-02-27-magnet-print(FOXF1 cells)/day5 after fix and stain (647PAX8)/1.czi	pax8	4	80.05110605142167	0.09360506359988593	0.058427222578125784	0.08380239674190766	0.033677162302185315
baseline	1	data/2026-02-27-magnet-print(FOXF1 cells)/day5 after fix and stain (647PAX8)/1.czi	pax8	5	97.84024072951536	0.1623729471322746	0.11660149752533006	0.091883595138782	0.09798242885895259
baseline	1	data/2026-02-27-magnet-print(FOXF1 cells)/day5 after fix and stain (647PAX8)/1.czi	pax8	6	115.62937540760907	0.2060737323514904	0.15576156384861234	0.09552544422539327	0.16279937901474956
baseline	1	data/2026-02-27-magnet-print(FOXF1 cells)/day5 after fix and stain (647PAX8)/1.czi	pax8	7	133.41851008570276	0.26279897044778067	0.1772285673182662	0.09019198050410053	0.203745937627693
baseline	1	data/2026-02-27-magnet-print(FOXF1 cells)/day5 after fix and stain (647PAX8)/1.czi	pax8	8	151.20764476379648	0.3322337547353035	0.17431664043333997	0.07685674204734631	0.19910349747465084
baseline	1	data/2026-02-27-magnet-print(FOXF1 cells)/day5 after fix and stain (647PAX8)/1.czi	pax8	9	168.99677944189017	0.32189639937426756	0.11420827717961735	0.05272074534948841	0.11890401823736582
baseline	1	data/2026-02-27-magnet-print(FOXF1 cells)/day5 after fix and stain (647PAX8)/1.czi	pax8	10	186.7859141199839	0.08180962501532371	0.015955734191973422	0.01862930223618137	0.011031130376005782
baseline	1	data/2026-02-27-magnet-print(FOXF1 cells)/day5 after fix and stain (647PAX8)/1.czi	pax8	11	204.57504879807757	0.0	0.0	0.0028178250740893947	0.0
baseline	1	data/2026-02-27-magnet-print(FOXF1 cells)/day5 after fix and stain (647PAX8)/1.czi	pax8	12	222.3641834761713		0.0	0.00022426082057652627	0.0
baseline	1	data/2026-02-27-magnet-print(FOXF1 cells)/day5 after fix and stain (647PAX8)/1.czi	pax8	13	240.15331815426498		0.0	0.0	0.0
baseline	1	data/2026-02-27-magnet-print(FOXF1 cells)/day5 after fix and stain (647PAX8)/1.czi	pax8	14	257.9424528323587		0.0	0.0	0.0
baseline	1	data/2026-02-27-magnet-print(FOXF1 cells)/day5 after fix and stain (647PAX8)/1.czi	pax8	15	275.7315875104524		0.0	0.0	0.0
baseline	1	data/2026-02-27-magnet-print(FOXF1 cells)/day5 after fix and stain (647PAX8)/1.czi	pax8	16	293.5207221885461		0.0	0.0	0.0
baseline	1	data/2026-02-27-magnet-print(FOXF1 cells)/day5 after fix and stain (647PAX8)/1.czi	pax8	17	311.30985686663985		0.0	0.0	0.0
baseline	1	data/2026-02-27-magnet-print(FOXF1 cells)/day5 after fix and stain (647PAX8)/1.czi	pax8	18	329.0989915447335		0.0	0.0	0.0
baseline	1	data/2026-02-27-magnet-print(FOXF1 cells)/day5 after fix and stain (647PAX8)/1.czi	pax8	19	346.88812622282717		0.0	0.0	0.0
baseline	1	data/2026-02-27-magnet-print(FOXF1 cells)/day5 after fix and stain (647PAX8)/1.czi	pax8	20	364.67726090092094				
baseline	1	data/2026-02-27-magnet-print(FOXF1 cells)/day5 after fix and stain (647PAX8)/1.czi	pax8	21	382.4663955790146				
baseline	1	data/2026-02-27-magnet-print(FOXF1 cells)/day5 after fix and stain (647PAX8)/1.czi	pax8	22	400.25553025710826				
baseline	1	data/2026-02-27-magnet-print(FOXF1 cells)/day5 after fix and stain (647PAX8)/1.czi	pax8	23	418.04466493520204				
baseline	2	data/2026-02-27-magnet-print(FOXF1 cells)/day5 after fix and stain (647PAX8)/2.czi	foxf1	0	8.894567339046851	0.25106282996015505	0.10160442303985742	0.10038388131694344	0.11075164115633866
baseline	2	data/2026-02-27-magnet-print(FOXF1 cells)/day5 after fix and stain (647PAX8)/2.czi	foxf1	1	26.683702017140554	0.25418128197429696	0.09761428700996627	0.09690184482742085	0.10357408569663246
baseline	2	data/2026-02-27-magnet-print(FOXF1 cells)/day5 after fix and stain (647PAX8)/2.czi	foxf1	2	44.47283669523426	0.25522554837963285	0.090721437415016	0.09064468106986599	0.09199588369134087
baseline	2	data/2026-02-27-magnet-print(FOXF1 cells)/day5 after fix and stain (647PAX8)/2.czi	foxf1	3	62.26197137332796	0.24755124614192806	0.08082954335082099	0.0826641903147492	0.07760349553555411
baseline	2	data/2026-02-27-magnet-print(FOXF1 cells)/day5 after fix and stain (647PAX8)/2.czi	foxf1	4	80.05110605142167	0.23308659076733193	0.07248181778663686	0.07682702360090911	0.06779036039970139
baseline	2	data/2026-02-27-magnet-print(FOXF1 cells)/day5 after fix and stain (647PAX8)/2.czi	foxf1	5	97.84024072951536	0.23309440529622158	0.06704142356220746	0.07082700609179202	0.059331544584685814
baseline	2	data/2026-02-27-magnet-print(FOXF1 cells)/day5 after fix and stain (647PAX8)/2.czi	foxf1	6	115.62937540760907	0.2595152237677289	0.07513186156766152	0.07393543054700209	0.07003889849826374
baseline	2	data/2026-02-27-magnet-print(FOXF1 cells)/day5 after fix and stain (647PAX8)/2.czi	foxf1	7	133.41851008570276	0.30597808949275684	0.0829657782830647	0.078768006462156	0.08498825606922215
baseline	2	data/2026-02-27-magnet-print(FOXF1 cells)/day5 after fix and stain (647PAX8)/2.czi	foxf1	8	151.20764476379648	0.48771349620928867	0.08077687667124571	0.0766398427503806	0.08548667604567814
baseline	2	data/2026-02-27-magnet-print(FOXF1 cells)/day5 after fix and stain (647PAX8)/2.czi	foxf1	9	168.99677944189017	0.6313725626294607	0.06430134331522065	0.06220938411801002	0.06454028891162741
baseline	2	data/2026-02-27-magnet-print(FOXF1 cells)/day5 after fix and stain (647PAX8)/2.czi	foxf1	10	186.7859141199839	0.40833610250201957	0.026860073474907466	0.030031775527358143	0.02382856997879905
baseline	2	data/2026-02-27-magnet-print(FOXF1 cells)/day5 after fix and stain (647PAX8)/2.czi	foxf1	11	204.57504879807757	0.0655278556392675	0.0006852968078975592	0.002292368673646957	0.0001637544751158499
baseline	2	data/2026-02-27-magnet-print(FOXF1 cells)/day5 after fix and stain (647PAX8)/2.czi	foxf1	12	222.3641834761713		0.0	3.2930445179004236e-07	0.0
baseline	2	data/2026-02-27-magnet-print(FOXF1 cells)/day5 after fix and stain (647PAX8)/2.czi	foxf1	13	240.15331815426498		0.0	0.0	0.0
baseline	2	data/2026-02-27-magnet-print(FOXF1 cells)/day5 after fix and stain (647PAX8)/2.czi	foxf1	14	257.9424528323587		0.0	0.0	0.0
baseline	2	data/2026-02-27-magnet-print(FOXF1 cells)/day5 after fix and stain (647PAX8)/2.czi	foxf1	15	275.7315875104524		0.0	0.0	0.0
baseline	2	data/2026-02-27-magnet-print(FOXF1 cells)/day5 after fix and stain (647PAX8)/2.czi	foxf1	16	293.5207221885461		0.0	0.0	0.0
baseline	2	data/2026-02-27-magnet-print(FOXF1 cells)/day5 after fix and stain (647PAX8)/2.czi	foxf1	17	311.30985686663985		0.0	0.0	0.0
baseline	2	data/2026-02-27-magnet-print(FOXF1 cells)/day5 after fix and stain (647PAX8)/2.czi	foxf1	18	329.0989915447335		0.0	0.0	0.0
baseline	2	data/2026-02-27-magnet-print(FOXF1 cells)/day5 after fix and stain (647PAX8)/2.czi	foxf1	19	346.88812622282717		0.0	0.0	0.0
baseline	2	data/2026-02-27-magnet-print(FOXF1 cells)/day5 after fix and stain (647PAX8)/2.czi	foxf1	20	364.67726090092094				
baseline	2	data/2026-02-27-magnet-print(FOXF1 cells)/day5 after fix and stain (647PAX8)/2.czi	foxf1	21	382.4663955790146				
baseline	2	data/2026-02-27-magnet-print(FOXF1 cells)/day5 after fix and stain (647PAX8)/2.czi	foxf1	22	400.25553025710826				
baseline	2	data/2026-02-27-magnet-print(FOXF1 cells)/day5 after fix and stain (647PAX8)/2.czi	foxf1	23	418.04466493520204				
baseline	2	data/2026-02-27-magnet-print(FOXF1 cells)/day5 after fix and stain (647PAX8)/2.czi	mesp2	0	8.894567339046851	0.09799232560345095	0.04067145320092426	0.05241504960277092	0.019993097053215322
baseline	2	data/2026-02-27-magnet-print(FOXF1 cells)/day5 after fix and stain (647PAX8)/2.czi	mesp2	1	26.683702017140554	0.0802459687950433	0.03468499897906054	0.05381457746939167	0.021732492759701443
baseline	2	data/2026-02-27-magnet-print(FOXF1 cells)/day5 after fix and stain (647PAX8)/2.czi	mesp2	2	44.47283669523426	0.09122370645966832	0.04114985319707958	0.05787014384511241	0.02964311346671763
baseline	2	data/2026-02-27-magnet-print(FOXF1 cells)/day5 after fix and stain (647PAX8)/2.czi	mesp2	3	62.26197137332796	0.12702696708491404	0.06391149795377961	0.07068381497373336	0.05807784276400198
baseline	2	data/2026-02-27-magnet-print(FOXF1 cells)/day5 after fix and stain (647PAX8)/2.czi	mesp2	4	80.05110605142167	0.16033197896946483	0.09515385680034344	0.09235032018810281	0.114803607602734
baseline	2	data/2026-02-27-magnet-print(FOXF1 cells)/day5 after fix and stain (647PAX8)/2.czi	mesp2	5	97.84024072951536	0.21043482393699733	0.11427458964089056	0.10325665368717127	0.1276145571953934
baseline	2	data/2026-02-27-magnet-print(FOXF1 cells)/day5 after fix and stain (647PAX8)/2.czi	mesp2	6	115.62937540760907	0.26372073889476166	0.13247897671814196	0.11338872526480773	0.14084159037792052
baseline	2	data/2026-02-27-magnet-print(FOXF1 cells)/day5 after fix and stain (647PAX8)/2.czi	mesp2	7	133.41851008570276	0.28635829051945516	0.1266127293597461	0.1105440565416228	0.14099925454705883
baseline	2	data/2026-02-27-magnet-print(FOXF1 cells)/day5 after fix and stain (647PAX8)/2.czi	mesp2	8	151.20764476379648	0.35741122795404134	0.08974420325648982	0.08378241144080238	0.09349677507289751
baseline	2	data/2026-02-27-magnet-print(FOXF1 cells)/day5 after fix and stain (647PAX8)/2.czi	mesp2	9	168.99677944189017	0.44561499994999443	0.06786526224779729	0.06420933711289575	0.06357511288132423
baseline	2	data/2026-02-27-magnet-print(FOXF1 cells)/day5 after fix and stain (647PAX8)/2.czi	mesp2	10	186.7859141199839	0.344406010301869	0.037576910538983904	0.03848194257002959	0.03413700452247366
baseline	2	data/2026-02-27-magnet-print(FOXF1 cells)/day5 after fix and stain (647PAX8)/2.czi	mesp2	11	204.57504879807757	0.045083164679816067	0.0010640271617611814	0.0038228104660986656	0.00044892515651370475
baseline	2	data/2026-02-27-magnet-print(FOXF1 cells)/day5 after fix and stain (647PAX8)/2.czi	mesp2	12	222.3641834761713		0.0	-9.62234812619123e-07	0.0
baseline	2	data/2026-02-27-magnet-print(FOXF1 cells)/day5 after fix and stain (647PAX8)/2.czi	mesp2	13	240.15331815426498		0.0	0.0	0.0
baseline	2	data/2026-02-27-magnet-print(FOXF1 cells)/day5 after fix and stain (647PAX8)/2.czi	mesp2	14	257.9424528323587		0.0	0.0	0.0
baseline	2	data/2026-02-27-magnet-print(FOXF1 cells)/day5 after fix and stain (647PAX8)/2.czi	mesp2	15	275.7315875104524		0.0	0.0	0.0
baseline	2	data/2026-02-27-magnet-print(FOXF1 cells)/day5 after fix and stain (647PAX8)/2.czi	mesp2	16	293.5207221885461		0.0	0.0	0.0
baseline	2	data/2026-02-27-magnet-print(FOXF1 cells)/day5 after fix and stain (647PAX8)/2.czi	mesp2	17	311.30985686663985		0.0	0.0	0.0
baseline	2	data/2026-02-27-magnet-print(FOXF1 cells)/day5 after fix and stain (647PAX8)/2.czi	mesp2	18	329.0989915447335		0.0	0.0	0.0
baseline	2	data/2026-02-27-magnet-print(FOXF1 cells)/day5 after fix and stain (647PAX8)/2.czi	mesp2	19	346.88812622282717		0.0	0.0	0.0
baseline	2	data/2026-02-27-magnet-print(FOXF1 cells)/day5 after fix and stain (647PAX8)/2.czi	mesp2	20	364.67726090092094				
baseline	2	data/2026-02-27-magnet-print(FOXF1 cells)/day5 after fix and stain (647PAX8)/2.czi	mesp2	21	382.4663955790146				
baseline	2	data/2026-02-27-magnet-print(FOXF1 cells)/day5 after fix and stain (647PAX8)/2.czi	mesp2	22	400.25553025710826				
baseline	2	data/2026-02-27-magnet-print(FOXF1 cells)/day5 after fix and stain (647PAX8)/2.czi	mesp2	23	418.04466493520204				
baseline	2	data/2026-02-27-magnet-print(FOXF1 cells)/day5 after fix and stain (647PAX8)/2.czi	pax8	0	8.894567339046851	0.0961038496689636	0.21742504605595236	0.11832199739135026	0.26396347372631107
baseline	2	data/2026-02-27-magnet-print(FOXF1 cells)/day5 after fix and stain (647PAX8)/2.czi	pax8	1	26.683702017140554	0.08089352044285392	0.17582068335397816	0.11455432960618206	0.202950466340414
baseline	2	data/2026-02-27-magnet-print(FOXF1 cells)/day5 after fix and stain (647PAX8)/2.czi	pax8	2	44.47283669523426	0.06131490041097034	0.13364902650016902	0.11023637881065487	0.15842846949596828
baseline	2	data/2026-02-27-magnet-print(FOXF1 cells)/day5 after fix and stain (647PAX8)/2.czi	pax8	3	62.26197137332796	0.045200558974716365	0.10055816999538686	0.10546354551355427	0.12578740187894522
baseline	2	data/2026-02-27-magnet-print(FOXF1 cells)/day5 after fix and stain (647PAX8)/2.czi	pax8	4	80.05110605142167	0.03106367924859372	0.057091795779382934	0.09698828185054632	0.05164387073551154
baseline	2	data/2026-02-27-magnet-print(FOXF1 cells)/day5 after fix and stain (647PAX8)/2.czi	pax8	5	97.84024072951536	0.0020443858757130404	0.0027199443796065035	0.0857368952335526	0.000449000645733437
baseline	2	data/2026-02-27-magnet-print(FOXF1 cells)/day5 after fix and stain (647PAX8)/2.czi	pax8	6	115.62937540760907	0.03311683163576962	0.04264441610709128	0.07599710606564282	0.00985411686996426
baseline	2	data/2026-02-27-magnet-print(FOXF1 cells)/day5 after fix and stain (647PAX8)/2.czi	pax8	7	133.41851008570276	0.060196172768933284	0.06658336898575927	0.058769778300677415	0.017946740113742185
baseline	2	data/2026-02-27-magnet-print(FOXF1 cells)/day5 after fix and stain (647PAX8)/2.czi	pax8	8	151.20764476379648	0.04753243759387302	0.03608819194254949	0.039837083381355755	0.008961703851099529
baseline	2	data/2026-02-27-magnet-print(FOXF1 cells)/day5 after fix and stain (647PAX8)/2.czi	pax8	9	168.99677944189017	0.010487406980426807	0.0050798809577679745	0.025642523794502176	0.0015351437220601223
baseline	2	data/2026-02-27-magnet-print(FOXF1 cells)/day5 after fix and stain (647PAX8)/2.czi	pax8	10	186.7859141199839	0.00020763134008006372	8.007629657771301e-05	0.01183671229846571	0.00019941217291804224
baseline	2	data/2026-02-27-magnet-print(FOXF1 cells)/day5 after fix and stain (647PAX8)/2.czi	pax8	11	204.57504879807757	0.0	0.0	0.0012655112422159114	0.0
baseline	2	data/2026-02-27-magnet-print(FOXF1 cells)/day5 after fix and stain (647PAX8)/2.czi	pax8	12	222.3641834761713		0.0	1.6216057729532507e-07	0.0
baseline	2	data/2026-02-27-magnet-print(FOXF1 cells)/day5 after fix and stain (647PAX8)/2.czi	pax8	13	240.15331815426498		0.0	0.0	0.0
baseline	2	data/2026-02-27-magnet-print(FOXF1 cells)/day5 after fix and stain (647PAX8)/2.czi	pax8	14	257.9424528323587		0.0	0.0	0.0
baseline	2	data/2026-02-27-magnet-print(FOXF1 cells)/day5 after fix and stain (647PAX8)/2.czi	pax8	15	275.7315875104524		0.0	0.0	0.0
baseline	2	data/2026-02-27-magnet-print(FOXF1 cells)/day5 after fix and stain (647PAX8)/2.czi	pax8	16	293.5207221885461		0.0	0.0	0.0
baseline	2	data/2026-02-27-magnet-print(FOXF1 cells)/day5 after fix and stain (647PAX8)/2.czi	pax8	17	311.30985686663985		0.0	0.0	0.0
baseline	2	data/2026-02-27-magnet-print(FOXF1 cells)/day5 after fix and stain (647PAX8)/2.czi	pax8	18	329.0989915447335		0.0	0.0	0.0
baseline	2	data/2026-02-27-magnet-print(FOXF1 cells)/day5 after fix and stain (647PAX8)/2.czi	pax8	19	346.88812622282717		0.0	0.0	0.0
baseline	2	data/2026-02-27-magnet-print(FOXF1 cells)/day5 after fix and stain (647PAX8)/2.czi	pax8	20	364.67726090092094				
baseline	2	data/2026-02-27-magnet-print(FOXF1 cells)/day5 after fix and stain (647PAX8)/2.czi	pax8	21	382.4663955790146				
baseline	2	data/2026-02-27-magnet-print(FOXF1 cells)/day5 after fix and stain (647PAX8)/2.czi	pax8	22	400.25553025710826				
baseline	2	data/2026-02-27-magnet-print(FOXF1 cells)/day5 after fix and stain (647PAX8)/2.czi	pax8	23	418.04466493520204				
baseline	4	data/2026-02-27-magnet-print(FOXF1 cells)/day5 after fix and stain (647PAX8)/4.czi	foxf1	0	8.894567339046851	0.003497777670811971	0.01612691393972182	0.0963146275621926	0.040483226771684894
baseline	4	data/2026-02-27-magnet-print(FOXF1 cells)/day5 after fix and stain (647PAX8)/4.czi	foxf1	1	26.683702017140554	0.0013518839106712102	0.0067480597108944395	0.09192843347023912	0.019258318487269513
baseline	4	data/2026-02-27-magnet-print(FOXF1 cells)/day5 after fix and stain (647PAX8)/4.czi	foxf1	2	44.47283669523426	0.0016258561579699329	0.005171431617200108	0.08867865522775731	0.004552448582099554
baseline	4	data/2026-02-27-magnet-print(FOXF1 cells)/day5 after fix and stain (647PAX8)/4.czi	foxf1	3	62.26197137332796	0.004506308706118969	0.013798482431509839	0.09291549180184856	0.011181745397590481
baseline	4	data/2026-02-27-magnet-print(FOXF1 cells)/day5 after fix and stain (647PAX8)/4.czi	foxf1	4	80.05110605142167	0.00985228989828424	0.027399959474170538	0.09467317261950157	0.013835940933586154
baseline	4	data/2026-02-27-magnet-print(FOXF1 cells)/day5 after fix and stain (647PAX8)/4.czi	foxf1	5	97.84024072951536	0.03307405063926544	0.0900801017668246	0.09192452265350166	0.04566623819065074
baseline	4	data/2026-02-27-magnet-print(FOXF1 cells)/day5 after fix and stain (647PAX8)/4.czi	foxf1	6	115.62937540760907	0.060657498183033766	0.14521883691242127	0.07830738900971067	0.09678170519603885
baseline	4	data/2026-02-27-magnet-print(FOXF1 cells)/day5 after fix and stain (647PAX8)/4.czi	foxf1	7	133.41851008570276	0.08031110595981583	0.1744914021371149	0.07101812312146052	0.18627325379704504
baseline	4	data/2026-02-27-magnet-print(FOXF1 cells)/day5 after fix and stain (647PAX8)/4.czi	foxf1	8	151.20764476379648	0.08629189693069644	0.17222253079032013	0.06162400363774225	0.22178200926486494
baseline	4	data/2026-02-27-magnet-print(FOXF1 cells)/day5 after fix and stain (647PAX8)/4.czi	foxf1	9	168.99677944189017	0.08517328558862777	0.13081238123128658	0.04589516987655966	0.14719317840643437
baseline	4	data/2026-02-27-magnet-print(FOXF1 cells)/day5 after fix and stain (647PAX8)/4.czi	foxf1	10	186.7859141199839	0.08748807993098054	0.05763149586578009	0.02657886908526979	0.045656311847222616
baseline	4	data/2026-02-27-magnet-print(FOXF1 cells)/day5 after fix and stain (647PAX8)/4.czi	foxf1	11	204.57504879807757	0.0011404528328010418	0.00015104182514879291	0.005753788346802227	0.00010969675195821325
baseline	4	data/2026-02-27-magnet-print(FOXF1 cells)/day5 after fix and stain (647PAX8)/4.czi	foxf1	12	222.3641834761713		0.0	3.327237823399675e-05	0.0
baseline	4	data/2026-02-27-magnet-print(FOXF1 cells)/day5 after fix and stain (647PAX8)/4.czi	foxf1	13	240.15331815426498		0.0	0.0	0.0
baseline	4	data/2026-02-27-magnet-print(FOXF1 cells)/day5 after fix and stain (647PAX8)/4.czi	foxf1	14	257.9424528323587		0.0	0.0	0.0
baseline	4	data/2026-02-27-magnet-print(FOXF1 cells)/day5 after fix and stain (647PAX8)/4.czi	foxf1	15	275.7315875104524		0.0	0.0	0.0
baseline	4	data/2026-02-27-magnet-print(FOXF1 cells)/day5 after fix and stain (647PAX8)/4.czi	foxf1	16	293.5207221885461		0.0	0.0	0.0
baseline	4	data/2026-02-27-magnet-print(FOXF1 cells)/day5 after fix and stain (647PAX8)/4.czi	foxf1	17	311.30985686663985		0.0	0.0	0.0
baseline	4	data/2026-02-27-magnet-print(FOXF1 cells)/day5 after fix and stain (647PAX8)/4.czi	foxf1	18	329.0989915447335		0.0	0.0	0.0
baseline	4	data/2026-02-27-magnet-print(FOXF1 cells)/day5 after fix and stain (647PAX8)/4.czi	foxf1	19	346.88812622282717		0.0	0.0	0.0
baseline	4	data/2026-02-27-magnet-print(FOXF1 cells)/day5 after fix and stain (647PAX8)/4.czi	foxf1	20	364.67726090092094				
baseline	4	data/2026-02-27-magnet-print(FOXF1 cells)/day5 after fix and stain (647PAX8)/4.czi	foxf1	21	382.4663955790146				
baseline	4	data/2026-02-27-magnet-print(FOXF1 cells)/day5 after fix and stain (647PAX8)/4.czi	foxf1	22	400.25553025710826				
baseline	4	data/2026-02-27-magnet-print(FOXF1 cells)/day5 after fix and stain (647PAX8)/4.czi	foxf1	23	418.04466493520204				
baseline	4	data/2026-02-27-magnet-print(FOXF1 cells)/day5 after fix and stain (647PAX8)/4.czi	mesp2	0	8.894567339046851	0.3936466012008223	0.19630214931445747	0.1851922587216519	0.22781469776988048
baseline	4	data/2026-02-27-magnet-print(FOXF1 cells)/day5 after fix and stain (647PAX8)/4.czi	mesp2	1	26.683702017140554	0.36775080072590516	0.1767963816284574	0.1665748082264384	0.19974536095640016
baseline	4	data/2026-02-27-magnet-print(FOXF1 cells)/day5 after fix and stain (647PAX8)/4.czi	mesp2	2	44.47283669523426	0.3279145734218483	0.1451763512306514	0.135828868914273	0.15649206052123796
baseline	4	data/2026-02-27-magnet-print(FOXF1 cells)/day5 after fix and stain (647PAX8)/4.czi	mesp2	3	62.26197137332796	0.31281363318586186	0.11871157348367442	0.11091443826250222	0.11612947018297023
baseline	4	data/2026-02-27-magnet-print(FOXF1 cells)/day5 after fix and stain (647PAX8)/4.czi	mesp2	4	80.05110605142167	0.2414684533896852	0.08111043098034589	0.08224768638978562	0.07243118121907365
baseline	4	data/2026-02-27-magnet-print(FOXF1 cells)/day5 after fix and stain (647PAX8)/4.czi	mesp2	5	97.84024072951536	0.21713805002955266	0.05861255034740301	0.0626119024604662	0.04198528659631419
baseline	4	data/2026-02-27-magnet-print(FOXF1 cells)/day5 after fix and stain (647PAX8)/4.czi	mesp2	6	115.62937540760907	0.20117671368868995	0.038571834976384174	0.04616571545329002	0.020471060144462993
baseline	4	data/2026-02-27-magnet-print(FOXF1 cells)/day5 after fix and stain (647PAX8)/4.czi	mesp2	7	133.41851008570276	0.1440703159771134	0.020032733005905665	0.02824612454088215	0.007483055402502879
baseline	4	data/2026-02-27-magnet-print(FOXF1 cells)/day5 after fix and stain (647PAX8)/4.czi	mesp2	8	151.20764476379648	0.07371687357008497	0.008290553638283139	0.015823354863696643	0.0025338762646766495
baseline	4	data/2026-02-27-magnet-print(FOXF1 cells)/day5 after fix and stain (647PAX8)/4.czi	mesp2	9	168.99677944189017	0.02232499894308208	0.002012541549897892	0.009148216560831889	0.0005393226943816878
baseline	4	data/2026-02-27-magnet-print(FOXF1 cells)/day5 after fix and stain (647PAX8)/4.czi	mesp2	10	186.7859141199839	0.0008631726094391872	6.468500676485602e-05	0.0031520223700418817	1.7830396954793482e-05
baseline	4	data/2026-02-27-magnet-print(FOXF1 cells)/day5 after fix and stain (647PAX8)/4.czi	mesp2	11	204.57504879807757	0.0	0.0	-0.00024311402253155462	0.0
baseline	4	data/2026-02-27-magnet-print(FOXF1 cells)/day5 after fix and stain (647PAX8)/4.czi	mesp2	12	222.3641834761713		0.0	-5.609288378643841e-06	0.0
baseline	4	data/2026-02-27-magnet-print(FOXF1 cells)/day5 after fix and stain (647PAX8)/4.czi	mesp2	13	240.15331815426498		0.0	0.0	0.0
baseline	4	data/2026-02-27-magnet-print(FOXF1 cells)/day5 after fix and stain (647PAX8)/4.czi	mesp2	14	257.9424528323587		0.0	0.0	0.0
baseline	4	data/2026-02-27-magnet-print(FOXF1 cells)/day5 after fix and stain (647PAX8)/4.czi	mesp2	15	275.7315875104524		0.0	0.0	0.0
baseline	4	data/2026-02-27-magnet-print(FOXF1 cells)/day5 after fix and stain (647PAX8)/4.czi	mesp2	16	293.5207221885461		0.0	0.0	0.0
baseline	4	data/2026-02-27-magnet-print(FOXF1 cells)/day5 after fix and stain (647PAX8)/4.czi	mesp2	17	311.30985686663985		0.0	0.0	0.0
baseline	4	data/2026-02-27-magnet-print(FOXF1 cells)/day5 after fix and stain (647PAX8)/4.czi	mesp2	18	329.0989915447335		0.0	0.0	0.0
baseline	4	data/2026-02-27-magnet-print(FOXF1 cells)/day5 after fix and stain (647PAX8)/4.czi	mesp2	19	346.88812622282717		0.0	0.0	0.0
baseline	4	data/2026-02-27-magnet-print(FOXF1 cells)/day5 after fix and stain (647PAX8)/4.czi	mesp2	20	364.67726090092094				
baseline	4	data/2026-02-27-magnet-print(FOXF1 cells)/day5 after fix and stain (647PAX8)/4.czi	mesp2	21	382.4663955790146				
baseline	4	data/2026-02-27-magnet-print(FOXF1 cells)/day5 after fix and stain (647PAX8)/4.czi	mesp2	22	400.25553025710826				
baseline	4	data/2026-02-27-magnet-print(FOXF1 cells)/day5 after fix and stain (647PAX8)/4.czi	mesp2	23	418.04466493520204				
baseline	4	data/2026-02-27-magnet-print(FOXF1 cells)/day5 after fix and stain (647PAX8)/4.czi	pax8	0	8.894567339046851	0.00021938294316349767	0.00022375317070694517	0.08564054780747515	2.6985528714888612e-05
baseline	4	data/2026-02-27-magnet-print(FOXF1 cells)/day5 after fix and stain (647PAX8)/4.czi	pax8	1	26.683702017140554	0.006905257673864618	0.007387077200073915	0.08692160466463136	0.0022905574272008107
baseline	4	data/2026-02-27-magnet-print(FOXF1 cells)/day5 after fix and stain (647PAX8)/4.czi	pax8	2	44.47283669523426	0.024577747325653064	0.02920209143865444	0.08848815927357313	0.018755879736493546
baseline	4	data/2026-02-27-magnet-print(FOXF1 cells)/day5 after fix and stain (647PAX8)/4.czi	pax8	3	62.26197137332796	0.035744055453439935	0.048858043266832345	0.09187101970292533	0.051905104385169015
baseline	4	data/2026-02-27-magnet-print(FOXF1 cells)/day5 after fix and stain (647PAX8)/4.czi	pax8	4	80.05110605142167	0.060459286994470514	0.08692200918529674	0.09785063347176962	0.1082518721944951
baseline	4	data/2026-02-27-magnet-print(FOXF1 cells)/day5 after fix and stain (647PAX8)/4.czi	pax8	5	97.84024072951536	0.11013724751472467	0.14831242315907125	0.10108553150685126	0.17646711675227716
baseline	4	data/2026-02-27-magnet-print(FOXF1 cells)/day5 after fix and stain (647PAX8)/4.czi	pax8	6	115.62937540760907	0.16396600509810696	0.17828145876672696	0.09300068161043798	0.19979781894101908
baseline	4	data/2026-02-27-magnet-print(FOXF1 cells)/day5 after fix and stain (647PAX8)/4.czi	pax8	7	133.41851008570276	0.22590859922225967	0.1920446072187743	0.08303517300589763	0.18563361789244848
baseline	4	data/2026-02-27-magnet-print(FOXF1 cells)/day5 after fix and stain (647PAX8)/4.czi	pax8	8	151.20764476379648	0.1860615183141518	0.12852460171921923	0.06610674454108567	0.09291000154629811
baseline	4	data/2026-02-27-magnet-print(FOXF1 cells)/day5 after fix and stain (647PAX8)/4.czi	pax8	9	168.99677944189017	0.03997163830872259	0.023412364963582552	0.037442786077610375	0.012373113835302318
baseline	4	data/2026-02-27-magnet-print(FOXF1 cells)/day5 after fix and stain (647PAX8)/4.czi	pax8	10	186.7859141199839	0.000473291569890154	0.00021433788264946154	0.01145962991498553	0.00010406251489213439
baseline	4	data/2026-02-27-magnet-print(FOXF1 cells)/day5 after fix and stain (647PAX8)/4.czi	pax8	11	204.57504879807757	0.0	0.0	0.0013166329943333957	0.0
baseline	4	data/2026-02-27-magnet-print(FOXF1 cells)/day5 after fix and stain (647PAX8)/4.czi	pax8	12	222.3641834761713		0.0	7.096349196291855e-06	0.0
baseline	4	data/2026-02-27-magnet-print(FOXF1 cells)/day5 after fix and stain (647PAX8)/4.czi	pax8	13	240.15331815426498		0.0	0.0	0.0
baseline	4	data/2026-02-27-magnet-print(FOXF1 cells)/day5 after fix and stain (647PAX8)/4.czi	pax8	14	257.9424528323587		0.0	0.0	0.0
baseline	4	data/2026-02-27-magnet-print(FOXF1 cells)/day5 after fix and stain (647PAX8)/4.czi	pax8	15	275.7315875104524		0.0	0.0	0.0
baseline	4	data/2026-02-27-magnet-print(FOXF1 cells)/day5 after fix and stain (647PAX8)/4.czi	pax8	16	293.5207221885461		0.0	0.0	0.0
baseline	4	data/2026-02-27-magnet-print(FOXF1 cells)/day5 after fix and stain (647PAX8)/4.czi	pax8	17	311.30985686663985		0.0	0.0	0.0
baseline	4	data/2026-02-27-magnet-print(FOXF1 cells)/day5 after fix and stain (647PAX8)/4.czi	pax8	18	329.0989915447335		0.0	0.0	0.0
baseline	4	data/2026-02-27-magnet-print(FOXF1 cells)/day5 after fix and stain (647PAX8)/4.czi	pax8	19	346.88812622282717		0.0	0.0	0.0
baseline	4	data/2026-02-27-magnet-print(FOXF1 cells)/day5 after fix and stain (647PAX8)/4.czi	pax8	20	364.67726090092094				
baseline	4	data/2026-02-27-magnet-print(FOXF1 cells)/day5 after fix and stain (647PAX8)/4.czi	pax8	21	382.4663955790146				
baseline	4	data/2026-02-27-magnet-print(FOXF1 cells)/day5 after fix and stain (647PAX8)/4.czi	pax8	22	400.25553025710826				
baseline	4	data/2026-02-27-magnet-print(FOXF1 cells)/day5 after fix and stain (647PAX8)/4.czi	pax8	23	418.04466493520204				
baseline	5	data/2026-02-27-magnet-print(FOXF1 cells)/day5 after fix and stain (647PAX8)/5.czi	foxf1	0	8.894567339046851	0.12450650459595246	0.006668072324343867	0.02765729589082565	0.0008869453230726124
baseline	5	data/2026-02-27-magnet-print(FOXF1 cells)/day5 after fix and stain (647PAX8)/5.czi	foxf1	1	26.683702017140554	0.184472644469601	0.013383635914422955	0.0307054365669525	0.005388563517777899
baseline	5	data/2026-02-27-magnet-print(FOXF1 cells)/day5 after fix and stain (647PAX8)/5.czi	foxf1	2	44.47283669523426	0.2514235102141208	0.0235327372352402	0.03692312574251775	0.014482678628388463
baseline	5	data/2026-02-27-magnet-print(FOXF1 cells)/day5 after fix and stain (647PAX8)/5.czi	foxf1	3	62.26197137332796	0.3045635298373579	0.03475498858712039	0.04408338689507943	0.026452599879196022
baseline	5	data/2026-02-27-magnet-print(FOXF1 cells)/day5 after fix and stain (647PAX8)/5.czi	foxf1	4	80.05110605142167	0.33861615696737607	0.04754814344218983	0.05294620507488037	0.04184589154822069
baseline	5	data/2026-02-27-magnet-print(FOXF1 cells)/day5 after fix and stain (647PAX8)/5.czi	foxf1	5	97.84024072951536	0.35533745532306704	0.056801946551814995	0.05857803657908404	0.05448120094859086
baseline	5	data/2026-02-27-magnet-print(FOXF1 cells)/day5 after fix and stain (647PAX8)/5.czi	foxf1	6	115.62937540760907	0.3881282863795319	0.06545118006199412	0.06381858756260185	0.06545272561684874
baseline	5	data/2026-02-27-magnet-print(FOXF1 cells)/day5 after fix and stain (647PAX8)/5.czi	foxf1	7	133.41851008570276	0.43252016155597667	0.07255765538365927	0.06740074417298544	0.07451137618849026
baseline	5	data/2026-02-27-magnet-print(FOXF1 cells)/day5 after fix and stain (647PAX8)/5.czi	foxf1	8	151.20764476379648	0.5086901177176499	0.07622930406256098	0.06840799760788113	0.0804545677398257
baseline	5	data/2026-02-27-magnet-print(FOXF1 cells)/day5 after fix and stain (647PAX8)/5.czi	foxf1	9	168.99677944189017	0.612221096659379	0.08119827013976096	0.07164050961996928	0.08775259068856534
baseline	5	data/2026-02-27-magnet-print(FOXF1 cells)/day5 after fix and stain (647PAX8)/5.czi	foxf1	10	186.7859141199839	0.655139443754415	0.080387389803026	0.07067900783468327	0.08797990993636536
baseline	5	data/2026-02-27-magnet-print(FOXF1 cells)/day5 after fix and stain (647PAX8)/5.czi	foxf1	11	204.57504879807757	0.6972780157279266	0.07594530612138262	0.06665151426037343	0.08315822917009628
baseline	5	data/2026-02-27-magnet-print(FOXF1 cells)/day5 after fix and stain (647PAX8)/5.czi	foxf1	12	222.3641834761713	0.8184499082991152	0.06939008527387136	0.060942198918360356	0.07559504651959631
baseline	5	data/2026-02-27-magnet-print(FOXF1 cells)/day5 after fix and stain (647PAX8)/5.czi	foxf1	13	240.15331815426498	0.9550426009412131	0.060392876600623466	0.05319398504416786	0.06536599508699958
baseline	5	data/2026-02-27-magnet-print(FOXF1 cells)/day5 after fix and stain (647PAX8)/5.czi	foxf1	14	257.9424528323587	0.9638141146190238	0.04800148764269546	0.04227861602103456	0.05097578045743627
baseline	5	data/2026-02-27-magnet-print(FOXF1 cells)/day5 after fix and stain (647PAX8)/5.czi	foxf1	15	275.7315875104524	0.9400689975297442	0.026968722366237884	0.023901228652474925	0.02628047228845592
baseline	5	data/2026-02-27-magnet-print(FOXF1 cells)/day5 after fix and stain (647PAX8)/5.czi	foxf1	16	293.5207221885461		0.004054901932489943	0.003924135385876696	0.002293967558210777
baseline	5	data/2026-02-27-magnet-print(FOXF1 cells)/day5 after fix and stain (647PAX8)/5.czi	foxf1	17	311.30985686663985		0.0	0.0	0.0
baseline	5	data/2026-02-27-magnet-print(FOXF1 cells)/day5 after fix and stain (647PAX8)/5.czi	foxf1	18	329.0989915447335		0.0	0.0	0.0
baseline	5	data/2026-02-27-magnet-print(FOXF1 cells)/day5 after fix and stain (647PAX8)/5.czi	foxf1	19	346.88812622282717		0.0	0.0	0.0
baseline	5	data/2026-02-27-magnet-print(FOXF1 cells)/day5 after fix and stain (647PAX8)/5.czi	foxf1	20	364.67726090092094				
baseline	5	data/2026-02-27-magnet-print(FOXF1 cells)/day5 after fix and stain (647PAX8)/5.czi	foxf1	21	382.4663955790146				
baseline	5	data/2026-02-27-magnet-print(FOXF1 cells)/day5 after fix and stain (647PAX8)/5.czi	foxf1	22	400.25553025710826				
baseline	5	data/2026-02-27-magnet-print(FOXF1 cells)/day5 after fix and stain (647PAX8)/5.czi	foxf1	23	418.04466493520204				
baseline	5	data/2026-02-27-magnet-print(FOXF1 cells)/day5 after fix and stain (647PAX8)/5.czi	mesp2	0	8.894567339046851	0.6899244175626745	0.1883264679013156	0.18616212363957477	0.20340257651632143
baseline	5	data/2026-02-27-magnet-print(FOXF1 cells)/day5 after fix and stain (647PAX8)/5.czi	mesp2	1	26.683702017140554	0.6844520079063487	0.17947876051819128	0.17721492464454702	0.1915046380090226
baseline	5	data/2026-02-27-magnet-print(FOXF1 cells)/day5 after fix and stain (647PAX8)/5.czi	mesp2	2	44.47283669523426	0.6718388920078705	0.16477236710030088	0.16280960066656397	0.17184252517839524
baseline	5	data/2026-02-27-magnet-print(FOXF1 cells)/day5 after fix and stain (647PAX8)/5.czi	mesp2	3	62.26197137332796	0.6577371356144582	0.13815681774007277	0.13705797149952487	0.1367338744793816
baseline	5	data/2026-02-27-magnet-print(FOXF1 cells)/day5 after fix and stain (647PAX8)/5.czi	mesp2	4	80.05110605142167	0.6120450043841239	0.0981956459903418	0.09929933399827057	0.08532603531865902
baseline	5	data/2026-02-27-magnet-print(FOXF1 cells)/day5 after fix and stain (647PAX8)/5.czi	mesp2	5	97.84024072951536	0.36848946910846214	0.04435783912416669	0.052433450406817864	0.03292723015711887
baseline	5	data/2026-02-27-magnet-print(FOXF1 cells)/day5 after fix and stain (647PAX8)/5.czi	mesp2	6	115.62937540760907	0.16788519463329696	0.019239864124679595	0.026203959354398242	0.01409977862925952
baseline	5	data/2026-02-27-magnet-print(FOXF1 cells)/day5 after fix and stain (647PAX8)/5.czi	mesp2	7	133.41851008570276	0.09042838367962841	0.008209466596341596	0.010743606883621023	0.0050758519986578
baseline	5	data/2026-02-27-magnet-print(FOXF1 cells)/day5 after fix and stain (647PAX8)/5.czi	mesp2	8	151.20764476379648	0.0250224653706249	0.001766556616498226	0.0018107973433936328	0.0009029602318328242
baseline	5	data/2026-02-27-magnet-print(FOXF1 cells)/day5 after fix and stain (647PAX8)/5.czi	mesp2	9	168.99677944189017	0.0013638410158288853	5.45407029819487e-05	-0.001299617135048396	1.2875510879899638e-05
baseline	5	data/2026-02-27-magnet-print(FOXF1 cells)/day5 after fix and stain (647PAX8)/5.czi	mesp2	10	186.7859141199839	0.0	0.0	-0.002387363280959902	3.570779874144558e-08
baseline	5	data/2026-02-27-magnet-print(FOXF1 cells)/day5 after fix and stain (647PAX8)/5.czi	mesp2	11	204.57504879807757	0.0	0.0	-0.0026166292438232095	0.0
baseline	5	data/2026-02-27-magnet-print(FOXF1 cells)/day5 after fix and stain (647PAX8)/5.czi	mesp2	12	222.3641834761713	0.0	0.0	-0.0020542938617892988	0.0
baseline	5	data/2026-02-27-magnet-print(FOXF1 cells)/day5 after fix and stain (647PAX8)/5.czi	mesp2	13	240.15331815426498	0.0	0.0	-0.0009699626088200356	0.0
baseline	5	data/2026-02-27-magnet-print(FOXF1 cells)/day5 after fix and stain (647PAX8)/5.czi	mesp2	14	257.9424528323587	0.0	0.0	-0.000601779356283319	0.0
baseline	5	data/2026-02-27-magnet-print(FOXF1 cells)/day5 after fix and stain (647PAX8)/5.czi	mesp2	15	275.7315875104524	0.0	0.0	-0.00035354084463234226	0.0
baseline	5	data/2026-02-27-magnet-print(FOXF1 cells)/day5 after fix and stain (647PAX8)/5.czi	mesp2	16	293.5207221885461		0.0	-0.00016141902135670302	0.0
baseline	5	data/2026-02-27-magnet-print(FOXF1 cells)/day5 after fix and stain (647PAX8)/5.czi	mesp2	17	311.30985686663985		0.0	0.0	0.0
baseline	5	data/2026-02-27-magnet-print(FOXF1 cells)/day5 after fix and stain (647PAX8)/5.czi	mesp2	18	329.0989915447335		0.0	0.0	0.0
baseline	5	data/2026-02-27-magnet-print(FOXF1 cells)/day5 after fix and stain (647PAX8)/5.czi	mesp2	19	346.88812622282717		0.0	0.0	0.0
baseline	5	data/2026-02-27-magnet-print(FOXF1 cells)/day5 after fix and stain (647PAX8)/5.czi	mesp2	20	364.67726090092094				
baseline	5	data/2026-02-27-magnet-print(FOXF1 cells)/day5 after fix and stain (647PAX8)/5.czi	mesp2	21	382.4663955790146				
baseline	5	data/2026-02-27-magnet-print(FOXF1 cells)/day5 after fix and stain (647PAX8)/5.czi	mesp2	22	400.25553025710826				
baseline	5	data/2026-02-27-magnet-print(FOXF1 cells)/day5 after fix and stain (647PAX8)/5.czi	mesp2	23	418.04466493520204				
baseline	5	data/2026-02-27-magnet-print(FOXF1 cells)/day5 after fix and stain (647PAX8)/5.czi	pax8	0	8.894567339046851	0.387931270284767	0.09481941559903848	0.08401282210207833	0.07160578021109698
baseline	5	data/2026-02-27-magnet-print(FOXF1 cells)/day5 after fix and stain (647PAX8)/5.czi	pax8	1	26.683702017140554	0.3485207645063948	0.08665301242677682	0.08303806380522172	0.06852813559612654
baseline	5	data/2026-02-27-magnet-print(FOXF1 cells)/day5 after fix and stain (647PAX8)/5.czi	pax8	2	44.47283669523426	0.24575776205484323	0.07403064010238984	0.08413036016396129	0.07915082950535621
baseline	5	data/2026-02-27-magnet-print(FOXF1 cells)/day5 after fix and stain (647PAX8)/5.czi	pax8	3	62.26197137332796	0.21873428412992124	0.07769954723578873	0.08626075128372057	0.10058358125933703
baseline	5	data/2026-02-27-magnet-print(FOXF1 cells)/day5 after fix and stain (647PAX8)/5.czi	pax8	4	80.05110605142167	0.29453286482385493	0.09706116332035476	0.08914868536556028	0.12020847281661663
baseline	5	data/2026-02-27-magnet-print(FOXF1 cells)/day5 after fix and stain (647PAX8)/5.czi	pax8	5	97.84024072951536	0.34414837695708844	0.1064418668267134	0.08745536805063651	0.13122729281792608
baseline	5	data/2026-02-27-magnet-print(FOXF1 cells)/day5 after fix and stain (647PAX8)/5.czi	pax8	6	115.62937540760907	0.3813057860554238	0.10386143849584127	0.08088932749680366	0.11920841013449984
baseline	5	data/2026-02-27-magnet-print(FOXF1 cells)/day5 after fix and stain (647PAX8)/5.czi	pax8	7	133.41851008570276	0.4127178363123408	0.09109842778767666	0.06921423477111295	0.08967225209981436
baseline	5	data/2026-02-27-magnet-print(FOXF1 cells)/day5 after fix and stain (647PAX8)/5.czi	pax8	8	151.20764476379648	0.48709451353535177	0.07360203364327503	0.05385213459167566	0.052915842194783125
baseline	5	data/2026-02-27-magnet-print(FOXF1 cells)/day5 after fix and stain (647PAX8)/5.czi	pax8	9	168.99677944189017	0.3614663764964434	0.037340841655204446	0.039264405881027045	0.01369092072948526
baseline	5	data/2026-02-27-magnet-print(FOXF1 cells)/day5 after fix and stain (647PAX8)/5.czi	pax8	10	186.7859141199839	0.025996973111948873	0.0022932457500675595	0.027146381970754002	0.0004715027684468222
baseline	5	data/2026-02-27-magnet-print(FOXF1 cells)/day5 after fix and stain (647PAX8)/5.czi	pax8	11	204.57504879807757	0.0	0.0	0.019476475744090147	2.5581401216626252e-05
baseline	5	data/2026-02-27-magnet-print(FOXF1 cells)/day5 after fix and stain (647PAX8)/5.czi	pax8	12	222.3641834761713	0.0	0.0	0.013999424262102022	0.0
baseline	5	data/2026-02-27-magnet-print(FOXF1 cells)/day5 after fix and stain (647PAX8)/5.czi	pax8	13	240.15331815426498	0.0	0.0	0.010560857289430898	0.0
baseline	5	data/2026-02-27-magnet-print(FOXF1 cells)/day5 after fix and stain (647PAX8)/5.czi	pax8	14	257.9424528323587	0.0	0.0	0.008570558253221283	0.0
baseline	5	data/2026-02-27-magnet-print(FOXF1 cells)/day5 after fix and stain (647PAX8)/5.czi	pax8	15	275.7315875104524	0.0	0.0	0.006303629711073046	0.0
baseline	5	data/2026-02-27-magnet-print(FOXF1 cells)/day5 after fix and stain (647PAX8)/5.czi	pax8	16	293.5207221885461		0.0	0.0019510784462935988	0.0
baseline	5	data/2026-02-27-magnet-print(FOXF1 cells)/day5 after fix and stain (647PAX8)/5.czi	pax8	17	311.30985686663985		0.0	0.0	0.0
baseline	5	data/2026-02-27-magnet-print(FOXF1 cells)/day5 after fix and stain (647PAX8)/5.czi	pax8	18	329.0989915447335		0.0	0.0	0.0
baseline	5	data/2026-02-27-magnet-print(FOXF1 cells)/day5 after fix and stain (647PAX8)/5.czi	pax8	19	346.88812622282717		0.0	0.0	0.0
baseline	5	data/2026-02-27-magnet-print(FOXF1 cells)/day5 after fix and stain (647PAX8)/5.czi	pax8	20	364.67726090092094				
baseline	5	data/2026-02-27-magnet-print(FOXF1 cells)/day5 after fix and stain (647PAX8)/5.czi	pax8	21	382.4663955790146				
baseline	5	data/2026-02-27-magnet-print(FOXF1 cells)/day5 after fix and stain (647PAX8)/5.czi	pax8	22	400.25553025710826				
baseline	5	data/2026-02-27-magnet-print(FOXF1 cells)/day5 after fix and stain (647PAX8)/5.czi	pax8	23	418.04466493520204				
baseline	6	data/2026-02-27-magnet-print(FOXF1 cells)/day5 after fix and stain (647PAX8)/6.czi	foxf1	0	8.894567339046851	0.12919721601384979	0.010955758597092333	0.0306122486744084	0.00251416633868538
baseline	6	data/2026-02-27-magnet-print(FOXF1 cells)/day5 after fix and stain (647PAX8)/6.czi	foxf1	1	26.683702017140554	0.16499625185721623	0.017142749443962577	0.03407186821942431	0.00762927610557031
baseline	6	data/2026-02-27-magnet-print(FOXF1 cells)/day5 after fix and stain (647PAX8)/6.czi	foxf1	2	44.47283669523426	0.20514132833180992	0.02632050672496339	0.039436665650221046	0.016646584982853825
baseline	6	data/2026-02-27-magnet-print(FOXF1 cells)/day5 after fix and stain (647PAX8)/6.czi	foxf1	3	62.26197137332796	0.2400586243951832	0.03604991743094656	0.045317028351431046	0.027427395877025782
baseline	6	data/2026-02-27-magnet-print(FOXF1 cells)/day5 after fix and stain (647PAX8)/6.czi	foxf1	4	80.05110605142167	0.26758878804949326	0.04827962648399156	0.05483888479431723	0.042552661302058585
baseline	6	data/2026-02-27-magnet-print(FOXF1 cells)/day5 after fix and stain (647PAX8)/6.czi	foxf1	5	97.84024072951536	0.292986960718874	0.05841741925796878	0.06232908321021915	0.05559384427449138
baseline	6	data/2026-02-27-magnet-print(FOXF1 cells)/day5 after fix and stain (647PAX8)/6.czi	foxf1	6	115.62937540760907	0.37663112800536214	0.07216342847519587	0.07003746664524771	0.06945381719411191
baseline	6	data/2026-02-27-magnet-print(FOXF1 cells)/day5 after fix and stain (647PAX8)/6.czi	foxf1	7	133.41851008570276	0.4365635742536299	0.08491126439355298	0.07815252737204444	0.08715814958069552
baseline	6	data/2026-02-27-magnet-print(FOXF1 cells)/day5 after fix and stain (647PAX8)/6.czi	foxf1	8	151.20764476379648	0.5161025097567347	0.09403701681545416	0.08363202846028842	0.10082837952085298
baseline	6	data/2026-02-27-magnet-print(FOXF1 cells)/day5 after fix and stain (647PAX8)/6.czi	foxf1	9	168.99677944189017	0.5204727394577553	0.09384222114799651	0.08292935880012992	0.10403233065915
baseline	6	data/2026-02-27-magnet-print(FOXF1 cells)/day5 after fix and stain (647PAX8)/6.czi	foxf1	10	186.7859141199839	0.5108146257247063	0.08804314314718703	0.0777585796276444	0.09925713167860223
baseline	6	data/2026-02-27-magnet-print(FOXF1 cells)/day5 after fix and stain (647PAX8)/6.czi	foxf1	11	204.57504879807757	0.5392289367492248	0.07903974763880997	0.06886105069074493	0.08952182729662442
baseline	6	data/2026-02-27-magnet-print(FOXF1 cells)/day5 after fix and stain (647PAX8)/6.czi	foxf1	12	222.3641834761713	0.7314731174632675	0.06430175837223548	0.055595367723139825	0.07147387042772539
baseline	6	data/2026-02-27-magnet-print(FOXF1 cells)/day5 after fix and stain (647PAX8)/6.czi	foxf1	13	240.15331815426498	0.9106626783690039	0.04544090583863392	0.03904323843693253	0.048494547169912416
baseline	6	data/2026-02-27-magnet-print(FOXF1 cells)/day5 after fix and stain (647PAX8)/6.czi	foxf1	14	257.9424528323587	0.8965627373451052	0.02187516026064222	0.018978216155429266	0.020028444757743135
baseline	6	data/2026-02-27-magnet-print(FOXF1 cells)/day5 after fix and stain (647PAX8)/6.czi	foxf1	15	275.7315875104524	0.5885348109838193	0.0029883987821452095	0.002901614542318496	0.0019057542442808915
baseline	6	data/2026-02-27-magnet-print(FOXF1 cells)/day5 after fix and stain (647PAX8)/6.czi	foxf1	16	293.5207221885461		0.0	0.0	0.0
baseline	6	data/2026-02-27-magnet-print(FOXF1 cells)/day5 after fix and stain (647PAX8)/6.czi	foxf1	17	311.30985686663985		0.0	0.0	0.0
baseline	6	data/2026-02-27-magnet-print(FOXF1 cells)/day5 after fix and stain (647PAX8)/6.czi	foxf1	18	329.0989915447335		0.0	0.0	0.0
baseline	6	data/2026-02-27-magnet-print(FOXF1 cells)/day5 after fix and stain (647PAX8)/6.czi	foxf1	19	346.88812622282717		0.0	0.0	0.0
baseline	6	data/2026-02-27-magnet-print(FOXF1 cells)/day5 after fix and stain (647PAX8)/6.czi	foxf1	20	364.67726090092094				
baseline	6	data/2026-02-27-magnet-print(FOXF1 cells)/day5 after fix and stain (647PAX8)/6.czi	foxf1	21	382.4663955790146				
baseline	6	data/2026-02-27-magnet-print(FOXF1 cells)/day5 after fix and stain (647PAX8)/6.czi	foxf1	22	400.25553025710826				
baseline	6	data/2026-02-27-magnet-print(FOXF1 cells)/day5 after fix and stain (647PAX8)/6.czi	foxf1	23	418.04466493520204				
baseline	6	data/2026-02-27-magnet-print(FOXF1 cells)/day5 after fix and stain (647PAX8)/6.czi	mesp2	0	8.894567339046851	0.558607129699194	0.16792475259401538	0.1654659766658313	0.1818514194303797
baseline	6	data/2026-02-27-magnet-print(FOXF1 cells)/day5 after fix and stain (647PAX8)/6.czi	mesp2	1	26.683702017140554	0.5632667552535853	0.1647474123886963	0.16242296832323913	0.1774595850932054
baseline	6	data/2026-02-27-magnet-print(FOXF1 cells)/day5 after fix and stain (647PAX8)/6.czi	mesp2	2	44.47283669523426	0.5673874080297303	0.15168153782585223	0.14961129565711137	0.15992359290654498
baseline	6	data/2026-02-27-magnet-print(FOXF1 cells)/day5 after fix and stain (647PAX8)/6.czi	mesp2	3	62.26197137332796	0.5609623071067901	0.12276006298385354	0.12134835076650076	0.12262359471602362
baseline	6	data/2026-02-27-magnet-print(FOXF1 cells)/day5 after fix and stain (647PAX8)/6.czi	mesp2	4	80.05110605142167	0.4855200689798916	0.08406440364196906	0.08520545456191685	0.07742989792154018
baseline	6	data/2026-02-27-magnet-print(FOXF1 cells)/day5 after fix and stain (647PAX8)/6.czi	mesp2	5	97.84024072951536	0.33467772576778165	0.05331798017871712	0.0575063207305367	0.04793349330099177
baseline	6	data/2026-02-27-magnet-print(FOXF1 cells)/day5 after fix and stain (647PAX8)/6.czi	mesp2	6	115.62937540760907	0.2688491821371574	0.03370392545850488	0.036184093892169	0.027200443295121075
baseline	6	data/2026-02-27-magnet-print(FOXF1 cells)/day5 after fix and stain (647PAX8)/6.czi	mesp2	7	133.41851008570276	0.25130282652071245	0.024361220213286544	0.025757597544075243	0.017875309419453058
baseline	6	data/2026-02-27-magnet-print(FOXF1 cells)/day5 after fix and stain (647PAX8)/6.czi	mesp2	8	151.20764476379648	0.20157790485948282	0.017042406872998957	0.01886468235982972	0.013088235652764969
baseline	6	data/2026-02-27-magnet-print(FOXF1 cells)/day5 after fix and stain (647PAX8)/6.czi	mesp2	9	168.99677944189017	0.16760441171772072	0.012852029937498424	0.013696607239259952	0.010034557261297695
baseline	6	data/2026-02-27-magnet-print(FOXF1 cells)/day5 after fix and stain (647PAX8)/6.czi	mesp2	10	186.7859141199839	0.12400755677477066	0.008576227896781412	0.008271421038697869	0.006719144425641017
baseline	6	data/2026-02-27-magnet-print(FOXF1 cells)/day5 after fix and stain (647PAX8)/6.czi	mesp2	11	204.57504879807757	0.05526865215543159	0.002109869226719662	0.00119884495515928	0.001011392729423468
baseline	6	data/2026-02-27-magnet-print(FOXF1 cells)/day5 after fix and stain (647PAX8)/6.czi	mesp2	12	222.3641834761713	0.0010793683016328403	1.7759896592478813e-05	-0.0009726782533302945	1.1674399071068063e-06
baseline	6	data/2026-02-27-magnet-print(FOXF1 cells)/day5 after fix and stain (647PAX8)/6.czi	mesp2	13	240.15331815426498	0.0	0.0	-0.0006113705867661985	0.0
baseline	6	data/2026-02-27-magnet-print(FOXF1 cells)/day5 after fix and stain (647PAX8)/6.czi	mesp2	14	257.9424528323587	0.0	0.0	-0.00029796100343916027	0.0
baseline	6	data/2026-02-27-magnet-print(FOXF1 cells)/day5 after fix and stain (647PAX8)/6.czi	mesp2	15	275.7315875104524	0.0	0.0	-7.786925392867168e-05	0.0
baseline	6	data/2026-02-27-magnet-print(FOXF1 cells)/day5 after fix and stain (647PAX8)/6.czi	mesp2	16	293.5207221885461		0.0	0.0	0.0
baseline	6	data/2026-02-27-magnet-print(FOXF1 cells)/day5 after fix and stain (647PAX8)/6.czi	mesp2	17	311.30985686663985		0.0	0.0	0.0
baseline	6	data/2026-02-27-magnet-print(FOXF1 cells)/day5 after fix and stain (647PAX8)/6.czi	mesp2	18	329.0989915447335		0.0	0.0	0.0
baseline	6	data/2026-02-27-magnet-print(FOXF1 cells)/day5 after fix and stain (647PAX8)/6.czi	mesp2	19	346.88812622282717		0.0	0.0	0.0
baseline	6	data/2026-02-27-magnet-print(FOXF1 cells)/day5 after fix and stain (647PAX8)/6.czi	mesp2	20	364.67726090092094				
baseline	6	data/2026-02-27-magnet-print(FOXF1 cells)/day5 after fix and stain (647PAX8)/6.czi	mesp2	21	382.4663955790146				
baseline	6	data/2026-02-27-magnet-print(FOXF1 cells)/day5 after fix and stain (647PAX8)/6.czi	mesp2	22	400.25553025710826				
baseline	6	data/2026-02-27-magnet-print(FOXF1 cells)/day5 after fix and stain (647PAX8)/6.czi	mesp2	23	418.04466493520204				
baseline	6	data/2026-02-27-magnet-print(FOXF1 cells)/day5 after fix and stain (647PAX8)/6.czi	pax8	0	8.894567339046851	6.455373434154511e-05	3.428547219312113e-05	0.07626077988132082	8.12482161906173e-06
baseline	6	data/2026-02-27-magnet-print(FOXF1 cells)/day5 after fix and stain (647PAX8)/6.czi	pax8	1	26.683702017140554	0.01280841664098315	0.006535599480533712	0.07922517518419375	0.0010891989037370151
baseline	6	data/2026-02-27-magnet-print(FOXF1 cells)/day5 after fix and stain (647PAX8)/6.czi	pax8	2	44.47283669523426	0.1035592994864428	0.05597728287306785	0.08468612936616558	0.018165150204810552
baseline	6	data/2026-02-27-magnet-print(FOXF1 cells)/day5 after fix and stain (647PAX8)/6.czi	pax8	3	62.26197137332796	0.20085312256873325	0.11640823933712212	0.08949532869927011	0.07043860919585845
baseline	6	data/2026-02-27-magnet-print(FOXF1 cells)/day5 after fix and stain (647PAX8)/6.czi	pax8	4	80.05110605142167	0.24677322790102585	0.16462392627827943	0.09743805277735854	0.16528342850451253
baseline	6	data/2026-02-27-magnet-print(FOXF1 cells)/day5 after fix and stain (647PAX8)/6.czi	pax8	5	97.84024072951536	0.2595455520442456	0.1849045202075252	0.09919396655967092	0.22655243771811834
baseline	6	data/2026-02-27-magnet-print(FOXF1 cells)/day5 after fix and stain (647PAX8)/6.czi	pax8	6	115.62937540760907	0.2691115506184686	0.17963269275321112	0.09414552465326705	0.21812003031139282
baseline	6	data/2026-02-27-magnet-print(FOXF1 cells)/day5 after fix and stain (647PAX8)/6.czi	pax8	7	133.41851008570276	0.1812262296784887	0.1051647278702962	0.07487219654886139	0.12270734519498885
baseline	6	data/2026-02-27-magnet-print(FOXF1 cells)/day5 after fix and stain (647PAX8)/6.czi	pax8	8	151.20764476379648	0.07599777086035168	0.034196596381080156	0.05184352241282479	0.033837030824055724
baseline	6	data/2026-02-27-magnet-print(FOXF1 cells)/day5 after fix and stain (647PAX8)/6.czi	pax8	9	168.99677944189017	0.008762515149467753	0.0029864256935365693	0.034157477850304784	0.001627440233117128
baseline	6	data/2026-02-27-magnet-print(FOXF1 cells)/day5 after fix and stain (647PAX8)/6.czi	pax8	10	186.7859141199839	1.7972280427910782e-06	4.716637524265953e-07	0.024221490020035204	2.900498368387474e-07
baseline	6	data/2026-02-27-magnet-print(FOXF1 cells)/day5 after fix and stain (647PAX8)/6.czi	pax8	11	204.57504879807757	0.0	0.0	0.016892405902296743	0.0
baseline	6	data/2026-02-27-magnet-print(FOXF1 cells)/day5 after fix and stain (647PAX8)/6.czi	pax8	12	222.3641834761713	0.0	0.0	0.011011791101627389	0.0
baseline	6	data/2026-02-27-magnet-print(FOXF1 cells)/day5 after fix and stain (647PAX8)/6.czi	pax8	13	240.15331815426498	0.0	0.0	0.007330714820224713	0.0
baseline	6	data/2026-02-27-magnet-print(FOXF1 cells)/day5 after fix and stain (647PAX8)/6.czi	pax8	14	257.9424528323587	0.0	0.0	0.004142129130855121	0.0
baseline	6	data/2026-02-27-magnet-print(FOXF1 cells)/day5 after fix and stain (647PAX8)/6.czi	pax8	15	275.7315875104524	0.0	0.0	0.000804439633971068	0.0
baseline	6	data/2026-02-27-magnet-print(FOXF1 cells)/day5 after fix and stain (647PAX8)/6.czi	pax8	16	293.5207221885461		0.0	0.0	0.0
baseline	6	data/2026-02-27-magnet-print(FOXF1 cells)/day5 after fix and stain (647PAX8)/6.czi	pax8	17	311.30985686663985		0.0	0.0	0.0
baseline	6	data/2026-02-27-magnet-print(FOXF1 cells)/day5 after fix and stain (647PAX8)/6.czi	pax8	18	329.0989915447335		0.0	0.0	0.0
baseline	6	data/2026-02-27-magnet-print(FOXF1 cells)/day5 after fix and stain (647PAX8)/6.czi	pax8	19	346.88812622282717		0.0	0.0	0.0
baseline	6	data/2026-02-27-magnet-print(FOXF1 cells)/day5 after fix and stain (647PAX8)/6.czi	pax8	20	364.67726090092094				
baseline	6	data/2026-02-27-magnet-print(FOXF1 cells)/day5 after fix and stain (647PAX8)/6.czi	pax8	21	382.4663955790146				
baseline	6	data/2026-02-27-magnet-print(FOXF1 cells)/day5 after fix and stain (647PAX8)/6.czi	pax8	22	400.25553025710826				
baseline	6	data/2026-02-27-magnet-print(FOXF1 cells)/day5 after fix and stain (647PAX8)/6.czi	pax8	23	418.04466493520204				
baseline	7	data/2026-02-27-magnet-print(FOXF1 cells)/day5 after fix and stain (647PAX8)/7.czi	foxf1	0	8.894567339046851	0.19154624456114716	0.02581438875240981	0.05703586707874231	0.002524506369204035
baseline	7	data/2026-02-27-magnet-print(FOXF1 cells)/day5 after fix and stain (647PAX8)/7.czi	foxf1	1	26.683702017140554	0.24084069453305806	0.03515197297421801	0.059393076721214626	0.006382380432051667
baseline	7	data/2026-02-27-magnet-print(FOXF1 cells)/day5 after fix and stain (647PAX8)/7.czi	foxf1	2	44.47283669523426	0.2610136969957107	0.04263494473354097	0.06230826479603741	0.01376639171298457
baseline	7	data/2026-02-27-magnet-print(FOXF1 cells)/day5 after fix and stain (647PAX8)/7.czi	foxf1	3	62.26197137332796	0.27459548454548444	0.05057868014876785	0.06496881719758593	0.02469937824021297
baseline	7	data/2026-02-27-magnet-print(FOXF1 cells)/day5 after fix and stain (647PAX8)/7.czi	foxf1	4	80.05110605142167	0.24894440388980435	0.05649533222169741	0.0672338320752726	0.04088898052241856
baseline	7	data/2026-02-27-magnet-print(FOXF1 cells)/day5 after fix and stain (647PAX8)/7.czi	foxf1	5	97.84024072951536	0.2158178736058176	0.06498002116038189	0.07086516854421943	0.06290953906888724
baseline	7	data/2026-02-27-magnet-print(FOXF1 cells)/day5 after fix and stain (647PAX8)/7.czi	foxf1	6	115.62937540760907	0.20476520960446357	0.07702389687878057	0.07456228150782931	0.08725240012672994
baseline	7	data/2026-02-27-magnet-print(FOXF1 cells)/day5 after fix and stain (647PAX8)/7.czi	foxf1	7	133.41851008570276	0.2168697039402687	0.08738697964818884	0.07525996970904947	0.10754276481929348
baseline	7	data/2026-02-27-magnet-print(FOXF1 cells)/day5 after fix and stain (647PAX8)/7.czi	foxf1	8	151.20764476379648	0.27309554195593183	0.09498119260917023	0.07512756758787759	0.12140130961149079
baseline	7	data/2026-02-27-magnet-print(FOXF1 cells)/day5 after fix and stain (647PAX8)/7.czi	foxf1	9	168.99677944189017	0.33080610623994394	0.09584816264731988	0.07384733802324825	0.12427674625782537
baseline	7	data/2026-02-27-magnet-print(FOXF1 cells)/day5 after fix and stain (647PAX8)/7.czi	foxf1	10	186.7859141199839	0.3713757002979712	0.08639603715375474	0.06622816464166158	0.11053607280255948
baseline	7	data/2026-02-27-magnet-print(FOXF1 cells)/day5 after fix and stain (647PAX8)/7.czi	foxf1	11	204.57504879807757	0.4112480462367794	0.06895028197146436	0.052531250708112556	0.08448106243428642
baseline	7	data/2026-02-27-magnet-print(FOXF1 cells)/day5 after fix and stain (647PAX8)/7.czi	foxf1	12	222.3641834761713	0.44192129357931637	0.041263723406500606	0.03165677305239194	0.045627931409997304
baseline	7	data/2026-02-27-magnet-print(FOXF1 cells)/day5 after fix and stain (647PAX8)/7.czi	foxf1	13	240.15331815426498	0.5677840265151439	0.015746750368407003	0.012804128018122835	0.013463808840829814
baseline	7	data/2026-02-27-magnet-print(FOXF1 cells)/day5 after fix and stain (647PAX8)/7.czi	foxf1	14	257.9424528323587	0.42640139071759414	0.0021683251827581264	0.002167835860128562	0.0009349785338246563
baseline	7	data/2026-02-27-magnet-print(FOXF1 cells)/day5 after fix and stain (647PAX8)/7.czi	foxf1	15	275.7315875104524		2.861560299328574e-05	5.571217607406247e-05	2.8098698699160185e-06
baseline	7	data/2026-02-27-magnet-print(FOXF1 cells)/day5 after fix and stain (647PAX8)/7.czi	foxf1	16	293.5207221885461		0.0	0.0	0.0
baseline	7	data/2026-02-27-magnet-print(FOXF1 cells)/day5 after fix and stain (647PAX8)/7.czi	foxf1	17	311.30985686663985		0.0	0.0	0.0
baseline	7	data/2026-02-27-magnet-print(FOXF1 cells)/day5 after fix and stain (647PAX8)/7.czi	foxf1	18	329.0989915447335		0.0	0.0	0.0
baseline	7	data/2026-02-27-magnet-print(FOXF1 cells)/day5 after fix and stain (647PAX8)/7.czi	foxf1	19	346.88812622282717		0.0	0.0	0.0
baseline	7	data/2026-02-27-magnet-print(FOXF1 cells)/day5 after fix and stain (647PAX8)/7.czi	foxf1	20	364.67726090092094				
baseline	7	data/2026-02-27-magnet-print(FOXF1 cells)/day5 after fix and stain (647PAX8)/7.czi	foxf1	21	382.4663955790146				
baseline	7	data/2026-02-27-magnet-print(FOXF1 cells)/day5 after fix and stain (647PAX8)/7.czi	foxf1	22	400.25553025710826				
baseline	7	data/2026-02-27-magnet-print(FOXF1 cells)/day5 after fix and stain (647PAX8)/7.czi	foxf1	23	418.04466493520204				
baseline	7	data/2026-02-27-magnet-print(FOXF1 cells)/day5 after fix and stain (647PAX8)/7.czi	mesp2	0	8.894567339046851	0.5216836062466593	0.1670544279351375	0.16183528986604204	0.18233385983778508
baseline	7	data/2026-02-27-magnet-print(FOXF1 cells)/day5 after fix and stain (647PAX8)/7.czi	mesp2	1	26.683702017140554	0.5233994023747747	0.16358659294836497	0.15885893380885666	0.1778246739419556
baseline	7	data/2026-02-27-magnet-print(FOXF1 cells)/day5 after fix and stain (647PAX8)/7.czi	mesp2	2	44.47283669523426	0.5336689866160724	0.15372976501188426	0.14970069181453916	0.16338734226361123
baseline	7	data/2026-02-27-magnet-print(FOXF1 cells)/day5 after fix and stain (647PAX8)/7.czi	mesp2	3	62.26197137332796	0.528408823733675	0.12752086448175867	0.12506720883180297	0.1286356226689306
baseline	7	data/2026-02-27-magnet-print(FOXF1 cells)/day5 after fix and stain (647PAX8)/7.czi	mesp2	4	80.05110605142167	0.48428694562591607	0.09583267974870775	0.09576433563201409	0.09035313756946034
baseline	7	data/2026-02-27-magnet-print(FOXF1 cells)/day5 after fix and stain (647PAX8)/7.czi	mesp2	5	97.84024072951536	0.42559689475844426	0.06778400928625995	0.06996228190082146	0.05799235095682658
baseline	7	data/2026-02-27-magnet-print(FOXF1 cells)/day5 after fix and stain (647PAX8)/7.czi	mesp2	6	115.62937540760907	0.36731352081397844	0.04317884457170984	0.04629862818098955	0.030813357463224413
baseline	7	data/2026-02-27-magnet-print(FOXF1 cells)/day5 after fix and stain (647PAX8)/7.czi	mesp2	7	133.41851008570276	0.2529042357407438	0.020811786476383508	0.02559801119207504	0.011307674887189648
baseline	7	data/2026-02-27-magnet-print(FOXF1 cells)/day5 after fix and stain (647PAX8)/7.czi	mesp2	8	151.20764476379648	0.09468851354859065	0.004988192880730296	0.010105217094780924	0.0016340047171048892
baseline	7	data/2026-02-27-magnet-print(FOXF1 cells)/day5 after fix and stain (647PAX8)/7.czi	mesp2	9	168.99677944189017	0.005249711645695111	0.00017908860493293783	0.002738436055170151	2.6596132898067145e-05
baseline	7	data/2026-02-27-magnet-print(FOXF1 cells)/day5 after fix and stain (647PAX8)/7.czi	mesp2	10	186.7859141199839	0.0	0.0	0.0005016033999256145	2.8947990348220465e-08
baseline	7	data/2026-02-27-magnet-print(FOXF1 cells)/day5 after fix and stain (647PAX8)/7.czi	mesp2	11	204.57504879807757	0.0	0.0	-0.0003544539608450598	0.0
baseline	7	data/2026-02-27-magnet-print(FOXF1 cells)/day5 after fix and stain (647PAX8)/7.czi	mesp2	12	222.3641834761713	0.0	0.0	-0.0007770128380860046	0.0
baseline	7	data/2026-02-27-magnet-print(FOXF1 cells)/day5 after fix and stain (647PAX8)/7.czi	mesp2	13	240.15331815426498	0.0	0.0	-0.0005530043885076135	0.0
baseline	7	data/2026-02-27-magnet-print(FOXF1 cells)/day5 after fix and stain (647PAX8)/7.czi	mesp2	14	257.9424528323587	0.0	0.0	-0.00015315836918693162	0.0
baseline	7	data/2026-02-27-magnet-print(FOXF1 cells)/day5 after fix and stain (647PAX8)/7.czi	mesp2	15	275.7315875104524		0.0	-5.152913763334855e-06	0.0
baseline	7	data/2026-02-27-magnet-print(FOXF1 cells)/day5 after fix and stain (647PAX8)/7.czi	mesp2	16	293.5207221885461		0.0	0.0	0.0
baseline	7	data/2026-02-27-magnet-print(FOXF1 cells)/day5 after fix and stain (647PAX8)/7.czi	mesp2	17	311.30985686663985		0.0	0.0	0.0
baseline	7	data/2026-02-27-magnet-print(FOXF1 cells)/day5 after fix and stain (647PAX8)/7.czi	mesp2	18	329.0989915447335		0.0	0.0	0.0
baseline	7	data/2026-02-27-magnet-print(FOXF1 cells)/day5 after fix and stain (647PAX8)/7.czi	mesp2	19	346.88812622282717		0.0	0.0	0.0
baseline	7	data/2026-02-27-magnet-print(FOXF1 cells)/day5 after fix and stain (647PAX8)/7.czi	mesp2	20	364.67726090092094				
baseline	7	data/2026-02-27-magnet-print(FOXF1 cells)/day5 after fix and stain (647PAX8)/7.czi	mesp2	21	382.4663955790146				
baseline	7	data/2026-02-27-magnet-print(FOXF1 cells)/day5 after fix and stain (647PAX8)/7.czi	mesp2	22	400.25553025710826				
baseline	7	data/2026-02-27-magnet-print(FOXF1 cells)/day5 after fix and stain (647PAX8)/7.czi	mesp2	23	418.04466493520204				
baseline	7	data/2026-02-27-magnet-print(FOXF1 cells)/day5 after fix and stain (647PAX8)/7.czi	pax8	0	8.894567339046851	0.1284755768510033	0.17338810133888624	0.10763163394148857	0.22484247969749216
baseline	7	data/2026-02-27-magnet-print(FOXF1 cells)/day5 after fix and stain (647PAX8)/7.czi	pax8	1	26.683702017140554	0.12727151041546983	0.1704521244202527	0.10582827791792317	0.22266740318551925
baseline	7	data/2026-02-27-magnet-print(FOXF1 cells)/day5 after fix and stain (647PAX8)/7.czi	pax8	2	44.47283669523426	0.13198870604693333	0.17079044916018613	0.10506115768819654	0.1816202582051718
baseline	7	data/2026-02-27-magnet-print(FOXF1 cells)/day5 after fix and stain (647PAX8)/7.czi	pax8	3	62.26197137332796	0.10539155571940445	0.1295255494722124	0.10071030118203873	0.10114654389728461
baseline	7	data/2026-02-27-magnet-print(FOXF1 cells)/day5 after fix and stain (647PAX8)/7.czi	pax8	4	80.05110605142167	0.0644433678677251	0.0755231240252926	0.09328128530053983	0.0478590282407585
baseline	7	data/2026-02-27-magnet-print(FOXF1 cells)/day5 after fix and stain (647PAX8)/7.czi	pax8	5	97.84024072951536	0.04402889309439432	0.0489128751502667	0.084988125784755	0.026730236367322854
baseline	7	data/2026-02-27-magnet-print(FOXF1 cells)/day5 after fix and stain (647PAX8)/7.czi	pax8	6	115.62937540760907	0.033572496722895924	0.034963433271779365	0.07369525572788366	0.017023752975965208
baseline	7	data/2026-02-27-magnet-print(FOXF1 cells)/day5 after fix and stain (647PAX8)/7.czi	pax8	7	133.41851008570276	0.02701560128989112	0.025162601210905966	0.05814160467990105	0.014021668702472307
baseline	7	data/2026-02-27-magnet-print(FOXF1 cells)/day5 after fix and stain (647PAX8)/7.czi	pax8	8	151.20764476379648	0.01513557386417409	0.010995120165812756	0.04170184640461436	0.005291896996492011
baseline	7	data/2026-02-27-magnet-print(FOXF1 cells)/day5 after fix and stain (647PAX8)/7.czi	pax8	9	168.99677944189017	0.00336691366795607	0.0020161028757417696	0.029895900931300227	0.0010875852679641381
baseline	7	data/2026-02-27-magnet-print(FOXF1 cells)/day5 after fix and stain (647PAX8)/7.czi	pax8	10	186.7859141199839	7.650108079749085e-05	3.879007682811811e-05	0.021130181684908204	1.2586588969169338e-05
baseline	7	data/2026-02-27-magnet-print(FOXF1 cells)/day5 after fix and stain (647PAX8)/7.czi	pax8	11	204.57504879807757	0.0	0.0	0.013660537744335764	0.0
baseline	7	data/2026-02-27-magnet-print(FOXF1 cells)/day5 after fix and stain (647PAX8)/7.czi	pax8	12	222.3641834761713	0.0	0.0	0.007073531624958426	0.0
baseline	7	data/2026-02-27-magnet-print(FOXF1 cells)/day5 after fix and stain (647PAX8)/7.czi	pax8	13	240.15331815426498	0.0	0.0	0.0023430048942019227	0.0
baseline	7	data/2026-02-27-magnet-print(FOXF1 cells)/day5 after fix and stain (647PAX8)/7.czi	pax8	14	257.9424528323587	0.0	0.0	0.0003651552834193808	0.0
baseline	7	data/2026-02-27-magnet-print(FOXF1 cells)/day5 after fix and stain (647PAX8)/7.czi	pax8	15	275.7315875104524		0.0	9.724815771539116e-06	0.0
baseline	7	data/2026-02-27-magnet-print(FOXF1 cells)/day5 after fix and stain (647PAX8)/7.czi	pax8	16	293.5207221885461		0.0	0.0	0.0
baseline	7	data/2026-02-27-magnet-print(FOXF1 cells)/day5 after fix and stain (647PAX8)/7.czi	pax8	17	311.30985686663985		0.0	0.0	0.0
baseline	7	data/2026-02-27-magnet-print(FOXF1 cells)/day5 after fix and stain (647PAX8)/7.czi	pax8	18	329.0989915447335		0.0	0.0	0.0
baseline	7	data/2026-02-27-magnet-print(FOXF1 cells)/day5 after fix and stain (647PAX8)/7.czi	pax8	19	346.88812622282717		0.0	0.0	0.0
baseline	7	data/2026-02-27-magnet-print(FOXF1 cells)/day5 after fix and stain (647PAX8)/7.czi	pax8	20	364.67726090092094				
baseline	7	data/2026-02-27-magnet-print(FOXF1 cells)/day5 after fix and stain (647PAX8)/7.czi	pax8	21	382.4663955790146				
baseline	7	data/2026-02-27-magnet-print(FOXF1 cells)/day5 after fix and stain (647PAX8)/7.czi	pax8	22	400.25553025710826				
baseline	7	data/2026-02-27-magnet-print(FOXF1 cells)/day5 after fix and stain (647PAX8)/7.czi	pax8	23	418.04466493520204				
baseline	8	data/2026-02-27-magnet-print(FOXF1 cells)/day5 after fix and stain (647PAX8)/8.czi	foxf1	0	8.894567339046851	0.3945507429433533	0.06161318624819319	0.07596643934257924	0.021665680543834276
baseline	8	data/2026-02-27-magnet-print(FOXF1 cells)/day5 after fix and stain (647PAX8)/8.czi	foxf1	1	26.683702017140554	0.3540013720074826	0.060845514993160224	0.07746927794525864	0.029020754967136107
baseline	8	data/2026-02-27-magnet-print(FOXF1 cells)/day5 after fix and stain (647PAX8)/8.czi	foxf1	2	44.47283669523426	0.31453612663923924	0.06383566799275016	0.07932186091096928	0.043342527671594
baseline	8	data/2026-02-27-magnet-print(FOXF1 cells)/day5 after fix and stain (647PAX8)/8.czi	foxf1	3	62.26197137332796	0.2788456124104959	0.0685093790576898	0.08086278153478735	0.060775385822458956
baseline	8	data/2026-02-27-magnet-print(FOXF1 cells)/day5 after fix and stain (647PAX8)/8.czi	foxf1	4	80.05110605142167	0.26725588880006196	0.07551704624183658	0.08178117968083383	0.07714943187875538
baseline	8	data/2026-02-27-magnet-print(FOXF1 cells)/day5 after fix and stain (647PAX8)/8.czi	foxf1	5	97.84024072951536	0.27250818663487575	0.08290427535881104	0.08260989886287963	0.09043445973216024
baseline	8	data/2026-02-27-magnet-print(FOXF1 cells)/day5 after fix and stain (647PAX8)/8.czi	foxf1	6	115.62937540760907	0.3015709110737605	0.09344944474497835	0.08554317195173461	0.10552645380804264
baseline	8	data/2026-02-27-magnet-print(FOXF1 cells)/day5 after fix and stain (647PAX8)/8.czi	foxf1	7	133.41851008570276	0.3113390775392331	0.0958354625232734	0.08440866412643482	0.11141939591106201
baseline	8	data/2026-02-27-magnet-print(FOXF1 cells)/day5 after fix and stain (647PAX8)/8.czi	foxf1	8	151.20764476379648	0.2924364132366436	0.0884467345669514	0.07583049927283182	0.1076661322630512
baseline	8	data/2026-02-27-magnet-print(FOXF1 cells)/day5 after fix and stain (647PAX8)/8.czi	foxf1	9	168.99677944189017	0.2530745305767372	0.06642040749838354	0.054071412572958125	0.08655697543093673
baseline	8	data/2026-02-27-magnet-print(FOXF1 cells)/day5 after fix and stain (647PAX8)/8.czi	foxf1	10	186.7859141199839	0.2659101915296653	0.04833761626667656	0.035507601090291746	0.06508291259533369
baseline	8	data/2026-02-27-magnet-print(FOXF1 cells)/day5 after fix and stain (647PAX8)/8.czi	foxf1	11	204.57504879807757	0.4202551555530542	0.02986933642704083	0.02252605685794061	0.037217768496614165
baseline	8	data/2026-02-27-magnet-print(FOXF1 cells)/day5 after fix and stain (647PAX8)/8.czi	foxf1	12	222.3641834761713	0.5628229161073152	0.009214960826381355	0.008032742236964584	0.009110187706728463
baseline	8	data/2026-02-27-magnet-print(FOXF1 cells)/day5 after fix and stain (647PAX8)/8.czi	foxf1	13	240.15331815426498		0.00019463488195849306	0.0003602525881694122	4.6785213489410625e-05
baseline	8	data/2026-02-27-magnet-print(FOXF1 cells)/day5 after fix and stain (647PAX8)/8.czi	foxf1	14	257.9424528323587		0.0	0.0	0.0
baseline	8	data/2026-02-27-magnet-print(FOXF1 cells)/day5 after fix and stain (647PAX8)/8.czi	foxf1	15	275.7315875104524		0.0	0.0	0.0
baseline	8	data/2026-02-27-magnet-print(FOXF1 cells)/day5 after fix and stain (647PAX8)/8.czi	foxf1	16	293.5207221885461		0.0	0.0	0.0
baseline	8	data/2026-02-27-magnet-print(FOXF1 cells)/day5 after fix and stain (647PAX8)/8.czi	foxf1	17	311.30985686663985		0.0	0.0	0.0
baseline	8	data/2026-02-27-magnet-print(FOXF1 cells)/day5 after fix and stain (647PAX8)/8.czi	foxf1	18	329.0989915447335		0.0	0.0	0.0
baseline	8	data/2026-02-27-magnet-print(FOXF1 cells)/day5 after fix and stain (647PAX8)/8.czi	foxf1	19	346.88812622282717		0.0	0.0	0.0
baseline	8	data/2026-02-27-magnet-print(FOXF1 cells)/day5 after fix and stain (647PAX8)/8.czi	foxf1	20	364.67726090092094				
baseline	8	data/2026-02-27-magnet-print(FOXF1 cells)/day5 after fix and stain (647PAX8)/8.czi	foxf1	21	382.4663955790146				
baseline	8	data/2026-02-27-magnet-print(FOXF1 cells)/day5 after fix and stain (647PAX8)/8.czi	foxf1	22	400.25553025710826				
baseline	8	data/2026-02-27-magnet-print(FOXF1 cells)/day5 after fix and stain (647PAX8)/8.czi	foxf1	23	418.04466493520204				
baseline	8	data/2026-02-27-magnet-print(FOXF1 cells)/day5 after fix and stain (647PAX8)/8.czi	mesp2	0	8.894567339046851	0.5821255659588426	0.14807147236596951	0.14712626638906084	0.15206658116700647
baseline	8	data/2026-02-27-magnet-print(FOXF1 cells)/day5 after fix and stain (647PAX8)/8.czi	mesp2	1	26.683702017140554	0.5756057163369297	0.1453355226709821	0.14452814414506893	0.14935147227821274
baseline	8	data/2026-02-27-magnet-print(FOXF1 cells)/day5 after fix and stain (647PAX8)/8.czi	mesp2	2	44.47283669523426	0.581155857705438	0.13750342769122867	0.13685594353125646	0.13908373005314706
baseline	8	data/2026-02-27-magnet-print(FOXF1 cells)/day5 after fix and stain (647PAX8)/8.czi	mesp2	3	62.26197137332796	0.5436180516756595	0.11635729101839766	0.11730129164241636	0.1149416887445221
baseline	8	data/2026-02-27-magnet-print(FOXF1 cells)/day5 after fix and stain (647PAX8)/8.czi	mesp2	4	80.05110605142167	0.4076015055682776	0.08923316094834663	0.09271239761092073	0.08955410784214292
baseline	8	data/2026-02-27-magnet-print(FOXF1 cells)/day5 after fix and stain (647PAX8)/8.czi	mesp2	5	97.84024072951536	0.3267761968833205	0.06971252465846398	0.0723799363869013	0.06990013863637894
baseline	8	data/2026-02-27-magnet-print(FOXF1 cells)/day5 after fix and stain (647PAX8)/8.czi	mesp2	6	115.62937540760907	0.302002743222451	0.055096223633717724	0.05638137931452815	0.053378047371856925
baseline	8	data/2026-02-27-magnet-print(FOXF1 cells)/day5 after fix and stain (647PAX8)/8.czi	mesp2	7	133.41851008570276	0.2633059790665384	0.04291470303390702	0.043543786573522765	0.040712547820297186
baseline	8	data/2026-02-27-magnet-print(FOXF1 cells)/day5 after fix and stain (647PAX8)/8.czi	mesp2	8	151.20764476379648	0.1941396448629795	0.027854645407224432	0.02752090230337563	0.026036380953615067
baseline	8	data/2026-02-27-magnet-print(FOXF1 cells)/day5 after fix and stain (647PAX8)/8.czi	mesp2	9	168.99677944189017	0.1320034106176629	0.01029072454423899	0.008516110772571164	0.008185403170314633
baseline	8	data/2026-02-27-magnet-print(FOXF1 cells)/day5 after fix and stain (647PAX8)/8.czi	mesp2	10	186.7859141199839	0.027379857083145984	0.0008735331803430783	-0.0017275442661579795	0.0004025723534885582
baseline	8	data/2026-02-27-magnet-print(FOXF1 cells)/day5 after fix and stain (647PAX8)/8.czi	mesp2	11	204.57504879807757	0.0	0.0	-0.0016352295609658946	0.0
baseline	8	data/2026-02-27-magnet-print(FOXF1 cells)/day5 after fix and stain (647PAX8)/8.czi	mesp2	12	222.3641834761713	0.0	0.0	-0.00024005828142670548	0.0
baseline	8	data/2026-02-27-magnet-print(FOXF1 cells)/day5 after fix and stain (647PAX8)/8.czi	mesp2	13	240.15331815426498		0.0	-2.8288350655835858e-05	0.0
baseline	8	data/2026-02-27-magnet-print(FOXF1 cells)/day5 after fix and stain (647PAX8)/8.czi	mesp2	14	257.9424528323587		0.0	0.0	0.0
baseline	8	data/2026-02-27-magnet-print(FOXF1 cells)/day5 after fix and stain (647PAX8)/8.czi	mesp2	15	275.7315875104524		0.0	0.0	0.0
baseline	8	data/2026-02-27-magnet-print(FOXF1 cells)/day5 after fix and stain (647PAX8)/8.czi	mesp2	16	293.5207221885461		0.0	0.0	0.0
baseline	8	data/2026-02-27-magnet-print(FOXF1 cells)/day5 after fix and stain (647PAX8)/8.czi	mesp2	17	311.30985686663985		0.0	0.0	0.0
baseline	8	data/2026-02-27-magnet-print(FOXF1 cells)/day5 after fix and stain (647PAX8)/8.czi	mesp2	18	329.0989915447335		0.0	0.0	0.0
baseline	8	data/2026-02-27-magnet-print(FOXF1 cells)/day5 after fix and stain (647PAX8)/8.czi	mesp2	19	346.88812622282717		0.0	0.0	0.0
baseline	8	data/2026-02-27-magnet-print(FOXF1 cells)/day5 after fix and stain (647PAX8)/8.czi	mesp2	20	364.67726090092094				
baseline	8	data/2026-02-27-magnet-print(FOXF1 cells)/day5 after fix and stain (647PAX8)/8.czi	mesp2	21	382.4663955790146				
baseline	8	data/2026-02-27-magnet-print(FOXF1 cells)/day5 after fix and stain (647PAX8)/8.czi	mesp2	22	400.25553025710826				
baseline	8	data/2026-02-27-magnet-print(FOXF1 cells)/day5 after fix and stain (647PAX8)/8.czi	mesp2	23	418.04466493520204				
baseline	8	data/2026-02-27-magnet-print(FOXF1 cells)/day5 after fix and stain (647PAX8)/8.czi	pax8	0	8.894567339046851	0.1486375644556067	0.08234383854537654	0.10469004012349899	0.06272113421198974
baseline	8	data/2026-02-27-magnet-print(FOXF1 cells)/day5 after fix and stain (647PAX8)/8.czi	pax8	1	26.683702017140554	0.157822774224784	0.09601688777295472	0.10416666356644377	0.106752732263322
baseline	8	data/2026-02-27-magnet-print(FOXF1 cells)/day5 after fix and stain (647PAX8)/8.czi	pax8	2	44.47283669523426	0.17866379413750924	0.10852100192525756	0.10153757045241851	0.12332104068109069
baseline	8	data/2026-02-27-magnet-print(FOXF1 cells)/day5 after fix and stain (647PAX8)/8.czi	pax8	3	62.26197137332796	0.1873609288175803	0.11312510717731823	0.09709113480377413	0.13208329739621102
baseline	8	data/2026-02-27-magnet-print(FOXF1 cells)/day5 after fix and stain (647PAX8)/8.czi	pax8	4	80.05110605142167	0.17650751816724114	0.10626413356677777	0.09112865430645131	0.13040435809343517
baseline	8	data/2026-02-27-magnet-print(FOXF1 cells)/day5 after fix and stain (647PAX8)/8.czi	pax8	5	97.84024072951536	0.17983015140245753	0.10210817308576577	0.08539838403089658	0.11487474686850478
baseline	8	data/2026-02-27-magnet-print(FOXF1 cells)/day5 after fix and stain (647PAX8)/8.czi	pax8	6	115.62937540760907	0.17062804771829984	0.08506762902509846	0.07599267324243697	0.07089267887800316
baseline	8	data/2026-02-27-magnet-print(FOXF1 cells)/day5 after fix and stain (647PAX8)/8.czi	pax8	7	133.41851008570276	0.14971371811219483	0.06721087234849904	0.06679620905635739	0.044167988801776845
baseline	8	data/2026-02-27-magnet-print(FOXF1 cells)/day5 after fix and stain (647PAX8)/8.czi	pax8	8	151.20764476379648	0.12887368987341458	0.05321803530777369	0.055963789651525146	0.0390653254124637
baseline	8	data/2026-02-27-magnet-print(FOXF1 cells)/day5 after fix and stain (647PAX8)/8.czi	pax8	9	168.99677944189017	0.0846935694501276	0.026483236473696166	0.036665088376619026	0.01792591409702736
baseline	8	data/2026-02-27-magnet-print(FOXF1 cells)/day5 after fix and stain (647PAX8)/8.czi	pax8	10	186.7859141199839	0.013137858287742409	0.0026888965052929113	0.01669579765637088	0.0011337010590041652
baseline	8	data/2026-02-27-magnet-print(FOXF1 cells)/day5 after fix and stain (647PAX8)/8.czi	pax8	11	204.57504879807757	0.0	0.0	0.00653313083865684	0.0
baseline	8	data/2026-02-27-magnet-print(FOXF1 cells)/day5 after fix and stain (647PAX8)/8.czi	pax8	12	222.3641834761713	0.0	0.0	0.0014446246849917294	0.0
baseline	8	data/2026-02-27-magnet-print(FOXF1 cells)/day5 after fix and stain (647PAX8)/8.czi	pax8	13	240.15331815426498		0.0	8.695295530551752e-05	0.0
baseline	8	data/2026-02-27-magnet-print(FOXF1 cells)/day5 after fix and stain (647PAX8)/8.czi	pax8	14	257.9424528323587		0.0	0.0	0.0
baseline	8	data/2026-02-27-magnet-print(FOXF1 cells)/day5 after fix and stain (647PAX8)/8.czi	pax8	15	275.7315875104524		0.0	0.0	0.0
baseline	8	data/2026-02-27-magnet-print(FOXF1 cells)/day5 after fix and stain (647PAX8)/8.czi	pax8	16	293.5207221885461		0.0	0.0	0.0
baseline	8	data/2026-02-27-magnet-print(FOXF1 cells)/day5 after fix and stain (647PAX8)/8.czi	pax8	17	311.30985686663985		0.0	0.0	0.0
baseline	8	data/2026-02-27-magnet-print(FOXF1 cells)/day5 after fix and stain (647PAX8)/8.czi	pax8	18	329.0989915447335		0.0	0.0	0.0
baseline	8	data/2026-02-27-magnet-print(FOXF1 cells)/day5 after fix and stain (647PAX8)/8.czi	pax8	19	346.88812622282717		0.0	0.0	0.0
baseline	8	data/2026-02-27-magnet-print(FOXF1 cells)/day5 after fix and stain (647PAX8)/8.czi	pax8	20	364.67726090092094				
baseline	8	data/2026-02-27-magnet-print(FOXF1 cells)/day5 after fix and stain (647PAX8)/8.czi	pax8	21	382.4663955790146				
baseline	8	data/2026-02-27-magnet-print(FOXF1 cells)/day5 after fix and stain (647PAX8)/8.czi	pax8	22	400.25553025710826				
baseline	8	data/2026-02-27-magnet-print(FOXF1 cells)/day5 after fix and stain (647PAX8)/8.czi	pax8	23	418.04466493520204				
baseline	9	data/2026-02-27-magnet-print(FOXF1 cells)/day5 after fix and stain (647PAX8)/9.czi	foxf1	0	8.894567339046851	0.33965927777622273	0.014580008770998003	0.021885454199365856	0.005486069006854411
baseline	9	data/2026-02-27-magnet-print(FOXF1 cells)/day5 after fix and stain (647PAX8)/9.czi	foxf1	1	26.683702017140554	0.35649825750209857	0.015623021641515009	0.0221511923974622	0.0063558412675426825
baseline	9	data/2026-02-27-magnet-print(FOXF1 cells)/day5 after fix and stain (647PAX8)/9.czi	foxf1	2	44.47283669523426	0.3685536107729633	0.01810466396776943	0.023504843413111917	0.00914185600697445
baseline	9	data/2026-02-27-magnet-print(FOXF1 cells)/day5 after fix and stain (647PAX8)/9.czi	foxf1	3	62.26197137332796	0.3675719946478683	0.021196540069649866	0.02534723734859531	0.013503395622202864
baseline	9	data/2026-02-27-magnet-print(FOXF1 cells)/day5 after fix and stain (647PAX8)/9.czi	foxf1	4	80.05110605142167	0.36712973482313066	0.02559192126795766	0.028280435084886184	0.019696075970203494
baseline	9	data/2026-02-27-magnet-print(FOXF1 cells)/day5 after fix and stain (647PAX8)/9.czi	foxf1	5	97.84024072951536	0.4065270663960897	0.033898385429058854	0.03530244624509772	0.029562616245402157
baseline	9	data/2026-02-27-magnet-print(FOXF1 cells)/day5 after fix and stain (647PAX8)/9.czi	foxf1	6	115.62937540760907	0.44463947433119133	0.04156882210498403	0.041975260610402694	0.03942426262399985
baseline	9	data/2026-02-27-magnet-print(FOXF1 cells)/day5 after fix and stain (647PAX8)/9.czi	foxf1	7	133.41851008570276	0.5055282490514035	0.05057312947473169	0.0498836834887401	0.0505574973316834
baseline	9	data/2026-02-27-magnet-print(FOXF1 cells)/day5 after fix and stain (647PAX8)/9.czi	foxf1	8	151.20764476379648	0.6039225813831274	0.05777737811702564	0.05619549095943685	0.05977288585854528
baseline	9	data/2026-02-27-magnet-print(FOXF1 cells)/day5 after fix and stain (647PAX8)/9.czi	foxf1	9	168.99677944189017	0.7126111876281426	0.06297069375834709	0.060851538446764115	0.06679495399906768
baseline	9	data/2026-02-27-magnet-print(FOXF1 cells)/day5 after fix and stain (647PAX8)/9.czi	foxf1	10	186.7859141199839	0.8188881006546673	0.06698111490402421	0.06443958291777564	0.07260297779763968
baseline	9	data/2026-02-27-magnet-print(FOXF1 cells)/day5 after fix and stain (647PAX8)/9.czi	foxf1	11	204.57504879807757	0.8831398278306205	0.06902840746584592	0.06590884461868167	0.07555733660257898
baseline	9	data/2026-02-27-magnet-print(FOXF1 cells)/day5 after fix and stain (647PAX8)/9.czi	foxf1	12	222.3641834761713	0.9262258832093908	0.06891217918827851	0.06561231404845304	0.07595596248693198
baseline	9	data/2026-02-27-magnet-print(FOXF1 cells)/day5 after fix and stain (647PAX8)/9.czi	foxf1	13	240.15331815426498	0.9555936407300043	0.06574706284716543	0.06249178310656856	0.07246009402105083
baseline	9	data/2026-02-27-magnet-print(FOXF1 cells)/day5 after fix and stain (647PAX8)/9.czi	foxf1	14	257.9424528323587	0.9682088374461005	0.061122176921478304	0.058051877538049246	0.06705261919140773
baseline	9	data/2026-02-27-magnet-print(FOXF1 cells)/day5 after fix and stain (647PAX8)/9.czi	foxf1	15	275.7315875104524	0.9684827839556841	0.054268466162380916	0.051546909870858394	0.05930419166759784
baseline	9	data/2026-02-27-magnet-print(FOXF1 cells)/day5 after fix and stain (647PAX8)/9.czi	foxf1	16	293.5207221885461	0.9684777950860368	0.04649680358503052	0.04417872835913719	0.050160643612134244
baseline	9	data/2026-02-27-magnet-print(FOXF1 cells)/day5 after fix and stain (647PAX8)/9.czi	foxf1	17	311.30985686663985	0.9635147337387568	0.03753548179642333	0.035696226440884035	0.03998135786304466
baseline	9	data/2026-02-27-magnet-print(FOXF1 cells)/day5 after fix and stain (647PAX8)/9.czi	foxf1	18	329.0989915447335	0.9527175070874337	0.02374204608518899	0.022636613520319874	0.02406258229679878
baseline	9	data/2026-02-27-magnet-print(FOXF1 cells)/day5 after fix and stain (647PAX8)/9.czi	foxf1	19	346.88812622282717	0.8650125829847916	0.008773792750755056	0.008528267063167375	0.007571985802335524
baseline	9	data/2026-02-27-magnet-print(FOXF1 cells)/day5 after fix and stain (647PAX8)/9.czi	foxf1	20	364.67726090092094				
baseline	9	data/2026-02-27-magnet-print(FOXF1 cells)/day5 after fix and stain (647PAX8)/9.czi	foxf1	21	382.4663955790146				
baseline	9	data/2026-02-27-magnet-print(FOXF1 cells)/day5 after fix and stain (647PAX8)/9.czi	foxf1	22	400.25553025710826				
baseline	9	data/2026-02-27-magnet-print(FOXF1 cells)/day5 after fix and stain (647PAX8)/9.czi	foxf1	23	418.04466493520204				
baseline	9	data/2026-02-27-magnet-print(FOXF1 cells)/day5 after fix and stain (647PAX8)/9.czi	mesp2	0	8.894567339046851	0.5813640208545999	0.14590798171544497	0.14586683482398238	0.15508690029752184
baseline	9	data/2026-02-27-magnet-print(FOXF1 cells)/day5 after fix and stain (647PAX8)/9.czi	mesp2	1	26.683702017140554	0.5735262069621904	0.14049015354680866	0.14020594910842993	0.14903352873351067
baseline	9	data/2026-02-27-magnet-print(FOXF1 cells)/day5 after fix and stain (647PAX8)/9.czi	mesp2	2	44.47283669523426	0.5659150844628941	0.1302185777658888	0.1297585846168041	0.1350281241388934
baseline	9	data/2026-02-27-magnet-print(FOXF1 cells)/day5 after fix and stain (647PAX8)/9.czi	mesp2	3	62.26197137332796	0.5416635441598	0.11238230608483103	0.11175812367694157	0.11252070452107961
baseline	9	data/2026-02-27-magnet-print(FOXF1 cells)/day5 after fix and stain (647PAX8)/9.czi	mesp2	4	80.05110605142167	0.5027337234363969	0.09363932685407937	0.09290306176628786	0.09050840573726149
baseline	9	data/2026-02-27-magnet-print(FOXF1 cells)/day5 after fix and stain (647PAX8)/9.czi	mesp2	5	97.84024072951536	0.4522478533395671	0.08186380247092419	0.08142128513546901	0.07933989444082505
baseline	9	data/2026-02-27-magnet-print(FOXF1 cells)/day5 after fix and stain (647PAX8)/9.czi	mesp2	6	115.62937540760907	0.3862032006098082	0.06416015006592203	0.06411774766395083	0.06177951862069135
baseline	9	data/2026-02-27-magnet-print(FOXF1 cells)/day5 after fix and stain (647PAX8)/9.czi	mesp2	7	133.41851008570276	0.3580467099226995	0.04820521492293743	0.04871113926748459	0.043186381707407955
baseline	9	data/2026-02-27-magnet-print(FOXF1 cells)/day5 after fix and stain (647PAX8)/9.czi	mesp2	8	151.20764476379648	0.2768464637872842	0.023816709201925218	0.02620247398115757	0.01697130195761434
baseline	9	data/2026-02-27-magnet-print(FOXF1 cells)/day5 after fix and stain (647PAX8)/9.czi	mesp2	9	168.99677944189017	0.07892930518687205	0.004439381559196175	0.008588014627425722	0.0020944296667290982
baseline	9	data/2026-02-27-magnet-print(FOXF1 cells)/day5 after fix and stain (647PAX8)/9.czi	mesp2	10	186.7859141199839	0.001915755126133921	6.793869509032224e-05	0.0017397245454619493	1.0552599806992936e-05
baseline	9	data/2026-02-27-magnet-print(FOXF1 cells)/day5 after fix and stain (647PAX8)/9.czi	mesp2	11	204.57504879807757	0.0	0.0	1.0033815608130326e-05	4.738128015799437e-09
baseline	9	data/2026-02-27-magnet-print(FOXF1 cells)/day5 after fix and stain (647PAX8)/9.czi	mesp2	12	222.3641834761713	0.0	0.0	-0.0005880563618978597	3.103599995941528e-08
baseline	9	data/2026-02-27-magnet-print(FOXF1 cells)/day5 after fix and stain (647PAX8)/9.czi	mesp2	13	240.15331815426498	0.0	0.0	-0.0008669017169709084	0.0
baseline	9	data/2026-02-27-magnet-print(FOXF1 cells)/day5 after fix and stain (647PAX8)/9.czi	mesp2	14	257.9424528323587	0.0	0.0	-0.0010649396453778753	0.0
baseline	9	data/2026-02-27-magnet-print(FOXF1 cells)/day5 after fix and stain (647PAX8)/9.czi	mesp2	15	275.7315875104524	0.0	0.0	-0.0009416553718511974	0.0
baseline	9	data/2026-02-27-magnet-print(FOXF1 cells)/day5 after fix and stain (647PAX8)/9.czi	mesp2	16	293.5207221885461	0.0	0.0	-0.0008296853954545351	0.0
baseline	9	data/2026-02-27-magnet-print(FOXF1 cells)/day5 after fix and stain (647PAX8)/9.czi	mesp2	17	311.30985686663985	0.0	0.0	-0.0006172421565715161	0.0
baseline	9	data/2026-02-27-magnet-print(FOXF1 cells)/day5 after fix and stain (647PAX8)/9.czi	mesp2	18	329.0989915447335	0.0	0.0	-0.0005239647190134169	0.0
baseline	9	data/2026-02-27-magnet-print(FOXF1 cells)/day5 after fix and stain (647PAX8)/9.czi	mesp2	19	346.88812622282717	0.0	0.0	-0.000595382776678453	0.0
baseline	9	data/2026-02-27-magnet-print(FOXF1 cells)/day5 after fix and stain (647PAX8)/9.czi	mesp2	20	364.67726090092094				
baseline	9	data/2026-02-27-magnet-print(FOXF1 cells)/day5 after fix and stain (647PAX8)/9.czi	mesp2	21	382.4663955790146				
baseline	9	data/2026-02-27-magnet-print(FOXF1 cells)/day5 after fix and stain (647PAX8)/9.czi	mesp2	22	400.25553025710826				
baseline	9	data/2026-02-27-magnet-print(FOXF1 cells)/day5 after fix and stain (647PAX8)/9.czi	mesp2	23	418.04466493520204				
baseline	9	data/2026-02-27-magnet-print(FOXF1 cells)/day5 after fix and stain (647PAX8)/9.czi	pax8	0	8.894567339046851	0.2860831884511873	0.10910513291454114	0.08055607306119403	0.12476414491034184
baseline	9	data/2026-02-27-magnet-print(FOXF1 cells)/day5 after fix and stain (647PAX8)/9.czi	pax8	1	26.683702017140554	0.2620866054812772	0.10612573845915067	0.08180235756890365	0.13685274894839736
baseline	9	data/2026-02-27-magnet-print(FOXF1 cells)/day5 after fix and stain (647PAX8)/9.czi	pax8	2	44.47283669523426	0.23986518433576653	0.10469242320306661	0.08403032588116376	0.14953589511975293
baseline	9	data/2026-02-27-magnet-print(FOXF1 cells)/day5 after fix and stain (647PAX8)/9.czi	pax8	3	62.26197137332796	0.22888419270909965	0.09283766199352289	0.07957866997093123	0.12471140664764839
baseline	9	data/2026-02-27-magnet-print(FOXF1 cells)/day5 after fix and stain (647PAX8)/9.czi	pax8	4	80.05110605142167	0.23706787105284602	0.08164422336267696	0.07435115609078286	0.08989676817202961
baseline	9	data/2026-02-27-magnet-print(FOXF1 cells)/day5 after fix and stain (647PAX8)/9.czi	pax8	5	97.84024072951536	0.2539011876304837	0.07305668767061027	0.07206962472001235	0.05640398753414865
baseline	9	data/2026-02-27-magnet-print(FOXF1 cells)/day5 after fix and stain (647PAX8)/9.czi	pax8	6	115.62937540760907	0.31350892250775414	0.08299684113664417	0.07159004559940935	0.06263837980195294
baseline	9	data/2026-02-27-magnet-print(FOXF1 cells)/day5 after fix and stain (647PAX8)/9.czi	pax8	7	133.41851008570276	0.34361789329330755	0.08081716569459188	0.0675171217277863	0.054090911623683485
baseline	9	data/2026-02-27-magnet-print(FOXF1 cells)/day5 after fix and stain (647PAX8)/9.czi	pax8	8	151.20764476379648	0.34655634271725	0.06354253929407071	0.05597149486136586	0.0279025434844686
baseline	9	data/2026-02-27-magnet-print(FOXF1 cells)/day5 after fix and stain (647PAX8)/9.czi	pax8	9	168.99677944189017	0.279146923325755	0.04050683532435929	0.0427958916832666	0.0110256748204402
baseline	9	data/2026-02-27-magnet-print(FOXF1 cells)/day5 after fix and stain (647PAX8)/9.czi	pax8	10	186.7859141199839	0.04165518403068719	0.005118003525202405	0.02973722144753016	0.0008319696305503768
baseline	9	data/2026-02-27-magnet-print(FOXF1 cells)/day5 after fix and stain (647PAX8)/9.czi	pax8	11	204.57504879807757	0.0	0.0	0.02172697237209044	5.324023932862452e-06
baseline	9	data/2026-02-27-magnet-print(FOXF1 cells)/day5 after fix and stain (647PAX8)/9.czi	pax8	12	222.3641834761713	0.0	0.0	0.016307876511496452	0.0
baseline	9	data/2026-02-27-magnet-print(FOXF1 cells)/day5 after fix and stain (647PAX8)/9.czi	pax8	13	240.15331815426498	0.0	0.0	0.013630786703030442	0.0
baseline	9	data/2026-02-27-magnet-print(FOXF1 cells)/day5 after fix and stain (647PAX8)/9.czi	pax8	14	257.9424528323587	0.0	0.0	0.01239138867991054	0.0
baseline	9	data/2026-02-27-magnet-print(FOXF1 cells)/day5 after fix and stain (647PAX8)/9.czi	pax8	15	275.7315875104524	0.0	0.0	0.011093940687789657	0.0
baseline	9	data/2026-02-27-magnet-print(FOXF1 cells)/day5 after fix and stain (647PAX8)/9.czi	pax8	16	293.5207221885461	0.0	0.0	0.009957244688078721	0.0
baseline	9	data/2026-02-27-magnet-print(FOXF1 cells)/day5 after fix and stain (647PAX8)/9.czi	pax8	17	311.30985686663985	0.0	0.0	0.008634397724475712	0.0
baseline	9	data/2026-02-27-magnet-print(FOXF1 cells)/day5 after fix and stain (647PAX8)/9.czi	pax8	18	329.0989915447335	0.0	0.0	0.006537186648429991	0.0
baseline	9	data/2026-02-27-magnet-print(FOXF1 cells)/day5 after fix and stain (647PAX8)/9.czi	pax8	19	346.88812622282717	0.0	0.0	0.0032374993529681907	0.0
baseline	9	data/2026-02-27-magnet-print(FOXF1 cells)/day5 after fix and stain (647PAX8)/9.czi	pax8	20	364.67726090092094				
baseline	9	data/2026-02-27-magnet-print(FOXF1 cells)/day5 after fix and stain (647PAX8)/9.czi	pax8	21	382.4663955790146				
baseline	9	data/2026-02-27-magnet-print(FOXF1 cells)/day5 after fix and stain (647PAX8)/9.czi	pax8	22	400.25553025710826				
baseline	9	data/2026-02-27-magnet-print(FOXF1 cells)/day5 after fix and stain (647PAX8)/9.czi	pax8	23	418.04466493520204				
baseline	10	data/2026-02-27-magnet-print(FOXF1 cells)/day5 after fix and stain (647PAX8)/10.czi	foxf1	0	8.894567339046851	0.027701161647446657	0.01365549488082149	0.054871124619813694	0.0014112536607259402
baseline	10	data/2026-02-27-magnet-print(FOXF1 cells)/day5 after fix and stain (647PAX8)/10.czi	foxf1	1	26.683702017140554	0.034029616152650426	0.01655810025050297	0.056585196735163414	0.0015656449992374943
baseline	10	data/2026-02-27-magnet-print(FOXF1 cells)/day5 after fix and stain (647PAX8)/10.czi	foxf1	2	44.47283669523426	0.0316331498377525	0.015355211267096583	0.06079217336851972	0.0015614673660242408
baseline	10	data/2026-02-27-magnet-print(FOXF1 cells)/day5 after fix and stain (647PAX8)/10.czi	foxf1	3	62.26197137332796	0.03871552240803419	0.01898551975053716	0.06732272513404654	0.0023491857623327284
baseline	10	data/2026-02-27-magnet-print(FOXF1 cells)/day5 after fix and stain (647PAX8)/10.czi	foxf1	4	80.05110605142167	0.058091264389500206	0.033569166156436056	0.07676565575724416	0.011955835011104036
baseline	10	data/2026-02-27-magnet-print(FOXF1 cells)/day5 after fix and stain (647PAX8)/10.czi	foxf1	5	97.84024072951536	0.08038745812849972	0.0543849194177622	0.08410342643093985	0.03512426039215275
baseline	10	data/2026-02-27-magnet-print(FOXF1 cells)/day5 after fix and stain (647PAX8)/10.czi	foxf1	6	115.62937540760907	0.10139587144021867	0.07934344772645228	0.08857000957689373	0.07132079960267959
baseline	10	data/2026-02-27-magnet-print(FOXF1 cells)/day5 after fix and stain (647PAX8)/10.czi	foxf1	7	133.41851008570276	0.12424702673500768	0.10959597720731556	0.09065061407540176	0.12164015921352102
baseline	10	data/2026-02-27-magnet-print(FOXF1 cells)/day5 after fix and stain (647PAX8)/10.czi	foxf1	8	151.20764476379648	0.1451565247503472	0.13288233977562688	0.08573311563914301	0.1645929886793446
baseline	10	data/2026-02-27-magnet-print(FOXF1 cells)/day5 after fix and stain (647PAX8)/10.czi	foxf1	9	168.99677944189017	0.17821823336350026	0.1351465593443131	0.07048266360658989	0.17233159387888197
baseline	10	data/2026-02-27-magnet-print(FOXF1 cells)/day5 after fix and stain (647PAX8)/10.czi	foxf1	10	186.7859141199839	0.21320444453257403	0.11485790373831523	0.052288778125946504	0.14169588424834215
baseline	10	data/2026-02-27-magnet-print(FOXF1 cells)/day5 after fix and stain (647PAX8)/10.czi	foxf1	11	204.57504879807757	0.40393645653916743	0.08270686730957122	0.03856627776400647	0.09032599160472014
baseline	10	data/2026-02-27-magnet-print(FOXF1 cells)/day5 after fix and stain (647PAX8)/10.czi	foxf1	12	222.3641834761713	0.6777247244628689	0.03659074286185965	0.01740252285769944	0.02871312530268627
baseline	10	data/2026-02-27-magnet-print(FOXF1 cells)/day5 after fix and stain (647PAX8)/10.czi	foxf1	13	240.15331815426498		0.0028372229764520415	0.001501794466163977	0.0007616805808789014
baseline	10	data/2026-02-27-magnet-print(FOXF1 cells)/day5 after fix and stain (647PAX8)/10.czi	foxf1	14	257.9424528323587		0.0	0.0	0.0
baseline	10	data/2026-02-27-magnet-print(FOXF1 cells)/day5 after fix and stain (647PAX8)/10.czi	foxf1	15	275.7315875104524		0.0	0.0	0.0
baseline	10	data/2026-02-27-magnet-print(FOXF1 cells)/day5 after fix and stain (647PAX8)/10.czi	foxf1	16	293.5207221885461		0.0	0.0	0.0
baseline	10	data/2026-02-27-magnet-print(FOXF1 cells)/day5 after fix and stain (647PAX8)/10.czi	foxf1	17	311.30985686663985		0.0	0.0	0.0
baseline	10	data/2026-02-27-magnet-print(FOXF1 cells)/day5 after fix and stain (647PAX8)/10.czi	foxf1	18	329.0989915447335		0.0	0.0	0.0
baseline	10	data/2026-02-27-magnet-print(FOXF1 cells)/day5 after fix and stain (647PAX8)/10.czi	foxf1	19	346.88812622282717		0.0	0.0	0.0
baseline	10	data/2026-02-27-magnet-print(FOXF1 cells)/day5 after fix and stain (647PAX8)/10.czi	foxf1	20	364.67726090092094				
baseline	10	data/2026-02-27-magnet-print(FOXF1 cells)/day5 after fix and stain (647PAX8)/10.czi	foxf1	21	382.4663955790146				
baseline	10	data/2026-02-27-magnet-print(FOXF1 cells)/day5 after fix and stain (647PAX8)/10.czi	foxf1	22	400.25553025710826				
baseline	10	data/2026-02-27-magnet-print(FOXF1 cells)/day5 after fix and stain (647PAX8)/10.czi	foxf1	23	418.04466493520204				
baseline	10	data/2026-02-27-magnet-print(FOXF1 cells)/day5 after fix and stain (647PAX8)/10.czi	mesp2	0	8.894567339046851	0.5171916931056362	0.06272268086501925	0.06162078885800873	0.05457849731521589
baseline	10	data/2026-02-27-magnet-print(FOXF1 cells)/day5 after fix and stain (647PAX8)/10.czi	mesp2	1	26.683702017140554	0.5274232281181526	0.06789457904736008	0.0668452483591849	0.06153755387235807
baseline	10	data/2026-02-27-magnet-print(FOXF1 cells)/day5 after fix and stain (647PAX8)/10.czi	mesp2	2	44.47283669523426	0.5422702302241734	0.08117658384492968	0.08024893493591437	0.07973040776247677
baseline	10	data/2026-02-27-magnet-print(FOXF1 cells)/day5 after fix and stain (647PAX8)/10.czi	mesp2	3	62.26197137332796	0.560257973492909	0.09552265707490251	0.09478114686042273	0.09965069392902312
baseline	10	data/2026-02-27-magnet-print(FOXF1 cells)/day5 after fix and stain (647PAX8)/10.czi	mesp2	4	80.05110605142167	0.5831900464383906	0.1052807550175314	0.10467762593401289	0.11254202780975932
baseline	10	data/2026-02-27-magnet-print(FOXF1 cells)/day5 after fix and stain (647PAX8)/10.czi	mesp2	5	97.84024072951536	0.5984157863937074	0.10371226495517817	0.10322324939087912	0.11042118216006971
baseline	10	data/2026-02-27-magnet-print(FOXF1 cells)/day5 after fix and stain (647PAX8)/10.czi	mesp2	6	115.62937540760907	0.612139077817773	0.09807662774259396	0.0976498774564453	0.10264471442993105
baseline	10	data/2026-02-27-magnet-print(FOXF1 cells)/day5 after fix and stain (647PAX8)/10.czi	mesp2	7	133.41851008570276	0.619959170292072	0.09079762087539717	0.0908148148926031	0.09342621871489316
baseline	10	data/2026-02-27-magnet-print(FOXF1 cells)/day5 after fix and stain (647PAX8)/10.czi	mesp2	8	151.20764476379648	0.6125771049666241	0.07337269569356974	0.07395151425814211	0.07161529790538881
baseline	10	data/2026-02-27-magnet-print(FOXF1 cells)/day5 after fix and stain (647PAX8)/10.czi	mesp2	9	168.99677944189017	0.561258146050047	0.04677183682942402	0.048607523042541845	0.04235321925574788
baseline	10	data/2026-02-27-magnet-print(FOXF1 cells)/day5 after fix and stain (647PAX8)/10.czi	mesp2	10	186.7859141199839	0.2922816825805757	0.016177253270056514	0.01921915131740478	0.013867192975277606
baseline	10	data/2026-02-27-magnet-print(FOXF1 cells)/day5 after fix and stain (647PAX8)/10.czi	mesp2	11	204.57504879807757	0.08832906429884406	0.001616737625497735	0.0019462125739753496	0.000954326923853973
baseline	10	data/2026-02-27-magnet-print(FOXF1 cells)/day5 after fix and stain (647PAX8)/10.czi	mesp2	12	222.3641834761713	5.069151768358825e-05	3.149660978096616e-07	-0.000254753989890929	1.4913221794224698e-07
baseline	10	data/2026-02-27-magnet-print(FOXF1 cells)/day5 after fix and stain (647PAX8)/10.czi	mesp2	13	240.15331815426498		0.0	-3.3793881793359766e-05	0.0
baseline	10	data/2026-02-27-magnet-print(FOXF1 cells)/day5 after fix and stain (647PAX8)/10.czi	mesp2	14	257.9424528323587		0.0	0.0	0.0
baseline	10	data/2026-02-27-magnet-print(FOXF1 cells)/day5 after fix and stain (647PAX8)/10.czi	mesp2	15	275.7315875104524		0.0	0.0	0.0
baseline	10	data/2026-02-27-magnet-print(FOXF1 cells)/day5 after fix and stain (647PAX8)/10.czi	mesp2	16	293.5207221885461		0.0	0.0	0.0
baseline	10	data/2026-02-27-magnet-print(FOXF1 cells)/day5 after fix and stain (647PAX8)/10.czi	mesp2	17	311.30985686663985		0.0	0.0	0.0
baseline	10	data/2026-02-27-magnet-print(FOXF1 cells)/day5 after fix and stain (647PAX8)/10.czi	mesp2	18	329.0989915447335		0.0	0.0	0.0
baseline	10	data/2026-02-27-magnet-print(FOXF1 cells)/day5 after fix and stain (647PAX8)/10.czi	mesp2	19	346.88812622282717		0.0	0.0	0.0
baseline	10	data/2026-02-27-magnet-print(FOXF1 cells)/day5 after fix and stain (647PAX8)/10.czi	mesp2	20	364.67726090092094				
baseline	10	data/2026-02-27-magnet-print(FOXF1 cells)/day5 after fix and stain (647PAX8)/10.czi	mesp2	21	382.4663955790146				
baseline	10	data/2026-02-27-magnet-print(FOXF1 cells)/day5 after fix and stain (647PAX8)/10.czi	mesp2	22	400.25553025710826				
baseline	10	data/2026-02-27-magnet-print(FOXF1 cells)/day5 after fix and stain (647PAX8)/10.czi	mesp2	23	418.04466493520204				
baseline	10	data/2026-02-27-magnet-print(FOXF1 cells)/day5 after fix and stain (647PAX8)/10.czi	pax8	0	8.894567339046851	0.07775911534256212	0.0656003899926499	0.08592888920045245	0.08272596598643728
baseline	10	data/2026-02-27-magnet-print(FOXF1 cells)/day5 after fix and stain (647PAX8)/10.czi	pax8	1	26.683702017140554	0.0806558482728416	0.06780829060793066	0.08580446939492638	0.08677848152743764
baseline	10	data/2026-02-27-magnet-print(FOXF1 cells)/day5 after fix and stain (647PAX8)/10.czi	pax8	2	44.47283669523426	0.08631023614932568	0.07239937427781631	0.08614296566121707	0.09366198200114167
baseline	10	data/2026-02-27-magnet-print(FOXF1 cells)/day5 after fix and stain (647PAX8)/10.czi	pax8	3	62.26197137332796	0.0915826729281108	0.07660139106459216	0.08608891321785836	0.10306362008206417
baseline	10	data/2026-02-27-magnet-print(FOXF1 cells)/day5 after fix and stain (647PAX8)/10.czi	pax8	4	80.05110605142167	0.09955065729345532	0.0817608620572019	0.08669769740315868	0.10756364385049225
baseline	10	data/2026-02-27-magnet-print(FOXF1 cells)/day5 after fix and stain (647PAX8)/10.czi	pax8	5	97.84024072951536	0.11627379361802963	0.09044024057524243	0.08559191511761029	0.11007502328923813
baseline	10	data/2026-02-27-magnet-print(FOXF1 cells)/day5 after fix and stain (647PAX8)/10.czi	pax8	6	115.62937540760907	0.15481374846005921	0.10876062110505452	0.08388381498419475	0.10191546731509686
baseline	10	data/2026-02-27-magnet-print(FOXF1 cells)/day5 after fix and stain (647PAX8)/10.czi	pax8	7	133.41851008570276	0.20612810658806757	0.12983134690722953	0.08026792248772344	0.08520594836538603
baseline	10	data/2026-02-27-magnet-print(FOXF1 cells)/day5 after fix and stain (647PAX8)/10.czi	pax8	8	151.20764476379648	0.19503326256093928	0.1110723378719973	0.07185303622356377	0.05792101146010177
baseline	10	data/2026-02-27-magnet-print(FOXF1 cells)/day5 after fix and stain (647PAX8)/10.czi	pax8	9	168.99677944189017	0.06742212397089327	0.033670077729054754	0.05312399880418264	0.014954221938286154
baseline	10	data/2026-02-27-magnet-print(FOXF1 cells)/day5 after fix and stain (647PAX8)/10.czi	pax8	10	186.7859141199839	0.003348244905902912	0.00127278179819669	0.028356862670371675	0.0005614860218348368
baseline	10	data/2026-02-27-magnet-print(FOXF1 cells)/day5 after fix and stain (647PAX8)/10.czi	pax8	11	204.57504879807757	0.0	0.0	0.008490715641239707	0.0
baseline	10	data/2026-02-27-magnet-print(FOXF1 cells)/day5 after fix and stain (647PAX8)/10.czi	pax8	12	222.3641834761713	0.0	0.0	0.0015118590270393078	0.0
baseline	10	data/2026-02-27-magnet-print(FOXF1 cells)/day5 after fix and stain (647PAX8)/10.czi	pax8	13	240.15331815426498		0.0	0.00011122813839810324	0.0
baseline	10	data/2026-02-27-magnet-print(FOXF1 cells)/day5 after fix and stain (647PAX8)/10.czi	pax8	14	257.9424528323587		0.0	0.0	0.0
baseline	10	data/2026-02-27-magnet-print(FOXF1 cells)/day5 after fix and stain (647PAX8)/10.czi	pax8	15	275.7315875104524		0.0	0.0	0.0
baseline	10	data/2026-02-27-magnet-print(FOXF1 cells)/day5 after fix and stain (647PAX8)/10.czi	pax8	16	293.5207221885461		0.0	0.0	0.0
baseline	10	data/2026-02-27-magnet-print(FOXF1 cells)/day5 after fix and stain (647PAX8)/10.czi	pax8	17	311.30985686663985		0.0	0.0	0.0
baseline	10	data/2026-02-27-magnet-print(FOXF1 cells)/day5 after fix and stain (647PAX8)/10.czi	pax8	18	329.0989915447335		0.0	0.0	0.0
baseline	10	data/2026-02-27-magnet-print(FOXF1 cells)/day5 after fix and stain (647PAX8)/10.czi	pax8	19	346.88812622282717		0.0	0.0	0.0
baseline	10	data/2026-02-27-magnet-print(FOXF1 cells)/day5 after fix and stain (647PAX8)/10.czi	pax8	20	364.67726090092094				
baseline	10	data/2026-02-27-magnet-print(FOXF1 cells)/day5 after fix and stain (647PAX8)/10.czi	pax8	21	382.4663955790146				
baseline	10	data/2026-02-27-magnet-print(FOXF1 cells)/day5 after fix and stain (647PAX8)/10.czi	pax8	22	400.25553025710826				
baseline	10	data/2026-02-27-magnet-print(FOXF1 cells)/day5 after fix and stain (647PAX8)/10.czi	pax8	23	418.04466493520204				
baseline	11	data/2026-02-27-magnet-print(FOXF1 cells)/day5 after fix and stain (647PAX8)/11.czi	foxf1	0	8.894567339046851	0.7653250804012269	0.08241131899935442	0.08384089915276562	0.07369791676773016
baseline	11	data/2026-02-27-magnet-print(FOXF1 cells)/day5 after fix and stain (647PAX8)/11.czi	foxf1	1	26.683702017140554	0.7532363478181988	0.0811960404222869	0.08276380029552537	0.0732884464913406
baseline	11	data/2026-02-27-magnet-print(FOXF1 cells)/day5 after fix and stain (647PAX8)/11.czi	foxf1	2	44.47283669523426	0.7475448091426415	0.0797097075856319	0.08109255197803354	0.07223505662578551
baseline	11	data/2026-02-27-magnet-print(FOXF1 cells)/day5 after fix and stain (647PAX8)/11.czi	foxf1	3	62.26197137332796	0.7319188124394291	0.07781020236569705	0.079286140245044	0.07082633677933452
baseline	11	data/2026-02-27-magnet-print(FOXF1 cells)/day5 after fix and stain (647PAX8)/11.czi	foxf1	4	80.05110605142167	0.7057459322449356	0.07168234482257584	0.07337177457341891	0.06528718028812344
baseline	11	data/2026-02-27-magnet-print(FOXF1 cells)/day5 after fix and stain (647PAX8)/11.czi	foxf1	5	97.84024072951536	0.6988414302105149	0.07060025796975673	0.07194471031439299	0.06625008470747054
baseline	11	data/2026-02-27-magnet-print(FOXF1 cells)/day5 after fix and stain (647PAX8)/11.czi	foxf1	6	115.62937540760907	0.6619614325191021	0.06782055330629279	0.0686526231982216	0.06851846281502172
baseline	11	data/2026-02-27-magnet-print(FOXF1 cells)/day5 after fix and stain (647PAX8)/11.czi	foxf1	7	133.41851008570276	0.7011683668826272	0.06931618135500997	0.0685257649584251	0.0763909881079669
baseline	11	data/2026-02-27-magnet-print(FOXF1 cells)/day5 after fix and stain (647PAX8)/11.czi	foxf1	8	151.20764476379648	0.7022315604064948	0.06937057982605935	0.06789202726746514	0.08037548485146319
baseline	11	data/2026-02-27-magnet-print(FOXF1 cells)/day5 after fix and stain (647PAX8)/11.czi	foxf1	9	168.99677944189017	0.7159865981102125	0.0655289777117835	0.06307774557000112	0.07661320458311915
baseline	11	data/2026-02-27-magnet-print(FOXF1 cells)/day5 after fix and stain (647PAX8)/11.czi	foxf1	10	186.7859141199839	0.8109546552542447	0.055444371517043636	0.05255808244102002	0.0647008435087926
baseline	11	data/2026-02-27-magnet-print(FOXF1 cells)/day5 after fix and stain (647PAX8)/11.czi	foxf1	11	204.57504879807757	0.9501853942035136	0.040404875820350884	0.03831534145840812	0.04480233166596924
baseline	11	data/2026-02-27-magnet-print(FOXF1 cells)/day5 after fix and stain (647PAX8)/11.czi	foxf1	12	222.3641834761713	0.7944404264240662	0.014213445193601678	0.013835654752532489	0.012775181044952911
baseline	11	data/2026-02-27-magnet-print(FOXF1 cells)/day5 after fix and stain (647PAX8)/11.czi	foxf1	13	240.15331815426498		0.0008314040014510068	0.001077988144866516	0.0003271010327096865
baseline	11	data/2026-02-27-magnet-print(FOXF1 cells)/day5 after fix and stain (647PAX8)/11.czi	foxf1	14	257.9424528323587		0.0	0.0	0.0
baseline	11	data/2026-02-27-magnet-print(FOXF1 cells)/day5 after fix and stain (647PAX8)/11.czi	foxf1	15	275.7315875104524		0.0	0.0	0.0
baseline	11	data/2026-02-27-magnet-print(FOXF1 cells)/day5 after fix and stain (647PAX8)/11.czi	foxf1	16	293.5207221885461		0.0	0.0	0.0
baseline	11	data/2026-02-27-magnet-print(FOXF1 cells)/day5 after fix and stain (647PAX8)/11.czi	foxf1	17	311.30985686663985		0.0	0.0	0.0
baseline	11	data/2026-02-27-magnet-print(FOXF1 cells)/day5 after fix and stain (647PAX8)/11.czi	foxf1	18	329.0989915447335		0.0	0.0	0.0
baseline	11	data/2026-02-27-magnet-print(FOXF1 cells)/day5 after fix and stain (647PAX8)/11.czi	foxf1	19	346.88812622282717		0.0	0.0	0.0
baseline	11	data/2026-02-27-magnet-print(FOXF1 cells)/day5 after fix and stain (647PAX8)/11.czi	foxf1	20	364.67726090092094				
baseline	11	data/2026-02-27-magnet-print(FOXF1 cells)/day5 after fix and stain (647PAX8)/11.czi	foxf1	21	382.4663955790146				
baseline	11	data/2026-02-27-magnet-print(FOXF1 cells)/day5 after fix and stain (647PAX8)/11.czi	foxf1	22	400.25553025710826				
baseline	11	data/2026-02-27-magnet-print(FOXF1 cells)/day5 after fix and stain (647PAX8)/11.czi	foxf1	23	418.04466493520204				
baseline	11	data/2026-02-27-magnet-print(FOXF1 cells)/day5 after fix and stain (647PAX8)/11.czi	mesp2	0	8.894567339046851	0.6600768531397199	0.15010537008353989	0.14481261688452013	0.16377879824086963
baseline	11	data/2026-02-27-magnet-print(FOXF1 cells)/day5 after fix and stain (647PAX8)/11.czi	mesp2	1	26.683702017140554	0.6346173362688692	0.14262325491208866	0.13869429734200314	0.15580112148635925
baseline	11	data/2026-02-27-magnet-print(FOXF1 cells)/day5 after fix and stain (647PAX8)/11.czi	mesp2	2	44.47283669523426	0.6178770700042908	0.12506714238961825	0.12262558773368556	0.13185863298795117
baseline	11	data/2026-02-27-magnet-print(FOXF1 cells)/day5 after fix and stain (647PAX8)/11.czi	mesp2	3	62.26197137332796	0.6235050188938808	0.11598886162461203	0.11381416085864608	0.11828914993938112
baseline	11	data/2026-02-27-magnet-print(FOXF1 cells)/day5 after fix and stain (647PAX8)/11.czi	mesp2	4	80.05110605142167	0.6236178258566525	0.10553612707619087	0.10345222990950392	0.10528621785027492
baseline	11	data/2026-02-27-magnet-print(FOXF1 cells)/day5 after fix and stain (647PAX8)/11.czi	mesp2	5	97.84024072951536	0.6236936444596337	0.0916613630695641	0.09001707047307127	0.08703065532224984
baseline	11	data/2026-02-27-magnet-print(FOXF1 cells)/day5 after fix and stain (647PAX8)/11.czi	mesp2	6	115.62937540760907	0.6104848607729729	0.06477585614636383	0.06461660019578652	0.052829158037462395
baseline	11	data/2026-02-27-magnet-print(FOXF1 cells)/day5 after fix and stain (647PAX8)/11.czi	mesp2	7	133.41851008570276	0.45270833140679145	0.03371018725462237	0.03818675031612433	0.024533140955596194
baseline	11	data/2026-02-27-magnet-print(FOXF1 cells)/day5 after fix and stain (647PAX8)/11.czi	mesp2	8	151.20764476379648	0.26794155020978905	0.013604087877052574	0.018779849418492922	0.007116137405400444
baseline	11	data/2026-02-27-magnet-print(FOXF1 cells)/day5 after fix and stain (647PAX8)/11.czi	mesp2	9	168.99677944189017	0.11154602281300442	0.004076170973127862	0.008531657740878365	0.0012652024657016261
baseline	11	data/2026-02-27-magnet-print(FOXF1 cells)/day5 after fix and stain (647PAX8)/11.czi	mesp2	10	186.7859141199839	0.008835690338268462	0.00025747951831955884	0.002529431466243264	5.188771926645507e-05
baseline	11	data/2026-02-27-magnet-print(FOXF1 cells)/day5 after fix and stain (647PAX8)/11.czi	mesp2	11	204.57504879807757	0.0	0.0	0.0009209839273755364	0.0
baseline	11	data/2026-02-27-magnet-print(FOXF1 cells)/day5 after fix and stain (647PAX8)/11.czi	mesp2	12	222.3641834761713	0.0	0.0	2.042115247751671e-05	0.0
baseline	11	data/2026-02-27-magnet-print(FOXF1 cells)/day5 after fix and stain (647PAX8)/11.czi	mesp2	13	240.15331815426498		0.0	-8.891284154297385e-05	0.0
baseline	11	data/2026-02-27-magnet-print(FOXF1 cells)/day5 after fix and stain (647PAX8)/11.czi	mesp2	14	257.9424528323587		0.0	0.0	0.0
baseline	11	data/2026-02-27-magnet-print(FOXF1 cells)/day5 after fix and stain (647PAX8)/11.czi	mesp2	15	275.7315875104524		0.0	0.0	0.0
baseline	11	data/2026-02-27-magnet-print(FOXF1 cells)/day5 after fix and stain (647PAX8)/11.czi	mesp2	16	293.5207221885461		0.0	0.0	0.0
baseline	11	data/2026-02-27-magnet-print(FOXF1 cells)/day5 after fix and stain (647PAX8)/11.czi	mesp2	17	311.30985686663985		0.0	0.0	0.0
baseline	11	data/2026-02-27-magnet-print(FOXF1 cells)/day5 after fix and stain (647PAX8)/11.czi	mesp2	18	329.0989915447335		0.0	0.0	0.0
baseline	11	data/2026-02-27-magnet-print(FOXF1 cells)/day5 after fix and stain (647PAX8)/11.czi	mesp2	19	346.88812622282717		0.0	0.0	0.0
baseline	11	data/2026-02-27-magnet-print(FOXF1 cells)/day5 after fix and stain (647PAX8)/11.czi	mesp2	20	364.67726090092094				
baseline	11	data/2026-02-27-magnet-print(FOXF1 cells)/day5 after fix and stain (647PAX8)/11.czi	mesp2	21	382.4663955790146				
baseline	11	data/2026-02-27-magnet-print(FOXF1 cells)/day5 after fix and stain (647PAX8)/11.czi	mesp2	22	400.25553025710826				
baseline	11	data/2026-02-27-magnet-print(FOXF1 cells)/day5 after fix and stain (647PAX8)/11.czi	mesp2	23	418.04466493520204				
baseline	11	data/2026-02-27-magnet-print(FOXF1 cells)/day5 after fix and stain (647PAX8)/11.czi	pax8	0	8.894567339046851	0.5312698712056251	0.08742273258296154	0.08960851175979807	0.06433262082096886
baseline	11	data/2026-02-27-magnet-print(FOXF1 cells)/day5 after fix and stain (647PAX8)/11.czi	pax8	1	26.683702017140554	0.5319712015047127	0.09082558905174304	0.09182129335440573	0.07722680294620106
baseline	11	data/2026-02-27-magnet-print(FOXF1 cells)/day5 after fix and stain (647PAX8)/11.czi	pax8	2	44.47283669523426	0.5209335024354375	0.09241595658037574	0.0935936387924546	0.09009960138424912
baseline	11	data/2026-02-27-magnet-print(FOXF1 cells)/day5 after fix and stain (647PAX8)/11.czi	pax8	3	62.26197137332796	0.5150271839432714	0.09309184467300462	0.09381786944288023	0.09651002516347344
baseline	11	data/2026-02-27-magnet-print(FOXF1 cells)/day5 after fix and stain (647PAX8)/11.czi	pax8	4	80.05110605142167	0.5176483048387763	0.09247589225266534	0.09059400053224728	0.10238719475464775
baseline	11	data/2026-02-27-magnet-print(FOXF1 cells)/day5 after fix and stain (647PAX8)/11.czi	pax8	5	97.84024072951536	0.5351022869152756	0.09272417897791473	0.08700812157020943	0.10607322671796508
baseline	11	data/2026-02-27-magnet-print(FOXF1 cells)/day5 after fix and stain (647PAX8)/11.czi	pax8	6	115.62937540760907	0.5963018573531111	0.09288334147874466	0.08124520449966986	0.10843476772199175
baseline	11	data/2026-02-27-magnet-print(FOXF1 cells)/day5 after fix and stain (647PAX8)/11.czi	pax8	7	133.41851008570276	0.680038885661533	0.08293325356243995	0.07057382650642127	0.09522568607878551
baseline	11	data/2026-02-27-magnet-print(FOXF1 cells)/day5 after fix and stain (647PAX8)/11.czi	pax8	8	151.20764476379648	0.6958264680630468	0.0687378072790521	0.05958336920092702	0.06914480132859915
baseline	11	data/2026-02-27-magnet-print(FOXF1 cells)/day5 after fix and stain (647PAX8)/11.czi	pax8	9	168.99677944189017	0.5137990873796819	0.04051018210321668	0.043366693004134954	0.02911612441520059
baseline	11	data/2026-02-27-magnet-print(FOXF1 cells)/day5 after fix and stain (647PAX8)/11.czi	pax8	10	186.7859141199839	0.1496267352679479	0.008265339762514732	0.023503390637969742	0.003605416184676649
baseline	11	data/2026-02-27-magnet-print(FOXF1 cells)/day5 after fix and stain (647PAX8)/11.czi	pax8	11	204.57504879807757	0.0016617523507210638	6.0369539741895476e-05	0.013311803055401887	1.3798261936962797e-05
baseline	11	data/2026-02-27-magnet-print(FOXF1 cells)/day5 after fix and stain (647PAX8)/11.czi	pax8	12	222.3641834761713	0.0	0.0	0.005661808696485434	0.0
baseline	11	data/2026-02-27-magnet-print(FOXF1 cells)/day5 after fix and stain (647PAX8)/11.czi	pax8	13	240.15331815426498		0.0	0.0006306589561725003	0.0
baseline	11	data/2026-02-27-magnet-print(FOXF1 cells)/day5 after fix and stain (647PAX8)/11.czi	pax8	14	257.9424528323587		0.0	0.0	0.0
baseline	11	data/2026-02-27-magnet-print(FOXF1 cells)/day5 after fix and stain (647PAX8)/11.czi	pax8	15	275.7315875104524		0.0	0.0	0.0
baseline	11	data/2026-02-27-magnet-print(FOXF1 cells)/day5 after fix and stain (647PAX8)/11.czi	pax8	16	293.5207221885461		0.0	0.0	0.0
baseline	11	data/2026-02-27-magnet-print(FOXF1 cells)/day5 after fix and stain (647PAX8)/11.czi	pax8	17	311.30985686663985		0.0	0.0	0.0
baseline	11	data/2026-02-27-magnet-print(FOXF1 cells)/day5 after fix and stain (647PAX8)/11.czi	pax8	18	329.0989915447335		0.0	0.0	0.0
baseline	11	data/2026-02-27-magnet-print(FOXF1 cells)/day5 after fix and stain (647PAX8)/11.czi	pax8	19	346.88812622282717		0.0	0.0	0.0
baseline	11	data/2026-02-27-magnet-print(FOXF1 cells)/day5 after fix and stain (647PAX8)/11.czi	pax8	20	364.67726090092094				
baseline	11	data/2026-02-27-magnet-print(FOXF1 cells)/day5 after fix and stain (647PAX8)/11.czi	pax8	21	382.4663955790146				
baseline	11	data/2026-02-27-magnet-print(FOXF1 cells)/day5 after fix and stain (647PAX8)/11.czi	pax8	22	400.25553025710826				
baseline	11	data/2026-02-27-magnet-print(FOXF1 cells)/day5 after fix and stain (647PAX8)/11.czi	pax8	23	418.04466493520204				
baseline	12	data/2026-02-27-magnet-print(FOXF1 cells)/day5 after fix and stain (647PAX8)/12.czi	foxf1	0	8.894567339046851	0.40594316797188806	0.03451792984465365	0.0470510314519816	0.02004589262778536
baseline	12	data/2026-02-27-magnet-print(FOXF1 cells)/day5 after fix and stain (647PAX8)/12.czi	foxf1	1	26.683702017140554	0.44025173431140185	0.03844728326748481	0.04889304770938472	0.023178103160872775
baseline	12	data/2026-02-27-magnet-print(FOXF1 cells)/day5 after fix and stain (647PAX8)/12.czi	foxf1	2	44.47283669523426	0.4602339400018131	0.044892709563346164	0.05332490546565587	0.031074709565817114
baseline	12	data/2026-02-27-magnet-print(FOXF1 cells)/day5 after fix and stain (647PAX8)/12.czi	foxf1	3	62.26197137332796	0.4620643013232618	0.05247904780354503	0.05942210674361537	0.04247534893716977
baseline	12	data/2026-02-27-magnet-print(FOXF1 cells)/day5 after fix and stain (647PAX8)/12.czi	foxf1	4	80.05110605142167	0.4803071699549663	0.06215754987645325	0.0666813073824888	0.05623960810656433
baseline	12	data/2026-02-27-magnet-print(FOXF1 cells)/day5 after fix and stain (647PAX8)/12.czi	foxf1	5	97.84024072951536	0.5233688295100206	0.07581011435116498	0.07657651729047903	0.07502143263974122
baseline	12	data/2026-02-27-magnet-print(FOXF1 cells)/day5 after fix and stain (647PAX8)/12.czi	foxf1	6	115.62937540760907	0.5780787519562228	0.09164838011950961	0.08767279778533846	0.0980397433675453
baseline	12	data/2026-02-27-magnet-print(FOXF1 cells)/day5 after fix and stain (647PAX8)/12.czi	foxf1	7	133.41851008570276	0.6285238768336515	0.09889909112281735	0.09200404563795586	0.11053467734456957
baseline	12	data/2026-02-27-magnet-print(FOXF1 cells)/day5 after fix and stain (647PAX8)/12.czi	foxf1	8	151.20764476379648	0.691656722094691	0.09565565591491518	0.08747565661816328	0.10900412823456379
baseline	12	data/2026-02-27-magnet-print(FOXF1 cells)/day5 after fix and stain (647PAX8)/12.czi	foxf1	9	168.99677944189017	0.730305623209888	0.08866203273797384	0.08025916555588088	0.10207218739382234
baseline	12	data/2026-02-27-magnet-print(FOXF1 cells)/day5 after fix and stain (647PAX8)/12.czi	foxf1	10	186.7859141199839	0.7743419395319842	0.07802797249328858	0.06997793678403161	0.08980207537419593
baseline	12	data/2026-02-27-magnet-print(FOXF1 cells)/day5 after fix and stain (647PAX8)/12.czi	foxf1	11	204.57504879807757	0.8317314768591205	0.05589649215310313	0.04990837243286185	0.06174346917617968
baseline	12	data/2026-02-27-magnet-print(FOXF1 cells)/day5 after fix and stain (647PAX8)/12.czi	foxf1	12	222.3641834761713	0.7738596623887208	0.025820432796624992	0.023485093354151165	0.02511829897640451
baseline	12	data/2026-02-27-magnet-print(FOXF1 cells)/day5 after fix and stain (647PAX8)/12.czi	foxf1	13	240.15331815426498	0.3046116425829382	0.0034477993659117307	0.003620141681990012	0.0022558094312406453
baseline	12	data/2026-02-27-magnet-print(FOXF1 cells)/day5 after fix and stain (647PAX8)/12.czi	foxf1	14	257.9424528323587		0.0	6.178702771422407e-06	0.0
baseline	12	data/2026-02-27-magnet-print(FOXF1 cells)/day5 after fix and stain (647PAX8)/12.czi	foxf1	15	275.7315875104524		0.0	0.0	0.0
baseline	12	data/2026-02-27-magnet-print(FOXF1 cells)/day5 after fix and stain (647PAX8)/12.czi	foxf1	16	293.5207221885461		0.0	0.0	0.0
baseline	12	data/2026-02-27-magnet-print(FOXF1 cells)/day5 after fix and stain (647PAX8)/12.czi	foxf1	17	311.30985686663985		0.0	0.0	0.0
baseline	12	data/2026-02-27-magnet-print(FOXF1 cells)/day5 after fix and stain (647PAX8)/12.czi	foxf1	18	329.0989915447335		0.0	0.0	0.0
baseline	12	data/2026-02-27-magnet-print(FOXF1 cells)/day5 after fix and stain (647PAX8)/12.czi	foxf1	19	346.88812622282717		0.0	0.0	0.0
baseline	12	data/2026-02-27-magnet-print(FOXF1 cells)/day5 after fix and stain (647PAX8)/12.czi	foxf1	20	364.67726090092094				
baseline	12	data/2026-02-27-magnet-print(FOXF1 cells)/day5 after fix and stain (647PAX8)/12.czi	foxf1	21	382.4663955790146				
baseline	12	data/2026-02-27-magnet-print(FOXF1 cells)/day5 after fix and stain (647PAX8)/12.czi	foxf1	22	400.25553025710826				
baseline	12	data/2026-02-27-magnet-print(FOXF1 cells)/day5 after fix and stain (647PAX8)/12.czi	foxf1	23	418.04466493520204				
baseline	12	data/2026-02-27-magnet-print(FOXF1 cells)/day5 after fix and stain (647PAX8)/12.czi	mesp2	0	8.894567339046851	0.6765571008583992	0.1018516561216993	0.09944160961857727	0.09909432145251873
baseline	12	data/2026-02-27-magnet-print(FOXF1 cells)/day5 after fix and stain (647PAX8)/12.czi	mesp2	1	26.683702017140554	0.6772653985081462	0.10286959466509081	0.10046304681871235	0.10049143822847417
baseline	12	data/2026-02-27-magnet-print(FOXF1 cells)/day5 after fix and stain (647PAX8)/12.czi	mesp2	2	44.47283669523426	0.6870722045454803	0.1123417387615128	0.10935115105747682	0.11334518630402121
baseline	12	data/2026-02-27-magnet-print(FOXF1 cells)/day5 after fix and stain (647PAX8)/12.czi	mesp2	3	62.26197137332796	0.6980968691484876	0.1250845012003328	0.12144265958775838	0.1309675926420413
baseline	12	data/2026-02-27-magnet-print(FOXF1 cells)/day5 after fix and stain (647PAX8)/12.czi	mesp2	4	80.05110605142167	0.702623092036429	0.12707018800539846	0.12348424818027025	0.13449221236716125
baseline	12	data/2026-02-27-magnet-print(FOXF1 cells)/day5 after fix and stain (647PAX8)/12.czi	mesp2	5	97.84024072951536	0.6802224536898219	0.1126878695312007	0.1103701123257581	0.11758875107365223
baseline	12	data/2026-02-27-magnet-print(FOXF1 cells)/day5 after fix and stain (647PAX8)/12.czi	mesp2	6	115.62937540760907	0.6348357663995674	0.08026912259931371	0.08006012351796721	0.07799781900136149
baseline	12	data/2026-02-27-magnet-print(FOXF1 cells)/day5 after fix and stain (647PAX8)/12.czi	mesp2	7	133.41851008570276	0.4873443765314456	0.04705564463838204	0.05019803059872937	0.04269023701646932
baseline	12	data/2026-02-27-magnet-print(FOXF1 cells)/day5 after fix and stain (647PAX8)/12.czi	mesp2	8	151.20764476379648	0.3191862605064391	0.024578541124023082	0.029758942289222108	0.02181111006008579
baseline	12	data/2026-02-27-magnet-print(FOXF1 cells)/day5 after fix and stain (647PAX8)/12.czi	mesp2	9	168.99677944189017	0.2136113136872242	0.010804934937002294	0.01532376771732848	0.008031662234782867
baseline	12	data/2026-02-27-magnet-print(FOXF1 cells)/day5 after fix and stain (647PAX8)/12.czi	mesp2	10	186.7859141199839	0.08577214667762224	0.0024280953723167693	0.005873215617765974	0.001078727091466167
baseline	12	data/2026-02-27-magnet-print(FOXF1 cells)/day5 after fix and stain (647PAX8)/12.czi	mesp2	11	204.57504879807757	0.00021240326648635306	3.3825913504969646e-06	0.001267928611622647	1.180861379069921e-06
baseline	12	data/2026-02-27-magnet-print(FOXF1 cells)/day5 after fix and stain (647PAX8)/12.czi	mesp2	12	222.3641834761713	0.0	0.0	1.96394730489792e-05	0.0
baseline	12	data/2026-02-27-magnet-print(FOXF1 cells)/day5 after fix and stain (647PAX8)/12.czi	mesp2	13	240.15331815426498	0.0	0.0	-0.00019402004592556263	0.0
baseline	12	data/2026-02-27-magnet-print(FOXF1 cells)/day5 after fix and stain (647PAX8)/12.czi	mesp2	14	257.9424528323587		0.0	-3.6456801323473157e-06	0.0
baseline	12	data/2026-02-27-magnet-print(FOXF1 cells)/day5 after fix and stain (647PAX8)/12.czi	mesp2	15	275.7315875104524		0.0	0.0	0.0
baseline	12	data/2026-02-27-magnet-print(FOXF1 cells)/day5 after fix and stain (647PAX8)/12.czi	mesp2	16	293.5207221885461		0.0	0.0	0.0
baseline	12	data/2026-02-27-magnet-print(FOXF1 cells)/day5 after fix and stain (647PAX8)/12.czi	mesp2	17	311.30985686663985		0.0	0.0	0.0
baseline	12	data/2026-02-27-magnet-print(FOXF1 cells)/day5 after fix and stain (647PAX8)/12.czi	mesp2	18	329.0989915447335		0.0	0.0	0.0
baseline	12	data/2026-02-27-magnet-print(FOXF1 cells)/day5 after fix and stain (647PAX8)/12.czi	mesp2	19	346.88812622282717		0.0	0.0	0.0
baseline	12	data/2026-02-27-magnet-print(FOXF1 cells)/day5 after fix and stain (647PAX8)/12.czi	mesp2	20	364.67726090092094				
baseline	12	data/2026-02-27-magnet-print(FOXF1 cells)/day5 after fix and stain (647PAX8)/12.czi	mesp2	21	382.4663955790146				
baseline	12	data/2026-02-27-magnet-print(FOXF1 cells)/day5 after fix and stain (647PAX8)/12.czi	mesp2	22	400.25553025710826				
baseline	12	data/2026-02-27-magnet-print(FOXF1 cells)/day5 after fix and stain (647PAX8)/12.czi	mesp2	23	418.04466493520204				
baseline	12	data/2026-02-27-magnet-print(FOXF1 cells)/day5 after fix and stain (647PAX8)/12.czi	pax8	0	8.894567339046851	0.7391555955632564	0.0711169686027908	0.07536159784378274	0.045655515743676385
baseline	12	data/2026-02-27-magnet-print(FOXF1 cells)/day5 after fix and stain (647PAX8)/12.czi	pax8	1	26.683702017140554	0.7678769933127537	0.07380993703115614	0.07593113592750297	0.04733774631095276
baseline	12	data/2026-02-27-magnet-print(FOXF1 cells)/day5 after fix and stain (647PAX8)/12.czi	pax8	2	44.47283669523426	0.7702290471462279	0.07512839688378782	0.07685046209994024	0.051069858937499046
baseline	12	data/2026-02-27-magnet-print(FOXF1 cells)/day5 after fix and stain (647PAX8)/12.czi	pax8	3	62.26197137332796	0.7460745344114574	0.07601921870070348	0.07873488631827175	0.059351160733364564
baseline	12	data/2026-02-27-magnet-print(FOXF1 cells)/day5 after fix and stain (647PAX8)/12.czi	pax8	4	80.05110605142167	0.7394602317724966	0.08151162922542687	0.08310031719646854	0.07738542317727959
baseline	12	data/2026-02-27-magnet-print(FOXF1 cells)/day5 after fix and stain (647PAX8)/12.czi	pax8	5	97.84024072951536	0.7487174258453835	0.08704479978443745	0.08631866776999624	0.09518864016536291
baseline	12	data/2026-02-27-magnet-print(FOXF1 cells)/day5 after fix and stain (647PAX8)/12.czi	pax8	6	115.62937540760907	0.747358551974654	0.0848102306514455	0.08301416197979522	0.09954266940654606
baseline	12	data/2026-02-27-magnet-print(FOXF1 cells)/day5 after fix and stain (647PAX8)/12.czi	pax8	7	133.41851008570276	0.790339802879462	0.0833552715733395	0.07833538579766224	0.10421684025082162
baseline	12	data/2026-02-27-magnet-print(FOXF1 cells)/day5 after fix and stain (647PAX8)/12.czi	pax8	8	151.20764476379648	0.8582061715922343	0.07922970361329537	0.0721272491922275	0.10439293660309376
baseline	12	data/2026-02-27-magnet-print(FOXF1 cells)/day5 after fix and stain (647PAX8)/12.czi	pax8	9	168.99677944189017	0.8407367776840264	0.06468961949709337	0.059465279590721995	0.08380769974099113
baseline	12	data/2026-02-27-magnet-print(FOXF1 cells)/day5 after fix and stain (647PAX8)/12.czi	pax8	10	186.7859141199839	0.717263583067351	0.041759605614406184	0.04101338712213856	0.04918719011166024
baseline	12	data/2026-02-27-magnet-print(FOXF1 cells)/day5 after fix and stain (647PAX8)/12.czi	pax8	11	204.57504879807757	0.4531318981858674	0.01953203376812995	0.023544887510113462	0.022371540443484963
baseline	12	data/2026-02-27-magnet-print(FOXF1 cells)/day5 after fix and stain (647PAX8)/12.czi	pax8	12	222.3641834761713	0.2685835467589596	0.006689351397120648	0.010040088817813346	0.005444559834919549
baseline	12	data/2026-02-27-magnet-print(FOXF1 cells)/day5 after fix and stain (647PAX8)/12.czi	pax8	13	240.15331815426498	0.032087233145883465	0.00031803806212803533	0.0017225805364140905	0.00011538311829620575
baseline	12	data/2026-02-27-magnet-print(FOXF1 cells)/day5 after fix and stain (647PAX8)/12.czi	pax8	14	257.9424528323587		0.0	3.275630047929616e-06	0.0
baseline	12	data/2026-02-27-magnet-print(FOXF1 cells)/day5 after fix and stain (647PAX8)/12.czi	pax8	15	275.7315875104524		0.0	0.0	0.0
baseline	12	data/2026-02-27-magnet-print(FOXF1 cells)/day5 after fix and stain (647PAX8)/12.czi	pax8	16	293.5207221885461		0.0	0.0	0.0
baseline	12	data/2026-02-27-magnet-print(FOXF1 cells)/day5 after fix and stain (647PAX8)/12.czi	pax8	17	311.30985686663985		0.0	0.0	0.0
baseline	12	data/2026-02-27-magnet-print(FOXF1 cells)/day5 after fix and stain (647PAX8)/12.czi	pax8	18	329.0989915447335		0.0	0.0	0.0
baseline	12	data/2026-02-27-magnet-print(FOXF1 cells)/day5 after fix and stain (647PAX8)/12.czi	pax8	19	346.88812622282717		0.0	0.0	0.0
baseline	12	data/2026-02-27-magnet-print(FOXF1 cells)/day5 after fix and stain (647PAX8)/12.czi	pax8	20	364.67726090092094				
baseline	12	data/2026-02-27-magnet-print(FOXF1 cells)/day5 after fix and stain (647PAX8)/12.czi	pax8	21	382.4663955790146				
baseline	12	data/2026-02-27-magnet-print(FOXF1 cells)/day5 after fix and stain (647PAX8)/12.czi	pax8	22	400.25553025710826				
baseline	12	data/2026-02-27-magnet-print(FOXF1 cells)/day5 after fix and stain (647PAX8)/12.czi	pax8	23	418.04466493520204				
baseline	13	data/2026-02-27-magnet-print(FOXF1 cells)/day5 after fix and stain (647PAX8)/13.czi	foxf1	0	8.894567339046851	0.16248490536431842	0.018888715149098755	0.04878661839592015	0.005419792657909911
baseline	13	data/2026-02-27-magnet-print(FOXF1 cells)/day5 after fix and stain (647PAX8)/13.czi	foxf1	1	26.683702017140554	0.17304291358233564	0.022139272521092244	0.05063124393190282	0.00917538378779083
baseline	13	data/2026-02-27-magnet-print(FOXF1 cells)/day5 after fix and stain (647PAX8)/13.czi	foxf1	2	44.47283669523426	0.20851567478109306	0.02973341860092271	0.05398524045234329	0.016493136623140357
baseline	13	data/2026-02-27-magnet-print(FOXF1 cells)/day5 after fix and stain (647PAX8)/13.czi	foxf1	3	62.26197137332796	0.26068781141387753	0.04188019143008078	0.05984820222302017	0.028870502557415682
baseline	13	data/2026-02-27-magnet-print(FOXF1 cells)/day5 after fix and stain (647PAX8)/13.czi	foxf1	4	80.05110605142167	0.34338614408505486	0.05961479272727285	0.0677616439940302	0.04684966852635848
baseline	13	data/2026-02-27-magnet-print(FOXF1 cells)/day5 after fix and stain (647PAX8)/13.czi	foxf1	5	97.84024072951536	0.39537588177277905	0.07517177878275307	0.0748476333028073	0.0666493480764179
baseline	13	data/2026-02-27-magnet-print(FOXF1 cells)/day5 after fix and stain (647PAX8)/13.czi	foxf1	6	115.62937540760907	0.4394155198235621	0.09302739245686656	0.08498927760046063	0.09355208644370819
baseline	13	data/2026-02-27-magnet-print(FOXF1 cells)/day5 after fix and stain (647PAX8)/13.czi	foxf1	7	133.41851008570276	0.474117285207118	0.10349179864409705	0.0887388267841215	0.11254734336169885
baseline	13	data/2026-02-27-magnet-print(FOXF1 cells)/day5 after fix and stain (647PAX8)/13.czi	foxf1	8	151.20764476379648	0.562755876799257	0.10789075122686394	0.0867436114513475	0.12157964155993686
baseline	13	data/2026-02-27-magnet-print(FOXF1 cells)/day5 after fix and stain (647PAX8)/13.czi	foxf1	9	168.99677944189017	0.6278529149975923	0.10156797305243388	0.07905139284481363	0.1161411990244345
baseline	13	data/2026-02-27-magnet-print(FOXF1 cells)/day5 after fix and stain (647PAX8)/13.czi	foxf1	10	186.7859141199839	0.6207320666941862	0.08641208893400809	0.06786694708868245	0.10412253518626245
baseline	13	data/2026-02-27-magnet-print(FOXF1 cells)/day5 after fix and stain (647PAX8)/13.czi	foxf1	11	204.57504879807757	0.6745226942965019	0.06024987312594939	0.04700335491513465	0.07180724610477257
baseline	13	data/2026-02-27-magnet-print(FOXF1 cells)/day5 after fix and stain (647PAX8)/13.czi	foxf1	12	222.3641834761713	0.7719211864223748	0.03273747390532744	0.02554203354163727	0.03839198574835423
baseline	13	data/2026-02-27-magnet-print(FOXF1 cells)/day5 after fix and stain (647PAX8)/13.czi	foxf1	13	240.15331815426498	0.8828034290746503	0.012004297730108849	0.009016054093912278	0.013437557788044828
baseline	13	data/2026-02-27-magnet-print(FOXF1 cells)/day5 after fix and stain (647PAX8)/13.czi	foxf1	14	257.9424528323587		0.0012032245504748425	0.0009380980377584587	0.0009870438729780511
baseline	13	data/2026-02-27-magnet-print(FOXF1 cells)/day5 after fix and stain (647PAX8)/13.czi	foxf1	15	275.7315875104524		0.0	0.0	0.0
baseline	13	data/2026-02-27-magnet-print(FOXF1 cells)/day5 after fix and stain (647PAX8)/13.czi	foxf1	16	293.5207221885461		0.0	0.0	0.0
baseline	13	data/2026-02-27-magnet-print(FOXF1 cells)/day5 after fix and stain (647PAX8)/13.czi	foxf1	17	311.30985686663985		0.0	0.0	0.0
baseline	13	data/2026-02-27-magnet-print(FOXF1 cells)/day5 after fix and stain (647PAX8)/13.czi	foxf1	18	329.0989915447335		0.0	0.0	0.0
baseline	13	data/2026-02-27-magnet-print(FOXF1 cells)/day5 after fix and stain (647PAX8)/13.czi	foxf1	19	346.88812622282717		0.0	0.0	0.0
baseline	13	data/2026-02-27-magnet-print(FOXF1 cells)/day5 after fix and stain (647PAX8)/13.czi	foxf1	20	364.67726090092094				
baseline	13	data/2026-02-27-magnet-print(FOXF1 cells)/day5 after fix and stain (647PAX8)/13.czi	foxf1	21	382.4663955790146				
baseline	13	data/2026-02-27-magnet-print(FOXF1 cells)/day5 after fix and stain (647PAX8)/13.czi	foxf1	22	400.25553025710826				
baseline	13	data/2026-02-27-magnet-print(FOXF1 cells)/day5 after fix and stain (647PAX8)/13.czi	foxf1	23	418.04466493520204				
baseline	13	data/2026-02-27-magnet-print(FOXF1 cells)/day5 after fix and stain (647PAX8)/13.czi	mesp2	0	8.894567339046851	0.6575954772381926	0.12463595215180748	0.12224760883547728	0.13259865689753028
baseline	13	data/2026-02-27-magnet-print(FOXF1 cells)/day5 after fix and stain (647PAX8)/13.czi	mesp2	1	26.683702017140554	0.6605041925883465	0.12398505614665331	0.12158835188675075	0.13131491299310402
baseline	13	data/2026-02-27-magnet-print(FOXF1 cells)/day5 after fix and stain (647PAX8)/13.czi	mesp2	2	44.47283669523426	0.6613789476375765	0.11810720466993693	0.11577707153883648	0.12401151546783805
baseline	13	data/2026-02-27-magnet-print(FOXF1 cells)/day5 after fix and stain (647PAX8)/13.czi	mesp2	3	62.26197137332796	0.6673214656538279	0.11215903175574252	0.10988068548817838	0.11631115639019142
baseline	13	data/2026-02-27-magnet-print(FOXF1 cells)/day5 after fix and stain (647PAX8)/13.czi	mesp2	4	80.05110605142167	0.6766287154821434	0.10532925490322881	0.10309027975203257	0.10759797684490069
baseline	13	data/2026-02-27-magnet-print(FOXF1 cells)/day5 after fix and stain (647PAX8)/13.czi	mesp2	5	97.84024072951536	0.6859472547791735	0.09382632815687564	0.09184101002540222	0.09303432607088913
baseline	13	data/2026-02-27-magnet-print(FOXF1 cells)/day5 after fix and stain (647PAX8)/13.czi	mesp2	6	115.62937540760907	0.6984466445528034	0.07561812347197709	0.07433082938801437	0.07024077903381755
baseline	13	data/2026-02-27-magnet-print(FOXF1 cells)/day5 after fix and stain (647PAX8)/13.czi	mesp2	7	133.41851008570276	0.6026150434260916	0.04840327808786615	0.04968317346574321	0.040868689528842886
baseline	13	data/2026-02-27-magnet-print(FOXF1 cells)/day5 after fix and stain (647PAX8)/13.czi	mesp2	8	151.20764476379648	0.4782840420273557	0.026958230780932475	0.03052950811063028	0.02047468106476025
baseline	13	data/2026-02-27-magnet-print(FOXF1 cells)/day5 after fix and stain (647PAX8)/13.czi	mesp2	9	168.99677944189017	0.3510038979165857	0.012763155005617083	0.01686383398326191	0.007936664313045572
baseline	13	data/2026-02-27-magnet-print(FOXF1 cells)/day5 after fix and stain (647PAX8)/13.czi	mesp2	10	186.7859141199839	0.15580329954500213	0.0035778623431407504	0.0071117627920968965	0.0017105140726273115
baseline	13	data/2026-02-27-magnet-print(FOXF1 cells)/day5 after fix and stain (647PAX8)/13.czi	mesp2	11	204.57504879807757	0.036236577480585265	0.0004001363275681385	0.0021598838717592564	7.596849912896276e-05
baseline	13	data/2026-02-27-magnet-print(FOXF1 cells)/day5 after fix and stain (647PAX8)/13.czi	mesp2	12	222.3641834761713	0.0006654392423738323	3.921958337056554e-06	0.0004970364013936932	4.727079346935827e-07
baseline	13	data/2026-02-27-magnet-print(FOXF1 cells)/day5 after fix and stain (647PAX8)/13.czi	mesp2	13	240.15331815426498	0.0	0.0	9.289019364776698e-05	0.0
baseline	13	data/2026-02-27-magnet-print(FOXF1 cells)/day5 after fix and stain (647PAX8)/13.czi	mesp2	14	257.9424528323587		0.0	7.416062013524791e-06	0.0
baseline	13	data/2026-02-27-magnet-print(FOXF1 cells)/day5 after fix and stain (647PAX8)/13.czi	mesp2	15	275.7315875104524		0.0	0.0	0.0
baseline	13	data/2026-02-27-magnet-print(FOXF1 cells)/day5 after fix and stain (647PAX8)/13.czi	mesp2	16	293.5207221885461		0.0	0.0	0.0
baseline	13	data/2026-02-27-magnet-print(FOXF1 cells)/day5 after fix and stain (647PAX8)/13.czi	mesp2	17	311.30985686663985		0.0	0.0	0.0
baseline	13	data/2026-02-27-magnet-print(FOXF1 cells)/day5 after fix and stain (647PAX8)/13.czi	mesp2	18	329.0989915447335		0.0	0.0	0.0
baseline	13	data/2026-02-27-magnet-print(FOXF1 cells)/day5 after fix and stain (647PAX8)/13.czi	mesp2	19	346.88812622282717		0.0	0.0	0.0
baseline	13	data/2026-02-27-magnet-print(FOXF1 cells)/day5 after fix and stain (647PAX8)/13.czi	mesp2	20	364.67726090092094				
baseline	13	data/2026-02-27-magnet-print(FOXF1 cells)/day5 after fix and stain (647PAX8)/13.czi	mesp2	21	382.4663955790146				
baseline	13	data/2026-02-27-magnet-print(FOXF1 cells)/day5 after fix and stain (647PAX8)/13.czi	mesp2	22	400.25553025710826				
baseline	13	data/2026-02-27-magnet-print(FOXF1 cells)/day5 after fix and stain (647PAX8)/13.czi	mesp2	23	418.04466493520204				
baseline	13	data/2026-02-27-magnet-print(FOXF1 cells)/day5 after fix and stain (647PAX8)/13.czi	pax8	0	8.894567339046851	0.03233461958154955	0.009340998504897528	0.07294356773488209	0.0017375776126038569
baseline	13	data/2026-02-27-magnet-print(FOXF1 cells)/day5 after fix and stain (647PAX8)/13.czi	pax8	1	26.683702017140554	0.03019617522154076	0.008778197737697325	0.07311325357225928	0.0015583040276571777
baseline	13	data/2026-02-27-magnet-print(FOXF1 cells)/day5 after fix and stain (647PAX8)/13.czi	pax8	2	44.47283669523426	0.052059445423843255	0.015575499975864633	0.07228147397629395	0.004672817474347212
baseline	13	data/2026-02-27-magnet-print(FOXF1 cells)/day5 after fix and stain (647PAX8)/13.czi	pax8	3	62.26197137332796	0.10252349238924793	0.03200729350503191	0.07416868803324464	0.015848846589538005
baseline	13	data/2026-02-27-magnet-print(FOXF1 cells)/day5 after fix and stain (647PAX8)/13.czi	pax8	4	80.05110605142167	0.1700735854095552	0.05510180459334482	0.07649368506420559	0.03694572417221427
baseline	13	data/2026-02-27-magnet-print(FOXF1 cells)/day5 after fix and stain (647PAX8)/13.czi	pax8	5	97.84024072951536	0.23133021189723338	0.07897817024812219	0.08047256206070724	0.07234318576304792
baseline	13	data/2026-02-27-magnet-print(FOXF1 cells)/day5 after fix and stain (647PAX8)/13.czi	pax8	6	115.62937540760907	0.33620721544236537	0.11770499306468724	0.08764352747377895	0.13263330178493263
baseline	13	data/2026-02-27-magnet-print(FOXF1 cells)/day5 after fix and stain (647PAX8)/13.czi	pax8	7	133.41851008570276	0.48888404040634925	0.1633725136250495	0.09159961843070284	0.20401327417823079
baseline	13	data/2026-02-27-magnet-print(FOXF1 cells)/day5 after fix and stain (647PAX8)/13.czi	pax8	8	151.20764476379648	0.6662900784420317	0.17896094614978456	0.08520901949673455	0.20886798970340748
baseline	13	data/2026-02-27-magnet-print(FOXF1 cells)/day5 after fix and stain (647PAX8)/13.czi	pax8	9	168.99677944189017	0.5557757609000122	0.11610405237935617	0.06333720037181262	0.11364882342670776
baseline	13	data/2026-02-27-magnet-print(FOXF1 cells)/day5 after fix and stain (647PAX8)/13.czi	pax8	10	186.7859141199839	0.35422775766128334	0.05211999738428491	0.03899570041588968	0.0367167357537102
baseline	13	data/2026-02-27-magnet-print(FOXF1 cells)/day5 after fix and stain (647PAX8)/13.czi	pax8	11	204.57504879807757	0.10462393656895747	0.00977072384323609	0.019439267609481975	0.004687067323608352
baseline	13	data/2026-02-27-magnet-print(FOXF1 cells)/day5 after fix and stain (647PAX8)/13.czi	pax8	12	222.3641834761713	0.0013752411009059291	7.093622582836774e-05	0.006418518211733254	1.626853832688655e-05
baseline	13	data/2026-02-27-magnet-print(FOXF1 cells)/day5 after fix and stain (647PAX8)/13.czi	pax8	13	240.15331815426498	0.0	0.0	0.0014128892053674852	0.0
baseline	13	data/2026-02-27-magnet-print(FOXF1 cells)/day5 after fix and stain (647PAX8)/13.czi	pax8	14	257.9424528323587		0.0	0.00016198738231844068	0.0
baseline	13	data/2026-02-27-magnet-print(FOXF1 cells)/day5 after fix and stain (647PAX8)/13.czi	pax8	15	275.7315875104524		0.0	0.0	0.0
baseline	13	data/2026-02-27-magnet-print(FOXF1 cells)/day5 after fix and stain (647PAX8)/13.czi	pax8	16	293.5207221885461		0.0	0.0	0.0
baseline	13	data/2026-02-27-magnet-print(FOXF1 cells)/day5 after fix and stain (647PAX8)/13.czi	pax8	17	311.30985686663985		0.0	0.0	0.0
baseline	13	data/2026-02-27-magnet-print(FOXF1 cells)/day5 after fix and stain (647PAX8)/13.czi	pax8	18	329.0989915447335		0.0	0.0	0.0
baseline	13	data/2026-02-27-magnet-print(FOXF1 cells)/day5 after fix and stain (647PAX8)/13.czi	pax8	19	346.88812622282717		0.0	0.0	0.0
baseline	13	data/2026-02-27-magnet-print(FOXF1 cells)/day5 after fix and stain (647PAX8)/13.czi	pax8	20	364.67726090092094				
baseline	13	data/2026-02-27-magnet-print(FOXF1 cells)/day5 after fix and stain (647PAX8)/13.czi	pax8	21	382.4663955790146				
baseline	13	data/2026-02-27-magnet-print(FOXF1 cells)/day5 after fix and stain (647PAX8)/13.czi	pax8	22	400.25553025710826				
baseline	13	data/2026-02-27-magnet-print(FOXF1 cells)/day5 after fix and stain (647PAX8)/13.czi	pax8	23	418.04466493520204				
baseline	15	data/2026-02-27-magnet-print(FOXF1 cells)/day5 after fix and stain (647PAX8)/15.czi	foxf1	0	8.894567339046851	0.7882046776672724	0.038339669542538854	0.040773931175742004	0.02785360786512994
baseline	15	data/2026-02-27-magnet-print(FOXF1 cells)/day5 after fix and stain (647PAX8)/15.czi	foxf1	1	26.683702017140554	0.8008392683684443	0.04131208938472295	0.043306230517512034	0.031643784745646546
baseline	15	data/2026-02-27-magnet-print(FOXF1 cells)/day5 after fix and stain (647PAX8)/15.czi	foxf1	2	44.47283669523426	0.8401290217438686	0.04868105226510112	0.05000302271490161	0.040502958333874614
baseline	15	data/2026-02-27-magnet-print(FOXF1 cells)/day5 after fix and stain (647PAX8)/15.czi	foxf1	3	62.26197137332796	0.8874512806446376	0.058359484468384286	0.05892144897036898	0.052588120205499
baseline	15	data/2026-02-27-magnet-print(FOXF1 cells)/day5 after fix and stain (647PAX8)/15.czi	foxf1	4	80.05110605142167	0.9333920385897034	0.06976682689317738	0.06941800578751828	0.06716965637603928
baseline	15	data/2026-02-27-magnet-print(FOXF1 cells)/day5 after fix and stain (647PAX8)/15.czi	foxf1	5	97.84024072951536	0.9483583302024698	0.0812050832946185	0.0802806406524905	0.0829838264570102
baseline	15	data/2026-02-27-magnet-print(FOXF1 cells)/day5 after fix and stain (647PAX8)/15.czi	foxf1	6	115.62937540760907	0.9531091817491381	0.0885621176124259	0.08745560859962075	0.09389129015893147
baseline	15	data/2026-02-27-magnet-print(FOXF1 cells)/day5 after fix and stain (647PAX8)/15.czi	foxf1	7	133.41851008570276	0.9443028622819146	0.09162107661278167	0.09052409920587336	0.09924080739318102
baseline	15	data/2026-02-27-magnet-print(FOXF1 cells)/day5 after fix and stain (647PAX8)/15.czi	foxf1	8	151.20764476379648	0.9367736807969081	0.08883750341696092	0.08780237836640839	0.09731161036460008
baseline	15	data/2026-02-27-magnet-print(FOXF1 cells)/day5 after fix and stain (647PAX8)/15.czi	foxf1	9	168.99677944189017	0.9362441582979232	0.08145145673289572	0.08047651047736365	0.08939120702025487
baseline	15	data/2026-02-27-magnet-print(FOXF1 cells)/day5 after fix and stain (647PAX8)/15.czi	foxf1	10	186.7859141199839	0.9324156316304139	0.06713013459198457	0.06633668734668102	0.0727036009566593
baseline	15	data/2026-02-27-magnet-print(FOXF1 cells)/day5 after fix and stain (647PAX8)/15.czi	foxf1	11	204.57504879807757	0.926588351736155	0.0499251342695929	0.04941342582821882	0.05234489345626317
baseline	15	data/2026-02-27-magnet-print(FOXF1 cells)/day5 after fix and stain (647PAX8)/15.czi	foxf1	12	222.3641834761713	0.8608049236431591	0.02970288516358264	0.029710097140632958	0.02922251653215009
baseline	15	data/2026-02-27-magnet-print(FOXF1 cells)/day5 after fix and stain (647PAX8)/15.czi	foxf1	13	240.15331815426498	0.7087195754119969	0.010403723260664369	0.010683142361752482	0.008902796735779248
baseline	15	data/2026-02-27-magnet-print(FOXF1 cells)/day5 after fix and stain (647PAX8)/15.czi	foxf1	14	257.9424528323587		0.0007262988294274911	0.0008523686840405569	0.00038404272549339227
baseline	15	data/2026-02-27-magnet-print(FOXF1 cells)/day5 after fix and stain (647PAX8)/15.czi	foxf1	15	275.7315875104524		0.0	0.0	0.0
baseline	15	data/2026-02-27-magnet-print(FOXF1 cells)/day5 after fix and stain (647PAX8)/15.czi	foxf1	16	293.5207221885461		0.0	0.0	0.0
baseline	15	data/2026-02-27-magnet-print(FOXF1 cells)/day5 after fix and stain (647PAX8)/15.czi	foxf1	17	311.30985686663985		0.0	0.0	0.0
baseline	15	data/2026-02-27-magnet-print(FOXF1 cells)/day5 after fix and stain (647PAX8)/15.czi	foxf1	18	329.0989915447335		0.0	0.0	0.0
baseline	15	data/2026-02-27-magnet-print(FOXF1 cells)/day5 after fix and stain (647PAX8)/15.czi	foxf1	19	346.88812622282717		0.0	0.0	0.0
baseline	15	data/2026-02-27-magnet-print(FOXF1 cells)/day5 after fix and stain (647PAX8)/15.czi	foxf1	20	364.67726090092094				
baseline	15	data/2026-02-27-magnet-print(FOXF1 cells)/day5 after fix and stain (647PAX8)/15.czi	foxf1	21	382.4663955790146				
baseline	15	data/2026-02-27-magnet-print(FOXF1 cells)/day5 after fix and stain (647PAX8)/15.czi	foxf1	22	400.25553025710826				
baseline	15	data/2026-02-27-magnet-print(FOXF1 cells)/day5 after fix and stain (647PAX8)/15.czi	foxf1	23	418.04466493520204				
baseline	15	data/2026-02-27-magnet-print(FOXF1 cells)/day5 after fix and stain (647PAX8)/15.czi	mesp2	0	8.894567339046851	0.5459171613214172	0.17691105475415156	0.17595146186671576	0.1866194020848658
baseline	15	data/2026-02-27-magnet-print(FOXF1 cells)/day5 after fix and stain (647PAX8)/15.czi	mesp2	1	26.683702017140554	0.5404507358743493	0.173533542693425	0.17298437512570197	0.18309173231842119
baseline	15	data/2026-02-27-magnet-print(FOXF1 cells)/day5 after fix and stain (647PAX8)/15.czi	mesp2	2	44.47283669523426	0.5292421443612613	0.16005903262626697	0.15991517298525504	0.16588954713066212
baseline	15	data/2026-02-27-magnet-print(FOXF1 cells)/day5 after fix and stain (647PAX8)/15.czi	mesp2	3	62.26197137332796	0.5194329079206956	0.14115575864672084	0.14115828145664866	0.14149796838041792
baseline	15	data/2026-02-27-magnet-print(FOXF1 cells)/day5 after fix and stain (647PAX8)/15.czi	mesp2	4	80.05110605142167	0.5020611081261338	0.11790612808143175	0.11836118480351725	0.11201825425302521
baseline	15	data/2026-02-27-magnet-print(FOXF1 cells)/day5 after fix and stain (647PAX8)/15.czi	mesp2	5	97.84024072951536	0.39526365254246365	0.06311579479303879	0.06625441042195386	0.04843654522799471
baseline	15	data/2026-02-27-magnet-print(FOXF1 cells)/day5 after fix and stain (647PAX8)/15.czi	mesp2	6	115.62937540760907	0.11570258072963427	0.011636426876645227	0.01887942936004016	0.005463976856839957
baseline	15	data/2026-02-27-magnet-print(FOXF1 cells)/day5 after fix and stain (647PAX8)/15.czi	mesp2	7	133.41851008570276	0.008247848162811669	0.0006501904769572651	0.0041090213409591785	0.00017016578371877126
baseline	15	data/2026-02-27-magnet-print(FOXF1 cells)/day5 after fix and stain (647PAX8)/15.czi	mesp2	8	151.20764476379648	0.0	0.0	-0.00032752409296715637	3.95182751376362e-07
baseline	15	data/2026-02-27-magnet-print(FOXF1 cells)/day5 after fix and stain (647PAX8)/15.czi	mesp2	9	168.99677944189017	0.0	0.0	-0.0021102862599566923	5.488816178095613e-08
baseline	15	data/2026-02-27-magnet-print(FOXF1 cells)/day5 after fix and stain (647PAX8)/15.czi	mesp2	10	186.7859141199839	0.0	0.0	-0.0030523795984261997	1.6870274527599287e-07
baseline	15	data/2026-02-27-magnet-print(FOXF1 cells)/day5 after fix and stain (647PAX8)/15.czi	mesp2	11	204.57504879807757	0.0	0.0	-0.00242552584970524	2.9926252931422593e-05
baseline	15	data/2026-02-27-magnet-print(FOXF1 cells)/day5 after fix and stain (647PAX8)/15.czi	mesp2	12	222.3641834761713	0.0	0.0	-0.0025898117385188086	5.883311169707944e-07
baseline	15	data/2026-02-27-magnet-print(FOXF1 cells)/day5 after fix and stain (647PAX8)/15.czi	mesp2	13	240.15331815426498	0.0	0.0	-0.0018298063676804044	0.0
baseline	15	data/2026-02-27-magnet-print(FOXF1 cells)/day5 after fix and stain (647PAX8)/15.czi	mesp2	14	257.9424528323587		0.0	-0.00036976303132538126	0.0
baseline	15	data/2026-02-27-magnet-print(FOXF1 cells)/day5 after fix and stain (647PAX8)/15.czi	mesp2	15	275.7315875104524		0.0	0.0	0.0
baseline	15	data/2026-02-27-magnet-print(FOXF1 cells)/day5 after fix and stain (647PAX8)/15.czi	mesp2	16	293.5207221885461		0.0	0.0	0.0
baseline	15	data/2026-02-27-magnet-print(FOXF1 cells)/day5 after fix and stain (647PAX8)/15.czi	mesp2	17	311.30985686663985		0.0	0.0	0.0
baseline	15	data/2026-02-27-magnet-print(FOXF1 cells)/day5 after fix and stain (647PAX8)/15.czi	mesp2	18	329.0989915447335		0.0	0.0	0.0
baseline	15	data/2026-02-27-magnet-print(FOXF1 cells)/day5 after fix and stain (647PAX8)/15.czi	mesp2	19	346.88812622282717		0.0	0.0	0.0
baseline	15	data/2026-02-27-magnet-print(FOXF1 cells)/day5 after fix and stain (647PAX8)/15.czi	mesp2	20	364.67726090092094				
baseline	15	data/2026-02-27-magnet-print(FOXF1 cells)/day5 after fix and stain (647PAX8)/15.czi	mesp2	21	382.4663955790146				
baseline	15	data/2026-02-27-magnet-print(FOXF1 cells)/day5 after fix and stain (647PAX8)/15.czi	mesp2	22	400.25553025710826				
baseline	15	data/2026-02-27-magnet-print(FOXF1 cells)/day5 after fix and stain (647PAX8)/15.czi	mesp2	23	418.04466493520204				
baseline	15	data/2026-02-27-magnet-print(FOXF1 cells)/day5 after fix and stain (647PAX8)/15.czi	pax8	0	8.894567339046851	0.15304814268983397	0.02763437037547798	0.0645462160500082	0.009345422833495376
baseline	15	data/2026-02-27-magnet-print(FOXF1 cells)/day5 after fix and stain (647PAX8)/15.czi	pax8	1	26.683702017140554	0.185022414793188	0.03455037421721783	0.06617717335148032	0.01628615986127741
baseline	15	data/2026-02-27-magnet-print(FOXF1 cells)/day5 after fix and stain (647PAX8)/15.czi	pax8	2	44.47283669523426	0.20663097177493214	0.04146166740279572	0.06931971749010962	0.02896643006904945
baseline	15	data/2026-02-27-magnet-print(FOXF1 cells)/day5 after fix and stain (647PAX8)/15.czi	pax8	3	62.26197137332796	0.252728840274894	0.05178914776704255	0.07296837014914767	0.04162154346977771
baseline	15	data/2026-02-27-magnet-print(FOXF1 cells)/day5 after fix and stain (647PAX8)/15.czi	pax8	4	80.05110605142167	0.423319235803955	0.08498560727473972	0.07978953012600375	0.0682217497920919
baseline	15	data/2026-02-27-magnet-print(FOXF1 cells)/day5 after fix and stain (647PAX8)/15.czi	pax8	5	97.84024072951536	0.6193879316501891	0.1304438066126497	0.09019824515800344	0.1310287662614985
baseline	15	data/2026-02-27-magnet-print(FOXF1 cells)/day5 after fix and stain (647PAX8)/15.czi	pax8	6	115.62937540760907	0.6436304274905674	0.144332330976139	0.09528582181342164	0.18157230738915836
baseline	15	data/2026-02-27-magnet-print(FOXF1 cells)/day5 after fix and stain (647PAX8)/15.czi	pax8	7	133.41851008570276	0.620283021384743	0.13486583219142445	0.09005428834656122	0.17288421282285857
baseline	15	data/2026-02-27-magnet-print(FOXF1 cells)/day5 after fix and stain (647PAX8)/15.czi	pax8	8	151.20764476379648	0.567082089112193	0.10692422965972208	0.07581637808405925	0.11948393894798814
baseline	15	data/2026-02-27-magnet-print(FOXF1 cells)/day5 after fix and stain (647PAX8)/15.czi	pax8	9	168.99677944189017	0.40483289535045675	0.0642573332555148	0.05745084643911082	0.05878555892009665
baseline	15	data/2026-02-27-magnet-print(FOXF1 cells)/day5 after fix and stain (647PAX8)/15.czi	pax8	10	186.7859141199839	0.1836022137338284	0.022737759277205876	0.03811753575903498	0.013731901712571784
baseline	15	data/2026-02-27-magnet-print(FOXF1 cells)/day5 after fix and stain (647PAX8)/15.czi	pax8	11	204.57504879807757	0.010885902025526348	0.0010231468885610866	0.024222776516889203	0.00026717989831979673
baseline	15	data/2026-02-27-magnet-print(FOXF1 cells)/day5 after fix and stain (647PAX8)/15.czi	pax8	12	222.3641834761713	0.0	0.0	0.014450896835767956	0.0
baseline	15	data/2026-02-27-magnet-print(FOXF1 cells)/day5 after fix and stain (647PAX8)/15.czi	pax8	13	240.15331815426498	0.0	0.0	0.005829592980137884	0.0
baseline	15	data/2026-02-27-magnet-print(FOXF1 cells)/day5 after fix and stain (647PAX8)/15.czi	pax8	14	257.9424528323587		0.0	0.0006931002808128188	0.0
baseline	15	data/2026-02-27-magnet-print(FOXF1 cells)/day5 after fix and stain (647PAX8)/15.czi	pax8	15	275.7315875104524		0.0	0.0	0.0
baseline	15	data/2026-02-27-magnet-print(FOXF1 cells)/day5 after fix and stain (647PAX8)/15.czi	pax8	16	293.5207221885461		0.0	0.0	0.0
baseline	15	data/2026-02-27-magnet-print(FOXF1 cells)/day5 after fix and stain (647PAX8)/15.czi	pax8	17	311.30985686663985		0.0	0.0	0.0
baseline	15	data/2026-02-27-magnet-print(FOXF1 cells)/day5 after fix and stain (647PAX8)/15.czi	pax8	18	329.0989915447335		0.0	0.0	0.0
baseline	15	data/2026-02-27-magnet-print(FOXF1 cells)/day5 after fix and stain (647PAX8)/15.czi	pax8	19	346.88812622282717		0.0	0.0	0.0
baseline	15	data/2026-02-27-magnet-print(FOXF1 cells)/day5 after fix and stain (647PAX8)/15.czi	pax8	20	364.67726090092094				
baseline	15	data/2026-02-27-magnet-print(FOXF1 cells)/day5 after fix and stain (647PAX8)/15.czi	pax8	21	382.4663955790146				
baseline	15	data/2026-02-27-magnet-print(FOXF1 cells)/day5 after fix and stain (647PAX8)/15.czi	pax8	22	400.25553025710826				
baseline	15	data/2026-02-27-magnet-print(FOXF1 cells)/day5 after fix and stain (647PAX8)/15.czi	pax8	23	418.04466493520204				
baseline	16	data/2026-02-27-magnet-print(FOXF1 cells)/day5 after fix and stain (647PAX8)/16.czi	foxf1	0	8.894567339046851	0.6973487177323126	0.04675820590367751	0.048307530128414225	0.03986803003812514
baseline	16	data/2026-02-27-magnet-print(FOXF1 cells)/day5 after fix and stain (647PAX8)/16.czi	foxf1	1	26.683702017140554	0.7034033720328398	0.05001597856865413	0.05146761893061414	0.04396319212299879
baseline	16	data/2026-02-27-magnet-print(FOXF1 cells)/day5 after fix and stain (647PAX8)/16.czi	foxf1	2	44.47283669523426	0.7199728156702243	0.05599796134707846	0.0571658126260896	0.05151145893544455
baseline	16	data/2026-02-27-magnet-print(FOXF1 cells)/day5 after fix and stain (647PAX8)/16.czi	foxf1	3	62.26197137332796	0.7411984191035832	0.06331401575520973	0.06407696588255231	0.06098097226041064
baseline	16	data/2026-02-27-magnet-print(FOXF1 cells)/day5 after fix and stain (647PAX8)/16.czi	foxf1	4	80.05110605142167	0.7700087622394023	0.07270117990255126	0.07285945767520208	0.07265101903524404
baseline	16	data/2026-02-27-magnet-print(FOXF1 cells)/day5 after fix and stain (647PAX8)/16.czi	foxf1	5	97.84024072951536	0.8128011265931112	0.07706325389980036	0.07660230758011813	0.07839492532070437
baseline	16	data/2026-02-27-magnet-print(FOXF1 cells)/day5 after fix and stain (647PAX8)/16.czi	foxf1	6	115.62937540760907	0.8129899515559167	0.07925667638341402	0.07876175496972176	0.08214485040799496
baseline	16	data/2026-02-27-magnet-print(FOXF1 cells)/day5 after fix and stain (647PAX8)/16.czi	foxf1	7	133.41851008570276	0.8043423013382158	0.07921001824200433	0.07873174237981927	0.0836283064107173
baseline	16	data/2026-02-27-magnet-print(FOXF1 cells)/day5 after fix and stain (647PAX8)/16.czi	foxf1	8	151.20764476379648	0.7999184392060157	0.07483831587904312	0.0741789065727242	0.07947518436498842
baseline	16	data/2026-02-27-magnet-print(FOXF1 cells)/day5 after fix and stain (647PAX8)/16.czi	foxf1	9	168.99677944189017	0.8350173444079029	0.06929938686913134	0.06834043625324661	0.07339727389948181
baseline	16	data/2026-02-27-magnet-print(FOXF1 cells)/day5 after fix and stain (647PAX8)/16.czi	foxf1	10	186.7859141199839	0.8920003056858444	0.05980648879933856	0.058973936824750425	0.0629753950703698
baseline	16	data/2026-02-27-magnet-print(FOXF1 cells)/day5 after fix and stain (647PAX8)/16.czi	foxf1	11	204.57504879807757	0.9191402819730509	0.04968258252695197	0.04893168200259416	0.05172519625273792
baseline	16	data/2026-02-27-magnet-print(FOXF1 cells)/day5 after fix and stain (647PAX8)/16.czi	foxf1	12	222.3641834761713	0.9363610451562426	0.0379939317707175	0.03743361438404727	0.03849793762974411
baseline	16	data/2026-02-27-magnet-print(FOXF1 cells)/day5 after fix and stain (647PAX8)/16.czi	foxf1	13	240.15331815426498	0.9205276200371207	0.022381013336315286	0.022181368670092922	0.02094182901712573
baseline	16	data/2026-02-27-magnet-print(FOXF1 cells)/day5 after fix and stain (647PAX8)/16.czi	foxf1	14	257.9424528323587	0.7794464048818477	0.006596475936880545	0.006773310644922035	0.005039122214273526
baseline	16	data/2026-02-27-magnet-print(FOXF1 cells)/day5 after fix and stain (647PAX8)/16.czi	foxf1	15	275.7315875104524		0.00033757475083146275	0.0003829233316412668	0.00015477856794239738
baseline	16	data/2026-02-27-magnet-print(FOXF1 cells)/day5 after fix and stain (647PAX8)/16.czi	foxf1	16	293.5207221885461		0.0	0.0	0.0
baseline	16	data/2026-02-27-magnet-print(FOXF1 cells)/day5 after fix and stain (647PAX8)/16.czi	foxf1	17	311.30985686663985		0.0	0.0	0.0
baseline	16	data/2026-02-27-magnet-print(FOXF1 cells)/day5 after fix and stain (647PAX8)/16.czi	foxf1	18	329.0989915447335		0.0	0.0	0.0
baseline	16	data/2026-02-27-magnet-print(FOXF1 cells)/day5 after fix and stain (647PAX8)/16.czi	foxf1	19	346.88812622282717		0.0	0.0	0.0
baseline	16	data/2026-02-27-magnet-print(FOXF1 cells)/day5 after fix and stain (647PAX8)/16.czi	foxf1	20	364.67726090092094				
baseline	16	data/2026-02-27-magnet-print(FOXF1 cells)/day5 after fix and stain (647PAX8)/16.czi	foxf1	21	382.4663955790146				
baseline	16	data/2026-02-27-magnet-print(FOXF1 cells)/day5 after fix and stain (647PAX8)/16.czi	foxf1	22	400.25553025710826				
baseline	16	data/2026-02-27-magnet-print(FOXF1 cells)/day5 after fix and stain (647PAX8)/16.czi	foxf1	23	418.04466493520204				
baseline	16	data/2026-02-27-magnet-print(FOXF1 cells)/day5 after fix and stain (647PAX8)/16.czi	mesp2	0	8.894567339046851	0.6316870199798954	0.1375848062155813	0.13570706695415982	0.14388269065126422
baseline	16	data/2026-02-27-magnet-print(FOXF1 cells)/day5 after fix and stain (647PAX8)/16.czi	mesp2	1	26.683702017140554	0.6124254347334499	0.13969883016505888	0.13833413238576053	0.14902568922844034
baseline	16	data/2026-02-27-magnet-print(FOXF1 cells)/day5 after fix and stain (647PAX8)/16.czi	mesp2	2	44.47283669523426	0.5848601038834809	0.13161168522360536	0.13058905161059445	0.14048390831187585
baseline	16	data/2026-02-27-magnet-print(FOXF1 cells)/day5 after fix and stain (647PAX8)/16.czi	mesp2	3	62.26197137332796	0.551362614239472	0.11707649536234409	0.1164226600867859	0.12328770342495016
baseline	16	data/2026-02-27-magnet-print(FOXF1 cells)/day5 after fix and stain (647PAX8)/16.czi	mesp2	4	80.05110605142167	0.5265860564540443	0.10310181107933056	0.10253036863575644	0.10530503274315585
baseline	16	data/2026-02-27-magnet-print(FOXF1 cells)/day5 after fix and stain (647PAX8)/16.czi	mesp2	5	97.84024072951536	0.5088870012290821	0.0832521993700096	0.08319348976546452	0.07980801683562612
baseline	16	data/2026-02-27-magnet-print(FOXF1 cells)/day5 after fix and stain (647PAX8)/16.czi	mesp2	6	115.62937540760907	0.46506830788728415	0.06079509758718327	0.06205360137980882	0.05170121876959407
baseline	16	data/2026-02-27-magnet-print(FOXF1 cells)/day5 after fix and stain (647PAX8)/16.czi	mesp2	7	133.41851008570276	0.3517748610678155	0.03854566905783108	0.04211145227728015	0.030058493840695668
baseline	16	data/2026-02-27-magnet-print(FOXF1 cells)/day5 after fix and stain (647PAX8)/16.czi	mesp2	8	151.20764476379648	0.26453555850921917	0.023762940971812477	0.02718987541596206	0.016293984262227376
baseline	16	data/2026-02-27-magnet-print(FOXF1 cells)/day5 after fix and stain (647PAX8)/16.czi	mesp2	9	168.99677944189017	0.12886888222445672	0.008761594989615165	0.011532128612907675	0.004624895223591135
baseline	16	data/2026-02-27-magnet-print(FOXF1 cells)/day5 after fix and stain (647PAX8)/16.czi	mesp2	10	186.7859141199839	0.010436659691258204	0.0005199744927811339	0.0006992698868145642	0.00019575783398442272
baseline	16	data/2026-02-27-magnet-print(FOXF1 cells)/day5 after fix and stain (647PAX8)/16.czi	mesp2	11	204.57504879807757	0.0	0.0	-0.0017524795285812705	4.148244005770515e-07
baseline	16	data/2026-02-27-magnet-print(FOXF1 cells)/day5 after fix and stain (647PAX8)/16.czi	mesp2	12	222.3641834761713	0.0	0.0	-0.001825390116915436	5.31686840754729e-08
baseline	16	data/2026-02-27-magnet-print(FOXF1 cells)/day5 after fix and stain (647PAX8)/16.czi	mesp2	13	240.15331815426498	0.0	0.0	-0.00141854387983671	0.0
baseline	16	data/2026-02-27-magnet-print(FOXF1 cells)/day5 after fix and stain (647PAX8)/16.czi	mesp2	14	257.9424528323587	0.0	0.0	-0.0008766755417974332	0.0
baseline	16	data/2026-02-27-magnet-print(FOXF1 cells)/day5 after fix and stain (647PAX8)/16.czi	mesp2	15	275.7315875104524		0.0	-0.0001039261547792472	0.0
baseline	16	data/2026-02-27-magnet-print(FOXF1 cells)/day5 after fix and stain (647PAX8)/16.czi	mesp2	16	293.5207221885461		0.0	0.0	0.0
baseline	16	data/2026-02-27-magnet-print(FOXF1 cells)/day5 after fix and stain (647PAX8)/16.czi	mesp2	17	311.30985686663985		0.0	0.0	0.0
baseline	16	data/2026-02-27-magnet-print(FOXF1 cells)/day5 after fix and stain (647PAX8)/16.czi	mesp2	18	329.0989915447335		0.0	0.0	0.0
baseline	16	data/2026-02-27-magnet-print(FOXF1 cells)/day5 after fix and stain (647PAX8)/16.czi	mesp2	19	346.88812622282717		0.0	0.0	0.0
baseline	16	data/2026-02-27-magnet-print(FOXF1 cells)/day5 after fix and stain (647PAX8)/16.czi	mesp2	20	364.67726090092094				
baseline	16	data/2026-02-27-magnet-print(FOXF1 cells)/day5 after fix and stain (647PAX8)/16.czi	mesp2	21	382.4663955790146				
baseline	16	data/2026-02-27-magnet-print(FOXF1 cells)/day5 after fix and stain (647PAX8)/16.czi	mesp2	22	400.25553025710826				
baseline	16	data/2026-02-27-magnet-print(FOXF1 cells)/day5 after fix and stain (647PAX8)/16.czi	mesp2	23	418.04466493520204				
baseline	16	data/2026-02-27-magnet-print(FOXF1 cells)/day5 after fix and stain (647PAX8)/16.czi	pax8	0	8.894567339046851	0.09031042599696608	0.021038505669631034	0.0714334996828712	0.005968828263369118
baseline	16	data/2026-02-27-magnet-print(FOXF1 cells)/day5 after fix and stain (647PAX8)/16.czi	pax8	1	26.683702017140554	0.13226762775810272	0.031730732541136474	0.07318733766996906	0.013763530407112033
baseline	16	data/2026-02-27-magnet-print(FOXF1 cells)/day5 after fix and stain (647PAX8)/16.czi	pax8	2	44.47283669523426	0.19696803559962497	0.04838585011160549	0.07591173929569077	0.02907130885879001
baseline	16	data/2026-02-27-magnet-print(FOXF1 cells)/day5 after fix and stain (647PAX8)/16.czi	pax8	3	62.26197137332796	0.3008455576431465	0.07370860645002905	0.07797702189919528	0.052935233244265696
baseline	16	data/2026-02-27-magnet-print(FOXF1 cells)/day5 after fix and stain (647PAX8)/16.czi	pax8	4	80.05110605142167	0.3443331149428253	0.08832261768094174	0.08105283459575502	0.08461034059423124
baseline	16	data/2026-02-27-magnet-print(FOXF1 cells)/day5 after fix and stain (647PAX8)/16.czi	pax8	5	97.84024072951536	0.37787666059042463	0.09494559184776728	0.08071546536793014	0.10528041526842724
baseline	16	data/2026-02-27-magnet-print(FOXF1 cells)/day5 after fix and stain (647PAX8)/16.czi	pax8	6	115.62937540760907	0.4971176057046829	0.11882532936713597	0.08304857162081135	0.12694702820652765
baseline	16	data/2026-02-27-magnet-print(FOXF1 cells)/day5 after fix and stain (647PAX8)/16.czi	pax8	7	133.41851008570276	0.5848649549691747	0.13485705958359825	0.08205953893677154	0.16002767667559512
baseline	16	data/2026-02-27-magnet-print(FOXF1 cells)/day5 after fix and stain (647PAX8)/16.czi	pax8	8	151.20764476379648	0.5599694359842619	0.11944831686940181	0.07334471839072401	0.13999452854036587
baseline	16	data/2026-02-27-magnet-print(FOXF1 cells)/day5 after fix and stain (647PAX8)/16.czi	pax8	9	168.99677944189017	0.35515031242033857	0.06987360877958698	0.05685186681355007	0.08560385696576754
baseline	16	data/2026-02-27-magnet-print(FOXF1 cells)/day5 after fix and stain (647PAX8)/16.czi	pax8	10	186.7859141199839	0.22082341973498368	0.03379782718232846	0.03708524145020572	0.03413550160663162
baseline	16	data/2026-02-27-magnet-print(FOXF1 cells)/day5 after fix and stain (647PAX8)/16.czi	pax8	11	204.57504879807757	0.04295690513547003	0.00479922375922561	0.023114385765166383	0.0014604589942885135
baseline	16	data/2026-02-27-magnet-print(FOXF1 cells)/day5 after fix and stain (647PAX8)/16.czi	pax8	12	222.3641834761713	0.0	0.0	0.014916182536216887	0.0
baseline	16	data/2026-02-27-magnet-print(FOXF1 cells)/day5 after fix and stain (647PAX8)/16.czi	pax8	13	240.15331815426498	0.0	0.0	0.00932585746534161	0.0
baseline	16	data/2026-02-27-magnet-print(FOXF1 cells)/day5 after fix and stain (647PAX8)/16.czi	pax8	14	257.9424528323587	0.0	0.0	0.00342457495328888	0.0
baseline	16	data/2026-02-27-magnet-print(FOXF1 cells)/day5 after fix and stain (647PAX8)/16.czi	pax8	15	275.7315875104524		0.0	0.0002425027349445743	0.0
baseline	16	data/2026-02-27-magnet-print(FOXF1 cells)/day5 after fix and stain (647PAX8)/16.czi	pax8	16	293.5207221885461		0.0	0.0	0.0
baseline	16	data/2026-02-27-magnet-print(FOXF1 cells)/day5 after fix and stain (647PAX8)/16.czi	pax8	17	311.30985686663985		0.0	0.0	0.0
baseline	16	data/2026-02-27-magnet-print(FOXF1 cells)/day5 after fix and stain (647PAX8)/16.czi	pax8	18	329.0989915447335		0.0	0.0	0.0
baseline	16	data/2026-02-27-magnet-print(FOXF1 cells)/day5 after fix and stain (647PAX8)/16.czi	pax8	19	346.88812622282717		0.0	0.0	0.0
baseline	16	data/2026-02-27-magnet-print(FOXF1 cells)/day5 after fix and stain (647PAX8)/16.czi	pax8	20	364.67726090092094				
baseline	16	data/2026-02-27-magnet-print(FOXF1 cells)/day5 after fix and stain (647PAX8)/16.czi	pax8	21	382.4663955790146				
baseline	16	data/2026-02-27-magnet-print(FOXF1 cells)/day5 after fix and stain (647PAX8)/16.czi	pax8	22	400.25553025710826				
baseline	16	data/2026-02-27-magnet-print(FOXF1 cells)/day5 after fix and stain (647PAX8)/16.czi	pax8	23	418.04466493520204				
baseline	17	data/2026-02-27-magnet-print(FOXF1 cells)/day5 after fix and stain (647PAX8)/17.czi	foxf1	0	8.894567339046851	0.7096335169991672	0.06623284494715997	0.06701015072843224	0.05097375880950043
baseline	17	data/2026-02-27-magnet-print(FOXF1 cells)/day5 after fix and stain (647PAX8)/17.czi	foxf1	1	26.683702017140554	0.6924813214995066	0.06465367138965436	0.06593770500442415	0.04989338951928047
baseline	17	data/2026-02-27-magnet-print(FOXF1 cells)/day5 after fix and stain (647PAX8)/17.czi	foxf1	2	44.47283669523426	0.6764924026747927	0.06331097830632373	0.06522679538689061	0.04961010087221229
baseline	17	data/2026-02-27-magnet-print(FOXF1 cells)/day5 after fix and stain (647PAX8)/17.czi	foxf1	3	62.26197137332796	0.6503069948622034	0.061738651946153265	0.06472224732729685	0.050124228586676055
baseline	17	data/2026-02-27-magnet-print(FOXF1 cells)/day5 after fix and stain (647PAX8)/17.czi	foxf1	4	80.05110605142167	0.6118137035095755	0.05977222038577744	0.06388371062375643	0.05145735227744858
baseline	17	data/2026-02-27-magnet-print(FOXF1 cells)/day5 after fix and stain (647PAX8)/17.czi	foxf1	5	97.84024072951536	0.592845411642748	0.05974923331012217	0.06359511029841243	0.05418696494980652
baseline	17	data/2026-02-27-magnet-print(FOXF1 cells)/day5 after fix and stain (647PAX8)/17.czi	foxf1	6	115.62937540760907	0.5765736088796003	0.06207640659941615	0.06504861206359575	0.06095840396863198
baseline	17	data/2026-02-27-magnet-print(FOXF1 cells)/day5 after fix and stain (647PAX8)/17.czi	foxf1	7	133.41851008570276	0.5888748509932139	0.06569987439345205	0.06685241638208926	0.0688579702342719
baseline	17	data/2026-02-27-magnet-print(FOXF1 cells)/day5 after fix and stain (647PAX8)/17.czi	foxf1	8	151.20764476379648	0.6040891964052213	0.07177562676292215	0.07060100818016975	0.08107694238560961
baseline	17	data/2026-02-27-magnet-print(FOXF1 cells)/day5 after fix and stain (647PAX8)/17.czi	foxf1	9	168.99677944189017	0.6494102136957585	0.07408023536048029	0.07049926124366195	0.08804640645526542
baseline	17	data/2026-02-27-magnet-print(FOXF1 cells)/day5 after fix and stain (647PAX8)/17.czi	foxf1	10	186.7859141199839	0.6638635511576518	0.06715013384727392	0.06301477084395352	0.08146121609854293
baseline	17	data/2026-02-27-magnet-print(FOXF1 cells)/day5 after fix and stain (647PAX8)/17.czi	foxf1	11	204.57504879807757	0.6603374207946299	0.05418318524143809	0.050439047948158865	0.06766158760304505
baseline	17	data/2026-02-27-magnet-print(FOXF1 cells)/day5 after fix and stain (647PAX8)/17.czi	foxf1	12	222.3641834761713	0.777785766075515	0.039328972332253256	0.036149647275653896	0.0497444226160466
baseline	17	data/2026-02-27-magnet-print(FOXF1 cells)/day5 after fix and stain (647PAX8)/17.czi	foxf1	13	240.15331815426498	0.9215496648928805	0.024455896014574256	0.022252157735378003	0.029678610782252507
baseline	17	data/2026-02-27-magnet-print(FOXF1 cells)/day5 after fix and stain (647PAX8)/17.czi	foxf1	14	257.9424528323587	0.9310188991648309	0.009865467575641704	0.00896904421285369	0.010562094205311196
baseline	17	data/2026-02-27-magnet-print(FOXF1 cells)/day5 after fix and stain (647PAX8)/17.czi	foxf1	15	275.7315875104524	0.895713604042752	0.0010199419475441463	0.0009355402594455661	0.0009282363843014533
baseline	17	data/2026-02-27-magnet-print(FOXF1 cells)/day5 after fix and stain (647PAX8)/17.czi	foxf1	16	293.5207221885461		0.0	0.0	0.0
baseline	17	data/2026-02-27-magnet-print(FOXF1 cells)/day5 after fix and stain (647PAX8)/17.czi	foxf1	17	311.30985686663985		0.0	0.0	0.0
baseline	17	data/2026-02-27-magnet-print(FOXF1 cells)/day5 after fix and stain (647PAX8)/17.czi	foxf1	18	329.0989915447335		0.0	0.0	0.0
baseline	17	data/2026-02-27-magnet-print(FOXF1 cells)/day5 after fix and stain (647PAX8)/17.czi	foxf1	19	346.88812622282717		0.0	0.0	0.0
baseline	17	data/2026-02-27-magnet-print(FOXF1 cells)/day5 after fix and stain (647PAX8)/17.czi	foxf1	20	364.67726090092094				
baseline	17	data/2026-02-27-magnet-print(FOXF1 cells)/day5 after fix and stain (647PAX8)/17.czi	foxf1	21	382.4663955790146				
baseline	17	data/2026-02-27-magnet-print(FOXF1 cells)/day5 after fix and stain (647PAX8)/17.czi	foxf1	22	400.25553025710826				
baseline	17	data/2026-02-27-magnet-print(FOXF1 cells)/day5 after fix and stain (647PAX8)/17.czi	foxf1	23	418.04466493520204				
baseline	17	data/2026-02-27-magnet-print(FOXF1 cells)/day5 after fix and stain (647PAX8)/17.czi	mesp2	0	8.894567339046851	0.64001076174328	0.11001118797696187	0.10795961214253412	0.11296374408454267
baseline	17	data/2026-02-27-magnet-print(FOXF1 cells)/day5 after fix and stain (647PAX8)/17.czi	mesp2	1	26.683702017140554	0.6354868222366273	0.1085886182297652	0.10661569395145036	0.11126390152501563
baseline	17	data/2026-02-27-magnet-print(FOXF1 cells)/day5 after fix and stain (647PAX8)/17.czi	mesp2	2	44.47283669523426	0.6445585559482697	0.10857101555238169	0.1066120810444568	0.11104250351558693
baseline	17	data/2026-02-27-magnet-print(FOXF1 cells)/day5 after fix and stain (647PAX8)/17.czi	mesp2	3	62.26197137332796	0.6557798231811893	0.10891573479428769	0.10700524355911492	0.11156630195021473
baseline	17	data/2026-02-27-magnet-print(FOXF1 cells)/day5 after fix and stain (647PAX8)/17.czi	mesp2	4	80.05110605142167	0.6320398483336124	0.100697497923223	0.09970014990138053	0.1028902220467056
baseline	17	data/2026-02-27-magnet-print(FOXF1 cells)/day5 after fix and stain (647PAX8)/17.czi	mesp2	5	97.84024072951536	0.5967444691021093	0.08744215485265079	0.087492882071198	0.08786601090157725
baseline	17	data/2026-02-27-magnet-print(FOXF1 cells)/day5 after fix and stain (647PAX8)/17.czi	mesp2	6	115.62937540760907	0.5694845818782922	0.07643156477310875	0.07717248920659382	0.07595353091771279
baseline	17	data/2026-02-27-magnet-print(FOXF1 cells)/day5 after fix and stain (647PAX8)/17.czi	mesp2	7	133.41851008570276	0.49453434113860906	0.05888008216471082	0.06093872305040447	0.05767057137255604
baseline	17	data/2026-02-27-magnet-print(FOXF1 cells)/day5 after fix and stain (647PAX8)/17.czi	mesp2	8	151.20764476379648	0.4215339433549605	0.04074876366128987	0.04314409386301812	0.038248779320931806
baseline	17	data/2026-02-27-magnet-print(FOXF1 cells)/day5 after fix and stain (647PAX8)/17.czi	mesp2	9	168.99677944189017	0.389673112606383	0.026438248719661647	0.028300975689312086	0.02283584458638504
baseline	17	data/2026-02-27-magnet-print(FOXF1 cells)/day5 after fix and stain (647PAX8)/17.czi	mesp2	10	186.7859141199839	0.3296140466503949	0.014519543526497595	0.01625935911455802	0.01070123130975775
baseline	17	data/2026-02-27-magnet-print(FOXF1 cells)/day5 after fix and stain (647PAX8)/17.czi	mesp2	11	204.57504879807757	0.15418611839747567	0.0033865818160782593	0.0048953265850759965	0.0014690659210499185
baseline	17	data/2026-02-27-magnet-print(FOXF1 cells)/day5 after fix and stain (647PAX8)/17.czi	mesp2	12	222.3641834761713	0.005907166061253441	5.69505743078931e-05	-0.00018613559762136063	6.68717282480419e-06
baseline	17	data/2026-02-27-magnet-print(FOXF1 cells)/day5 after fix and stain (647PAX8)/17.czi	mesp2	13	240.15331815426498	0.0	0.0	-0.000620634848272503	0.0
baseline	17	data/2026-02-27-magnet-print(FOXF1 cells)/day5 after fix and stain (647PAX8)/17.czi	mesp2	14	257.9424528323587	0.0	0.0	-0.0004115433966059313	0.0
baseline	17	data/2026-02-27-magnet-print(FOXF1 cells)/day5 after fix and stain (647PAX8)/17.czi	mesp2	15	275.7315875104524	0.0	0.0	-6.178371435145607e-05	0.0
baseline	17	data/2026-02-27-magnet-print(FOXF1 cells)/day5 after fix and stain (647PAX8)/17.czi	mesp2	16	293.5207221885461		0.0	0.0	0.0
baseline	17	data/2026-02-27-magnet-print(FOXF1 cells)/day5 after fix and stain (647PAX8)/17.czi	mesp2	17	311.30985686663985		0.0	0.0	0.0
baseline	17	data/2026-02-27-magnet-print(FOXF1 cells)/day5 after fix and stain (647PAX8)/17.czi	mesp2	18	329.0989915447335		0.0	0.0	0.0
baseline	17	data/2026-02-27-magnet-print(FOXF1 cells)/day5 after fix and stain (647PAX8)/17.czi	mesp2	19	346.88812622282717		0.0	0.0	0.0
baseline	17	data/2026-02-27-magnet-print(FOXF1 cells)/day5 after fix and stain (647PAX8)/17.czi	mesp2	20	364.67726090092094				
baseline	17	data/2026-02-27-magnet-print(FOXF1 cells)/day5 after fix and stain (647PAX8)/17.czi	mesp2	21	382.4663955790146				
baseline	17	data/2026-02-27-magnet-print(FOXF1 cells)/day5 after fix and stain (647PAX8)/17.czi	mesp2	22	400.25553025710826				
baseline	17	data/2026-02-27-magnet-print(FOXF1 cells)/day5 after fix and stain (647PAX8)/17.czi	mesp2	23	418.04466493520204				
baseline	17	data/2026-02-27-magnet-print(FOXF1 cells)/day5 after fix and stain (647PAX8)/17.czi	pax8	0	8.894567339046851	0.46078219302718815	0.07307211577178206	0.07865440292005185	0.05891576368548115
baseline	17	data/2026-02-27-magnet-print(FOXF1 cells)/day5 after fix and stain (647PAX8)/17.czi	pax8	1	26.683702017140554	0.4634134635941047	0.0745567776144557	0.0789775359671136	0.06251571471460435
baseline	17	data/2026-02-27-magnet-print(FOXF1 cells)/day5 after fix and stain (647PAX8)/17.czi	pax8	2	44.47283669523426	0.45404039784746325	0.07623369104870036	0.08032961564083356	0.0727348429654618
baseline	17	data/2026-02-27-magnet-print(FOXF1 cells)/day5 after fix and stain (647PAX8)/17.czi	pax8	3	62.26197137332796	0.4601079975992376	0.07873041387590984	0.08121495693643281	0.08129349581009569
baseline	17	data/2026-02-27-magnet-print(FOXF1 cells)/day5 after fix and stain (647PAX8)/17.czi	pax8	4	80.05110605142167	0.47285914857104216	0.08121258544861208	0.08121759454168023	0.0897842414114058
baseline	17	data/2026-02-27-magnet-print(FOXF1 cells)/day5 after fix and stain (647PAX8)/17.czi	pax8	5	97.84024072951536	0.4437557448395074	0.07579565568615346	0.07902903057663486	0.08751743047268973
baseline	17	data/2026-02-27-magnet-print(FOXF1 cells)/day5 after fix and stain (647PAX8)/17.czi	pax8	6	115.62937540760907	0.4978698317319955	0.07687379223706375	0.07475130199924591	0.08056040934399336
baseline	17	data/2026-02-27-magnet-print(FOXF1 cells)/day5 after fix and stain (647PAX8)/17.czi	pax8	7	133.41851008570276	0.5255681922455084	0.07447157615465289	0.06926141633344306	0.07698274987509092
baseline	17	data/2026-02-27-magnet-print(FOXF1 cells)/day5 after fix and stain (647PAX8)/17.czi	pax8	8	151.20764476379648	0.5681929549875148	0.07535694658835704	0.06559882398365435	0.08301591713063967
baseline	17	data/2026-02-27-magnet-print(FOXF1 cells)/day5 after fix and stain (647PAX8)/17.czi	pax8	9	168.99677944189017	0.6321429634276796	0.06990709107717896	0.057890954068193674	0.07545997521008177
baseline	17	data/2026-02-27-magnet-print(FOXF1 cells)/day5 after fix and stain (647PAX8)/17.czi	pax8	10	186.7859141199839	0.5655166382835809	0.05137975611246125	0.04580781611513486	0.05347830915735639
baseline	17	data/2026-02-27-magnet-print(FOXF1 cells)/day5 after fix and stain (647PAX8)/17.czi	pax8	11	204.57504879807757	0.5048591504756231	0.030211306437198663	0.02878524422020267	0.02156904957130283
baseline	17	data/2026-02-27-magnet-print(FOXF1 cells)/day5 after fix and stain (647PAX8)/17.czi	pax8	12	222.3641834761713	0.20066074433895065	0.006336508897779908	0.014103980042385847	0.0014660663119030234
baseline	17	data/2026-02-27-magnet-print(FOXF1 cells)/day5 after fix and stain (647PAX8)/17.czi	pax8	13	240.15331815426498	0.047951579114555054	0.0009016171857393968	0.006819542061130248	0.00023597035402163558
baseline	17	data/2026-02-27-magnet-print(FOXF1 cells)/day5 after fix and stain (647PAX8)/17.czi	pax8	14	257.9424528323587	0.011175147938597335	0.00015068717994704537	0.0027877375826958206	4.386992558996678e-05
baseline	17	data/2026-02-27-magnet-print(FOXF1 cells)/day5 after fix and stain (647PAX8)/17.czi	pax8	15	275.7315875104524	0.00010213141700660328	7.029300912487114e-07	0.00031652757382484055	1.0768906943778124e-07
baseline	17	data/2026-02-27-magnet-print(FOXF1 cells)/day5 after fix and stain (647PAX8)/17.czi	pax8	16	293.5207221885461		0.0	0.0	0.0
baseline	17	data/2026-02-27-magnet-print(FOXF1 cells)/day5 after fix and stain (647PAX8)/17.czi	pax8	17	311.30985686663985		0.0	0.0	0.0
baseline	17	data/2026-02-27-magnet-print(FOXF1 cells)/day5 after fix and stain (647PAX8)/17.czi	pax8	18	329.0989915447335		0.0	0.0	0.0
baseline	17	data/2026-02-27-magnet-print(FOXF1 cells)/day5 after fix and stain (647PAX8)/17.czi	pax8	19	346.88812622282717		0.0	0.0	0.0
baseline	17	data/2026-02-27-magnet-print(FOXF1 cells)/day5 after fix and stain (647PAX8)/17.czi	pax8	20	364.67726090092094				
baseline	17	data/2026-02-27-magnet-print(FOXF1 cells)/day5 after fix and stain (647PAX8)/17.czi	pax8	21	382.4663955790146				
baseline	17	data/2026-02-27-magnet-print(FOXF1 cells)/day5 after fix and stain (647PAX8)/17.czi	pax8	22	400.25553025710826				
baseline	17	data/2026-02-27-magnet-print(FOXF1 cells)/day5 after fix and stain (647PAX8)/17.czi	pax8	23	418.04466493520204				
baseline	18	data/2026-02-27-magnet-print(FOXF1 cells)/day5 after fix and stain (647PAX8)/18.czi	foxf1	0	8.894567339046851	0.284546120690808	0.03716268739701801	0.06016166891814579	0.005815956253067017
baseline	18	data/2026-02-27-magnet-print(FOXF1 cells)/day5 after fix and stain (647PAX8)/18.czi	foxf1	1	26.683702017140554	0.2951012019931072	0.038993446432786565	0.060585450247671695	0.007667407638712219
baseline	18	data/2026-02-27-magnet-print(FOXF1 cells)/day5 after fix and stain (647PAX8)/18.czi	foxf1	2	44.47283669523426	0.27467816520174315	0.03824807731919327	0.06144740953270548	0.011305125543766052
baseline	18	data/2026-02-27-magnet-print(FOXF1 cells)/day5 after fix and stain (647PAX8)/18.czi	foxf1	3	62.26197137332796	0.3073031288775594	0.045109520226386396	0.06424574424615036	0.017887598468719394
baseline	18	data/2026-02-27-magnet-print(FOXF1 cells)/day5 after fix and stain (647PAX8)/18.czi	foxf1	4	80.05110605142167	0.37935816880387546	0.06114056216618509	0.07134718208424443	0.03502663063670339
baseline	18	data/2026-02-27-magnet-print(FOXF1 cells)/day5 after fix and stain (647PAX8)/18.czi	foxf1	5	97.84024072951536	0.47023875070507215	0.08682667877627857	0.08318916371204198	0.07173454981518387
baseline	18	data/2026-02-27-magnet-print(FOXF1 cells)/day5 after fix and stain (647PAX8)/18.czi	foxf1	6	115.62937540760907	0.49521130587114787	0.10198088705878655	0.08991943368728716	0.10829269131121272
baseline	18	data/2026-02-27-magnet-print(FOXF1 cells)/day5 after fix and stain (647PAX8)/18.czi	foxf1	7	133.41851008570276	0.49155649012956004	0.11109148646362998	0.09374440714833783	0.1387532610277809
baseline	18	data/2026-02-27-magnet-print(FOXF1 cells)/day5 after fix and stain (647PAX8)/18.czi	foxf1	8	151.20764476379648	0.4914001215117729	0.10900962467612656	0.08769404415257166	0.14864398724088493
baseline	18	data/2026-02-27-magnet-print(FOXF1 cells)/day5 after fix and stain (647PAX8)/18.czi	foxf1	9	168.99677944189017	0.6056842900160873	0.09462160490968669	0.07269667912697368	0.12610937210969367
baseline	18	data/2026-02-27-magnet-print(FOXF1 cells)/day5 after fix and stain (647PAX8)/18.czi	foxf1	10	186.7859141199839	0.5845059764858953	0.06488606386203934	0.052987795096393966	0.08631975518078722
baseline	18	data/2026-02-27-magnet-print(FOXF1 cells)/day5 after fix and stain (647PAX8)/18.czi	foxf1	11	204.57504879807757	0.3563596183815751	0.03385662680037918	0.030193101436735655	0.05398120558200211
baseline	18	data/2026-02-27-magnet-print(FOXF1 cells)/day5 after fix and stain (647PAX8)/18.czi	foxf1	12	222.3641834761713	0.6361559819588785	0.017555312177418785	0.0133101438355291	0.026269182370423718
baseline	18	data/2026-02-27-magnet-print(FOXF1 cells)/day5 after fix and stain (647PAX8)/18.czi	foxf1	13	240.15331815426498	0.5742094822016078	0.004671884797475254	0.0037302854645940636	0.005502920253259355
baseline	18	data/2026-02-27-magnet-print(FOXF1 cells)/day5 after fix and stain (647PAX8)/18.czi	foxf1	14	257.9424528323587		6.785692102413948e-05	8.322949570212246e-05	2.301008137603419e-05
baseline	18	data/2026-02-27-magnet-print(FOXF1 cells)/day5 after fix and stain (647PAX8)/18.czi	foxf1	15	275.7315875104524		0.0	0.0	0.0
baseline	18	data/2026-02-27-magnet-print(FOXF1 cells)/day5 after fix and stain (647PAX8)/18.czi	foxf1	16	293.5207221885461		0.0	0.0	0.0
baseline	18	data/2026-02-27-magnet-print(FOXF1 cells)/day5 after fix and stain (647PAX8)/18.czi	foxf1	17	311.30985686663985		0.0	0.0	0.0
baseline	18	data/2026-02-27-magnet-print(FOXF1 cells)/day5 after fix and stain (647PAX8)/18.czi	foxf1	18	329.0989915447335		0.0	0.0	0.0
baseline	18	data/2026-02-27-magnet-print(FOXF1 cells)/day5 after fix and stain (647PAX8)/18.czi	foxf1	19	346.88812622282717		0.0	0.0	0.0
baseline	18	data/2026-02-27-magnet-print(FOXF1 cells)/day5 after fix and stain (647PAX8)/18.czi	foxf1	20	364.67726090092094				
baseline	18	data/2026-02-27-magnet-print(FOXF1 cells)/day5 after fix and stain (647PAX8)/18.czi	foxf1	21	382.4663955790146				
baseline	18	data/2026-02-27-magnet-print(FOXF1 cells)/day5 after fix and stain (647PAX8)/18.czi	foxf1	22	400.25553025710826				
baseline	18	data/2026-02-27-magnet-print(FOXF1 cells)/day5 after fix and stain (647PAX8)/18.czi	foxf1	23	418.04466493520204				
baseline	18	data/2026-02-27-magnet-print(FOXF1 cells)/day5 after fix and stain (647PAX8)/18.czi	mesp2	0	8.894567339046851	0.6663339201240741	0.13599479522915664	0.1341738891121063	0.14452497755517218
baseline	18	data/2026-02-27-magnet-print(FOXF1 cells)/day5 after fix and stain (647PAX8)/18.czi	mesp2	1	26.683702017140554	0.6598337226082243	0.1311867500752307	0.12945637634606044	0.13903557602317163
baseline	18	data/2026-02-27-magnet-print(FOXF1 cells)/day5 after fix and stain (647PAX8)/18.czi	mesp2	2	44.47283669523426	0.658355335812592	0.12575446504361193	0.12419773096025954	0.1324286146661568
baseline	18	data/2026-02-27-magnet-print(FOXF1 cells)/day5 after fix and stain (647PAX8)/18.czi	mesp2	3	62.26197137332796	0.6630892519417451	0.11701313040585684	0.11555444439782965	0.1216441596032269
baseline	18	data/2026-02-27-magnet-print(FOXF1 cells)/day5 after fix and stain (647PAX8)/18.czi	mesp2	4	80.05110605142167	0.6643790308714231	0.10317157729150903	0.10189629772003475	0.10492752653733171
baseline	18	data/2026-02-27-magnet-print(FOXF1 cells)/day5 after fix and stain (647PAX8)/18.czi	mesp2	5	97.84024072951536	0.6539732624507312	0.08402869941552234	0.08340932143660706	0.08210463911772348
baseline	18	data/2026-02-27-magnet-print(FOXF1 cells)/day5 after fix and stain (647PAX8)/18.czi	mesp2	6	115.62937540760907	0.6292725433426382	0.060127066504829685	0.060204149786307504	0.0544226630492483
baseline	18	data/2026-02-27-magnet-print(FOXF1 cells)/day5 after fix and stain (647PAX8)/18.czi	mesp2	7	133.41851008570276	0.5816085306690266	0.04180985123737261	0.042750300668454144	0.03417832506976412
baseline	18	data/2026-02-27-magnet-print(FOXF1 cells)/day5 after fix and stain (647PAX8)/18.czi	mesp2	8	151.20764476379648	0.5193248118133829	0.029842438567474816	0.03138829924132555	0.022996855697520507
baseline	18	data/2026-02-27-magnet-print(FOXF1 cells)/day5 after fix and stain (647PAX8)/18.czi	mesp2	9	168.99677944189017	0.45003798811517887	0.01387181825594301	0.01608392900650385	0.008354153285047681
baseline	18	data/2026-02-27-magnet-print(FOXF1 cells)/day5 after fix and stain (647PAX8)/18.czi	mesp2	10	186.7859141199839	0.14405397227466626	0.002116483437270322	0.0049086721645135185	0.0006426377039676365
baseline	18	data/2026-02-27-magnet-print(FOXF1 cells)/day5 after fix and stain (647PAX8)/18.czi	mesp2	11	204.57504879807757	0.0006607096283745932	4.845731154488796e-06	0.00089144922592573	1.0079888530039995e-06
baseline	18	data/2026-02-27-magnet-print(FOXF1 cells)/day5 after fix and stain (647PAX8)/18.czi	mesp2	12	222.3641834761713	0.0	0.0	6.594259804020637e-05	0.0
baseline	18	data/2026-02-27-magnet-print(FOXF1 cells)/day5 after fix and stain (647PAX8)/18.czi	mesp2	13	240.15331815426498	0.0	0.0	3.171201998361411e-05	0.0
baseline	18	data/2026-02-27-magnet-print(FOXF1 cells)/day5 after fix and stain (647PAX8)/18.czi	mesp2	14	257.9424528323587		0.0	1.9625511661571303e-06	0.0
baseline	18	data/2026-02-27-magnet-print(FOXF1 cells)/day5 after fix and stain (647PAX8)/18.czi	mesp2	15	275.7315875104524		0.0	0.0	0.0
baseline	18	data/2026-02-27-magnet-print(FOXF1 cells)/day5 after fix and stain (647PAX8)/18.czi	mesp2	16	293.5207221885461		0.0	0.0	0.0
baseline	18	data/2026-02-27-magnet-print(FOXF1 cells)/day5 after fix and stain (647PAX8)/18.czi	mesp2	17	311.30985686663985		0.0	0.0	0.0
baseline	18	data/2026-02-27-magnet-print(FOXF1 cells)/day5 after fix and stain (647PAX8)/18.czi	mesp2	18	329.0989915447335		0.0	0.0	0.0
baseline	18	data/2026-02-27-magnet-print(FOXF1 cells)/day5 after fix and stain (647PAX8)/18.czi	mesp2	19	346.88812622282717		0.0	0.0	0.0
baseline	18	data/2026-02-27-magnet-print(FOXF1 cells)/day5 after fix and stain (647PAX8)/18.czi	mesp2	20	364.67726090092094				
baseline	18	data/2026-02-27-magnet-print(FOXF1 cells)/day5 after fix and stain (647PAX8)/18.czi	mesp2	21	382.4663955790146				
baseline	18	data/2026-02-27-magnet-print(FOXF1 cells)/day5 after fix and stain (647PAX8)/18.czi	mesp2	22	400.25553025710826				
baseline	18	data/2026-02-27-magnet-print(FOXF1 cells)/day5 after fix and stain (647PAX8)/18.czi	mesp2	23	418.04466493520204				
baseline	18	data/2026-02-27-magnet-print(FOXF1 cells)/day5 after fix and stain (647PAX8)/18.czi	pax8	0	8.894567339046851	0.05303178828808878	0.013445390548180934	0.07419092815725321	0.003827397234984935
baseline	18	data/2026-02-27-magnet-print(FOXF1 cells)/day5 after fix and stain (647PAX8)/18.czi	pax8	1	26.683702017140554	0.0695027069082764	0.018039608432730586	0.07508605306757725	0.007243170235541486
baseline	18	data/2026-02-27-magnet-print(FOXF1 cells)/day5 after fix and stain (647PAX8)/18.czi	pax8	2	44.47283669523426	0.13487683893527694	0.035415307958842346	0.07827897155004276	0.01620726793519684
baseline	18	data/2026-02-27-magnet-print(FOXF1 cells)/day5 after fix and stain (647PAX8)/18.czi	pax8	3	62.26197137332796	0.22892575137982357	0.061221272510544725	0.08080493861687656	0.03453474912667914
baseline	18	data/2026-02-27-magnet-print(FOXF1 cells)/day5 after fix and stain (647PAX8)/18.czi	pax8	4	80.05110605142167	0.28827572130855184	0.07974836325289862	0.08153043208006919	0.05968376987047409
baseline	18	data/2026-02-27-magnet-print(FOXF1 cells)/day5 after fix and stain (647PAX8)/18.czi	pax8	5	97.84024072951536	0.3439696050126645	0.10078105371762024	0.0854212623586086	0.10073518315415565
baseline	18	data/2026-02-27-magnet-print(FOXF1 cells)/day5 after fix and stain (647PAX8)/18.czi	pax8	6	115.62937540760907	0.4114663403686386	0.11774493462660374	0.08495465912586775	0.1299843629892219
baseline	18	data/2026-02-27-magnet-print(FOXF1 cells)/day5 after fix and stain (647PAX8)/18.czi	pax8	7	133.41851008570276	0.46810846322223804	0.13228757032212043	0.08502882521273271	0.1618821230817108
baseline	18	data/2026-02-27-magnet-print(FOXF1 cells)/day5 after fix and stain (647PAX8)/18.czi	pax8	8	151.20764476379648	0.4835832090064144	0.12399491562422829	0.07641823523963646	0.15927969516819823
baseline	18	data/2026-02-27-magnet-print(FOXF1 cells)/day5 after fix and stain (647PAX8)/18.czi	pax8	9	168.99677944189017	0.561512497159617	0.10178396514514967	0.059962031325078	0.12288167825730156
baseline	18	data/2026-02-27-magnet-print(FOXF1 cells)/day5 after fix and stain (647PAX8)/18.czi	pax8	10	186.7859141199839	0.47312404172625083	0.053307939726373786	0.039293946065307894	0.04134673246556986
baseline	18	data/2026-02-27-magnet-print(FOXF1 cells)/day5 after fix and stain (647PAX8)/18.czi	pax8	11	204.57504879807757	0.05732097355080526	0.00414971434046557	0.01856388476515468	0.0014919933015423836
baseline	18	data/2026-02-27-magnet-print(FOXF1 cells)/day5 after fix and stain (647PAX8)/18.czi	pax8	12	222.3641834761713	0.0007051307152304031	1.7877349008072725e-05	0.004189005837471371	8.858573858401549e-06
baseline	18	data/2026-02-27-magnet-print(FOXF1 cells)/day5 after fix and stain (647PAX8)/18.czi	pax8	13	240.15331815426498	0.0	0.0	0.0009808094088653465	0.0
baseline	18	data/2026-02-27-magnet-print(FOXF1 cells)/day5 after fix and stain (647PAX8)/18.czi	pax8	14	257.9424528323587		0.0	2.451740745168131e-05	0.0
baseline	18	data/2026-02-27-magnet-print(FOXF1 cells)/day5 after fix and stain (647PAX8)/18.czi	pax8	15	275.7315875104524		0.0	0.0	0.0
baseline	18	data/2026-02-27-magnet-print(FOXF1 cells)/day5 after fix and stain (647PAX8)/18.czi	pax8	16	293.5207221885461		0.0	0.0	0.0
baseline	18	data/2026-02-27-magnet-print(FOXF1 cells)/day5 after fix and stain (647PAX8)/18.czi	pax8	17	311.30985686663985		0.0	0.0	0.0
baseline	18	data/2026-02-27-magnet-print(FOXF1 cells)/day5 after fix and stain (647PAX8)/18.czi	pax8	18	329.0989915447335		0.0	0.0	0.0
baseline	18	data/2026-02-27-magnet-print(FOXF1 cells)/day5 after fix and stain (647PAX8)/18.czi	pax8	19	346.88812622282717		0.0	0.0	0.0
baseline	18	data/2026-02-27-magnet-print(FOXF1 cells)/day5 after fix and stain (647PAX8)/18.czi	pax8	20	364.67726090092094				
baseline	18	data/2026-02-27-magnet-print(FOXF1 cells)/day5 after fix and stain (647PAX8)/18.czi	pax8	21	382.4663955790146				
baseline	18	data/2026-02-27-magnet-print(FOXF1 cells)/day5 after fix and stain (647PAX8)/18.czi	pax8	22	400.25553025710826				
baseline	18	data/2026-02-27-magnet-print(FOXF1 cells)/day5 after fix and stain (647PAX8)/18.czi	pax8	23	418.04466493520204				
baseline	19	data/2026-02-27-magnet-print(FOXF1 cells)/day5 after fix and stain (647PAX8)/19.czi	foxf1	0	8.894567339046851	0.36490860180766316	0.052035129501877095	0.06179503372332622	0.03498544397982886
baseline	19	data/2026-02-27-magnet-print(FOXF1 cells)/day5 after fix and stain (647PAX8)/19.czi	foxf1	1	26.683702017140554	0.34415678255829824	0.05262745768648505	0.06311192911602677	0.039738497059189574
baseline	19	data/2026-02-27-magnet-print(FOXF1 cells)/day5 after fix and stain (647PAX8)/19.czi	foxf1	2	44.47283669523426	0.3364463141262508	0.055920977590951	0.0669978784798026	0.04717411992337346
baseline	19	data/2026-02-27-magnet-print(FOXF1 cells)/day5 after fix and stain (647PAX8)/19.czi	foxf1	3	62.26197137332796	0.35884803888427524	0.0633870612755032	0.0720735358956431	0.057962647719542064
baseline	19	data/2026-02-27-magnet-print(FOXF1 cells)/day5 after fix and stain (647PAX8)/19.czi	foxf1	4	80.05110605142167	0.41444384628813935	0.07425894361858802	0.07806304728335482	0.07092745280164545
baseline	19	data/2026-02-27-magnet-print(FOXF1 cells)/day5 after fix and stain (647PAX8)/19.czi	foxf1	5	97.84024072951536	0.4724317924590208	0.086823825499826	0.08545064045285293	0.08710079610712869
baseline	19	data/2026-02-27-magnet-print(FOXF1 cells)/day5 after fix and stain (647PAX8)/19.czi	foxf1	6	115.62937540760907	0.5235435546732322	0.09843048616886506	0.09187966937127497	0.10417344763321387
baseline	19	data/2026-02-27-magnet-print(FOXF1 cells)/day5 after fix and stain (647PAX8)/19.czi	foxf1	7	133.41851008570276	0.5126224341037723	0.0972447221680765	0.09008694868474806	0.10932383374916393
baseline	19	data/2026-02-27-magnet-print(FOXF1 cells)/day5 after fix and stain (647PAX8)/19.czi	foxf1	8	151.20764476379648	0.5579039320849029	0.08554911683048196	0.07765262227519958	0.10152963024987086
baseline	19	data/2026-02-27-magnet-print(FOXF1 cells)/day5 after fix and stain (647PAX8)/19.czi	foxf1	9	168.99677944189017	0.7517162506213	0.07449971409147248	0.0643467514420065	0.08593285017988718
baseline	19	data/2026-02-27-magnet-print(FOXF1 cells)/day5 after fix and stain (647PAX8)/19.czi	foxf1	10	186.7859141199839	0.7651992602161989	0.05645717483210279	0.04883342418280092	0.0615671051481014
baseline	19	data/2026-02-27-magnet-print(FOXF1 cells)/day5 after fix and stain (647PAX8)/19.czi	foxf1	11	204.57504879807757	0.7330755074767353	0.03574610818905897	0.03168301078805212	0.03453761966676878
baseline	19	data/2026-02-27-magnet-print(FOXF1 cells)/day5 after fix and stain (647PAX8)/19.czi	foxf1	12	222.3641834761713	0.5063876402858791	0.012184826002883432	0.012264133335840968	0.009630918118072644
baseline	19	data/2026-02-27-magnet-print(FOXF1 cells)/day5 after fix and stain (647PAX8)/19.czi	foxf1	13	240.15331815426498		0.0009277448355028867	0.0013955582045592592	0.0003702007406873155
baseline	19	data/2026-02-27-magnet-print(FOXF1 cells)/day5 after fix and stain (647PAX8)/19.czi	foxf1	14	257.9424528323587		0.0	0.0	0.0
baseline	19	data/2026-02-27-magnet-print(FOXF1 cells)/day5 after fix and stain (647PAX8)/19.czi	foxf1	15	275.7315875104524		0.0	0.0	0.0
baseline	19	data/2026-02-27-magnet-print(FOXF1 cells)/day5 after fix and stain (647PAX8)/19.czi	foxf1	16	293.5207221885461		0.0	0.0	0.0
baseline	19	data/2026-02-27-magnet-print(FOXF1 cells)/day5 after fix and stain (647PAX8)/19.czi	foxf1	17	311.30985686663985		0.0	0.0	0.0
baseline	19	data/2026-02-27-magnet-print(FOXF1 cells)/day5 after fix and stain (647PAX8)/19.czi	foxf1	18	329.0989915447335		0.0	0.0	0.0
baseline	19	data/2026-02-27-magnet-print(FOXF1 cells)/day5 after fix and stain (647PAX8)/19.czi	foxf1	19	346.88812622282717		0.0	0.0	0.0
baseline	19	data/2026-02-27-magnet-print(FOXF1 cells)/day5 after fix and stain (647PAX8)/19.czi	foxf1	20	364.67726090092094				
baseline	19	data/2026-02-27-magnet-print(FOXF1 cells)/day5 after fix and stain (647PAX8)/19.czi	foxf1	21	382.4663955790146				
baseline	19	data/2026-02-27-magnet-print(FOXF1 cells)/day5 after fix and stain (647PAX8)/19.czi	foxf1	22	400.25553025710826				
baseline	19	data/2026-02-27-magnet-print(FOXF1 cells)/day5 after fix and stain (647PAX8)/19.czi	foxf1	23	418.04466493520204				
baseline	19	data/2026-02-27-magnet-print(FOXF1 cells)/day5 after fix and stain (647PAX8)/19.czi	mesp2	0	8.894567339046851	0.557615156354036	0.12113459048303306	0.11899039211839338	0.12542620418517156
baseline	19	data/2026-02-27-magnet-print(FOXF1 cells)/day5 after fix and stain (647PAX8)/19.czi	mesp2	1	26.683702017140554	0.5634267692648871	0.11941081852453547	0.11724325147474106	0.12262230645936421
baseline	19	data/2026-02-27-magnet-print(FOXF1 cells)/day5 after fix and stain (647PAX8)/19.czi	mesp2	2	44.47283669523426	0.5774373259593987	0.12199676132097388	0.11993986703450357	0.1256002086735867
baseline	19	data/2026-02-27-magnet-print(FOXF1 cells)/day5 after fix and stain (647PAX8)/19.czi	mesp2	3	62.26197137332796	0.5984582293894943	0.12460784005638055	0.12222350918364991	0.12863549941905966
baseline	19	data/2026-02-27-magnet-print(FOXF1 cells)/day5 after fix and stain (647PAX8)/19.czi	mesp2	4	80.05110605142167	0.615784411648448	0.12612275178931212	0.12343508481137852	0.13127777548974184
baseline	19	data/2026-02-27-magnet-print(FOXF1 cells)/day5 after fix and stain (647PAX8)/19.czi	mesp2	5	97.84024072951536	0.6147259686778296	0.11083416966226213	0.10913872504482998	0.1108694909075605
baseline	19	data/2026-02-27-magnet-print(FOXF1 cells)/day5 after fix and stain (647PAX8)/19.czi	mesp2	6	115.62937540760907	0.49774593797592637	0.07163401076159098	0.07393632573865616	0.06517917090645071
baseline	19	data/2026-02-27-magnet-print(FOXF1 cells)/day5 after fix and stain (647PAX8)/19.czi	mesp2	7	133.41851008570276	0.32073851722358143	0.03492815343326476	0.03972537024340661	0.02751608113726032
baseline	19	data/2026-02-27-magnet-print(FOXF1 cells)/day5 after fix and stain (647PAX8)/19.czi	mesp2	8	151.20764476379648	0.14613963859402468	0.011036310761747348	0.015300759531745261	0.007775967924713179
baseline	19	data/2026-02-27-magnet-print(FOXF1 cells)/day5 after fix and stain (647PAX8)/19.czi	mesp2	9	168.99677944189017	0.07183771188166842	0.002850244903673835	0.004388610197385233	0.0014278304704055445
baseline	19	data/2026-02-27-magnet-print(FOXF1 cells)/day5 after fix and stain (647PAX8)/19.czi	mesp2	10	186.7859141199839	0.017707657450400587	0.0004397422008037726	0.0009178634622707541	0.00013078550823161805
baseline	19	data/2026-02-27-magnet-print(FOXF1 cells)/day5 after fix and stain (647PAX8)/19.czi	mesp2	11	204.57504879807757	0.07561845129413573	0.0021159273122314053	0.0015982763919718819	0.0013939016155164038
baseline	19	data/2026-02-27-magnet-print(FOXF1 cells)/day5 after fix and stain (647PAX8)/19.czi	mesp2	12	222.3641834761713	0.06605787773655103	0.0013411072996864452	0.0010226062223502145	0.0010150134082725472
baseline	19	data/2026-02-27-magnet-print(FOXF1 cells)/day5 after fix and stain (647PAX8)/19.czi	mesp2	13	240.15331815426498		4.7651523556810375e-05	0.00012648959993959353	1.0381295411200121e-05
baseline	19	data/2026-02-27-magnet-print(FOXF1 cells)/day5 after fix and stain (647PAX8)/19.czi	mesp2	14	257.9424528323587		0.0	0.0	0.0
baseline	19	data/2026-02-27-magnet-print(FOXF1 cells)/day5 after fix and stain (647PAX8)/19.czi	mesp2	15	275.7315875104524		0.0	0.0	0.0
baseline	19	data/2026-02-27-magnet-print(FOXF1 cells)/day5 after fix and stain (647PAX8)/19.czi	mesp2	16	293.5207221885461		0.0	0.0	0.0
baseline	19	data/2026-02-27-magnet-print(FOXF1 cells)/day5 after fix and stain (647PAX8)/19.czi	mesp2	17	311.30985686663985		0.0	0.0	0.0
baseline	19	data/2026-02-27-magnet-print(FOXF1 cells)/day5 after fix and stain (647PAX8)/19.czi	mesp2	18	329.0989915447335		0.0	0.0	0.0
baseline	19	data/2026-02-27-magnet-print(FOXF1 cells)/day5 after fix and stain (647PAX8)/19.czi	mesp2	19	346.88812622282717		0.0	0.0	0.0
baseline	19	data/2026-02-27-magnet-print(FOXF1 cells)/day5 after fix and stain (647PAX8)/19.czi	mesp2	20	364.67726090092094				
baseline	19	data/2026-02-27-magnet-print(FOXF1 cells)/day5 after fix and stain (647PAX8)/19.czi	mesp2	21	382.4663955790146				
baseline	19	data/2026-02-27-magnet-print(FOXF1 cells)/day5 after fix and stain (647PAX8)/19.czi	mesp2	22	400.25553025710826				
baseline	19	data/2026-02-27-magnet-print(FOXF1 cells)/day5 after fix and stain (647PAX8)/19.czi	mesp2	23	418.04466493520204				
baseline	19	data/2026-02-27-magnet-print(FOXF1 cells)/day5 after fix and stain (647PAX8)/19.czi	pax8	0	8.894567339046851	0.18462466918027898	0.04228976985264084	0.08124345430638176	0.009783533160660683
baseline	19	data/2026-02-27-magnet-print(FOXF1 cells)/day5 after fix and stain (647PAX8)/19.czi	pax8	1	26.683702017140554	0.2029947707589992	0.04632057748493408	0.08120101293143714	0.011639190890290788
baseline	19	data/2026-02-27-magnet-print(FOXF1 cells)/day5 after fix and stain (647PAX8)/19.czi	pax8	2	44.47283669523426	0.2508590724719976	0.0581936566071657	0.08274550458223516	0.020863419282201555
baseline	19	data/2026-02-27-magnet-print(FOXF1 cells)/day5 after fix and stain (647PAX8)/19.czi	pax8	3	62.26197137332796	0.29871409102683594	0.07125696670808133	0.0846960081932738	0.03892722169880116
baseline	19	data/2026-02-27-magnet-print(FOXF1 cells)/day5 after fix and stain (647PAX8)/19.czi	pax8	4	80.05110605142167	0.33968531218000086	0.08460528084416297	0.0871303083882665	0.07042836619848242
baseline	19	data/2026-02-27-magnet-print(FOXF1 cells)/day5 after fix and stain (647PAX8)/19.czi	pax8	5	97.84024072951536	0.40000080534958554	0.10511568826705901	0.09139996304238017	0.12126429378231503
baseline	19	data/2026-02-27-magnet-print(FOXF1 cells)/day5 after fix and stain (647PAX8)/19.czi	pax8	6	115.62937540760907	0.43814686599464187	0.11531657250235028	0.09023201488283586	0.1532720132759575
baseline	19	data/2026-02-27-magnet-print(FOXF1 cells)/day5 after fix and stain (647PAX8)/19.czi	pax8	7	133.41851008570276	0.4675099268657897	0.10942524463471005	0.07940253870111309	0.138162702404854
baseline	19	data/2026-02-27-magnet-print(FOXF1 cells)/day5 after fix and stain (647PAX8)/19.czi	pax8	8	151.20764476379648	0.4921286014384934	0.08710161738784217	0.061562609004869186	0.11208162517056758
baseline	19	data/2026-02-27-magnet-print(FOXF1 cells)/day5 after fix and stain (647PAX8)/19.czi	pax8	9	168.99677944189017	0.5022937412652803	0.0632519953130018	0.045327295915176515	0.09223153479850917
baseline	19	data/2026-02-27-magnet-print(FOXF1 cells)/day5 after fix and stain (647PAX8)/19.czi	pax8	10	186.7859141199839	0.3993762988252547	0.04050924456439771	0.03232874538893317	0.05810467714662157
baseline	19	data/2026-02-27-magnet-print(FOXF1 cells)/day5 after fix and stain (647PAX8)/19.czi	pax8	11	204.57504879807757	0.2955772270845958	0.020449144689898866	0.02002944021161307	0.019402984415473213
baseline	19	data/2026-02-27-magnet-print(FOXF1 cells)/day5 after fix and stain (647PAX8)/19.czi	pax8	12	222.3641834761713	0.04134356720235367	0.0017252036756048405	0.007643937513663726	0.0008551574105142472
baseline	19	data/2026-02-27-magnet-print(FOXF1 cells)/day5 after fix and stain (647PAX8)/19.czi	pax8	13	240.15331815426498		2.5617331949878305e-06	0.0009152830410912501	1.8732682939362338e-06
baseline	19	data/2026-02-27-magnet-print(FOXF1 cells)/day5 after fix and stain (647PAX8)/19.czi	pax8	14	257.9424528323587		0.0	0.0	0.0
baseline	19	data/2026-02-27-magnet-print(FOXF1 cells)/day5 after fix and stain (647PAX8)/19.czi	pax8	15	275.7315875104524		0.0	0.0	0.0
baseline	19	data/2026-02-27-magnet-print(FOXF1 cells)/day5 after fix and stain (647PAX8)/19.czi	pax8	16	293.5207221885461		0.0	0.0	0.0
baseline	19	data/2026-02-27-magnet-print(FOXF1 cells)/day5 after fix and stain (647PAX8)/19.czi	pax8	17	311.30985686663985		0.0	0.0	0.0
baseline	19	data/2026-02-27-magnet-print(FOXF1 cells)/day5 after fix and stain (647PAX8)/19.czi	pax8	18	329.0989915447335		0.0	0.0	0.0
baseline	19	data/2026-02-27-magnet-print(FOXF1 cells)/day5 after fix and stain (647PAX8)/19.czi	pax8	19	346.88812622282717		0.0	0.0	0.0
baseline	19	data/2026-02-27-magnet-print(FOXF1 cells)/day5 after fix and stain (647PAX8)/19.czi	pax8	20	364.67726090092094				
baseline	19	data/2026-02-27-magnet-print(FOXF1 cells)/day5 after fix and stain (647PAX8)/19.czi	pax8	21	382.4663955790146				
baseline	19	data/2026-02-27-magnet-print(FOXF1 cells)/day5 after fix and stain (647PAX8)/19.czi	pax8	22	400.25553025710826				
baseline	19	data/2026-02-27-magnet-print(FOXF1 cells)/day5 after fix and stain (647PAX8)/19.czi	pax8	23	418.04466493520204				
baseline	20	data/2026-02-27-magnet-print(FOXF1 cells)/day5 after fix and stain (647PAX8)/20.czi	foxf1	0	8.894567339046851	0.2217530225213737	0.019605942592369315	0.04620950682516281	0.001719203354381082
baseline	20	data/2026-02-27-magnet-print(FOXF1 cells)/day5 after fix and stain (647PAX8)/20.czi	foxf1	1	26.683702017140554	0.17556827759706603	0.01621335584289926	0.045514305553886324	0.0021862394036004833
baseline	20	data/2026-02-27-magnet-print(FOXF1 cells)/day5 after fix and stain (647PAX8)/20.czi	foxf1	2	44.47283669523426	0.17498081336319316	0.01581636994542137	0.04410670820463294	0.0020852243668617134
baseline	20	data/2026-02-27-magnet-print(FOXF1 cells)/day5 after fix and stain (647PAX8)/20.czi	foxf1	3	62.26197137332796	0.23126506662457638	0.020219682867467628	0.04361727089150689	0.0023023979174317897
baseline	20	data/2026-02-27-magnet-print(FOXF1 cells)/day5 after fix and stain (647PAX8)/20.czi	foxf1	4	80.05110605142167	0.26889504087041327	0.025652926769093587	0.04537765058630578	0.005072183580766949
baseline	20	data/2026-02-27-magnet-print(FOXF1 cells)/day5 after fix and stain (647PAX8)/20.czi	foxf1	5	97.84024072951536	0.3173330271494797	0.03245995680455912	0.04550089209601365	0.012296274450874334
baseline	20	data/2026-02-27-magnet-print(FOXF1 cells)/day5 after fix and stain (647PAX8)/20.czi	foxf1	6	115.62937540760907	0.3729391244079124	0.04318453491855359	0.04947020053427504	0.023946629135074154
baseline	20	data/2026-02-27-magnet-print(FOXF1 cells)/day5 after fix and stain (647PAX8)/20.czi	foxf1	7	133.41851008570276	0.4303755692959532	0.053424058066679776	0.0527112662878498	0.03769980023448563
baseline	20	data/2026-02-27-magnet-print(FOXF1 cells)/day5 after fix and stain (647PAX8)/20.czi	foxf1	8	151.20764476379648	0.48715491417967133	0.06396502273184906	0.05630181756103171	0.05555787377841283
baseline	20	data/2026-02-27-magnet-print(FOXF1 cells)/day5 after fix and stain (647PAX8)/20.czi	foxf1	9	168.99677944189017	0.5545099404073944	0.07714940597584573	0.06295648200341482	0.08084521224195146
baseline	20	data/2026-02-27-magnet-print(FOXF1 cells)/day5 after fix and stain (647PAX8)/20.czi	foxf1	10	186.7859141199839	0.66189502835366	0.08863591409271862	0.06789868180296849	0.10264689546777404
baseline	20	data/2026-02-27-magnet-print(FOXF1 cells)/day5 after fix and stain (647PAX8)/20.czi	foxf1	11	204.57504879807757	0.7915547221304637	0.09149872257867049	0.06768072426402208	0.11280337914662814
baseline	20	data/2026-02-27-magnet-print(FOXF1 cells)/day5 after fix and stain (647PAX8)/20.czi	foxf1	12	222.3641834761713	0.874532887523322	0.08968301722258999	0.06568280330631959	0.11788585093918373
baseline	20	data/2026-02-27-magnet-print(FOXF1 cells)/day5 after fix and stain (647PAX8)/20.czi	foxf1	13	240.15331815426498	0.8748908010766246	0.07803102119070635	0.05755274737673542	0.10839460744508592
baseline	20	data/2026-02-27-magnet-print(FOXF1 cells)/day5 after fix and stain (647PAX8)/20.czi	foxf1	14	257.9424528323587	0.910382478306734	0.06226414839013309	0.045682267261006104	0.08890511525324785
baseline	20	data/2026-02-27-magnet-print(FOXF1 cells)/day5 after fix and stain (647PAX8)/20.czi	foxf1	15	275.7315875104524	0.9825637283295924	0.0407899507024511	0.02942783015810091	0.05738722535874537
baseline	20	data/2026-02-27-magnet-print(FOXF1 cells)/day5 after fix and stain (647PAX8)/20.czi	foxf1	16	293.5207221885461	1.0	0.021548098030128925	0.015469690503636594	0.027358765225324568
baseline	20	data/2026-02-27-magnet-print(FOXF1 cells)/day5 after fix and stain (647PAX8)/20.czi	foxf1	17	311.30985686663985		0.005189584381667233	0.003725677510592637	0.005311396335274183
baseline	20	data/2026-02-27-magnet-print(FOXF1 cells)/day5 after fix and stain (647PAX8)/20.czi	foxf1	18	329.0989915447335		0.0	0.0	0.0
baseline	20	data/2026-02-27-magnet-print(FOXF1 cells)/day5 after fix and stain (647PAX8)/20.czi	foxf1	19	346.88812622282717		0.0	0.0	0.0
baseline	20	data/2026-02-27-magnet-print(FOXF1 cells)/day5 after fix and stain (647PAX8)/20.czi	foxf1	20	364.67726090092094				
baseline	20	data/2026-02-27-magnet-print(FOXF1 cells)/day5 after fix and stain (647PAX8)/20.czi	foxf1	21	382.4663955790146				
baseline	20	data/2026-02-27-magnet-print(FOXF1 cells)/day5 after fix and stain (647PAX8)/20.czi	foxf1	22	400.25553025710826				
baseline	20	data/2026-02-27-magnet-print(FOXF1 cells)/day5 after fix and stain (647PAX8)/20.czi	foxf1	23	418.04466493520204				
baseline	20	data/2026-02-27-magnet-print(FOXF1 cells)/day5 after fix and stain (647PAX8)/20.czi	mesp2	0	8.894567339046851	0.6247397300956548	0.09241095841233528	0.09031202185905389	0.09282355890408313
baseline	20	data/2026-02-27-magnet-print(FOXF1 cells)/day5 after fix and stain (647PAX8)/20.czi	mesp2	1	26.683702017140554	0.6092908296008985	0.09244796716762979	0.09069173354943566	0.09409152090564252
baseline	20	data/2026-02-27-magnet-print(FOXF1 cells)/day5 after fix and stain (647PAX8)/20.czi	mesp2	2	44.47283669523426	0.5974555758001462	0.09183449905486679	0.09042497885188487	0.0947973191391346
baseline	20	data/2026-02-27-magnet-print(FOXF1 cells)/day5 after fix and stain (647PAX8)/20.czi	mesp2	3	62.26197137332796	0.6055460868986401	0.09197522882049501	0.09019567905148893	0.09535927666309764
baseline	20	data/2026-02-27-magnet-print(FOXF1 cells)/day5 after fix and stain (647PAX8)/20.czi	mesp2	4	80.05110605142167	0.6012128211551027	0.09276308439750326	0.09112689839580694	0.09639574025222017
baseline	20	data/2026-02-27-magnet-print(FOXF1 cells)/day5 after fix and stain (647PAX8)/20.czi	mesp2	5	97.84024072951536	0.6038264371288199	0.08675432009775762	0.08508961306383751	0.08959131344918281
baseline	20	data/2026-02-27-magnet-print(FOXF1 cells)/day5 after fix and stain (647PAX8)/20.czi	mesp2	6	115.62937540760907	0.5985506708211891	0.08249230066326745	0.08080093189695618	0.08359709715169601
baseline	20	data/2026-02-27-magnet-print(FOXF1 cells)/day5 after fix and stain (647PAX8)/20.czi	mesp2	7	133.41851008570276	0.5918398988114634	0.07344503588147361	0.07218763425559276	0.0725516899943651
baseline	20	data/2026-02-27-magnet-print(FOXF1 cells)/day5 after fix and stain (647PAX8)/20.czi	mesp2	8	151.20764476379648	0.528895665217016	0.05696378683639674	0.05749581825773962	0.05483085183708601
baseline	20	data/2026-02-27-magnet-print(FOXF1 cells)/day5 after fix and stain (647PAX8)/20.czi	mesp2	9	168.99677944189017	0.44047674451957297	0.038775085327018864	0.04118646229364008	0.03565084131124612
baseline	20	data/2026-02-27-magnet-print(FOXF1 cells)/day5 after fix and stain (647PAX8)/20.czi	mesp2	10	186.7859141199839	0.3685796249592953	0.023764374080199727	0.026727223176292274	0.019785346963900843
baseline	20	data/2026-02-27-magnet-print(FOXF1 cells)/day5 after fix and stain (647PAX8)/20.czi	mesp2	11	204.57504879807757	0.3069587918789239	0.014688320325560557	0.01752824780827924	0.01159483871998287
baseline	20	data/2026-02-27-magnet-print(FOXF1 cells)/day5 after fix and stain (647PAX8)/20.czi	mesp2	12	222.3641834761713	0.20661867224511726	0.006142519918655722	0.008430672656209181	0.003512955504380913
baseline	20	data/2026-02-27-magnet-print(FOXF1 cells)/day5 after fix and stain (647PAX8)/20.czi	mesp2	13	240.15331815426498	0.017850884110608856	0.0002831050598690078	0.002113717184028563	5.308540187355897e-05
baseline	20	data/2026-02-27-magnet-print(FOXF1 cells)/day5 after fix and stain (647PAX8)/20.czi	mesp2	14	257.9424528323587	0.0	0.0	0.0005276402813519181	0.0
baseline	20	data/2026-02-27-magnet-print(FOXF1 cells)/day5 after fix and stain (647PAX8)/20.czi	mesp2	15	275.7315875104524	0.0	0.0	5.589143497760878e-05	0.0
baseline	20	data/2026-02-27-magnet-print(FOXF1 cells)/day5 after fix and stain (647PAX8)/20.czi	mesp2	16	293.5207221885461	0.0	0.0	-9.251293701764753e-05	0.0
baseline	20	data/2026-02-27-magnet-print(FOXF1 cells)/day5 after fix and stain (647PAX8)/20.czi	mesp2	17	311.30985686663985		0.0	-3.2916101080405596e-05	0.0
baseline	20	data/2026-02-27-magnet-print(FOXF1 cells)/day5 after fix and stain (647PAX8)/20.czi	mesp2	18	329.0989915447335		0.0	0.0	0.0
baseline	20	data/2026-02-27-magnet-print(FOXF1 cells)/day5 after fix and stain (647PAX8)/20.czi	mesp2	19	346.88812622282717		0.0	0.0	0.0
baseline	20	data/2026-02-27-magnet-print(FOXF1 cells)/day5 after fix and stain (647PAX8)/20.czi	mesp2	20	364.67726090092094				
baseline	20	data/2026-02-27-magnet-print(FOXF1 cells)/day5 after fix and stain (647PAX8)/20.czi	mesp2	21	382.4663955790146				
baseline	20	data/2026-02-27-magnet-print(FOXF1 cells)/day5 after fix and stain (647PAX8)/20.czi	mesp2	22	400.25553025710826				
baseline	20	data/2026-02-27-magnet-print(FOXF1 cells)/day5 after fix and stain (647PAX8)/20.czi	mesp2	23	418.04466493520204				
baseline	20	data/2026-02-27-magnet-print(FOXF1 cells)/day5 after fix and stain (647PAX8)/20.czi	pax8	0	8.894567339046851	0.12907954441082775	0.038804307549329245	0.07035720898372554	0.037736994079720414
baseline	20	data/2026-02-27-magnet-print(FOXF1 cells)/day5 after fix and stain (647PAX8)/20.czi	pax8	1	26.683702017140554	0.1876048106227387	0.05303762945390471	0.07074415680457924	0.03957381010989495
baseline	20	data/2026-02-27-magnet-print(FOXF1 cells)/day5 after fix and stain (647PAX8)/20.czi	pax8	2	44.47283669523426	0.20872417324368014	0.05857800825022147	0.06964908658884608	0.045913148212899
baseline	20	data/2026-02-27-magnet-print(FOXF1 cells)/day5 after fix and stain (647PAX8)/20.czi	pax8	3	62.26197137332796	0.21620612032347516	0.06092219671784096	0.06907204986038609	0.0538719915102737
baseline	20	data/2026-02-27-magnet-print(FOXF1 cells)/day5 after fix and stain (647PAX8)/20.czi	pax8	4	80.05110605142167	0.23059528953365754	0.0679720083362127	0.0718379594192079	0.07000236428670654
baseline	20	data/2026-02-27-magnet-print(FOXF1 cells)/day5 after fix and stain (647PAX8)/20.czi	pax8	5	97.84024072951536	0.26927024434503266	0.07797542203656808	0.071473675685701	0.09122233722234843
baseline	20	data/2026-02-27-magnet-print(FOXF1 cells)/day5 after fix and stain (647PAX8)/20.czi	pax8	6	115.62937540760907	0.30888252558199064	0.09158218983056599	0.0744272163203502	0.11376470656521794
baseline	20	data/2026-02-27-magnet-print(FOXF1 cells)/day5 after fix and stain (647PAX8)/20.czi	pax8	7	133.41851008570276	0.31086828807134775	0.08603828168253089	0.07059351649903807	0.09975095319268254
baseline	20	data/2026-02-27-magnet-print(FOXF1 cells)/day5 after fix and stain (647PAX8)/20.czi	pax8	8	151.20764476379648	0.31564136286930544	0.07615046965129248	0.06336506420068248	0.07422370941777993
baseline	20	data/2026-02-27-magnet-print(FOXF1 cells)/day5 after fix and stain (647PAX8)/20.czi	pax8	9	168.99677944189017	0.3569094410307436	0.07486425911399139	0.05624054276764277	0.06852806122300953
baseline	20	data/2026-02-27-magnet-print(FOXF1 cells)/day5 after fix and stain (647PAX8)/20.czi	pax8	10	186.7859141199839	0.4030834374899727	0.07218176551602637	0.049227532830283416	0.06795851880099481
baseline	20	data/2026-02-27-magnet-print(FOXF1 cells)/day5 after fix and stain (647PAX8)/20.czi	pax8	11	204.57504879807757	0.379143692439802	0.05431652952056145	0.04059705514158449	0.05348354124947764
baseline	20	data/2026-02-27-magnet-print(FOXF1 cells)/day5 after fix and stain (647PAX8)/20.czi	pax8	12	222.3641834761713	0.2380135681974097	0.027760046588310664	0.03094902153286496	0.027678822388541677
baseline	20	data/2026-02-27-magnet-print(FOXF1 cells)/day5 after fix and stain (647PAX8)/20.czi	pax8	13	240.15331815426498	0.06813204119835174	0.00614726877784446	0.018940806671226072	0.0044888455329112065
baseline	20	data/2026-02-27-magnet-print(FOXF1 cells)/day5 after fix and stain (647PAX8)/20.czi	pax8	14	257.9424528323587	0.0005804376867396682	3.6686871335955205e-05	0.01001175475718945	3.036998731125309e-06
baseline	20	data/2026-02-27-magnet-print(FOXF1 cells)/day5 after fix and stain (647PAX8)/20.czi	pax8	15	275.7315875104524	0.0	0.0	0.004819430096348396	0.0
baseline	20	data/2026-02-27-magnet-print(FOXF1 cells)/day5 after fix and stain (647PAX8)/20.czi	pax8	16	293.5207221885461	0.0	0.0	0.002232047724411174	0.0
baseline	20	data/2026-02-27-magnet-print(FOXF1 cells)/day5 after fix and stain (647PAX8)/20.czi	pax8	17	311.30985686663985		0.0	0.0005423300780641536	0.0
baseline	20	data/2026-02-27-magnet-print(FOXF1 cells)/day5 after fix and stain (647PAX8)/20.czi	pax8	18	329.0989915447335		0.0	0.0	0.0
baseline	20	data/2026-02-27-magnet-print(FOXF1 cells)/day5 after fix and stain (647PAX8)/20.czi	pax8	19	346.88812622282717		0.0	0.0	0.0
baseline	20	data/2026-02-27-magnet-print(FOXF1 cells)/day5 after fix and stain (647PAX8)/20.czi	pax8	20	364.67726090092094				
baseline	20	data/2026-02-27-magnet-print(FOXF1 cells)/day5 after fix and stain (647PAX8)/20.czi	pax8	21	382.4663955790146				
baseline	20	data/2026-02-27-magnet-print(FOXF1 cells)/day5 after fix and stain (647PAX8)/20.czi	pax8	22	400.25553025710826				
baseline	20	data/2026-02-27-magnet-print(FOXF1 cells)/day5 after fix and stain (647PAX8)/20.czi	pax8	23	418.04466493520204				
baseline	21	data/2026-02-27-magnet-print(FOXF1 cells)/day5 after fix and stain (647PAX8)/21.czi	foxf1	0	8.894567339046851	0.31051080421809435	0.024105817856434536	0.03420570441934575	0.017608522537395588
baseline	21	data/2026-02-27-magnet-print(FOXF1 cells)/day5 after fix and stain (647PAX8)/21.czi	foxf1	1	26.683702017140554	0.3366177967497302	0.026764648550285864	0.03583702320031174	0.02023099423373623
baseline	21	data/2026-02-27-magnet-print(FOXF1 cells)/day5 after fix and stain (647PAX8)/21.czi	foxf1	2	44.47283669523426	0.3655117523837823	0.03123504278930479	0.03932341796459019	0.025285981318290737
baseline	21	data/2026-02-27-magnet-print(FOXF1 cells)/day5 after fix and stain (647PAX8)/21.czi	foxf1	3	62.26197137332796	0.41129635947661425	0.03803216319972897	0.04472256863894651	0.03293362564703464
baseline	21	data/2026-02-27-magnet-print(FOXF1 cells)/day5 after fix and stain (647PAX8)/21.czi	foxf1	4	80.05110605142167	0.4525519778534681	0.046443309120582234	0.05176573993185071	0.043378772131778404
baseline	21	data/2026-02-27-magnet-print(FOXF1 cells)/day5 after fix and stain (647PAX8)/21.czi	foxf1	5	97.84024072951536	0.5088827034960388	0.05522684473651843	0.058318001439144646	0.053621832604820306
baseline	21	data/2026-02-27-magnet-print(FOXF1 cells)/day5 after fix and stain (647PAX8)/21.czi	foxf1	6	115.62937540760907	0.567790472955427	0.062389178372698945	0.06270524402168055	0.06210568557915286
baseline	21	data/2026-02-27-magnet-print(FOXF1 cells)/day5 after fix and stain (647PAX8)/21.czi	foxf1	7	133.41851008570276	0.6074031483592381	0.0673797590272535	0.0660607730561533	0.06850729383361882
baseline	21	data/2026-02-27-magnet-print(FOXF1 cells)/day5 after fix and stain (647PAX8)/21.czi	foxf1	8	151.20764476379648	0.6515167915930768	0.07167318795646928	0.06872703860230502	0.07427921686160367
baseline	21	data/2026-02-27-magnet-print(FOXF1 cells)/day5 after fix and stain (647PAX8)/21.czi	foxf1	9	168.99677944189017	0.7235669858116075	0.07697963726521857	0.07170234590753882	0.08094023996855504
baseline	21	data/2026-02-27-magnet-print(FOXF1 cells)/day5 after fix and stain (647PAX8)/21.czi	foxf1	10	186.7859141199839	0.7923059156959471	0.08173200474226545	0.07464119702893017	0.08758157556348795
baseline	21	data/2026-02-27-magnet-print(FOXF1 cells)/day5 after fix and stain (647PAX8)/21.czi	foxf1	11	204.57504879807757	0.8294762153695202	0.08149726303274218	0.07360452543016174	0.08886037318448795
baseline	21	data/2026-02-27-magnet-print(FOXF1 cells)/day5 after fix and stain (647PAX8)/21.czi	foxf1	12	222.3641834761713	0.8679283955525456	0.07472331781074683	0.06678548334483857	0.08182227684667512
baseline	21	data/2026-02-27-magnet-print(FOXF1 cells)/day5 after fix and stain (647PAX8)/21.czi	foxf1	13	240.15331815426498	0.8974466954716087	0.0604279255444092	0.05381007610599715	0.06506930605819303
baseline	21	data/2026-02-27-magnet-print(FOXF1 cells)/day5 after fix and stain (647PAX8)/21.czi	foxf1	14	257.9424528323587	0.8887952963650337	0.037051841452190384	0.03321353706826412	0.036107392937001784
baseline	21	data/2026-02-27-magnet-print(FOXF1 cells)/day5 after fix and stain (647PAX8)/21.czi	foxf1	15	275.7315875104524	0.5290015602931201	0.00840808322748613	0.008815025519446087	0.0059795284338154085
baseline	21	data/2026-02-27-magnet-print(FOXF1 cells)/day5 after fix and stain (647PAX8)/21.czi	foxf1	16	293.5207221885461		0.0	1.1795843912929689e-05	0.0
baseline	21	data/2026-02-27-magnet-print(FOXF1 cells)/day5 after fix and stain (647PAX8)/21.czi	foxf1	17	311.30985686663985		0.0	0.0	0.0
baseline	21	data/2026-02-27-magnet-print(FOXF1 cells)/day5 after fix and stain (647PAX8)/21.czi	foxf1	18	329.0989915447335		0.0	0.0	0.0
baseline	21	data/2026-02-27-magnet-print(FOXF1 cells)/day5 after fix and stain (647PAX8)/21.czi	foxf1	19	346.88812622282717		0.0	0.0	0.0
baseline	21	data/2026-02-27-magnet-print(FOXF1 cells)/day5 after fix and stain (647PAX8)/21.czi	foxf1	20	364.67726090092094				
baseline	21	data/2026-02-27-magnet-print(FOXF1 cells)/day5 after fix and stain (647PAX8)/21.czi	foxf1	21	382.4663955790146				
baseline	21	data/2026-02-27-magnet-print(FOXF1 cells)/day5 after fix and stain (647PAX8)/21.czi	foxf1	22	400.25553025710826				
baseline	21	data/2026-02-27-magnet-print(FOXF1 cells)/day5 after fix and stain (647PAX8)/21.czi	foxf1	23	418.04466493520204				
baseline	21	data/2026-02-27-magnet-print(FOXF1 cells)/day5 after fix and stain (647PAX8)/21.czi	mesp2	0	8.894567339046851	0.5627446779633141	0.07007112310436443	0.06955133549312183	0.06837409566160862
baseline	21	data/2026-02-27-magnet-print(FOXF1 cells)/day5 after fix and stain (647PAX8)/21.czi	mesp2	1	26.683702017140554	0.5620526495645729	0.0748093038078186	0.07422069936571832	0.07476776883157486
baseline	21	data/2026-02-27-magnet-print(FOXF1 cells)/day5 after fix and stain (647PAX8)/21.czi	mesp2	2	44.47283669523426	0.5728330685482204	0.08301137073340145	0.08235938429626365	0.08517526871162726
baseline	21	data/2026-02-27-magnet-print(FOXF1 cells)/day5 after fix and stain (647PAX8)/21.czi	mesp2	3	62.26197137332796	0.5903735915724475	0.09078048057413556	0.0901555224918463	0.09490197684587282
baseline	21	data/2026-02-27-magnet-print(FOXF1 cells)/day5 after fix and stain (647PAX8)/21.czi	mesp2	4	80.05110605142167	0.6064634675791604	0.09484166237791121	0.09416647753406562	0.09993318803215381
baseline	21	data/2026-02-27-magnet-print(FOXF1 cells)/day5 after fix and stain (647PAX8)/21.czi	mesp2	5	97.84024072951536	0.6173726034459865	0.09519930975923803	0.09448972997370321	0.10027024927915383
baseline	21	data/2026-02-27-magnet-print(FOXF1 cells)/day5 after fix and stain (647PAX8)/21.czi	mesp2	6	115.62937540760907	0.6280352346515243	0.08849232171183292	0.08788054202945944	0.09198186967026163
baseline	21	data/2026-02-27-magnet-print(FOXF1 cells)/day5 after fix and stain (647PAX8)/21.czi	mesp2	7	133.41851008570276	0.6358133648020149	0.0787443857988236	0.0782684003741466	0.07990284627421274
baseline	21	data/2026-02-27-magnet-print(FOXF1 cells)/day5 after fix and stain (647PAX8)/21.czi	mesp2	8	151.20764476379648	0.6374631578558515	0.0664657298529743	0.06632325318557863	0.06514374183363325
baseline	21	data/2026-02-27-magnet-print(FOXF1 cells)/day5 after fix and stain (647PAX8)/21.czi	mesp2	9	168.99677944189017	0.6097992376215488	0.0495870079570155	0.05000872555525021	0.0455497430262604
baseline	21	data/2026-02-27-magnet-print(FOXF1 cells)/day5 after fix and stain (647PAX8)/21.czi	mesp2	10	186.7859141199839	0.5320348496215715	0.03162021250981724	0.032918866377213765	0.026021381797038876
baseline	21	data/2026-02-27-magnet-print(FOXF1 cells)/day5 after fix and stain (647PAX8)/21.czi	mesp2	11	204.57504879807757	0.39924370901156864	0.01643283093592352	0.01815065144472859	0.011131071653903254
baseline	21	data/2026-02-27-magnet-print(FOXF1 cells)/day5 after fix and stain (647PAX8)/21.czi	mesp2	12	222.3641834761713	0.20239475242131796	0.004723561906543203	0.006451621687262914	0.0017080167201088954
baseline	21	data/2026-02-27-magnet-print(FOXF1 cells)/day5 after fix and stain (647PAX8)/21.czi	mesp2	13	240.15331815426498	0.02694227053746303	0.00038174901896335256	0.0013790634431949216	4.15712836616101e-05
baseline	21	data/2026-02-27-magnet-print(FOXF1 cells)/day5 after fix and stain (647PAX8)/21.czi	mesp2	14	257.9424528323587	1.8000831782456487e-05	2.445118144999338e-07	-0.0003548933952409746	2.878057002468008e-07
baseline	21	data/2026-02-27-magnet-print(FOXF1 cells)/day5 after fix and stain (647PAX8)/21.czi	mesp2	15	275.7315875104524	0.0	0.0	-0.0007265335581547205	0.0
baseline	21	data/2026-02-27-magnet-print(FOXF1 cells)/day5 after fix and stain (647PAX8)/21.czi	mesp2	16	293.5207221885461		0.0	-1.6763790916773708e-06	0.0
baseline	21	data/2026-02-27-magnet-print(FOXF1 cells)/day5 after fix and stain (647PAX8)/21.czi	mesp2	17	311.30985686663985		0.0	0.0	0.0
baseline	21	data/2026-02-27-magnet-print(FOXF1 cells)/day5 after fix and stain (647PAX8)/21.czi	mesp2	18	329.0989915447335		0.0	0.0	0.0
baseline	21	data/2026-02-27-magnet-print(FOXF1 cells)/day5 after fix and stain (647PAX8)/21.czi	mesp2	19	346.88812622282717		0.0	0.0	0.0
baseline	21	data/2026-02-27-magnet-print(FOXF1 cells)/day5 after fix and stain (647PAX8)/21.czi	mesp2	20	364.67726090092094				
baseline	21	data/2026-02-27-magnet-print(FOXF1 cells)/day5 after fix and stain (647PAX8)/21.czi	mesp2	21	382.4663955790146				
baseline	21	data/2026-02-27-magnet-print(FOXF1 cells)/day5 after fix and stain (647PAX8)/21.czi	mesp2	22	400.25553025710826				
baseline	21	data/2026-02-27-magnet-print(FOXF1 cells)/day5 after fix and stain (647PAX8)/21.czi	mesp2	23	418.04466493520204				
baseline	21	data/2026-02-27-magnet-print(FOXF1 cells)/day5 after fix and stain (647PAX8)/21.czi	pax8	0	8.894567339046851	0.049699722004692574	0.010409988621936735	0.05524569274410683	0.008874964266306096
baseline	21	data/2026-02-27-magnet-print(FOXF1 cells)/day5 after fix and stain (647PAX8)/21.czi	pax8	1	26.683702017140554	0.0647562809716021	0.014047037713037525	0.05583685398953126	0.013833025837837996
baseline	21	data/2026-02-27-magnet-print(FOXF1 cells)/day5 after fix and stain (647PAX8)/21.czi	pax8	2	44.47283669523426	0.07515782053717696	0.015910375017540564	0.05675163480154962	0.014906872936265437
baseline	21	data/2026-02-27-magnet-print(FOXF1 cells)/day5 after fix and stain (647PAX8)/21.czi	pax8	3	62.26197137332796	0.10546152156542762	0.020371883269323803	0.05801851984937822	0.014221867353689821
baseline	21	data/2026-02-27-magnet-print(FOXF1 cells)/day5 after fix and stain (647PAX8)/21.czi	pax8	4	80.05110605142167	0.1501747687143547	0.02701954883067682	0.05916571889385898	0.014189927949270155
baseline	21	data/2026-02-27-magnet-print(FOXF1 cells)/day5 after fix and stain (647PAX8)/21.czi	pax8	5	97.84024072951536	0.23413942264015944	0.038060429608547164	0.05877882841182373	0.008047391647766775
baseline	21	data/2026-02-27-magnet-print(FOXF1 cells)/day5 after fix and stain (647PAX8)/21.czi	pax8	6	115.62937540760907	0.3297049220416766	0.05263127283552686	0.05839827669452483	0.01431479137499378
baseline	21	data/2026-02-27-magnet-print(FOXF1 cells)/day5 after fix and stain (647PAX8)/21.czi	pax8	7	133.41851008570276	0.399115004540615	0.06429301587282794	0.05861727821909467	0.02808013519679542
baseline	21	data/2026-02-27-magnet-print(FOXF1 cells)/day5 after fix and stain (647PAX8)/21.czi	pax8	8	151.20764476379648	0.44778244653340205	0.07438614762623122	0.060076604268211146	0.053936989445723886
baseline	21	data/2026-02-27-magnet-print(FOXF1 cells)/day5 after fix and stain (647PAX8)/21.czi	pax8	9	168.99677944189017	0.526249919929987	0.08919617598164079	0.06280948519607525	0.0895571339118037
baseline	21	data/2026-02-27-magnet-print(FOXF1 cells)/day5 after fix and stain (647PAX8)/21.czi	pax8	10	186.7859141199839	0.6561432068091021	0.11026333942318081	0.06545468960679478	0.13376780071752256
baseline	21	data/2026-02-27-magnet-print(FOXF1 cells)/day5 after fix and stain (647PAX8)/21.czi	pax8	11	204.57504879807757	0.6941379599864922	0.11788205974862588	0.06552623952006977	0.17581920858012515
baseline	21	data/2026-02-27-magnet-print(FOXF1 cells)/day5 after fix and stain (647PAX8)/21.czi	pax8	12	222.3641834761713	0.711149304585312	0.1055996549721647	0.05695623804740007	0.16040693896051877
baseline	21	data/2026-02-27-magnet-print(FOXF1 cells)/day5 after fix and stain (647PAX8)/21.czi	pax8	13	240.15331815426498	0.6580586881422336	0.0721460259461233	0.041074133430866876	0.08950396187292309
baseline	21	data/2026-02-27-magnet-print(FOXF1 cells)/day5 after fix and stain (647PAX8)/21.czi	pax8	14	257.9424528323587	0.3934741333837248	0.030300659812124084	0.024374606817256943	0.025764566950851053
baseline	21	data/2026-02-27-magnet-print(FOXF1 cells)/day5 after fix and stain (647PAX8)/21.czi	pax8	15	275.7315875104524	0.049407374373772156	0.002953586726595847	0.007623504650389553	0.0017389364020669405
baseline	21	data/2026-02-27-magnet-print(FOXF1 cells)/day5 after fix and stain (647PAX8)/21.czi	pax8	16	293.5207221885461		0.0	1.4713473949424445e-05	0.0
baseline	21	data/2026-02-27-magnet-print(FOXF1 cells)/day5 after fix and stain (647PAX8)/21.czi	pax8	17	311.30985686663985		0.0	0.0	0.0
baseline	21	data/2026-02-27-magnet-print(FOXF1 cells)/day5 after fix and stain (647PAX8)/21.czi	pax8	18	329.0989915447335		0.0	0.0	0.0
baseline	21	data/2026-02-27-magnet-print(FOXF1 cells)/day5 after fix and stain (647PAX8)/21.czi	pax8	19	346.88812622282717		0.0	0.0	0.0
baseline	21	data/2026-02-27-magnet-print(FOXF1 cells)/day5 after fix and stain (647PAX8)/21.czi	pax8	20	364.67726090092094				
baseline	21	data/2026-02-27-magnet-print(FOXF1 cells)/day5 after fix and stain (647PAX8)/21.czi	pax8	21	382.4663955790146				
baseline	21	data/2026-02-27-magnet-print(FOXF1 cells)/day5 after fix and stain (647PAX8)/21.czi	pax8	22	400.25553025710826				
baseline	21	data/2026-02-27-magnet-print(FOXF1 cells)/day5 after fix and stain (647PAX8)/21.czi	pax8	23	418.04466493520204				
baseline	22	data/2026-02-27-magnet-print(FOXF1 cells)/day5 after fix and stain (647PAX8)/22.czi	foxf1	0	8.894567339046851	0.2267684396599427	0.02757745659215133	0.050748603601467844	0.0064327927985277375
baseline	22	data/2026-02-27-magnet-print(FOXF1 cells)/day5 after fix and stain (647PAX8)/22.czi	foxf1	1	26.683702017140554	0.2519119936518497	0.03377721944772934	0.05350368495236835	0.01246793466497185
baseline	22	data/2026-02-27-magnet-print(FOXF1 cells)/day5 after fix and stain (647PAX8)/22.czi	foxf1	2	44.47283669523426	0.2858531805152617	0.045298595360103645	0.05917915911101937	0.025619383031458737
baseline	22	data/2026-02-27-magnet-print(FOXF1 cells)/day5 after fix and stain (647PAX8)/22.czi	foxf1	3	62.26197137332796	0.299314148062628	0.05711992497998214	0.0654107690118472	0.04372184083357074
baseline	22	data/2026-02-27-magnet-print(FOXF1 cells)/day5 after fix and stain (647PAX8)/22.czi	foxf1	4	80.05110605142167	0.3133753016756393	0.07077932316414813	0.07375156937005659	0.0652557804298885
baseline	22	data/2026-02-27-magnet-print(FOXF1 cells)/day5 after fix and stain (647PAX8)/22.czi	foxf1	5	97.84024072951536	0.3135882035314994	0.08040003973478697	0.07916232765433004	0.0830910226948195
baseline	22	data/2026-02-27-magnet-print(FOXF1 cells)/day5 after fix and stain (647PAX8)/22.czi	foxf1	6	115.62937540760907	0.307037457833804	0.08881373779165037	0.08401551693491234	0.10007417280276401
baseline	22	data/2026-02-27-magnet-print(FOXF1 cells)/day5 after fix and stain (647PAX8)/22.czi	foxf1	7	133.41851008570276	0.333141781790519	0.0947886701564173	0.08623196551452218	0.11180193110114711
baseline	22	data/2026-02-27-magnet-print(FOXF1 cells)/day5 after fix and stain (647PAX8)/22.czi	foxf1	8	151.20764476379648	0.4389803649159692	0.09703538915254854	0.08500256701958085	0.11495288947387156
baseline	22	data/2026-02-27-magnet-print(FOXF1 cells)/day5 after fix and stain (647PAX8)/22.czi	foxf1	9	168.99677944189017	0.5284880857334017	0.08909496128797711	0.07565187661349962	0.10499433024563652
baseline	22	data/2026-02-27-magnet-print(FOXF1 cells)/day5 after fix and stain (647PAX8)/22.czi	foxf1	10	186.7859141199839	0.568886974809773	0.07214540033608642	0.05938507057160916	0.08394316105379707
baseline	22	data/2026-02-27-magnet-print(FOXF1 cells)/day5 after fix and stain (647PAX8)/22.czi	foxf1	11	204.57504879807757	0.6778939925222746	0.05345445164023066	0.04352034134756279	0.05993106320119267
baseline	22	data/2026-02-27-magnet-print(FOXF1 cells)/day5 after fix and stain (647PAX8)/22.czi	foxf1	12	222.3641834761713	0.7782124522730509	0.029021960123896913	0.023924864070601067	0.02925062602425016
baseline	22	data/2026-02-27-magnet-print(FOXF1 cells)/day5 after fix and stain (647PAX8)/22.czi	foxf1	13	240.15331815426498	0.49878988302097965	0.006232424175666301	0.005763277366724374	0.004390147185864743
baseline	22	data/2026-02-27-magnet-print(FOXF1 cells)/day5 after fix and stain (647PAX8)/22.czi	foxf1	14	257.9424528323587		0.00015698401507897863	0.00024381327774657845	3.2824080319358054e-05
baseline	22	data/2026-02-27-magnet-print(FOXF1 cells)/day5 after fix and stain (647PAX8)/22.czi	foxf1	15	275.7315875104524		0.0	0.0	0.0
baseline	22	data/2026-02-27-magnet-print(FOXF1 cells)/day5 after fix and stain (647PAX8)/22.czi	foxf1	16	293.5207221885461		0.0	0.0	0.0
baseline	22	data/2026-02-27-magnet-print(FOXF1 cells)/day5 after fix and stain (647PAX8)/22.czi	foxf1	17	311.30985686663985		0.0	0.0	0.0
baseline	22	data/2026-02-27-magnet-print(FOXF1 cells)/day5 after fix and stain (647PAX8)/22.czi	foxf1	18	329.0989915447335		0.0	0.0	0.0
baseline	22	data/2026-02-27-magnet-print(FOXF1 cells)/day5 after fix and stain (647PAX8)/22.czi	foxf1	19	346.88812622282717		0.0	0.0	0.0
baseline	22	data/2026-02-27-magnet-print(FOXF1 cells)/day5 after fix and stain (647PAX8)/22.czi	foxf1	20	364.67726090092094				
baseline	22	data/2026-02-27-magnet-print(FOXF1 cells)/day5 after fix and stain (647PAX8)/22.czi	foxf1	21	382.4663955790146				
baseline	22	data/2026-02-27-magnet-print(FOXF1 cells)/day5 after fix and stain (647PAX8)/22.czi	foxf1	22	400.25553025710826				
baseline	22	data/2026-02-27-magnet-print(FOXF1 cells)/day5 after fix and stain (647PAX8)/22.czi	foxf1	23	418.04466493520204				
baseline	22	data/2026-02-27-magnet-print(FOXF1 cells)/day5 after fix and stain (647PAX8)/22.czi	mesp2	0	8.894567339046851	0.6409920656580224	0.1420871246163042	0.14061323240782655	0.14861773573715792
baseline	22	data/2026-02-27-magnet-print(FOXF1 cells)/day5 after fix and stain (647PAX8)/22.czi	mesp2	1	26.683702017140554	0.6503410004725088	0.13530678556174322	0.13380874541289728	0.1397040799900593
baseline	22	data/2026-02-27-magnet-print(FOXF1 cells)/day5 after fix and stain (647PAX8)/22.czi	mesp2	2	44.47283669523426	0.655336809317646	0.12322745962954232	0.12197108879096183	0.12411161380327974
baseline	22	data/2026-02-27-magnet-print(FOXF1 cells)/day5 after fix and stain (647PAX8)/22.czi	mesp2	3	62.26197137332796	0.6171693123265265	0.1058173742782615	0.10547833562768007	0.10454093588964486
baseline	22	data/2026-02-27-magnet-print(FOXF1 cells)/day5 after fix and stain (647PAX8)/22.czi	mesp2	4	80.05110605142167	0.527572682349518	0.08943619020874137	0.09068214202485428	0.0889125320440416
baseline	22	data/2026-02-27-magnet-print(FOXF1 cells)/day5 after fix and stain (647PAX8)/22.czi	mesp2	5	97.84024072951536	0.4232357541246139	0.06942223422436537	0.07134061479430752	0.06897178004082116
baseline	22	data/2026-02-27-magnet-print(FOXF1 cells)/day5 after fix and stain (647PAX8)/22.czi	mesp2	6	115.62937540760907	0.3918461120032384	0.05455904128003692	0.05534841951221996	0.05200249830305825
baseline	22	data/2026-02-27-magnet-print(FOXF1 cells)/day5 after fix and stain (647PAX8)/22.czi	mesp2	7	133.41851008570276	0.37158606079585843	0.0462051045380572	0.04673950345927325	0.04413446846688551
baseline	22	data/2026-02-27-magnet-print(FOXF1 cells)/day5 after fix and stain (647PAX8)/22.czi	mesp2	8	151.20764476379648	0.3756413621637282	0.03917194812570853	0.03990909691022609	0.038467550140482205
baseline	22	data/2026-02-27-magnet-print(FOXF1 cells)/day5 after fix and stain (647PAX8)/22.czi	mesp2	9	168.99677944189017	0.3410014180137352	0.026545894743134905	0.02736945743028002	0.02577061378898908
baseline	22	data/2026-02-27-magnet-print(FOXF1 cells)/day5 after fix and stain (647PAX8)/22.czi	mesp2	10	186.7859141199839	0.26937361871300214	0.010267673267061067	0.010273351575539949	0.00797039632245786
baseline	22	data/2026-02-27-magnet-print(FOXF1 cells)/day5 after fix and stain (647PAX8)/22.czi	mesp2	11	204.57504879807757	0.10605434606512518	0.001719818645687842	0.0014144561774007591	0.0007701176685706007
baseline	22	data/2026-02-27-magnet-print(FOXF1 cells)/day5 after fix and stain (647PAX8)/22.czi	mesp2	12	222.3641834761713	0.0024825344872582587	1.6407987121357935e-05	-0.0006261781918361368	1.7305947151497827e-06
baseline	22	data/2026-02-27-magnet-print(FOXF1 cells)/day5 after fix and stain (647PAX8)/22.czi	mesp2	13	240.15331815426498	0.0	0.0	-0.0003244810809752645	0.0
baseline	22	data/2026-02-27-magnet-print(FOXF1 cells)/day5 after fix and stain (647PAX8)/22.czi	mesp2	14	257.9424528323587		0.0	-2.546713048778049e-05	0.0
baseline	22	data/2026-02-27-magnet-print(FOXF1 cells)/day5 after fix and stain (647PAX8)/22.czi	mesp2	15	275.7315875104524		0.0	0.0	0.0
baseline	22	data/2026-02-27-magnet-print(FOXF1 cells)/day5 after fix and stain (647PAX8)/22.czi	mesp2	16	293.5207221885461		0.0	0.0	0.0
baseline	22	data/2026-02-27-magnet-print(FOXF1 cells)/day5 after fix and stain (647PAX8)/22.czi	mesp2	17	311.30985686663985		0.0	0.0	0.0
baseline	22	data/2026-02-27-magnet-print(FOXF1 cells)/day5 after fix and stain (647PAX8)/22.czi	mesp2	18	329.0989915447335		0.0	0.0	0.0
baseline	22	data/2026-02-27-magnet-print(FOXF1 cells)/day5 after fix and stain (647PAX8)/22.czi	mesp2	19	346.88812622282717		0.0	0.0	0.0
baseline	22	data/2026-02-27-magnet-print(FOXF1 cells)/day5 after fix and stain (647PAX8)/22.czi	mesp2	20	364.67726090092094				
baseline	22	data/2026-02-27-magnet-print(FOXF1 cells)/day5 after fix and stain (647PAX8)/22.czi	mesp2	21	382.4663955790146				
baseline	22	data/2026-02-27-magnet-print(FOXF1 cells)/day5 after fix and stain (647PAX8)/22.czi	mesp2	22	400.25553025710826				
baseline	22	data/2026-02-27-magnet-print(FOXF1 cells)/day5 after fix and stain (647PAX8)/22.czi	mesp2	23	418.04466493520204				
baseline	22	data/2026-02-27-magnet-print(FOXF1 cells)/day5 after fix and stain (647PAX8)/22.czi	pax8	0	8.894567339046851	0.020136228145305905	0.01574319055799038	0.09568745766897804	0.004212673605082656
baseline	22	data/2026-02-27-magnet-print(FOXF1 cells)/day5 after fix and stain (647PAX8)/22.czi	pax8	1	26.683702017140554	0.07099036524255102	0.0567481417536653	0.09706316001181395	0.026248201094030286
baseline	22	data/2026-02-27-magnet-print(FOXF1 cells)/day5 after fix and stain (647PAX8)/22.czi	pax8	2	44.47283669523426	0.13753173477794645	0.1164223763568959	0.10050859950009558	0.09684554772915278
baseline	22	data/2026-02-27-magnet-print(FOXF1 cells)/day5 after fix and stain (647PAX8)/22.czi	pax8	3	62.26197137332796	0.1683017556049685	0.151990874928237	0.10135743028820778	0.19395366231228056
baseline	22	data/2026-02-27-magnet-print(FOXF1 cells)/day5 after fix and stain (647PAX8)/22.czi	pax8	4	80.05110605142167	0.19088097229509907	0.17346072799786552	0.1014101706186777	0.24541929403277638
baseline	22	data/2026-02-27-magnet-print(FOXF1 cells)/day5 after fix and stain (647PAX8)/22.czi	pax8	5	97.84024072951536	0.21985220989713272	0.17665073762227057	0.0959426623541494	0.1759388148009421
baseline	22	data/2026-02-27-magnet-print(FOXF1 cells)/day5 after fix and stain (647PAX8)/22.czi	pax8	6	115.62937540760907	0.13762105002393388	0.10104282636316701	0.08470387147867835	0.07519188790236078
baseline	22	data/2026-02-27-magnet-print(FOXF1 cells)/day5 after fix and stain (647PAX8)/22.czi	pax8	7	133.41851008570276	0.06524219085845645	0.041430529417004806	0.06566689471406328	0.02068530752292795
baseline	22	data/2026-02-27-magnet-print(FOXF1 cells)/day5 after fix and stain (647PAX8)/22.czi	pax8	8	151.20764476379648	0.028436788180875718	0.015099844665595686	0.0439432517611718	0.010036512593939733
baseline	22	data/2026-02-27-magnet-print(FOXF1 cells)/day5 after fix and stain (647PAX8)/22.czi	pax8	9	168.99677944189017	0.003919881243453197	0.0017665976615894325	0.027805774466505256	0.0014410121818357897
baseline	22	data/2026-02-27-magnet-print(FOXF1 cells)/day5 after fix and stain (647PAX8)/22.czi	pax8	10	186.7859141199839	1.2623408352839733e-05	4.255789742132956e-06	0.016196649251429558	1.3529806704913528e-06
baseline	22	data/2026-02-27-magnet-print(FOXF1 cells)/day5 after fix and stain (647PAX8)/22.czi	pax8	11	204.57504879807757	0.0	0.0	0.008947846563960221	0.0
baseline	22	data/2026-02-27-magnet-print(FOXF1 cells)/day5 after fix and stain (647PAX8)/22.czi	pax8	12	222.3641834761713	0.0	0.0	0.00470898024940018	0.0
baseline	22	data/2026-02-27-magnet-print(FOXF1 cells)/day5 after fix and stain (647PAX8)/22.czi	pax8	13	240.15331815426498	0.0	0.0	0.0014618052033144788	0.0
baseline	22	data/2026-02-27-magnet-print(FOXF1 cells)/day5 after fix and stain (647PAX8)/22.czi	pax8	14	257.9424528323587		0.0	7.005047454663579e-05	0.0
baseline	22	data/2026-02-27-magnet-print(FOXF1 cells)/day5 after fix and stain (647PAX8)/22.czi	pax8	15	275.7315875104524		0.0	0.0	0.0
baseline	22	data/2026-02-27-magnet-print(FOXF1 cells)/day5 after fix and stain (647PAX8)/22.czi	pax8	16	293.5207221885461		0.0	0.0	0.0
baseline	22	data/2026-02-27-magnet-print(FOXF1 cells)/day5 after fix and stain (647PAX8)/22.czi	pax8	17	311.30985686663985		0.0	0.0	0.0
baseline	22	data/2026-02-27-magnet-print(FOXF1 cells)/day5 after fix and stain (647PAX8)/22.czi	pax8	18	329.0989915447335		0.0	0.0	0.0
baseline	22	data/2026-02-27-magnet-print(FOXF1 cells)/day5 after fix and stain (647PAX8)/22.czi	pax8	19	346.88812622282717		0.0	0.0	0.0
baseline	22	data/2026-02-27-magnet-print(FOXF1 cells)/day5 after fix and stain (647PAX8)/22.czi	pax8	20	364.67726090092094				
baseline	22	data/2026-02-27-magnet-print(FOXF1 cells)/day5 after fix and stain (647PAX8)/22.czi	pax8	21	382.4663955790146				
baseline	22	data/2026-02-27-magnet-print(FOXF1 cells)/day5 after fix and stain (647PAX8)/22.czi	pax8	22	400.25553025710826				
baseline	22	data/2026-02-27-magnet-print(FOXF1 cells)/day5 after fix and stain (647PAX8)/22.czi	pax8	23	418.04466493520204				
baseline	23	data/2026-02-27-magnet-print(FOXF1 cells)/day5 after fix and stain (647PAX8)/23.czi	foxf1	0	8.894567339046851	0.4759202247241378	0.0689806807604146	0.07365615562175436	0.03909267069089072
baseline	23	data/2026-02-27-magnet-print(FOXF1 cells)/day5 after fix and stain (647PAX8)/23.czi	foxf1	1	26.683702017140554	0.4182102323911019	0.07214726921751231	0.07950721454175201	0.05378380901265521
baseline	23	data/2026-02-27-magnet-print(FOXF1 cells)/day5 after fix and stain (647PAX8)/23.czi	foxf1	2	44.47283669523426	0.387531607772479	0.07773482179690872	0.0844638791033186	0.07021976701308248
baseline	23	data/2026-02-27-magnet-print(FOXF1 cells)/day5 after fix and stain (647PAX8)/23.czi	foxf1	3	62.26197137332796	0.3809015626657774	0.08355491221939683	0.08868394181072572	0.08147956970445852
baseline	23	data/2026-02-27-magnet-print(FOXF1 cells)/day5 after fix and stain (647PAX8)/23.czi	foxf1	4	80.05110605142167	0.38717216086121475	0.08470073052162728	0.08710256535272483	0.08451050054225635
baseline	23	data/2026-02-27-magnet-print(FOXF1 cells)/day5 after fix and stain (647PAX8)/23.czi	foxf1	5	97.84024072951536	0.39208738337232824	0.08638780623290844	0.08522881343626568	0.08696212850174659
baseline	23	data/2026-02-27-magnet-print(FOXF1 cells)/day5 after fix and stain (647PAX8)/23.czi	foxf1	6	115.62937540760907	0.36800041321834304	0.08051385596042628	0.07790139984752531	0.08238126748154405
baseline	23	data/2026-02-27-magnet-print(FOXF1 cells)/day5 after fix and stain (647PAX8)/23.czi	foxf1	7	133.41851008570276	0.3327817424458584	0.07386103156227382	0.07028999302985621	0.08141631963833328
baseline	23	data/2026-02-27-magnet-print(FOXF1 cells)/day5 after fix and stain (647PAX8)/23.czi	foxf1	8	151.20764476379648	0.3293032092529963	0.06544618463087275	0.060787981052615146	0.07687047527674203
baseline	23	data/2026-02-27-magnet-print(FOXF1 cells)/day5 after fix and stain (647PAX8)/23.czi	foxf1	9	168.99677944189017	0.37230795395054467	0.05110840810739892	0.04693043298762274	0.06271641735293969
baseline	23	data/2026-02-27-magnet-print(FOXF1 cells)/day5 after fix and stain (647PAX8)/23.czi	foxf1	10	186.7859141199839	0.68290144050969	0.03976411424377507	0.035742850008584806	0.05020945487447183
baseline	23	data/2026-02-27-magnet-print(FOXF1 cells)/day5 after fix and stain (647PAX8)/23.czi	foxf1	11	204.57504879807757	0.8426175159830045	0.029695311808978317	0.026394831634860096	0.0380423423050175
baseline	23	data/2026-02-27-magnet-print(FOXF1 cells)/day5 after fix and stain (647PAX8)/23.czi	foxf1	12	222.3641834761713	0.86469135125785	0.020773590831750382	0.018447205316353243	0.025681471282528866
baseline	23	data/2026-02-27-magnet-print(FOXF1 cells)/day5 after fix and stain (647PAX8)/23.czi	foxf1	13	240.15331815426498	0.8134777965575395	0.009421488127008031	0.008531318459522408	0.010095294730266515
baseline	23	data/2026-02-27-magnet-print(FOXF1 cells)/day5 after fix and stain (647PAX8)/23.czi	foxf1	14	257.9424528323587	0.8587064524632879	0.001238941795999214	0.0011893560488347326	0.0009188100014486779
baseline	23	data/2026-02-27-magnet-print(FOXF1 cells)/day5 after fix and stain (647PAX8)/23.czi	foxf1	15	275.7315875104524		3.9827664408985745e-06	3.7058315429199324e-06	9.647822512698577e-07
baseline	23	data/2026-02-27-magnet-print(FOXF1 cells)/day5 after fix and stain (647PAX8)/23.czi	foxf1	16	293.5207221885461		0.0	0.0	0.0
baseline	23	data/2026-02-27-magnet-print(FOXF1 cells)/day5 after fix and stain (647PAX8)/23.czi	foxf1	17	311.30985686663985		0.0	0.0	0.0
baseline	23	data/2026-02-27-magnet-print(FOXF1 cells)/day5 after fix and stain (647PAX8)/23.czi	foxf1	18	329.0989915447335		0.0	0.0	0.0
baseline	23	data/2026-02-27-magnet-print(FOXF1 cells)/day5 after fix and stain (647PAX8)/23.czi	foxf1	19	346.88812622282717		0.0	0.0	0.0
baseline	23	data/2026-02-27-magnet-print(FOXF1 cells)/day5 after fix and stain (647PAX8)/23.czi	foxf1	20	364.67726090092094				
baseline	23	data/2026-02-27-magnet-print(FOXF1 cells)/day5 after fix and stain (647PAX8)/23.czi	foxf1	21	382.4663955790146				
baseline	23	data/2026-02-27-magnet-print(FOXF1 cells)/day5 after fix and stain (647PAX8)/23.czi	foxf1	22	400.25553025710826				
baseline	23	data/2026-02-27-magnet-print(FOXF1 cells)/day5 after fix and stain (647PAX8)/23.czi	foxf1	23	418.04466493520204				
baseline	23	data/2026-02-27-magnet-print(FOXF1 cells)/day5 after fix and stain (647PAX8)/23.czi	mesp2	0	8.894567339046851	0.4924795970142207	0.130997335359271	0.1289409387661143	0.13994312291784475
baseline	23	data/2026-02-27-magnet-print(FOXF1 cells)/day5 after fix and stain (647PAX8)/23.czi	mesp2	1	26.683702017140554	0.48773510754763777	0.12969017962729376	0.12814141894391082	0.13811539252401167
baseline	23	data/2026-02-27-magnet-print(FOXF1 cells)/day5 after fix and stain (647PAX8)/23.czi	mesp2	2	44.47283669523426	0.49182689795044493	0.12298799327625895	0.12195004732849016	0.12896540587325586
baseline	23	data/2026-02-27-magnet-print(FOXF1 cells)/day5 after fix and stain (647PAX8)/23.czi	mesp2	3	62.26197137332796	0.49853088091253933	0.1174394132251871	0.11692338371969395	0.12007737631290187
baseline	23	data/2026-02-27-magnet-print(FOXF1 cells)/day5 after fix and stain (647PAX8)/23.czi	mesp2	4	80.05110605142167	0.507994799417818	0.10867417713396668	0.10850998288072725	0.10765065788108463
baseline	23	data/2026-02-27-magnet-print(FOXF1 cells)/day5 after fix and stain (647PAX8)/23.czi	mesp2	5	97.84024072951536	0.45790065905852534	0.08780069408858322	0.08855603464977782	0.08266883216687855
baseline	23	data/2026-02-27-magnet-print(FOXF1 cells)/day5 after fix and stain (647PAX8)/23.czi	mesp2	6	115.62937540760907	0.3916052842207313	0.0660157449455216	0.06578361586151237	0.05906294898386737
baseline	23	data/2026-02-27-magnet-print(FOXF1 cells)/day5 after fix and stain (647PAX8)/23.czi	mesp2	7	133.41851008570276	0.3074289306723966	0.04422855977873964	0.045007842312459176	0.03816265456193986
baseline	23	data/2026-02-27-magnet-print(FOXF1 cells)/day5 after fix and stain (647PAX8)/23.czi	mesp2	8	151.20764476379648	0.23427205671388085	0.026847613414009656	0.028591425307388178	0.02299565472570325
baseline	23	data/2026-02-27-magnet-print(FOXF1 cells)/day5 after fix and stain (647PAX8)/23.czi	mesp2	9	168.99677944189017	0.15299251714144413	0.009363670944538402	0.010976136629783428	0.006756525384776058
baseline	23	data/2026-02-27-magnet-print(FOXF1 cells)/day5 after fix and stain (647PAX8)/23.czi	mesp2	10	186.7859141199839	0.030031367586736663	0.0006438329342221298	0.0013415391046423504	0.0002702932338266052
baseline	23	data/2026-02-27-magnet-print(FOXF1 cells)/day5 after fix and stain (647PAX8)/23.czi	mesp2	11	204.57504879807757	0.0	0.0	-5.19935633582373e-05	1.6843949871015658e-08
baseline	23	data/2026-02-27-magnet-print(FOXF1 cells)/day5 after fix and stain (647PAX8)/23.czi	mesp2	12	222.3641834761713	0.0033839498503260975	1.85963155020902e-05	-8.438285300143582e-05	7.650752473870463e-06
baseline	23	data/2026-02-27-magnet-print(FOXF1 cells)/day5 after fix and stain (647PAX8)/23.czi	mesp2	13	240.15331815426498	0.04423852212030105	0.0001805577894325112	0.0002646504746286212	0.00012590026711429636
baseline	23	data/2026-02-27-magnet-print(FOXF1 cells)/day5 after fix and stain (647PAX8)/23.czi	mesp2	14	257.9424528323587	0.027463308008621207	0.00010588269101968298	0.0001496307551467008	8.072747481655963e-05
baseline	23	data/2026-02-27-magnet-print(FOXF1 cells)/day5 after fix and stain (647PAX8)/23.czi	mesp2	15	275.7315875104524		0.0	1.4551519332210268e-07	0.0
baseline	23	data/2026-02-27-magnet-print(FOXF1 cells)/day5 after fix and stain (647PAX8)/23.czi	mesp2	16	293.5207221885461		0.0	0.0	0.0
baseline	23	data/2026-02-27-magnet-print(FOXF1 cells)/day5 after fix and stain (647PAX8)/23.czi	mesp2	17	311.30985686663985		0.0	0.0	0.0
baseline	23	data/2026-02-27-magnet-print(FOXF1 cells)/day5 after fix and stain (647PAX8)/23.czi	mesp2	18	329.0989915447335		0.0	0.0	0.0
baseline	23	data/2026-02-27-magnet-print(FOXF1 cells)/day5 after fix and stain (647PAX8)/23.czi	mesp2	19	346.88812622282717		0.0	0.0	0.0
baseline	23	data/2026-02-27-magnet-print(FOXF1 cells)/day5 after fix and stain (647PAX8)/23.czi	mesp2	20	364.67726090092094				
baseline	23	data/2026-02-27-magnet-print(FOXF1 cells)/day5 after fix and stain (647PAX8)/23.czi	mesp2	21	382.4663955790146				
baseline	23	data/2026-02-27-magnet-print(FOXF1 cells)/day5 after fix and stain (647PAX8)/23.czi	mesp2	22	400.25553025710826				
baseline	23	data/2026-02-27-magnet-print(FOXF1 cells)/day5 after fix and stain (647PAX8)/23.czi	mesp2	23	418.04466493520204				
baseline	23	data/2026-02-27-magnet-print(FOXF1 cells)/day5 after fix and stain (647PAX8)/23.czi	pax8	0	8.894567339046851	0.2507429989882587	0.13625540262745903	0.11327248559663419	0.15662389079246508
baseline	23	data/2026-02-27-magnet-print(FOXF1 cells)/day5 after fix and stain (647PAX8)/23.czi	pax8	1	26.683702017140554	0.21371032353456493	0.10943929914610374	0.10678615145072265	0.10385205150537123
baseline	23	data/2026-02-27-magnet-print(FOXF1 cells)/day5 after fix and stain (647PAX8)/23.czi	pax8	2	44.47283669523426	0.1495280113989178	0.06717883970496669	0.09542269888989538	0.03982633774704884
baseline	23	data/2026-02-27-magnet-print(FOXF1 cells)/day5 after fix and stain (647PAX8)/23.czi	pax8	3	62.26197137332796	0.0823106000115621	0.03513666414001637	0.08799888868659321	0.014489176869107013
baseline	23	data/2026-02-27-magnet-print(FOXF1 cells)/day5 after fix and stain (647PAX8)/23.czi	pax8	4	80.05110605142167	0.08088441677574695	0.03517015736457861	0.0818854827557494	0.019628128495372387
baseline	23	data/2026-02-27-magnet-print(FOXF1 cells)/day5 after fix and stain (647PAX8)/23.czi	pax8	5	97.84024072951536	0.13779958658404304	0.06327284338831206	0.079502541270342	0.04802825112460612
baseline	23	data/2026-02-27-magnet-print(FOXF1 cells)/day5 after fix and stain (647PAX8)/23.czi	pax8	6	115.62937540760907	0.16810234411229355	0.08419151435399566	0.07539368482041629	0.094963868724482
baseline	23	data/2026-02-27-magnet-print(FOXF1 cells)/day5 after fix and stain (647PAX8)/23.czi	pax8	7	133.41851008570276	0.17321699493370923	0.08338140591376356	0.06662337401194911	0.10759217700405477
baseline	23	data/2026-02-27-magnet-print(FOXF1 cells)/day5 after fix and stain (647PAX8)/23.czi	pax8	8	151.20764476379648	0.18641513306115567	0.07066021321929453	0.05131478928360389	0.09024683954478366
baseline	23	data/2026-02-27-magnet-print(FOXF1 cells)/day5 after fix and stain (647PAX8)/23.czi	pax8	9	168.99677944189017	0.2631815694791928	0.05994796893997111	0.03544036812894145	0.07180028152461945
baseline	23	data/2026-02-27-magnet-print(FOXF1 cells)/day5 after fix and stain (647PAX8)/23.czi	pax8	10	186.7859141199839	0.5843302738388443	0.05226164068496028	0.023041034974364945	0.05958059628115995
baseline	23	data/2026-02-27-magnet-print(FOXF1 cells)/day5 after fix and stain (647PAX8)/23.czi	pax8	11	204.57504879807757	0.7176547099697566	0.03486806953640407	0.014858067950781964	0.031010878878116023
baseline	23	data/2026-02-27-magnet-print(FOXF1 cells)/day5 after fix and stain (647PAX8)/23.czi	pax8	12	222.3641834761713	0.4324105823275027	0.015080937572993268	0.009224113359969015	0.010022568787715338
baseline	23	data/2026-02-27-magnet-print(FOXF1 cells)/day5 after fix and stain (647PAX8)/23.czi	pax8	13	240.15331815426498	0.08396879225047706	0.002195951949959952	0.003966127333592764	0.0010865196231307252
baseline	23	data/2026-02-27-magnet-print(FOXF1 cells)/day5 after fix and stain (647PAX8)/23.czi	pax8	14	257.9424528323587	0.0007404323237618358	8.227187106473752e-06	0.000524280512137122	1.9848197678219034e-06
baseline	23	data/2026-02-27-magnet-print(FOXF1 cells)/day5 after fix and stain (647PAX8)/23.czi	pax8	15	275.7315875104524		0.0	1.5120526260982255e-06	0.0
baseline	23	data/2026-02-27-magnet-print(FOXF1 cells)/day5 after fix and stain (647PAX8)/23.czi	pax8	16	293.5207221885461		0.0	0.0	0.0
baseline	23	data/2026-02-27-magnet-print(FOXF1 cells)/day5 after fix and stain (647PAX8)/23.czi	pax8	17	311.30985686663985		0.0	0.0	0.0
baseline	23	data/2026-02-27-magnet-print(FOXF1 cells)/day5 after fix and stain (647PAX8)/23.czi	pax8	18	329.0989915447335		0.0	0.0	0.0
baseline	23	data/2026-02-27-magnet-print(FOXF1 cells)/day5 after fix and stain (647PAX8)/23.czi	pax8	19	346.88812622282717		0.0	0.0	0.0
baseline	23	data/2026-02-27-magnet-print(FOXF1 cells)/day5 after fix and stain (647PAX8)/23.czi	pax8	20	364.67726090092094				
baseline	23	data/2026-02-27-magnet-print(FOXF1 cells)/day5 after fix and stain (647PAX8)/23.czi	pax8	21	382.4663955790146				
baseline	23	data/2026-02-27-magnet-print(FOXF1 cells)/day5 after fix and stain (647PAX8)/23.czi	pax8	22	400.25553025710826				
baseline	23	data/2026-02-27-magnet-print(FOXF1 cells)/day5 after fix and stain (647PAX8)/23.czi	pax8	23	418.04466493520204				
baseline	24	data/2026-02-27-magnet-print(FOXF1 cells)/day5 after fix and stain (647PAX8)/24.czi	foxf1	0	8.894567339046851	0.42531394774586667	0.019636523114896772	0.025666322529043755	0.008640763586658086
baseline	24	data/2026-02-27-magnet-print(FOXF1 cells)/day5 after fix and stain (647PAX8)/24.czi	foxf1	1	26.683702017140554	0.44462638357042217	0.022591717027726305	0.027885515155495963	0.012165179490621333
baseline	24	data/2026-02-27-magnet-print(FOXF1 cells)/day5 after fix and stain (647PAX8)/24.czi	foxf1	2	44.47283669523426	0.47292146838278454	0.02853042235978186	0.032937021357431776	0.018679774894437055
baseline	24	data/2026-02-27-magnet-print(FOXF1 cells)/day5 after fix and stain (647PAX8)/24.czi	foxf1	3	62.26197137332796	0.4981345457971552	0.03507891961769053	0.03842387185171976	0.02635558850859609
baseline	24	data/2026-02-27-magnet-print(FOXF1 cells)/day5 after fix and stain (647PAX8)/24.czi	foxf1	4	80.05110605142167	0.521056882323834	0.04226426009615562	0.0446596732535773	0.035215803642264565
baseline	24	data/2026-02-27-magnet-print(FOXF1 cells)/day5 after fix and stain (647PAX8)/24.czi	foxf1	5	97.84024072951536	0.5215533853273028	0.04780358960636912	0.049667756621775874	0.042322448610319245
baseline	24	data/2026-02-27-magnet-print(FOXF1 cells)/day5 after fix and stain (647PAX8)/24.czi	foxf1	6	115.62937540760907	0.5436801757916325	0.052116635276056165	0.052998327086318964	0.04811557752550559
baseline	24	data/2026-02-27-magnet-print(FOXF1 cells)/day5 after fix and stain (647PAX8)/24.czi	foxf1	7	133.41851008570276	0.5776512192899206	0.05675740175474107	0.056578606660937815	0.054517544154962454
baseline	24	data/2026-02-27-magnet-print(FOXF1 cells)/day5 after fix and stain (647PAX8)/24.czi	foxf1	8	151.20764476379648	0.6071463273487353	0.06018457505121718	0.05914789019304221	0.06002830482423568
baseline	24	data/2026-02-27-magnet-print(FOXF1 cells)/day5 after fix and stain (647PAX8)/24.czi	foxf1	9	168.99677944189017	0.5922306155410417	0.05991187819313043	0.0590491740283604	0.06215398306156116
baseline	24	data/2026-02-27-magnet-print(FOXF1 cells)/day5 after fix and stain (647PAX8)/24.czi	foxf1	10	186.7859141199839	0.5319422790250049	0.058608939302226555	0.05756916880654854	0.06411335855004954
baseline	24	data/2026-02-27-magnet-print(FOXF1 cells)/day5 after fix and stain (647PAX8)/24.czi	foxf1	11	204.57504879807757	0.5729858113272496	0.0632917999782105	0.060676367385569766	0.07164804243334666
baseline	24	data/2026-02-27-magnet-print(FOXF1 cells)/day5 after fix and stain (647PAX8)/24.czi	foxf1	12	222.3641834761713	0.8992490022347934	0.06401023637702759	0.06017677360518269	0.07332116869535157
baseline	24	data/2026-02-27-magnet-print(FOXF1 cells)/day5 after fix and stain (647PAX8)/24.czi	foxf1	13	240.15331815426498	0.9813026236519691	0.06446954894454249	0.060481029545590176	0.07465151658334876
baseline	24	data/2026-02-27-magnet-print(FOXF1 cells)/day5 after fix and stain (647PAX8)/24.czi	foxf1	14	257.9424528323587	0.9877862378086976	0.05991900522227284	0.056184001290429525	0.06968172027532255
baseline	24	data/2026-02-27-magnet-print(FOXF1 cells)/day5 after fix and stain (647PAX8)/24.czi	foxf1	15	275.7315875104524	0.9887487870865111	0.04858393631395863	0.04555480704518828	0.0559951653872094
baseline	24	data/2026-02-27-magnet-print(FOXF1 cells)/day5 after fix and stain (647PAX8)/24.czi	foxf1	16	293.5207221885461	0.9889714884175194	0.037315562412164535	0.03499131020326379	0.04240784937100217
baseline	24	data/2026-02-27-magnet-print(FOXF1 cells)/day5 after fix and stain (647PAX8)/24.czi	foxf1	17	311.30985686663985	0.972279807836642	0.01981376947171885	0.01861716878882995	0.021465454413139788
baseline	24	data/2026-02-27-magnet-print(FOXF1 cells)/day5 after fix and stain (647PAX8)/24.czi	foxf1	18	329.0989915447335	0.8413600625928485	0.004458406392573739	0.0042343311870469275	0.004100499826802848
baseline	24	data/2026-02-27-magnet-print(FOXF1 cells)/day5 after fix and stain (647PAX8)/24.czi	foxf1	19	346.88812622282717		5.99738568352846e-05	6.613353406834352e-05	3.176375916421456e-05
baseline	24	data/2026-02-27-magnet-print(FOXF1 cells)/day5 after fix and stain (647PAX8)/24.czi	foxf1	20	364.67726090092094				
baseline	24	data/2026-02-27-magnet-print(FOXF1 cells)/day5 after fix and stain (647PAX8)/24.czi	foxf1	21	382.4663955790146				
baseline	24	data/2026-02-27-magnet-print(FOXF1 cells)/day5 after fix and stain (647PAX8)/24.czi	foxf1	22	400.25553025710826				
baseline	24	data/2026-02-27-magnet-print(FOXF1 cells)/day5 after fix and stain (647PAX8)/24.czi	foxf1	23	418.04466493520204				
baseline	24	data/2026-02-27-magnet-print(FOXF1 cells)/day5 after fix and stain (647PAX8)/24.czi	mesp2	0	8.894567339046851	0.5379465659208233	0.09055347524835257	0.08907600899351706	0.09257295959601092
baseline	24	data/2026-02-27-magnet-print(FOXF1 cells)/day5 after fix and stain (647PAX8)/24.czi	mesp2	1	26.683702017140554	0.5426877900323872	0.09923758132376484	0.09745046736467551	0.10501851216903926
baseline	24	data/2026-02-27-magnet-print(FOXF1 cells)/day5 after fix and stain (647PAX8)/24.czi	mesp2	2	44.47283669523426	0.5621233295265833	0.11218730305499512	0.10998029585201492	0.12161632456615884
baseline	24	data/2026-02-27-magnet-print(FOXF1 cells)/day5 after fix and stain (647PAX8)/24.czi	mesp2	3	62.26197137332796	0.5789649869662467	0.11459023247101549	0.11214836262080914	0.12446260828499278
baseline	24	data/2026-02-27-magnet-print(FOXF1 cells)/day5 after fix and stain (647PAX8)/24.czi	mesp2	4	80.05110605142167	0.5900784616242444	0.10985385620665179	0.10746183860254643	0.11813919084475329
baseline	24	data/2026-02-27-magnet-print(FOXF1 cells)/day5 after fix and stain (647PAX8)/24.czi	mesp2	5	97.84024072951536	0.6078837946786679	0.1007367660742826	0.09896289701632281	0.10451971704773272
baseline	24	data/2026-02-27-magnet-print(FOXF1 cells)/day5 after fix and stain (647PAX8)/24.czi	mesp2	6	115.62937540760907	0.6394344641879367	0.08219301603515987	0.0812775910568972	0.07894736333165417
baseline	24	data/2026-02-27-magnet-print(FOXF1 cells)/day5 after fix and stain (647PAX8)/24.czi	mesp2	7	133.41851008570276	0.6427609349468134	0.0591571985449791	0.05954019160436029	0.04972797702575771
baseline	24	data/2026-02-27-magnet-print(FOXF1 cells)/day5 after fix and stain (647PAX8)/24.czi	mesp2	8	151.20764476379648	0.5609382589670603	0.0383815332628811	0.040504665738305703	0.027833903848231235
baseline	24	data/2026-02-27-magnet-print(FOXF1 cells)/day5 after fix and stain (647PAX8)/24.czi	mesp2	9	168.99677944189017	0.4601211959989339	0.024474314916263243	0.02779636369827445	0.015558958553220613
baseline	24	data/2026-02-27-magnet-print(FOXF1 cells)/day5 after fix and stain (647PAX8)/24.czi	mesp2	10	186.7859141199839	0.31327657427522326	0.01210584163066781	0.016112028846414488	0.006251326742270979
baseline	24	data/2026-02-27-magnet-print(FOXF1 cells)/day5 after fix and stain (647PAX8)/24.czi	mesp2	11	204.57504879807757	0.053483818692140785	0.0013587313006118203	0.005268224535679639	0.00038735033663285653
baseline	24	data/2026-02-27-magnet-print(FOXF1 cells)/day5 after fix and stain (647PAX8)/24.czi	mesp2	12	222.3641834761713	7.087811355888248e-05	8.011619883186506e-07	0.0006438409275842268	4.857149453737156e-08
baseline	24	data/2026-02-27-magnet-print(FOXF1 cells)/day5 after fix and stain (647PAX8)/24.czi	mesp2	13	240.15331815426498	0.0	0.0	0.00010898821380788507	0.0
baseline	24	data/2026-02-27-magnet-print(FOXF1 cells)/day5 after fix and stain (647PAX8)/24.czi	mesp2	14	257.9424528323587	0.0	0.0	-0.00020241049391401408	0.0
baseline	24	data/2026-02-27-magnet-print(FOXF1 cells)/day5 after fix and stain (647PAX8)/24.czi	mesp2	15	275.7315875104524	0.0	0.0	-0.00044329169654105667	0.0
baseline	24	data/2026-02-27-magnet-print(FOXF1 cells)/day5 after fix and stain (647PAX8)/24.czi	mesp2	16	293.5207221885461	0.0	0.0	-0.00027095721976049626	0.0
baseline	24	data/2026-02-27-magnet-print(FOXF1 cells)/day5 after fix and stain (647PAX8)/24.czi	mesp2	17	311.30985686663985	0.0	0.0	-0.00020057408546270182	0.0
baseline	24	data/2026-02-27-magnet-print(FOXF1 cells)/day5 after fix and stain (647PAX8)/24.czi	mesp2	18	329.0989915447335	0.0	0.0	-0.00013785494191479838	0.0
baseline	24	data/2026-02-27-magnet-print(FOXF1 cells)/day5 after fix and stain (647PAX8)/24.czi	mesp2	19	346.88812622282717		0.0	-6.17573343057161e-06	0.0
baseline	24	data/2026-02-27-magnet-print(FOXF1 cells)/day5 after fix and stain (647PAX8)/24.czi	mesp2	20	364.67726090092094				
baseline	24	data/2026-02-27-magnet-print(FOXF1 cells)/day5 after fix and stain (647PAX8)/24.czi	mesp2	21	382.4663955790146				
baseline	24	data/2026-02-27-magnet-print(FOXF1 cells)/day5 after fix and stain (647PAX8)/24.czi	mesp2	22	400.25553025710826				
baseline	24	data/2026-02-27-magnet-print(FOXF1 cells)/day5 after fix and stain (647PAX8)/24.czi	mesp2	23	418.04466493520204				
baseline	24	data/2026-02-27-magnet-print(FOXF1 cells)/day5 after fix and stain (647PAX8)/24.czi	pax8	0	8.894567339046851	0.074629668436225	0.014691967844668504	0.059592972683660955	0.006717513740173763
baseline	24	data/2026-02-27-magnet-print(FOXF1 cells)/day5 after fix and stain (647PAX8)/24.czi	pax8	1	26.683702017140554	0.07944044671446576	0.016145801072107932	0.0590715348120674	0.009644275141247542
baseline	24	data/2026-02-27-magnet-print(FOXF1 cells)/day5 after fix and stain (647PAX8)/24.czi	pax8	2	44.47283669523426	0.11300665466246698	0.02341166690384133	0.06200287175037972	0.015102164336649033
baseline	24	data/2026-02-27-magnet-print(FOXF1 cells)/day5 after fix and stain (647PAX8)/24.czi	pax8	3	62.26197137332796	0.20798045519279057	0.04167382746489125	0.06503067104822165	0.024119954860481595
baseline	24	data/2026-02-27-magnet-print(FOXF1 cells)/day5 after fix and stain (647PAX8)/24.czi	pax8	4	80.05110605142167	0.31624233083434106	0.06297055466159626	0.0684668488482599	0.04012795694554881
baseline	24	data/2026-02-27-magnet-print(FOXF1 cells)/day5 after fix and stain (647PAX8)/24.czi	pax8	5	97.84024072951536	0.3982516699600232	0.08562556708367546	0.07564409051402002	0.07066177803087481
baseline	24	data/2026-02-27-magnet-print(FOXF1 cells)/day5 after fix and stain (647PAX8)/24.czi	pax8	6	115.62937540760907	0.4755725574107197	0.10398460716615081	0.07955534115581722	0.10192558289886972
baseline	24	data/2026-02-27-magnet-print(FOXF1 cells)/day5 after fix and stain (647PAX8)/24.czi	pax8	7	133.41851008570276	0.547258765720953	0.11790971821053345	0.08147923067741797	0.13152098280738095
baseline	24	data/2026-02-27-magnet-print(FOXF1 cells)/day5 after fix and stain (647PAX8)/24.czi	pax8	8	151.20764476379648	0.6033344735454503	0.1254809130324368	0.08159669118433202	0.15712312534530273
baseline	24	data/2026-02-27-magnet-print(FOXF1 cells)/day5 after fix and stain (647PAX8)/24.czi	pax8	9	168.99677944189017	0.6427867054501929	0.1197005720814645	0.07663440082022462	0.15181898330156976
baseline	24	data/2026-02-27-magnet-print(FOXF1 cells)/day5 after fix and stain (647PAX8)/24.czi	pax8	10	186.7859141199839	0.6307558281196065	0.09399201517906176	0.0615669822020803	0.10516290253119603
baseline	24	data/2026-02-27-magnet-print(FOXF1 cells)/day5 after fix and stain (647PAX8)/24.czi	pax8	11	204.57504879807757	0.3205191930069429	0.03531091673875	0.03576879197711909	0.026846156887429935
baseline	24	data/2026-02-27-magnet-print(FOXF1 cells)/day5 after fix and stain (647PAX8)/24.czi	pax8	12	222.3641834761713	0.09442418877253884	0.005484731222881843	0.015168583753776235	0.0024193662849154533
baseline	24	data/2026-02-27-magnet-print(FOXF1 cells)/day5 after fix and stain (647PAX8)/24.czi	pax8	13	240.15331815426498	0.0003773980562842397	1.6621409602181947e-05	0.008414440637398792	2.5731520114360567e-06
baseline	24	data/2026-02-27-magnet-print(FOXF1 cells)/day5 after fix and stain (647PAX8)/24.czi	pax8	14	257.9424528323587	0.0	0.0	0.005700705956713422	0.0
baseline	24	data/2026-02-27-magnet-print(FOXF1 cells)/day5 after fix and stain (647PAX8)/24.czi	pax8	15	275.7315875104524	0.0	0.0	0.0042809982044414805	0.0
baseline	24	data/2026-02-27-magnet-print(FOXF1 cells)/day5 after fix and stain (647PAX8)/24.czi	pax8	16	293.5207221885461	0.0	0.0	0.003317372167712714	0.0
baseline	24	data/2026-02-27-magnet-print(FOXF1 cells)/day5 after fix and stain (647PAX8)/24.czi	pax8	17	311.30985686663985	0.0	0.0	0.0020339095860363483	0.0
baseline	24	data/2026-02-27-magnet-print(FOXF1 cells)/day5 after fix and stain (647PAX8)/24.czi	pax8	18	329.0989915447335	0.0	0.0	0.0006508208014157353	0.0
baseline	24	data/2026-02-27-magnet-print(FOXF1 cells)/day5 after fix and stain (647PAX8)/24.czi	pax8	19	346.88812622282717		0.0	1.289694711691384e-05	0.0
baseline	24	data/2026-02-27-magnet-print(FOXF1 cells)/day5 after fix and stain (647PAX8)/24.czi	pax8	20	364.67726090092094				
baseline	24	data/2026-02-27-magnet-print(FOXF1 cells)/day5 after fix and stain (647PAX8)/24.czi	pax8	21	382.4663955790146				
baseline	24	data/2026-02-27-magnet-print(FOXF1 cells)/day5 after fix and stain (647PAX8)/24.czi	pax8	22	400.25553025710826				
baseline	24	data/2026-02-27-magnet-print(FOXF1 cells)/day5 after fix and stain (647PAX8)/24.czi	pax8	23	418.04466493520204				
baseline	25	data/2026-02-27-magnet-print(FOXF1 cells)/day5 after fix and stain (647PAX8)/25.czi	foxf1	0	8.894567339046851	0.20506406576914837	0.008225763427028814	0.021568250756256662	0.0010229218785364788
baseline	25	data/2026-02-27-magnet-print(FOXF1 cells)/day5 after fix and stain (647PAX8)/25.czi	foxf1	1	26.683702017140554	0.2811649480624899	0.011774824270735942	0.022352188352916358	0.0019652524297878583
baseline	25	data/2026-02-27-magnet-print(FOXF1 cells)/day5 after fix and stain (647PAX8)/25.czi	foxf1	2	44.47283669523426	0.3476297478175607	0.017140811481753206	0.02482613162981141	0.005742636651991501
baseline	25	data/2026-02-27-magnet-print(FOXF1 cells)/day5 after fix and stain (647PAX8)/25.czi	foxf1	3	62.26197137332796	0.37509665188941244	0.024163544009281945	0.030095736532357177	0.01410147298563223
baseline	25	data/2026-02-27-magnet-print(FOXF1 cells)/day5 after fix and stain (647PAX8)/25.czi	foxf1	4	80.05110605142167	0.4023226545096373	0.03420332099195654	0.038368417477252045	0.026580891305744727
baseline	25	data/2026-02-27-magnet-print(FOXF1 cells)/day5 after fix and stain (647PAX8)/25.czi	foxf1	5	97.84024072951536	0.41586499648209796	0.04363246156067755	0.04608523438554374	0.03975933292124522
baseline	25	data/2026-02-27-magnet-print(FOXF1 cells)/day5 after fix and stain (647PAX8)/25.czi	foxf1	6	115.62937540760907	0.4602274229793204	0.052603350252678524	0.053098661680856196	0.05089672082210027
baseline	25	data/2026-02-27-magnet-print(FOXF1 cells)/day5 after fix and stain (647PAX8)/25.czi	foxf1	7	133.41851008570276	0.5025885659148809	0.05782848421357766	0.056880041251808566	0.05815580622756505
baseline	25	data/2026-02-27-magnet-print(FOXF1 cells)/day5 after fix and stain (647PAX8)/25.czi	foxf1	8	151.20764476379648	0.5834423242666323	0.06081053519786902	0.05831303607021324	0.0615882039671115
baseline	25	data/2026-02-27-magnet-print(FOXF1 cells)/day5 after fix and stain (647PAX8)/25.czi	foxf1	9	168.99677944189017	0.6922200008100581	0.06844731524337377	0.06401759100789738	0.0713667890438459
baseline	25	data/2026-02-27-magnet-print(FOXF1 cells)/day5 after fix and stain (647PAX8)/25.czi	foxf1	10	186.7859141199839	0.8288414882270656	0.07392323909141901	0.06847335849074766	0.07920192746927097
baseline	25	data/2026-02-27-magnet-print(FOXF1 cells)/day5 after fix and stain (647PAX8)/25.czi	foxf1	11	204.57504879807757	0.8636209607619864	0.07552279516319774	0.06986195512144058	0.08226658615688157
baseline	25	data/2026-02-27-magnet-print(FOXF1 cells)/day5 after fix and stain (647PAX8)/25.czi	foxf1	12	222.3641834761713	0.8769524864772875	0.07696234313777364	0.07102148927487593	0.08501354052702641
baseline	25	data/2026-02-27-magnet-print(FOXF1 cells)/day5 after fix and stain (647PAX8)/25.czi	foxf1	13	240.15331815426498	0.8713836798425478	0.07275606300458509	0.06714546873011502	0.08132120857256125
baseline	25	data/2026-02-27-magnet-print(FOXF1 cells)/day5 after fix and stain (647PAX8)/25.czi	foxf1	14	257.9424528323587	0.9275140126430264	0.064943718257671	0.05961869168699124	0.07358527096923384
baseline	25	data/2026-02-27-magnet-print(FOXF1 cells)/day5 after fix and stain (647PAX8)/25.czi	foxf1	15	275.7315875104524	0.9761896755951139	0.05573580527336373	0.0509001759332185	0.06391060432710421
baseline	25	data/2026-02-27-magnet-print(FOXF1 cells)/day5 after fix and stain (647PAX8)/25.czi	foxf1	16	293.5207221885461	0.9693700875589847	0.037417057075678	0.03421590375957922	0.04121220149960053
baseline	25	data/2026-02-27-magnet-print(FOXF1 cells)/day5 after fix and stain (647PAX8)/25.czi	foxf1	17	311.30985686663985	0.8794420080711686	0.010045345693622379	0.009340417481146234	0.00907214583787928
baseline	25	data/2026-02-27-magnet-print(FOXF1 cells)/day5 after fix and stain (647PAX8)/25.czi	foxf1	18	329.0989915447335		0.00026096939434056454	0.0002689181632133632	0.00015610703258396585
baseline	25	data/2026-02-27-magnet-print(FOXF1 cells)/day5 after fix and stain (647PAX8)/25.czi	foxf1	19	346.88812622282717		0.0	0.0	0.0
baseline	25	data/2026-02-27-magnet-print(FOXF1 cells)/day5 after fix and stain (647PAX8)/25.czi	foxf1	20	364.67726090092094				
baseline	25	data/2026-02-27-magnet-print(FOXF1 cells)/day5 after fix and stain (647PAX8)/25.czi	foxf1	21	382.4663955790146				
baseline	25	data/2026-02-27-magnet-print(FOXF1 cells)/day5 after fix and stain (647PAX8)/25.czi	foxf1	22	400.25553025710826				
baseline	25	data/2026-02-27-magnet-print(FOXF1 cells)/day5 after fix and stain (647PAX8)/25.czi	foxf1	23	418.04466493520204				
baseline	25	data/2026-02-27-magnet-print(FOXF1 cells)/day5 after fix and stain (647PAX8)/25.czi	mesp2	0	8.894567339046851	0.5819207908886289	0.0937790184959597	0.09124815134128825	0.09465916012162584
baseline	25	data/2026-02-27-magnet-print(FOXF1 cells)/day5 after fix and stain (647PAX8)/25.czi	mesp2	1	26.683702017140554	0.5795680801696297	0.09325300741942451	0.09092891108187871	0.0942279017322089
baseline	25	data/2026-02-27-magnet-print(FOXF1 cells)/day5 after fix and stain (647PAX8)/25.czi	mesp2	2	44.47283669523426	0.5804961014002807	0.09748398224151372	0.09485208246225339	0.10037852977121954
baseline	25	data/2026-02-27-magnet-print(FOXF1 cells)/day5 after fix and stain (647PAX8)/25.czi	mesp2	3	62.26197137332796	0.578070137924884	0.09710254192428873	0.09451497835405576	0.10067209572179889
baseline	25	data/2026-02-27-magnet-print(FOXF1 cells)/day5 after fix and stain (647PAX8)/25.czi	mesp2	4	80.05110605142167	0.5760770106675268	0.09524152214393664	0.09267249963966796	0.09859377729407941
baseline	25	data/2026-02-27-magnet-print(FOXF1 cells)/day5 after fix and stain (647PAX8)/25.czi	mesp2	5	97.84024072951536	0.5598066398672239	0.08481856007538209	0.08290186651008563	0.08674848436915412
baseline	25	data/2026-02-27-magnet-print(FOXF1 cells)/day5 after fix and stain (647PAX8)/25.czi	mesp2	6	115.62937540760907	0.568808396566542	0.07696560587908403	0.07573972442661038	0.07682128934921487
baseline	25	data/2026-02-27-magnet-print(FOXF1 cells)/day5 after fix and stain (647PAX8)/25.czi	mesp2	7	133.41851008570276	0.6080248339509869	0.06857649955016284	0.06761952597210767	0.0660435050535147
baseline	25	data/2026-02-27-magnet-print(FOXF1 cells)/day5 after fix and stain (647PAX8)/25.czi	mesp2	8	151.20764476379648	0.6335387697285819	0.06046113319774494	0.06029709313440137	0.05709575924685916
baseline	25	data/2026-02-27-magnet-print(FOXF1 cells)/day5 after fix and stain (647PAX8)/25.czi	mesp2	9	168.99677944189017	0.5001777698801735	0.03385495128416759	0.03691463024574537	0.028883016343552486
baseline	25	data/2026-02-27-magnet-print(FOXF1 cells)/day5 after fix and stain (647PAX8)/25.czi	mesp2	10	186.7859141199839	0.22320910586515985	0.012597541809612426	0.018474577533755483	0.010833468849113001
baseline	25	data/2026-02-27-magnet-print(FOXF1 cells)/day5 after fix and stain (647PAX8)/25.czi	mesp2	11	204.57504879807757	0.09829683590883459	0.007510891261953377	0.011931061236222455	0.007649617918175894
baseline	25	data/2026-02-27-magnet-print(FOXF1 cells)/day5 after fix and stain (647PAX8)/25.czi	mesp2	12	222.3641834761713	0.09251435502871046	0.006853293876217267	0.009369394653103172	0.0070090047429531965
baseline	25	data/2026-02-27-magnet-print(FOXF1 cells)/day5 after fix and stain (647PAX8)/25.czi	mesp2	13	240.15331815426498	0.09648445084279901	0.006157081191601997	0.007210216320729769	0.006190596025554512
baseline	25	data/2026-02-27-magnet-print(FOXF1 cells)/day5 after fix and stain (647PAX8)/25.czi	mesp2	14	257.9424528323587	0.11191236997944852	0.005289687696150383	0.005548902749294531	0.005198770765605775
baseline	25	data/2026-02-27-magnet-print(FOXF1 cells)/day5 after fix and stain (647PAX8)/25.czi	mesp2	15	275.7315875104524	0.10471469726462145	0.0025634213693295693	0.002744179110379295	0.002021906963112618
baseline	25	data/2026-02-27-magnet-print(FOXF1 cells)/day5 after fix and stain (647PAX8)/25.czi	mesp2	16	293.5207221885461	0.03669985730074191	0.00035138476925047196	0.0005723121159489874	7.752209882147536e-05
baseline	25	data/2026-02-27-magnet-print(FOXF1 cells)/day5 after fix and stain (647PAX8)/25.czi	mesp2	17	311.30985686663985	0.0	0.0	-0.0002181071910805499	1.1852951290916107e-08
baseline	25	data/2026-02-27-magnet-print(FOXF1 cells)/day5 after fix and stain (647PAX8)/25.czi	mesp2	18	329.0989915447335		0.0	-1.482726040533067e-05	0.0
baseline	25	data/2026-02-27-magnet-print(FOXF1 cells)/day5 after fix and stain (647PAX8)/25.czi	mesp2	19	346.88812622282717		0.0	0.0	0.0
baseline	25	data/2026-02-27-magnet-print(FOXF1 cells)/day5 after fix and stain (647PAX8)/25.czi	mesp2	20	364.67726090092094				
baseline	25	data/2026-02-27-magnet-print(FOXF1 cells)/day5 after fix and stain (647PAX8)/25.czi	mesp2	21	382.4663955790146				
baseline	25	data/2026-02-27-magnet-print(FOXF1 cells)/day5 after fix and stain (647PAX8)/25.czi	mesp2	22	400.25553025710826				
baseline	25	data/2026-02-27-magnet-print(FOXF1 cells)/day5 after fix and stain (647PAX8)/25.czi	mesp2	23	418.04466493520204				
baseline	25	data/2026-02-27-magnet-print(FOXF1 cells)/day5 after fix and stain (647PAX8)/25.czi	pax8	0	8.894567339046851	0.34501488784586604	0.06366021425265828	0.06866549122586749	0.0533890519074919
baseline	25	data/2026-02-27-magnet-print(FOXF1 cells)/day5 after fix and stain (647PAX8)/25.czi	pax8	1	26.683702017140554	0.28959583534215116	0.0528313937569224	0.06576517414936478	0.04316695774941074
baseline	25	data/2026-02-27-magnet-print(FOXF1 cells)/day5 after fix and stain (647PAX8)/25.czi	pax8	2	44.47283669523426	0.24954023223238866	0.04522169901158153	0.063333439222303	0.03752378800717425
baseline	25	data/2026-02-27-magnet-print(FOXF1 cells)/day5 after fix and stain (647PAX8)/25.czi	pax8	3	62.26197137332796	0.25204359022809075	0.04506106701931213	0.06261128949310805	0.03833233306705965
baseline	25	data/2026-02-27-magnet-print(FOXF1 cells)/day5 after fix and stain (647PAX8)/25.czi	pax8	4	80.05110605142167	0.2697257105519405	0.0495970826968968	0.06431345416914394	0.04740206124360453
baseline	25	data/2026-02-27-magnet-print(FOXF1 cells)/day5 after fix and stain (647PAX8)/25.czi	pax8	5	97.84024072951536	0.30773074218957946	0.05765819547623997	0.06639842163514068	0.06493350624114638
baseline	25	data/2026-02-27-magnet-print(FOXF1 cells)/day5 after fix and stain (647PAX8)/25.czi	pax8	6	115.62937540760907	0.4023517687089109	0.07134698419219748	0.06859369387996847	0.07920197619519467
baseline	25	data/2026-02-27-magnet-print(FOXF1 cells)/day5 after fix and stain (647PAX8)/25.czi	pax8	7	133.41851008570276	0.5038053594555223	0.08197477997142913	0.06882410092981954	0.09289466829458992
baseline	25	data/2026-02-27-magnet-print(FOXF1 cells)/day5 after fix and stain (647PAX8)/25.czi	pax8	8	151.20764476379648	0.6186843978392291	0.08698221009368816	0.06538264084441243	0.09220809203934231
baseline	25	data/2026-02-27-magnet-print(FOXF1 cells)/day5 after fix and stain (647PAX8)/25.czi	pax8	9	168.99677944189017	0.7276457479317026	0.0897778970807796	0.06048980643816474	0.09637895490573826
baseline	25	data/2026-02-27-magnet-print(FOXF1 cells)/day5 after fix and stain (647PAX8)/25.czi	pax8	10	186.7859141199839	0.8574531915176372	0.08643201372087964	0.054860103363683764	0.09110322284161192
baseline	25	data/2026-02-27-magnet-print(FOXF1 cells)/day5 after fix and stain (647PAX8)/25.czi	pax8	11	204.57504879807757	0.7882705972410825	0.07123067606139648	0.048744288276400295	0.06961624248568597
baseline	25	data/2026-02-27-magnet-print(FOXF1 cells)/day5 after fix and stain (647PAX8)/25.czi	pax8	12	222.3641834761713	0.43373586917602847	0.03770823221559214	0.03793392515677439	0.036842198116966186
baseline	25	data/2026-02-27-magnet-print(FOXF1 cells)/day5 after fix and stain (647PAX8)/25.czi	pax8	13	240.15331815426498	0.11525300422601721	0.008327040669561794	0.022201500696726287	0.005595783761872613
baseline	25	data/2026-02-27-magnet-print(FOXF1 cells)/day5 after fix and stain (647PAX8)/25.czi	pax8	14	257.9424528323587	0.0028001174517049317	0.00016330380411536203	0.012032271260596486	3.630082235595719e-05
baseline	25	data/2026-02-27-magnet-print(FOXF1 cells)/day5 after fix and stain (647PAX8)/25.czi	pax8	15	275.7315875104524	0.0	0.0	0.00779606318819874	0.0
baseline	25	data/2026-02-27-magnet-print(FOXF1 cells)/day5 after fix and stain (647PAX8)/25.czi	pax8	16	293.5207221885461	0.0	0.0	0.005615671024914042	0.0
baseline	25	data/2026-02-27-magnet-print(FOXF1 cells)/day5 after fix and stain (647PAX8)/25.czi	pax8	17	311.30985686663985	0.0	0.0	0.0022185680729462603	0.0
baseline	25	data/2026-02-27-magnet-print(FOXF1 cells)/day5 after fix and stain (647PAX8)/25.czi	pax8	18	329.0989915447335		0.0	7.197348818254389e-05	0.0
baseline	25	data/2026-02-27-magnet-print(FOXF1 cells)/day5 after fix and stain (647PAX8)/25.czi	pax8	19	346.88812622282717		0.0	0.0	0.0
baseline	25	data/2026-02-27-magnet-print(FOXF1 cells)/day5 after fix and stain (647PAX8)/25.czi	pax8	20	364.67726090092094				
baseline	25	data/2026-02-27-magnet-print(FOXF1 cells)/day5 after fix and stain (647PAX8)/25.czi	pax8	21	382.4663955790146				
baseline	25	data/2026-02-27-magnet-print(FOXF1 cells)/day5 after fix and stain (647PAX8)/25.czi	pax8	22	400.25553025710826				
baseline	25	data/2026-02-27-magnet-print(FOXF1 cells)/day5 after fix and stain (647PAX8)/25.czi	pax8	23	418.04466493520204				
baseline	26	data/2026-02-27-magnet-print(FOXF1 cells)/day5 after fix and stain (647PAX8)/26.czi	foxf1	0	8.894567339046851	0.5706378212843559	0.02662673535754049	0.03296846589110772	0.006890093643636696
baseline	26	data/2026-02-27-magnet-print(FOXF1 cells)/day5 after fix and stain (647PAX8)/26.czi	foxf1	1	26.683702017140554	0.6119880779662156	0.030758136517256354	0.03563961830063593	0.011099905881360192
baseline	26	data/2026-02-27-magnet-print(FOXF1 cells)/day5 after fix and stain (647PAX8)/26.czi	foxf1	2	44.47283669523426	0.653524404582473	0.03807147177592191	0.041301970317253606	0.019846102982469093
baseline	26	data/2026-02-27-magnet-print(FOXF1 cells)/day5 after fix and stain (647PAX8)/26.czi	foxf1	3	62.26197137332796	0.6636940349152388	0.046984850170761296	0.04918084971403523	0.03316660965590017
baseline	26	data/2026-02-27-magnet-print(FOXF1 cells)/day5 after fix and stain (647PAX8)/26.czi	foxf1	4	80.05110605142167	0.679806611344134	0.05661135888204569	0.05750109767865097	0.04795702474782146
baseline	26	data/2026-02-27-magnet-print(FOXF1 cells)/day5 after fix and stain (647PAX8)/26.czi	foxf1	5	97.84024072951536	0.6955627859398527	0.06586531101051236	0.06556137604945556	0.06253706003217151
baseline	26	data/2026-02-27-magnet-print(FOXF1 cells)/day5 after fix and stain (647PAX8)/26.czi	foxf1	6	115.62937540760907	0.6977118798133944	0.07268828815761055	0.07157910757098195	0.07441822838743709
baseline	26	data/2026-02-27-magnet-print(FOXF1 cells)/day5 after fix and stain (647PAX8)/26.czi	foxf1	7	133.41851008570276	0.7008572191064467	0.07603939452892572	0.07432020716953985	0.08120234115800558
baseline	26	data/2026-02-27-magnet-print(FOXF1 cells)/day5 after fix and stain (647PAX8)/26.czi	foxf1	8	151.20764476379648	0.7058033832535529	0.07794933441019743	0.07573714974852322	0.08595711697205585
baseline	26	data/2026-02-27-magnet-print(FOXF1 cells)/day5 after fix and stain (647PAX8)/26.czi	foxf1	9	168.99677944189017	0.6765990177745053	0.07557443886383498	0.07348941715069	0.08630666926273789
baseline	26	data/2026-02-27-magnet-print(FOXF1 cells)/day5 after fix and stain (647PAX8)/26.czi	foxf1	10	186.7859141199839	0.6962605464302792	0.07182014848469706	0.06946475040423482	0.08363204421383358
baseline	26	data/2026-02-27-magnet-print(FOXF1 cells)/day5 after fix and stain (647PAX8)/26.czi	foxf1	11	204.57504879807757	0.6677555066954247	0.06786114305041331	0.06619828234381034	0.08223054836014801
baseline	26	data/2026-02-27-magnet-print(FOXF1 cells)/day5 after fix and stain (647PAX8)/26.czi	foxf1	12	222.3641834761713	0.6275739951490159	0.057213228098262105	0.055597611979263564	0.07056759377803533
baseline	26	data/2026-02-27-magnet-print(FOXF1 cells)/day5 after fix and stain (647PAX8)/26.czi	foxf1	13	240.15331815426498	0.7253455220914249	0.04236709215291969	0.04051117055851956	0.053180543325974466
baseline	26	data/2026-02-27-magnet-print(FOXF1 cells)/day5 after fix and stain (647PAX8)/26.czi	foxf1	14	257.9424528323587	0.9327850951873294	0.026212113768337653	0.02446359970251806	0.032628908405243046
baseline	26	data/2026-02-27-magnet-print(FOXF1 cells)/day5 after fix and stain (647PAX8)/26.czi	foxf1	15	275.7315875104524	0.947103953027717	0.010887800364918768	0.010182435681881083	0.012055208840222048
baseline	26	data/2026-02-27-magnet-print(FOXF1 cells)/day5 after fix and stain (647PAX8)/26.czi	foxf1	16	293.5207221885461		0.0008330718005599045	0.000810020819216592	0.0005571905984680227
baseline	26	data/2026-02-27-magnet-print(FOXF1 cells)/day5 after fix and stain (647PAX8)/26.czi	foxf1	17	311.30985686663985		0.0	0.0	0.0
baseline	26	data/2026-02-27-magnet-print(FOXF1 cells)/day5 after fix and stain (647PAX8)/26.czi	foxf1	18	329.0989915447335		0.0	0.0	0.0
baseline	26	data/2026-02-27-magnet-print(FOXF1 cells)/day5 after fix and stain (647PAX8)/26.czi	foxf1	19	346.88812622282717		0.0	0.0	0.0
baseline	26	data/2026-02-27-magnet-print(FOXF1 cells)/day5 after fix and stain (647PAX8)/26.czi	foxf1	20	364.67726090092094				
baseline	26	data/2026-02-27-magnet-print(FOXF1 cells)/day5 after fix and stain (647PAX8)/26.czi	foxf1	21	382.4663955790146				
baseline	26	data/2026-02-27-magnet-print(FOXF1 cells)/day5 after fix and stain (647PAX8)/26.czi	foxf1	22	400.25553025710826				
baseline	26	data/2026-02-27-magnet-print(FOXF1 cells)/day5 after fix and stain (647PAX8)/26.czi	foxf1	23	418.04466493520204				
baseline	26	data/2026-02-27-magnet-print(FOXF1 cells)/day5 after fix and stain (647PAX8)/26.czi	mesp2	0	8.894567339046851	0.681894170090192	0.09390696567802224	0.09152122623707307	0.09516109075446838
baseline	26	data/2026-02-27-magnet-print(FOXF1 cells)/day5 after fix and stain (647PAX8)/26.czi	mesp2	1	26.683702017140554	0.6940092241471846	0.09578029099228223	0.09320362482423292	0.0974923653816042
baseline	26	data/2026-02-27-magnet-print(FOXF1 cells)/day5 after fix and stain (647PAX8)/26.czi	mesp2	2	44.47283669523426	0.7129077988032685	0.10069133753787433	0.09768747936754041	0.10356614682606617
baseline	26	data/2026-02-27-magnet-print(FOXF1 cells)/day5 after fix and stain (647PAX8)/26.czi	mesp2	3	62.26197137332796	0.7365363956359415	0.10208182307698846	0.09868157241843337	0.10495517736123822
baseline	26	data/2026-02-27-magnet-print(FOXF1 cells)/day5 after fix and stain (647PAX8)/26.czi	mesp2	4	80.05110605142167	0.7521475135930833	0.09874494555757722	0.095612933503612	0.10064662397425395
baseline	26	data/2026-02-27-magnet-print(FOXF1 cells)/day5 after fix and stain (647PAX8)/26.czi	mesp2	5	97.84024072951536	0.7715535074620099	0.09255880493069053	0.08984313258700583	0.09235944120073107
baseline	26	data/2026-02-27-magnet-print(FOXF1 cells)/day5 after fix and stain (647PAX8)/26.czi	mesp2	6	115.62937540760907	0.7320969263726858	0.07615922411494108	0.07532596616166254	0.07326605082393253
baseline	26	data/2026-02-27-magnet-print(FOXF1 cells)/day5 after fix and stain (647PAX8)/26.czi	mesp2	7	133.41851008570276	0.5786208441534685	0.05778939708508985	0.06036310155682042	0.05597027147309494
baseline	26	data/2026-02-27-magnet-print(FOXF1 cells)/day5 after fix and stain (647PAX8)/26.czi	mesp2	8	151.20764476379648	0.46406043526796903	0.04307015904410702	0.047182204392095424	0.04135380432393741
baseline	26	data/2026-02-27-magnet-print(FOXF1 cells)/day5 after fix and stain (647PAX8)/26.czi	mesp2	9	168.99677944189017	0.3399615879580742	0.03142714964030236	0.036316765755315845	0.03105617823020149
baseline	26	data/2026-02-27-magnet-print(FOXF1 cells)/day5 after fix and stain (647PAX8)/26.czi	mesp2	10	186.7859141199839	0.3154276635050699	0.025945887430060974	0.028921863640591954	0.025750007760688545
baseline	26	data/2026-02-27-magnet-print(FOXF1 cells)/day5 after fix and stain (647PAX8)/26.czi	mesp2	11	204.57504879807757	0.2865605848053873	0.017746356996723014	0.01969611817773	0.016578904642838625
baseline	26	data/2026-02-27-magnet-print(FOXF1 cells)/day5 after fix and stain (647PAX8)/26.czi	mesp2	12	222.3641834761713	0.20656887693444656	0.008958799789355857	0.010071057774776331	0.007482482644737642
baseline	26	data/2026-02-27-magnet-print(FOXF1 cells)/day5 after fix and stain (647PAX8)/26.czi	mesp2	13	240.15331815426498	0.07274098425920034	0.0015992592294562925	0.002056713031412266	0.0008314076342935162
baseline	26	data/2026-02-27-magnet-print(FOXF1 cells)/day5 after fix and stain (647PAX8)/26.czi	mesp2	14	257.9424528323587	0.003348809237217004	2.3727261707319964e-05	-2.7631934981536035e-05	3.5579396024397936e-06
baseline	26	data/2026-02-27-magnet-print(FOXF1 cells)/day5 after fix and stain (647PAX8)/26.czi	mesp2	15	275.7315875104524	0.0	0.0	-0.00018853630371199506	0.0
baseline	26	data/2026-02-27-magnet-print(FOXF1 cells)/day5 after fix and stain (647PAX8)/26.czi	mesp2	16	293.5207221885461		0.0	-6.109283108312288e-05	0.0
baseline	26	data/2026-02-27-magnet-print(FOXF1 cells)/day5 after fix and stain (647PAX8)/26.czi	mesp2	17	311.30985686663985		0.0	0.0	0.0
baseline	26	data/2026-02-27-magnet-print(FOXF1 cells)/day5 after fix and stain (647PAX8)/26.czi	mesp2	18	329.0989915447335		0.0	0.0	0.0
baseline	26	data/2026-02-27-magnet-print(FOXF1 cells)/day5 after fix and stain (647PAX8)/26.czi	mesp2	19	346.88812622282717		0.0	0.0	0.0
baseline	26	data/2026-02-27-magnet-print(FOXF1 cells)/day5 after fix and stain (647PAX8)/26.czi	mesp2	20	364.67726090092094				
baseline	26	data/2026-02-27-magnet-print(FOXF1 cells)/day5 after fix and stain (647PAX8)/26.czi	mesp2	21	382.4663955790146				
baseline	26	data/2026-02-27-magnet-print(FOXF1 cells)/day5 after fix and stain (647PAX8)/26.czi	mesp2	22	400.25553025710826				
baseline	26	data/2026-02-27-magnet-print(FOXF1 cells)/day5 after fix and stain (647PAX8)/26.czi	mesp2	23	418.04466493520204				
baseline	26	data/2026-02-27-magnet-print(FOXF1 cells)/day5 after fix and stain (647PAX8)/26.czi	pax8	0	8.894567339046851	0.04208552726872513	0.006733722653400218	0.052401228268353396	0.0014659635507443146
baseline	26	data/2026-02-27-magnet-print(FOXF1 cells)/day5 after fix and stain (647PAX8)/26.czi	pax8	1	26.683702017140554	0.07238370413430806	0.01257018231092487	0.05383650929202843	0.005395839421085203
baseline	26	data/2026-02-27-magnet-print(FOXF1 cells)/day5 after fix and stain (647PAX8)/26.czi	pax8	2	44.47283669523426	0.10693033657820085	0.019380719980891352	0.056385080720738376	0.010366362189713714
baseline	26	data/2026-02-27-magnet-print(FOXF1 cells)/day5 after fix and stain (647PAX8)/26.czi	pax8	3	62.26197137332796	0.1586351108666249	0.029029810092004064	0.05879131785178111	0.017149644934469337
baseline	26	data/2026-02-27-magnet-print(FOXF1 cells)/day5 after fix and stain (647PAX8)/26.czi	pax8	4	80.05110605142167	0.23938940466384823	0.04352310428792281	0.061459630678374184	0.027633716575152553
baseline	26	data/2026-02-27-magnet-print(FOXF1 cells)/day5 after fix and stain (647PAX8)/26.czi	pax8	5	97.84024072951536	0.34085302757749847	0.06275795914161417	0.06613164129643258	0.045384932859725974
baseline	26	data/2026-02-27-magnet-print(FOXF1 cells)/day5 after fix and stain (647PAX8)/26.czi	pax8	6	115.62937540760907	0.41996042648475657	0.08174838309841681	0.07165124033832349	0.07367069026382547
baseline	26	data/2026-02-27-magnet-print(FOXF1 cells)/day5 after fix and stain (647PAX8)/26.czi	pax8	7	133.41851008570276	0.4728740915647293	0.09407424801900244	0.07437390481503092	0.09620064101068049
baseline	26	data/2026-02-27-magnet-print(FOXF1 cells)/day5 after fix and stain (647PAX8)/26.czi	pax8	8	151.20764476379648	0.5429498400113842	0.1093179970453095	0.07783606570784216	0.12401426604498897
baseline	26	data/2026-02-27-magnet-print(FOXF1 cells)/day5 after fix and stain (647PAX8)/26.czi	pax8	9	168.99677944189017	0.6186579276033487	0.12070247682112753	0.07914433503697463	0.1461153464622196
baseline	26	data/2026-02-27-magnet-print(FOXF1 cells)/day5 after fix and stain (647PAX8)/26.czi	pax8	10	186.7859141199839	0.6868478648896607	0.11722382678351488	0.07304883919963752	0.14199120358627793
baseline	26	data/2026-02-27-magnet-print(FOXF1 cells)/day5 after fix and stain (647PAX8)/26.czi	pax8	11	204.57504879807757	0.6879078387703415	0.09854373586009557	0.061971259558197135	0.11513458858169813
baseline	26	data/2026-02-27-magnet-print(FOXF1 cells)/day5 after fix and stain (647PAX8)/26.czi	pax8	12	222.3641834761713	0.450525672263161	0.047059426631542806	0.037827317534200794	0.04239723149799303
baseline	26	data/2026-02-27-magnet-print(FOXF1 cells)/day5 after fix and stain (647PAX8)/26.czi	pax8	13	240.15331815426498	0.09490749913680524	0.006295825271229827	0.014824410938431985	0.002484911955612505
baseline	26	data/2026-02-27-magnet-print(FOXF1 cells)/day5 after fix and stain (647PAX8)/26.czi	pax8	14	257.9424528323587	0.0005700100829305254	1.5670197719260436e-05	0.004755386690497878	1.7982896638675694e-06
baseline	26	data/2026-02-27-magnet-print(FOXF1 cells)/day5 after fix and stain (647PAX8)/26.czi	pax8	15	275.7315875104524	0.0	0.0	0.0016944567306592727	0.0
baseline	26	data/2026-02-27-magnet-print(FOXF1 cells)/day5 after fix and stain (647PAX8)/26.czi	pax8	16	293.5207221885461		0.0	0.0001482125584576587	0.0
baseline	26	data/2026-02-27-magnet-print(FOXF1 cells)/day5 after fix and stain (647PAX8)/26.czi	pax8	17	311.30985686663985		0.0	0.0	0.0
baseline	26	data/2026-02-27-magnet-print(FOXF1 cells)/day5 after fix and stain (647PAX8)/26.czi	pax8	18	329.0989915447335		0.0	0.0	0.0
baseline	26	data/2026-02-27-magnet-print(FOXF1 cells)/day5 after fix and stain (647PAX8)/26.czi	pax8	19	346.88812622282717		0.0	0.0	0.0
baseline	26	data/2026-02-27-magnet-print(FOXF1 cells)/day5 after fix and stain (647PAX8)/26.czi	pax8	20	364.67726090092094				
baseline	26	data/2026-02-27-magnet-print(FOXF1 cells)/day5 after fix and stain (647PAX8)/26.czi	pax8	21	382.4663955790146				
baseline	26	data/2026-02-27-magnet-print(FOXF1 cells)/day5 after fix and stain (647PAX8)/26.czi	pax8	22	400.25553025710826				
baseline	26	data/2026-02-27-magnet-print(FOXF1 cells)/day5 after fix and stain (647PAX8)/26.czi	pax8	23	418.04466493520204				
baseline	27	data/2026-02-27-magnet-print(FOXF1 cells)/day5 after fix and stain (647PAX8)/27.czi	foxf1	0	8.894567339046851	0.4463386757777108	0.06921840647232903	0.07312388120142518	0.044720223370599096
baseline	27	data/2026-02-27-magnet-print(FOXF1 cells)/day5 after fix and stain (647PAX8)/27.czi	foxf1	1	26.683702017140554	0.4424970249073089	0.06986384378133373	0.07307499033454269	0.0470464421404362
baseline	27	data/2026-02-27-magnet-print(FOXF1 cells)/day5 after fix and stain (647PAX8)/27.czi	foxf1	2	44.47283669523426	0.40148984279936445	0.06946242040293388	0.07378724343652396	0.05332899424741128
baseline	27	data/2026-02-27-magnet-print(FOXF1 cells)/day5 after fix and stain (647PAX8)/27.czi	foxf1	3	62.26197137332796	0.3168818725503265	0.07016852026567831	0.07722189035686895	0.06655405148416987
baseline	27	data/2026-02-27-magnet-print(FOXF1 cells)/day5 after fix and stain (647PAX8)/27.czi	foxf1	4	80.05110605142167	0.2775625863753202	0.07557840894225475	0.08143856731220607	0.08109928014609248
baseline	27	data/2026-02-27-magnet-print(FOXF1 cells)/day5 after fix and stain (647PAX8)/27.czi	foxf1	5	97.84024072951536	0.27634597689515084	0.08299904562900084	0.08523313617943172	0.09377849335377979
baseline	27	data/2026-02-27-magnet-print(FOXF1 cells)/day5 after fix and stain (647PAX8)/27.czi	foxf1	6	115.62937540760907	0.2817246261926533	0.08837403307050586	0.08712236120120068	0.10264522309682997
baseline	27	data/2026-02-27-magnet-print(FOXF1 cells)/day5 after fix and stain (647PAX8)/27.czi	foxf1	7	133.41851008570276	0.27818053461546843	0.08451509370614785	0.08143059520668966	0.09838694202671898
baseline	27	data/2026-02-27-magnet-print(FOXF1 cells)/day5 after fix and stain (647PAX8)/27.czi	foxf1	8	151.20764476379648	0.279359200571812	0.07740132058870847	0.07290611120946158	0.08863357391254414
baseline	27	data/2026-02-27-magnet-print(FOXF1 cells)/day5 after fix and stain (647PAX8)/27.czi	foxf1	9	168.99677944189017	0.28982041569301614	0.06479216592542479	0.05896726941231598	0.07199339630484469
baseline	27	data/2026-02-27-magnet-print(FOXF1 cells)/day5 after fix and stain (647PAX8)/27.czi	foxf1	10	186.7859141199839	0.42584099970268324	0.04823401981418755	0.04198118505978664	0.05180421035893802
baseline	27	data/2026-02-27-magnet-print(FOXF1 cells)/day5 after fix and stain (647PAX8)/27.czi	foxf1	11	204.57504879807757	0.6999283805474262	0.029339945907834605	0.025637535447294222	0.030456496391001724
baseline	27	data/2026-02-27-magnet-print(FOXF1 cells)/day5 after fix and stain (647PAX8)/27.czi	foxf1	12	222.3641834761713	0.8393214156748513	0.013566674994423426	0.01164717791140894	0.013690345905972946
baseline	27	data/2026-02-27-magnet-print(FOXF1 cells)/day5 after fix and stain (647PAX8)/27.czi	foxf1	13	240.15331815426498		0.0020732706802324367	0.0018540262479805221	0.0015857806317479478
baseline	27	data/2026-02-27-magnet-print(FOXF1 cells)/day5 after fix and stain (647PAX8)/27.czi	foxf1	14	257.9424528323587		0.0	0.0	0.0
baseline	27	data/2026-02-27-magnet-print(FOXF1 cells)/day5 after fix and stain (647PAX8)/27.czi	foxf1	15	275.7315875104524		0.0	0.0	0.0
baseline	27	data/2026-02-27-magnet-print(FOXF1 cells)/day5 after fix and stain (647PAX8)/27.czi	foxf1	16	293.5207221885461		0.0	0.0	0.0
baseline	27	data/2026-02-27-magnet-print(FOXF1 cells)/day5 after fix and stain (647PAX8)/27.czi	foxf1	17	311.30985686663985		0.0	0.0	0.0
baseline	27	data/2026-02-27-magnet-print(FOXF1 cells)/day5 after fix and stain (647PAX8)/27.czi	foxf1	18	329.0989915447335		0.0	0.0	0.0
baseline	27	data/2026-02-27-magnet-print(FOXF1 cells)/day5 after fix and stain (647PAX8)/27.czi	foxf1	19	346.88812622282717		0.0	0.0	0.0
baseline	27	data/2026-02-27-magnet-print(FOXF1 cells)/day5 after fix and stain (647PAX8)/27.czi	foxf1	20	364.67726090092094				
baseline	27	data/2026-02-27-magnet-print(FOXF1 cells)/day5 after fix and stain (647PAX8)/27.czi	foxf1	21	382.4663955790146				
baseline	27	data/2026-02-27-magnet-print(FOXF1 cells)/day5 after fix and stain (647PAX8)/27.czi	foxf1	22	400.25553025710826				
baseline	27	data/2026-02-27-magnet-print(FOXF1 cells)/day5 after fix and stain (647PAX8)/27.czi	foxf1	23	418.04466493520204				
baseline	27	data/2026-02-27-magnet-print(FOXF1 cells)/day5 after fix and stain (647PAX8)/27.czi	mesp2	0	8.894567339046851	0.46522301733031535	0.1597961372053001	0.1589915098159539	0.1759019054440459
baseline	27	data/2026-02-27-magnet-print(FOXF1 cells)/day5 after fix and stain (647PAX8)/27.czi	mesp2	1	26.683702017140554	0.4612098106480325	0.14714788182081498	0.1462147077093856	0.15981770694233435
baseline	27	data/2026-02-27-magnet-print(FOXF1 cells)/day5 after fix and stain (647PAX8)/27.czi	mesp2	2	44.47283669523426	0.4428252108674332	0.12928526504210425	0.12869854632888267	0.13794100922971383
baseline	27	data/2026-02-27-magnet-print(FOXF1 cells)/day5 after fix and stain (647PAX8)/27.czi	mesp2	3	62.26197137332796	0.4231749795844968	0.11149486123850802	0.11091493712926047	0.11612058055953751
baseline	27	data/2026-02-27-magnet-print(FOXF1 cells)/day5 after fix and stain (647PAX8)/27.czi	mesp2	4	80.05110605142167	0.4217775975415491	0.09361005268733948	0.09260158204429597	0.09339946832885895
baseline	27	data/2026-02-27-magnet-print(FOXF1 cells)/day5 after fix and stain (647PAX8)/27.czi	mesp2	5	97.84024072951536	0.4180022306269949	0.07433080280301071	0.07318116958707002	0.06897360737057846
baseline	27	data/2026-02-27-magnet-print(FOXF1 cells)/day5 after fix and stain (647PAX8)/27.czi	mesp2	6	115.62937540760907	0.3994036125355496	0.05615681641294057	0.05568794685783901	0.047229953343432475
baseline	27	data/2026-02-27-magnet-print(FOXF1 cells)/day5 after fix and stain (647PAX8)/27.czi	mesp2	7	133.41851008570276	0.35681153888869627	0.03934400580441931	0.03961879330533913	0.028835006585591003
baseline	27	data/2026-02-27-magnet-print(FOXF1 cells)/day5 after fix and stain (647PAX8)/27.czi	mesp2	8	151.20764476379648	0.3040679097642834	0.02470346902909491	0.025903445838508933	0.014055481225394996
baseline	27	data/2026-02-27-magnet-print(FOXF1 cells)/day5 after fix and stain (647PAX8)/27.czi	mesp2	9	168.99677944189017	0.15529162835675092	0.008696319214236924	0.011430822412010044	0.0033048263417614753
baseline	27	data/2026-02-27-magnet-print(FOXF1 cells)/day5 after fix and stain (647PAX8)/27.czi	mesp2	10	186.7859141199839	0.020024879065585158	0.0006516324468653911	0.0020347350987006477	0.000169393661622869
baseline	27	data/2026-02-27-magnet-print(FOXF1 cells)/day5 after fix and stain (647PAX8)/27.czi	mesp2	11	204.57504879807757	0.0006327936902213833	7.201437993541773e-06	-2.880282066206961e-05	1.0245151728625033e-05
baseline	27	data/2026-02-27-magnet-print(FOXF1 cells)/day5 after fix and stain (647PAX8)/27.czi	mesp2	12	222.3641834761713	0.0	0.0	-0.00011863909015611414	0.0
baseline	27	data/2026-02-27-magnet-print(FOXF1 cells)/day5 after fix and stain (647PAX8)/27.czi	mesp2	13	240.15331815426498		0.0	-5.656446147831698e-05	0.0
baseline	27	data/2026-02-27-magnet-print(FOXF1 cells)/day5 after fix and stain (647PAX8)/27.czi	mesp2	14	257.9424528323587		0.0	0.0	0.0
baseline	27	data/2026-02-27-magnet-print(FOXF1 cells)/day5 after fix and stain (647PAX8)/27.czi	mesp2	15	275.7315875104524		0.0	0.0	0.0
baseline	27	data/2026-02-27-magnet-print(FOXF1 cells)/day5 after fix and stain (647PAX8)/27.czi	mesp2	16	293.5207221885461		0.0	0.0	0.0
baseline	27	data/2026-02-27-magnet-print(FOXF1 cells)/day5 after fix and stain (647PAX8)/27.czi	mesp2	17	311.30985686663985		0.0	0.0	0.0
baseline	27	data/2026-02-27-magnet-print(FOXF1 cells)/day5 after fix and stain (647PAX8)/27.czi	mesp2	18	329.0989915447335		0.0	0.0	0.0
baseline	27	data/2026-02-27-magnet-print(FOXF1 cells)/day5 after fix and stain (647PAX8)/27.czi	mesp2	19	346.88812622282717		0.0	0.0	0.0
baseline	27	data/2026-02-27-magnet-print(FOXF1 cells)/day5 after fix and stain (647PAX8)/27.czi	mesp2	20	364.67726090092094				
baseline	27	data/2026-02-27-magnet-print(FOXF1 cells)/day5 after fix and stain (647PAX8)/27.czi	mesp2	21	382.4663955790146				
baseline	27	data/2026-02-27-magnet-print(FOXF1 cells)/day5 after fix and stain (647PAX8)/27.czi	mesp2	22	400.25553025710826				
baseline	27	data/2026-02-27-magnet-print(FOXF1 cells)/day5 after fix and stain (647PAX8)/27.czi	mesp2	23	418.04466493520204				
baseline	27	data/2026-02-27-magnet-print(FOXF1 cells)/day5 after fix and stain (647PAX8)/27.czi	pax8	0	8.894567339046851	0.029483978778148387	0.017070422097155178	0.08292982214308206	0.00637450120019755
baseline	27	data/2026-02-27-magnet-print(FOXF1 cells)/day5 after fix and stain (647PAX8)/27.czi	pax8	1	26.683702017140554	0.03343135162020929	0.01918672888775216	0.08102752051242895	0.007076379966900525
baseline	27	data/2026-02-27-magnet-print(FOXF1 cells)/day5 after fix and stain (647PAX8)/27.czi	pax8	2	44.47283669523426	0.044162103439306606	0.025196636859739628	0.07962058723036432	0.009561451598288098
baseline	27	data/2026-02-27-magnet-print(FOXF1 cells)/day5 after fix and stain (647PAX8)/27.czi	pax8	3	62.26197137332796	0.07472278355065357	0.043393866628980815	0.08043928131197325	0.019685225724247416
baseline	27	data/2026-02-27-magnet-print(FOXF1 cells)/day5 after fix and stain (647PAX8)/27.czi	pax8	4	80.05110605142167	0.11734107188675218	0.07121225927380381	0.08221632372787561	0.04612143297901703
baseline	27	data/2026-02-27-magnet-print(FOXF1 cells)/day5 after fix and stain (647PAX8)/27.czi	pax8	5	97.84024072951536	0.16767226773787522	0.10826103061470797	0.08449965634905278	0.09363644054317641
baseline	27	data/2026-02-27-magnet-print(FOXF1 cells)/day5 after fix and stain (647PAX8)/27.czi	pax8	6	115.62937540760907	0.201103284003234	0.14211418602310835	0.08806079260326813	0.16338361159792406
baseline	27	data/2026-02-27-magnet-print(FOXF1 cells)/day5 after fix and stain (647PAX8)/27.czi	pax8	7	133.41851008570276	0.22097008183525904	0.1602474499904979	0.08746897628209255	0.20688097566139718
baseline	27	data/2026-02-27-magnet-print(FOXF1 cells)/day5 after fix and stain (647PAX8)/27.czi	pax8	8	151.20764476379648	0.24410416370130972	0.1632244189193905	0.08147894033235976	0.19912820217217678
baseline	27	data/2026-02-27-magnet-print(FOXF1 cells)/day5 after fix and stain (647PAX8)/27.czi	pax8	9	168.99677944189017	0.15712673386973752	0.08333757944559811	0.05858283925617666	0.07880030520905794
baseline	27	data/2026-02-27-magnet-print(FOXF1 cells)/day5 after fix and stain (647PAX8)/27.czi	pax8	10	186.7859141199839	0.01056611907261519	0.0045511221679568475	0.024219094445769307	0.003326831869344689
baseline	27	data/2026-02-27-magnet-print(FOXF1 cells)/day5 after fix and stain (647PAX8)/27.czi	pax8	11	204.57504879807757	0.0	0.0	0.009091763331461502	1.4487044551747401e-05
baseline	27	data/2026-02-27-magnet-print(FOXF1 cells)/day5 after fix and stain (647PAX8)/27.czi	pax8	12	222.3641834761713	0.0	0.0	0.0028122109640976787	0.0
baseline	27	data/2026-02-27-magnet-print(FOXF1 cells)/day5 after fix and stain (647PAX8)/27.czi	pax8	13	240.15331815426498		0.0	0.0004246745105673842	0.0
baseline	27	data/2026-02-27-magnet-print(FOXF1 cells)/day5 after fix and stain (647PAX8)/27.czi	pax8	14	257.9424528323587		0.0	0.0	0.0
baseline	27	data/2026-02-27-magnet-print(FOXF1 cells)/day5 after fix and stain (647PAX8)/27.czi	pax8	15	275.7315875104524		0.0	0.0	0.0
baseline	27	data/2026-02-27-magnet-print(FOXF1 cells)/day5 after fix and stain (647PAX8)/27.czi	pax8	16	293.5207221885461		0.0	0.0	0.0
baseline	27	data/2026-02-27-magnet-print(FOXF1 cells)/day5 after fix and stain (647PAX8)/27.czi	pax8	17	311.30985686663985		0.0	0.0	0.0
baseline	27	data/2026-02-27-magnet-print(FOXF1 cells)/day5 after fix and stain (647PAX8)/27.czi	pax8	18	329.0989915447335		0.0	0.0	0.0
baseline	27	data/2026-02-27-magnet-print(FOXF1 cells)/day5 after fix and stain (647PAX8)/27.czi	pax8	19	346.88812622282717		0.0	0.0	0.0
baseline	27	data/2026-02-27-magnet-print(FOXF1 cells)/day5 after fix and stain (647PAX8)/27.czi	pax8	20	364.67726090092094				
baseline	27	data/2026-02-27-magnet-print(FOXF1 cells)/day5 after fix and stain (647PAX8)/27.czi	pax8	21	382.4663955790146				
baseline	27	data/2026-02-27-magnet-print(FOXF1 cells)/day5 after fix and stain (647PAX8)/27.czi	pax8	22	400.25553025710826				
baseline	27	data/2026-02-27-magnet-print(FOXF1 cells)/day5 after fix and stain (647PAX8)/27.czi	pax8	23	418.04466493520204				
baseline	28	data/2026-02-27-magnet-print(FOXF1 cells)/day5 after fix and stain (647PAX8)/28.czi	foxf1	0	8.894567339046851	0.6326351923009225	0.07926703270418888	0.08120240901614273	0.06559975776615955
baseline	28	data/2026-02-27-magnet-print(FOXF1 cells)/day5 after fix and stain (647PAX8)/28.czi	foxf1	1	26.683702017140554	0.6133053878455618	0.07996684731557666	0.08273639422042287	0.06863764991692868
baseline	28	data/2026-02-27-magnet-print(FOXF1 cells)/day5 after fix and stain (647PAX8)/28.czi	foxf1	2	44.47283669523426	0.5812681457608276	0.08105557529769296	0.08467217400227554	0.07419642568199727
baseline	28	data/2026-02-27-magnet-print(FOXF1 cells)/day5 after fix and stain (647PAX8)/28.czi	foxf1	3	62.26197137332796	0.5772322351402137	0.08646915493380015	0.08922971172525448	0.08429661960819052
baseline	28	data/2026-02-27-magnet-print(FOXF1 cells)/day5 after fix and stain (647PAX8)/28.czi	foxf1	4	80.05110605142167	0.6160607613415455	0.09224336902420129	0.09272649890032286	0.09290346500459333
baseline	28	data/2026-02-27-magnet-print(FOXF1 cells)/day5 after fix and stain (647PAX8)/28.czi	foxf1	5	97.84024072951536	0.6522507832687431	0.09456881511083898	0.09388887037319878	0.0975674331792551
baseline	28	data/2026-02-27-magnet-print(FOXF1 cells)/day5 after fix and stain (647PAX8)/28.czi	foxf1	6	115.62937540760907	0.6637836346966163	0.0948934686294703	0.09320922340139921	0.1004148546454517
baseline	28	data/2026-02-27-magnet-print(FOXF1 cells)/day5 after fix and stain (647PAX8)/28.czi	foxf1	7	133.41851008570276	0.666221606607598	0.09149617107577436	0.08870136996837699	0.10032819294333167
baseline	28	data/2026-02-27-magnet-print(FOXF1 cells)/day5 after fix and stain (647PAX8)/28.czi	foxf1	8	151.20764476379648	0.6887955632780458	0.07762523235835203	0.07433639613731152	0.08810493329629641
baseline	28	data/2026-02-27-magnet-print(FOXF1 cells)/day5 after fix and stain (647PAX8)/28.czi	foxf1	9	168.99677944189017	0.823256840796076	0.049402952510507595	0.04686422832078464	0.05515720312666565
baseline	28	data/2026-02-27-magnet-print(FOXF1 cells)/day5 after fix and stain (647PAX8)/28.czi	foxf1	10	186.7859141199839	0.8753874443862061	0.015535599165911004	0.014885088755946147	0.014553620538192202
baseline	28	data/2026-02-27-magnet-print(FOXF1 cells)/day5 after fix and stain (647PAX8)/28.czi	foxf1	11	204.57504879807757		0.0002018743862014948	0.0002797526993268139	6.828746601230744e-05
baseline	28	data/2026-02-27-magnet-print(FOXF1 cells)/day5 after fix and stain (647PAX8)/28.czi	foxf1	12	222.3641834761713		0.0	0.0	0.0
baseline	28	data/2026-02-27-magnet-print(FOXF1 cells)/day5 after fix and stain (647PAX8)/28.czi	foxf1	13	240.15331815426498		0.0	0.0	0.0
baseline	28	data/2026-02-27-magnet-print(FOXF1 cells)/day5 after fix and stain (647PAX8)/28.czi	foxf1	14	257.9424528323587		0.0	0.0	0.0
baseline	28	data/2026-02-27-magnet-print(FOXF1 cells)/day5 after fix and stain (647PAX8)/28.czi	foxf1	15	275.7315875104524		0.0	0.0	0.0
baseline	28	data/2026-02-27-magnet-print(FOXF1 cells)/day5 after fix and stain (647PAX8)/28.czi	foxf1	16	293.5207221885461		0.0	0.0	0.0
baseline	28	data/2026-02-27-magnet-print(FOXF1 cells)/day5 after fix and stain (647PAX8)/28.czi	foxf1	17	311.30985686663985		0.0	0.0	0.0
baseline	28	data/2026-02-27-magnet-print(FOXF1 cells)/day5 after fix and stain (647PAX8)/28.czi	foxf1	18	329.0989915447335		0.0	0.0	0.0
baseline	28	data/2026-02-27-magnet-print(FOXF1 cells)/day5 after fix and stain (647PAX8)/28.czi	foxf1	19	346.88812622282717		0.0	0.0	0.0
baseline	28	data/2026-02-27-magnet-print(FOXF1 cells)/day5 after fix and stain (647PAX8)/28.czi	foxf1	20	364.67726090092094				
baseline	28	data/2026-02-27-magnet-print(FOXF1 cells)/day5 after fix and stain (647PAX8)/28.czi	foxf1	21	382.4663955790146				
baseline	28	data/2026-02-27-magnet-print(FOXF1 cells)/day5 after fix and stain (647PAX8)/28.czi	foxf1	22	400.25553025710826				
baseline	28	data/2026-02-27-magnet-print(FOXF1 cells)/day5 after fix and stain (647PAX8)/28.czi	foxf1	23	418.04466493520204				
baseline	28	data/2026-02-27-magnet-print(FOXF1 cells)/day5 after fix and stain (647PAX8)/28.czi	mesp2	0	8.894567339046851	0.6948439499615038	0.18075653556948526	0.175286174984592	0.19469856859488308
baseline	28	data/2026-02-27-magnet-print(FOXF1 cells)/day5 after fix and stain (647PAX8)/28.czi	mesp2	1	26.683702017140554	0.7024127553264554	0.17849075182333543	0.17335385037365744	0.1906599644849988
baseline	28	data/2026-02-27-magnet-print(FOXF1 cells)/day5 after fix and stain (647PAX8)/28.czi	mesp2	2	44.47283669523426	0.7091753727419373	0.1604233787053227	0.1561816904565783	0.16463556150334177
baseline	28	data/2026-02-27-magnet-print(FOXF1 cells)/day5 after fix and stain (647PAX8)/28.czi	mesp2	3	62.26197137332796	0.663135344068103	0.12593528778360194	0.12500030116628683	0.12011473584191519
baseline	28	data/2026-02-27-magnet-print(FOXF1 cells)/day5 after fix and stain (647PAX8)/28.czi	mesp2	4	80.05110605142167	0.5309337870566613	0.08090533582766782	0.0843949864062672	0.0694997412916524
baseline	28	data/2026-02-27-magnet-print(FOXF1 cells)/day5 after fix and stain (647PAX8)/28.czi	mesp2	5	97.84024072951536	0.37231943904141296	0.04639636859738536	0.05258727213242729	0.036728531793954494
baseline	28	data/2026-02-27-magnet-print(FOXF1 cells)/day5 after fix and stain (647PAX8)/28.czi	mesp2	6	115.62937540760907	0.21627482179068547	0.031132671804542298	0.03642982059591588	0.02933949573705669
baseline	28	data/2026-02-27-magnet-print(FOXF1 cells)/day5 after fix and stain (647PAX8)/28.czi	mesp2	7	133.41851008570276	0.1779892436362508	0.02332085966419249	0.025488854468781415	0.022494825665740716
baseline	28	data/2026-02-27-magnet-print(FOXF1 cells)/day5 after fix and stain (647PAX8)/28.czi	mesp2	8	151.20764476379648	0.13172887447441115	0.012438423992550341	0.013229574013037789	0.011558034714351299
baseline	28	data/2026-02-27-magnet-print(FOXF1 cells)/day5 after fix and stain (647PAX8)/28.czi	mesp2	9	168.99677944189017	0.039601399366024595	0.0021645248932852896	0.0017041119500857248	0.001730130642104118
baseline	28	data/2026-02-27-magnet-print(FOXF1 cells)/day5 after fix and stain (647PAX8)/28.czi	mesp2	10	186.7859141199839	0.0012385336768445058	2.8212135316468053e-05	-0.0010777578146683136	1.107904984170278e-05
baseline	28	data/2026-02-27-magnet-print(FOXF1 cells)/day5 after fix and stain (647PAX8)/28.czi	mesp2	11	204.57504879807757		0.0	-0.0001031764398616383	0.0
baseline	28	data/2026-02-27-magnet-print(FOXF1 cells)/day5 after fix and stain (647PAX8)/28.czi	mesp2	12	222.3641834761713		0.0	0.0	0.0
baseline	28	data/2026-02-27-magnet-print(FOXF1 cells)/day5 after fix and stain (647PAX8)/28.czi	mesp2	13	240.15331815426498		0.0	0.0	0.0
baseline	28	data/2026-02-27-magnet-print(FOXF1 cells)/day5 after fix and stain (647PAX8)/28.czi	mesp2	14	257.9424528323587		0.0	0.0	0.0
baseline	28	data/2026-02-27-magnet-print(FOXF1 cells)/day5 after fix and stain (647PAX8)/28.czi	mesp2	15	275.7315875104524		0.0	0.0	0.0
baseline	28	data/2026-02-27-magnet-print(FOXF1 cells)/day5 after fix and stain (647PAX8)/28.czi	mesp2	16	293.5207221885461		0.0	0.0	0.0
baseline	28	data/2026-02-27-magnet-print(FOXF1 cells)/day5 after fix and stain (647PAX8)/28.czi	mesp2	17	311.30985686663985		0.0	0.0	0.0
baseline	28	data/2026-02-27-magnet-print(FOXF1 cells)/day5 after fix and stain (647PAX8)/28.czi	mesp2	18	329.0989915447335		0.0	0.0	0.0
baseline	28	data/2026-02-27-magnet-print(FOXF1 cells)/day5 after fix and stain (647PAX8)/28.czi	mesp2	19	346.88812622282717		0.0	0.0	0.0
baseline	28	data/2026-02-27-magnet-print(FOXF1 cells)/day5 after fix and stain (647PAX8)/28.czi	mesp2	20	364.67726090092094				
baseline	28	data/2026-02-27-magnet-print(FOXF1 cells)/day5 after fix and stain (647PAX8)/28.czi	mesp2	21	382.4663955790146				
baseline	28	data/2026-02-27-magnet-print(FOXF1 cells)/day5 after fix and stain (647PAX8)/28.czi	mesp2	22	400.25553025710826				
baseline	28	data/2026-02-27-magnet-print(FOXF1 cells)/day5 after fix and stain (647PAX8)/28.czi	mesp2	23	418.04466493520204				
baseline	28	data/2026-02-27-magnet-print(FOXF1 cells)/day5 after fix and stain (647PAX8)/28.czi	pax8	0	8.894567339046851	0.5727006159862836	0.12514890409443438	0.1198843316573132	0.12444337997067181
baseline	28	data/2026-02-27-magnet-print(FOXF1 cells)/day5 after fix and stain (647PAX8)/28.czi	pax8	1	26.683702017140554	0.5830991732225708	0.12742651586090187	0.1203951084245405	0.1282840053106167
baseline	28	data/2026-02-27-magnet-print(FOXF1 cells)/day5 after fix and stain (647PAX8)/28.czi	pax8	2	44.47283669523426	0.5813015271256126	0.1247795163063349	0.11741937029464466	0.12941516486645036
baseline	28	data/2026-02-27-magnet-print(FOXF1 cells)/day5 after fix and stain (647PAX8)/28.czi	pax8	3	62.26197137332796	0.5923158833511518	0.12597293234406481	0.11640311967269182	0.13968880109827497
baseline	28	data/2026-02-27-magnet-print(FOXF1 cells)/day5 after fix and stain (647PAX8)/28.czi	pax8	4	80.05110605142167	0.6116416833587656	0.12293949410165599	0.11101141281117045	0.13947362077756065
baseline	28	data/2026-02-27-magnet-print(FOXF1 cells)/day5 after fix and stain (647PAX8)/28.czi	pax8	5	97.84024072951536	0.6241622220626828	0.10796738585788616	0.09717959624957828	0.10993722272508501
baseline	28	data/2026-02-27-magnet-print(FOXF1 cells)/day5 after fix and stain (647PAX8)/28.czi	pax8	6	115.62937540760907	0.45736910972147365	0.06597179070694788	0.07291303227734461	0.05231687210853804
baseline	28	data/2026-02-27-magnet-print(FOXF1 cells)/day5 after fix and stain (647PAX8)/28.czi	pax8	7	133.41851008570276	0.2812993153509177	0.032540152682066975	0.048600755958927225	0.018525608874606015
baseline	28	data/2026-02-27-magnet-print(FOXF1 cells)/day5 after fix and stain (647PAX8)/28.czi	pax8	8	151.20764476379648	0.15222770724101783	0.012609830189458736	0.027645055718478515	0.005455661391085111
baseline	28	data/2026-02-27-magnet-print(FOXF1 cells)/day5 after fix and stain (647PAX8)/28.czi	pax8	9	168.99677944189017	0.049560899526063906	0.002653891254669566	0.01144383834337648	0.0009446987252481206
baseline	28	data/2026-02-27-magnet-print(FOXF1 cells)/day5 after fix and stain (647PAX8)/28.czi	pax8	10	186.7859141199839	0.001997439116087466	7.383564988126313e-05	0.0029039434435574494	2.7871461302839953e-05
baseline	28	data/2026-02-27-magnet-print(FOXF1 cells)/day5 after fix and stain (647PAX8)/28.czi	pax8	11	204.57504879807757		0.0	7.994117398207325e-05	0.0
baseline	28	data/2026-02-27-magnet-print(FOXF1 cells)/day5 after fix and stain (647PAX8)/28.czi	pax8	12	222.3641834761713		0.0	0.0	0.0
baseline	28	data/2026-02-27-magnet-print(FOXF1 cells)/day5 after fix and stain (647PAX8)/28.czi	pax8	13	240.15331815426498		0.0	0.0	0.0
baseline	28	data/2026-02-27-magnet-print(FOXF1 cells)/day5 after fix and stain (647PAX8)/28.czi	pax8	14	257.9424528323587		0.0	0.0	0.0
baseline	28	data/2026-02-27-magnet-print(FOXF1 cells)/day5 after fix and stain (647PAX8)/28.czi	pax8	15	275.7315875104524		0.0	0.0	0.0
baseline	28	data/2026-02-27-magnet-print(FOXF1 cells)/day5 after fix and stain (647PAX8)/28.czi	pax8	16	293.5207221885461		0.0	0.0	0.0
baseline	28	data/2026-02-27-magnet-print(FOXF1 cells)/day5 after fix and stain (647PAX8)/28.czi	pax8	17	311.30985686663985		0.0	0.0	0.0
baseline	28	data/2026-02-27-magnet-print(FOXF1 cells)/day5 after fix and stain (647PAX8)/28.czi	pax8	18	329.0989915447335		0.0	0.0	0.0
baseline	28	data/2026-02-27-magnet-print(FOXF1 cells)/day5 after fix and stain (647PAX8)/28.czi	pax8	19	346.88812622282717		0.0	0.0	0.0
baseline	28	data/2026-02-27-magnet-print(FOXF1 cells)/day5 after fix and stain (647PAX8)/28.czi	pax8	20	364.67726090092094				
baseline	28	data/2026-02-27-magnet-print(FOXF1 cells)/day5 after fix and stain (647PAX8)/28.czi	pax8	21	382.4663955790146				
baseline	28	data/2026-02-27-magnet-print(FOXF1 cells)/day5 after fix and stain (647PAX8)/28.czi	pax8	22	400.25553025710826				
baseline	28	data/2026-02-27-magnet-print(FOXF1 cells)/day5 after fix and stain (647PAX8)/28.czi	pax8	23	418.04466493520204				
baseline	29	data/2026-02-27-magnet-print(FOXF1 cells)/day5 after fix and stain (647PAX8)/29.czi	foxf1	0	8.894567339046851	0.8658244809821531	0.09066882414555574	0.09068449628757069	0.09160037539197488
baseline	29	data/2026-02-27-magnet-print(FOXF1 cells)/day5 after fix and stain (647PAX8)/29.czi	foxf1	1	26.683702017140554	0.8660954527071572	0.0889298526529898	0.08894332965272254	0.08949992145599166
baseline	29	data/2026-02-27-magnet-print(FOXF1 cells)/day5 after fix and stain (647PAX8)/29.czi	foxf1	2	44.47283669523426	0.8650320732199068	0.08539070859141723	0.08547865484586599	0.085112172080512
baseline	29	data/2026-02-27-magnet-print(FOXF1 cells)/day5 after fix and stain (647PAX8)/29.czi	foxf1	3	62.26197137332796	0.8635257696394179	0.08233058274608042	0.08249135786674232	0.08157705322595145
baseline	29	data/2026-02-27-magnet-print(FOXF1 cells)/day5 after fix and stain (647PAX8)/29.czi	foxf1	4	80.05110605142167	0.868560610734758	0.07917243838944588	0.07917106685852449	0.07811750546714744
baseline	29	data/2026-02-27-magnet-print(FOXF1 cells)/day5 after fix and stain (647PAX8)/29.czi	foxf1	5	97.84024072951536	0.8913331709388688	0.0768346540343381	0.07651457318631887	0.07593432102146831
baseline	29	data/2026-02-27-magnet-print(FOXF1 cells)/day5 after fix and stain (647PAX8)/29.czi	foxf1	6	115.62937540760907	0.8889788979849084	0.07318415704831249	0.07306687969869166	0.07275709476099676
baseline	29	data/2026-02-27-magnet-print(FOXF1 cells)/day5 after fix and stain (647PAX8)/29.czi	foxf1	7	133.41851008570276	0.8620260956810258	0.07024481907858338	0.07044092500682927	0.0710673196375561
baseline	29	data/2026-02-27-magnet-print(FOXF1 cells)/day5 after fix and stain (647PAX8)/29.czi	foxf1	8	151.20764476379648	0.8325583046044819	0.06477499732696314	0.06500921826620722	0.06653720360800854
baseline	29	data/2026-02-27-magnet-print(FOXF1 cells)/day5 after fix and stain (647PAX8)/29.czi	foxf1	9	168.99677944189017	0.8962648064599475	0.057228578754923716	0.056905445133231286	0.05875853047762255
baseline	29	data/2026-02-27-magnet-print(FOXF1 cells)/day5 after fix and stain (647PAX8)/29.czi	foxf1	10	186.7859141199839	0.9326877931152745	0.044814897093712294	0.04444309055637821	0.045308840477417456
baseline	29	data/2026-02-27-magnet-print(FOXF1 cells)/day5 after fix and stain (647PAX8)/29.czi	foxf1	11	204.57504879807757	0.8872924304133223	0.026567991122839384	0.02664013853173758	0.02529082346728259
baseline	29	data/2026-02-27-magnet-print(FOXF1 cells)/day5 after fix and stain (647PAX8)/29.czi	foxf1	12	222.3641834761713	0.7556666793922886	0.005781425101887516	0.0060194273678158645	0.0043022341410892204
baseline	29	data/2026-02-27-magnet-print(FOXF1 cells)/day5 after fix and stain (647PAX8)/29.czi	foxf1	13	240.15331815426498		0.00010165525136611933	0.00012546160739662721	3.8319119869761676e-05
baseline	29	data/2026-02-27-magnet-print(FOXF1 cells)/day5 after fix and stain (647PAX8)/29.czi	foxf1	14	257.9424528323587		0.0	0.0	0.0
baseline	29	data/2026-02-27-magnet-print(FOXF1 cells)/day5 after fix and stain (647PAX8)/29.czi	foxf1	15	275.7315875104524		0.0	0.0	0.0
baseline	29	data/2026-02-27-magnet-print(FOXF1 cells)/day5 after fix and stain (647PAX8)/29.czi	foxf1	16	293.5207221885461		0.0	0.0	0.0
baseline	29	data/2026-02-27-magnet-print(FOXF1 cells)/day5 after fix and stain (647PAX8)/29.czi	foxf1	17	311.30985686663985		0.0	0.0	0.0
baseline	29	data/2026-02-27-magnet-print(FOXF1 cells)/day5 after fix and stain (647PAX8)/29.czi	foxf1	18	329.0989915447335		0.0	0.0	0.0
baseline	29	data/2026-02-27-magnet-print(FOXF1 cells)/day5 after fix and stain (647PAX8)/29.czi	foxf1	19	346.88812622282717		0.0	0.0	0.0
baseline	29	data/2026-02-27-magnet-print(FOXF1 cells)/day5 after fix and stain (647PAX8)/29.czi	foxf1	20	364.67726090092094				
baseline	29	data/2026-02-27-magnet-print(FOXF1 cells)/day5 after fix and stain (647PAX8)/29.czi	foxf1	21	382.4663955790146				
baseline	29	data/2026-02-27-magnet-print(FOXF1 cells)/day5 after fix and stain (647PAX8)/29.czi	foxf1	22	400.25553025710826				
baseline	29	data/2026-02-27-magnet-print(FOXF1 cells)/day5 after fix and stain (647PAX8)/29.czi	foxf1	23	418.04466493520204				
baseline	29	data/2026-02-27-magnet-print(FOXF1 cells)/day5 after fix and stain (647PAX8)/29.czi	mesp2	0	8.894567339046851	0.5985898937762357	0.15334227568648715	0.14873614328741538	0.16829145197550835
baseline	29	data/2026-02-27-magnet-print(FOXF1 cells)/day5 after fix and stain (647PAX8)/29.czi	mesp2	1	26.683702017140554	0.6032584432717548	0.14228238713736796	0.1381667523758365	0.15117028691487705
baseline	29	data/2026-02-27-magnet-print(FOXF1 cells)/day5 after fix and stain (647PAX8)/29.czi	mesp2	2	44.47283669523426	0.6178180338369001	0.13526155883476793	0.13087812134403393	0.13933091803758796
baseline	29	data/2026-02-27-magnet-print(FOXF1 cells)/day5 after fix and stain (647PAX8)/29.czi	mesp2	3	62.26197137332796	0.6262580704412757	0.12696784557494833	0.12232248414579532	0.12676643631643333
baseline	29	data/2026-02-27-magnet-print(FOXF1 cells)/day5 after fix and stain (647PAX8)/29.czi	mesp2	4	80.05110605142167	0.5732440947625087	0.11198267809952146	0.10982399241842597	0.11186238068240731
baseline	29	data/2026-02-27-magnet-print(FOXF1 cells)/day5 after fix and stain (647PAX8)/29.czi	mesp2	5	97.84024072951536	0.4944146282089706	0.08444843333124886	0.08481406400971488	0.08056302980730495
baseline	29	data/2026-02-27-magnet-print(FOXF1 cells)/day5 after fix and stain (647PAX8)/29.czi	mesp2	6	115.62937540760907	0.43084078232333906	0.054296093787071883	0.05688156751375706	0.04339364656407517
baseline	29	data/2026-02-27-magnet-print(FOXF1 cells)/day5 after fix and stain (647PAX8)/29.czi	mesp2	7	133.41851008570276	0.22402308932525258	0.02355092086623897	0.03121662691788468	0.0170245971974398
baseline	29	data/2026-02-27-magnet-print(FOXF1 cells)/day5 after fix and stain (647PAX8)/29.czi	mesp2	8	151.20764476379648	0.10933480906067514	0.010260333325833745	0.01609474690435249	0.007044357428979612
baseline	29	data/2026-02-27-magnet-print(FOXF1 cells)/day5 after fix and stain (647PAX8)/29.czi	mesp2	9	168.99677944189017	0.06523449213994817	0.0038942584160553666	0.007026765965007676	0.0017734620496204622
baseline	29	data/2026-02-27-magnet-print(FOXF1 cells)/day5 after fix and stain (647PAX8)/29.czi	mesp2	10	186.7859141199839	0.006223811386126758	0.00026339019403985586	0.0019373565713698346	7.171334215406349e-05
baseline	29	data/2026-02-27-magnet-print(FOXF1 cells)/day5 after fix and stain (647PAX8)/29.czi	mesp2	11	204.57504879807757	0.0	0.0	-0.0005778439184401192	0.0
baseline	29	data/2026-02-27-magnet-print(FOXF1 cells)/day5 after fix and stain (647PAX8)/29.czi	mesp2	12	222.3641834761713	0.0	0.0	-0.0009461490155960371	0.0
baseline	29	data/2026-02-27-magnet-print(FOXF1 cells)/day5 after fix and stain (647PAX8)/29.czi	mesp2	13	240.15331815426498		0.0	-6.692696395958856e-05	0.0
baseline	29	data/2026-02-27-magnet-print(FOXF1 cells)/day5 after fix and stain (647PAX8)/29.czi	mesp2	14	257.9424528323587		0.0	0.0	0.0
baseline	29	data/2026-02-27-magnet-print(FOXF1 cells)/day5 after fix and stain (647PAX8)/29.czi	mesp2	15	275.7315875104524		0.0	0.0	0.0
baseline	29	data/2026-02-27-magnet-print(FOXF1 cells)/day5 after fix and stain (647PAX8)/29.czi	mesp2	16	293.5207221885461		0.0	0.0	0.0
baseline	29	data/2026-02-27-magnet-print(FOXF1 cells)/day5 after fix and stain (647PAX8)/29.czi	mesp2	17	311.30985686663985		0.0	0.0	0.0
baseline	29	data/2026-02-27-magnet-print(FOXF1 cells)/day5 after fix and stain (647PAX8)/29.czi	mesp2	18	329.0989915447335		0.0	0.0	0.0
baseline	29	data/2026-02-27-magnet-print(FOXF1 cells)/day5 after fix and stain (647PAX8)/29.czi	mesp2	19	346.88812622282717		0.0	0.0	0.0
baseline	29	data/2026-02-27-magnet-print(FOXF1 cells)/day5 after fix and stain (647PAX8)/29.czi	mesp2	20	364.67726090092094				
baseline	29	data/2026-02-27-magnet-print(FOXF1 cells)/day5 after fix and stain (647PAX8)/29.czi	mesp2	21	382.4663955790146				
baseline	29	data/2026-02-27-magnet-print(FOXF1 cells)/day5 after fix and stain (647PAX8)/29.czi	mesp2	22	400.25553025710826				
baseline	29	data/2026-02-27-magnet-print(FOXF1 cells)/day5 after fix and stain (647PAX8)/29.czi	mesp2	23	418.04466493520204				
baseline	29	data/2026-02-27-magnet-print(FOXF1 cells)/day5 after fix and stain (647PAX8)/29.czi	pax8	0	8.894567339046851	0.7305614954855909	0.09257767780393303	0.08713543761865832	0.0634586928860598
baseline	29	data/2026-02-27-magnet-print(FOXF1 cells)/day5 after fix and stain (647PAX8)/29.czi	pax8	1	26.683702017140554	0.7134735730639975	0.09336612559593112	0.08869162159815686	0.07257949456603742
baseline	29	data/2026-02-27-magnet-print(FOXF1 cells)/day5 after fix and stain (647PAX8)/29.czi	pax8	2	44.47283669523426	0.6630401574122816	0.09003579622638189	0.08819894769014194	0.07943576963863243
baseline	29	data/2026-02-27-magnet-print(FOXF1 cells)/day5 after fix and stain (647PAX8)/29.czi	pax8	3	62.26197137332796	0.6084051838722161	0.0843863273601166	0.08595512043648684	0.08144531835656814
baseline	29	data/2026-02-27-magnet-print(FOXF1 cells)/day5 after fix and stain (647PAX8)/29.czi	pax8	4	80.05110605142167	0.6027093796712586	0.08294657647336767	0.0839244689795899	0.08431906783238743
baseline	29	data/2026-02-27-magnet-print(FOXF1 cells)/day5 after fix and stain (647PAX8)/29.czi	pax8	5	97.84024072951536	0.6213837231403063	0.08341003740764481	0.08169566562650711	0.09063443667671667
baseline	29	data/2026-02-27-magnet-print(FOXF1 cells)/day5 after fix and stain (647PAX8)/29.czi	pax8	6	115.62937540760907	0.6639681332272405	0.09061225815592355	0.08371214450786739	0.11186108383861805
baseline	29	data/2026-02-27-magnet-print(FOXF1 cells)/day5 after fix and stain (647PAX8)/29.czi	pax8	7	133.41851008570276	0.6840852671643454	0.09235325933254568	0.08342996474358767	0.12296698363640936
baseline	29	data/2026-02-27-magnet-print(FOXF1 cells)/day5 after fix and stain (647PAX8)/29.czi	pax8	8	151.20764476379648	0.6603744811153985	0.07400683879288208	0.06878210801597903	0.08620878400596271
baseline	29	data/2026-02-27-magnet-print(FOXF1 cells)/day5 after fix and stain (647PAX8)/29.czi	pax8	9	168.99677944189017	0.547916499868632	0.04448483256723981	0.04760852359998666	0.03988192645614115
baseline	29	data/2026-02-27-magnet-print(FOXF1 cells)/day5 after fix and stain (647PAX8)/29.czi	pax8	10	186.7859141199839	0.24732433964274114	0.01348161580236093	0.02823629268660631	0.006685931464749932
baseline	29	data/2026-02-27-magnet-print(FOXF1 cells)/day5 after fix and stain (647PAX8)/29.czi	pax8	11	204.57504879807757	0.00034615721190260423	1.260999978252919e-05	0.013166565122514497	2.137502119914267e-06
baseline	29	data/2026-02-27-magnet-print(FOXF1 cells)/day5 after fix and stain (647PAX8)/29.czi	pax8	12	222.3641834761713	0.0	0.0	0.0030270948060018583	0.0
baseline	29	data/2026-02-27-magnet-print(FOXF1 cells)/day5 after fix and stain (647PAX8)/29.czi	pax8	13	240.15331815426498		0.0	7.420591348664307e-05	0.0
baseline	29	data/2026-02-27-magnet-print(FOXF1 cells)/day5 after fix and stain (647PAX8)/29.czi	pax8	14	257.9424528323587		0.0	0.0	0.0
baseline	29	data/2026-02-27-magnet-print(FOXF1 cells)/day5 after fix and stain (647PAX8)/29.czi	pax8	15	275.7315875104524		0.0	0.0	0.0
baseline	29	data/2026-02-27-magnet-print(FOXF1 cells)/day5 after fix and stain (647PAX8)/29.czi	pax8	16	293.5207221885461		0.0	0.0	0.0
baseline	29	data/2026-02-27-magnet-print(FOXF1 cells)/day5 after fix and stain (647PAX8)/29.czi	pax8	17	311.30985686663985		0.0	0.0	0.0
baseline	29	data/2026-02-27-magnet-print(FOXF1 cells)/day5 after fix and stain (647PAX8)/29.czi	pax8	18	329.0989915447335		0.0	0.0	0.0
baseline	29	data/2026-02-27-magnet-print(FOXF1 cells)/day5 after fix and stain (647PAX8)/29.czi	pax8	19	346.88812622282717		0.0	0.0	0.0
baseline	29	data/2026-02-27-magnet-print(FOXF1 cells)/day5 after fix and stain (647PAX8)/29.czi	pax8	20	364.67726090092094				
baseline	29	data/2026-02-27-magnet-print(FOXF1 cells)/day5 after fix and stain (647PAX8)/29.czi	pax8	21	382.4663955790146				
baseline	29	data/2026-02-27-magnet-print(FOXF1 cells)/day5 after fix and stain (647PAX8)/29.czi	pax8	22	400.25553025710826				
baseline	29	data/2026-02-27-magnet-print(FOXF1 cells)/day5 after fix and stain (647PAX8)/29.czi	pax8	23	418.04466493520204				
baseline	30	data/2026-02-27-magnet-print(FOXF1 cells)/day5 after fix and stain (647PAX8)/30.czi	foxf1	0	8.894567339046851	0.1855033343548651	0.06516852157456225	0.074637335232236	0.055345214221468333
baseline	30	data/2026-02-27-magnet-print(FOXF1 cells)/day5 after fix and stain (647PAX8)/30.czi	foxf1	1	26.683702017140554	0.1736554906120268	0.055946355315254284	0.06960506538398205	0.04115100489878036
baseline	30	data/2026-02-27-magnet-print(FOXF1 cells)/day5 after fix and stain (647PAX8)/30.czi	foxf1	2	44.47283669523426	0.15641153244357617	0.04756630233493774	0.06574349787804726	0.031367511192820205
baseline	30	data/2026-02-27-magnet-print(FOXF1 cells)/day5 after fix and stain (647PAX8)/30.czi	foxf1	3	62.26197137332796	0.15746856636858694	0.05060200418500147	0.06689361970231364	0.03835034886749049
baseline	30	data/2026-02-27-magnet-print(FOXF1 cells)/day5 after fix and stain (647PAX8)/30.czi	foxf1	4	80.05110605142167	0.1829723614219263	0.06633475604684069	0.07361051735120686	0.06298059716133882
baseline	30	data/2026-02-27-magnet-print(FOXF1 cells)/day5 after fix and stain (647PAX8)/30.czi	foxf1	5	97.84024072951536	0.20647891595274973	0.08523263135107494	0.08482493220211941	0.09594133800943448
baseline	30	data/2026-02-27-magnet-print(FOXF1 cells)/day5 after fix and stain (647PAX8)/30.czi	foxf1	6	115.62937540760907	0.26177054725522675	0.1041314632223288	0.0928553566087181	0.1193548412100691
baseline	30	data/2026-02-27-magnet-print(FOXF1 cells)/day5 after fix and stain (647PAX8)/30.czi	foxf1	7	133.41851008570276	0.3029208059868212	0.1119528824394496	0.09409592645760231	0.12634454355544383
baseline	30	data/2026-02-27-magnet-print(FOXF1 cells)/day5 after fix and stain (647PAX8)/30.czi	foxf1	8	151.20764476379648	0.2787574818072563	0.09730168603226254	0.08357237667711927	0.11169249502711841
baseline	30	data/2026-02-27-magnet-print(FOXF1 cells)/day5 after fix and stain (647PAX8)/30.czi	foxf1	9	168.99677944189017	0.23958573555473273	0.07541017458211094	0.06454535291869949	0.08818101830913275
baseline	30	data/2026-02-27-magnet-print(FOXF1 cells)/day5 after fix and stain (647PAX8)/30.czi	foxf1	10	186.7859141199839	0.2331718156712133	0.05539048096334791	0.04526245374656295	0.054911703430470436
baseline	30	data/2026-02-27-magnet-print(FOXF1 cells)/day5 after fix and stain (647PAX8)/30.czi	foxf1	11	204.57504879807757	0.2309809694925495	0.03014952425027135	0.02558851900811366	0.0206016988899769
baseline	30	data/2026-02-27-magnet-print(FOXF1 cells)/day5 after fix and stain (647PAX8)/30.czi	foxf1	12	222.3641834761713	0.025075069988126857	0.0013726419652951263	0.004673941947568105	0.00037589770634729395
baseline	30	data/2026-02-27-magnet-print(FOXF1 cells)/day5 after fix and stain (647PAX8)/30.czi	foxf1	13	240.15331815426498		0.0	-3.2999272418973413e-05	0.0
baseline	30	data/2026-02-27-magnet-print(FOXF1 cells)/day5 after fix and stain (647PAX8)/30.czi	foxf1	14	257.9424528323587		0.0	0.0	0.0
baseline	30	data/2026-02-27-magnet-print(FOXF1 cells)/day5 after fix and stain (647PAX8)/30.czi	foxf1	15	275.7315875104524		0.0	0.0	0.0
baseline	30	data/2026-02-27-magnet-print(FOXF1 cells)/day5 after fix and stain (647PAX8)/30.czi	foxf1	16	293.5207221885461		0.0	0.0	0.0
baseline	30	data/2026-02-27-magnet-print(FOXF1 cells)/day5 after fix and stain (647PAX8)/30.czi	foxf1	17	311.30985686663985		0.0	0.0	0.0
baseline	30	data/2026-02-27-magnet-print(FOXF1 cells)/day5 after fix and stain (647PAX8)/30.czi	foxf1	18	329.0989915447335		0.0	0.0	0.0
baseline	30	data/2026-02-27-magnet-print(FOXF1 cells)/day5 after fix and stain (647PAX8)/30.czi	foxf1	19	346.88812622282717		0.0	0.0	0.0
baseline	30	data/2026-02-27-magnet-print(FOXF1 cells)/day5 after fix and stain (647PAX8)/30.czi	foxf1	20	364.67726090092094				
baseline	30	data/2026-02-27-magnet-print(FOXF1 cells)/day5 after fix and stain (647PAX8)/30.czi	foxf1	21	382.4663955790146				
baseline	30	data/2026-02-27-magnet-print(FOXF1 cells)/day5 after fix and stain (647PAX8)/30.czi	foxf1	22	400.25553025710826				
baseline	30	data/2026-02-27-magnet-print(FOXF1 cells)/day5 after fix and stain (647PAX8)/30.czi	foxf1	23	418.04466493520204				
baseline	30	data/2026-02-27-magnet-print(FOXF1 cells)/day5 after fix and stain (647PAX8)/30.czi	mesp2	0	8.894567339046851	0.49484226440913087	0.13966458361530468	0.13716322529887645	0.15214623404973146
baseline	30	data/2026-02-27-magnet-print(FOXF1 cells)/day5 after fix and stain (647PAX8)/30.czi	mesp2	1	26.683702017140554	0.4901257989181685	0.1358632675891711	0.1331562271075264	0.14773456589914863
baseline	30	data/2026-02-27-magnet-print(FOXF1 cells)/day5 after fix and stain (647PAX8)/30.czi	mesp2	2	44.47283669523426	0.4846428712270839	0.1306146209691205	0.1278150130206587	0.14123045893018785
baseline	30	data/2026-02-27-magnet-print(FOXF1 cells)/day5 after fix and stain (647PAX8)/30.czi	mesp2	3	62.26197137332796	0.47554856337403656	0.11975144553142311	0.11660432089425651	0.12746899964779218
baseline	30	data/2026-02-27-magnet-print(FOXF1 cells)/day5 after fix and stain (647PAX8)/30.czi	mesp2	4	80.05110605142167	0.44069753323243743	0.09980413081661105	0.09775476973982389	0.10351925882125446
baseline	30	data/2026-02-27-magnet-print(FOXF1 cells)/day5 after fix and stain (647PAX8)/30.czi	mesp2	5	97.84024072951536	0.4080298619868377	0.07638143391131651	0.07488584455869285	0.0743298564331603
baseline	30	data/2026-02-27-magnet-print(FOXF1 cells)/day5 after fix and stain (647PAX8)/30.czi	mesp2	6	115.62937540760907	0.4038023891866957	0.05439710306937448	0.0533199852995938	0.046175233045953314
baseline	30	data/2026-02-27-magnet-print(FOXF1 cells)/day5 after fix and stain (647PAX8)/30.czi	mesp2	7	133.41851008570276	0.3799549883180557	0.036814272570942365	0.0375128927002764	0.025746018738737796
baseline	30	data/2026-02-27-magnet-print(FOXF1 cells)/day5 after fix and stain (647PAX8)/30.czi	mesp2	8	151.20764476379648	0.3257512418214478	0.02404935146137763	0.027002403194098037	0.013758553822847939
baseline	30	data/2026-02-27-magnet-print(FOXF1 cells)/day5 after fix and stain (647PAX8)/30.czi	mesp2	9	168.99677944189017	0.25404313657398675	0.015318542007191375	0.01960096736365832	0.00777476206080327
baseline	30	data/2026-02-27-magnet-print(FOXF1 cells)/day5 after fix and stain (647PAX8)/30.czi	mesp2	10	186.7859141199839	0.20511255102427037	0.009728826730801514	0.013763462870901534	0.004146729856748199
baseline	30	data/2026-02-27-magnet-print(FOXF1 cells)/day5 after fix and stain (647PAX8)/30.czi	mesp2	11	204.57504879807757	0.07829729809765584	0.002390386477590319	0.005994247949822357	0.0009654747212375594
baseline	30	data/2026-02-27-magnet-print(FOXF1 cells)/day5 after fix and stain (647PAX8)/30.czi	mesp2	12	222.3641834761713	0.010437466444405843	0.00014731146321580232	0.0006006725383891562	4.1000768761418124e-05
baseline	30	data/2026-02-27-magnet-print(FOXF1 cells)/day5 after fix and stain (647PAX8)/30.czi	mesp2	13	240.15331815426498		0.0	-2.3192961743725343e-05	0.0
baseline	30	data/2026-02-27-magnet-print(FOXF1 cells)/day5 after fix and stain (647PAX8)/30.czi	mesp2	14	257.9424528323587		0.0	0.0	0.0
baseline	30	data/2026-02-27-magnet-print(FOXF1 cells)/day5 after fix and stain (647PAX8)/30.czi	mesp2	15	275.7315875104524		0.0	0.0	0.0
baseline	30	data/2026-02-27-magnet-print(FOXF1 cells)/day5 after fix and stain (647PAX8)/30.czi	mesp2	16	293.5207221885461		0.0	0.0	0.0
baseline	30	data/2026-02-27-magnet-print(FOXF1 cells)/day5 after fix and stain (647PAX8)/30.czi	mesp2	17	311.30985686663985		0.0	0.0	0.0
baseline	30	data/2026-02-27-magnet-print(FOXF1 cells)/day5 after fix and stain (647PAX8)/30.czi	mesp2	18	329.0989915447335		0.0	0.0	0.0
baseline	30	data/2026-02-27-magnet-print(FOXF1 cells)/day5 after fix and stain (647PAX8)/30.czi	mesp2	19	346.88812622282717		0.0	0.0	0.0
baseline	30	data/2026-02-27-magnet-print(FOXF1 cells)/day5 after fix and stain (647PAX8)/30.czi	mesp2	20	364.67726090092094				
baseline	30	data/2026-02-27-magnet-print(FOXF1 cells)/day5 after fix and stain (647PAX8)/30.czi	mesp2	21	382.4663955790146				
baseline	30	data/2026-02-27-magnet-print(FOXF1 cells)/day5 after fix and stain (647PAX8)/30.czi	mesp2	22	400.25553025710826				
baseline	30	data/2026-02-27-magnet-print(FOXF1 cells)/day5 after fix and stain (647PAX8)/30.czi	mesp2	23	418.04466493520204				
baseline	30	data/2026-02-27-magnet-print(FOXF1 cells)/day5 after fix and stain (647PAX8)/30.czi	pax8	0	8.894567339046851	0.023913434005899657	0.009028218547033126	0.06446683763958694	0.002925864481185152
baseline	30	data/2026-02-27-magnet-print(FOXF1 cells)/day5 after fix and stain (647PAX8)/30.czi	pax8	1	26.683702017140554	0.031191965849933525	0.012939704607174326	0.06424448487812189	0.006419013158815383
baseline	30	data/2026-02-27-magnet-print(FOXF1 cells)/day5 after fix and stain (647PAX8)/30.czi	pax8	2	44.47283669523426	0.03725186627000415	0.017151934208438902	0.0636819293519828	0.011120167545317569
baseline	30	data/2026-02-27-magnet-print(FOXF1 cells)/day5 after fix and stain (647PAX8)/30.czi	pax8	3	62.26197137332796	0.04254076802462968	0.021644523987325283	0.06398964151857148	0.017052473691336386
baseline	30	data/2026-02-27-magnet-print(FOXF1 cells)/day5 after fix and stain (647PAX8)/30.czi	pax8	4	80.05110605142167	0.05007837796171821	0.026784743441522704	0.06625191716663327	0.02334665884834528
baseline	30	data/2026-02-27-magnet-print(FOXF1 cells)/day5 after fix and stain (647PAX8)/30.czi	pax8	5	97.84024072951536	0.1297843896825434	0.0589421395241149	0.07239825759933365	0.04033574036100996
baseline	30	data/2026-02-27-magnet-print(FOXF1 cells)/day5 after fix and stain (647PAX8)/30.czi	pax8	6	115.62937540760907	0.2125870339385054	0.1111611693309857	0.08327960274901439	0.10165107232797846
baseline	30	data/2026-02-27-magnet-print(FOXF1 cells)/day5 after fix and stain (647PAX8)/30.czi	pax8	7	133.41851008570276	0.23229471396387436	0.1425049934710251	0.09244082998714798	0.16134937016390324
baseline	30	data/2026-02-27-magnet-print(FOXF1 cells)/day5 after fix and stain (647PAX8)/30.czi	pax8	8	151.20764476379648	0.25977022391962323	0.15733841396213383	0.09322631703333815	0.18728275913444384
baseline	30	data/2026-02-27-magnet-print(FOXF1 cells)/day5 after fix and stain (647PAX8)/30.czi	pax8	9	168.99677944189017	0.29302524474596525	0.1485157293433387	0.08403980456561043	0.16993686856103912
baseline	30	data/2026-02-27-magnet-print(FOXF1 cells)/day5 after fix and stain (647PAX8)/30.czi	pax8	10	186.7859141199839	0.28914184788941305	0.10070904932712667	0.06115478920398073	0.09152631682558748
baseline	30	data/2026-02-27-magnet-print(FOXF1 cells)/day5 after fix and stain (647PAX8)/30.czi	pax8	11	204.57504879807757	0.17215341060659295	0.03352827860102556	0.028807354013088583	0.02212743323841979
baseline	30	data/2026-02-27-magnet-print(FOXF1 cells)/day5 after fix and stain (647PAX8)/30.czi	pax8	12	222.3641834761713	0.013229174336765013	0.0010287952158954342	0.00650423850118644	0.00017557674697489517
baseline	30	data/2026-02-27-magnet-print(FOXF1 cells)/day5 after fix and stain (647PAX8)/30.czi	pax8	13	240.15331815426498		0.0	9.773733254755394e-05	0.0
baseline	30	data/2026-02-27-magnet-print(FOXF1 cells)/day5 after fix and stain (647PAX8)/30.czi	pax8	14	257.9424528323587		0.0	0.0	0.0
baseline	30	data/2026-02-27-magnet-print(FOXF1 cells)/day5 after fix and stain (647PAX8)/30.czi	pax8	15	275.7315875104524		0.0	0.0	0.0
baseline	30	data/2026-02-27-magnet-print(FOXF1 cells)/day5 after fix and stain (647PAX8)/30.czi	pax8	16	293.5207221885461		0.0	0.0	0.0
baseline	30	data/2026-02-27-magnet-print(FOXF1 cells)/day5 after fix and stain (647PAX8)/30.czi	pax8	17	311.30985686663985		0.0	0.0	0.0
baseline	30	data/2026-02-27-magnet-print(FOXF1 cells)/day5 after fix and stain (647PAX8)/30.czi	pax8	18	329.0989915447335		0.0	0.0	0.0
baseline	30	data/2026-02-27-magnet-print(FOXF1 cells)/day5 after fix and stain (647PAX8)/30.czi	pax8	19	346.88812622282717		0.0	0.0	0.0
baseline	30	data/2026-02-27-magnet-print(FOXF1 cells)/day5 after fix and stain (647PAX8)/30.czi	pax8	20	364.67726090092094				
baseline	30	data/2026-02-27-magnet-print(FOXF1 cells)/day5 after fix and stain (647PAX8)/30.czi	pax8	21	382.4663955790146				
baseline	30	data/2026-02-27-magnet-print(FOXF1 cells)/day5 after fix and stain (647PAX8)/30.czi	pax8	22	400.25553025710826				
baseline	30	data/2026-02-27-magnet-print(FOXF1 cells)/day5 after fix and stain (647PAX8)/30.czi	pax8	23	418.04466493520204				
