cfp_bin	foxf1_bin	pixel_count
0	0	653858
0	1	252742
0	2	248667
0	3	263610
0	4	280169
0	5	288350
0	6	294434
0	7	293779
0	8	292548
0	9	284351
0	10	276566
0	11	269594
0	12	257469
0	13	245311
0	14	233304
0	15	220998
0	16	207510
0	17	193915
0	18	181745
0	19	169719
0	20	157414
0	21	146782
0	22	135641
0	23	126432
0	24	116241
0	25	107322
0	26	99249
0	27	92161
0	28	84514
0	29	77915
0	30	72029
0	31	66626
0	32	61492
0	33	57111
0	34	52924
0	35	48901
0	36	45309
0	37	41922
0	38	39197
0	39	36429
0	40	33788
0	41	31190
0	42	29334
0	43	27514
0	44	25674
0	45	23942
0	46	22451
0	47	21004
0	48	19920
0	49	18408
0	50	17389
0	51	16257
0	52	15585
0	53	14394
0	54	13687
0	55	13133
0	56	12347
0	57	11572
0	58	11044
0	59	10406
0	60	9825
0	61	9425
0	62	8999
0	63	8372
0	64	8135
0	65	7734
0	66	7497
0	67	7091
0	68	6806
0	69	6472
0	70	6240
0	71	5917
0	72	5726
0	73	5449
0	74	5245
0	75	5036
0	76	4868
0	77	4809
0	78	4610
0	79	4367
0	80	4189
0	81	4074
0	82	3939
0	83	3817
0	84	3705
0	85	3532
0	86	3403
0	87	3405
0	88	3217
0	89	3172
0	90	3057
0	91	3021
0	92	2856
0	93	2711
0	94	2650
0	95	2612
0	96	2554
0	97	2394
0	98	2360
0	99	2253
0	100	2242
0	101	2158
0	102	2032
0	103	1995
0	104	1976
0	105	1864
0	106	1790
0	107	1752
0	108	1740
0	109	1742
0	110	1595
0	111	1560
0	112	1539
0	113	1468
0	114	1455
0	115	1312
0	116	1320
0	117	1351
0	118	1301
0	119	1209
0	120	1182
0	121	1124
0	122	1047
0	123	1094
0	124	1007
0	125	1037
0	126	979
0	127	963
0	128	869
0	129	926
0	130	877
0	131	782
0	132	720
0	133	758
0	134	783
0	135	680
0	136	662
0	137	692
0	138	678
0	139	607
0	140	650
0	141	585
0	142	547
0	143	530
0	144	496
0	145	485
0	146	446
0	147	461
0	148	456
0	149	448
0	150	422
0	151	407
0	152	381
0	153	375
0	154	340
0	155	353
0	156	321
0	157	296
0	158	293
0	159	308
0	160	289
0	161	254
0	162	276
0	163	237
0	164	240
0	165	214
0	166	239
0	167	230
0	168	189
0	169	172
0	170	185
0	171	174
0	172	170
0	173	155
0	174	159
0	175	120
0	176	128
0	177	110
0	178	130
0	179	120
0	180	95
0	181	133
0	182	99
0	183	98
0	184	98
0	185	74
0	186	86
0	187	80
0	188	71
0	189	80
0	190	74
0	191	65
0	192	59
0	193	51
0	194	56
0	195	59
0	196	54
0	197	43
0	198	45
0	199	40
0	200	36
0	201	48
0	202	35
0	203	47
0	204	38
0	205	41
0	206	32
0	207	18
0	208	26
0	209	22
0	210	21
0	211	29
0	212	20
0	213	20
0	214	13
0	215	25
0	216	14
0	217	26
0	218	17
0	219	12
0	220	13
0	221	7
0	222	10
0	223	5
0	224	11
0	225	7
0	226	13
0	227	8
0	228	7
0	229	4
0	230	6
0	231	5
0	232	4
0	233	10
0	234	6
0	235	6
0	236	3
0	237	8
0	238	1
0	239	1
0	240	4
0	241	1
0	242	3
0	243	2
0	244	3
0	245	3
0	246	2
0	247	2
0	248	1
0	251	4
0	252	1
0	253	3
0	254	1
0	255	30
1	0	122546
1	1	43665
1	2	41638
1	3	43548
1	4	45941
1	5	46714
1	6	47206
1	7	47059
1	8	47070
1	9	45095
1	10	44311
1	11	42636
1	12	40687
1	13	38894
1	14	36714
1	15	35110
1	16	33081
1	17	30787
1	18	28723
1	19	27183
1	20	25269
1	21	23491
1	22	21812
1	23	20073
1	24	18980
1	25	17406
1	26	16064
1	27	14983
1	28	14010
1	29	12869
1	30	12116
1	31	11075
1	32	10288
1	33	9411
1	34	8805
1	35	8169
1	36	7519
1	37	7022
1	38	6605
1	39	6039
1	40	5650
1	41	5383
1	42	4851
1	43	4573
1	44	4327
1	45	4070
1	46	3676
1	47	3618
1	48	3279
1	49	2966
1	50	2849
1	51	2684
1	52	2577
1	53	2435
1	54	2213
1	55	2103
1	56	1946
1	57	1856
1	58	1729
1	59	1569
1	60	1539
1	61	1463
1	62	1435
1	63	1357
1	64	1308
1	65	1232
1	66	1244
1	67	1155
1	68	1048
1	69	1020
1	70	958
1	71	897
1	72	938
1	73	794
1	74	843
1	75	771
1	76	725
1	77	727
1	78	664
1	79	657
1	80	616
1	81	595
1	82	624
1	83	537
1	84	527
1	85	532
1	86	508
1	87	454
1	88	483
1	89	481
1	90	457
1	91	417
1	92	399
1	93	409
1	94	382
1	95	379
1	96	371
1	97	350
1	98	326
1	99	339
1	100	319
1	101	296
1	102	298
1	103	304
1	104	259
1	105	292
1	106	264
1	107	287
1	108	237
1	109	220
1	110	246
1	111	210
1	112	228
1	113	234
1	114	207
1	115	200
1	116	203
1	117	181
1	118	191
1	119	176
1	120	157
1	121	156
1	122	155
1	123	166
1	124	126
1	125	132
1	126	125
1	127	136
1	128	135
1	129	92
1	130	123
1	131	105
1	132	124
1	133	99
1	134	87
1	135	96
1	136	92
1	137	94
1	138	93
1	139	86
1	140	82
1	141	82
1	142	64
1	143	83
1	144	52
1	145	62
1	146	58
1	147	65
1	148	55
1	149	58
1	150	55
1	151	67
1	152	63
1	153	42
1	154	45
1	155	50
1	156	38
1	157	47
1	158	37
1	159	41
1	160	40
1	161	35
1	162	32
1	163	25
1	164	33
1	165	28
1	166	27
1	167	33
1	168	22
1	169	18
1	170	19
1	171	18
1	172	21
1	173	16
1	174	23
1	175	16
1	176	21
1	177	19
1	178	21
1	179	7
1	180	10
1	181	18
1	182	14
1	183	13
1	184	8
1	185	12
1	186	10
1	187	12
1	188	6
1	189	10
1	190	7
1	191	10
1	192	5
1	193	4
1	194	10
1	195	4
1	196	12
1	197	4
1	198	5
1	199	3
1	200	9
1	201	9
1	202	6
1	203	4
1	204	7
1	205	3
1	206	2
1	207	6
1	208	4
1	209	5
1	210	5
1	211	1
1	212	4
1	213	4
1	214	2
1	215	2
1	216	1
1	217	1
1	218	1
1	220	2
1	222	1
1	223	1
1	224	2
1	225	3
1	227	1
1	229	3
1	231	1
1	232	2
1	234	2
1	240	1
1	245	1
1	246	2
1	247	1
1	251	1
1	253	1
1	255	3
2	0	179865
2	1	62905
2	2	59517
2	3	62036
2	4	65132
2	5	67190
2	6	68396
2	7	68194
2	8	67824
2	9	66849
2	10	65491
2	11	63851
2	12	61118
2	13	58626
2	14	56233
2	15	54033
2	16	51052
2	17	48565
2	18	45519
2	19	42994
2	20	40216
2	21	38274
2	22	36157
2	23	33575
2	24	31266
2	25	29397
2	26	27029
2	27	25652
2	28	23685
2	29	22277
2	30	20706
2	31	19126
2	32	17892
2	33	16586
2	34	15505
2	35	14466
2	36	13351
2	37	12276
2	38	11406
2	39	10682
2	40	9792
2	41	9353
2	42	8452
2	43	7952
2	44	7312
2	45	6913
2	46	6397
2	47	5960
2	48	5597
2	49	5133
2	50	4734
2	51	4470
2	52	4169
2	53	3967
2	54	3600
2	55	3400
2	56	3142
2	57	2950
2	58	2803
2	59	2684
2	60	2416
2	61	2274
2	62	2102
2	63	2015
2	64	1910
2	65	1788
2	66	1692
2	67	1608
2	68	1507
2	69	1426
2	70	1356
2	71	1320
2	72	1180
2	73	1204
2	74	1104
2	75	1068
2	76	1008
2	77	1002
2	78	936
2	79	859
2	80	861
2	81	803
2	82	792
2	83	737
2	84	726
2	85	696
2	86	676
2	87	652
2	88	628
2	89	607
2	90	575
2	91	553
2	92	548
2	93	500
2	94	506
2	95	492
2	96	429
2	97	448
2	98	475
2	99	446
2	100	346
2	101	338
2	102	383
2	103	338
2	104	295
2	105	339
2	106	330
2	107	271
2	108	293
2	109	288
2	110	277
2	111	284
2	112	263
2	113	248
2	114	251
2	115	227
2	116	237
2	117	206
2	118	207
2	119	205
2	120	191
2	121	211
2	122	198
2	123	188
2	124	145
2	125	169
2	126	160
2	127	138
2	128	132
2	129	142
2	130	125
2	131	139
2	132	113
2	133	121
2	134	109
2	135	101
2	136	96
2	137	104
2	138	94
2	139	98
2	140	102
2	141	87
2	142	86
2	143	71
2	144	74
2	145	78
2	146	71
2	147	83
2	148	70
2	149	81
2	150	68
2	151	68
2	152	50
2	153	57
2	154	64
2	155	65
2	156	50
2	157	49
2	158	43
2	159	40
2	160	49
2	161	46
2	162	40
2	163	41
2	164	34
2	165	32
2	166	20
2	167	32
2	168	35
2	169	31
2	170	29
2	171	25
2	172	29
2	173	22
2	174	16
2	175	21
2	176	22
2	177	17
2	178	24
2	179	21
2	180	15
2	181	16
2	182	9
2	183	12
2	184	14
2	185	15
2	186	10
2	187	11
2	188	10
2	189	11
2	190	5
2	191	11
2	192	8
2	193	9
2	194	7
2	195	11
2	196	2
2	197	6
2	198	10
2	199	8
2	200	6
2	201	9
2	202	5
2	203	4
2	204	8
2	205	4
2	206	3
2	207	2
2	208	3
2	209	2
2	210	1
2	211	2
2	212	3
2	213	4
2	215	4
2	216	3
2	217	4
2	218	1
2	219	2
2	220	1
2	221	2
2	222	1
2	223	3
2	225	1
2	226	1
2	230	2
2	231	1
2	232	3
2	233	1
2	235	1
2	237	1
2	240	1
2	242	1
2	244	1
2	245	2
2	247	1
2	255	6
3	0	179793
3	1	63560
3	2	60820
3	3	63309
3	4	66253
3	5	68396
3	6	69929
3	7	69537
3	8	69227
3	9	68731
3	10	66979
3	11	65223
3	12	62930
3	13	60715
3	14	57937
3	15	55705
3	16	53356
3	17	49726
3	18	47209
3	19	44979
3	20	42220
3	21	39779
3	22	37238
3	23	35151
3	24	32636
3	25	30492
3	26	28490
3	27	26681
3	28	24790
3	29	23180
3	30	21699
3	31	20105
3	32	18739
3	33	17270
3	34	16313
3	35	14807
3	36	13981
3	37	12891
3	38	11774
3	39	11125
3	40	10458
3	41	9576
3	42	8993
3	43	8127
3	44	7673
3	45	7131
3	46	6649
3	47	6338
3	48	5710
3	49	5337
3	50	5007
3	51	4609
3	52	4438
3	53	4085
3	54	3832
3	55	3605
3	56	3295
3	57	3025
3	58	2936
3	59	2703
3	60	2530
3	61	2356
3	62	2338
3	63	2092
3	64	1961
3	65	1944
3	66	1734
3	67	1673
3	68	1602
3	69	1470
3	70	1345
3	71	1378
3	72	1236
3	73	1217
3	74	1207
3	75	1081
3	76	1065
3	77	1001
3	78	988
3	79	884
3	80	878
3	81	854
3	82	827
3	83	741
3	84	721
3	85	750
3	86	683
3	87	677
3	88	637
3	89	627
3	90	581
3	91	531
3	92	501
3	93	472
3	94	502
3	95	454
3	96	522
3	97	428
3	98	406
3	99	393
3	100	433
3	101	339
3	102	379
3	103	382
3	104	329
3	105	315
3	106	301
3	107	306
3	108	291
3	109	301
3	110	254
3	111	268
3	112	261
3	113	270
3	114	222
3	115	235
3	116	239
3	117	205
3	118	226
3	119	197
3	120	191
3	121	199
3	122	179
3	123	144
3	124	165
3	125	168
3	126	172
3	127	174
3	128	153
3	129	146
3	130	121
3	131	133
3	132	118
3	133	136
3	134	120
3	135	125
3	136	89
3	137	104
3	138	110
3	139	91
3	140	92
3	141	93
3	142	102
3	143	79
3	144	67
3	145	85
3	146	79
3	147	72
3	148	74
3	149	61
3	150	42
3	151	57
3	152	54
3	153	52
3	154	53
3	155	51
3	156	53
3	157	46
3	158	35
3	159	45
3	160	45
3	161	28
3	162	44
3	163	33
3	164	45
3	165	36
3	166	28
3	167	28
3	168	27
3	169	21
3	170	21
3	171	27
3	172	29
3	173	19
3	174	26
3	175	25
3	176	15
3	177	15
3	178	17
3	179	19
3	180	15
3	181	16
3	182	12
3	183	16
3	184	20
3	185	10
3	186	21
3	187	9
3	188	5
3	189	9
3	190	10
3	191	10
3	192	4
3	193	8
3	194	11
3	195	5
3	196	7
3	197	4
3	198	7
3	199	5
3	200	8
3	201	7
3	202	3
3	203	4
3	204	5
3	205	7
3	206	11
3	207	5
3	208	7
3	209	5
3	210	3
3	211	5
3	212	2
3	213	3
3	214	3
3	215	3
3	216	1
3	217	2
3	218	3
3	219	1
3	220	3
3	221	2
3	222	2
3	223	2
3	224	2
3	225	3
3	226	3
3	227	1
3	228	2
3	229	1
3	230	1
3	232	1
3	234	3
3	235	2
3	236	1
3	238	2
3	241	2
3	243	3
3	247	1
3	248	1
3	250	1
3	251	1
3	255	8
4	0	109000
4	1	45740
4	2	45639
4	3	48494
4	4	51339
4	5	53604
4	6	54413
4	7	55394
4	8	55809
4	9	54580
4	10	53755
4	11	52766
4	12	50947
4	13	49183
4	14	47140
4	15	45361
4	16	43137
4	17	41124
4	18	39015
4	19	36629
4	20	34536
4	21	32680
4	22	30439
4	23	28887
4	24	26996
4	25	25217
4	26	23365
4	27	22047
4	28	20465
4	29	19230
4	30	17955
4	31	16368
4	32	15226
4	33	14381
4	34	13094
4	35	12157
4	36	11530
4	37	10640
4	38	9947
4	39	9053
4	40	8584
4	41	7846
4	42	7248
4	43	6888
4	44	6392
4	45	6118
4	46	5525
4	47	5191
4	48	4858
4	49	4365
4	50	4153
4	51	3921
4	52	3583
4	53	3492
4	54	3112
4	55	3010
4	56	2761
4	57	2756
4	58	2528
4	59	2357
4	60	2162
4	61	2119
4	62	1984
4	63	1889
4	64	1771
4	65	1612
4	66	1544
4	67	1445
4	68	1418
4	69	1377
4	70	1311
4	71	1217
4	72	1159
4	73	1086
4	74	1044
4	75	996
4	76	962
4	77	903
4	78	866
4	79	857
4	80	775
4	81	777
4	82	750
4	83	699
4	84	690
4	85	629
4	86	640
4	87	597
4	88	589
4	89	612
4	90	583
4	91	495
4	92	516
4	93	535
4	94	476
4	95	451
4	96	417
4	97	425
4	98	421
4	99	407
4	100	375
4	101	388
4	102	383
4	103	382
4	104	375
4	105	356
4	106	315
4	107	324
4	108	311
4	109	294
4	110	301
4	111	273
4	112	234
4	113	242
4	114	237
4	115	234
4	116	249
4	117	238
4	118	214
4	119	194
4	120	195
4	121	197
4	122	168
4	123	183
4	124	166
4	125	179
4	126	165
4	127	128
4	128	142
4	129	153
4	130	132
4	131	148
4	132	121
4	133	120
4	134	126
4	135	104
4	136	110
4	137	117
4	138	101
4	139	101
4	140	98
4	141	98
4	142	86
4	143	87
4	144	98
4	145	86
4	146	85
4	147	62
4	148	53
4	149	68
4	150	62
4	151	73
4	152	68
4	153	67
4	154	61
4	155	51
4	156	52
4	157	36
4	158	46
4	159	47
4	160	42
4	161	43
4	162	60
4	163	37
4	164	28
4	165	27
4	166	40
4	167	35
4	168	27
4	169	45
4	170	27
4	171	28
4	172	32
4	173	28
4	174	27
4	175	16
4	176	20
4	177	25
4	178	17
4	179	17
4	180	15
4	181	17
4	182	14
4	183	13
4	184	19
4	185	25
4	186	14
4	187	17
4	188	4
4	189	11
4	190	8
4	191	10
4	192	6
4	193	9
4	194	11
4	195	9
4	196	8
4	197	10
4	198	9
4	199	11
4	200	3
4	201	8
4	202	7
4	203	4
4	204	7
4	205	3
4	206	5
4	207	4
4	208	6
4	209	7
4	210	1
4	211	3
4	212	6
4	213	6
4	214	6
4	215	6
4	216	2
4	217	2
4	218	2
4	219	1
4	221	2
4	222	2
4	224	1
4	225	1
4	226	1
4	227	4
4	229	3
4	230	4
4	231	1
4	232	2
4	233	2
4	234	1
4	236	1
4	237	2
4	241	1
4	242	1
4	244	1
4	246	2
4	247	1
4	248	1
4	249	1
4	251	2
4	252	1
4	255	5
5	0	108309
5	1	45548
5	2	44584
5	3	47899
5	4	50774
5	5	53510
5	6	54526
5	7	55111
5	8	55548
5	9	54617
5	10	53803
5	11	52837
5	12	50482
5	13	49204
5	14	47126
5	15	45345
5	16	43305
5	17	41444
5	18	38823
5	19	36455
5	20	34468
5	21	32255
5	22	30419
5	23	28834
5	24	26656
5	25	25047
5	26	23273
5	27	21880
5	28	20273
5	29	18936
5	30	17794
5	31	16475
5	32	15679
5	33	14337
5	34	13130
5	35	12165
5	36	11435
5	37	10559
5	38	9985
5	39	9180
5	40	8296
5	41	7832
5	42	7435
5	43	6916
5	44	6219
5	45	5942
5	46	5562
5	47	5157
5	48	4780
5	49	4431
5	50	4316
5	51	3892
5	52	3644
5	53	3424
5	54	3242
5	55	2935
5	56	2784
5	57	2748
5	58	2536
5	59	2329
5	60	2213
5	61	2054
5	62	1911
5	63	1828
5	64	1785
5	65	1754
5	66	1569
5	67	1518
5	68	1458
5	69	1331
5	70	1312
5	71	1243
5	72	1166
5	73	1080
5	74	1068
5	75	987
5	76	947
5	77	978
5	78	878
5	79	867
5	80	766
5	81	826
5	82	759
5	83	771
5	84	700
5	85	685
5	86	650
5	87	579
5	88	568
5	89	563
5	90	521
5	91	500
5	92	491
5	93	509
5	94	507
5	95	469
5	96	463
5	97	438
5	98	455
5	99	382
5	100	407
5	101	356
5	102	346
5	103	336
5	104	342
5	105	346
5	106	312
5	107	301
5	108	298
5	109	261
5	110	296
5	111	251
5	112	248
5	113	231
5	114	270
5	115	220
5	116	216
5	117	216
5	118	236
5	119	181
5	120	198
5	121	177
5	122	211
5	123	165
5	124	178
5	125	158
5	126	164
5	127	147
5	128	173
5	129	142
5	130	129
5	131	126
5	132	137
5	133	123
5	134	119
5	135	119
5	136	100
5	137	107
5	138	108
5	139	94
5	140	98
5	141	101
5	142	94
5	143	87
5	144	74
5	145	77
5	146	77
5	147	77
5	148	67
5	149	74
5	150	69
5	151	65
5	152	57
5	153	73
5	154	60
5	155	57
5	156	52
5	157	55
5	158	46
5	159	44
5	160	50
5	161	25
5	162	43
5	163	42
5	164	47
5	165	34
5	166	47
5	167	49
5	168	23
5	169	29
5	170	28
5	171	27
5	172	20
5	173	22
5	174	18
5	175	20
5	176	21
5	177	26
5	178	23
5	179	24
5	180	17
5	181	7
5	182	18
5	183	19
5	184	10
5	185	16
5	186	10
5	187	11
5	188	12
5	189	15
5	190	8
5	191	11
5	192	10
5	193	6
5	194	13
5	195	9
5	196	10
5	197	7
5	198	8
5	199	11
5	200	8
5	201	6
5	202	7
5	203	3
5	204	6
5	205	6
5	206	4
5	207	1
5	208	5
5	209	3
5	210	3
5	211	2
5	212	2
5	213	3
5	214	4
5	215	4
5	216	5
5	217	7
5	218	1
5	219	3
5	220	6
5	221	2
5	222	2
5	223	1
5	224	5
5	225	3
5	226	3
5	228	1
5	230	2
5	231	3
5	233	2
5	234	1
5	235	2
5	237	2
5	238	1
5	242	1
5	243	1
5	244	1
5	255	9
6	0	117654
6	1	53937
6	2	55504
6	3	60753
6	4	66416
6	5	69574
6	6	71858
6	7	73080
6	8	74455
6	9	73600
6	10	72950
6	11	71287
6	12	69064
6	13	66829
6	14	63806
6	15	61513
6	16	58163
6	17	55117
6	18	51815
6	19	48566
6	20	45345
6	21	42555
6	22	39501
6	23	37279
6	24	34431
6	25	32030
6	26	29467
6	27	27665
6	28	25827
6	29	23844
6	30	22012
6	31	20233
6	32	18670
6	33	17437
6	34	16182
6	35	15057
6	36	13987
6	37	13148
6	38	12097
6	39	11251
6	40	10337
6	41	9792
6	42	9101
6	43	8304
6	44	7871
6	45	7360
6	46	6933
6	47	6433
6	48	5967
6	49	5518
6	50	5382
6	51	4822
6	52	4691
6	53	4283
6	54	3969
6	55	3665
6	56	3498
6	57	3297
6	58	3194
6	59	2976
6	60	2779
6	61	2684
6	62	2623
6	63	2451
6	64	2243
6	65	2206
6	66	2140
6	67	2039
6	68	1906
6	69	1799
6	70	1744
6	71	1685
6	72	1612
6	73	1594
6	74	1469
6	75	1453
6	76	1389
6	77	1308
6	78	1317
6	79	1230
6	80	1193
6	81	1174
6	82	1047
6	83	1038
6	84	998
6	85	981
6	86	983
6	87	964
6	88	916
6	89	960
6	90	852
6	91	775
6	92	820
6	93	791
6	94	758
6	95	750
6	96	689
6	97	667
6	98	674
6	99	643
6	100	623
6	101	635
6	102	570
6	103	574
6	104	505
6	105	555
6	106	540
6	107	507
6	108	455
6	109	448
6	110	490
6	111	417
6	112	449
6	113	407
6	114	413
6	115	327
6	116	382
6	117	374
6	118	361
6	119	326
6	120	362
6	121	324
6	122	309
6	123	307
6	124	297
6	125	277
6	126	277
6	127	266
6	128	268
6	129	256
6	130	256
6	131	252
6	132	245
6	133	230
6	134	215
6	135	187
6	136	212
6	137	205
6	138	179
6	139	180
6	140	181
6	141	160
6	142	143
6	143	157
6	144	166
6	145	130
6	146	125
6	147	110
6	148	132
6	149	130
6	150	135
6	151	113
6	152	108
6	153	113
6	154	97
6	155	77
6	156	100
6	157	89
6	158	86
6	159	92
6	160	70
6	161	69
6	162	65
6	163	73
6	164	76
6	165	64
6	166	64
6	167	53
6	168	62
6	169	65
6	170	52
6	171	49
6	172	55
6	173	42
6	174	48
6	175	47
6	176	34
6	177	38
6	178	36
6	179	40
6	180	29
6	181	38
6	182	22
6	183	34
6	184	23
6	185	19
6	186	27
6	187	25
6	188	18
6	189	14
6	190	20
6	191	23
6	192	17
6	193	14
6	194	14
6	195	13
6	196	21
6	197	9
6	198	9
6	199	11
6	200	17
6	201	14
6	202	15
6	203	8
6	204	10
6	205	8
6	206	8
6	207	8
6	208	8
6	209	8
6	210	10
6	211	4
6	212	4
6	213	7
6	214	5
6	215	6
6	216	3
6	217	5
6	218	5
6	219	3
6	220	9
6	221	2
6	222	1
6	223	3
6	224	3
6	225	4
6	226	1
6	227	3
6	228	6
6	229	2
6	230	1
6	231	2
6	232	2
6	233	5
6	234	1
6	235	1
6	236	2
6	237	2
6	245	1
6	246	2
6	249	1
6	250	2
6	251	3
6	252	1
6	255	21
7	0	100845
7	1	42228
7	2	42301
7	3	45661
7	4	48865
7	5	51848
7	6	54043
7	7	55013
7	8	55668
7	9	55418
7	10	54736
7	11	53796
7	12	51886
7	13	50218
7	14	48482
7	15	46225
7	16	44595
7	17	41941
7	18	39832
7	19	37651
7	20	35371
7	21	33220
7	22	31312
7	23	29689
7	24	27366
7	25	25418
7	26	23752
7	27	21815
7	28	20548
7	29	19388
7	30	17977
7	31	16801
7	32	15525
7	33	14283
7	34	13505
7	35	12345
7	36	11366
7	37	10760
7	38	9912
7	39	9186
7	40	8505
7	41	8040
7	42	7401
7	43	6831
7	44	6291
7	45	5944
7	46	5503
7	47	5172
7	48	4807
7	49	4509
7	50	4257
7	51	3919
7	52	3688
7	53	3377
7	54	3116
7	55	3061
7	56	2877
7	57	2642
7	58	2462
7	59	2321
7	60	2372
7	61	2105
7	62	1995
7	63	1880
7	64	1756
7	65	1623
7	66	1572
7	67	1550
7	68	1421
7	69	1379
7	70	1377
7	71	1228
7	72	1109
7	73	1209
7	74	1045
7	75	1056
7	76	971
7	77	973
7	78	916
7	79	849
7	80	863
7	81	804
7	82	822
7	83	822
7	84	757
7	85	728
7	86	667
7	87	655
7	88	635
7	89	631
7	90	616
7	91	570
7	92	583
7	93	548
7	94	517
7	95	502
7	96	464
7	97	470
7	98	456
7	99	448
7	100	394
7	101	403
7	102	398
7	103	400
7	104	356
7	105	376
7	106	346
7	107	341
7	108	352
7	109	324
7	110	320
7	111	307
7	112	286
7	113	292
7	114	290
7	115	280
7	116	261
7	117	271
7	118	255
7	119	243
7	120	229
7	121	223
7	122	230
7	123	204
7	124	173
7	125	182
7	126	181
7	127	181
7	128	181
7	129	166
7	130	171
7	131	187
7	132	138
7	133	162
7	134	147
7	135	132
7	136	162
7	137	123
7	138	117
7	139	122
7	140	107
7	141	101
7	142	99
7	143	107
7	144	101
7	145	89
7	146	102
7	147	82
7	148	77
7	149	69
7	150	80
7	151	70
7	152	66
7	153	58
7	154	77
7	155	57
7	156	56
7	157	51
7	158	54
7	159	61
7	160	61
7	161	54
7	162	49
7	163	53
7	164	45
7	165	39
7	166	36
7	167	28
7	168	30
7	169	43
7	170	28
7	171	35
7	172	29
7	173	27
7	174	26
7	175	32
7	176	30
7	177	24
7	178	26
7	179	26
7	180	22
7	181	28
7	182	20
7	183	17
7	184	16
7	185	15
7	186	17
7	187	16
7	188	17
7	189	15
7	190	16
7	191	7
7	192	19
7	193	17
7	194	10
7	195	10
7	196	10
7	197	9
7	198	7
7	199	6
7	200	7
7	201	12
7	202	11
7	203	7
7	204	4
7	205	4
7	206	5
7	207	6
7	208	1
7	209	1
7	210	1
7	211	6
7	212	4
7	213	2
7	214	3
7	215	4
7	216	1
7	217	5
7	218	3
7	219	2
7	220	1
7	221	6
7	222	4
7	223	3
7	225	1
7	226	2
7	227	3
7	228	2
7	229	2
7	230	1
7	231	1
7	233	2
7	234	3
7	235	1
7	237	2
7	240	1
7	242	1
7	243	1
7	246	1
7	247	1
7	255	9
8	0	100538
8	1	42292
8	2	41924
8	3	45781
8	4	49184
8	5	52072
8	6	54091
8	7	54748
8	8	55221
8	9	55306
8	10	54891
8	11	53705
8	12	52523
8	13	50693
8	14	48271
8	15	46322
8	16	44022
8	17	42028
8	18	39700
8	19	37650
8	20	35319
8	21	32914
8	22	31269
8	23	29409
8	24	27042
8	25	25586
8	26	23789
8	27	22155
8	28	20582
8	29	19168
8	30	17817
8	31	16641
8	32	15499
8	33	14350
8	34	13424
8	35	12214
8	36	11689
8	37	10780
8	38	9872
8	39	9352
8	40	8492
8	41	7802
8	42	7276
8	43	6886
8	44	6245
8	45	6011
8	46	5520
8	47	5188
8	48	4874
8	49	4455
8	50	4179
8	51	3855
8	52	3648
8	53	3464
8	54	3232
8	55	2921
8	56	2786
8	57	2654
8	58	2536
8	59	2311
8	60	2269
8	61	2120
8	62	1983
8	63	1883
8	64	1717
8	65	1603
8	66	1607
8	67	1570
8	68	1517
8	69	1342
8	70	1284
8	71	1251
8	72	1123
8	73	1156
8	74	1107
8	75	1065
8	76	978
8	77	927
8	78	925
8	79	895
8	80	815
8	81	781
8	82	760
8	83	793
8	84	724
8	85	732
8	86	700
8	87	660
8	88	620
8	89	631
8	90	586
8	91	568
8	92	548
8	93	515
8	94	558
8	95	475
8	96	476
8	97	468
8	98	476
8	99	447
8	100	425
8	101	399
8	102	398
8	103	428
8	104	355
8	105	353
8	106	330
8	107	338
8	108	321
8	109	315
8	110	317
8	111	274
8	112	300
8	113	255
8	114	258
8	115	284
8	116	260
8	117	255
8	118	225
8	119	220
8	120	253
8	121	220
8	122	199
8	123	200
8	124	212
8	125	200
8	126	180
8	127	178
8	128	194
8	129	150
8	130	153
8	131	167
8	132	155
8	133	144
8	134	135
8	135	134
8	136	158
8	137	109
8	138	127
8	139	112
8	140	97
8	141	104
8	142	89
8	143	98
8	144	98
8	145	90
8	146	94
8	147	85
8	148	85
8	149	89
8	150	66
8	151	81
8	152	77
8	153	55
8	154	72
8	155	49
8	156	75
8	157	42
8	158	59
8	159	61
8	160	52
8	161	37
8	162	52
8	163	46
8	164	51
8	165	37
8	166	33
8	167	33
8	168	44
8	169	32
8	170	34
8	171	33
8	172	30
8	173	25
8	174	20
8	175	27
8	176	38
8	177	21
8	178	18
8	179	22
8	180	24
8	181	22
8	182	19
8	183	17
8	184	18
8	185	16
8	186	11
8	187	13
8	188	20
8	189	15
8	190	17
8	191	10
8	192	14
8	193	10
8	194	12
8	195	13
8	196	11
8	197	13
8	198	9
8	199	6
8	200	7
8	201	7
8	202	9
8	203	3
8	204	6
8	205	4
8	206	7
8	207	5
8	208	5
8	209	6
8	210	9
8	211	3
8	212	4
8	213	2
8	214	3
8	215	2
8	216	3
8	217	6
8	218	1
8	219	1
8	220	1
8	221	3
8	222	2
8	223	3
8	224	2
8	225	3
8	226	2
8	227	2
8	229	1
8	230	2
8	231	2
8	232	1
8	233	3
8	234	2
8	235	1
8	237	2
8	238	3
8	240	3
8	241	2
8	242	2
8	243	2
8	247	1
8	248	1
8	255	6
9	0	121228
9	1	52015
9	2	51755
9	3	56109
9	4	60479
9	5	63890
9	6	66063
9	7	67897
9	8	69249
9	9	68855
9	10	67879
9	11	67368
9	12	65833
9	13	64016
9	14	62027
9	15	59941
9	16	57600
9	17	54647
9	18	52012
9	19	49469
9	20	46672
9	21	43836
9	22	41457
9	23	39296
9	24	36729
9	25	34789
9	26	32235
9	27	30273
9	28	28314
9	29	26390
9	30	24838
9	31	23004
9	32	21379
9	33	19701
9	34	18466
9	35	17082
9	36	15858
9	37	14837
9	38	13828
9	39	12725
9	40	11764
9	41	10980
9	42	10167
9	43	9277
9	44	8861
9	45	8237
9	46	7585
9	47	6928
9	48	6326
9	49	6053
9	50	5652
9	51	5147
9	52	4850
9	53	4403
9	54	4301
9	55	3930
9	56	3668
9	57	3468
9	58	3069
9	59	3014
9	60	2808
9	61	2676
9	62	2507
9	63	2392
9	64	2187
9	65	2022
9	66	1987
9	67	1826
9	68	1794
9	69	1580
9	70	1538
9	71	1412
9	72	1335
9	73	1368
9	74	1227
9	75	1252
9	76	1176
9	77	1074
9	78	1110
9	79	1012
9	80	964
9	81	866
9	82	853
9	83	889
9	84	819
9	85	784
9	86	741
9	87	702
9	88	733
9	89	646
9	90	671
9	91	652
9	92	612
9	93	602
9	94	607
9	95	505
9	96	512
9	97	513
9	98	491
9	99	508
9	100	493
9	101	441
9	102	429
9	103	391
9	104	397
9	105	369
9	106	392
9	107	370
9	108	357
9	109	353
9	110	327
9	111	343
9	112	352
9	113	311
9	114	313
9	115	290
9	116	300
9	117	277
9	118	264
9	119	252
9	120	267
9	121	236
9	122	228
9	123	217
9	124	212
9	125	202
9	126	184
9	127	219
9	128	194
9	129	178
9	130	165
9	131	176
9	132	151
9	133	158
9	134	144
9	135	138
9	136	131
9	137	140
9	138	130
9	139	118
9	140	125
9	141	119
9	142	125
9	143	106
9	144	98
9	145	108
9	146	89
9	147	104
9	148	72
9	149	92
9	150	94
9	151	72
9	152	70
9	153	79
9	154	71
9	155	63
9	156	69
9	157	68
9	158	55
9	159	43
9	160	47
9	161	57
9	162	59
9	163	52
9	164	37
9	165	45
9	166	44
9	167	51
9	168	36
9	169	26
9	170	38
9	171	29
9	172	32
9	173	35
9	174	31
9	175	25
9	176	33
9	177	18
9	178	27
9	179	25
9	180	24
9	181	22
9	182	28
9	183	17
9	184	21
9	185	18
9	186	12
9	187	14
9	188	12
9	189	6
9	190	11
9	191	8
9	192	9
9	193	13
9	194	4
9	195	12
9	196	15
9	197	12
9	198	7
9	199	6
9	200	12
9	201	7
9	202	8
9	203	5
9	204	3
9	205	6
9	206	7
9	207	5
9	208	8
9	209	8
9	210	3
9	211	7
9	212	4
9	214	4
9	215	3
9	217	5
9	218	2
9	219	1
9	220	6
9	221	5
9	222	2
9	223	1
9	224	2
9	225	5
9	226	1
9	227	4
9	228	1
9	229	1
9	230	1
9	231	3
9	232	2
9	233	1
9	234	3
9	235	1
9	239	2
9	240	3
9	250	2
9	251	1
9	252	2
9	253	1
9	255	6
10	0	68605
10	1	34790
10	2	36083
10	3	39736
10	4	43362
10	5	46025
10	6	48621
10	7	49776
10	8	50672
10	9	50562
10	10	50654
10	11	50187
10	12	49119
10	13	47691
10	14	45955
10	15	44352
10	16	41927
10	17	40438
10	18	38030
10	19	36277
10	20	34238
10	21	32088
10	22	30193
10	23	28631
10	24	26683
10	25	24987
10	26	23326
10	27	21943
10	28	20299
10	29	18762
10	30	17520
10	31	16290
10	32	15188
10	33	14067
10	34	13273
10	35	12359
10	36	11283
10	37	10512
10	38	9717
10	39	8930
10	40	8481
10	41	7767
10	42	7241
10	43	6749
10	44	6289
10	45	5889
10	46	5391
10	47	5004
10	48	4714
10	49	4448
10	50	4061
10	51	3802
10	52	3567
10	53	3267
10	54	2970
10	55	2813
10	56	2712
10	57	2471
10	58	2322
10	59	2217
10	60	2027
10	61	1962
10	62	1930
10	63	1738
10	64	1736
10	65	1562
10	66	1517
10	67	1387
10	68	1267
10	69	1278
10	70	1248
10	71	1121
10	72	1112
10	73	1069
10	74	986
10	75	917
10	76	908
10	77	880
10	78	889
10	79	799
10	80	731
10	81	752
10	82	713
10	83	701
10	84	674
10	85	653
10	86	599
10	87	618
10	88	619
10	89	580
10	90	539
10	91	535
10	92	502
10	93	484
10	94	482
10	95	479
10	96	458
10	97	454
10	98	450
10	99	437
10	100	369
10	101	342
10	102	352
10	103	358
10	104	347
10	105	339
10	106	337
10	107	326
10	108	332
10	109	302
10	110	283
10	111	292
10	112	267
10	113	237
10	114	265
10	115	264
10	116	252
10	117	235
10	118	225
10	119	234
10	120	199
10	121	237
10	122	221
10	123	184
10	124	151
10	125	177
10	126	194
10	127	165
10	128	148
10	129	166
10	130	152
10	131	170
10	132	129
10	133	138
10	134	129
10	135	139
10	136	125
10	137	130
10	138	120
10	139	119
10	140	108
10	141	97
10	142	92
10	143	90
10	144	106
10	145	78
10	146	88
10	147	91
10	148	73
10	149	72
10	150	54
10	151	75
10	152	65
10	153	56
10	154	68
10	155	52
10	156	56
10	157	64
10	158	54
10	159	61
10	160	47
10	161	62
10	162	49
10	163	48
10	164	52
10	165	37
10	166	41
10	167	38
10	168	30
10	169	38
10	170	50
10	171	24
10	172	36
10	173	30
10	174	28
10	175	37
10	176	30
10	177	21
10	178	21
10	179	22
10	180	22
10	181	18
10	182	16
10	183	17
10	184	17
10	185	19
10	186	21
10	187	13
10	188	18
10	189	5
10	190	14
10	191	10
10	192	15
10	193	15
10	194	17
10	195	3
10	196	9
10	197	12
10	198	11
10	199	6
10	200	7
10	201	6
10	202	9
10	203	7
10	204	8
10	205	7
10	206	4
10	207	5
10	208	1
10	209	6
10	210	3
10	211	5
10	212	7
10	213	3
10	214	3
10	215	3
10	217	3
10	218	2
10	219	6
10	220	1
10	221	3
10	222	3
10	223	2
10	224	2
10	225	3
10	226	2
10	227	3
10	228	1
10	229	3
10	230	2
10	231	2
10	234	1
10	237	1
10	238	2
10	239	1
10	241	1
10	242	1
10	245	1
10	247	1
10	248	2
10	251	1
10	255	4
11	0	69479
11	1	34844
11	2	35785
11	3	39583
11	4	43695
11	5	46473
11	6	48192
11	7	49648
11	8	50570
11	9	51071
11	10	50688
11	11	49815
11	12	49058
11	13	47203
11	14	46237
11	15	44390
11	16	42198
11	17	39975
11	18	38509
11	19	36185
11	20	34031
11	21	32388
11	22	30596
11	23	28368
11	24	26449
11	25	24932
11	26	23129
11	27	21765
11	28	20519
11	29	18697
11	30	17465
11	31	16491
11	32	15167
11	33	14258
11	34	13458
11	35	12106
11	36	11470
11	37	10634
11	38	9553
11	39	9123
11	40	8483
11	41	7809
11	42	7128
11	43	6701
11	44	6263
11	45	5637
11	46	5434
11	47	5010
11	48	4599
11	49	4367
11	50	4037
11	51	3904
11	52	3488
11	53	3251
11	54	3121
11	55	2941
11	56	2662
11	57	2494
11	58	2344
11	59	2176
11	60	2139
11	61	1933
11	62	1830
11	63	1776
11	64	1636
11	65	1611
11	66	1446
11	67	1354
11	68	1412
11	69	1192
11	70	1245
11	71	1178
11	72	1080
11	73	1016
11	74	1017
11	75	974
11	76	914
11	77	878
11	78	886
11	79	839
11	80	798
11	81	758
11	82	788
11	83	695
11	84	657
11	85	649
11	86	640
11	87	546
11	88	582
11	89	538
11	90	554
11	91	530
11	92	531
11	93	480
11	94	515
11	95	504
11	96	453
11	97	444
11	98	411
11	99	416
11	100	400
11	101	382
11	102	371
11	103	354
11	104	394
11	105	340
11	106	358
11	107	304
11	108	325
11	109	323
11	110	304
11	111	306
11	112	259
11	113	270
11	114	265
11	115	226
11	116	247
11	117	243
11	118	265
11	119	215
11	120	187
11	121	200
11	122	208
11	123	215
11	124	203
11	125	191
11	126	174
11	127	185
11	128	162
11	129	168
11	130	163
11	131	154
11	132	154
11	133	144
11	134	112
11	135	116
11	136	132
11	137	125
11	138	123
11	139	121
11	140	114
11	141	107
11	142	105
11	143	91
11	144	93
11	145	86
11	146	102
11	147	78
11	148	75
11	149	95
11	150	64
11	151	77
11	152	68
11	153	69
11	154	77
11	155	67
11	156	67
11	157	55
11	158	38
11	159	50
11	160	46
11	161	58
11	162	41
11	163	47
11	164	51
11	165	41
11	166	39
11	167	47
11	168	42
11	169	37
11	170	25
11	171	38
11	172	24
11	173	22
11	174	27
11	175	20
11	176	32
11	177	27
11	178	19
11	179	26
11	180	25
11	181	12
11	182	22
11	183	15
11	184	16
11	185	15
11	186	17
11	187	25
11	188	13
11	189	12
11	190	7
11	191	18
11	192	12
11	193	10
11	194	8
11	195	11
11	196	10
11	197	9
11	198	9
11	199	6
11	200	7
11	201	10
11	202	6
11	203	6
11	204	5
11	205	6
11	206	6
11	207	3
11	208	5
11	209	5
11	210	5
11	211	3
11	212	7
11	214	4
11	215	6
11	216	2
11	217	6
11	218	1
11	219	2
11	220	2
11	221	5
11	222	4
11	224	4
11	225	2
11	226	2
11	227	2
11	228	3
11	229	1
11	230	2
11	231	2
11	233	1
11	237	2
11	239	1
11	240	1
11	241	2
11	242	1
11	249	2
11	250	1
11	255	10
12	0	62263
12	1	32608
12	2	34537
12	3	37931
12	4	42420
12	5	44917
12	6	48122
12	7	49563
12	8	50322
12	9	50649
12	10	51064
12	11	50732
12	12	50029
12	13	48718
12	14	47319
12	15	45769
12	16	43845
12	17	42111
12	18	39800
12	19	38059
12	20	35820
12	21	33842
12	22	32216
12	23	30323
12	24	28798
12	25	26791
12	26	24928
12	27	23514
12	28	21673
12	29	20550
12	30	19123
12	31	17937
12	32	16463
12	33	15447
12	34	14453
12	35	13337
12	36	12530
12	37	11576
12	38	10989
12	39	10068
12	40	9336
12	41	8730
12	42	8116
12	43	7493
12	44	6988
12	45	6584
12	46	6100
12	47	5665
12	48	5231
12	49	4972
12	50	4667
12	51	4303
12	52	3869
12	53	3839
12	54	3571
12	55	3297
12	56	3094
12	57	3007
12	58	2723
12	59	2501
12	60	2414
12	61	2254
12	62	2227
12	63	2124
12	64	1934
12	65	1836
12	66	1759
12	67	1652
12	68	1582
12	69	1422
12	70	1465
12	71	1365
12	72	1277
12	73	1219
12	74	1198
12	75	1116
12	76	1085
12	77	1055
12	78	1022
12	79	949
12	80	926
12	81	886
12	82	848
12	83	837
12	84	808
12	85	771
12	86	745
12	87	665
12	88	708
12	89	652
12	90	717
12	91	665
12	92	605
12	93	581
12	94	568
12	95	595
12	96	536
12	97	543
12	98	514
12	99	498
12	100	488
12	101	469
12	102	446
12	103	426
12	104	454
12	105	405
12	106	391
12	107	361
12	108	370
12	109	362
12	110	372
12	111	324
12	112	333
12	113	314
12	114	304
12	115	323
12	116	313
12	117	293
12	118	298
12	119	256
12	120	252
12	121	250
12	122	249
12	123	227
12	124	221
12	125	227
12	126	207
12	127	189
12	128	212
12	129	227
12	130	182
12	131	176
12	132	177
12	133	162
12	134	162
12	135	161
12	136	153
12	137	150
12	138	133
12	139	120
12	140	154
12	141	140
12	142	111
12	143	124
12	144	89
12	145	104
12	146	78
12	147	81
12	148	106
12	149	89
12	150	89
12	151	72
12	152	93
12	153	71
12	154	82
12	155	85
12	156	74
12	157	69
12	158	61
12	159	68
12	160	49
12	161	60
12	162	43
12	163	49
12	164	48
12	165	46
12	166	38
12	167	51
12	168	36
12	169	46
12	170	36
12	171	39
12	172	27
12	173	38
12	174	36
12	175	23
12	176	31
12	177	35
12	178	34
12	179	25
12	180	23
12	181	15
12	182	35
12	183	24
12	184	18
12	185	20
12	186	18
12	187	18
12	188	14
12	189	18
12	190	11
12	191	13
12	192	13
12	193	7
12	194	14
12	195	9
12	196	12
12	197	12
12	198	12
12	199	10
12	200	11
12	201	8
12	202	6
12	203	10
12	204	8
12	205	6
12	206	3
12	207	5
12	208	6
12	209	7
12	210	6
12	211	3
12	212	7
12	213	4
12	214	1
12	215	4
12	216	2
12	217	6
12	218	2
12	219	2
12	220	3
12	221	5
12	222	5
12	223	1
12	224	4
12	225	2
12	226	1
12	227	3
12	228	2
12	229	1
12	230	2
12	233	2
12	234	4
12	235	2
12	237	1
12	238	1
12	240	3
12	241	1
12	244	1
12	248	2
12	249	1
12	250	1
12	251	1
12	255	8
13	0	61393
13	1	32241
13	2	33995
13	3	37541
13	4	41923
13	5	44725
13	6	46878
13	7	48784
13	8	50353
13	9	50789
13	10	50749
13	11	50426
13	12	49823
13	13	47975
13	14	46537
13	15	45180
13	16	43621
13	17	41733
13	18	39500
13	19	37910
13	20	35871
13	21	33826
13	22	31743
13	23	30094
13	24	28393
13	25	26488
13	26	24517
13	27	23225
13	28	21680
13	29	20378
13	30	18856
13	31	17933
13	32	16563
13	33	15474
13	34	14253
13	35	13223
13	36	12460
13	37	11606
13	38	10535
13	39	10116
13	40	9225
13	41	8561
13	42	8086
13	43	7450
13	44	6993
13	45	6569
13	46	6031
13	47	5568
13	48	5199
13	49	4775
13	50	4470
13	51	4256
13	52	3997
13	53	3675
13	54	3536
13	55	3252
13	56	3037
13	57	2882
13	58	2668
13	59	2533
13	60	2378
13	61	2377
13	62	2047
13	63	1942
13	64	1900
13	65	1868
13	66	1731
13	67	1695
13	68	1588
13	69	1484
13	70	1474
13	71	1416
13	72	1332
13	73	1237
13	74	1185
13	75	1116
13	76	1107
13	77	992
13	78	1033
13	79	986
13	80	861
13	81	932
13	82	887
13	83	904
13	84	811
13	85	793
13	86	722
13	87	704
13	88	705
13	89	714
13	90	638
13	91	628
13	92	579
13	93	586
13	94	601
13	95	541
13	96	540
13	97	494
13	98	539
13	99	494
13	100	472
13	101	456
13	102	440
13	103	419
13	104	413
13	105	344
13	106	358
13	107	411
13	108	326
13	109	365
13	110	347
13	111	347
13	112	328
13	113	335
13	114	320
13	115	276
13	116	289
13	117	291
13	118	244
13	119	291
13	120	249
13	121	259
13	122	243
13	123	250
13	124	215
13	125	247
13	126	203
13	127	222
13	128	190
13	129	195
13	130	207
13	131	189
13	132	153
13	133	165
13	134	156
13	135	163
13	136	158
13	137	144
13	138	144
13	139	145
13	140	124
13	141	129
13	142	114
13	143	106
13	144	92
13	145	92
13	146	118
13	147	105
13	148	89
13	149	103
13	150	94
13	151	74
13	152	78
13	153	81
13	154	79
13	155	86
13	156	73
13	157	76
13	158	77
13	159	64
13	160	52
13	161	54
13	162	56
13	163	44
13	164	51
13	165	36
13	166	50
13	167	44
13	168	33
13	169	39
13	170	37
13	171	47
13	172	33
13	173	29
13	174	21
13	175	33
13	176	35
13	177	24
13	178	25
13	179	17
13	180	16
13	181	26
13	182	27
13	183	20
13	184	21
13	185	21
13	186	19
13	187	23
13	188	10
13	189	14
13	190	10
13	191	9
13	192	13
13	193	16
13	194	12
13	195	5
13	196	6
13	197	7
13	198	10
13	199	11
13	200	8
13	201	8
13	202	7
13	203	7
13	204	6
13	205	5
13	206	3
13	207	5
13	208	10
13	209	4
13	210	3
13	211	1
13	212	4
13	213	5
13	214	3
13	215	4
13	216	10
13	217	5
13	218	4
13	219	1
13	220	4
13	221	4
13	222	2
13	223	1
13	224	3
13	225	2
13	226	2
13	228	2
13	229	2
13	230	3
13	231	2
13	232	3
13	233	1
13	235	1
13	236	1
13	237	1
13	238	2
13	239	3
13	243	1
13	244	1
13	245	1
13	246	1
13	252	1
13	255	7
14	0	60952
14	1	32339
14	2	33588
14	3	37641
14	4	41680
14	5	44359
14	6	47191
14	7	49001
14	8	50849
14	9	50561
14	10	50621
14	11	50658
14	12	49527
14	13	48315
14	14	46835
14	15	45350
14	16	43577
14	17	41684
14	18	40021
14	19	37678
14	20	35675
14	21	33753
14	22	31791
14	23	29910
14	24	28243
14	25	26331
14	26	24811
14	27	23095
14	28	21536
14	29	20351
14	30	19089
14	31	17496
14	32	16414
14	33	15470
14	34	14223
14	35	13235
14	36	12367
14	37	11497
14	38	10728
14	39	9988
14	40	9274
14	41	8683
14	42	7855
14	43	7438
14	44	6881
14	45	6410
14	46	6168
14	47	5598
14	48	5205
14	49	4967
14	50	4522
14	51	4220
14	52	4035
14	53	3801
14	54	3485
14	55	3248
14	56	3096
14	57	2894
14	58	2766
14	59	2566
14	60	2408
14	61	2207
14	62	2202
14	63	2055
14	64	1892
14	65	1777
14	66	1695
14	67	1588
14	68	1550
14	69	1442
14	70	1378
14	71	1294
14	72	1370
14	73	1208
14	74	1210
14	75	1070
14	76	1050
14	77	1100
14	78	1019
14	79	939
14	80	933
14	81	902
14	82	896
14	83	852
14	84	810
14	85	731
14	86	781
14	87	749
14	88	692
14	89	703
14	90	638
14	91	606
14	92	611
14	93	600
14	94	563
14	95	550
14	96	541
14	97	496
14	98	511
14	99	495
14	100	463
14	101	477
14	102	462
14	103	456
14	104	371
14	105	382
14	106	393
14	107	366
14	108	396
14	109	358
14	110	348
14	111	330
14	112	326
14	113	333
14	114	311
14	115	298
14	116	264
14	117	275
14	118	280
14	119	240
14	120	255
14	121	258
14	122	234
14	123	219
14	124	220
14	125	186
14	126	184
14	127	200
14	128	211
14	129	176
14	130	169
14	131	183
14	132	184
14	133	181
14	134	156
14	135	151
14	136	149
14	137	144
14	138	122
14	139	122
14	140	147
14	141	140
14	142	113
14	143	95
14	144	131
14	145	114
14	146	104
14	147	98
14	148	95
14	149	78
14	150	88
14	151	76
14	152	72
14	153	64
14	154	68
14	155	69
14	156	65
14	157	65
14	158	54
14	159	56
14	160	59
14	161	50
14	162	50
14	163	57
14	164	37
14	165	61
14	166	41
14	167	35
14	168	36
14	169	42
14	170	42
14	171	28
14	172	36
14	173	35
14	174	34
14	175	36
14	176	34
14	177	30
14	178	30
14	179	26
14	180	25
14	181	25
14	182	17
14	183	20
14	184	17
14	185	8
14	186	11
14	187	25
14	188	20
14	189	17
14	190	19
14	191	14
14	192	8
14	193	15
14	194	11
14	195	14
14	196	7
14	197	17
14	198	7
14	199	9
14	200	6
14	201	7
14	202	2
14	203	4
14	204	7
14	205	6
14	206	10
14	207	7
14	208	8
14	209	3
14	210	4
14	211	1
14	212	6
14	213	3
14	214	4
14	215	4
14	216	1
14	217	4
14	218	5
14	219	2
14	220	3
14	221	3
14	222	2
14	223	4
14	224	2
14	225	1
14	226	2
14	227	3
14	228	3
14	229	1
14	230	1
14	231	1
14	232	2
14	233	2
14	235	2
14	236	1
14	237	2
14	238	2
14	239	2
14	240	1
14	243	1
14	246	2
14	248	2
14	251	1
14	255	8
15	0	60560
15	1	32034
15	2	34219
15	3	38059
15	4	41981
15	5	44897
15	6	47404
15	7	48826
15	8	50343
15	9	50535
15	10	50382
15	11	50915
15	12	49740
15	13	48466
15	14	46844
15	15	45256
15	16	43833
15	17	41349
15	18	39757
15	19	37754
15	20	35635
15	21	33932
15	22	31756
15	23	30277
15	24	27967
15	25	26460
15	26	24525
15	27	23393
15	28	21596
15	29	20262
15	30	19126
15	31	17713
15	32	16506
15	33	15503
15	34	14411
15	35	13186
15	36	12509
15	37	11391
15	38	10764
15	39	9851
15	40	9262
15	41	8686
15	42	8051
15	43	7671
15	44	7054
15	45	6331
15	46	5896
15	47	5548
15	48	5320
15	49	4951
15	50	4574
15	51	4305
15	52	4080
15	53	3731
15	54	3500
15	55	3263
15	56	3040
15	57	2904
15	58	2683
15	59	2618
15	60	2319
15	61	2212
15	62	2087
15	63	2020
15	64	1902
15	65	1878
15	66	1734
15	67	1641
15	68	1614
15	69	1498
15	70	1455
15	71	1354
15	72	1313
15	73	1275
15	74	1146
15	75	1115
15	76	1088
15	77	1070
15	78	1041
15	79	947
15	80	898
15	81	935
15	82	852
15	83	814
15	84	867
15	85	813
15	86	772
15	87	719
15	88	734
15	89	680
15	90	637
15	91	608
15	92	671
15	93	598
15	94	607
15	95	588
15	96	516
15	97	537
15	98	491
15	99	493
15	100	495
15	101	403
15	102	445
15	103	393
15	104	426
15	105	388
15	106	388
15	107	403
15	108	342
15	109	386
15	110	348
15	111	334
15	112	344
15	113	314
15	114	293
15	115	310
15	116	276
15	117	251
15	118	276
15	119	225
15	120	274
15	121	218
15	122	232
15	123	240
15	124	206
15	125	196
15	126	224
15	127	198
15	128	208
15	129	182
15	130	178
15	131	179
15	132	170
15	133	167
15	134	162
15	135	179
15	136	157
15	137	167
15	138	107
15	139	130
15	140	120
15	141	109
15	142	133
15	143	109
15	144	98
15	145	120
15	146	95
15	147	94
15	148	101
15	149	83
15	150	100
15	151	79
15	152	90
15	153	80
15	154	77
15	155	77
15	156	80
15	157	86
15	158	71
15	159	71
15	160	60
15	161	73
15	162	49
15	163	50
15	164	40
15	165	39
15	166	45
15	167	49
15	168	47
15	169	33
15	170	27
15	171	45
15	172	31
15	173	41
15	174	44
15	175	31
15	176	32
15	177	32
15	178	33
15	179	22
15	180	21
15	181	26
15	182	16
15	183	18
15	184	28
15	185	22
15	186	12
15	187	23
15	188	15
15	189	10
15	190	15
15	191	10
15	192	21
15	193	10
15	194	11
15	195	9
15	196	10
15	197	11
15	198	12
15	199	12
15	200	9
15	201	7
15	202	4
15	203	7
15	204	8
15	205	7
15	206	5
15	207	4
15	208	11
15	209	8
15	210	3
15	211	3
15	212	4
15	213	3
15	214	7
15	215	5
15	216	6
15	217	6
15	218	4
15	219	1
15	220	5
15	221	3
15	222	2
15	223	4
15	224	2
15	225	1
15	226	1
15	228	4
15	229	2
15	231	2
15	232	2
15	233	1
15	234	1
15	237	3
15	238	2
15	239	2
15	240	3
15	241	1
15	242	1
15	245	2
15	246	1
15	247	2
15	254	3
15	255	8
16	0	71575
16	1	37396
16	2	39710
16	3	43738
16	4	48487
16	5	51825
16	6	55032
16	7	57120
16	8	59123
16	9	58954
16	10	59425
16	11	59499
16	12	58558
16	13	56956
16	14	56148
16	15	54364
16	16	52552
16	17	50235
16	18	48220
16	19	45856
16	20	43867
16	21	41768
16	22	39406
16	23	36852
16	24	34602
16	25	33076
16	26	30971
16	27	28926
16	28	27166
16	29	25261
16	30	23686
16	31	22187
16	32	20886
16	33	19259
16	34	17930
16	35	16627
16	36	15680
16	37	14403
16	38	13520
16	39	12516
16	40	11731
16	41	11028
16	42	10063
16	43	9295
16	44	8630
16	45	8137
16	46	7428
16	47	6851
16	48	6455
16	49	5929
16	50	5534
16	51	5219
16	52	4905
16	53	4482
16	54	4200
16	55	3959
16	56	3694
16	57	3414
16	58	3289
16	59	2966
16	60	2790
16	61	2629
16	62	2547
16	63	2294
16	64	2132
16	65	2103
16	66	2008
16	67	1755
16	68	1745
16	69	1635
16	70	1552
16	71	1469
16	72	1358
16	73	1423
16	74	1337
16	75	1217
16	76	1132
16	77	1116
16	78	1082
16	79	1006
16	80	963
16	81	982
16	82	965
16	83	879
16	84	842
16	85	810
16	86	806
16	87	806
16	88	756
16	89	677
16	90	648
16	91	668
16	92	647
16	93	609
16	94	576
16	95	585
16	96	511
16	97	524
16	98	529
16	99	533
16	100	498
16	101	479
16	102	461
16	103	449
16	104	435
16	105	392
16	106	396
16	107	411
16	108	378
16	109	385
16	110	383
16	111	327
16	112	341
16	113	310
16	114	305
16	115	324
16	116	354
16	117	284
16	118	285
16	119	272
16	120	246
16	121	234
16	122	260
16	123	245
16	124	226
16	125	229
16	126	210
16	127	191
16	128	199
16	129	191
16	130	185
16	131	172
16	132	189
16	133	165
16	134	176
16	135	158
16	136	147
16	137	138
16	138	128
16	139	136
16	140	146
16	141	130
16	142	120
16	143	137
16	144	100
16	145	108
16	146	92
16	147	98
16	148	74
16	149	78
16	150	83
16	151	90
16	152	72
16	153	87
16	154	82
16	155	66
16	156	64
16	157	80
16	158	73
16	159	58
16	160	56
16	161	70
16	162	61
16	163	49
16	164	36
16	165	39
16	166	55
16	167	44
16	168	51
16	169	38
16	170	27
16	171	39
16	172	40
16	173	37
16	174	35
16	175	22
16	176	26
16	177	21
16	178	27
16	179	29
16	180	26
16	181	24
16	182	21
16	183	19
16	184	26
16	185	13
16	186	19
16	187	11
16	188	16
16	189	18
16	190	20
16	191	17
16	192	20
16	193	15
16	194	19
16	195	12
16	196	5
16	197	16
16	198	13
16	199	14
16	200	8
16	201	9
16	202	5
16	203	9
16	204	10
16	205	2
16	206	4
16	207	6
16	208	7
16	209	6
16	210	3
16	211	7
16	212	8
16	213	7
16	214	3
16	215	5
16	216	2
16	217	5
16	218	6
16	219	4
16	220	3
16	221	5
16	222	5
16	223	4
16	225	3
16	226	5
16	227	1
16	228	1
16	229	2
16	230	1
16	231	1
16	232	1
16	234	1
16	236	1
16	237	2
16	238	1
16	239	1
16	240	2
16	241	2
16	243	1
16	244	1
16	246	1
16	250	1
16	254	1
16	255	5
17	0	41721
17	1	25252
17	2	27878
17	3	31289
17	4	35130
17	5	37866
17	6	40374
17	7	41828
17	8	43027
17	9	43490
17	10	43821
17	11	43718
17	12	42835
17	13	41559
17	14	40602
17	15	39444
17	16	37638
17	17	36237
17	18	34562
17	19	32654
17	20	30847
17	21	29562
17	22	27748
17	23	26471
17	24	24531
17	25	23197
17	26	21447
17	27	20458
17	28	18680
17	29	17800
17	30	16494
17	31	15366
17	32	14111
17	33	13400
17	34	12413
17	35	11585
17	36	10715
17	37	10031
17	38	9261
17	39	8549
17	40	8081
17	41	7374
17	42	7060
17	43	6534
17	44	6065
17	45	5736
17	46	5209
17	47	4945
17	48	4560
17	49	4321
17	50	4058
17	51	3658
17	52	3526
17	53	3268
17	54	3010
17	55	2804
17	56	2727
17	57	2474
17	58	2376
17	59	2234
17	60	2202
17	61	1897
17	62	1918
17	63	1806
17	64	1720
17	65	1584
17	66	1566
17	67	1401
17	68	1378
17	69	1309
17	70	1255
17	71	1286
17	72	1161
17	73	1128
17	74	1070
17	75	1053
17	76	985
17	77	973
17	78	965
17	79	889
17	80	818
17	81	802
17	82	828
17	83	746
17	84	778
17	85	678
17	86	703
17	87	715
17	88	679
17	89	590
17	90	599
17	91	598
17	92	556
17	93	538
17	94	540
17	95	535
17	96	528
17	97	476
17	98	479
17	99	443
17	100	448
17	101	405
17	102	439
17	103	428
17	104	434
17	105	401
17	106	390
17	107	353
17	108	339
17	109	316
17	110	328
17	111	310
17	112	290
17	113	294
17	114	285
17	115	295
17	116	261
17	117	298
17	118	264
17	119	266
17	120	236
17	121	220
17	122	213
17	123	248
17	124	225
17	125	202
17	126	207
17	127	187
17	128	197
17	129	182
17	130	161
17	131	166
17	132	163
17	133	150
17	134	136
17	135	124
17	136	145
17	137	139
17	138	115
17	139	123
17	140	132
17	141	135
17	142	128
17	143	137
17	144	117
17	145	106
17	146	102
17	147	92
17	148	102
17	149	89
17	150	81
17	151	71
17	152	74
17	153	74
17	154	65
17	155	71
17	156	74
17	157	61
17	158	58
17	159	66
17	160	50
17	161	60
17	162	34
17	163	50
17	164	50
17	165	40
17	166	51
17	167	45
17	168	39
17	169	51
17	170	39
17	171	22
17	172	26
17	173	39
17	174	28
17	175	26
17	176	34
17	177	33
17	178	23
17	179	34
17	180	25
17	181	22
17	182	20
17	183	20
17	184	21
17	185	30
17	186	9
17	187	18
17	188	14
17	189	15
17	190	21
17	191	15
17	192	15
17	193	16
17	194	18
17	195	5
17	196	14
17	197	11
17	198	14
17	199	11
17	200	4
17	201	7
17	202	5
17	203	10
17	204	7
17	205	6
17	206	13
17	207	6
17	208	7
17	209	6
17	210	8
17	211	3
17	212	2
17	213	3
17	214	4
17	215	2
17	216	9
17	217	3
17	218	6
17	219	3
17	220	3
17	221	1
17	222	1
17	223	1
17	224	4
17	225	4
17	226	3
17	227	3
17	228	4
17	229	1
17	232	2
17	233	3
17	234	2
17	236	1
17	237	1
17	238	2
17	239	1
17	242	1
17	243	1
17	245	1
17	246	1
17	247	1
17	251	1
17	254	1
17	255	7
18	0	41219
18	1	24947
18	2	27721
18	3	31195
18	4	34695
18	5	37745
18	6	40132
18	7	41838
18	8	43381
18	9	43678
18	10	43873
18	11	43705
18	12	42830
18	13	41738
18	14	40770
18	15	39310
18	16	37861
18	17	36097
18	18	34644
18	19	33159
18	20	30906
18	21	29709
18	22	27789
18	23	26161
18	24	24709
18	25	23236
18	26	21495
18	27	20386
18	28	18734
18	29	17650
18	30	16578
18	31	15374
18	32	14342
18	33	13409
18	34	12213
18	35	11536
18	36	10789
18	37	9932
18	38	9161
18	39	8783
18	40	8001
18	41	7362
18	42	7026
18	43	6512
18	44	6034
18	45	5551
18	46	5266
18	47	4896
18	48	4511
18	49	4345
18	50	3921
18	51	3713
18	52	3508
18	53	3354
18	54	3012
18	55	2917
18	56	2647
18	57	2603
18	58	2459
18	59	2171
18	60	2124
18	61	1962
18	62	1998
18	63	1766
18	64	1770
18	65	1577
18	66	1536
18	67	1469
18	68	1458
18	69	1388
18	70	1256
18	71	1261
18	72	1143
18	73	1117
18	74	1070
18	75	1034
18	76	1007
18	77	960
18	78	947
18	79	880
18	80	846
18	81	852
18	82	757
18	83	739
18	84	778
18	85	709
18	86	683
18	87	638
18	88	615
18	89	617
18	90	597
18	91	539
18	92	548
18	93	569
18	94	516
18	95	494
18	96	518
18	97	477
18	98	450
18	99	445
18	100	472
18	101	437
18	102	424
18	103	413
18	104	416
18	105	410
18	106	372
18	107	381
18	108	355
18	109	359
18	110	334
18	111	323
18	112	296
18	113	301
18	114	298
18	115	290
18	116	289
18	117	294
18	118	264
18	119	241
18	120	263
18	121	243
18	122	239
18	123	206
18	124	206
18	125	215
18	126	184
18	127	170
18	128	194
18	129	182
18	130	181
18	131	157
18	132	142
18	133	164
18	134	148
18	135	151
18	136	139
18	137	139
18	138	130
18	139	107
18	140	133
18	141	103
18	142	123
18	143	121
18	144	97
18	145	101
18	146	83
18	147	86
18	148	89
18	149	60
18	150	88
18	151	75
18	152	79
18	153	71
18	154	69
18	155	81
18	156	55
18	157	59
18	158	64
18	159	49
18	160	52
18	161	58
18	162	49
18	163	45
18	164	42
18	165	51
18	166	45
18	167	41
18	168	45
18	169	27
18	170	44
18	171	46
18	172	29
18	173	32
18	174	31
18	175	36
18	176	28
18	177	24
18	178	29
18	179	33
18	180	22
18	181	22
18	182	17
18	183	21
18	184	12
18	185	21
18	186	17
18	187	22
18	188	11
18	189	19
18	190	14
18	191	11
18	192	19
18	193	13
18	194	15
18	195	10
18	196	8
18	197	12
18	198	11
18	199	6
18	200	9
18	201	10
18	202	6
18	203	9
18	204	8
18	205	2
18	206	8
18	207	3
18	208	7
18	209	2
18	210	9
18	211	6
18	212	2
18	213	3
18	214	3
18	215	3
18	216	5
18	217	2
18	218	5
18	219	1
18	220	2
18	221	5
18	222	1
18	223	5
18	224	1
18	225	6
18	226	3
18	228	4
18	229	1
18	230	4
18	231	3
18	232	1
18	233	1
18	234	1
18	235	3
18	236	1
18	237	1
18	239	2
18	240	1
18	241	2
18	242	1
18	246	3
18	248	1
18	249	1
18	250	1
18	251	1
18	252	1
18	255	12
19	0	45653
19	1	30153
19	2	33777
19	3	39262
19	4	43775
19	5	48028
19	6	51427
19	7	53348
19	8	55586
19	9	55985
19	10	56018
19	11	55934
19	12	54561
19	13	53363
19	14	51216
19	15	49819
19	16	47602
19	17	45174
19	18	42778
19	19	40746
19	20	38124
19	21	35883
19	22	33436
19	23	31325
19	24	29306
19	25	27337
19	26	25589
19	27	23746
19	28	22150
19	29	20573
19	30	19225
19	31	17605
19	32	16166
19	33	15304
19	34	14160
19	35	13115
19	36	12136
19	37	11378
19	38	10410
19	39	9677
19	40	9129
19	41	8588
19	42	8050
19	43	7358
19	44	6935
19	45	6416
19	46	6079
19	47	5611
19	48	5281
19	49	4921
19	50	4715
19	51	4371
19	52	3946
19	53	3800
19	54	3554
19	55	3336
19	56	3157
19	57	2958
19	58	2942
19	59	2631
19	60	2498
19	61	2484
19	62	2300
19	63	2134
19	64	1992
19	65	1901
19	66	1878
19	67	1842
19	68	1720
19	69	1617
19	70	1587
19	71	1380
19	72	1388
19	73	1296
19	74	1326
19	75	1256
19	76	1276
19	77	1150
19	78	1113
19	79	1117
19	80	1046
19	81	1055
19	82	947
19	83	963
19	84	927
19	85	903
19	86	918
19	87	831
19	88	856
19	89	790
19	90	817
19	91	777
19	92	724
19	93	736
19	94	687
19	95	683
19	96	682
19	97	677
19	98	622
19	99	593
19	100	519
19	101	545
19	102	561
19	103	544
19	104	541
19	105	491
19	106	481
19	107	474
19	108	429
19	109	461
19	110	433
19	111	426
19	112	452
19	113	389
19	114	381
19	115	392
19	116	352
19	117	358
19	118	329
19	119	369
19	120	354
19	121	270
19	122	297
19	123	289
19	124	282
19	125	284
19	126	275
19	127	269
19	128	267
19	129	259
19	130	274
19	131	216
19	132	268
19	133	225
19	134	206
19	135	200
19	136	191
19	137	189
19	138	163
19	139	185
19	140	188
19	141	163
19	142	132
19	143	161
19	144	146
19	145	128
19	146	128
19	147	128
19	148	141
19	149	118
19	150	106
19	151	112
19	152	111
19	153	106
19	154	104
19	155	98
19	156	87
19	157	83
19	158	74
19	159	86
19	160	87
19	161	73
19	162	79
19	163	61
19	164	58
19	165	49
19	166	59
19	167	71
19	168	43
19	169	50
19	170	50
19	171	54
19	172	51
19	173	40
19	174	49
19	175	46
19	176	45
19	177	44
19	178	30
19	179	32
19	180	27
19	181	27
19	182	22
19	183	31
19	184	29
19	185	23
19	186	20
19	187	18
19	188	29
19	189	12
19	190	24
19	191	16
19	192	16
19	193	16
19	194	17
19	195	18
19	196	14
19	197	10
19	198	7
19	199	11
19	200	8
19	201	9
19	202	13
19	203	11
19	204	10
19	205	6
19	206	12
19	207	6
19	208	13
19	209	10
19	210	9
19	211	6
19	212	3
19	213	6
19	214	6
19	215	8
19	216	5
19	217	4
19	218	5
19	219	10
19	220	5
19	221	5
19	222	3
19	223	3
19	224	3
19	225	2
19	226	4
19	227	2
19	228	3
19	229	4
19	230	3
19	231	1
19	232	1
19	234	1
19	235	1
19	236	1
19	237	1
19	240	1
19	241	1
19	242	1
19	243	1
19	244	2
19	247	2
19	248	3
19	249	2
19	250	2
19	255	11
20	0	25809
20	1	15633
20	2	17613
20	3	20400
20	4	23178
20	5	25417
20	6	27068
20	7	28486
20	8	29599
20	9	30323
20	10	30338
20	11	30356
20	12	29685
20	13	29124
20	14	28745
20	15	27534
20	16	26384
20	17	25144
20	18	24232
20	19	23169
20	20	21649
20	21	20647
20	22	19318
20	23	18151
20	24	17309
20	25	16118
20	26	15063
20	27	14055
20	28	13111
20	29	12290
20	30	11532
20	31	10437
20	32	9718
20	33	9229
20	34	8439
20	35	7906
20	36	7097
20	37	6873
20	38	6250
20	39	5920
20	40	5332
20	41	4975
20	42	4543
20	43	4278
20	44	3938
20	45	3663
20	46	3421
20	47	3081
20	48	2867
20	49	2625
20	50	2447
20	51	2314
20	52	2090
20	53	1883
20	54	1791
20	55	1715
20	56	1571
20	57	1515
20	58	1340
20	59	1244
20	60	1140
20	61	1093
20	62	1041
20	63	971
20	64	859
20	65	917
20	66	820
20	67	770
20	68	702
20	69	666
20	70	589
20	71	604
20	72	562
20	73	483
20	74	499
20	75	462
20	76	438
20	77	456
20	78	455
20	79	427
20	80	422
20	81	366
20	82	398
20	83	339
20	84	326
20	85	330
20	86	356
20	87	365
20	88	295
20	89	287
20	90	265
20	91	244
20	92	251
20	93	260
20	94	282
20	95	250
20	96	235
20	97	230
20	98	203
20	99	218
20	100	215
20	101	219
20	102	220
20	103	193
20	104	158
20	105	188
20	106	191
20	107	177
20	108	149
20	109	162
20	110	162
20	111	166
20	112	158
20	113	140
20	114	137
20	115	152
20	116	149
20	117	138
20	118	123
20	119	138
20	120	132
20	121	129
20	122	120
20	123	113
20	124	92
20	125	109
20	126	97
20	127	97
20	128	97
20	129	81
20	130	98
20	131	83
20	132	86
20	133	85
20	134	83
20	135	75
20	136	78
20	137	67
20	138	69
20	139	72
20	140	59
20	141	73
20	142	75
20	143	54
20	144	60
20	145	59
20	146	41
20	147	50
20	148	64
20	149	49
20	150	44
20	151	39
20	152	56
20	153	29
20	154	35
20	155	31
20	156	41
20	157	39
20	158	25
20	159	38
20	160	30
20	161	32
20	162	30
20	163	35
20	164	32
20	165	22
20	166	18
20	167	23
20	168	16
20	169	23
20	170	18
20	171	20
20	172	13
20	173	16
20	174	15
20	175	11
20	176	20
20	177	15
20	178	10
20	179	13
20	180	20
20	181	11
20	182	13
20	183	9
20	184	10
20	185	12
20	186	7
20	187	7
20	188	9
20	189	8
20	190	4
20	191	7
20	192	5
20	193	1
20	194	7
20	195	8
20	196	3
20	197	9
20	198	2
20	199	7
20	200	3
20	201	7
20	202	4
20	203	3
20	204	6
20	205	5
20	206	2
20	207	2
20	208	1
20	209	1
20	210	4
20	211	5
20	212	1
20	213	1
20	214	1
20	215	2
20	216	2
20	217	2
20	218	1
20	219	1
20	220	2
20	221	2
20	222	1
20	223	2
20	224	1
20	226	1
20	228	1
20	230	1
20	234	2
20	236	2
20	238	1
20	244	1
20	246	1
20	252	1
20	253	1
20	255	6
21	0	29386
21	1	18142
21	2	20417
21	3	23346
21	4	26310
21	5	28741
21	6	31164
21	7	32663
21	8	33875
21	9	34914
21	10	35468
21	11	35177
21	12	35298
21	13	34526
21	14	33877
21	15	33032
21	16	32152
21	17	30605
21	18	29532
21	19	28359
21	20	26719
21	21	25746
21	22	24310
21	23	23090
21	24	21715
21	25	20635
21	26	19401
21	27	18236
21	28	17011
21	29	16233
21	30	15119
21	31	14136
21	32	13252
21	33	12303
21	34	11801
21	35	10761
21	36	9972
21	37	9463
21	38	8718
21	39	8107
21	40	7601
21	41	6938
21	42	6539
21	43	6132
21	44	5677
21	45	5390
21	46	4970
21	47	4643
21	48	4328
21	49	4024
21	50	3740
21	51	3594
21	52	3079
21	53	3028
21	54	2966
21	55	2682
21	56	2613
21	57	2385
21	58	2267
21	59	2051
21	60	1928
21	61	1833
21	62	1779
21	63	1649
21	64	1563
21	65	1507
21	66	1395
21	67	1325
21	68	1254
21	69	1236
21	70	1194
21	71	1091
21	72	1103
21	73	1022
21	74	996
21	75	969
21	76	912
21	77	832
21	78	857
21	79	812
21	80	774
21	81	748
21	82	712
21	83	714
21	84	575
21	85	676
21	86	592
21	87	545
21	88	565
21	89	537
21	90	511
21	91	461
21	92	511
21	93	476
21	94	419
21	95	442
21	96	471
21	97	421
21	98	418
21	99	384
21	100	398
21	101	391
21	102	352
21	103	344
21	104	352
21	105	369
21	106	314
21	107	298
21	108	315
21	109	272
21	110	290
21	111	260
21	112	257
21	113	245
21	114	232
21	115	274
21	116	237
21	117	230
21	118	224
21	119	217
21	120	209
21	121	180
21	122	198
21	123	211
21	124	177
21	125	170
21	126	198
21	127	154
21	128	148
21	129	152
21	130	149
21	131	142
21	132	132
21	133	120
21	134	125
21	135	136
21	136	118
21	137	97
21	138	112
21	139	109
21	140	105
21	141	108
21	142	96
21	143	95
21	144	88
21	145	87
21	146	95
21	147	97
21	148	72
21	149	68
21	150	74
21	151	71
21	152	59
21	153	75
21	154	64
21	155	69
21	156	55
21	157	48
21	158	62
21	159	47
21	160	53
21	161	31
21	162	50
21	163	55
21	164	37
21	165	50
21	166	39
21	167	40
21	168	26
21	169	36
21	170	34
21	171	27
21	172	26
21	173	20
21	174	27
21	175	27
21	176	22
21	177	23
21	178	23
21	179	14
21	180	15
21	181	23
21	182	18
21	183	19
21	184	18
21	185	10
21	186	16
21	187	17
21	188	19
21	189	15
21	190	11
21	191	13
21	192	9
21	193	11
21	194	10
21	195	5
21	196	7
21	197	7
21	198	6
21	199	9
21	200	10
21	201	5
21	202	5
21	203	8
21	204	6
21	205	7
21	206	2
21	207	3
21	208	6
21	209	8
21	210	6
21	211	3
21	212	8
21	213	4
21	214	2
21	215	1
21	217	6
21	218	2
21	219	2
21	220	3
21	221	1
21	222	2
21	223	3
21	227	3
21	228	3
21	229	2
21	231	1
21	233	2
21	235	2
21	237	2
21	239	2
21	240	1
21	243	2
21	245	1
21	247	2
21	252	1
21	255	7
22	0	36820
22	1	22478
22	2	24540
22	3	27896
22	4	31618
22	5	34697
22	6	36995
22	7	38880
22	8	40596
22	9	41819
22	10	42152
22	11	42646
22	12	42158
22	13	42040
22	14	41503
22	15	40064
22	16	38948
22	17	37912
22	18	36165
22	19	35323
22	20	33569
22	21	31934
22	22	30556
22	23	28943
22	24	27312
22	25	26027
22	26	24690
22	27	23356
22	28	21688
22	29	20733
22	30	19178
22	31	17931
22	32	16830
22	33	15692
22	34	14619
22	35	13534
22	36	12685
22	37	11823
22	38	11062
22	39	10490
22	40	9833
22	41	8917
22	42	8308
22	43	7687
22	44	7221
22	45	6686
22	46	6234
22	47	5693
22	48	5325
22	49	5016
22	50	4672
22	51	4304
22	52	4093
22	53	3709
22	54	3523
22	55	3275
22	56	2952
22	57	2805
22	58	2624
22	59	2549
22	60	2283
22	61	2262
22	62	2049
22	63	1910
22	64	1833
22	65	1645
22	66	1658
22	67	1501
22	68	1413
22	69	1257
22	70	1261
22	71	1187
22	72	1152
22	73	1082
22	74	1035
22	75	988
22	76	977
22	77	916
22	78	903
22	79	829
22	80	855
22	81	771
22	82	807
22	83	736
22	84	716
22	85	676
22	86	664
22	87	666
22	88	592
22	89	537
22	90	575
22	91	534
22	92	553
22	93	486
22	94	474
22	95	471
22	96	455
22	97	489
22	98	441
22	99	427
22	100	385
22	101	435
22	102	386
22	103	368
22	104	397
22	105	318
22	106	335
22	107	348
22	108	326
22	109	330
22	110	313
22	111	321
22	112	281
22	113	275
22	114	284
22	115	261
22	116	254
22	117	227
22	118	217
22	119	231
22	120	223
22	121	192
22	122	188
22	123	197
22	124	186
22	125	176
22	126	175
22	127	166
22	128	163
22	129	156
22	130	138
22	131	143
22	132	156
22	133	144
22	134	130
22	135	112
22	136	116
22	137	115
22	138	105
22	139	99
22	140	120
22	141	113
22	142	93
22	143	104
22	144	112
22	145	100
22	146	79
22	147	91
22	148	80
22	149	99
22	150	76
22	151	70
22	152	76
22	153	69
22	154	67
22	155	66
22	156	40
22	157	59
22	158	56
22	159	44
22	160	54
22	161	47
22	162	34
22	163	44
22	164	35
22	165	45
22	166	34
22	167	37
22	168	42
22	169	30
22	170	42
22	171	24
22	172	25
22	173	17
22	174	26
22	175	20
22	176	17
22	177	21
22	178	26
22	179	15
22	180	19
22	181	13
22	182	17
22	183	19
22	184	15
22	185	12
22	186	14
22	187	16
22	188	9
22	189	14
22	190	12
22	191	19
22	192	7
22	193	6
22	194	14
22	195	9
22	196	11
22	197	14
22	198	11
22	199	14
22	200	9
22	201	11
22	202	8
22	203	5
22	204	10
22	205	7
22	206	9
22	207	2
22	208	6
22	209	3
22	210	5
22	211	3
22	212	3
22	213	2
22	214	1
22	215	9
22	216	1
22	217	4
22	218	2
22	219	2
22	220	3
22	221	2
22	222	1
22	223	5
22	224	2
22	225	2
22	226	1
22	227	1
22	228	2
22	229	2
22	231	2
22	233	1
22	234	1
22	235	3
22	237	2
22	238	1
22	239	2
22	240	1
22	241	1
22	242	1
22	243	1
22	245	1
22	250	1
22	252	1
22	255	8
23	0	37679
23	1	22546
23	2	25229
23	3	28853
23	4	32395
23	5	35421
23	6	38352
23	7	40148
23	8	41955
23	9	42730
23	10	43388
23	11	44187
23	12	43625
23	13	43132
23	14	42723
23	15	41506
23	16	40085
23	17	39018
23	18	37691
23	19	36109
23	20	34723
23	21	33040
23	22	31398
23	23	29948
23	24	28275
23	25	26946
23	26	25520
23	27	23997
23	28	22677
23	29	21179
23	30	20004
23	31	18552
23	32	17348
23	33	16380
23	34	15150
23	35	14260
23	36	13189
23	37	12211
23	38	11490
23	39	10678
23	40	9913
23	41	9264
23	42	8625
23	43	8006
23	44	7434
23	45	6974
23	46	6276
23	47	5889
23	48	5531
23	49	5075
23	50	4822
23	51	4418
23	52	4165
23	53	3886
23	54	3638
23	55	3351
23	56	3142
23	57	2854
23	58	2705
23	59	2561
23	60	2396
23	61	2253
23	62	2086
23	63	1913
23	64	1908
23	65	1743
23	66	1645
23	67	1528
23	68	1462
23	69	1405
23	70	1326
23	71	1247
23	72	1210
23	73	1097
23	74	1100
23	75	1070
23	76	917
23	77	856
23	78	947
23	79	899
23	80	840
23	81	812
23	82	749
23	83	777
23	84	742
23	85	679
23	86	638
23	87	611
23	88	668
23	89	565
23	90	578
23	91	534
23	92	576
23	93	514
23	94	498
23	95	485
23	96	471
23	97	465
23	98	443
23	99	449
23	100	398
23	101	387
23	102	391
23	103	364
23	104	360
23	105	365
23	106	321
23	107	333
23	108	330
23	109	309
23	110	309
23	111	331
23	112	255
23	113	279
23	114	261
23	115	275
23	116	258
23	117	223
23	118	229
23	119	204
23	120	206
23	121	202
23	122	216
23	123	207
23	124	184
23	125	197
23	126	174
23	127	153
23	128	180
23	129	148
23	130	175
23	131	134
23	132	152
23	133	140
23	134	148
23	135	129
23	136	127
23	137	113
23	138	117
23	139	118
23	140	104
23	141	118
23	142	83
23	143	90
23	144	89
23	145	80
23	146	93
23	147	77
23	148	83
23	149	87
23	150	65
23	151	77
23	152	63
23	153	55
23	154	61
23	155	72
23	156	64
23	157	49
23	158	64
23	159	61
23	160	49
23	161	42
23	162	48
23	163	50
23	164	39
23	165	43
23	166	40
23	167	46
23	168	31
23	169	34
23	170	28
23	171	34
23	172	43
23	173	30
23	174	29
23	175	18
23	176	22
23	177	23
23	178	19
23	179	19
23	180	21
23	181	22
23	182	22
23	183	17
23	184	18
23	185	9
23	186	12
23	187	15
23	188	10
23	189	16
23	190	14
23	191	14
23	192	9
23	193	11
23	194	17
23	195	10
23	196	4
23	197	10
23	198	9
23	199	13
23	200	9
23	201	4
23	202	8
23	203	6
23	204	7
23	205	7
23	206	7
23	207	7
23	208	3
23	209	5
23	210	7
23	211	6
23	212	6
23	213	2
23	214	4
23	215	5
23	216	3
23	217	4
23	218	2
23	219	2
23	220	4
23	221	6
23	222	2
23	223	3
23	224	1
23	225	2
23	227	1
23	228	1
23	229	2
23	230	3
23	232	2
23	233	1
23	234	1
23	235	4
23	236	2
23	237	1
23	239	2
23	241	1
23	244	1
23	248	1
23	250	1
23	252	1
23	255	10
24	0	20062
24	1	14178
24	2	16254
24	3	18973
24	4	21902
24	5	23952
24	6	26147
24	7	27603
24	8	28933
24	9	29317
24	10	29894
24	11	30075
24	12	29956
24	13	29643
24	14	28908
24	15	27942
24	16	26980
24	17	25779
24	18	24680
24	19	23916
24	20	22802
24	21	21787
24	22	20478
24	23	19498
24	24	18504
24	25	17534
24	26	16244
24	27	15284
24	28	14653
24	29	13645
24	30	12572
24	31	11805
24	32	11194
24	33	10366
24	34	9685
24	35	9278
24	36	8399
24	37	7983
24	38	7399
24	39	6942
24	40	6548
24	41	6074
24	42	5496
24	43	5129
24	44	5010
24	45	4527
24	46	4281
24	47	3999
24	48	3874
24	49	3533
24	50	3223
24	51	3040
24	52	2866
24	53	2805
24	54	2558
24	55	2369
24	56	2258
24	57	2113
24	58	1995
24	59	1860
24	60	1762
24	61	1654
24	62	1610
24	63	1547
24	64	1408
24	65	1347
24	66	1295
24	67	1146
24	68	1158
24	69	1153
24	70	1120
24	71	1042
24	72	1011
24	73	933
24	74	874
24	75	877
24	76	871
24	77	817
24	78	768
24	79	771
24	80	757
24	81	712
24	82	659
24	83	662
24	84	649
24	85	638
24	86	589
24	87	547
24	88	560
24	89	528
24	90	506
24	91	472
24	92	488
24	93	460
24	94	467
24	95	446
24	96	423
24	97	426
24	98	409
24	99	370
24	100	351
24	101	354
24	102	357
24	103	357
24	104	315
24	105	328
24	106	334
24	107	315
24	108	309
24	109	277
24	110	271
24	111	274
24	112	265
24	113	227
24	114	245
24	115	244
24	116	240
24	117	223
24	118	208
24	119	212
24	120	196
24	121	202
24	122	169
24	123	196
24	124	195
24	125	178
24	126	189
24	127	165
24	128	161
24	129	151
24	130	146
24	131	127
24	132	135
24	133	125
24	134	165
24	135	116
24	136	126
24	137	125
24	138	126
24	139	122
24	140	108
24	141	97
24	142	94
24	143	96
24	144	105
24	145	101
24	146	86
24	147	89
24	148	73
24	149	62
24	150	74
24	151	74
24	152	65
24	153	48
24	154	65
24	155	66
24	156	48
24	157	66
24	158	53
24	159	55
24	160	43
24	161	49
24	162	34
24	163	44
24	164	39
24	165	40
24	166	31
24	167	26
24	168	30
24	169	29
24	170	35
24	171	29
24	172	25
24	173	42
24	174	17
24	175	22
24	176	20
24	177	16
24	178	33
24	179	21
24	180	21
24	181	19
24	182	24
24	183	21
24	184	22
24	185	10
24	186	15
24	187	16
24	188	17
24	189	9
24	190	5
24	191	10
24	192	13
24	193	14
24	194	7
24	195	5
24	196	11
24	197	13
24	198	8
24	199	6
24	200	5
24	201	5
24	202	9
24	203	7
24	204	6
24	205	3
24	206	5
24	207	4
24	208	8
24	209	2
24	210	3
24	211	3
24	212	2
24	213	2
24	214	1
24	215	2
24	216	5
24	217	3
24	218	2
24	219	4
24	220	3
24	222	2
24	223	2
24	224	1
24	225	3
24	226	3
24	230	2
24	231	2
24	232	2
24	234	2
24	235	3
24	236	3
24	240	1
24	244	2
24	245	2
24	246	1
24	251	1
24	252	1
24	255	7
25	0	20078
25	1	14183
25	2	16223
25	3	19189
25	4	21584
25	5	24387
25	6	26116
25	7	27514
25	8	28818
25	9	29472
25	10	30064
25	11	30266
25	12	29701
25	13	29418
25	14	28351
25	15	28086
25	16	26771
25	17	26312
25	18	25031
25	19	24108
25	20	22946
25	21	21388
25	22	20551
25	23	19933
25	24	18144
25	25	17393
25	26	16348
25	27	15314
25	28	14481
25	29	13547
25	30	12780
25	31	11954
25	32	11130
25	33	10371
25	34	9666
25	35	9253
25	36	8660
25	37	8082
25	38	7342
25	39	7011
25	40	6448
25	41	5963
25	42	5564
25	43	5342
25	44	4936
25	45	4746
25	46	4268
25	47	4048
25	48	3718
25	49	3482
25	50	3325
25	51	3042
25	52	2890
25	53	2762
25	54	2589
25	55	2366
25	56	2290
25	57	2015
25	58	2109
25	59	1840
25	60	1881
25	61	1674
25	62	1539
25	63	1500
25	64	1414
25	65	1395
25	66	1281
25	67	1240
25	68	1178
25	69	1117
25	70	1074
25	71	986
25	72	1027
25	73	984
25	74	958
25	75	880
25	76	794
25	77	814
25	78	816
25	79	764
25	80	703
25	81	723
25	82	691
25	83	634
25	84	601
25	85	572
25	86	586
25	87	575
25	88	507
25	89	516
25	90	529
25	91	489
25	92	454
25	93	473
25	94	437
25	95	438
25	96	424
25	97	378
25	98	413
25	99	427
25	100	346
25	101	361
25	102	374
25	103	312
25	104	327
25	105	328
25	106	296
25	107	315
25	108	314
25	109	313
25	110	272
25	111	260
25	112	269
25	113	255
25	114	264
25	115	253
25	116	253
25	117	252
25	118	227
25	119	207
25	120	219
25	121	180
25	122	186
25	123	177
25	124	164
25	125	187
25	126	178
25	127	160
25	128	149
25	129	141
25	130	129
25	131	152
25	132	135
25	133	124
25	134	138
25	135	137
25	136	127
25	137	122
25	138	88
25	139	93
25	140	106
25	141	124
25	142	89
25	143	100
25	144	83
25	145	99
25	146	83
25	147	77
25	148	62
25	149	70
25	150	75
25	151	78
25	152	60
25	153	71
25	154	74
25	155	49
25	156	68
25	157	65
25	158	56
25	159	59
25	160	42
25	161	48
25	162	41
25	163	33
25	164	46
25	165	42
25	166	40
25	167	33
25	168	32
25	169	32
25	170	34
25	171	24
25	172	25
25	173	21
25	174	29
25	175	28
25	176	26
25	177	24
25	178	22
25	179	29
25	180	16
25	181	22
25	182	14
25	183	11
25	184	18
25	185	15
25	186	13
25	187	5
25	188	11
25	189	8
25	190	10
25	191	14
25	192	11
25	193	12
25	194	9
25	195	6
25	196	7
25	197	7
25	198	7
25	199	13
25	200	5
25	201	7
25	202	5
25	203	10
25	204	6
25	205	4
25	206	1
25	207	6
25	208	6
25	209	4
25	210	2
25	212	2
25	213	3
25	214	3
25	215	5
25	217	4
25	218	2
25	219	3
25	220	5
25	221	1
25	222	3
25	223	4
25	224	3
25	225	2
25	226	1
25	227	2
25	229	2
25	230	3
25	231	1
25	232	2
25	233	4
25	234	1
25	235	2
25	236	2
25	237	1
25	238	1
25	239	1
25	242	1
25	244	1
25	245	1
25	246	1
25	250	1
25	254	1
25	255	5
26	0	20144
26	1	14278
26	2	16358
26	3	19017
26	4	21725
26	5	24272
26	6	26251
26	7	27382
26	8	28906
26	9	29539
26	10	29783
26	11	29890
26	12	29896
26	13	29494
26	14	28226
26	15	28162
26	16	27063
26	17	26022
26	18	25231
26	19	23910
26	20	22906
26	21	21466
26	22	20750
26	23	19523
26	24	18196
26	25	17400
26	26	16315
26	27	15518
26	28	14500
26	29	13494
26	30	12636
26	31	11811
26	32	11254
26	33	10472
26	34	9965
26	35	9112
26	36	8536
26	37	8077
26	38	7302
26	39	6954
26	40	6377
26	41	6059
26	42	5555
26	43	5140
26	44	5015
26	45	4518
26	46	4426
26	47	3940
26	48	3701
26	49	3542
26	50	3337
26	51	3096
26	52	2807
26	53	2689
26	54	2564
26	55	2348
26	56	2268
26	57	2114
26	58	1973
26	59	1901
26	60	1815
26	61	1693
26	62	1539
26	63	1539
26	64	1437
26	65	1312
26	66	1328
26	67	1266
26	68	1158
26	69	1149
26	70	1095
26	71	1040
26	72	924
26	73	992
26	74	879
26	75	859
26	76	802
26	77	858
26	78	784
26	79	717
26	80	713
26	81	699
26	82	718
26	83	656
26	84	686
26	85	578
26	86	580
26	87	556
26	88	559
26	89	526
26	90	531
26	91	527
26	92	464
26	93	450
26	94	456
26	95	450
26	96	428
26	97	400
26	98	413
26	99	414
26	100	369
26	101	380
26	102	382
26	103	347
26	104	322
26	105	356
26	106	320
26	107	309
26	108	288
26	109	303
26	110	279
26	111	268
26	112	291
26	113	250
26	114	222
26	115	261
26	116	232
26	117	218
26	118	221
26	119	216
26	120	181
26	121	183
26	122	168
26	123	177
26	124	162
26	125	164
26	126	168
26	127	174
26	128	154
26	129	130
26	130	156
26	131	124
26	132	139
26	133	119
26	134	137
26	135	125
26	136	118
26	137	121
26	138	98
26	139	102
26	140	87
26	141	95
26	142	102
26	143	75
26	144	74
26	145	90
26	146	72
26	147	84
26	148	81
26	149	73
26	150	62
26	151	57
26	152	69
26	153	54
26	154	49
26	155	60
26	156	54
26	157	43
26	158	45
26	159	53
26	160	43
26	161	35
26	162	46
26	163	48
26	164	32
26	165	24
26	166	29
26	167	47
26	168	31
26	169	37
26	170	18
26	171	28
26	172	34
26	173	18
26	174	33
26	175	22
26	176	27
26	177	20
26	178	15
26	179	15
26	180	17
26	181	15
26	182	18
26	183	11
26	184	18
26	185	18
26	186	15
26	187	8
26	188	12
26	189	17
26	190	9
26	191	6
26	192	16
26	193	12
26	194	12
26	195	11
26	196	10
26	197	10
26	198	14
26	199	9
26	200	5
26	201	13
26	202	6
26	203	7
26	204	11
26	205	9
26	206	7
26	207	7
26	208	3
26	209	5
26	210	6
26	211	3
26	212	1
26	214	2
26	215	4
26	216	3
26	217	2
26	218	4
26	219	1
26	220	5
26	221	1
26	222	3
26	223	2
26	224	4
26	225	1
26	227	1
26	228	2
26	229	5
26	230	1
26	231	1
26	232	2
26	233	3
26	234	2
26	235	2
26	236	1
26	237	2
26	240	2
26	241	2
26	242	1
26	245	1
26	248	1
26	253	2
26	254	1
26	255	9
27	0	19953
27	1	14337
27	2	16408
27	3	19358
27	4	21827
27	5	24001
27	6	26215
27	7	27392
27	8	29064
27	9	29525
27	10	29884
27	11	30061
27	12	29784
27	13	28917
27	14	28927
27	15	28054
27	16	26876
27	17	26041
27	18	25137
27	19	23982
27	20	22858
27	21	21608
27	22	20565
27	23	19396
27	24	18328
27	25	17163
27	26	16154
27	27	15262
27	28	14312
27	29	13336
27	30	12577
27	31	11896
27	32	11098
27	33	10485
27	34	9853
27	35	8992
27	36	8597
27	37	7983
27	38	7466
27	39	6788
27	40	6431
27	41	6022
27	42	5802
27	43	5245
27	44	4952
27	45	4383
27	46	4311
27	47	4028
27	48	3797
27	49	3423
27	50	3266
27	51	3100
27	52	2903
27	53	2740
27	54	2521
27	55	2482
27	56	2265
27	57	2114
27	58	1962
27	59	1869
27	60	1776
27	61	1763
27	62	1580
27	63	1515
27	64	1462
27	65	1317
27	66	1307
27	67	1235
27	68	1151
27	69	1130
27	70	1038
27	71	1075
27	72	1018
27	73	982
27	74	901
27	75	863
27	76	820
27	77	805
27	78	756
27	79	725
27	80	739
27	81	778
27	82	638
27	83	664
27	84	635
27	85	592
27	86	581
27	87	540
27	88	553
27	89	600
27	90	512
27	91	504
27	92	481
27	93	502
27	94	491
27	95	438
27	96	444
27	97	411
27	98	434
27	99	360
27	100	376
27	101	385
27	102	342
27	103	302
27	104	349
27	105	324
27	106	330
27	107	323
27	108	301
27	109	289
27	110	262
27	111	280
27	112	270
27	113	246
27	114	242
27	115	231
27	116	224
27	117	212
27	118	223
27	119	201
27	120	221
27	121	199
27	122	192
27	123	187
27	124	171
27	125	174
27	126	172
27	127	184
27	128	157
27	129	162
27	130	149
27	131	148
27	132	150
27	133	137
27	134	117
27	135	128
27	136	115
27	137	112
27	138	120
27	139	105
27	140	117
27	141	99
27	142	111
27	143	95
27	144	90
27	145	89
27	146	93
27	147	84
27	148	69
27	149	63
27	150	58
27	151	64
27	152	62
27	153	50
27	154	57
27	155	61
27	156	68
27	157	48
27	158	60
27	159	41
27	160	51
27	161	55
27	162	40
27	163	46
27	164	32
27	165	36
27	166	37
27	167	36
27	168	19
27	169	29
27	170	32
27	171	22
27	172	37
27	173	24
27	174	26
27	175	24
27	176	23
27	177	25
27	178	18
27	179	20
27	180	23
27	181	18
27	182	25
27	183	25
27	184	16
27	185	17
27	186	14
27	187	16
27	188	13
27	189	12
27	190	16
27	191	15
27	192	12
27	193	13
27	194	9
27	195	9
27	196	7
27	197	9
27	198	6
27	199	10
27	200	7
27	201	7
27	202	11
27	203	7
27	204	5
27	205	5
27	206	5
27	207	6
27	208	4
27	209	3
27	210	4
27	211	3
27	212	2
27	213	3
27	214	3
27	216	2
27	217	1
27	218	3
27	219	1
27	220	1
27	221	1
27	222	4
27	223	2
27	224	4
27	225	1
27	227	2
27	228	2
27	229	2
27	230	1
27	234	1
27	235	1
27	236	2
27	239	1
27	240	3
27	241	3
27	246	1
27	249	2
27	250	1
27	252	2
27	255	5
28	0	20238
28	1	14193
28	2	16312
28	3	19097
28	4	21758
28	5	24289
28	6	26235
28	7	27572
28	8	28951
28	9	29535
28	10	30014
28	11	30334
28	12	29944
28	13	29327
28	14	28909
28	15	28004
28	16	26949
28	17	26036
28	18	24978
28	19	23795
28	20	22661
28	21	21759
28	22	20608
28	23	19461
28	24	18154
28	25	17532
28	26	16552
28	27	15337
28	28	14394
28	29	13708
28	30	12663
28	31	12065
28	32	11320
28	33	10459
28	34	9812
28	35	9178
28	36	8613
28	37	8023
28	38	7442
28	39	7002
28	40	6583
28	41	6108
28	42	5699
28	43	5196
28	44	4953
28	45	4554
28	46	4285
28	47	4059
28	48	3787
28	49	3525
28	50	3219
28	51	3115
28	52	2893
28	53	2656
28	54	2569
28	55	2376
28	56	2129
28	57	2070
28	58	2038
28	59	1860
28	60	1765
28	61	1650
28	62	1615
28	63	1586
28	64	1472
28	65	1401
28	66	1302
28	67	1290
28	68	1122
28	69	1158
28	70	1102
28	71	1036
28	72	982
28	73	950
28	74	915
28	75	814
28	76	834
28	77	812
28	78	817
28	79	795
28	80	737
28	81	721
28	82	662
28	83	646
28	84	662
28	85	609
28	86	580
28	87	611
28	88	587
28	89	546
28	90	565
28	91	500
28	92	456
28	93	477
28	94	446
28	95	450
28	96	410
28	97	407
28	98	426
28	99	415
28	100	386
28	101	395
28	102	350
28	103	337
28	104	317
28	105	349
28	106	300
28	107	298
28	108	285
28	109	302
28	110	289
28	111	256
28	112	258
28	113	264
28	114	272
28	115	215
28	116	210
28	117	229
28	118	216
28	119	198
28	120	237
28	121	231
28	122	170
28	123	170
28	124	163
28	125	141
28	126	176
28	127	158
28	128	157
28	129	155
28	130	129
28	131	148
28	132	139
28	133	137
28	134	129
28	135	132
28	136	110
28	137	119
28	138	103
28	139	131
28	140	118
28	141	98
28	142	83
28	143	82
28	144	82
28	145	95
28	146	81
28	147	83
28	148	54
28	149	74
28	150	58
28	151	76
28	152	72
28	153	68
28	154	60
28	155	72
28	156	51
28	157	59
28	158	68
28	159	49
28	160	47
28	161	53
28	162	43
28	163	33
28	164	24
28	165	31
28	166	33
28	167	44
28	168	25
28	169	26
28	170	21
28	171	30
28	172	23
28	173	28
28	174	28
28	175	15
28	176	12
28	177	28
28	178	18
28	179	17
28	180	16
28	181	27
28	182	8
28	183	16
28	184	22
28	185	10
28	186	15
28	187	9
28	188	19
28	189	18
28	190	16
28	191	10
28	192	10
28	193	7
28	194	5
28	195	11
28	196	9
28	197	13
28	198	13
28	199	4
28	200	11
28	201	7
28	202	9
28	203	9
28	204	10
28	205	6
28	206	6
28	207	2
28	208	5
28	209	4
28	210	4
28	211	6
28	212	5
28	213	6
28	214	1
28	215	7
28	216	5
28	217	2
28	218	5
28	219	2
28	220	4
28	221	2
28	222	2
28	223	4
28	224	1
28	225	2
28	226	2
28	227	2
28	228	1
28	230	1
28	231	2
28	232	2
28	234	2
28	237	2
28	238	1
28	241	2
28	245	1
28	246	1
28	248	1
28	253	1
28	255	9
29	0	20549
29	1	14740
29	2	17067
29	3	20072
29	4	22963
29	5	25195
29	6	27191
29	7	29193
29	8	30755
29	9	31702
29	10	32058
29	11	32284
29	12	32096
29	13	32255
29	14	31409
29	15	30743
29	16	30094
29	17	28947
29	18	28095
29	19	26867
29	20	25789
29	21	24703
29	22	23627
29	23	22193
29	24	21273
29	25	19946
29	26	19001
29	27	17757
29	28	16909
29	29	15649
29	30	14980
29	31	14088
29	32	13125
29	33	12213
29	34	11295
29	35	10687
29	36	9966
29	37	9301
29	38	8888
29	39	8069
29	40	7669
29	41	7165
29	42	6683
29	43	6328
29	44	5930
29	45	5518
29	46	4932
29	47	4711
29	48	4405
29	49	4199
29	50	3714
29	51	3631
29	52	3338
29	53	3079
29	54	3023
29	55	2761
29	56	2539
29	57	2354
29	58	2255
29	59	2075
29	60	2003
29	61	1943
29	62	1747
29	63	1741
29	64	1563
29	65	1555
29	66	1411
29	67	1329
29	68	1316
29	69	1200
29	70	1263
29	71	1107
29	72	1109
29	73	1003
29	74	1043
29	75	952
29	76	912
29	77	866
29	78	842
29	79	832
29	80	780
29	81	732
29	82	705
29	83	711
29	84	656
29	85	637
29	86	600
29	87	624
29	88	590
29	89	573
29	90	566
29	91	504
29	92	530
29	93	502
29	94	454
29	95	476
29	96	502
29	97	440
29	98	450
29	99	440
29	100	424
29	101	393
29	102	399
29	103	394
29	104	328
29	105	329
29	106	342
29	107	314
29	108	319
29	109	310
29	110	285
29	111	250
29	112	276
29	113	252
29	114	275
29	115	262
29	116	231
29	117	225
29	118	230
29	119	251
29	120	224
29	121	228
29	122	220
29	123	191
29	124	202
29	125	161
29	126	170
29	127	169
29	128	160
29	129	163
29	130	172
29	131	137
29	132	136
29	133	151
29	134	135
29	135	158
29	136	127
29	137	135
29	138	122
29	139	116
29	140	107
29	141	124
29	142	101
29	143	94
29	144	92
29	145	87
29	146	91
29	147	88
29	148	80
29	149	72
29	150	71
29	151	57
29	152	79
29	153	73
29	154	73
29	155	58
29	156	59
29	157	56
29	158	44
29	159	48
29	160	50
29	161	48
29	162	60
29	163	41
29	164	48
29	165	22
29	166	43
29	167	38
29	168	18
29	169	34
29	170	34
29	171	29
29	172	43
29	173	34
29	174	22
29	175	26
29	176	23
29	177	19
29	178	19
29	179	18
29	180	18
29	181	20
29	182	21
29	183	20
29	184	11
29	185	17
29	186	16
29	187	13
29	188	19
29	189	16
29	190	11
29	191	7
29	192	10
29	193	11
29	194	12
29	195	9
29	196	4
29	197	4
29	198	13
29	199	6
29	200	8
29	201	4
29	202	3
29	203	7
29	204	4
29	205	7
29	206	3
29	207	6
29	208	4
29	209	6
29	210	4
29	211	4
29	212	5
29	213	6
29	214	1
29	215	1
29	216	2
29	217	7
29	218	7
29	219	5
29	220	1
29	221	2
29	222	1
29	223	2
29	224	4
29	225	2
29	226	1
29	229	1
29	230	2
29	231	1
29	232	1
29	233	1
29	234	4
29	235	1
29	237	1
29	240	2
29	242	1
29	243	1
29	246	4
29	247	2
29	248	1
29	249	1
29	255	5
30	0	12541
30	1	10380
30	2	12490
30	3	14704
30	4	17511
30	5	19285
30	6	20991
30	7	22534
30	8	23676
30	9	24354
30	10	24742
30	11	24685
30	12	24729
30	13	24057
30	14	23966
30	15	23045
30	16	22602
30	17	21686
30	18	20804
30	19	20004
30	20	19080
30	21	18398
30	22	17077
30	23	16202
30	24	15521
30	25	14459
30	26	13719
30	27	12762
30	28	12041
30	29	11384
30	30	10836
30	31	10053
30	32	9454
30	33	8762
30	34	8409
30	35	7649
30	36	7051
30	37	6794
30	38	6414
30	39	6066
30	40	5689
30	41	5322
30	42	5053
30	43	4627
30	44	4245
30	45	3954
30	46	3757
30	47	3661
30	48	3422
30	49	3148
30	50	3008
30	51	2829
30	52	2584
30	53	2452
30	54	2446
30	55	2171
30	56	2048
30	57	2024
30	58	1882
30	59	1736
30	60	1629
30	61	1565
30	62	1602
30	63	1423
30	64	1307
30	65	1310
30	66	1325
30	67	1128
30	68	1194
30	69	1102
30	70	1011
30	71	961
30	72	1035
30	73	894
30	74	839
30	75	811
30	76	836
30	77	760
30	78	751
30	79	756
30	80	694
30	81	642
30	82	697
30	83	630
30	84	593
30	85	630
30	86	613
30	87	580
30	88	530
30	89	542
30	90	503
30	91	493
30	92	490
30	93	448
30	94	475
30	95	439
30	96	417
30	97	415
30	98	410
30	99	442
30	100	363
30	101	407
30	102	399
30	103	359
30	104	309
30	105	306
30	106	338
30	107	306
30	108	296
30	109	284
30	110	312
30	111	269
30	112	258
30	113	276
30	114	238
30	115	242
30	116	236
30	117	233
30	118	219
30	119	203
30	120	199
30	121	220
30	122	196
30	123	171
30	124	186
30	125	192
30	126	173
30	127	155
30	128	154
30	129	140
30	130	159
30	131	151
30	132	149
30	133	131
30	134	139
30	135	119
30	136	119
30	137	113
30	138	125
30	139	114
30	140	102
30	141	109
30	142	93
30	143	98
30	144	105
30	145	75
30	146	90
30	147	65
30	148	87
30	149	82
30	150	70
30	151	80
30	152	61
30	153	55
30	154	66
30	155	52
30	156	61
30	157	71
30	158	66
30	159	55
30	160	51
30	161	56
30	162	49
30	163	50
30	164	55
30	165	37
30	166	30
30	167	34
30	168	32
30	169	40
30	170	33
30	171	26
30	172	27
30	173	19
30	174	22
30	175	14
30	176	15
30	177	13
30	178	22
30	179	24
30	180	23
30	181	21
30	182	15
30	183	14
30	184	19
30	185	17
30	186	16
30	187	16
30	188	14
30	189	13
30	190	8
30	191	18
30	192	15
30	193	10
30	194	6
30	195	5
30	196	7
30	197	11
30	198	11
30	199	6
30	200	7
30	201	13
30	202	3
30	203	8
30	204	9
30	205	7
30	206	3
30	207	5
30	208	4
30	209	4
30	210	4
30	211	7
30	212	5
30	213	5
30	214	2
30	215	1
30	216	4
30	217	4
30	218	4
30	219	1
30	220	3
30	221	2
30	223	2
30	224	2
30	225	3
30	226	2
30	228	3
30	229	1
30	230	1
30	231	1
30	232	1
30	236	1
30	237	2
30	238	1
30	239	1
30	241	1
30	243	1
30	244	1
30	246	3
30	249	1
30	250	1
30	253	1
30	255	5
31	0	12305
31	1	10232
31	2	12452
31	3	14962
31	4	17226
31	5	19072
31	6	20936
31	7	22323
31	8	23188
31	9	24268
31	10	24926
31	11	24691
31	12	24701
31	13	24234
31	14	23738
31	15	23359
31	16	22502
31	17	21543
31	18	21032
31	19	20159
31	20	18996
31	21	18079
31	22	16809
31	23	16422
31	24	15389
31	25	14617
31	26	13667
31	27	12806
31	28	12236
31	29	11382
31	30	10752
31	31	10075
31	32	9318
31	33	8880
31	34	8290
31	35	7558
31	36	7326
31	37	6839
31	38	6416
31	39	5994
31	40	5669
31	41	5215
31	42	4918
31	43	4637
31	44	4250
31	45	3894
31	46	3800
31	47	3608
31	48	3311
31	49	3119
31	50	2995
31	51	2788
31	52	2570
31	53	2439
31	54	2274
31	55	2163
31	56	2056
31	57	1937
31	58	1725
31	59	1732
31	60	1653
31	61	1481
31	62	1481
31	63	1415
31	64	1325
31	65	1246
31	66	1193
31	67	1196
31	68	1221
31	69	1134
31	70	1024
31	71	1029
31	72	936
31	73	919
31	74	844
31	75	829
31	76	797
31	77	797
31	78	758
31	79	760
31	80	671
31	81	604
31	82	590
31	83	657
31	84	617
31	85	631
31	86	567
31	87	578
31	88	517
31	89	536
31	90	492
31	91	482
31	92	510
31	93	422
31	94	456
31	95	412
31	96	443
31	97	396
31	98	369
31	99	393
31	100	373
31	101	398
31	102	357
31	103	367
31	104	347
31	105	371
31	106	314
31	107	302
31	108	295
31	109	307
31	110	282
31	111	274
31	112	274
31	113	262
31	114	264
31	115	260
31	116	249
31	117	224
31	118	205
31	119	188
31	120	216
31	121	198
31	122	184
31	123	156
31	124	181
31	125	174
31	126	171
31	127	151
31	128	157
31	129	158
31	130	142
31	131	130
31	132	136
31	133	118
31	134	141
31	135	113
31	136	137
31	137	124
31	138	107
31	139	129
31	140	81
31	141	78
31	142	91
31	143	97
31	144	71
31	145	99
31	146	80
31	147	65
31	148	82
31	149	78
31	150	84
31	151	74
31	152	69
31	153	66
31	154	64
31	155	64
31	156	45
31	157	47
31	158	41
31	159	39
31	160	44
31	161	44
31	162	46
31	163	34
31	164	40
31	165	41
31	166	36
31	167	32
31	168	36
31	169	42
31	170	27
31	171	22
31	172	28
31	173	34
31	174	25
31	175	19
31	176	28
31	177	23
31	178	17
31	179	20
31	180	21
31	181	13
31	182	20
31	183	24
31	184	19
31	185	20
31	186	18
31	187	18
31	188	14
31	189	11
31	190	17
31	191	14
31	192	10
31	193	11
31	194	6
31	195	9
31	196	11
31	197	16
31	198	11
31	199	8
31	200	4
31	201	8
31	202	7
31	203	4
31	204	7
31	205	7
31	206	7
31	207	3
31	208	4
31	209	3
31	210	6
31	211	3
31	212	7
31	213	3
31	214	7
31	215	3
31	216	1
31	217	3
31	218	2
31	219	1
31	220	2
31	221	2
31	222	3
31	223	2
31	224	1
31	225	1
31	226	1
31	227	4
31	228	4
31	229	3
31	230	2
31	231	5
31	232	3
31	235	4
31	237	1
31	238	1
31	239	3
31	240	3
31	243	1
31	247	2
31	248	1
31	250	1
31	251	1
31	254	1
31	255	5
32	0	12582
32	1	10317
32	2	12493
32	3	14730
32	4	17336
32	5	19095
32	6	21073
32	7	22426
32	8	23515
32	9	24062
32	10	24507
32	11	24814
32	12	24787
32	13	24176
32	14	23740
32	15	23358
32	16	22431
32	17	21562
32	18	20928
32	19	20000
32	20	19053
32	21	18090
32	22	17339
32	23	16141
32	24	15184
32	25	14452
32	26	13578
32	27	12894
32	28	12126
32	29	11412
32	30	10550
32	31	10144
32	32	9332
32	33	9033
32	34	8307
32	35	7856
32	36	7341
32	37	6780
32	38	6424
32	39	5891
32	40	5618
32	41	5286
32	42	4802
32	43	4684
32	44	4343
32	45	3899
32	46	3776
32	47	3526
32	48	3367
32	49	3067
32	50	2958
32	51	2698
32	52	2621
32	53	2564
32	54	2285
32	55	2147
32	56	2064
32	57	1922
32	58	1849
32	59	1753
32	60	1640
32	61	1510
32	62	1461
32	63	1430
32	64	1338
32	65	1216
32	66	1198
32	67	1113
32	68	1115
32	69	1074
32	70	982
32	71	995
32	72	927
32	73	858
32	74	831
32	75	843
32	76	824
32	77	766
32	78	755
32	79	710
32	80	741
32	81	700
32	82	597
32	83	676
32	84	607
32	85	625
32	86	574
32	87	604
32	88	556
32	89	534
32	90	514
32	91	529
32	92	473
32	93	470
32	94	491
32	95	457
32	96	395
32	97	416
32	98	403
32	99	375
32	100	377
32	101	376
32	102	330
32	103	320
32	104	371
32	105	350
32	106	330
32	107	331
32	108	279
32	109	298
32	110	282
32	111	259
32	112	278
32	113	258
32	114	234
32	115	250
32	116	223
32	117	246
32	118	206
32	119	220
32	120	197
32	121	215
32	122	199
32	123	178
32	124	174
32	125	166
32	126	162
32	127	162
32	128	169
32	129	148
32	130	155
32	131	151
32	132	129
32	133	131
32	134	138
32	135	131
32	136	116
32	137	119
32	138	111
32	139	104
32	140	92
32	141	111
32	142	92
32	143	103
32	144	86
32	145	92
32	146	84
32	147	83
32	148	76
32	149	75
32	150	71
32	151	76
32	152	73
32	153	54
32	154	63
32	155	46
32	156	50
32	157	59
32	158	46
32	159	57
32	160	54
32	161	46
32	162	51
32	163	40
32	164	40
32	165	41
32	166	37
32	167	41
32	168	27
32	169	32
32	170	35
32	171	31
32	172	36
32	173	26
32	174	31
32	175	20
32	176	18
32	177	23
32	178	28
32	179	20
32	180	22
32	181	15
32	182	16
32	183	15
32	184	7
32	185	20
32	186	19
32	187	15
32	188	10
32	189	16
32	190	17
32	191	8
32	192	14
32	193	10
32	194	13
32	195	6
32	196	6
32	197	8
32	198	12
32	199	3
32	200	2
32	201	4
32	202	4
32	203	10
32	204	5
32	205	3
32	206	3
32	207	2
32	208	5
32	209	4
32	210	4
32	211	3
32	212	3
32	213	2
32	214	9
32	215	1
32	216	4
32	217	2
32	219	4
32	221	4
32	222	2
32	225	4
32	226	4
32	227	3
32	228	2
32	229	1
32	230	1
32	231	1
32	232	1
32	233	1
32	234	4
32	235	1
32	236	2
32	238	1
32	239	1
32	243	1
32	248	1
32	250	2
32	251	1
32	252	1
32	255	9
33	0	10134
33	1	7752
33	2	9152
33	3	10769
33	4	12435
33	5	13919
33	6	15402
33	7	16404
33	8	17341
33	9	18007
33	10	18139
33	11	18690
33	12	18469
33	13	18492
33	14	18063
33	15	18268
33	16	17451
33	17	16935
33	18	16446
33	19	15899
33	20	15293
33	21	14556
33	22	13930
33	23	13507
33	24	12923
33	25	12155
33	26	11697
33	27	10958
33	28	10351
33	29	9896
33	30	9059
33	31	8918
33	32	8242
33	33	7797
33	34	7298
33	35	6801
33	36	6407
33	37	6162
33	38	5560
33	39	5320
33	40	4972
33	41	4558
33	42	4197
33	43	4056
33	44	3872
33	45	3640
33	46	3245
33	47	3090
33	48	2805
33	49	2796
33	50	2547
33	51	2406
33	52	2215
33	53	2102
33	54	2027
33	55	1834
33	56	1725
33	57	1708
33	58	1621
33	59	1497
33	60	1398
33	61	1286
33	62	1276
33	63	1211
33	64	1165
33	65	1044
33	66	1034
33	67	972
33	68	957
33	69	880
33	70	865
33	71	829
33	72	805
33	73	739
33	74	739
33	75	687
33	76	676
33	77	670
33	78	608
33	79	595
33	80	552
33	81	540
33	82	505
33	83	520
33	84	497
33	85	502
33	86	457
33	87	445
33	88	415
33	89	428
33	90	402
33	91	394
33	92	367
33	93	388
33	94	384
33	95	365
33	96	373
33	97	351
33	98	302
33	99	287
33	100	330
33	101	286
33	102	312
33	103	268
33	104	274
33	105	264
33	106	231
33	107	244
33	108	208
33	109	248
33	110	202
33	111	191
33	112	194
33	113	207
33	114	177
33	115	190
33	116	168
33	117	165
33	118	171
33	119	158
33	120	149
33	121	161
33	122	150
33	123	141
33	124	143
33	125	142
33	126	133
33	127	100
33	128	104
33	129	122
33	130	111
33	131	87
33	132	108
33	133	108
33	134	93
33	135	116
33	136	99
33	137	77
33	138	74
33	139	91
33	140	72
33	141	69
33	142	62
33	143	54
33	144	66
33	145	61
33	146	53
33	147	46
33	148	64
33	149	44
33	150	48
33	151	56
33	152	49
33	153	48
33	154	50
33	155	32
33	156	48
33	157	51
33	158	46
33	159	36
33	160	44
33	161	31
33	162	35
33	163	34
33	164	32
33	165	36
33	166	34
33	167	27
33	168	25
33	169	23
33	170	17
33	171	17
33	172	20
33	173	19
33	174	25
33	175	11
33	176	19
33	177	15
33	178	21
33	179	12
33	180	22
33	181	15
33	182	15
33	183	11
33	184	9
33	185	5
33	186	5
33	187	14
33	188	12
33	189	4
33	190	10
33	191	4
33	192	5
33	193	9
33	194	8
33	195	7
33	196	2
33	197	5
33	198	1
33	199	7
33	200	3
33	201	7
33	202	5
33	203	10
33	204	6
33	205	4
33	206	5
33	207	5
33	208	2
33	209	4
33	210	4
33	211	3
33	212	4
33	213	1
33	214	6
33	215	1
33	216	1
33	217	3
33	218	3
33	219	2
33	220	2
33	221	2
33	222	2
33	223	1
33	225	3
33	226	1
33	227	2
33	228	1
33	230	1
33	233	1
33	237	1
33	240	1
33	243	2
33	244	2
33	245	1
33	248	1
33	249	1
33	250	1
33	252	1
33	255	2
34	0	10023
34	1	7755
34	2	9207
34	3	10896
34	4	12737
34	5	14146
34	6	15274
34	7	16862
34	8	17563
34	9	18035
34	10	18648
34	11	18745
34	12	18530
34	13	18981
34	14	18147
34	15	18125
34	16	17895
34	17	17025
34	18	16707
34	19	15938
34	20	15491
34	21	14823
34	22	14126
34	23	13415
34	24	12971
34	25	12247
34	26	11792
34	27	11047
34	28	10240
34	29	9710
34	30	9386
34	31	8771
34	32	8254
34	33	7716
34	34	7316
34	35	6889
34	36	6292
34	37	5980
34	38	5703
34	39	5260
34	40	4948
34	41	4523
34	42	4326
34	43	4055
34	44	3731
34	45	3541
34	46	3286
34	47	3099
34	48	2935
34	49	2732
34	50	2581
34	51	2482
34	52	2369
34	53	2192
34	54	2029
34	55	1845
34	56	1809
34	57	1602
34	58	1597
34	59	1486
34	60	1451
34	61	1402
34	62	1250
34	63	1192
34	64	1099
34	65	1054
34	66	1083
34	67	984
34	68	886
34	69	920
34	70	881
34	71	805
34	72	821
34	73	725
34	74	728
34	75	672
34	76	696
34	77	644
34	78	549
34	79	619
34	80	573
34	81	549
34	82	502
34	83	502
34	84	518
34	85	495
34	86	463
34	87	458
34	88	432
34	89	437
34	90	378
34	91	372
34	92	389
34	93	346
34	94	369
34	95	351
34	96	298
34	97	321
34	98	323
34	99	305
34	100	279
34	101	269
34	102	267
34	103	268
34	104	241
34	105	256
34	106	233
34	107	238
34	108	236
34	109	215
34	110	202
34	111	225
34	112	198
34	113	184
34	114	189
34	115	177
34	116	181
34	117	160
34	118	161
34	119	155
34	120	149
34	121	136
34	122	147
34	123	137
34	124	143
34	125	141
34	126	112
34	127	115
34	128	112
34	129	116
34	130	109
34	131	98
34	132	97
34	133	99
34	134	87
34	135	90
34	136	93
34	137	75
34	138	78
34	139	91
34	140	71
34	141	62
34	142	56
34	143	60
34	144	80
34	145	75
34	146	82
34	147	65
34	148	61
34	149	49
34	150	56
34	151	53
34	152	44
34	153	44
34	154	48
34	155	47
34	156	41
34	157	35
34	158	38
34	159	44
34	160	40
34	161	19
34	162	26
34	163	37
34	164	36
34	165	37
34	166	21
34	167	27
34	168	23
34	169	15
34	170	31
34	171	9
34	172	17
34	173	22
34	174	22
34	175	11
34	176	13
34	177	13
34	178	10
34	179	9
34	180	11
34	181	16
34	182	7
34	183	9
34	184	5
34	185	14
34	186	8
34	187	9
34	188	8
34	189	11
34	190	14
34	191	4
34	192	7
34	193	5
34	194	7
34	195	8
34	196	10
34	197	8
34	198	4
34	199	3
34	200	5
34	201	3
34	202	9
34	203	3
34	205	7
34	206	6
34	207	5
34	208	7
34	209	4
34	210	3
34	211	2
34	212	5
34	213	1
34	214	4
34	215	3
34	216	3
34	217	3
34	218	2
34	221	1
34	222	2
34	223	1
34	224	1
34	225	1
34	226	2
34	229	2
34	232	3
34	238	1
34	241	1
34	242	2
34	246	1
34	247	1
34	248	1
34	250	1
34	251	1
34	252	1
34	255	4
35	0	9881
35	1	7810
35	2	9067
35	3	10797
35	4	12897
35	5	14056
35	6	15664
35	7	16505
35	8	17490
35	9	17963
35	10	18603
35	11	18772
35	12	18451
35	13	18708
35	14	18479
35	15	17892
35	16	17732
35	17	16830
35	18	16544
35	19	16050
35	20	15511
35	21	14968
35	22	14025
35	23	13596
35	24	12991
35	25	12208
35	26	11428
35	27	10987
35	28	10421
35	29	9784
35	30	9150
35	31	8676
35	32	8165
35	33	7807
35	34	7204
35	35	6807
35	36	6389
35	37	6011
35	38	5660
35	39	5199
35	40	5001
35	41	4658
35	42	4239
35	43	3980
35	44	3854
35	45	3668
35	46	3310
35	47	3252
35	48	2948
35	49	2719
35	50	2606
35	51	2502
35	52	2323
35	53	2075
35	54	1996
35	55	1883
35	56	1773
35	57	1684
35	58	1533
35	59	1524
35	60	1364
35	61	1313
35	62	1254
35	63	1166
35	64	1097
35	65	1095
35	66	1046
35	67	994
35	68	959
35	69	860
35	70	843
35	71	758
35	72	796
35	73	735
35	74	699
35	75	646
35	76	672
35	77	637
35	78	633
35	79	601
35	80	606
35	81	548
35	82	537
35	83	510
35	84	467
35	85	507
35	86	456
35	87	422
35	88	412
35	89	430
35	90	384
35	91	407
35	92	333
35	93	381
35	94	355
35	95	358
35	96	312
35	97	297
35	98	330
35	99	267
35	100	285
35	101	301
35	102	284
35	103	256
35	104	278
35	105	252
35	106	226
35	107	245
35	108	237
35	109	223
35	110	216
35	111	203
35	112	202
35	113	187
35	114	181
35	115	174
35	116	190
35	117	147
35	118	150
35	119	179
35	120	157
35	121	139
35	122	134
35	123	114
35	124	138
35	125	117
35	126	126
35	127	122
35	128	103
35	129	119
35	130	121
35	131	102
35	132	108
35	133	104
35	134	99
35	135	88
35	136	95
35	137	102
35	138	88
35	139	78
35	140	81
35	141	75
35	142	64
35	143	70
35	144	72
35	145	62
35	146	74
35	147	63
35	148	61
35	149	64
35	150	35
35	151	50
35	152	47
35	153	42
35	154	42
35	155	36
35	156	39
35	157	50
35	158	31
35	159	25
35	160	37
35	161	29
35	162	38
35	163	30
35	164	30
35	165	27
35	166	23
35	167	21
35	168	25
35	169	23
35	170	23
35	171	28
35	172	17
35	173	17
35	174	21
35	175	20
35	176	15
35	177	15
35	178	13
35	179	14
35	180	17
35	181	14
35	182	17
35	183	16
35	184	12
35	185	15
35	186	13
35	187	15
35	188	9
35	189	4
35	190	9
35	191	4
35	192	10
35	193	6
35	194	10
35	195	3
35	196	6
35	197	11
35	198	6
35	199	9
35	200	4
35	201	6
35	202	1
35	203	7
35	204	3
35	205	8
35	206	6
35	207	3
35	208	2
35	209	2
35	210	1
35	211	5
35	212	2
35	213	5
35	214	2
35	215	2
35	219	2
35	222	3
35	223	2
35	225	2
35	226	3
35	227	2
35	228	3
35	229	1
35	230	1
35	232	2
35	235	1
35	237	1
35	240	1
35	241	1
35	242	2
35	246	2
35	249	1
35	250	1
35	254	1
35	255	4
36	0	11545
36	1	8934
36	2	10367
36	3	11884
36	4	14251
36	5	15923
36	6	17437
36	7	18392
36	8	19471
36	9	20228
36	10	20378
36	11	20872
36	12	20870
36	13	20975
36	14	20858
36	15	20492
36	16	19820
36	17	19261
36	18	18582
36	19	18154
36	20	17265
36	21	16594
36	22	16046
36	23	15152
36	24	14614
36	25	13746
36	26	13228
36	27	12334
36	28	11649
36	29	11247
36	30	10608
36	31	10011
36	32	9350
36	33	8717
36	34	8294
36	35	7824
36	36	7140
36	37	6697
36	38	6404
36	39	6025
36	40	5581
36	41	5311
36	42	5001
36	43	4559
36	44	4211
36	45	3937
36	46	3714
36	47	3411
36	48	3221
36	49	2888
36	50	2806
36	51	2619
36	52	2530
36	53	2306
36	54	2200
36	55	1987
36	56	1978
36	57	1863
36	58	1677
36	59	1568
36	60	1471
36	61	1388
36	62	1361
36	63	1270
36	64	1167
36	65	1167
36	66	1117
36	67	1047
36	68	979
36	69	908
36	70	917
36	71	852
36	72	843
36	73	750
36	74	791
36	75	696
36	76	659
36	77	639
36	78	612
36	79	638
36	80	572
36	81	577
36	82	564
36	83	529
36	84	509
36	85	480
36	86	491
36	87	455
36	88	429
36	89	409
36	90	386
36	91	359
36	92	421
36	93	375
36	94	326
36	95	385
36	96	315
36	97	298
36	98	275
36	99	330
36	100	288
36	101	329
36	102	277
36	103	271
36	104	285
36	105	246
36	106	272
36	107	220
36	108	223
36	109	200
36	110	231
36	111	191
36	112	191
36	113	220
36	114	208
36	115	179
36	116	177
36	117	170
36	118	186
36	119	149
36	120	163
36	121	157
36	122	137
36	123	153
36	124	138
36	125	151
36	126	142
36	127	114
36	128	126
36	129	113
36	130	110
36	131	128
36	132	95
36	133	126
36	134	95
36	135	97
36	136	80
36	137	80
36	138	67
36	139	67
36	140	84
36	141	84
36	142	65
36	143	73
36	144	74
36	145	68
36	146	45
36	147	50
36	148	52
36	149	39
36	150	38
36	151	58
36	152	46
36	153	47
36	154	38
36	155	41
36	156	41
36	157	34
36	158	44
36	159	38
36	160	44
36	161	37
36	162	40
36	163	30
36	164	32
36	165	17
36	166	29
36	167	23
36	168	19
36	169	22
36	170	22
36	171	21
36	172	23
36	173	21
36	174	15
36	175	19
36	176	23
36	177	19
36	178	18
36	179	6
36	180	17
36	181	13
36	182	10
36	183	12
36	184	12
36	185	12
36	186	7
36	187	11
36	188	12
36	189	10
36	190	8
36	191	12
36	192	12
36	193	9
36	194	3
36	195	5
36	196	7
36	197	6
36	198	5
36	199	3
36	200	9
36	201	6
36	202	2
36	203	3
36	204	8
36	205	10
36	206	6
36	207	2
36	208	2
36	209	1
36	210	4
36	211	2
36	212	2
36	213	2
36	214	1
36	215	4
36	217	3
36	218	2
36	220	4
36	221	1
36	222	1
36	223	2
36	224	2
36	225	1
36	226	2
36	227	3
36	231	2
36	236	1
36	237	1
36	240	1
36	244	1
36	246	1
36	247	1
36	255	1
37	0	6725
37	1	5725
37	2	7132
37	3	8441
37	4	10104
37	5	11585
37	6	12535
37	7	13613
37	8	14401
37	9	14820
37	10	15357
37	11	15562
37	12	15495
37	13	15348
37	14	15422
37	15	15148
37	16	14850
37	17	14109
37	18	13618
37	19	13260
37	20	12470
37	21	12051
37	22	11690
37	23	11461
37	24	10587
37	25	10330
37	26	9542
37	27	9084
37	28	8752
37	29	8071
37	30	7637
37	31	7230
37	32	6878
37	33	6572
37	34	6085
37	35	5822
37	36	5451
37	37	5139
37	38	4768
37	39	4531
37	40	4324
37	41	3968
37	42	3816
37	43	3440
37	44	3261
37	45	3206
37	46	2923
37	47	2765
37	48	2510
37	49	2420
37	50	2150
37	51	2076
37	52	1955
37	53	1811
37	54	1763
37	55	1666
37	56	1597
37	57	1460
37	58	1422
37	59	1332
37	60	1260
37	61	1224
37	62	1044
37	63	1103
37	64	1017
37	65	951
37	66	935
37	67	897
37	68	868
37	69	823
37	70	761
37	71	765
37	72	683
37	73	633
37	74	652
37	75	586
37	76	578
37	77	594
37	78	580
37	79	549
37	80	538
37	81	524
37	82	479
37	83	454
37	84	433
37	85	431
37	86	420
37	87	410
37	88	399
37	89	367
37	90	375
37	91	396
37	92	368
37	93	350
37	94	346
37	95	338
37	96	314
37	97	296
37	98	297
37	99	259
37	100	275
37	101	269
37	102	257
37	103	274
37	104	250
37	105	259
37	106	251
37	107	220
37	108	208
37	109	214
37	110	210
37	111	199
37	112	187
37	113	198
37	114	156
37	115	180
37	116	187
37	117	137
37	118	156
37	119	149
37	120	144
37	121	156
37	122	118
37	123	129
37	124	127
37	125	122
37	126	122
37	127	122
37	128	112
37	129	109
37	130	119
37	131	112
37	132	104
37	133	99
37	134	92
37	135	90
37	136	80
37	137	89
37	138	83
37	139	77
37	140	76
37	141	79
37	142	69
37	143	58
37	144	63
37	145	62
37	146	55
37	147	51
37	148	60
37	149	47
37	150	48
37	151	53
37	152	45
37	153	40
37	154	41
37	155	39
37	156	48
37	157	32
37	158	39
37	159	32
37	160	28
37	161	28
37	162	27
37	163	39
37	164	33
37	165	32
37	166	21
37	167	27
37	168	25
37	169	20
37	170	24
37	171	25
37	172	22
37	173	18
37	174	20
37	175	22
37	176	12
37	177	19
37	178	13
37	179	21
37	180	14
37	181	13
37	182	9
37	183	11
37	184	8
37	185	13
37	186	6
37	187	6
37	188	8
37	189	13
37	190	7
37	191	7
37	192	10
37	193	8
37	194	4
37	195	4
37	196	5
37	197	5
37	198	8
37	199	5
37	200	6
37	201	1
37	202	6
37	203	7
37	204	4
37	205	6
37	206	4
37	207	4
37	208	1
37	209	5
37	210	1
37	211	2
37	212	4
37	213	4
37	214	4
37	216	4
37	217	3
37	218	1
37	219	1
37	220	1
37	221	1
37	223	1
37	225	2
37	228	1
37	229	2
37	230	1
37	231	2
37	232	2
37	233	1
37	235	1
37	237	1
37	238	1
37	239	2
37	240	1
37	244	1
37	247	1
37	249	1
37	250	1
37	252	1
37	255	5
38	0	6392
38	1	5558
38	2	7003
38	3	8388
38	4	10242
38	5	11335
38	6	12378
38	7	13368
38	8	13988
38	9	14509
38	10	14988
38	11	15162
38	12	15051
38	13	15048
38	14	14896
38	15	14674
38	16	14240
38	17	13754
38	18	13412
38	19	12912
38	20	12392
38	21	11779
38	22	11432
38	23	10633
38	24	10211
38	25	9764
38	26	9206
38	27	8640
38	28	8267
38	29	7935
38	30	7400
38	31	6991
38	32	6685
38	33	6168
38	34	5818
38	35	5526
38	36	5276
38	37	4856
38	38	4586
38	39	4279
38	40	3960
38	41	3851
38	42	3428
38	43	3337
38	44	3220
38	45	3019
38	46	2714
38	47	2585
38	48	2447
38	49	2262
38	50	2176
38	51	1991
38	52	1941
38	53	1721
38	54	1671
38	55	1570
38	56	1446
38	57	1406
38	58	1247
38	59	1269
38	60	1153
38	61	1120
38	62	1054
38	63	1031
38	64	1011
38	65	944
38	66	865
38	67	836
38	68	778
38	69	742
38	70	744
38	71	702
38	72	657
38	73	657
38	74	580
38	75	623
38	76	530
38	77	551
38	78	562
38	79	477
38	80	472
38	81	485
38	82	436
38	83	393
38	84	428
38	85	411
38	86	367
38	87	407
38	88	372
38	89	367
38	90	330
38	91	321
38	92	368
38	93	303
38	94	307
38	95	307
38	96	312
38	97	257
38	98	294
38	99	249
38	100	289
38	101	273
38	102	241
38	103	241
38	104	233
38	105	190
38	106	221
38	107	213
38	108	206
38	109	200
38	110	180
38	111	170
38	112	168
38	113	174
38	114	165
38	115	181
38	116	145
38	117	155
38	118	151
38	119	174
38	120	149
38	121	130
38	122	125
38	123	110
38	124	130
38	125	114
38	126	149
38	127	89
38	128	96
38	129	91
38	130	100
38	131	93
38	132	86
38	133	82
38	134	75
38	135	73
38	136	88
38	137	75
38	138	74
38	139	79
38	140	80
38	141	57
38	142	57
38	143	56
38	144	71
38	145	59
38	146	63
38	147	58
38	148	63
38	149	49
38	150	51
38	151	44
38	152	44
38	153	46
38	154	30
38	155	35
38	156	32
38	157	23
38	158	36
38	159	26
38	160	38
38	161	21
38	162	30
38	163	37
38	164	33
38	165	30
38	166	32
38	167	22
38	168	21
38	169	22
38	170	19
38	171	16
38	172	27
38	173	14
38	174	9
38	175	18
38	176	13
38	177	18
38	178	10
38	179	21
38	180	14
38	181	13
38	182	14
38	183	15
38	184	7
38	185	16
38	186	8
38	187	16
38	188	6
38	189	5
38	190	9
38	191	13
38	192	4
38	193	8
38	194	8
38	195	4
38	196	5
38	197	3
38	198	1
38	199	3
38	200	7
38	201	8
38	202	5
38	203	1
38	204	6
38	205	4
38	206	8
38	207	4
38	209	1
38	210	5
38	211	2
38	212	4
38	213	5
38	214	5
38	215	2
38	216	5
38	217	3
38	218	2
38	219	9
38	220	3
38	221	2
38	222	3
38	223	1
38	224	1
38	225	1
38	226	4
38	227	2
38	228	1
38	231	1
38	232	3
38	234	1
38	236	2
38	238	1
38	242	1
38	243	1
38	246	2
38	247	1
38	249	1
38	252	1
38	255	5
39	0	6351
39	1	5492
39	2	6822
39	3	8545
39	4	9834
39	5	11317
39	6	12217
39	7	13337
39	8	13922
39	9	14381
39	10	14931
39	11	15046
39	12	15048
39	13	14945
39	14	14786
39	15	14647
39	16	14222
39	17	13850
39	18	13095
39	19	12984
39	20	12213
39	21	11873
39	22	11323
39	23	10944
39	24	10342
39	25	9645
39	26	9106
39	27	8631
39	28	8399
39	29	7855
39	30	7391
39	31	7217
39	32	6631
39	33	6245
39	34	5864
39	35	5653
39	36	5157
39	37	4994
39	38	4671
39	39	4284
39	40	4039
39	41	3732
39	42	3491
39	43	3359
39	44	3104
39	45	3008
39	46	2726
39	47	2634
39	48	2441
39	49	2263
39	50	2085
39	51	2025
39	52	1928
39	53	1844
39	54	1773
39	55	1528
39	56	1453
39	57	1393
39	58	1315
39	59	1240
39	60	1192
39	61	1096
39	62	1055
39	63	995
39	64	949
39	65	951
39	66	881
39	67	780
39	68	787
39	69	783
39	70	653
39	71	701
39	72	673
39	73	628
39	74	649
39	75	572
39	76	553
39	77	510
39	78	551
39	79	483
39	80	492
39	81	470
39	82	443
39	83	424
39	84	426
39	85	419
39	86	370
39	87	380
39	88	397
39	89	393
39	90	359
39	91	309
39	92	343
39	93	317
39	94	330
39	95	318
39	96	303
39	97	288
39	98	295
39	99	285
39	100	248
39	101	231
39	102	233
39	103	259
39	104	208
39	105	222
39	106	205
39	107	226
39	108	207
39	109	174
39	110	176
39	111	188
39	112	177
39	113	208
39	114	167
39	115	146
39	116	169
39	117	177
39	118	136
39	119	136
39	120	125
39	121	130
39	122	130
39	123	137
39	124	124
39	125	129
39	126	114
39	127	102
39	128	120
39	129	100
39	130	90
39	131	100
39	132	82
39	133	79
39	134	88
39	135	90
39	136	87
39	137	86
39	138	68
39	139	57
39	140	53
39	141	64
39	142	63
39	143	67
39	144	54
39	145	46
39	146	54
39	147	65
39	148	57
39	149	61
39	150	45
39	151	41
39	152	31
39	153	43
39	154	42
39	155	35
39	156	35
39	157	41
39	158	29
39	159	28
39	160	29
39	161	39
39	162	31
39	163	23
39	164	23
39	165	29
39	166	19
39	167	29
39	168	24
39	169	16
39	170	24
39	171	21
39	172	19
39	173	14
39	174	19
39	175	26
39	176	19
39	177	17
39	178	15
39	179	13
39	180	11
39	181	12
39	182	13
39	183	7
39	184	16
39	185	12
39	186	6
39	187	16
39	188	12
39	189	8
39	190	7
39	191	9
39	192	9
39	193	8
39	194	5
39	195	8
39	196	2
39	197	6
39	198	6
39	199	2
39	200	5
39	201	7
39	202	1
39	203	1
39	204	5
39	205	7
39	206	8
39	207	4
39	208	2
39	209	4
39	210	4
39	211	6
39	212	3
39	213	4
39	214	4
39	215	1
39	216	2
39	217	2
39	218	2
39	219	2
39	220	2
39	221	1
39	223	3
39	224	2
39	225	4
39	226	1
39	227	3
39	229	1
39	230	1
39	232	1
39	233	1
39	234	1
39	235	1
39	238	1
39	240	1
39	241	3
39	244	1
39	246	1
39	250	1
39	255	2
40	0	6212
40	1	5643
40	2	7011
40	3	8407
40	4	9877
40	5	11193
40	6	12317
40	7	13063
40	8	13932
40	9	14698
40	10	14804
40	11	15155
40	12	15031
40	13	15008
40	14	14833
40	15	14448
40	16	14318
40	17	13737
40	18	13453
40	19	12898
40	20	12550
40	21	11763
40	22	11278
40	23	10773
40	24	10263
40	25	9886
40	26	9164
40	27	8854
40	28	8490
40	29	7698
40	30	7442
40	31	7030
40	32	6478
40	33	6197
40	34	5782
40	35	5425
40	36	5314
40	37	4832
40	38	4584
40	39	4205
40	40	3894
40	41	3752
40	42	3543
40	43	3397
40	44	3141
40	45	2969
40	46	2853
40	47	2615
40	48	2458
40	49	2203
40	50	2121
40	51	1960
40	52	1899
40	53	1743
40	54	1677
40	55	1626
40	56	1504
40	57	1443
40	58	1352
40	59	1310
40	60	1198
40	61	1100
40	62	1109
40	63	981
40	64	932
40	65	893
40	66	905
40	67	803
40	68	773
40	69	749
40	70	741
40	71	704
40	72	661
40	73	626
40	74	630
40	75	560
40	76	610
40	77	539
40	78	510
40	79	449
40	80	502
40	81	505
40	82	472
40	83	424
40	84	427
40	85	385
40	86	423
40	87	408
40	88	373
40	89	396
40	90	363
40	91	357
40	92	331
40	93	329
40	94	317
40	95	281
40	96	306
40	97	282
40	98	248
40	99	284
40	100	267
40	101	261
40	102	212
40	103	233
40	104	234
40	105	228
40	106	208
40	107	210
40	108	191
40	109	206
40	110	194
40	111	154
40	112	149
40	113	176
40	114	173
40	115	187
40	116	139
40	117	149
40	118	141
40	119	156
40	120	165
40	121	132
40	122	138
40	123	125
40	124	106
40	125	101
40	126	119
40	127	105
40	128	98
40	129	108
40	130	78
40	131	131
40	132	85
40	133	96
40	134	94
40	135	80
40	136	82
40	137	78
40	138	74
40	139	73
40	140	70
40	141	64
40	142	61
40	143	56
40	144	63
40	145	52
40	146	60
40	147	50
40	148	57
40	149	53
40	150	54
40	151	47
40	152	49
40	153	43
40	154	42
40	155	39
40	156	46
40	157	32
40	158	28
40	159	25
40	160	37
40	161	29
40	162	36
40	163	19
40	164	28
40	165	25
40	166	19
40	167	23
40	168	19
40	169	25
40	170	29
40	171	26
40	172	24
40	173	20
40	174	14
40	175	16
40	176	13
40	177	13
40	178	17
40	179	11
40	180	12
40	181	17
40	182	11
40	183	18
40	184	5
40	185	12
40	186	12
40	187	9
40	188	8
40	189	8
40	190	10
40	191	11
40	192	3
40	193	3
40	194	4
40	195	11
40	196	5
40	197	3
40	198	3
40	199	2
40	200	6
40	201	3
40	202	2
40	203	5
40	204	4
40	205	7
40	206	4
40	207	3
40	208	2
40	210	3
40	211	1
40	212	1
40	213	4
40	214	1
40	215	2
40	216	3
40	218	3
40	219	1
40	220	3
40	221	4
40	222	3
40	223	1
40	224	2
40	225	3
40	226	2
40	227	1
40	229	1
40	232	1
40	235	1
40	236	1
40	237	1
40	239	2
40	242	1
40	244	1
40	248	1
40	250	1
40	255	5
41	0	6396
41	1	5583
41	2	6803
41	3	8433
41	4	9986
41	5	11332
41	6	12243
41	7	13243
41	8	13985
41	9	14593
41	10	15056
41	11	15151
41	12	15079
41	13	15130
41	14	14828
41	15	14576
41	16	14054
41	17	13918
41	18	13374
41	19	12863
41	20	12178
41	21	11817
41	22	11174
41	23	10968
41	24	10318
41	25	9608
41	26	9356
41	27	8741
41	28	8419
41	29	7738
41	30	7541
41	31	7101
41	32	6701
41	33	6215
41	34	5851
41	35	5554
41	36	5107
41	37	4806
41	38	4525
41	39	4368
41	40	4090
41	41	3863
41	42	3622
41	43	3342
41	44	3209
41	45	2907
41	46	2706
41	47	2617
41	48	2465
41	49	2291
41	50	2202
41	51	1989
41	52	1862
41	53	1724
41	54	1663
41	55	1582
41	56	1546
41	57	1396
41	58	1313
41	59	1285
41	60	1219
41	61	1130
41	62	1085
41	63	1010
41	64	978
41	65	903
41	66	873
41	67	845
41	68	766
41	69	748
41	70	756
41	71	653
41	72	658
41	73	607
41	74	615
41	75	555
41	76	530
41	77	576
41	78	537
41	79	516
41	80	469
41	81	483
41	82	412
41	83	515
41	84	415
41	85	398
41	86	396
41	87	363
41	88	399
41	89	372
41	90	328
41	91	375
41	92	328
41	93	324
41	94	310
41	95	305
41	96	284
41	97	305
41	98	259
41	99	281
41	100	261
41	101	257
41	102	235
41	103	225
41	104	270
41	105	229
41	106	230
41	107	179
41	108	187
41	109	178
41	110	185
41	111	196
41	112	172
41	113	176
41	114	187
41	115	125
41	116	152
41	117	152
41	118	166
41	119	153
41	120	147
41	121	130
41	122	116
41	123	138
41	124	103
41	125	117
41	126	105
41	127	114
41	128	111
41	129	107
41	130	112
41	131	83
41	132	110
41	133	75
41	134	86
41	135	76
41	136	71
41	137	89
41	138	91
41	139	75
41	140	62
41	141	60
41	142	72
41	143	74
41	144	58
41	145	59
41	146	57
41	147	45
41	148	49
41	149	47
41	150	59
41	151	49
41	152	48
41	153	36
41	154	35
41	155	50
41	156	29
41	157	24
41	158	23
41	159	29
41	160	27
41	161	21
41	162	31
41	163	34
41	164	29
41	165	30
41	166	20
41	167	27
41	168	23
41	169	19
41	170	30
41	171	17
41	172	21
41	173	18
41	174	15
41	175	17
41	176	12
41	177	13
41	178	16
41	179	11
41	180	6
41	181	14
41	182	19
41	183	17
41	184	17
41	185	10
41	186	10
41	187	5
41	188	4
41	189	9
41	190	8
41	191	8
41	192	6
41	193	5
41	194	8
41	195	10
41	196	4
41	197	4
41	198	2
41	199	8
41	200	5
41	201	4
41	202	4
41	203	5
41	204	5
41	205	2
41	206	2
41	207	4
41	208	7
41	209	3
41	210	7
41	212	4
41	213	3
41	214	1
41	215	2
41	216	2
41	217	3
41	218	3
41	219	1
41	220	1
41	221	3
41	222	2
41	223	1
41	225	2
41	227	2
41	228	1
41	230	2
41	231	3
41	233	4
41	236	1
41	237	1
41	238	3
41	246	1
41	252	1
41	255	4
42	0	7577
42	1	6320
42	2	7872
42	3	9364
42	4	10814
42	5	12064
42	6	13413
42	7	14515
42	8	15124
42	9	15772
42	10	16139
42	11	16474
42	12	16639
42	13	16489
42	14	16068
42	15	15948
42	16	15583
42	17	15115
42	18	14547
42	19	13981
42	20	13780
42	21	13032
42	22	12637
42	23	11897
42	24	11260
42	25	10919
42	26	10232
42	27	9669
42	28	9215
42	29	8653
42	30	8231
42	31	7800
42	32	7405
42	33	6845
42	34	6523
42	35	6159
42	36	5814
42	37	5401
42	38	5032
42	39	4731
42	40	4316
42	41	4188
42	42	3874
42	43	3680
42	44	3406
42	45	3162
42	46	2941
42	47	2869
42	48	2673
42	49	2505
42	50	2298
42	51	2216
42	52	2039
42	53	1897
42	54	1794
42	55	1698
42	56	1564
42	57	1505
42	58	1330
42	59	1316
42	60	1234
42	61	1197
42	62	1074
42	63	1058
42	64	962
42	65	933
42	66	910
42	67	884
42	68	799
42	69	799
42	70	760
42	71	705
42	72	712
42	73	635
42	74	644
42	75	619
42	76	588
42	77	522
42	78	517
42	79	540
42	80	530
42	81	477
42	82	455
42	83	436
42	84	423
42	85	454
42	86	413
42	87	409
42	88	372
42	89	353
42	90	313
42	91	340
42	92	343
42	93	284
42	94	311
42	95	321
42	96	280
42	97	270
42	98	301
42	99	287
42	100	269
42	101	249
42	102	242
42	103	234
42	104	225
42	105	202
42	106	233
42	107	193
42	108	215
42	109	194
42	110	194
42	111	192
42	112	177
42	113	171
42	114	161
42	115	161
42	116	162
42	117	154
42	118	135
42	119	171
42	120	141
42	121	166
42	122	121
42	123	110
42	124	121
42	125	137
42	126	127
42	127	109
42	128	109
42	129	92
42	130	102
42	131	100
42	132	87
42	133	85
42	134	90
42	135	94
42	136	91
42	137	81
42	138	66
42	139	83
42	140	63
42	141	77
42	142	60
42	143	50
42	144	61
42	145	60
42	146	47
42	147	51
42	148	62
42	149	40
42	150	51
42	151	56
42	152	53
42	153	52
42	154	35
42	155	33
42	156	37
42	157	32
42	158	27
42	159	36
42	160	32
42	161	26
42	162	16
42	163	35
42	164	23
42	165	20
42	166	30
42	167	19
42	168	19
42	169	19
42	170	18
42	171	23
42	172	16
42	173	28
42	174	16
42	175	14
42	176	21
42	177	11
42	178	11
42	179	13
42	180	10
42	181	9
42	182	14
42	183	7
42	184	14
42	185	12
42	186	9
42	187	11
42	188	10
42	189	4
42	190	6
42	191	5
42	192	8
42	193	9
42	194	7
42	195	6
42	196	8
42	197	4
42	198	3
42	199	7
42	200	3
42	201	3
42	202	3
42	203	1
42	204	3
42	205	6
42	206	4
42	207	7
42	208	1
42	209	3
42	210	5
42	211	2
42	212	1
42	213	4
42	214	3
42	215	3
42	216	3
42	218	2
42	219	1
42	220	1
42	221	2
42	222	2
42	223	2
42	224	2
42	226	1
42	227	1
42	228	2
42	231	1
42	232	1
42	233	2
42	236	1
42	241	1
42	242	1
42	246	1
42	247	1
42	255	5
43	0	7902
43	1	6543
43	2	7968
43	3	9584
43	4	11180
43	5	12749
43	6	13871
43	7	15040
43	8	16072
43	9	16608
43	10	16846
43	11	17157
43	12	17242
43	13	17201
43	14	17011
43	15	16930
43	16	16301
43	17	16062
43	18	15263
43	19	14719
43	20	14319
43	21	13809
43	22	13133
43	23	12552
43	24	12023
43	25	11347
43	26	10984
43	27	10178
43	28	9711
43	29	9315
43	30	8787
43	31	8142
43	32	7735
43	33	7269
43	34	6912
43	35	6437
43	36	5925
43	37	5557
43	38	5408
43	39	4901
43	40	4709
43	41	4372
43	42	4050
43	43	3885
43	44	3607
43	45	3380
43	46	3080
43	47	2997
43	48	2738
43	49	2607
43	50	2449
43	51	2234
43	52	2093
43	53	2013
43	54	1777
43	55	1673
43	56	1603
43	57	1538
43	58	1448
43	59	1386
43	60	1273
43	61	1177
43	62	1200
43	63	1080
43	64	1020
43	65	937
43	66	953
43	67	859
43	68	815
43	69	785
43	70	800
43	71	723
43	72	701
43	73	674
43	74	654
43	75	618
43	76	572
43	77	580
43	78	522
43	79	550
43	80	479
43	81	478
43	82	457
43	83	420
43	84	395
43	85	440
43	86	404
43	87	400
43	88	384
43	89	361
43	90	342
43	91	357
43	92	351
43	93	324
43	94	318
43	95	309
43	96	308
43	97	309
43	98	277
43	99	243
43	100	253
43	101	246
43	102	263
43	103	231
43	104	232
43	105	222
43	106	215
43	107	222
43	108	180
43	109	195
43	110	226
43	111	171
43	112	175
43	113	185
43	114	166
43	115	181
43	116	171
43	117	156
43	118	157
43	119	150
43	120	129
43	121	139
43	122	129
43	123	142
43	124	120
43	125	131
43	126	106
43	127	119
43	128	108
43	129	107
43	130	102
43	131	96
43	132	82
43	133	81
43	134	73
43	135	79
43	136	76
43	137	95
43	138	81
43	139	76
43	140	63
43	141	67
43	142	70
43	143	60
43	144	68
43	145	65
43	146	68
43	147	37
43	148	47
43	149	51
43	150	50
43	151	37
43	152	56
43	153	37
43	154	43
43	155	36
43	156	33
43	157	40
43	158	43
43	159	36
43	160	28
43	161	29
43	162	38
43	163	33
43	164	30
43	165	25
43	166	27
43	167	28
43	168	30
43	169	21
43	170	28
43	171	24
43	172	25
43	173	13
43	174	11
43	175	16
43	176	21
43	177	18
43	178	9
43	179	14
43	180	12
43	181	13
43	182	16
43	183	6
43	184	18
43	185	10
43	186	15
43	187	8
43	188	12
43	189	7
43	190	9
43	191	7
43	192	7
43	193	6
43	194	11
43	195	6
43	196	6
43	197	5
43	198	6
43	199	5
43	200	3
43	201	4
43	202	1
43	203	4
43	204	2
43	205	4
43	206	4
43	207	4
43	208	3
43	209	3
43	210	3
43	211	5
43	212	3
43	213	3
43	214	1
43	215	2
43	216	4
43	218	2
43	221	5
43	222	1
43	223	4
43	224	1
43	225	1
43	227	1
43	229	1
43	232	2
43	233	1
43	234	3
43	235	1
43	236	1
43	240	1
43	245	1
43	247	1
43	248	1
43	249	1
43	250	1
43	254	2
43	255	2
44	0	5210
44	1	4905
44	2	6097
44	3	7699
44	4	9128
44	5	10129
44	6	11184
44	7	12308
44	8	12701
44	9	13670
44	10	13500
44	11	13958
44	12	13904
44	13	13650
44	14	13797
44	15	13326
44	16	12894
44	17	12321
44	18	11997
44	19	11570
44	20	11236
44	21	10655
44	22	10143
44	23	9722
44	24	9134
44	25	8833
44	26	8123
44	27	7984
44	28	7365
44	29	7052
44	30	6574
44	31	6288
44	32	5924
44	33	5556
44	34	5251
44	35	5029
44	36	4768
44	37	4410
44	38	4195
44	39	3906
44	40	3634
44	41	3401
44	42	3216
44	43	3075
44	44	2918
44	45	2645
44	46	2507
44	47	2409
44	48	2200
44	49	2033
44	50	1942
44	51	1837
44	52	1838
44	53	1671
44	54	1544
44	55	1440
44	56	1458
44	57	1321
44	58	1226
44	59	1252
44	60	1092
44	61	1111
44	62	1034
44	63	998
44	64	928
44	65	844
44	66	836
44	67	809
44	68	783
44	69	752
44	70	704
44	71	648
44	72	622
44	73	602
44	74	611
44	75	524
44	76	571
44	77	557
44	78	557
44	79	525
44	80	489
44	81	442
44	82	477
44	83	406
44	84	433
44	85	410
44	86	424
44	87	346
44	88	400
44	89	340
44	90	344
44	91	325
44	92	346
44	93	334
44	94	282
44	95	312
44	96	283
44	97	291
44	98	295
44	99	273
44	100	222
44	101	264
44	102	267
44	103	229
44	104	226
44	105	237
44	106	209
44	107	200
44	108	211
44	109	203
44	110	155
44	111	170
44	112	185
44	113	182
44	114	174
44	115	157
44	116	153
44	117	172
44	118	177
44	119	155
44	120	124
44	121	129
44	122	138
44	123	138
44	124	129
44	125	123
44	126	95
44	127	125
44	128	108
44	129	90
44	130	92
44	131	95
44	132	93
44	133	109
44	134	84
44	135	93
44	136	68
44	137	85
44	138	70
44	139	70
44	140	67
44	141	61
44	142	72
44	143	65
44	144	58
44	145	56
44	146	71
44	147	49
44	148	53
44	149	36
44	150	50
44	151	45
44	152	47
44	153	38
44	154	40
44	155	45
44	156	41
44	157	24
44	158	38
44	159	27
44	160	30
44	161	19
44	162	32
44	163	28
44	164	25
44	165	34
44	166	32
44	167	32
44	168	16
44	169	23
44	170	12
44	171	20
44	172	23
44	173	16
44	174	8
44	175	8
44	176	14
44	177	13
44	178	15
44	179	15
44	180	12
44	181	10
44	182	9
44	183	14
44	184	17
44	185	14
44	186	11
44	187	7
44	188	7
44	189	10
44	190	7
44	191	7
44	192	8
44	193	6
44	194	8
44	195	7
44	196	6
44	197	4
44	198	6
44	199	3
44	200	3
44	201	4
44	202	2
44	203	5
44	204	3
44	205	3
44	206	4
44	207	4
44	208	4
44	209	4
44	210	4
44	212	1
44	214	2
44	215	3
44	217	3
44	218	3
44	219	1
44	220	1
44	222	1
44	223	2
44	224	1
44	225	2
44	226	3
44	230	1
44	232	2
44	233	1
44	234	1
44	235	1
44	237	1
44	241	2
44	248	1
44	250	1
44	255	6
45	0	4166
45	1	4066
45	2	5224
45	3	6391
45	4	7509
45	5	8503
45	6	9185
45	7	10037
45	8	10474
45	9	10860
45	10	10691
45	11	10723
45	12	10584
45	13	10381
45	14	10133
45	15	9531
45	16	9126
45	17	8744
45	18	8294
45	19	7874
45	20	7179
45	21	6847
45	22	6221
45	23	6015
45	24	5422
45	25	5116
45	26	4763
45	27	4451
45	28	4034
45	29	3789
45	30	3569
45	31	3255
45	32	2968
45	33	2900
45	34	2617
45	35	2441
45	36	2254
45	37	2114
45	38	1989
45	39	1791
45	40	1663
45	41	1544
45	42	1510
45	43	1442
45	44	1290
45	45	1244
45	46	1092
45	47	992
45	48	932
45	49	955
45	50	851
45	51	761
45	52	764
45	53	725
45	54	658
45	55	584
45	56	609
45	57	512
45	58	504
45	59	491
45	60	464
45	61	425
45	62	398
45	63	386
45	64	370
45	65	357
45	66	373
45	67	313
45	68	325
45	69	307
45	70	281
45	71	299
45	72	255
45	73	263
45	74	238
45	75	239
45	76	248
45	77	198
45	78	184
45	79	196
45	80	190
45	81	218
45	82	166
45	83	191
45	84	178
45	85	173
45	86	143
45	87	155
45	88	141
45	89	136
45	90	151
45	91	118
45	92	150
45	93	133
45	94	151
45	95	143
45	96	114
45	97	119
45	98	113
45	99	120
45	100	98
45	101	100
45	102	88
45	103	103
45	104	106
45	105	90
45	106	81
45	107	86
45	108	78
45	109	68
45	110	75
45	111	85
45	112	64
45	113	75
45	114	70
45	115	77
45	116	67
45	117	68
45	118	61
45	119	67
45	120	59
45	121	61
45	122	51
45	123	60
45	124	64
45	125	51
45	126	39
45	127	50
45	128	46
45	129	48
45	130	49
45	131	51
45	132	40
45	133	34
45	134	46
45	135	39
45	136	36
45	137	34
45	138	45
45	139	40
45	140	31
45	141	36
45	142	26
45	143	24
45	144	33
45	145	27
45	146	24
45	147	36
45	148	32
45	149	21
45	150	20
45	151	25
45	152	23
45	153	25
45	154	16
45	155	7
45	156	17
45	157	18
45	158	16
45	159	13
45	160	15
45	161	22
45	162	10
45	163	20
45	164	7
45	165	14
45	166	20
45	167	13
45	168	16
45	169	16
45	170	10
45	171	13
45	172	12
45	173	6
45	174	7
45	175	8
45	176	14
45	177	12
45	178	3
45	179	6
45	180	4
45	181	2
45	182	5
45	183	8
45	184	4
45	185	3
45	186	5
45	187	4
45	188	5
45	189	3
45	190	2
45	191	2
45	192	5
45	193	4
45	194	1
45	195	2
45	196	3
45	197	5
45	198	5
45	199	1
45	201	3
45	202	3
45	203	2
45	205	1
45	206	1
45	207	2
45	208	4
45	209	1
45	211	2
45	212	1
45	215	1
45	216	3
45	217	1
45	218	1
45	219	1
45	220	2
45	221	2
45	225	2
45	226	1
45	228	1
45	231	2
45	232	1
45	233	1
45	239	1
45	255	2
46	0	5391
46	1	5447
46	2	7097
46	3	8826
46	4	10454
46	5	11796
46	6	12914
46	7	13973
46	8	14732
46	9	15230
46	10	15341
46	11	15511
46	12	15242
46	13	15013
46	14	14628
46	15	14492
46	16	13517
46	17	13033
46	18	12305
46	19	11873
46	20	11145
46	21	10530
46	22	9866
46	23	9386
46	24	8712
46	25	8226
46	26	7664
46	27	7297
46	28	6785
46	29	6275
46	30	6144
46	31	5577
46	32	5317
46	33	4756
46	34	4481
46	35	4234
46	36	3953
46	37	3744
46	38	3476
46	39	3195
46	40	3174
46	41	2916
46	42	2712
46	43	2603
46	44	2331
46	45	2171
46	46	2159
46	47	1949
46	48	1840
46	49	1677
46	50	1582
46	51	1496
46	52	1393
46	53	1269
46	54	1263
46	55	1149
46	56	1171
46	57	1087
46	58	1009
46	59	975
46	60	917
46	61	858
46	62	812
46	63	793
46	64	719
46	65	684
46	66	637
46	67	622
46	68	599
46	69	594
46	70	577
46	71	506
46	72	496
46	73	482
46	74	494
46	75	440
46	76	458
46	77	446
46	78	408
46	79	386
46	80	386
46	81	371
46	82	351
46	83	347
46	84	341
46	85	321
46	86	308
46	87	278
46	88	260
46	89	285
46	90	256
46	91	270
46	92	229
46	93	248
46	94	273
46	95	239
46	96	235
46	97	240
46	98	208
46	99	218
46	100	194
46	101	219
46	102	167
46	103	191
46	104	173
46	105	186
46	106	168
46	107	146
46	108	154
46	109	148
46	110	169
46	111	149
46	112	147
46	113	141
46	114	164
46	115	129
46	116	132
46	117	101
46	118	119
46	119	110
46	120	120
46	121	114
46	122	120
46	123	95
46	124	100
46	125	92
46	126	110
46	127	92
46	128	87
46	129	85
46	130	74
46	131	78
46	132	64
46	133	73
46	134	77
46	135	64
46	136	76
46	137	69
46	138	45
46	139	53
46	140	55
46	141	57
46	142	62
46	143	42
46	144	47
46	145	52
46	146	37
46	147	47
46	148	49
46	149	45
46	150	38
46	151	30
46	152	27
46	153	22
46	154	42
46	155	30
46	156	29
46	157	27
46	158	34
46	159	25
46	160	19
46	161	39
46	162	20
46	163	18
46	164	24
46	165	18
46	166	24
46	167	22
46	168	11
46	169	12
46	170	19
46	171	21
46	172	15
46	173	20
46	174	15
46	175	24
46	176	11
46	177	18
46	178	15
46	179	12
46	180	9
46	181	8
46	182	16
46	183	7
46	184	9
46	185	2
46	186	11
46	187	2
46	188	4
46	189	7
46	190	5
46	191	5
46	192	8
46	193	6
46	194	5
46	195	11
46	196	5
46	197	6
46	198	3
46	199	4
46	200	4
46	201	3
46	202	8
46	203	1
46	204	2
46	205	1
46	206	6
46	207	4
46	208	5
46	210	2
46	211	2
46	212	2
46	213	2
46	214	1
46	215	1
46	217	2
46	218	2
46	219	1
46	220	1
46	221	3
46	222	1
46	223	1
46	224	1
46	225	2
46	227	1
46	229	1
46	231	1
46	232	1
46	233	1
46	234	1
46	237	1
46	242	1
46	244	1
46	246	1
46	247	1
46	255	5
47	0	3726
47	1	3495
47	2	4380
47	3	5394
47	4	6500
47	5	7146
47	6	7927
47	7	8735
47	8	9042
47	9	9545
47	10	9936
47	11	10046
47	12	10033
47	13	10077
47	14	10094
47	15	9909
47	16	9618
47	17	9428
47	18	9065
47	19	8760
47	20	8435
47	21	8236
47	22	7891
47	23	7623
47	24	7048
47	25	6899
47	26	6579
47	27	6127
47	28	5822
47	29	5611
47	30	5248
47	31	4941
47	32	4726
47	33	4580
47	34	4317
47	35	3926
47	36	3730
47	37	3508
47	38	3336
47	39	3160
47	40	2931
47	41	2752
47	42	2620
47	43	2516
47	44	2291
47	45	2146
47	46	1951
47	47	1886
47	48	1765
47	49	1622
47	50	1535
47	51	1455
47	52	1435
47	53	1327
47	54	1241
47	55	1163
47	56	1136
47	57	1004
47	58	939
47	59	926
47	60	875
47	61	775
47	62	765
47	63	706
47	64	686
47	65	686
47	66	656
47	67	609
47	68	544
47	69	540
47	70	496
47	71	465
47	72	446
47	73	473
47	74	453
47	75	397
47	76	389
47	77	372
47	78	341
47	79	361
47	80	346
47	81	337
47	82	330
47	83	295
47	84	315
47	85	334
47	86	264
47	87	244
47	88	268
47	89	234
47	90	226
47	91	229
47	92	230
47	93	215
47	94	206
47	95	192
47	96	200
47	97	177
47	98	200
47	99	174
47	100	171
47	101	162
47	102	175
47	103	169
47	104	153
47	105	151
47	106	120
47	107	134
47	108	141
47	109	132
47	110	131
47	111	122
47	112	128
47	113	117
47	114	104
47	115	103
47	116	107
47	117	107
47	118	95
47	119	98
47	120	100
47	121	92
47	122	83
47	123	68
47	124	78
47	125	75
47	126	70
47	127	69
47	128	86
47	129	65
47	130	77
47	131	67
47	132	60
47	133	50
47	134	67
47	135	44
47	136	61
47	137	48
47	138	63
47	139	41
47	140	59
47	141	30
47	142	42
47	143	34
47	144	31
47	145	35
47	146	31
47	147	33
47	148	32
47	149	33
47	150	37
47	151	29
47	152	32
47	153	25
47	154	21
47	155	33
47	156	19
47	157	19
47	158	25
47	159	22
47	160	29
47	161	22
47	162	19
47	163	20
47	164	18
47	165	15
47	166	15
47	167	16
47	168	10
47	169	13
47	170	20
47	171	11
47	172	12
47	173	10
47	174	12
47	175	6
47	176	12
47	177	7
47	178	9
47	179	9
47	180	9
47	181	7
47	182	11
47	183	10
47	184	9
47	185	6
47	186	8
47	187	3
47	188	5
47	189	1
47	190	5
47	191	7
47	192	7
47	193	3
47	194	4
47	195	1
47	196	2
47	197	5
47	198	2
47	199	2
47	200	7
47	201	2
47	202	4
47	203	3
47	206	1
47	208	2
47	209	1
47	210	5
47	211	5
47	212	2
47	213	1
47	214	1
47	215	1
47	216	2
47	217	2
47	220	2
47	221	2
47	225	1
47	227	1
47	230	1
47	234	1
47	236	2
47	244	1
47	249	1
47	255	3
48	0	3451
48	1	3057
48	2	3971
48	3	4726
48	4	5665
48	5	6546
48	6	7091
48	7	7729
48	8	8125
48	9	8549
48	10	8640
48	11	9125
48	12	8865
48	13	9099
48	14	8978
48	15	8936
48	16	8823
48	17	8691
48	18	8408
48	19	8226
48	20	7902
48	21	7643
48	22	7362
48	23	7000
48	24	6770
48	25	6510
48	26	6087
48	27	5767
48	28	5588
48	29	5394
48	30	5092
48	31	4908
48	32	4511
48	33	4343
48	34	4006
48	35	3803
48	36	3629
48	37	3396
48	38	3270
48	39	3068
48	40	2807
48	41	2760
48	42	2528
48	43	2397
48	44	2140
48	45	2166
48	46	1968
48	47	1848
48	48	1785
48	49	1659
48	50	1463
48	51	1361
48	52	1384
48	53	1214
48	54	1199
48	55	1120
48	56	1084
48	57	1055
48	58	955
48	59	873
48	60	817
48	61	796
48	62	710
48	63	754
48	64	676
48	65	667
48	66	604
48	67	561
48	68	522
48	69	517
48	70	480
48	71	480
48	72	429
48	73	427
48	74	385
48	75	417
48	76	382
48	77	357
48	78	340
48	79	336
48	80	337
48	81	300
48	82	309
48	83	309
48	84	272
48	85	290
48	86	245
48	87	277
48	88	253
48	89	214
48	90	238
48	91	206
48	92	205
48	93	198
48	94	214
48	95	189
48	96	225
48	97	183
48	98	184
48	99	182
48	100	170
48	101	165
48	102	171
48	103	150
48	104	138
48	105	154
48	106	145
48	107	138
48	108	125
48	109	125
48	110	123
48	111	132
48	112	118
48	113	126
48	114	121
48	115	91
48	116	98
48	117	97
48	118	90
48	119	99
48	120	75
48	121	75
48	122	90
48	123	81
48	124	76
48	125	59
48	126	69
48	127	61
48	128	68
48	129	69
48	130	62
48	131	58
48	132	63
48	133	61
48	134	61
48	135	54
48	136	41
48	137	52
48	138	53
48	139	41
48	140	41
48	141	51
48	142	33
48	143	42
48	144	33
48	145	32
48	146	37
48	147	30
48	148	31
48	149	33
48	150	20
48	151	31
48	152	23
48	153	30
48	154	29
48	155	17
48	156	24
48	157	14
48	158	20
48	159	27
48	160	15
48	161	17
48	162	23
48	163	22
48	164	17
48	165	20
48	166	16
48	167	13
48	168	8
48	169	23
48	170	11
48	171	13
48	172	12
48	173	15
48	174	11
48	175	11
48	176	11
48	177	9
48	178	9
48	179	5
48	180	8
48	181	7
48	182	13
48	183	6
48	184	5
48	185	5
48	186	8
48	187	4
48	188	2
48	189	6
48	190	5
48	191	4
48	192	7
48	193	6
48	194	4
48	195	4
48	196	2
48	197	3
48	198	1
48	199	4
48	201	2
48	202	2
48	203	4
48	204	1
48	205	4
48	206	1
48	207	2
48	208	2
48	209	1
48	211	1
48	212	1
48	213	1
48	214	2
48	215	1
48	216	1
48	217	2
48	218	1
48	219	2
48	220	4
48	221	2
48	222	2
48	224	1
48	226	1
48	231	2
48	232	1
48	237	1
48	240	2
48	241	1
48	242	1
48	244	1
48	246	1
48	250	1
48	254	1
48	255	3
49	0	4159
49	1	3559
49	2	4252
49	3	5307
49	4	6278
49	5	7135
49	6	7559
49	7	8405
49	8	8749
49	9	9167
49	10	9573
49	11	9865
49	12	10064
49	13	9900
49	14	9842
49	15	9842
49	16	9606
49	17	9293
49	18	9116
49	19	8975
49	20	8698
49	21	8341
49	22	8014
49	23	7809
49	24	7447
49	25	7105
49	26	6788
49	27	6606
49	28	6206
49	29	5884
49	30	5516
49	31	5107
49	32	4988
49	33	4835
49	34	4473
49	35	4225
49	36	3897
49	37	3738
49	38	3520
49	39	3406
49	40	3135
49	41	2954
49	42	2729
49	43	2557
49	44	2396
49	45	2191
49	46	2072
49	47	1963
49	48	1956
49	49	1796
49	50	1632
49	51	1503
49	52	1428
49	53	1368
49	54	1239
49	55	1145
49	56	1092
49	57	1068
49	58	996
49	59	899
49	60	795
49	61	802
49	62	746
49	63	757
49	64	639
49	65	594
49	66	629
49	67	612
49	68	527
49	69	532
49	70	473
49	71	471
49	72	483
49	73	423
49	74	418
49	75	367
49	76	372
49	77	336
49	78	363
49	79	317
49	80	337
49	81	338
49	82	273
49	83	284
49	84	269
49	85	271
49	86	251
49	87	248
49	88	235
49	89	243
49	90	249
49	91	220
49	92	221
49	93	218
49	94	203
49	95	191
49	96	216
49	97	162
49	98	178
49	99	182
49	100	158
49	101	181
49	102	154
49	103	133
49	104	139
49	105	154
49	106	136
49	107	118
49	108	141
49	109	132
49	110	107
49	111	117
49	112	118
49	113	106
49	114	111
49	115	108
49	116	81
49	117	103
49	118	85
49	119	93
49	120	92
49	121	93
49	122	70
49	123	80
49	124	79
49	125	63
49	126	68
49	127	67
49	128	52
49	129	49
49	130	56
49	131	60
49	132	56
49	133	48
49	134	62
49	135	59
49	136	65
49	137	47
49	138	48
49	139	50
49	140	57
49	141	63
49	142	41
49	143	42
49	144	36
49	145	30
49	146	24
49	147	37
49	148	22
49	149	35
49	150	32
49	151	22
49	152	24
49	153	26
49	154	25
49	155	21
49	156	20
49	157	25
49	158	11
49	159	14
49	160	18
49	161	20
49	162	16
49	163	12
49	164	9
49	165	13
49	166	17
49	167	9
49	168	10
49	169	11
49	170	8
49	171	11
49	172	16
49	173	14
49	174	3
49	175	11
49	176	11
49	177	11
49	178	7
49	179	9
49	180	7
49	181	10
49	182	8
49	183	7
49	184	3
49	185	4
49	186	1
49	187	4
49	188	4
49	189	8
49	190	3
49	191	4
49	192	8
49	193	3
49	194	4
49	195	5
49	196	3
49	197	3
49	198	5
49	199	7
49	200	3
49	201	3
49	202	1
49	203	1
49	204	3
49	205	1
49	206	2
49	207	2
49	208	1
49	209	2
49	210	1
49	213	2
49	215	4
49	216	5
49	217	1
49	218	1
49	220	3
49	221	2
49	222	1
49	224	2
49	225	1
49	226	1
49	227	1
49	228	4
49	229	1
49	235	2
49	236	2
49	242	1
49	250	1
49	251	1
49	255	3
50	0	2947
50	1	2711
50	2	3465
50	3	4458
50	4	5221
50	5	5876
50	6	6550
50	7	7132
50	8	7447
50	9	7838
50	10	7980
50	11	8513
50	12	8354
50	13	8245
50	14	8240
50	15	8188
50	16	8070
50	17	7951
50	18	7638
50	19	7290
50	20	7153
50	21	6853
50	22	6688
50	23	6398
50	24	6200
50	25	5810
50	26	5644
50	27	5395
50	28	4969
50	29	4996
50	30	4667
50	31	4415
50	32	4189
50	33	3991
50	34	3841
50	35	3711
50	36	3343
50	37	3161
50	38	2934
50	39	2899
50	40	2688
50	41	2403
50	42	2380
50	43	2243
50	44	2088
50	45	1975
50	46	1840
50	47	1704
50	48	1635
50	49	1540
50	50	1462
50	51	1372
50	52	1264
50	53	1163
50	54	1168
50	55	1053
50	56	1012
50	57	909
50	58	913
50	59	849
50	60	866
50	61	745
50	62	683
50	63	715
50	64	686
50	65	632
50	66	580
50	67	572
50	68	504
50	69	495
50	70	511
50	71	496
50	72	460
50	73	415
50	74	371
50	75	397
50	76	347
50	77	334
50	78	340
50	79	321
50	80	289
50	81	299
50	82	327
50	83	285
50	84	276
50	85	263
50	86	260
50	87	226
50	88	260
50	89	220
50	90	209
50	91	211
50	92	219
50	93	185
50	94	202
50	95	186
50	96	162
50	97	174
50	98	172
50	99	160
50	100	161
50	101	158
50	102	158
50	103	162
50	104	156
50	105	162
50	106	137
50	107	122
50	108	143
50	109	118
50	110	132
50	111	110
50	112	133
50	113	118
50	114	108
50	115	100
50	116	122
50	117	100
50	118	97
50	119	88
50	120	76
50	121	76
50	122	76
50	123	78
50	124	62
50	125	61
50	126	83
50	127	59
50	128	61
50	129	58
50	130	54
50	131	48
50	132	50
50	133	54
50	134	55
50	135	55
50	136	45
50	137	54
50	138	45
50	139	44
50	140	44
50	141	37
50	142	39
50	143	42
50	144	44
50	145	36
50	146	27
50	147	33
50	148	27
50	149	34
50	150	29
50	151	15
50	152	25
50	153	17
50	154	33
50	155	20
50	156	21
50	157	17
50	158	20
50	159	20
50	160	26
50	161	22
50	162	25
50	163	17
50	164	18
50	165	16
50	166	13
50	167	8
50	168	15
50	169	15
50	170	12
50	171	17
50	172	13
50	173	10
50	174	8
50	175	6
50	176	5
50	177	5
50	178	9
50	179	10
50	180	8
50	181	10
50	182	8
50	183	6
50	184	7
50	185	6
50	186	6
50	187	8
50	188	5
50	189	3
50	190	6
50	191	3
50	192	7
50	193	4
50	194	3
50	195	5
50	196	5
50	197	3
50	198	4
50	199	4
50	200	5
50	202	3
50	203	1
50	204	8
50	205	1
50	206	4
50	207	1
50	208	2
50	209	3
50	210	1
50	212	1
50	214	2
50	216	1
50	218	4
50	219	1
50	222	1
50	223	1
50	224	1
50	225	1
50	230	2
50	237	1
50	238	1
50	240	1
50	250	1
50	253	1
50	255	6
51	0	2883
51	1	2707
51	2	3470
51	3	4242
51	4	5165
51	5	5788
51	6	6454
51	7	7124
51	8	7466
51	9	7833
51	10	8222
51	11	8395
51	12	8299
51	13	8248
51	14	8249
51	15	8212
51	16	7850
51	17	7817
51	18	7555
51	19	7406
51	20	7058
51	21	7110
51	22	6583
51	23	6478
51	24	5987
51	25	5813
51	26	5682
51	27	5260
51	28	5130
51	29	4868
51	30	4685
51	31	4285
51	32	4192
51	33	3999
51	34	3817
51	35	3551
51	36	3412
51	37	3207
51	38	2971
51	39	2778
51	40	2720
51	41	2509
51	42	2425
51	43	2221
51	44	2174
51	45	1904
51	46	1778
51	47	1763
51	48	1676
51	49	1522
51	50	1388
51	51	1294
51	52	1225
51	53	1250
51	54	1169
51	55	1017
51	56	999
51	57	973
51	58	909
51	59	885
51	60	783
51	61	775
51	62	697
51	63	697
51	64	681
51	65	610
51	66	602
51	67	577
51	68	499
51	69	462
51	70	500
51	71	459
51	72	451
51	73	430
51	74	422
51	75	424
51	76	368
51	77	339
51	78	364
51	79	334
51	80	303
51	81	287
51	82	283
51	83	296
51	84	258
51	85	265
51	86	234
51	87	222
51	88	275
51	89	224
51	90	218
51	91	235
51	92	201
51	93	199
51	94	226
51	95	188
51	96	189
51	97	194
51	98	188
51	99	160
51	100	165
51	101	145
51	102	139
51	103	160
51	104	143
51	105	150
51	106	117
51	107	121
51	108	128
51	109	121
51	110	114
51	111	119
51	112	138
51	113	122
51	114	113
51	115	89
51	116	107
51	117	98
51	118	107
51	119	85
51	120	87
51	121	72
51	122	75
51	123	93
51	124	91
51	125	74
51	126	70
51	127	75
51	128	69
51	129	82
51	130	66
51	131	64
51	132	55
51	133	59
51	134	46
51	135	57
51	136	43
51	137	52
51	138	55
51	139	39
51	140	36
51	141	39
51	142	34
51	143	31
51	144	29
51	145	36
51	146	38
51	147	29
51	148	23
51	149	31
51	150	36
51	151	24
51	152	26
51	153	28
51	154	24
51	155	27
51	156	29
51	157	21
51	158	33
51	159	18
51	160	17
51	161	19
51	162	15
51	163	17
51	164	17
51	165	16
51	166	11
51	167	15
51	168	19
51	169	15
51	170	16
51	171	10
51	172	16
51	173	9
51	174	7
51	175	10
51	176	6
51	177	10
51	178	6
51	179	10
51	180	10
51	181	7
51	182	9
51	183	4
51	184	6
51	185	4
51	186	5
51	187	3
51	188	6
51	189	6
51	190	2
51	191	6
51	192	1
51	193	6
51	194	3
51	195	4
51	196	7
51	197	6
51	198	6
51	199	2
51	200	4
51	201	2
51	202	2
51	203	6
51	204	5
51	205	5
51	206	4
51	207	3
51	208	2
51	209	4
51	210	3
51	212	1
51	213	3
51	215	3
51	216	1
51	217	1
51	218	2
51	220	2
51	221	1
51	223	2
51	225	1
51	229	2
51	234	2
51	235	2
51	239	2
51	245	1
51	246	2
51	249	2
51	255	2
52	0	2852
52	1	2791
52	2	3460
52	3	4350
52	4	5141
52	5	5957
52	6	6460
52	7	6877
52	8	7482
52	9	7861
52	10	8110
52	11	8188
52	12	8295
52	13	8369
52	14	8244
52	15	8119
52	16	8171
52	17	7869
52	18	7531
52	19	7527
52	20	7094
52	21	6798
52	22	6707
52	23	6320
52	24	6057
52	25	5830
52	26	5641
52	27	5298
52	28	5034
52	29	4926
52	30	4594
52	31	4386
52	32	4166
52	33	3978
52	34	3762
52	35	3674
52	36	3345
52	37	3145
52	38	2957
52	39	2843
52	40	2620
52	41	2454
52	42	2345
52	43	2224
52	44	2060
52	45	1977
52	46	1849
52	47	1724
52	48	1611
52	49	1474
52	50	1401
52	51	1320
52	52	1303
52	53	1164
52	54	1152
52	55	1087
52	56	925
52	57	925
52	58	904
52	59	872
52	60	819
52	61	776
52	62	677
52	63	683
52	64	664
52	65	656
52	66	585
52	67	539
52	68	553
52	69	456
52	70	472
52	71	428
52	72	428
52	73	425
52	74	426
52	75	377
52	76	378
52	77	375
52	78	323
52	79	326
52	80	284
52	81	299
52	82	282
52	83	278
52	84	271
52	85	245
52	86	281
52	87	257
52	88	233
52	89	227
52	90	239
52	91	225
52	92	217
52	93	213
52	94	182
52	95	211
52	96	198
52	97	197
52	98	155
52	99	155
52	100	144
52	101	145
52	102	165
52	103	161
52	104	132
52	105	163
52	106	127
52	107	132
52	108	132
52	109	122
52	110	117
52	111	121
52	112	114
52	113	124
52	114	120
52	115	108
52	116	81
52	117	102
52	118	93
52	119	96
52	120	81
52	121	76
52	122	77
52	123	77
52	124	73
52	125	76
52	126	77
52	127	70
52	128	74
52	129	64
52	130	55
52	131	51
52	132	60
52	133	62
52	134	43
52	135	51
52	136	49
52	137	54
52	138	54
52	139	42
52	140	33
52	141	39
52	142	53
52	143	53
52	144	41
52	145	35
52	146	26
52	147	38
52	148	26
52	149	37
52	150	29
52	151	34
52	152	18
52	153	29
52	154	23
52	155	25
52	156	23
52	157	25
52	158	19
52	159	27
52	160	15
52	161	17
52	162	21
52	163	23
52	164	14
52	165	10
52	166	9
52	167	17
52	168	15
52	169	13
52	170	23
52	171	11
52	172	12
52	173	12
52	174	6
52	175	11
52	176	7
52	177	10
52	178	12
52	179	6
52	180	5
52	181	9
52	182	4
52	183	4
52	184	3
52	185	4
52	186	7
52	187	8
52	188	2
52	189	7
52	190	4
52	191	4
52	192	3
52	193	3
52	194	7
52	195	1
52	196	4
52	197	6
52	198	1
52	199	4
52	200	2
52	201	5
52	203	1
52	204	2
52	205	2
52	207	4
52	209	1
52	210	4
52	211	1
52	213	1
52	214	1
52	216	2
52	217	2
52	219	2
52	220	2
52	221	1
52	222	1
52	223	3
52	224	1
52	226	2
52	230	1
52	232	1
52	234	1
52	237	1
52	239	1
52	245	1
52	252	1
52	255	2
53	0	2817
53	1	2740
53	2	3450
53	3	4205
53	4	4995
53	5	5761
53	6	6433
53	7	6962
53	8	7366
53	9	7792
53	10	7999
53	11	8126
53	12	8492
53	13	8271
53	14	8326
53	15	8050
53	16	8000
53	17	7790
53	18	7606
53	19	7254
53	20	7224
53	21	6802
53	22	6579
53	23	6359
53	24	6064
53	25	5926
53	26	5629
53	27	5346
53	28	5035
53	29	4962
53	30	4650
53	31	4254
53	32	4100
53	33	3997
53	34	3711
53	35	3498
53	36	3310
53	37	3098
53	38	2990
53	39	2818
53	40	2664
53	41	2507
53	42	2388
53	43	2206
53	44	2116
53	45	1977
53	46	1931
53	47	1746
53	48	1605
53	49	1553
53	50	1477
53	51	1284
53	52	1336
53	53	1209
53	54	1150
53	55	1015
53	56	992
53	57	917
53	58	917
53	59	832
53	60	810
53	61	789
53	62	703
53	63	667
53	64	706
53	65	606
53	66	598
53	67	573
53	68	493
53	69	485
53	70	455
53	71	469
53	72	435
53	73	479
53	74	409
53	75	383
53	76	369
53	77	341
53	78	361
53	79	328
53	80	338
53	81	314
53	82	297
53	83	269
53	84	272
53	85	268
53	86	286
53	87	242
53	88	255
53	89	265
53	90	240
53	91	190
53	92	218
53	93	194
53	94	186
53	95	204
53	96	178
53	97	168
53	98	171
53	99	163
53	100	172
53	101	155
53	102	145
53	103	161
53	104	149
53	105	141
53	106	130
53	107	131
53	108	133
53	109	111
53	110	116
53	111	119
53	112	105
53	113	109
53	114	78
53	115	94
53	116	95
53	117	95
53	118	99
53	119	90
53	120	82
53	121	81
53	122	88
53	123	71
53	124	92
53	125	64
53	126	60
53	127	58
53	128	69
53	129	60
53	130	63
53	131	66
53	132	57
53	133	55
53	134	42
53	135	60
53	136	62
53	137	52
53	138	51
53	139	46
53	140	37
53	141	51
53	142	28
53	143	38
53	144	43
53	145	32
53	146	31
53	147	29
53	148	28
53	149	36
53	150	35
53	151	18
53	152	34
53	153	28
53	154	20
53	155	23
53	156	25
53	157	21
53	158	27
53	159	20
53	160	21
53	161	22
53	162	16
53	163	16
53	164	16
53	165	23
53	166	16
53	167	13
53	168	12
53	169	17
53	170	8
53	171	12
53	172	6
53	173	12
53	174	8
53	175	9
53	176	11
53	177	5
53	178	9
53	179	3
53	180	12
53	181	14
53	182	7
53	183	6
53	184	8
53	185	4
53	186	3
53	187	2
53	188	2
53	189	6
53	190	4
53	191	9
53	192	4
53	193	7
53	194	3
53	195	3
53	196	1
53	197	4
53	199	3
53	200	3
53	201	4
53	202	1
53	203	1
53	204	1
53	205	3
53	206	1
53	207	5
53	208	3
53	209	2
53	210	1
53	212	1
53	213	4
53	215	2
53	216	1
53	217	4
53	218	3
53	223	1
53	224	2
53	226	1
53	227	2
53	236	1
53	242	1
53	248	1
54	0	2623
54	1	2548
54	2	3234
54	3	4044
54	4	4789
54	5	5598
54	6	5957
54	7	6556
54	8	6910
54	9	7456
54	10	7468
54	11	7802
54	12	7809
54	13	7721
54	14	7792
54	15	7374
54	16	7331
54	17	7357
54	18	6876
54	19	6674
54	20	6588
54	21	6180
54	22	5878
54	23	5847
54	24	5477
54	25	5347
54	26	4913
54	27	4910
54	28	4681
54	29	4434
54	30	4194
54	31	3872
54	32	3735
54	33	3502
54	34	3246
54	35	3162
54	36	2909
54	37	2757
54	38	2620
54	39	2505
54	40	2265
54	41	2191
54	42	1943
54	43	1898
54	44	1764
54	45	1727
54	46	1626
54	47	1567
54	48	1466
54	49	1295
54	50	1236
54	51	1115
54	52	1057
54	53	1048
54	54	993
54	55	893
54	56	882
54	57	760
54	58	780
54	59	719
54	60	673
54	61	635
54	62	576
54	63	603
54	64	549
54	65	512
54	66	447
54	67	504
54	68	442
54	69	408
54	70	389
54	71	384
54	72	376
54	73	356
54	74	356
54	75	335
54	76	282
54	77	261
54	78	261
54	79	260
54	80	245
54	81	283
54	82	222
54	83	228
54	84	213
54	85	205
54	86	214
54	87	237
54	88	203
54	89	197
54	90	174
54	91	172
54	92	173
54	93	169
54	94	190
54	95	140
54	96	170
54	97	129
54	98	146
54	99	141
54	100	148
54	101	140
54	102	115
54	103	128
54	104	126
54	105	107
54	106	102
54	107	90
54	108	113
54	109	109
54	110	108
54	111	106
54	112	89
54	113	92
54	114	96
54	115	80
54	116	78
54	117	63
54	118	93
54	119	65
54	120	78
54	121	71
54	122	66
54	123	53
54	124	60
54	125	59
54	126	53
54	127	66
54	128	49
54	129	39
54	130	59
54	131	62
54	132	43
54	133	32
54	134	39
54	135	33
54	136	44
54	137	34
54	138	32
54	139	41
54	140	26
54	141	38
54	142	40
54	143	33
54	144	29
54	145	23
54	146	24
54	147	28
54	148	31
54	149	23
54	150	22
54	151	19
54	152	26
54	153	24
54	154	22
54	155	19
54	156	21
54	157	24
54	158	11
54	159	14
54	160	17
54	161	15
54	162	16
54	163	17
54	164	11
54	165	16
54	166	14
54	167	12
54	168	10
54	169	6
54	170	7
54	171	6
54	172	13
54	173	12
54	174	10
54	175	6
54	176	13
54	177	6
54	178	4
54	179	5
54	180	6
54	181	7
54	182	9
54	183	6
54	184	6
54	185	7
54	186	3
54	187	7
54	188	5
54	189	2
54	190	3
54	191	1
54	192	2
54	193	5
54	194	3
54	195	5
54	196	3
54	197	2
54	198	2
54	199	4
54	200	1
54	201	3
54	202	4
54	203	2
54	204	1
54	206	3
54	207	1
54	208	1
54	209	1
54	210	4
54	211	1
54	212	2
54	213	1
54	214	1
54	215	3
54	216	2
54	217	1
54	218	1
54	220	1
54	222	1
54	225	1
54	226	1
54	227	1
54	228	1
54	231	2
54	232	1
54	237	1
54	239	2
54	242	1
54	248	1
54	253	1
54	255	2
55	0	2566
55	1	2434
55	2	3229
55	3	3979
55	4	4610
55	5	5189
55	6	5711
55	7	6502
55	8	6729
55	9	7070
55	10	7231
55	11	7357
55	12	7143
55	13	7272
55	14	7159
55	15	7067
55	16	6962
55	17	6831
55	18	6504
55	19	6313
55	20	5945
55	21	5927
55	22	5609
55	23	5286
55	24	5132
55	25	4895
55	26	4774
55	27	4457
55	28	4206
55	29	3957
55	30	3867
55	31	3575
55	32	3320
55	33	3287
55	34	3026
55	35	2951
55	36	2696
55	37	2604
55	38	2415
55	39	2349
55	40	2124
55	41	1979
55	42	1818
55	43	1740
55	44	1665
55	45	1538
55	46	1441
55	47	1358
55	48	1311
55	49	1191
55	50	1145
55	51	1046
55	52	976
55	53	907
55	54	868
55	55	876
55	56	791
55	57	712
55	58	677
55	59	682
55	60	602
55	61	549
55	62	571
55	63	488
55	64	489
55	65	433
55	66	400
55	67	395
55	68	390
55	69	365
55	70	360
55	71	357
55	72	330
55	73	325
55	74	315
55	75	318
55	76	255
55	77	278
55	78	239
55	79	247
55	80	227
55	81	250
55	82	217
55	83	234
55	84	178
55	85	176
55	86	168
55	87	170
55	88	172
55	89	164
55	90	148
55	91	158
55	92	143
55	93	154
55	94	155
55	95	127
55	96	132
55	97	136
55	98	131
55	99	119
55	100	109
55	101	124
55	102	115
55	103	102
55	104	94
55	105	119
55	106	84
55	107	96
55	108	97
55	109	86
55	110	95
55	111	71
55	112	92
55	113	66
55	114	79
55	115	82
55	116	71
55	117	75
55	118	59
55	119	60
55	120	50
55	121	66
55	122	59
55	123	53
55	124	54
55	125	53
55	126	46
55	127	50
55	128	42
55	129	46
55	130	49
55	131	38
55	132	45
55	133	29
55	134	32
55	135	38
55	136	27
55	137	31
55	138	36
55	139	26
55	140	31
55	141	29
55	142	27
55	143	21
55	144	32
55	145	23
55	146	28
55	147	36
55	148	26
55	149	18
55	150	18
55	151	13
55	152	21
55	153	24
55	154	14
55	155	12
55	156	24
55	157	19
55	158	18
55	159	11
55	160	10
55	161	12
55	162	16
55	163	11
55	164	11
55	165	13
55	166	12
55	167	5
55	168	9
55	169	13
55	170	10
55	171	14
55	172	9
55	173	8
55	174	6
55	175	2
55	176	3
55	177	10
55	178	14
55	179	4
55	180	3
55	181	5
55	182	3
55	183	12
55	184	8
55	185	4
55	186	4
55	187	4
55	188	1
55	189	4
55	190	4
55	191	6
55	192	7
55	193	1
55	194	4
55	195	1
55	196	3
55	197	2
55	198	3
55	199	2
55	200	5
55	201	2
55	202	1
55	203	4
55	205	4
55	206	2
55	207	2
55	208	1
55	210	1
55	212	1
55	213	2
55	215	2
55	216	1
55	218	1
55	220	1
55	222	1
55	228	1
55	232	1
55	233	1
55	236	2
55	239	1
55	240	1
55	242	1
55	255	3
56	0	3025
56	1	2748
56	2	3393
56	3	4225
56	4	5053
56	5	5717
56	6	6255
56	7	6780
56	8	7195
56	9	7493
56	10	7502
56	11	7929
56	12	8000
56	13	7974
56	14	7807
56	15	7492
56	16	7464
56	17	7311
56	18	6972
56	19	6876
56	20	6565
56	21	6383
56	22	6176
56	23	6035
56	24	5376
56	25	5271
56	26	5046
56	27	4800
56	28	4510
56	29	4328
56	30	4068
56	31	3922
56	32	3700
56	33	3563
56	34	3210
56	35	3041
56	36	2977
56	37	2764
56	38	2515
56	39	2385
56	40	2341
56	41	2226
56	42	2032
56	43	1870
56	44	1732
56	45	1625
56	46	1550
56	47	1487
56	48	1364
56	49	1282
56	50	1180
56	51	1090
56	52	1055
56	53	990
56	54	894
56	55	845
56	56	779
56	57	744
56	58	708
56	59	630
56	60	616
56	61	561
56	62	526
56	63	554
56	64	464
56	65	478
56	66	400
56	67	414
56	68	403
56	69	410
56	70	394
56	71	332
56	72	296
56	73	306
56	74	281
56	75	277
56	76	265
56	77	258
56	78	243
56	79	244
56	80	237
56	81	212
56	82	208
56	83	191
56	84	187
56	85	162
56	86	180
56	87	190
56	88	182
56	89	169
56	90	150
56	91	141
56	92	148
56	93	144
56	94	122
56	95	128
56	96	117
56	97	117
56	98	140
56	99	117
56	100	117
56	101	107
56	102	120
56	103	104
56	104	109
56	105	105
56	106	104
56	107	88
56	108	87
56	109	88
56	110	86
56	111	73
56	112	87
56	113	76
56	114	71
56	115	70
56	116	78
56	117	68
56	118	62
56	119	55
56	120	62
56	121	60
56	122	64
56	123	49
56	124	52
56	125	65
56	126	58
56	127	61
56	128	49
56	129	43
56	130	54
56	131	40
56	132	43
56	133	38
56	134	40
56	135	44
56	136	34
56	137	34
56	138	29
56	139	28
56	140	40
56	141	24
56	142	22
56	143	26
56	144	29
56	145	28
56	146	16
56	147	23
56	148	27
56	149	24
56	150	19
56	151	24
56	152	17
56	153	27
56	154	22
56	155	21
56	156	21
56	157	17
56	158	21
56	159	19
56	160	7
56	161	15
56	162	7
56	163	8
56	164	15
56	165	12
56	166	7
56	167	10
56	168	8
56	169	19
56	170	12
56	171	11
56	172	11
56	173	5
56	174	8
56	175	3
56	176	8
56	177	5
56	178	5
56	179	7
56	180	3
56	181	5
56	182	4
56	183	3
56	184	4
56	185	4
56	186	4
56	187	3
56	188	4
56	189	3
56	190	6
56	192	1
56	193	2
56	194	3
56	195	3
56	196	2
56	197	2
56	198	4
56	199	5
56	200	2
56	201	2
56	202	1
56	203	1
56	204	1
56	208	1
56	211	2
56	213	1
56	214	1
56	215	2
56	219	1
56	220	1
56	222	1
56	223	2
56	229	1
56	230	1
56	233	1
56	236	1
56	238	1
56	243	1
56	253	1
56	255	4
57	0	2192
57	1	2271
57	2	2844
57	3	3605
57	4	4428
57	5	4998
57	6	5575
57	7	6056
57	8	6406
57	9	6664
57	10	6916
57	11	6966
57	12	6887
57	13	6907
57	14	6774
57	15	6794
57	16	6541
57	17	6297
57	18	6263
57	19	5950
57	20	5802
57	21	5438
57	22	5242
57	23	4994
57	24	4623
57	25	4640
57	26	4366
57	27	4279
57	28	3926
57	29	3880
57	30	3623
57	31	3340
57	32	3164
57	33	3056
57	34	2831
57	35	2689
57	36	2492
57	37	2339
57	38	2323
57	39	2208
57	40	2059
57	41	1882
57	42	1751
57	43	1646
57	44	1586
57	45	1503
57	46	1453
57	47	1325
57	48	1278
57	49	1119
57	50	1081
57	51	943
57	52	943
57	53	865
57	54	831
57	55	799
57	56	781
57	57	679
57	58	664
57	59	611
57	60	601
57	61	569
57	62	530
57	63	466
57	64	429
57	65	449
57	66	403
57	67	395
57	68	327
57	69	367
57	70	334
57	71	357
57	72	326
57	73	319
57	74	306
57	75	286
57	76	245
57	77	244
57	78	251
57	79	230
57	80	235
57	81	226
57	82	217
57	83	198
57	84	188
57	85	184
57	86	201
57	87	186
57	88	177
57	89	161
57	90	154
57	91	160
57	92	167
57	93	136
57	94	143
57	95	143
57	96	145
57	97	119
57	98	123
57	99	101
57	100	131
57	101	129
57	102	89
57	103	107
57	104	116
57	105	110
57	106	82
57	107	103
57	108	99
57	109	86
57	110	103
57	111	68
57	112	69
57	113	89
57	114	75
57	115	76
57	116	78
57	117	71
57	118	59
57	119	53
57	120	58
57	121	52
57	122	62
57	123	46
57	124	61
57	125	45
57	126	55
57	127	49
57	128	49
57	129	39
57	130	52
57	131	44
57	132	40
57	133	36
57	134	26
57	135	37
57	136	44
57	137	30
57	138	42
57	139	21
57	140	37
57	141	19
57	142	33
57	143	28
57	144	25
57	145	22
57	146	21
57	147	18
57	148	23
57	149	16
57	150	25
57	151	31
57	152	23
57	153	20
57	154	21
57	155	21
57	156	11
57	157	9
57	158	16
57	159	11
57	160	12
57	161	16
57	162	17
57	163	14
57	164	7
57	165	8
57	166	7
57	167	7
57	168	9
57	169	9
57	170	5
57	171	9
57	172	12
57	173	7
57	174	9
57	175	3
57	176	10
57	177	6
57	178	4
57	179	10
57	180	6
57	181	4
57	182	6
57	183	3
57	185	1
57	186	5
57	187	6
57	188	5
57	189	3
57	190	1
57	191	1
57	192	2
57	193	1
57	194	2
57	195	6
57	196	3
57	197	3
57	198	1
57	199	2
57	200	3
57	201	3
57	202	4
57	203	1
57	204	1
57	205	5
57	206	1
57	207	3
57	208	1
57	209	1
57	210	1
57	211	1
57	213	2
57	216	1
57	219	1
57	222	1
57	223	1
57	229	2
57	231	2
57	235	2
57	241	1
57	242	2
57	255	1
58	0	2155
58	1	2302
58	2	2980
58	3	3583
58	4	4454
58	5	4916
58	6	5597
58	7	5995
58	8	6442
58	9	6660
58	10	6681
58	11	6758
58	12	6879
58	13	6808
58	14	6710
58	15	6716
58	16	6539
58	17	6422
58	18	6193
58	19	5897
58	20	5804
58	21	5551
58	22	5242
58	23	5033
58	24	4807
58	25	4472
58	26	4373
58	27	4099
58	28	3889
58	29	3747
58	30	3444
58	31	3241
58	32	3107
58	33	2971
58	34	2849
58	35	2651
58	36	2458
58	37	2474
58	38	2280
58	39	2115
58	40	1968
58	41	1926
58	42	1856
58	43	1681
58	44	1572
58	45	1551
58	46	1358
58	47	1402
58	48	1193
58	49	1054
58	50	1092
58	51	1002
58	52	991
58	53	910
58	54	829
58	55	780
58	56	730
58	57	680
58	58	609
58	59	612
58	60	607
58	61	546
58	62	498
58	63	538
58	64	459
58	65	449
58	66	406
58	67	404
58	68	342
58	69	359
58	70	337
58	71	341
58	72	290
58	73	292
58	74	292
58	75	252
58	76	285
58	77	249
58	78	223
58	79	235
58	80	222
58	81	199
58	82	218
58	83	171
58	84	200
58	85	189
58	86	190
58	87	167
58	88	172
58	89	188
58	90	156
58	91	159
58	92	153
58	93	135
58	94	151
58	95	147
58	96	149
58	97	120
58	98	149
58	99	125
58	100	103
58	101	114
58	102	95
58	103	103
58	104	117
58	105	116
58	106	108
58	107	104
58	108	81
58	109	94
58	110	92
58	111	87
58	112	66
58	113	72
58	114	77
58	115	70
58	116	80
58	117	73
58	118	63
58	119	53
58	120	57
58	121	64
58	122	78
58	123	65
58	124	55
58	125	51
58	126	41
58	127	52
58	128	48
58	129	59
58	130	39
58	131	44
58	132	28
58	133	35
58	134	45
58	135	41
58	136	34
58	137	26
58	138	30
58	139	30
58	140	28
58	141	30
58	142	33
58	143	21
58	144	26
58	145	23
58	146	23
58	147	27
58	148	25
58	149	22
58	150	28
58	151	18
58	152	17
58	153	14
58	154	18
58	155	18
58	156	20
58	157	19
58	158	9
58	159	29
58	160	14
58	161	8
58	162	13
58	163	17
58	164	10
58	165	10
58	166	10
58	167	15
58	168	9
58	169	8
58	170	7
58	171	7
58	172	5
58	173	12
58	174	7
58	175	9
58	176	9
58	177	6
58	178	8
58	179	9
58	180	3
58	181	3
58	182	6
58	183	6
58	184	5
58	185	2
58	186	6
58	187	3
58	188	5
58	189	5
58	190	3
58	191	4
58	192	3
58	193	5
58	194	2
58	195	4
58	196	2
58	197	4
58	199	4
58	200	1
58	201	1
58	203	2
58	204	2
58	205	3
58	206	3
58	207	1
58	208	1
58	209	2
58	210	2
58	211	1
58	212	2
58	214	2
58	215	2
58	216	2
58	219	3
58	221	1
58	222	2
58	223	2
58	225	2
58	226	1
58	227	1
58	230	1
58	231	2
58	237	1
58	244	1
58	250	1
58	255	1
59	0	2515
59	1	2803
59	2	3659
59	3	4819
59	4	5622
59	5	6278
59	6	6930
59	7	7426
59	8	8030
59	9	8383
59	10	8566
59	11	8584
59	12	8567
59	13	8332
59	14	8287
59	15	8043
59	16	7694
59	17	7568
59	18	7138
59	19	6946
59	20	6599
59	21	6186
59	22	5930
59	23	5593
59	24	5374
59	25	5063
59	26	4855
59	27	4578
59	28	4396
59	29	4037
59	30	3753
59	31	3485
59	32	3420
59	33	3256
59	34	2908
59	35	2820
59	36	2647
59	37	2467
59	38	2308
59	39	2252
59	40	2066
59	41	2027
59	42	1823
59	43	1772
59	44	1575
59	45	1522
59	46	1441
59	47	1382
59	48	1251
59	49	1175
59	50	1181
59	51	1054
59	52	947
59	53	875
59	54	844
59	55	839
59	56	736
59	57	778
59	58	655
59	59	669
59	60	653
59	61	582
59	62	533
59	63	464
59	64	474
59	65	457
59	66	436
59	67	406
59	68	422
59	69	402
59	70	334
59	71	330
59	72	347
59	73	311
59	74	285
59	75	308
59	76	279
59	77	296
59	78	248
59	79	237
59	80	252
59	81	214
59	82	196
59	83	212
59	84	195
59	85	210
59	86	179
59	87	184
59	88	178
59	89	182
59	90	177
59	91	156
59	92	176
59	93	157
59	94	151
59	95	154
59	96	141
59	97	150
59	98	140
59	99	135
59	100	119
59	101	123
59	102	117
59	103	94
59	104	111
59	105	104
59	106	90
59	107	97
59	108	96
59	109	92
59	110	86
59	111	99
59	112	84
59	113	86
59	114	83
59	115	73
59	116	77
59	117	71
59	118	86
59	119	78
59	120	73
59	121	62
59	122	61
59	123	59
59	124	53
59	125	66
59	126	53
59	127	43
59	128	42
59	129	39
59	130	53
59	131	49
59	132	38
59	133	42
59	134	35
59	135	33
59	136	38
59	137	46
59	138	31
59	139	31
59	140	44
59	141	27
59	142	35
59	143	31
59	144	24
59	145	35
59	146	26
59	147	29
59	148	26
59	149	23
59	150	22
59	151	29
59	152	26
59	153	20
59	154	20
59	155	14
59	156	19
59	157	21
59	158	10
59	159	12
59	160	10
59	161	11
59	162	13
59	163	9
59	164	10
59	165	9
59	166	17
59	167	11
59	168	8
59	169	9
59	170	3
59	171	9
59	172	16
59	173	5
59	174	6
59	175	3
59	176	10
59	177	5
59	178	5
59	179	8
59	180	4
59	181	7
59	182	5
59	183	8
59	184	6
59	185	3
59	186	5
59	187	4
59	188	7
59	189	1
59	190	1
59	191	4
59	192	3
59	193	5
59	194	2
59	195	3
59	196	2
59	197	3
59	198	5
59	199	3
59	200	3
59	201	2
59	202	2
59	203	2
59	204	2
59	207	2
59	208	2
59	209	3
59	210	2
59	211	1
59	215	2
59	216	2
59	217	2
59	219	2
59	220	1
59	221	1
59	222	1
59	225	1
59	230	1
59	231	1
59	236	1
59	237	1
59	239	1
59	243	1
59	244	1
59	255	1
60	0	1854
60	1	1850
60	2	2420
60	3	2880
60	4	3582
60	5	4006
60	6	4444
60	7	4940
60	8	5241
60	9	5390
60	10	5627
60	11	5725
60	12	5794
60	13	5802
60	14	5849
60	15	5657
60	16	5601
60	17	5596
60	18	5487
60	19	5179
60	20	5027
60	21	4835
60	22	4644
60	23	4620
60	24	4380
60	25	4135
60	26	3883
60	27	3891
60	28	3671
60	29	3524
60	30	3251
60	31	3205
60	32	2947
60	33	2932
60	34	2673
60	35	2460
60	36	2301
60	37	2247
60	38	2115
60	39	2048
60	40	1955
60	41	1834
60	42	1637
60	43	1567
60	44	1543
60	45	1392
60	46	1338
60	47	1231
60	48	1172
60	49	1046
60	50	1023
60	51	965
60	52	906
60	53	841
60	54	777
60	55	720
60	56	729
60	57	639
60	58	620
60	59	601
60	60	569
60	61	521
60	62	492
60	63	453
60	64	423
60	65	412
60	66	400
60	67	359
60	68	351
60	69	346
60	70	330
60	71	300
60	72	267
60	73	258
60	74	235
60	75	242
60	76	270
60	77	229
60	78	213
60	79	213
60	80	216
60	81	199
60	82	175
60	83	197
60	84	204
60	85	170
60	86	181
60	87	156
60	88	144
60	89	141
60	90	139
60	91	140
60	92	156
60	93	133
60	94	118
60	95	134
60	96	121
60	97	126
60	98	124
60	99	115
60	100	106
60	101	75
60	102	114
60	103	90
60	104	91
60	105	85
60	106	75
60	107	97
60	108	75
60	109	68
60	110	79
60	111	91
60	112	70
60	113	86
60	114	74
60	115	55
60	116	54
60	117	49
60	118	64
60	119	53
60	120	52
60	121	47
60	122	59
60	123	44
60	124	36
60	125	44
60	126	36
60	127	36
60	128	44
60	129	32
60	130	53
60	131	44
60	132	31
60	133	45
60	134	33
60	135	24
60	136	27
60	137	35
60	138	35
60	139	33
60	140	29
60	141	27
60	142	20
60	143	26
60	144	15
60	145	18
60	146	25
60	147	23
60	148	27
60	149	19
60	150	17
60	151	14
60	152	22
60	153	12
60	154	14
60	155	12
60	156	11
60	157	17
60	158	16
60	159	17
60	160	12
60	161	14
60	162	16
60	163	14
60	164	13
60	165	7
60	166	7
60	167	8
60	168	14
60	169	10
60	170	9
60	171	5
60	172	9
60	173	8
60	174	10
60	175	9
60	176	8
60	177	5
60	178	7
60	179	6
60	181	5
60	182	6
60	183	2
60	184	2
60	185	1
60	186	5
60	187	4
60	188	6
60	189	3
60	191	1
60	192	1
60	193	1
60	194	7
60	195	2
60	196	3
60	197	4
60	198	1
60	201	7
60	202	2
60	203	2
60	204	5
60	205	1
60	206	1
60	207	1
60	208	1
60	209	1
60	211	2
60	212	2
60	213	1
60	218	1
60	219	1
60	220	1
60	223	1
60	224	1
60	225	1
60	234	1
60	238	1
60	240	1
60	241	1
60	255	3
61	0	1659
61	1	1557
61	2	1983
61	3	2476
61	4	2954
61	5	3276
61	6	3792
61	7	3989
61	8	4325
61	9	4699
61	10	4811
61	11	4997
61	12	4932
61	13	5057
61	14	5122
61	15	5194
61	16	5033
61	17	4739
61	18	4875
61	19	4654
61	20	4598
61	21	4481
61	22	4407
61	23	4134
61	24	3905
61	25	3844
61	26	3732
61	27	3577
61	28	3400
61	29	3385
61	30	3152
61	31	2951
61	32	2893
61	33	2763
61	34	2583
61	35	2478
61	36	2321
61	37	2216
61	38	2237
61	39	1958
61	40	1861
61	41	1712
61	42	1590
61	43	1549
61	44	1509
61	45	1344
61	46	1234
61	47	1192
61	48	1136
61	49	1009
61	50	974
61	51	910
61	52	915
61	53	790
61	54	761
61	55	760
61	56	621
61	57	629
61	58	651
61	59	571
61	60	562
61	61	523
61	62	529
61	63	440
61	64	430
61	65	414
61	66	381
61	67	345
61	68	314
61	69	315
61	70	333
61	71	305
61	72	275
61	73	264
61	74	251
61	75	246
61	76	228
61	77	225
61	78	245
61	79	191
61	80	217
61	81	195
61	82	160
61	83	151
61	84	176
61	85	150
61	86	152
61	87	164
61	88	150
61	89	150
61	90	152
61	91	125
61	92	152
61	93	136
61	94	118
61	95	123
61	96	107
61	97	103
61	98	98
61	99	111
61	100	102
61	101	105
61	102	85
61	103	89
61	104	80
61	105	101
61	106	97
61	107	65
61	108	82
61	109	66
61	110	76
61	111	66
61	112	61
61	113	70
61	114	58
61	115	54
61	116	63
61	117	61
61	118	55
61	119	52
61	120	47
61	121	50
61	122	54
61	123	54
61	124	43
61	125	49
61	126	35
61	127	46
61	128	42
61	129	32
61	130	40
61	131	41
61	132	31
61	133	40
61	134	24
61	135	39
61	136	29
61	137	26
61	138	20
61	139	20
61	140	19
61	141	24
61	142	30
61	143	26
61	144	15
61	145	16
61	146	14
61	147	18
61	148	17
61	149	18
61	150	16
61	151	17
61	152	9
61	153	11
61	154	18
61	155	15
61	156	17
61	157	11
61	158	11
61	159	6
61	160	11
61	161	14
61	162	9
61	163	11
61	164	15
61	165	8
61	166	7
61	167	10
61	168	6
61	169	8
61	170	4
61	171	9
61	172	7
61	173	9
61	174	5
61	175	4
61	176	2
61	177	5
61	178	5
61	179	5
61	180	3
61	181	3
61	182	3
61	183	5
61	184	5
61	185	3
61	186	2
61	187	4
61	188	4
61	189	2
61	190	3
61	192	2
61	193	3
61	194	5
61	195	3
61	197	2
61	198	5
61	199	2
61	201	1
61	202	1
61	203	1
61	204	1
61	205	1
61	207	1
61	208	1
61	209	2
61	210	1
61	211	1
61	212	1
61	214	1
61	215	1
61	216	1
61	221	2
61	223	2
61	255	2
62	0	1902
62	1	1685
62	2	2053
62	3	2474
62	4	2960
62	5	3534
62	6	3871
62	7	4076
62	8	4495
62	9	4538
62	10	4724
62	11	4853
62	12	4979
62	13	4924
62	14	5042
62	15	4943
62	16	4909
62	17	4734
62	18	4646
62	19	4497
62	20	4487
62	21	4279
62	22	4193
62	23	3858
62	24	3803
62	25	3727
62	26	3555
62	27	3373
62	28	3273
62	29	3122
62	30	2963
62	31	2800
62	32	2640
62	33	2511
62	34	2421
62	35	2236
62	36	2171
62	37	2043
62	38	1939
62	39	1745
62	40	1667
62	41	1714
62	42	1482
62	43	1416
62	44	1344
62	45	1292
62	46	1120
62	47	1046
62	48	982
62	49	881
62	50	904
62	51	850
62	52	720
62	53	757
62	54	709
62	55	630
62	56	620
62	57	529
62	58	471
62	59	489
62	60	443
62	61	400
62	62	418
62	63	335
62	64	337
62	65	299
62	66	308
62	67	295
62	68	299
62	69	283
62	70	248
62	71	237
62	72	204
62	73	227
62	74	216
62	75	200
62	76	198
62	77	161
62	78	156
62	79	153
62	80	155
62	81	145
62	82	161
62	83	135
62	84	123
62	85	119
62	86	125
62	87	119
62	88	113
62	89	123
62	90	105
62	91	94
62	92	96
62	93	93
62	94	101
62	95	85
62	96	78
62	97	75
62	98	54
62	99	92
62	100	76
62	101	79
62	102	63
62	103	52
62	104	60
62	105	65
62	106	65
62	107	57
62	108	59
62	109	63
62	110	52
62	111	47
62	112	56
62	113	54
62	114	56
62	115	45
62	116	45
62	117	45
62	118	50
62	119	34
62	120	41
62	121	39
62	122	40
62	123	34
62	124	36
62	125	31
62	126	28
62	127	25
62	128	28
62	129	26
62	130	31
62	131	34
62	132	32
62	133	25
62	134	21
62	135	23
62	136	18
62	137	28
62	138	32
62	139	22
62	140	8
62	141	20
62	142	19
62	143	21
62	144	16
62	145	23
62	146	9
62	147	13
62	148	11
62	149	19
62	150	6
62	151	13
62	152	15
62	153	12
62	154	4
62	155	12
62	156	4
62	157	5
62	158	7
62	159	14
62	160	13
62	161	8
62	162	5
62	163	7
62	164	7
62	165	9
62	166	10
62	167	4
62	168	11
62	169	6
62	170	5
62	171	5
62	172	4
62	173	3
62	174	6
62	175	1
62	176	5
62	177	2
62	178	2
62	179	5
62	180	1
62	181	5
62	182	2
62	183	1
62	184	4
62	185	3
62	186	3
62	187	4
62	189	3
62	190	1
62	191	4
62	192	2
62	193	1
62	196	4
62	197	1
62	198	2
62	199	1
62	201	4
62	204	1
62	206	1
62	209	1
62	210	2
62	211	1
62	212	1
62	214	2
62	215	3
62	217	1
62	218	1
62	221	1
62	226	1
62	229	1
62	230	2
62	247	1
62	253	1
62	255	2
63	0	1936
63	1	1760
63	2	2132
63	3	2546
63	4	3052
63	5	3584
63	6	3821
63	7	4203
63	8	4440
63	9	4673
63	10	4846
63	11	4827
63	12	4976
63	13	4949
63	14	4995
63	15	4887
63	16	4755
63	17	4820
63	18	4644
63	19	4470
63	20	4330
63	21	4098
63	22	4013
63	23	3873
63	24	3747
63	25	3453
63	26	3466
63	27	3239
63	28	3047
63	29	2960
63	30	2899
63	31	2659
63	32	2433
63	33	2397
63	34	2311
63	35	2148
63	36	1985
63	37	1905
63	38	1844
63	39	1700
63	40	1582
63	41	1513
63	42	1428
63	43	1330
63	44	1214
63	45	1121
63	46	1096
63	47	1021
63	48	947
63	49	857
63	50	827
63	51	743
63	52	751
63	53	684
63	54	595
63	55	584
63	56	525
63	57	503
63	58	472
63	59	429
63	60	407
63	61	373
63	62	339
63	63	342
63	64	313
63	65	306
63	66	285
63	67	268
63	68	243
63	69	230
63	70	210
63	71	202
63	72	199
63	73	172
63	74	203
63	75	173
63	76	165
63	77	163
63	78	137
63	79	156
63	80	123
63	81	124
63	82	119
63	83	118
63	84	138
63	85	113
63	86	95
63	87	86
63	88	84
63	89	85
63	90	83
63	91	84
63	92	84
63	93	74
63	94	61
63	95	82
63	96	59
63	97	63
63	98	66
63	99	61
63	100	69
63	101	51
63	102	56
63	103	66
63	104	58
63	105	50
63	106	55
63	107	54
63	108	59
63	109	51
63	110	60
63	111	29
63	112	40
63	113	40
63	114	36
63	115	42
63	116	35
63	117	36
63	118	36
63	119	34
63	120	37
63	121	27
63	122	33
63	123	25
63	124	21
63	125	28
63	126	28
63	127	14
63	128	26
63	129	25
63	130	25
63	131	20
63	132	17
63	133	21
63	134	19
63	135	21
63	136	20
63	137	23
63	138	9
63	139	27
63	140	10
63	141	9
63	142	9
63	143	13
63	144	10
63	145	8
63	146	8
63	147	15
63	148	9
63	149	17
63	150	7
63	151	7
63	152	12
63	153	6
63	154	11
63	155	12
63	156	7
63	157	7
63	158	10
63	159	8
63	160	7
63	161	5
63	162	4
63	163	6
63	164	2
63	165	4
63	166	3
63	167	4
63	168	2
63	169	6
63	170	7
63	171	6
63	172	4
63	173	1
63	174	6
63	175	4
63	176	4
63	177	2
63	178	8
63	179	4
63	180	3
63	181	5
63	182	2
63	184	1
63	185	2
63	186	2
63	187	2
63	188	5
63	190	4
63	192	2
63	193	2
63	194	5
63	195	1
63	198	2
63	199	3
63	200	2
63	201	1
63	202	1
63	203	1
63	205	2
63	210	1
63	213	2
63	216	1
63	217	1
63	218	1
63	220	2
63	221	2
63	236	1
63	237	1
63	247	1
64	0	1365
64	1	1314
64	2	1660
64	3	2135
64	4	2560
64	5	2932
64	6	3200
64	7	3464
64	8	3841
64	9	3866
64	10	4031
64	11	4133
64	12	4062
64	13	4037
64	14	4131
64	15	4014
64	16	3939
64	17	3860
64	18	3801
64	19	3655
64	20	3602
64	21	3429
64	22	3337
64	23	3225
64	24	3055
64	25	2989
64	26	2757
64	27	2691
64	28	2492
64	29	2492
64	30	2395
64	31	2167
64	32	2033
64	33	1957
64	34	1867
64	35	1895
64	36	1800
64	37	1594
64	38	1445
64	39	1439
64	40	1359
64	41	1308
64	42	1239
64	43	1100
64	44	1106
64	45	955
64	46	909
64	47	905
64	48	812
64	49	743
64	50	704
64	51	695
64	52	572
64	53	586
64	54	526
64	55	500
64	56	455
64	57	449
64	58	419
64	59	407
64	60	405
64	61	353
64	62	311
64	63	320
64	64	309
64	65	285
64	66	266
64	67	224
64	68	222
64	69	219
64	70	209
64	71	200
64	72	200
64	73	179
64	74	154
64	75	143
64	76	135
64	77	133
64	78	148
64	79	136
64	80	120
64	81	120
64	82	109
64	83	125
64	84	118
64	85	110
64	86	88
64	87	83
64	88	128
64	89	94
64	90	97
64	91	73
64	92	77
64	93	71
64	94	63
64	95	76
64	96	61
64	97	68
64	98	63
64	99	67
64	100	55
64	101	59
64	102	70
64	103	68
64	104	48
64	105	53
64	106	61
64	107	48
64	108	43
64	109	40
64	110	48
64	111	45
64	112	42
64	113	32
64	114	45
64	115	46
64	116	34
64	117	39
64	118	49
64	119	22
64	120	36
64	121	30
64	122	30
64	123	21
64	124	20
64	125	19
64	126	28
64	127	22
64	128	21
64	129	17
64	130	22
64	131	19
64	132	21
64	133	21
64	134	22
64	135	15
64	136	26
64	137	27
64	138	23
64	139	17
64	140	17
64	141	13
64	142	16
64	143	7
64	144	19
64	145	13
64	146	13
64	147	10
64	148	8
64	149	12
64	150	18
64	151	12
64	152	9
64	153	6
64	154	9
64	155	11
64	156	10
64	157	6
64	158	10
64	159	5
64	160	5
64	161	8
64	162	5
64	163	3
64	164	2
64	165	5
64	166	5
64	167	5
64	168	5
64	169	5
64	170	2
64	171	3
64	172	6
64	173	2
64	174	3
64	175	3
64	176	4
64	177	3
64	178	2
64	179	4
64	180	1
64	181	2
64	182	3
64	183	1
64	184	3
64	185	2
64	186	4
64	187	1
64	188	1
64	189	4
64	190	3
64	191	3
64	192	2
64	193	2
64	195	4
64	196	3
64	197	1
64	199	1
64	200	1
64	203	2
64	207	2
64	208	1
64	212	1
64	213	1
64	214	1
64	215	2
64	218	1
64	219	1
64	238	1
64	241	1
64	248	1
64	255	2
65	0	1294
65	1	1196
65	2	1623
65	3	2062
65	4	2489
65	5	2966
65	6	3136
65	7	3531
65	8	3619
65	9	3800
65	10	4036
65	11	4110
65	12	4053
65	13	4100
65	14	4094
65	15	3921
65	16	3883
65	17	3725
65	18	3624
65	19	3486
65	20	3564
65	21	3387
65	22	3266
65	23	3118
65	24	3027
65	25	2913
65	26	2793
65	27	2709
65	28	2525
65	29	2331
65	30	2303
65	31	2150
65	32	2138
65	33	1889
65	34	1841
65	35	1792
65	36	1631
65	37	1555
65	38	1548
65	39	1464
65	40	1339
65	41	1249
65	42	1209
65	43	1070
65	44	1021
65	45	959
65	46	930
65	47	875
65	48	879
65	49	728
65	50	643
65	51	634
65	52	616
65	53	616
65	54	572
65	55	494
65	56	418
65	57	454
65	58	433
65	59	355
65	60	383
65	61	360
65	62	323
65	63	313
65	64	276
65	65	249
65	66	250
65	67	243
65	68	243
65	69	221
65	70	193
65	71	205
65	72	203
65	73	194
65	74	160
65	75	169
65	76	169
65	77	166
65	78	142
65	79	130
65	80	133
65	81	126
65	82	123
65	83	101
65	84	114
65	85	109
65	86	78
65	87	95
65	88	88
65	89	70
65	90	77
65	91	67
65	92	80
65	93	63
65	94	60
65	95	63
65	96	70
65	97	77
65	98	73
65	99	52
65	100	67
65	101	51
65	102	65
65	103	61
65	104	55
65	105	60
65	106	60
65	107	48
65	108	36
65	109	44
65	110	50
65	111	48
65	112	42
65	113	39
65	114	41
65	115	49
65	116	44
65	117	35
65	118	45
65	119	41
65	120	32
65	121	27
65	122	32
65	123	32
65	124	29
65	125	24
65	126	22
65	127	26
65	128	27
65	129	23
65	130	22
65	131	23
65	132	31
65	133	20
65	134	21
65	135	21
65	136	21
65	137	17
65	138	18
65	139	22
65	140	16
65	141	10
65	142	19
65	143	14
65	144	12
65	145	8
65	146	15
65	147	12
65	148	11
65	149	10
65	150	11
65	151	4
65	152	9
65	153	6
65	154	7
65	155	7
65	156	7
65	157	9
65	158	5
65	159	10
65	160	8
65	161	6
65	162	8
65	163	6
65	164	2
65	165	10
65	166	7
65	167	2
65	168	4
65	169	5
65	170	2
65	171	7
65	172	1
65	173	8
65	174	2
65	175	1
65	176	4
65	177	5
65	178	4
65	179	3
65	180	4
65	181	5
65	182	3
65	183	3
65	184	3
65	185	3
65	186	1
65	187	1
65	188	3
65	191	2
65	194	2
65	195	1
65	196	3
65	197	1
65	198	1
65	201	1
65	204	2
65	206	1
65	209	2
65	211	1
65	219	1
65	224	1
65	225	1
65	227	1
65	232	1
65	233	1
65	234	1
65	235	1
65	239	1
65	254	1
66	0	1213
66	1	1346
66	2	1653
66	3	2085
66	4	2503
66	5	2840
66	6	3207
66	7	3455
66	8	3676
66	9	3791
66	10	3950
66	11	3933
66	12	4014
66	13	4011
66	14	4089
66	15	4042
66	16	3909
66	17	3836
66	18	3707
66	19	3749
66	20	3604
66	21	3406
66	22	3239
66	23	3192
66	24	2985
66	25	2873
66	26	2705
66	27	2736
66	28	2517
66	29	2479
66	30	2208
66	31	2168
66	32	2083
66	33	1964
66	34	1834
66	35	1746
66	36	1700
66	37	1501
66	38	1339
66	39	1450
66	40	1333
66	41	1312
66	42	1165
66	43	1132
66	44	1083
66	45	988
66	46	869
66	47	836
66	48	831
66	49	760
66	50	762
66	51	656
66	52	626
66	53	571
66	54	535
66	55	523
66	56	489
66	57	476
66	58	393
66	59	397
66	60	384
66	61	334
66	62	335
66	63	298
66	64	303
66	65	239
66	66	242
66	67	269
66	68	251
66	69	206
66	70	205
66	71	190
66	72	194
66	73	194
66	74	169
66	75	169
66	76	170
66	77	138
66	78	165
66	79	141
66	80	130
66	81	123
66	82	126
66	83	122
66	84	111
66	85	116
66	86	115
66	87	92
66	88	84
66	89	83
66	90	75
66	91	86
66	92	74
66	93	77
66	94	77
66	95	62
66	96	92
66	97	63
66	98	65
66	99	79
66	100	61
66	101	70
66	102	66
66	103	39
66	104	55
66	105	64
66	106	58
66	107	46
66	108	51
66	109	45
66	110	43
66	111	46
66	112	51
66	113	45
66	114	32
66	115	37
66	116	39
66	117	41
66	118	30
66	119	25
66	120	35
66	121	26
66	122	37
66	123	31
66	124	37
66	125	27
66	126	28
66	127	26
66	128	23
66	129	24
66	130	32
66	131	17
66	132	26
66	133	22
66	134	25
66	135	20
66	136	16
66	137	13
66	138	19
66	139	18
66	140	13
66	141	14
66	142	14
66	143	13
66	144	13
66	145	12
66	146	10
66	147	13
66	148	12
66	149	12
66	150	7
66	151	13
66	152	8
66	153	13
66	154	7
66	155	9
66	156	10
66	157	6
66	158	4
66	159	5
66	160	5
66	161	11
66	162	4
66	164	3
66	165	5
66	166	6
66	167	5
66	168	3
66	169	5
66	170	2
66	171	3
66	172	5
66	173	3
66	174	3
66	175	3
66	176	4
66	177	3
66	178	4
66	179	3
66	180	5
66	181	2
66	182	4
66	183	3
66	184	1
66	185	2
66	186	3
66	187	3
66	188	4
66	189	4
66	190	2
66	191	1
66	192	1
66	193	2
66	195	2
66	196	4
66	197	3
66	199	2
66	200	3
66	201	1
66	202	1
66	204	1
66	205	1
66	206	1
66	207	2
66	209	2
66	210	1
66	211	1
66	212	1
66	215	1
66	216	2
66	217	2
66	219	1
66	220	1
66	222	1
66	224	1
66	225	1
66	226	1
66	231	1
66	233	1
66	236	1
66	242	1
66	251	1
67	0	1250
67	1	1266
67	2	1673
67	3	1962
67	4	2470
67	5	2974
67	6	2986
67	7	3409
67	8	3667
67	9	3706
67	10	4005
67	11	3987
67	12	4078
67	13	4040
67	14	3985
67	15	3921
67	16	3957
67	17	3858
67	18	3748
67	19	3542
67	20	3501
67	21	3377
67	22	3251
67	23	3109
67	24	2958
67	25	2937
67	26	2808
67	27	2668
67	28	2537
67	29	2400
67	30	2275
67	31	2106
67	32	2093
67	33	1904
67	34	1848
67	35	1759
67	36	1640
67	37	1570
67	38	1552
67	39	1413
67	40	1388
67	41	1197
67	42	1239
67	43	1130
67	44	979
67	45	915
67	46	903
67	47	868
67	48	835
67	49	756
67	50	718
67	51	631
67	52	639
67	53	581
67	54	549
67	55	498
67	56	449
67	57	482
67	58	433
67	59	380
67	60	389
67	61	353
67	62	313
67	63	341
67	64	278
67	65	280
67	66	231
67	67	268
67	68	231
67	69	210
67	70	210
67	71	193
67	72	189
67	73	180
67	74	186
67	75	176
67	76	148
67	77	156
67	78	166
67	79	152
67	80	118
67	81	126
67	82	112
67	83	128
67	84	106
67	85	100
67	86	95
67	87	89
67	88	98
67	89	92
67	90	95
67	91	90
67	92	84
67	93	80
67	94	74
67	95	70
67	96	71
67	97	74
67	98	57
67	99	59
67	100	58
67	101	48
67	102	73
67	103	55
67	104	56
67	105	53
67	106	57
67	107	45
67	108	37
67	109	38
67	110	41
67	111	49
67	112	43
67	113	36
67	114	40
67	115	40
67	116	34
67	117	28
67	118	46
67	119	25
67	120	44
67	121	26
67	122	25
67	123	25
67	124	28
67	125	25
67	126	29
67	127	32
67	128	22
67	129	27
67	130	28
67	131	21
67	132	23
67	133	18
67	134	11
67	135	19
67	136	20
67	137	15
67	138	13
67	139	17
67	140	20
67	141	27
67	142	15
67	143	20
67	144	14
67	145	17
67	146	14
67	147	8
67	148	4
67	149	12
67	150	11
67	151	9
67	152	10
67	153	7
67	154	16
67	155	4
67	156	10
67	157	7
67	158	13
67	159	1
67	160	7
67	161	6
67	162	5
67	163	9
67	164	3
67	165	10
67	166	4
67	167	3
67	168	4
67	169	6
67	170	3
67	171	5
67	172	4
67	173	2
67	175	3
67	176	4
67	177	4
67	178	1
67	179	2
67	180	1
67	181	2
67	182	2
67	183	2
67	184	3
67	185	1
67	186	1
67	187	2
67	188	3
67	189	2
67	190	2
67	193	2
67	194	2
67	195	2
67	196	2
67	197	1
67	198	1
67	199	1
67	200	1
67	201	1
67	202	1
67	204	3
67	209	1
67	211	1
67	213	1
67	214	2
67	216	1
67	218	1
67	228	1
67	234	1
67	237	1
67	249	1
67	255	1
68	0	1333
68	1	1286
68	2	1682
68	3	2036
68	4	2485
68	5	2901
68	6	3157
68	7	3401
68	8	3555
68	9	3739
68	10	4062
68	11	4024
68	12	4054
68	13	4058
68	14	4105
68	15	3975
68	16	3907
68	17	3945
68	18	3711
68	19	3684
68	20	3467
68	21	3369
68	22	3257
68	23	3226
68	24	3060
68	25	2884
68	26	2656
68	27	2673
68	28	2491
68	29	2428
68	30	2323
68	31	2253
68	32	2082
68	33	1977
68	34	1835
68	35	1730
68	36	1673
68	37	1535
68	38	1461
68	39	1400
68	40	1316
68	41	1234
68	42	1134
68	43	1149
68	44	1043
68	45	1021
68	46	862
68	47	816
68	48	852
68	49	664
68	50	707
68	51	646
68	52	579
68	53	566
68	54	487
68	55	488
68	56	457
68	57	465
68	58	446
68	59	403
68	60	381
68	61	368
68	62	325
68	63	319
68	64	282
68	65	285
68	66	254
68	67	241
68	68	207
68	69	243
68	70	226
68	71	221
68	72	174
68	73	163
68	74	156
68	75	156
68	76	150
68	77	166
68	78	156
68	79	135
68	80	134
68	81	115
68	82	123
68	83	98
68	84	108
68	85	89
68	86	100
68	87	105
68	88	82
68	89	75
68	90	68
68	91	64
68	92	78
68	93	76
68	94	69
68	95	69
68	96	67
68	97	66
68	98	66
68	99	70
68	100	76
68	101	58
68	102	69
68	103	62
68	104	58
68	105	40
68	106	47
68	107	55
68	108	35
68	109	49
68	110	35
68	111	40
68	112	39
68	113	35
68	114	43
68	115	36
68	116	24
68	117	41
68	118	36
68	119	22
68	120	29
68	121	21
68	122	28
68	123	41
68	124	25
68	125	30
68	126	21
68	127	30
68	128	12
68	129	26
68	130	26
68	131	24
68	132	21
68	133	23
68	134	17
68	135	21
68	136	11
68	137	16
68	138	9
68	139	14
68	140	14
68	141	14
68	142	12
68	143	14
68	144	16
68	145	14
68	146	12
68	147	8
68	148	11
68	149	10
68	150	12
68	151	8
68	152	14
68	153	9
68	154	12
68	155	8
68	156	9
68	157	7
68	158	7
68	159	11
68	160	3
68	161	6
68	162	5
68	163	8
68	164	5
68	165	3
68	166	3
68	167	7
68	168	4
68	169	4
68	170	7
68	171	5
68	172	7
68	173	2
68	174	1
68	175	5
68	176	2
68	177	2
68	178	3
68	179	2
68	180	2
68	181	1
68	183	1
68	184	4
68	185	2
68	186	3
68	188	1
68	189	2
68	190	1
68	191	2
68	192	1
68	193	1
68	194	1
68	197	1
68	198	3
68	199	1
68	201	2
68	204	1
68	205	2
68	207	1
68	208	2
68	209	3
68	211	1
68	214	1
68	215	1
68	217	2
68	220	1
68	225	1
68	227	1
68	229	1
68	235	1
68	238	1
68	239	1
68	243	2
68	245	1
68	255	3
69	0	1473
69	1	1361
69	2	1748
69	3	2157
69	4	2619
69	5	3027
69	6	3290
69	7	3587
69	8	3940
69	9	4154
69	10	4229
69	11	4208
69	12	4297
69	13	4367
69	14	4299
69	15	4230
69	16	4187
69	17	4093
69	18	3900
69	19	3941
69	20	3738
69	21	3609
69	22	3431
69	23	3424
69	24	3268
69	25	2957
69	26	3018
69	27	2803
69	28	2674
69	29	2499
69	30	2462
69	31	2336
69	32	2236
69	33	2038
69	34	1941
69	35	1872
69	36	1726
69	37	1663
69	38	1567
69	39	1410
69	40	1384
69	41	1192
69	42	1201
69	43	1105
69	44	1055
69	45	925
69	46	937
69	47	872
69	48	837
69	49	763
69	50	706
69	51	653
69	52	616
69	53	595
69	54	521
69	55	513
69	56	482
69	57	489
69	58	458
69	59	398
69	60	393
69	61	343
69	62	327
69	63	310
69	64	325
69	65	275
69	66	271
69	67	245
69	68	215
69	69	220
69	70	192
69	71	197
69	72	224
69	73	157
69	74	165
69	75	168
69	76	163
69	77	144
69	78	149
69	79	130
69	80	115
69	81	89
69	82	115
69	83	107
69	84	113
69	85	103
69	86	119
69	87	82
69	88	107
69	89	83
69	90	89
69	91	75
69	92	80
69	93	68
69	94	65
69	95	70
69	96	91
69	97	54
69	98	74
69	99	79
69	100	66
69	101	59
69	102	63
69	103	46
69	104	73
69	105	53
69	106	54
69	107	45
69	108	53
69	109	42
69	110	48
69	111	46
69	112	41
69	113	42
69	114	34
69	115	41
69	116	36
69	117	32
69	118	36
69	119	41
69	120	36
69	121	35
69	122	41
69	123	26
69	124	32
69	125	23
69	126	24
69	127	26
69	128	30
69	129	24
69	130	18
69	131	17
69	132	32
69	133	21
69	134	26
69	135	18
69	136	20
69	137	20
69	138	19
69	139	12
69	140	13
69	141	14
69	142	13
69	143	9
69	144	16
69	145	10
69	146	13
69	147	13
69	148	5
69	149	7
69	150	13
69	151	12
69	152	11
69	153	6
69	154	14
69	155	11
69	156	16
69	157	6
69	158	3
69	159	6
69	160	3
69	161	9
69	162	1
69	163	4
69	164	4
69	165	10
69	166	4
69	167	5
69	168	6
69	169	2
69	170	1
69	171	2
69	172	6
69	173	3
69	174	3
69	175	5
69	176	1
69	177	5
69	178	3
69	179	3
69	181	2
69	182	2
69	183	4
69	185	5
69	186	2
69	188	2
69	190	4
69	191	1
69	192	3
69	193	1
69	194	2
69	197	2
69	198	1
69	201	1
69	202	1
69	203	1
69	204	2
69	207	1
69	208	2
69	211	2
69	212	1
69	215	2
69	216	2
69	222	2
69	223	1
69	224	2
69	235	1
69	239	1
69	240	1
69	245	1
69	255	1
70	0	1027
70	1	1120
70	2	1378
70	3	1772
70	4	2073
70	5	2398
70	6	2587
70	7	2776
70	8	2999
70	9	2999
70	10	3001
70	11	3068
70	12	2999
70	13	2940
70	14	2847
70	15	2813
70	16	2766
70	17	2567
70	18	2382
70	19	2379
70	20	2171
70	21	2005
70	22	1940
70	23	1844
70	24	1772
70	25	1531
70	26	1502
70	27	1388
70	28	1276
70	29	1211
70	30	1146
70	31	1073
70	32	1028
70	33	920
70	34	846
70	35	811
70	36	755
70	37	642
70	38	641
70	39	568
70	40	604
70	41	528
70	42	461
70	43	454
70	44	427
70	45	380
70	46	404
70	47	333
70	48	338
70	49	289
70	50	286
70	51	242
70	52	242
70	53	243
70	54	229
70	55	173
70	56	199
70	57	165
70	58	157
70	59	147
70	60	171
70	61	126
70	62	143
70	63	127
70	64	98
70	65	113
70	66	91
70	67	105
70	68	95
70	69	82
70	70	57
70	71	67
70	72	79
70	73	74
70	74	64
70	75	56
70	76	47
70	77	64
70	78	64
70	79	37
70	80	38
70	81	41
70	82	59
70	83	41
70	84	34
70	85	46
70	86	35
70	87	46
70	88	34
70	89	34
70	90	34
70	91	27
70	92	33
70	93	34
70	94	36
70	95	28
70	96	30
70	97	32
70	98	29
70	99	26
70	100	28
70	101	24
70	102	26
70	103	20
70	104	23
70	105	22
70	106	23
70	107	15
70	108	21
70	109	20
70	110	27
70	111	12
70	112	17
70	113	14
70	114	13
70	115	18
70	116	22
70	117	15
70	118	16
70	119	13
70	120	13
70	121	15
70	122	9
70	123	14
70	124	15
70	125	12
70	126	10
70	127	10
70	128	10
70	129	10
70	130	12
70	131	10
70	132	10
70	133	9
70	134	7
70	135	7
70	136	8
70	137	7
70	138	5
70	139	9
70	140	2
70	141	4
70	142	10
70	143	6
70	144	4
70	145	7
70	146	7
70	147	3
70	148	3
70	149	3
70	150	3
70	151	6
70	152	3
70	153	2
70	154	5
70	155	6
70	156	5
70	157	7
70	158	3
70	159	4
70	160	2
70	161	1
70	162	1
70	163	5
70	164	2
70	165	7
70	166	2
70	167	2
70	168	4
70	169	2
70	171	1
70	172	3
70	173	2
70	174	2
70	175	2
70	176	2
70	177	2
70	180	1
70	181	1
70	182	2
70	183	2
70	184	1
70	186	1
70	188	1
70	190	1
70	192	1
70	195	1
70	196	1
70	199	1
70	202	1
70	203	1
70	205	1
70	208	1
70	221	1
70	224	1
70	225	1
70	226	2
71	0	1022
71	1	1096
71	2	1444
71	3	1779
71	4	2134
71	5	2452
71	6	2697
71	7	3001
71	8	3119
71	9	3200
71	10	3247
71	11	3197
71	12	3252
71	13	3263
71	14	3057
71	15	2988
71	16	2980
71	17	2828
71	18	2651
71	19	2571
71	20	2360
71	21	2278
71	22	2148
71	23	2106
71	24	1963
71	25	1903
71	26	1868
71	27	1751
71	28	1590
71	29	1474
71	30	1370
71	31	1350
71	32	1259
71	33	1133
71	34	1077
71	35	1074
71	36	886
71	37	971
71	38	892
71	39	847
71	40	737
71	41	769
71	42	684
71	43	603
71	44	600
71	45	575
71	46	495
71	47	470
71	48	422
71	49	433
71	50	367
71	51	345
71	52	318
71	53	309
71	54	305
71	55	270
71	56	240
71	57	233
71	58	242
71	59	218
71	60	195
71	61	161
71	62	161
71	63	153
71	64	137
71	65	139
71	66	127
71	67	104
71	68	96
71	69	111
71	70	100
71	71	92
71	72	92
71	73	85
71	74	83
71	75	84
71	76	85
71	77	83
71	78	74
71	79	60
71	80	60
71	81	60
71	82	64
71	83	51
71	84	40
71	85	58
71	86	51
71	87	62
71	88	59
71	89	41
71	90	57
71	91	48
71	92	40
71	93	38
71	94	38
71	95	33
71	96	41
71	97	29
71	98	26
71	99	22
71	100	33
71	101	27
71	102	22
71	103	37
71	104	29
71	105	21
71	106	27
71	107	19
71	108	23
71	109	30
71	110	27
71	111	29
71	112	16
71	113	12
71	114	14
71	115	14
71	116	25
71	117	12
71	118	15
71	119	19
71	120	17
71	121	11
71	122	18
71	123	11
71	124	13
71	125	11
71	126	13
71	127	17
71	128	11
71	129	15
71	130	16
71	131	13
71	132	5
71	133	10
71	134	7
71	135	5
71	136	8
71	137	7
71	138	6
71	139	10
71	140	9
71	141	9
71	142	8
71	143	7
71	144	13
71	145	10
71	146	5
71	147	5
71	148	4
71	149	3
71	150	7
71	151	7
71	152	7
71	153	5
71	154	1
71	155	3
71	156	3
71	157	3
71	158	3
71	159	3
71	160	3
71	161	5
71	162	2
71	163	5
71	164	1
71	165	2
71	166	1
71	167	1
71	168	1
71	169	1
71	170	1
71	171	1
71	172	2
71	173	2
71	174	1
71	175	1
71	176	4
71	177	2
71	178	3
71	179	1
71	180	1
71	181	1
71	185	3
71	188	1
71	189	1
71	190	1
71	192	1
71	193	2
71	205	2
71	206	1
71	207	2
71	211	1
71	217	1
71	221	2
71	225	1
71	227	1
72	0	983
72	1	1093
72	2	1506
72	3	1814
72	4	2222
72	5	2500
72	6	2793
72	7	2967
72	8	3205
72	9	3228
72	10	3317
72	11	3364
72	12	3426
72	13	3365
72	14	3362
72	15	3318
72	16	3173
72	17	3106
72	18	2949
72	19	2891
72	20	2664
72	21	2628
72	22	2488
72	23	2409
72	24	2291
72	25	2198
72	26	2035
72	27	1920
72	28	1856
72	29	1706
72	30	1690
72	31	1564
72	32	1516
72	33	1397
72	34	1361
72	35	1290
72	36	1301
72	37	1148
72	38	1013
72	39	993
72	40	923
72	41	933
72	42	804
72	43	799
72	44	659
72	45	638
72	46	674
72	47	588
72	48	556
72	49	545
72	50	521
72	51	425
72	52	384
72	53	421
72	54	363
72	55	348
72	56	324
72	57	298
72	58	274
72	59	241
72	60	243
72	61	225
72	62	202
72	63	196
72	64	206
72	65	178
72	66	169
72	67	139
72	68	162
72	69	126
72	70	142
72	71	134
72	72	130
72	73	107
72	74	111
72	75	119
72	76	92
72	77	97
72	78	86
72	79	104
72	80	68
72	81	74
72	82	61
72	83	75
72	84	72
72	85	51
72	86	71
72	87	71
72	88	53
72	89	51
72	90	50
72	91	52
72	92	43
72	93	57
72	94	43
72	95	40
72	96	46
72	97	42
72	98	37
72	99	42
72	100	39
72	101	37
72	102	26
72	103	27
72	104	36
72	105	29
72	106	34
72	107	30
72	108	25
72	109	26
72	110	30
72	111	19
72	112	16
72	113	36
72	114	21
72	115	19
72	116	21
72	117	18
72	118	18
72	119	15
72	120	17
72	121	14
72	122	19
72	123	20
72	124	17
72	125	22
72	126	17
72	127	12
72	128	12
72	129	16
72	130	14
72	131	10
72	132	13
72	133	8
72	134	13
72	135	9
72	136	11
72	137	8
72	138	8
72	139	10
72	140	13
72	141	11
72	142	8
72	143	6
72	144	14
72	145	6
72	146	6
72	147	10
72	148	7
72	149	4
72	150	1
72	151	7
72	152	4
72	153	7
72	154	8
72	155	6
72	156	5
72	157	8
72	158	2
72	159	2
72	160	4
72	161	3
72	162	1
72	163	7
72	164	5
72	165	3
72	166	5
72	167	3
72	168	4
72	169	3
72	170	5
72	171	3
72	172	4
72	173	4
72	174	4
72	175	3
72	176	1
72	177	1
72	178	2
72	179	2
72	181	2
72	182	2
72	183	3
72	184	1
72	185	2
72	188	1
72	191	1
72	194	1
72	196	1
72	198	1
72	199	2
72	200	1
72	201	2
72	202	1
72	203	1
72	207	2
72	208	1
72	209	1
72	216	1
72	220	1
72	224	2
72	226	1
72	231	1
72	234	1
73	0	772
73	1	787
73	2	1047
73	3	1244
73	4	1593
73	5	1805
73	6	2004
73	7	2111
73	8	2273
73	9	2485
73	10	2510
73	11	2586
73	12	2563
73	13	2615
73	14	2594
73	15	2589
73	16	2565
73	17	2442
73	18	2545
73	19	2400
73	20	2331
73	21	2210
73	22	2120
73	23	2020
73	24	1912
73	25	1879
73	26	1847
73	27	1736
73	28	1746
73	29	1589
73	30	1561
73	31	1444
73	32	1354
73	33	1234
73	34	1198
73	35	1188
73	36	1117
73	37	1045
73	38	1020
73	39	948
73	40	888
73	41	852
73	42	810
73	43	744
73	44	688
73	45	637
73	46	611
73	47	563
73	48	506
73	49	487
73	50	510
73	51	446
73	52	388
73	53	361
73	54	348
73	55	314
73	56	314
73	57	271
73	58	284
73	59	248
73	60	197
73	61	232
73	62	204
73	63	167
73	64	171
73	65	169
73	66	162
73	67	157
73	68	153
73	69	127
73	70	115
73	71	127
73	72	128
73	73	98
73	74	87
73	75	86
73	76	99
73	77	78
73	78	71
73	79	83
73	80	57
73	81	64
73	82	62
73	83	68
73	84	58
73	85	50
73	86	44
73	87	34
73	88	50
73	89	46
73	90	53
73	91	41
73	92	40
73	93	45
73	94	47
73	95	26
73	96	40
73	97	42
73	98	34
73	99	33
73	100	36
73	101	25
73	102	28
73	103	25
73	104	38
73	105	31
73	106	32
73	107	28
73	108	37
73	109	32
73	110	23
73	111	30
73	112	16
73	113	24
73	114	22
73	115	15
73	116	25
73	117	23
73	118	13
73	119	20
73	120	16
73	121	15
73	122	15
73	123	12
73	124	9
73	125	15
73	126	13
73	127	10
73	128	15
73	129	21
73	130	10
73	131	16
73	132	12
73	133	11
73	134	14
73	135	14
73	136	14
73	137	4
73	138	5
73	139	13
73	140	6
73	141	4
73	142	4
73	143	6
73	144	5
73	145	9
73	146	4
73	147	9
73	148	8
73	149	7
73	150	8
73	151	5
73	152	7
73	153	9
73	154	8
73	155	3
73	156	5
73	157	5
73	158	4
73	159	3
73	160	2
73	161	1
73	162	3
73	164	5
73	165	5
73	167	3
73	168	4
73	170	4
73	171	1
73	172	1
73	173	1
73	175	2
73	176	3
73	177	2
73	178	1
73	179	2
73	180	2
73	181	1
73	182	1
73	184	1
73	185	1
73	186	1
73	187	1
73	188	2
73	191	1
73	196	1
73	197	1
73	200	1
73	201	1
73	202	2
73	216	1
73	227	1
73	245	1
73	246	1
73	255	2
74	0	743
74	1	739
74	2	1016
74	3	1265
74	4	1394
74	5	1701
74	6	1872
74	7	2036
74	8	2134
74	9	2288
74	10	2344
74	11	2366
74	12	2486
74	13	2470
74	14	2456
74	15	2446
74	16	2388
74	17	2306
74	18	2292
74	19	2308
74	20	2186
74	21	2148
74	22	2034
74	23	2041
74	24	1915
74	25	1898
74	26	1827
74	27	1814
74	28	1567
74	29	1536
74	30	1423
74	31	1419
74	32	1431
74	33	1293
74	34	1205
74	35	1172
74	36	1182
74	37	1058
74	38	971
74	39	935
74	40	893
74	41	836
74	42	746
74	43	738
74	44	664
74	45	620
74	46	622
74	47	577
74	48	565
74	49	463
74	50	441
74	51	439
74	52	399
74	53	379
74	54	343
74	55	328
74	56	303
74	57	303
74	58	246
74	59	260
74	60	247
74	61	231
74	62	167
74	63	208
74	64	185
74	65	165
74	66	150
74	67	153
74	68	130
74	69	117
74	70	115
74	71	103
74	72	102
74	73	116
74	74	97
74	75	103
74	76	71
74	77	72
74	78	79
74	79	78
74	80	53
74	81	80
74	82	58
74	83	59
74	84	48
74	85	63
74	86	63
74	87	58
74	88	45
74	89	36
74	90	54
74	91	34
74	92	42
74	93	42
74	94	43
74	95	32
74	96	36
74	97	35
74	98	43
74	99	35
74	100	40
74	101	32
74	102	43
74	103	27
74	104	33
74	105	16
74	106	37
74	107	21
74	108	26
74	109	27
74	110	24
74	111	23
74	112	19
74	113	21
74	114	16
74	115	15
74	116	16
74	117	24
74	118	18
74	119	18
74	120	16
74	121	12
74	122	19
74	123	13
74	124	22
74	125	20
74	126	11
74	127	9
74	128	14
74	129	18
74	130	13
74	131	16
74	132	10
74	133	6
74	134	6
74	135	6
74	136	8
74	137	7
74	138	5
74	139	6
74	140	9
74	141	10
74	142	6
74	143	5
74	144	9
74	145	7
74	146	8
74	147	9
74	148	6
74	149	6
74	150	3
74	151	2
74	152	7
74	153	2
74	154	3
74	155	7
74	156	1
74	157	1
74	158	5
74	159	6
74	160	3
74	161	2
74	162	3
74	163	5
74	164	1
74	165	4
74	166	5
74	167	1
74	168	4
74	169	2
74	170	3
74	171	3
74	172	2
74	173	4
74	174	1
74	175	1
74	176	4
74	178	2
74	179	3
74	180	2
74	181	3
74	184	3
74	186	2
74	187	2
74	191	2
74	193	1
74	199	2
74	201	1
74	208	1
74	210	1
74	218	1
74	219	1
74	228	1
74	247	1
75	0	783
75	1	780
75	2	948
75	3	1133
75	4	1373
75	5	1713
75	6	1840
75	7	2099
75	8	2179
75	9	2304
75	10	2325
75	11	2404
75	12	2391
75	13	2431
75	14	2454
75	15	2479
75	16	2385
75	17	2379
75	18	2331
75	19	2259
75	20	2271
75	21	2158
75	22	2126
75	23	2025
75	24	1967
75	25	1848
75	26	1816
75	27	1746
75	28	1667
75	29	1528
75	30	1536
75	31	1402
75	32	1299
75	33	1245
75	34	1198
75	35	1188
75	36	1056
75	37	1073
75	38	988
75	39	951
75	40	859
75	41	800
75	42	798
75	43	721
75	44	645
75	45	610
75	46	565
75	47	530
75	48	531
75	49	507
75	50	406
75	51	448
75	52	395
75	53	389
75	54	298
75	55	315
75	56	310
75	57	310
75	58	255
75	59	216
75	60	246
75	61	203
75	62	209
75	63	166
75	64	174
75	65	158
75	66	151
75	67	148
75	68	133
75	69	146
75	70	112
75	71	113
75	72	111
75	73	91
75	74	94
75	75	96
75	76	95
75	77	88
75	78	74
75	79	69
75	80	74
75	81	55
75	82	67
75	83	72
75	84	65
75	85	59
75	86	49
75	87	44
75	88	53
75	89	38
75	90	51
75	91	44
75	92	41
75	93	45
75	94	38
75	95	42
75	96	38
75	97	45
75	98	31
75	99	32
75	100	34
75	101	39
75	102	31
75	103	27
75	104	30
75	105	26
75	106	37
75	107	23
75	108	21
75	109	20
75	110	19
75	111	31
75	112	24
75	113	19
75	114	24
75	115	18
75	116	19
75	117	11
75	118	12
75	119	12
75	120	16
75	121	10
75	122	16
75	123	14
75	124	17
75	125	9
75	126	17
75	127	13
75	128	11
75	129	7
75	130	12
75	131	16
75	132	7
75	133	13
75	134	13
75	135	9
75	136	7
75	137	11
75	138	10
75	139	5
75	140	6
75	141	7
75	142	7
75	143	10
75	144	9
75	145	10
75	146	7
75	147	5
75	148	5
75	149	2
75	150	5
75	151	9
75	152	2
75	153	7
75	154	3
75	155	2
75	156	5
75	157	4
75	158	5
75	159	1
75	160	2
75	161	2
75	162	4
75	163	2
75	164	4
75	165	3
75	166	2
75	167	1
75	168	7
75	169	3
75	171	4
75	172	1
75	173	4
75	174	2
75	175	2
75	177	2
75	178	1
75	179	3
75	180	1
75	181	1
75	182	2
75	183	1
75	184	1
75	185	2
75	186	2
75	188	2
75	189	1
75	190	2
75	191	2
75	199	1
75	200	1
75	201	1
75	204	2
75	205	1
75	207	1
75	208	1
75	209	1
75	213	1
75	220	1
75	224	1
75	244	1
75	250	1
76	0	916
76	1	854
76	2	1077
76	3	1317
76	4	1512
76	5	1767
76	6	2008
76	7	2143
76	8	2369
76	9	2443
76	10	2475
76	11	2561
76	12	2585
76	13	2669
76	14	2632
76	15	2558
76	16	2487
76	17	2583
76	18	2523
76	19	2361
76	20	2355
76	21	2288
76	22	2218
76	23	2183
76	24	2053
76	25	1964
76	26	1881
76	27	1816
76	28	1707
76	29	1684
76	30	1536
76	31	1549
76	32	1521
76	33	1400
76	34	1342
76	35	1234
76	36	1103
76	37	1144
76	38	1047
76	39	994
76	40	937
76	41	834
76	42	785
76	43	746
76	44	702
76	45	682
76	46	599
76	47	590
76	48	523
76	49	492
76	50	445
76	51	438
76	52	388
76	53	408
76	54	358
76	55	323
76	56	321
76	57	306
76	58	268
76	59	269
76	60	224
76	61	211
76	62	186
76	63	198
76	64	185
76	65	170
76	66	176
76	67	153
76	68	152
76	69	120
76	70	143
76	71	116
76	72	103
76	73	104
76	74	89
76	75	98
76	76	79
76	77	91
76	78	72
76	79	66
76	80	67
76	81	68
76	82	65
76	83	70
76	84	70
76	85	75
76	86	48
76	87	48
76	88	43
76	89	51
76	90	57
76	91	54
76	92	45
76	93	51
76	94	46
76	95	43
76	96	34
76	97	29
76	98	38
76	99	35
76	100	31
76	101	32
76	102	42
76	103	32
76	104	28
76	105	32
76	106	30
76	107	26
76	108	21
76	109	28
76	110	23
76	111	21
76	112	23
76	113	21
76	114	18
76	115	21
76	116	18
76	117	24
76	118	18
76	119	16
76	120	14
76	121	17
76	122	19
76	123	17
76	124	17
76	125	16
76	126	14
76	127	12
76	128	11
76	129	2
76	130	15
76	131	11
76	132	16
76	133	8
76	134	7
76	135	17
76	136	11
76	137	9
76	138	11
76	139	8
76	140	11
76	141	5
76	142	8
76	143	9
76	144	10
76	145	10
76	146	7
76	147	4
76	148	11
76	149	2
76	150	4
76	151	10
76	152	6
76	153	5
76	154	7
76	155	1
76	156	6
76	157	6
76	158	2
76	159	3
76	160	5
76	161	2
76	162	1
76	163	4
76	164	3
76	165	1
76	166	2
76	167	4
76	168	3
76	169	1
76	170	2
76	172	2
76	173	3
76	174	1
76	175	5
76	176	3
76	177	3
76	178	2
76	179	1
76	180	3
76	183	1
76	184	3
76	185	1
76	187	1
76	188	1
76	189	1
76	190	3
76	192	1
76	193	1
76	196	1
76	199	1
76	200	1
76	202	1
76	207	1
76	208	1
76	209	1
76	228	2
76	229	1
76	239	1
77	0	679
77	1	696
77	2	954
77	3	1156
77	4	1344
77	5	1554
77	6	1806
77	7	1944
77	8	2140
77	9	2161
77	10	2328
77	11	2303
77	12	2370
77	13	2436
77	14	2319
77	15	2367
77	16	2282
77	17	2221
77	18	2164
77	19	2278
77	20	2092
77	21	2096
77	22	2023
77	23	1882
77	24	1890
77	25	1756
77	26	1762
77	27	1660
77	28	1588
77	29	1516
77	30	1464
77	31	1423
77	32	1293
77	33	1240
77	34	1200
77	35	1072
77	36	1059
77	37	1077
77	38	962
77	39	905
77	40	869
77	41	808
77	42	745
77	43	705
77	44	634
77	45	637
77	46	593
77	47	562
77	48	507
77	49	511
77	50	473
77	51	442
77	52	370
77	53	372
77	54	341
77	55	315
77	56	261
77	57	267
77	58	265
77	59	251
77	60	236
77	61	239
77	62	196
77	63	180
77	64	184
77	65	143
77	66	149
77	67	152
77	68	117
77	69	135
77	70	121
77	71	124
77	72	130
77	73	91
77	74	95
77	75	87
77	76	108
77	77	92
77	78	68
77	79	81
77	80	91
77	81	66
77	82	74
77	83	62
77	84	53
77	85	55
77	86	64
77	87	56
77	88	61
77	89	55
77	90	55
77	91	48
77	92	42
77	93	45
77	94	41
77	95	42
77	96	44
77	97	50
77	98	30
77	99	27
77	100	26
77	101	26
77	102	43
77	103	18
77	104	24
77	105	24
77	106	33
77	107	27
77	108	32
77	109	23
77	110	23
77	111	26
77	112	24
77	113	19
77	114	25
77	115	23
77	116	12
77	117	15
77	118	18
77	119	15
77	120	24
77	121	18
77	122	18
77	123	10
77	124	16
77	125	21
77	126	12
77	127	12
77	128	16
77	129	17
77	130	14
77	131	17
77	132	11
77	133	10
77	134	6
77	135	8
77	136	11
77	137	10
77	138	5
77	139	9
77	140	10
77	141	8
77	142	8
77	143	10
77	144	9
77	145	8
77	146	4
77	147	6
77	148	8
77	149	8
77	150	6
77	151	4
77	152	2
77	153	6
77	154	6
77	155	7
77	156	2
77	157	1
77	158	4
77	159	3
77	160	6
77	161	5
77	162	6
77	163	2
77	164	2
77	165	4
77	166	3
77	167	3
77	168	2
77	169	1
77	170	3
77	171	1
77	172	3
77	173	2
77	174	2
77	175	2
77	177	1
77	178	2
77	179	4
77	180	4
77	181	2
77	182	1
77	184	1
77	185	4
77	186	1
77	187	1
77	192	1
77	194	2
77	195	1
77	202	1
77	203	2
77	205	1
77	211	1
77	216	1
77	217	1
77	219	1
77	231	1
77	232	1
77	233	1
77	244	1
77	251	1
78	0	643
78	1	667
78	2	845
78	3	1088
78	4	1366
78	5	1563
78	6	1776
78	7	1918
78	8	2087
78	9	2216
78	10	2195
78	11	2305
78	12	2239
78	13	2295
78	14	2315
78	15	2311
78	16	2186
78	17	2297
78	18	2208
78	19	2150
78	20	2109
78	21	2064
78	22	1948
78	23	1843
78	24	1842
78	25	1832
78	26	1681
78	27	1623
78	28	1624
78	29	1517
78	30	1509
78	31	1346
78	32	1330
78	33	1192
78	34	1123
78	35	1118
78	36	1046
78	37	1023
78	38	900
78	39	825
78	40	840
78	41	842
78	42	731
78	43	717
78	44	662
78	45	616
78	46	550
78	47	539
78	48	509
78	49	484
78	50	447
78	51	393
78	52	373
78	53	402
78	54	326
78	55	294
78	56	289
78	57	269
78	58	253
78	59	213
78	60	218
78	61	196
78	62	180
78	63	166
78	64	146
78	65	164
78	66	164
78	67	154
78	68	140
78	69	129
78	70	133
78	71	112
78	72	97
78	73	111
78	74	91
78	75	87
78	76	106
78	77	79
78	78	90
78	79	73
78	80	89
78	81	76
78	82	75
78	83	51
78	84	67
78	85	60
78	86	65
78	87	58
78	88	54
78	89	43
78	90	37
78	91	45
78	92	42
78	93	46
78	94	46
78	95	40
78	96	39
78	97	31
78	98	34
78	99	31
78	100	38
78	101	37
78	102	23
78	103	29
78	104	28
78	105	30
78	106	16
78	107	17
78	108	20
78	109	28
78	110	23
78	111	15
78	112	27
78	113	22
78	114	19
78	115	20
78	116	18
78	117	22
78	118	21
78	119	15
78	120	21
78	121	15
78	122	10
78	123	20
78	124	10
78	125	9
78	126	15
78	127	11
78	128	7
78	129	9
78	130	4
78	131	11
78	132	9
78	133	10
78	134	10
78	135	11
78	136	8
78	137	14
78	138	9
78	139	11
78	140	11
78	141	9
78	142	5
78	143	6
78	144	9
78	145	4
78	146	9
78	147	4
78	148	2
78	149	3
78	150	3
78	151	6
78	152	6
78	153	3
78	154	6
78	155	1
78	156	4
78	157	4
78	158	3
78	159	5
78	160	3
78	161	5
78	162	4
78	163	1
78	164	5
78	165	2
78	166	6
78	167	1
78	168	5
78	170	5
78	172	2
78	173	2
78	174	2
78	175	2
78	177	1
78	178	1
78	179	1
78	181	1
78	182	1
78	183	2
78	184	2
78	185	1
78	187	1
78	190	2
78	192	1
78	193	1
78	198	2
78	202	2
78	203	1
78	218	1
78	220	1
78	229	1
78	231	1
78	246	1
79	0	616
79	1	683
79	2	802
79	3	1108
79	4	1318
79	5	1525
79	6	1608
79	7	1755
79	8	1939
79	9	2099
79	10	2063
79	11	2125
79	12	2155
79	13	2206
79	14	2092
79	15	2086
79	16	2132
79	17	2074
79	18	2008
79	19	1949
79	20	1865
79	21	1819
79	22	1716
79	23	1724
79	24	1660
79	25	1532
79	26	1456
79	27	1423
79	28	1360
79	29	1269
79	30	1216
79	31	1190
79	32	1132
79	33	1032
79	34	1000
79	35	976
79	36	909
79	37	736
79	38	810
79	39	764
79	40	672
79	41	671
79	42	635
79	43	553
79	44	488
79	45	514
79	46	502
79	47	443
79	48	420
79	49	381
79	50	350
79	51	333
79	52	317
79	53	274
79	54	282
79	55	230
79	56	271
79	57	247
79	58	200
79	59	198
79	60	202
79	61	161
79	62	157
79	63	163
79	64	147
79	65	113
79	66	125
79	67	121
79	68	96
79	69	103
79	70	119
79	71	103
79	72	79
79	73	88
79	74	77
79	75	62
79	76	60
79	77	69
79	78	75
79	79	63
79	80	52
79	81	49
79	82	57
79	83	42
79	84	41
79	85	47
79	86	45
79	87	42
79	88	43
79	89	35
79	90	42
79	91	48
79	92	31
79	93	28
79	94	30
79	95	25
79	96	34
79	97	20
79	98	28
79	99	26
79	100	31
79	101	23
79	102	26
79	103	20
79	104	22
79	105	19
79	106	14
79	107	16
79	108	17
79	109	19
79	110	10
79	111	15
79	112	11
79	113	19
79	114	7
79	115	15
79	116	8
79	117	19
79	118	20
79	119	15
79	120	7
79	121	11
79	122	12
79	123	9
79	124	5
79	125	13
79	126	10
79	127	15
79	128	7
79	129	8
79	130	13
79	131	11
79	132	14
79	133	8
79	134	5
79	135	11
79	136	7
79	137	5
79	138	9
79	139	6
79	140	5
79	141	2
79	142	2
79	143	5
79	144	5
79	145	5
79	146	3
79	147	2
79	148	4
79	149	2
79	150	5
79	151	5
79	152	5
79	153	4
79	154	4
79	155	3
79	156	4
79	157	5
79	158	1
79	160	4
79	161	4
79	162	4
79	163	3
79	164	1
79	165	1
79	166	3
79	167	1
79	169	1
79	170	1
79	171	4
79	172	1
79	173	2
79	174	1
79	175	1
79	176	2
79	177	1
79	178	4
79	179	1
79	180	1
79	181	2
79	183	1
79	184	1
79	185	1
79	187	1
79	188	1
79	193	1
79	194	1
79	213	1
79	219	1
79	221	1
79	232	1
79	238	1
80	0	629
80	1	682
80	2	788
80	3	1063
80	4	1190
80	5	1475
80	6	1577
80	7	1731
80	8	1860
80	9	2017
80	10	1918
80	11	2019
80	12	2052
80	13	2071
80	14	2040
80	15	1965
80	16	1944
80	17	1826
80	18	1762
80	19	1830
80	20	1702
80	21	1618
80	22	1570
80	23	1461
80	24	1478
80	25	1369
80	26	1313
80	27	1257
80	28	1200
80	29	1060
80	30	1047
80	31	1002
80	32	998
80	33	927
80	34	849
80	35	786
80	36	730
80	37	693
80	38	679
80	39	637
80	40	584
80	41	566
80	42	519
80	43	505
80	44	462
80	45	443
80	46	400
80	47	405
80	48	325
80	49	338
80	50	254
80	51	279
80	52	258
80	53	245
80	54	230
80	55	222
80	56	168
80	57	181
80	58	184
80	59	162
80	60	163
80	61	153
80	62	148
80	63	109
80	64	110
80	65	109
80	66	91
80	67	97
80	68	77
80	69	84
80	70	74
80	71	73
80	72	57
80	73	62
80	74	61
80	75	64
80	76	40
80	77	47
80	78	51
80	79	47
80	80	43
80	81	39
80	82	44
80	83	28
80	84	30
80	85	20
80	86	26
80	87	41
80	88	35
80	89	22
80	90	22
80	91	39
80	92	31
80	93	22
80	94	11
80	95	23
80	96	24
80	97	17
80	98	22
80	99	19
80	100	25
80	101	13
80	102	18
80	103	13
80	104	9
80	105	18
80	106	13
80	107	12
80	108	10
80	109	21
80	110	12
80	111	9
80	112	14
80	113	12
80	114	11
80	115	17
80	116	15
80	117	9
80	118	10
80	119	7
80	120	9
80	121	9
80	122	3
80	123	3
80	124	8
80	125	7
80	126	8
80	127	4
80	128	7
80	129	4
80	130	6
80	131	5
80	132	2
80	133	6
80	134	8
80	135	6
80	136	6
80	137	5
80	138	2
80	139	6
80	140	1
80	141	3
80	142	4
80	143	4
80	144	3
80	145	9
80	146	4
80	147	5
80	148	2
80	149	2
80	151	1
80	152	2
80	153	2
80	154	3
80	155	2
80	156	2
80	157	3
80	158	6
80	160	2
80	161	3
80	162	1
80	163	1
80	164	1
80	166	1
80	167	1
80	169	1
80	170	1
80	172	2
80	173	1
80	174	3
80	175	1
80	176	1
80	178	1
80	179	1
80	180	1
80	181	1
80	184	1
80	186	2
80	187	1
80	188	1
80	191	1
80	192	2
80	194	1
80	197	1
80	198	1
80	201	1
80	203	1
80	206	1
80	208	1
80	220	1
81	0	638
81	1	616
81	2	863
81	3	997
81	4	1247
81	5	1431
81	6	1547
81	7	1756
81	8	1816
81	9	1978
81	10	1954
81	11	1927
81	12	2061
81	13	2010
81	14	1969
81	15	1965
81	16	1987
81	17	1869
81	18	1871
81	19	1781
81	20	1712
81	21	1649
81	22	1514
81	23	1502
81	24	1489
81	25	1370
81	26	1285
81	27	1250
81	28	1205
81	29	1177
81	30	1085
81	31	1002
81	32	971
81	33	912
81	34	830
81	35	780
81	36	801
81	37	708
81	38	672
81	39	625
81	40	554
81	41	540
81	42	507
81	43	490
81	44	483
81	45	456
81	46	411
81	47	368
81	48	347
81	49	329
81	50	319
81	51	307
81	52	237
81	53	238
81	54	207
81	55	241
81	56	199
81	57	161
81	58	171
81	59	160
81	60	166
81	61	128
81	62	118
81	63	124
81	64	112
81	65	118
81	66	113
81	67	94
81	68	102
81	69	90
81	70	64
81	71	65
81	72	76
81	73	54
81	74	44
81	75	73
81	76	57
81	77	43
81	78	39
81	79	48
81	80	34
81	81	49
81	82	42
81	83	40
81	84	34
81	85	24
81	86	21
81	87	32
81	88	20
81	89	28
81	90	27
81	91	28
81	92	23
81	93	19
81	94	22
81	95	24
81	96	15
81	97	15
81	98	16
81	99	23
81	100	19
81	101	16
81	102	22
81	103	20
81	104	7
81	105	16
81	106	11
81	107	17
81	108	17
81	109	15
81	110	18
81	111	5
81	112	11
81	113	5
81	114	7
81	115	13
81	116	9
81	117	12
81	118	6
81	119	9
81	120	10
81	121	8
81	122	13
81	123	9
81	124	7
81	125	11
81	126	14
81	127	5
81	128	5
81	129	6
81	130	7
81	131	7
81	132	3
81	133	3
81	134	6
81	135	7
81	136	7
81	137	6
81	138	3
81	139	3
81	140	8
81	141	2
81	142	5
81	143	3
81	144	2
81	145	3
81	146	4
81	147	2
81	148	1
81	150	3
81	151	2
81	152	5
81	153	4
81	154	1
81	155	3
81	157	1
81	158	1
81	159	4
81	160	2
81	161	1
81	162	2
81	164	2
81	166	2
81	168	2
81	170	3
81	172	1
81	173	1
81	174	1
81	175	2
81	176	1
81	177	1
81	178	1
81	180	1
81	182	2
81	183	1
81	186	1
81	187	1
81	188	1
81	190	1
81	191	2
81	192	1
81	201	1
81	204	2
81	205	1
81	224	1
81	236	1
82	0	722
82	1	670
82	2	892
82	3	1061
82	4	1334
82	5	1551
82	6	1687
82	7	1826
82	8	1916
82	9	2057
82	10	2140
82	11	2178
82	12	2145
82	13	2093
82	14	2227
82	15	2051
82	16	2012
82	17	1914
82	18	1899
82	19	1853
82	20	1804
82	21	1710
82	22	1720
82	23	1577
82	24	1469
82	25	1485
82	26	1389
82	27	1339
82	28	1289
82	29	1171
82	30	1107
82	31	1058
82	32	970
82	33	943
82	34	899
82	35	921
82	36	762
82	37	790
82	38	668
82	39	697
82	40	600
82	41	582
82	42	576
82	43	539
82	44	477
82	45	430
82	46	386
82	47	387
82	48	343
82	49	342
82	50	302
82	51	264
82	52	250
82	53	271
82	54	271
82	55	210
82	56	205
82	57	191
82	58	181
82	59	144
82	60	157
82	61	145
82	62	139
82	63	140
82	64	120
82	65	98
82	66	106
82	67	96
82	68	100
82	69	90
82	70	70
82	71	77
82	72	60
82	73	56
82	74	57
82	75	62
82	76	51
82	77	48
82	78	35
82	79	45
82	80	38
82	81	32
82	82	34
82	83	37
82	84	31
82	85	25
82	86	28
82	87	22
82	88	29
82	89	28
82	90	28
82	91	26
82	92	29
82	93	21
82	94	19
82	95	19
82	96	17
82	97	24
82	98	17
82	99	20
82	100	20
82	101	9
82	102	15
82	103	19
82	104	20
82	105	18
82	106	21
82	107	12
82	108	11
82	109	17
82	110	18
82	111	16
82	112	21
82	113	9
82	114	4
82	115	11
82	116	7
82	117	4
82	118	9
82	119	10
82	120	12
82	121	8
82	122	8
82	123	5
82	124	12
82	125	6
82	126	6
82	127	4
82	128	3
82	129	8
82	130	11
82	131	2
82	132	7
82	133	5
82	134	5
82	135	4
82	136	6
82	137	3
82	138	3
82	139	5
82	140	2
82	142	4
82	143	2
82	144	7
82	145	1
82	146	2
82	147	5
82	148	2
82	150	1
82	151	2
82	152	1
82	153	3
82	154	7
82	155	2
82	156	2
82	158	1
82	159	2
82	160	1
82	161	1
82	162	3
82	164	3
82	165	1
82	168	1
82	169	1
82	170	1
82	172	2
82	174	2
82	181	1
82	185	2
82	186	1
82	187	2
82	192	1
82	193	1
82	195	2
82	196	3
82	197	1
82	199	1
82	200	2
82	202	1
82	206	1
82	218	1
82	227	1
82	229	1
82	241	1
82	242	1
82	255	1
83	0	723
83	1	731
83	2	921
83	3	1156
83	4	1463
83	5	1667
83	6	1776
83	7	1943
83	8	2039
83	9	2093
83	10	2094
83	11	2170
83	12	2231
83	13	2232
83	14	2179
83	15	2181
83	16	2057
83	17	1989
83	18	1984
83	19	1943
83	20	1872
83	21	1773
83	22	1739
83	23	1723
83	24	1552
83	25	1524
83	26	1453
83	27	1458
83	28	1332
83	29	1343
83	30	1154
83	31	1064
83	32	1109
83	33	1003
83	34	939
83	35	836
83	36	875
83	37	776
83	38	744
83	39	708
83	40	680
83	41	618
83	42	595
83	43	509
83	44	471
83	45	468
83	46	439
83	47	439
83	48	365
83	49	387
83	50	299
83	51	315
83	52	269
83	53	267
83	54	254
83	55	198
83	56	235
83	57	176
83	58	175
83	59	174
83	60	165
83	61	155
83	62	151
83	63	105
83	64	122
83	65	124
83	66	89
83	67	108
83	68	97
83	69	82
83	70	84
83	71	73
83	72	72
83	73	78
83	74	52
83	75	52
83	76	53
83	77	43
83	78	56
83	79	45
83	80	39
83	81	48
83	82	37
83	83	39
83	84	32
83	85	35
83	86	22
83	87	38
83	88	27
83	89	23
83	90	24
83	91	29
83	92	35
83	93	29
83	94	34
83	95	20
83	96	23
83	97	20
83	98	22
83	99	16
83	100	19
83	101	27
83	102	10
83	103	11
83	104	10
83	105	12
83	106	16
83	107	17
83	108	13
83	109	16
83	110	16
83	111	16
83	112	18
83	113	10
83	114	11
83	115	8
83	116	6
83	117	9
83	118	11
83	119	11
83	120	6
83	121	11
83	122	12
83	123	9
83	124	10
83	125	9
83	126	9
83	127	5
83	128	4
83	129	6
83	130	6
83	131	4
83	132	8
83	133	6
83	134	2
83	135	5
83	136	5
83	137	7
83	138	2
83	139	6
83	140	3
83	141	2
83	142	5
83	143	8
83	144	4
83	145	4
83	146	3
83	147	3
83	148	3
83	149	4
83	150	2
83	151	3
83	152	4
83	153	3
83	154	2
83	155	4
83	156	1
83	157	1
83	158	3
83	161	2
83	162	1
83	163	4
83	164	3
83	165	2
83	166	3
83	167	2
83	168	3
83	169	2
83	170	2
83	171	3
83	173	1
83	176	1
83	180	2
83	181	1
83	183	1
83	191	1
83	203	1
83	255	1
84	0	619
84	1	609
84	2	841
84	3	1032
84	4	1237
84	5	1445
84	6	1585
84	7	1732
84	8	1900
84	9	1875
84	10	2022
84	11	1999
84	12	2050
84	13	1975
84	14	1996
84	15	1895
84	16	1961
84	17	1815
84	18	1807
84	19	1718
84	20	1654
84	21	1639
84	22	1561
84	23	1508
84	24	1390
84	25	1303
84	26	1192
84	27	1319
84	28	1131
84	29	1064
84	30	1055
84	31	971
84	32	904
84	33	880
84	34	886
84	35	831
84	36	719
84	37	741
84	38	680
84	39	672
84	40	590
84	41	551
84	42	522
84	43	521
84	44	458
84	45	400
84	46	428
84	47	358
84	48	341
84	49	319
84	50	298
84	51	284
84	52	250
84	53	243
84	54	214
84	55	214
84	56	202
84	57	198
84	58	171
84	59	142
84	60	144
84	61	127
84	62	117
84	63	122
84	64	138
84	65	88
84	66	103
84	67	99
84	68	97
84	69	88
84	70	74
84	71	72
84	72	71
84	73	67
84	74	77
84	75	54
84	76	48
84	77	47
84	78	52
84	79	52
84	80	49
84	81	35
84	82	43
84	83	29
84	84	28
84	85	36
84	86	29
84	87	26
84	88	35
84	89	36
84	90	26
84	91	24
84	92	23
84	93	29
84	94	19
84	95	24
84	96	32
84	97	13
84	98	23
84	99	29
84	100	21
84	101	26
84	102	14
84	103	16
84	104	19
84	105	13
84	106	10
84	107	10
84	108	17
84	109	11
84	110	8
84	111	9
84	112	12
84	113	8
84	114	20
84	115	19
84	116	11
84	117	13
84	118	7
84	119	7
84	120	12
84	121	6
84	122	10
84	123	8
84	124	9
84	125	5
84	126	6
84	127	8
84	128	8
84	129	7
84	130	8
84	131	7
84	132	4
84	133	10
84	134	3
84	135	5
84	136	6
84	137	7
84	138	3
84	139	3
84	140	4
84	141	3
84	142	11
84	143	3
84	144	5
84	145	2
84	146	3
84	147	5
84	148	3
84	149	2
84	150	2
84	151	1
84	152	4
84	153	1
84	154	1
84	155	3
84	156	3
84	158	3
84	159	2
84	161	2
84	162	2
84	163	2
84	164	1
84	165	2
84	166	4
84	167	3
84	168	1
84	169	1
84	172	2
84	173	3
84	174	1
84	176	3
84	179	1
84	180	1
84	183	2
84	184	2
84	186	1
84	206	1
85	0	523
85	1	592
85	2	789
85	3	1006
85	4	1202
85	5	1394
85	6	1500
85	7	1721
85	8	1761
85	9	1777
85	10	1878
85	11	1901
85	12	1966
85	13	1913
85	14	1920
85	15	1837
85	16	1757
85	17	1787
85	18	1669
85	19	1705
85	20	1543
85	21	1603
85	22	1538
85	23	1396
85	24	1357
85	25	1291
85	26	1233
85	27	1157
85	28	1114
85	29	1082
85	30	1014
85	31	947
85	32	898
85	33	906
85	34	847
85	35	744
85	36	752
85	37	686
85	38	646
85	39	546
85	40	594
85	41	548
85	42	476
85	43	479
85	44	449
85	45	420
85	46	373
85	47	369
85	48	339
85	49	308
85	50	316
85	51	279
85	52	293
85	53	243
85	54	210
85	55	200
85	56	173
85	57	157
85	58	160
85	59	141
85	60	155
85	61	123
85	62	151
85	63	121
85	64	108
85	65	115
85	66	107
85	67	73
85	68	88
85	69	81
85	70	74
85	71	66
85	72	68
85	73	62
85	74	53
85	75	71
85	76	61
85	77	43
85	78	49
85	79	47
85	80	42
85	81	34
85	82	43
85	83	44
85	84	48
85	85	27
85	86	33
85	87	39
85	88	33
85	89	22
85	90	28
85	91	30
85	92	20
85	93	29
85	94	19
85	95	27
85	96	13
85	97	19
85	98	19
85	99	20
85	100	13
85	101	22
85	102	27
85	103	16
85	104	8
85	105	13
85	106	16
85	107	14
85	108	14
85	109	8
85	110	13
85	111	7
85	112	13
85	113	23
85	114	12
85	115	16
85	116	8
85	117	8
85	118	11
85	119	8
85	120	12
85	121	10
85	122	6
85	123	6
85	124	8
85	125	6
85	126	11
85	127	4
85	128	8
85	129	12
85	130	6
85	131	7
85	132	5
85	133	5
85	134	6
85	135	6
85	136	6
85	137	6
85	138	1
85	139	8
85	140	4
85	141	4
85	142	4
85	143	4
85	144	6
85	145	4
85	146	3
85	147	3
85	148	4
85	149	5
85	150	6
85	151	5
85	153	2
85	154	1
85	155	2
85	156	1
85	157	3
85	158	2
85	159	1
85	160	4
85	161	2
85	162	1
85	164	1
85	165	4
85	166	1
85	168	4
85	170	1
85	173	2
85	174	2
85	175	1
85	178	1
85	179	4
85	181	1
85	184	1
85	189	1
85	197	1
85	198	1
85	201	1
85	205	1
85	206	2
85	226	1
86	0	658
86	1	695
86	2	972
86	3	1230
86	4	1552
86	5	1643
86	6	1904
86	7	2138
86	8	2185
86	9	2272
86	10	2435
86	11	2407
86	12	2418
86	13	2318
86	14	2290
86	15	2286
86	16	2185
86	17	2039
86	18	2016
86	19	1877
86	20	1809
86	21	1708
86	22	1594
86	23	1627
86	24	1463
86	25	1450
86	26	1301
86	27	1298
86	28	1136
86	29	1182
86	30	1154
86	31	1064
86	32	953
86	33	948
86	34	845
86	35	836
86	36	791
86	37	703
86	38	698
86	39	632
86	40	569
86	41	537
86	42	508
86	43	516
86	44	474
86	45	411
86	46	389
86	47	407
86	48	337
86	49	335
86	50	316
86	51	275
86	52	236
86	53	250
86	54	208
86	55	193
86	56	203
86	57	217
86	58	162
86	59	162
86	60	142
86	61	136
86	62	139
86	63	130
86	64	130
86	65	99
86	66	107
86	67	95
86	68	99
86	69	85
86	70	76
86	71	93
86	72	83
86	73	68
86	74	66
86	75	61
86	76	68
86	77	51
86	78	51
86	79	50
86	80	48
86	81	43
86	82	35
86	83	33
86	84	38
86	85	36
86	86	34
86	87	32
86	88	26
86	89	32
86	90	26
86	91	31
86	92	22
86	93	21
86	94	23
86	95	28
86	96	21
86	97	22
86	98	21
86	99	16
86	100	22
86	101	18
86	102	17
86	103	18
86	104	16
86	105	13
86	106	17
86	107	14
86	108	21
86	109	15
86	110	10
86	111	12
86	112	10
86	113	17
86	114	8
86	115	11
86	116	7
86	117	8
86	118	6
86	119	8
86	120	8
86	121	14
86	122	14
86	123	9
86	124	12
86	125	6
86	126	7
86	127	8
86	128	8
86	129	6
86	130	9
86	131	5
86	132	6
86	133	3
86	134	10
86	135	5
86	136	4
86	137	6
86	138	9
86	139	5
86	140	4
86	141	1
86	143	1
86	144	4
86	145	4
86	146	3
86	147	6
86	148	6
86	149	2
86	150	2
86	151	3
86	152	2
86	153	1
86	154	5
86	155	3
86	156	2
86	157	3
86	158	2
86	159	4
86	160	3
86	161	1
86	162	3
86	163	2
86	164	1
86	165	1
86	169	4
86	170	1
86	171	1
86	172	1
86	174	2
86	177	1
86	178	1
86	180	1
86	181	1
86	182	2
86	185	3
86	186	2
86	188	2
86	189	1
86	190	1
86	193	1
86	195	1
86	197	1
86	198	1
86	202	1
86	203	1
86	215	1
86	231	1
86	237	1
87	0	475
87	1	535
87	2	693
87	3	880
87	4	1076
87	5	1221
87	6	1294
87	7	1448
87	8	1553
87	9	1658
87	10	1663
87	11	1652
87	12	1736
87	13	1608
87	14	1612
87	15	1611
87	16	1626
87	17	1543
87	18	1444
87	19	1447
87	20	1372
87	21	1437
87	22	1216
87	23	1284
87	24	1181
87	25	1064
87	26	1033
87	27	1050
87	28	904
87	29	895
87	30	841
87	31	803
87	32	742
87	33	700
87	34	696
87	35	704
87	36	584
87	37	609
87	38	576
87	39	502
87	40	473
87	41	404
87	42	420
87	43	369
87	44	406
87	45	330
87	46	328
87	47	321
87	48	285
87	49	267
87	50	247
87	51	218
87	52	212
87	53	205
87	54	199
87	55	183
87	56	154
87	57	161
87	58	141
87	59	109
87	60	127
87	61	115
87	62	89
87	63	84
87	64	93
87	65	68
87	66	85
87	67	78
87	68	77
87	69	70
87	70	62
87	71	53
87	72	53
87	73	42
87	74	44
87	75	43
87	76	38
87	77	44
87	78	30
87	79	29
87	80	36
87	81	27
87	82	28
87	83	24
87	84	20
87	85	21
87	86	20
87	87	16
87	88	28
87	89	19
87	90	23
87	91	19
87	92	20
87	93	9
87	94	18
87	95	13
87	96	16
87	97	15
87	98	14
87	99	10
87	100	12
87	101	10
87	102	12
87	103	18
87	104	10
87	105	13
87	106	10
87	107	9
87	108	7
87	109	15
87	110	7
87	111	5
87	112	8
87	113	12
87	114	4
87	115	7
87	116	4
87	117	4
87	118	11
87	119	4
87	120	7
87	121	9
87	122	6
87	123	9
87	124	3
87	125	3
87	126	7
87	127	5
87	128	4
87	129	3
87	130	3
87	132	1
87	133	7
87	134	6
87	135	4
87	136	4
87	137	3
87	138	2
87	139	3
87	140	3
87	141	5
87	142	5
87	143	2
87	144	1
87	145	5
87	146	3
87	147	2
87	148	3
87	149	4
87	150	2
87	152	3
87	153	1
87	154	3
87	155	2
87	156	2
87	158	1
87	159	3
87	160	2
87	163	3
87	168	1
87	169	2
87	170	3
87	172	1
87	174	1
87	177	2
87	183	2
87	184	1
87	207	1
87	213	1
87	215	1
87	238	1
88	0	349
88	1	346
88	2	493
88	3	616
88	4	714
88	5	850
88	6	923
88	7	1034
88	8	1095
88	9	1260
88	10	1182
88	11	1262
88	12	1285
88	13	1188
88	14	1265
88	15	1239
88	16	1197
88	17	1158
88	18	1147
88	19	1068
88	20	1013
88	21	1016
88	22	995
88	23	915
88	24	876
88	25	895
88	26	856
88	27	807
88	28	747
88	29	718
88	30	683
88	31	617
88	32	639
88	33	577
88	34	561
88	35	524
88	36	507
88	37	481
88	38	420
88	39	417
88	40	380
88	41	355
88	42	367
88	43	303
88	44	289
88	45	271
88	46	262
88	47	276
88	48	219
88	49	194
88	50	222
88	51	168
88	52	188
88	53	150
88	54	167
88	55	149
88	56	117
88	57	128
88	58	128
88	59	87
88	60	99
88	61	99
88	62	67
88	63	80
88	64	78
88	65	71
88	66	68
88	67	58
88	68	57
88	69	53
88	70	42
88	71	56
88	72	40
88	73	34
88	74	38
88	75	32
88	76	23
88	77	30
88	78	24
88	79	30
88	80	28
88	81	24
88	82	20
88	83	17
88	84	21
88	85	16
88	86	19
88	87	11
88	88	21
88	89	12
88	90	16
88	91	20
88	92	10
88	93	13
88	94	13
88	95	9
88	96	6
88	97	9
88	98	6
88	99	12
88	100	6
88	101	12
88	102	5
88	103	7
88	104	5
88	105	6
88	106	9
88	107	6
88	108	7
88	109	5
88	110	6
88	111	6
88	112	4
88	113	6
88	114	2
88	115	10
88	116	5
88	117	2
88	118	2
88	119	5
88	120	6
88	121	4
88	122	2
88	123	3
88	124	4
88	125	3
88	126	3
88	127	2
88	128	3
88	129	2
88	130	3
88	131	3
88	132	1
88	133	1
88	134	4
88	135	3
88	136	2
88	137	4
88	138	3
88	139	2
88	140	2
88	141	2
88	142	5
88	143	3
88	144	2
88	145	2
88	147	1
88	150	1
88	151	1
88	152	2
88	153	1
88	154	1
88	156	1
88	157	2
88	164	1
88	166	2
88	168	2
88	170	1
88	171	1
88	176	1
88	177	2
88	178	2
88	193	1
88	200	2
88	205	1
88	207	1
88	222	1
89	0	396
89	1	363
89	2	536
89	3	657
89	4	788
89	5	891
89	6	1011
89	7	1118
89	8	1150
89	9	1224
89	10	1261
89	11	1293
89	12	1311
89	13	1234
89	14	1278
89	15	1300
89	16	1291
89	17	1220
89	18	1210
89	19	1201
89	20	1159
89	21	1127
89	22	1091
89	23	990
89	24	963
89	25	933
89	26	907
89	27	832
89	28	743
89	29	736
89	30	765
89	31	702
89	32	636
89	33	649
89	34	575
89	35	557
89	36	521
89	37	498
89	38	503
89	39	421
89	40	414
89	41	368
89	42	358
89	43	298
89	44	316
89	45	308
89	46	251
89	47	235
89	48	241
89	49	203
89	50	205
89	51	188
89	52	165
89	53	144
89	54	146
89	55	126
89	56	142
89	57	132
89	58	105
89	59	88
89	60	86
89	61	96
89	62	79
89	63	76
89	64	82
89	65	59
89	66	76
89	67	69
89	68	35
89	69	48
89	70	45
89	71	41
89	72	39
89	73	34
89	74	36
89	75	36
89	76	29
89	77	29
89	78	26
89	79	24
89	80	17
89	81	19
89	82	28
89	83	21
89	84	18
89	85	18
89	86	14
89	87	13
89	88	12
89	89	14
89	90	17
89	91	16
89	92	8
89	93	7
89	94	7
89	95	14
89	96	11
89	97	10
89	98	11
89	99	7
89	100	4
89	101	8
89	102	9
89	103	5
89	104	6
89	105	8
89	106	10
89	107	7
89	108	3
89	109	4
89	110	7
89	111	8
89	112	8
89	113	3
89	114	9
89	115	5
89	116	4
89	117	8
89	118	3
89	119	1
89	120	7
89	121	6
89	122	4
89	123	9
89	124	2
89	125	2
89	126	2
89	127	1
89	128	4
89	129	3
89	130	2
89	131	1
89	132	2
89	133	2
89	134	2
89	135	1
89	136	1
89	137	1
89	138	2
89	139	3
89	140	1
89	141	2
89	142	1
89	143	3
89	144	4
89	146	1
89	147	1
89	148	1
89	150	1
89	151	2
89	152	2
89	153	2
89	154	1
89	155	2
89	156	1
89	157	2
89	160	3
89	166	2
89	181	1
89	182	3
89	184	1
89	208	1
89	232	1
90	0	357
90	1	373
90	2	477
90	3	583
90	4	719
90	5	815
90	6	965
90	7	1047
90	8	1095
90	9	1132
90	10	1180
90	11	1167
90	12	1211
90	13	1185
90	14	1238
90	15	1271
90	16	1149
90	17	1166
90	18	1146
90	19	1109
90	20	1046
90	21	1062
90	22	970
90	23	937
90	24	931
90	25	865
90	26	827
90	27	788
90	28	794
90	29	690
90	30	635
90	31	599
90	32	635
90	33	593
90	34	546
90	35	524
90	36	479
90	37	449
90	38	452
90	39	390
90	40	394
90	41	320
90	42	337
90	43	311
90	44	321
90	45	275
90	46	250
90	47	251
90	48	221
90	49	209
90	50	170
90	51	184
90	52	171
90	53	131
90	54	132
90	55	145
90	56	112
90	57	98
90	58	99
90	59	104
90	60	93
90	61	86
90	62	77
90	63	74
90	64	63
90	65	63
90	66	74
90	67	56
90	68	53
90	69	54
90	70	49
90	71	37
90	72	34
90	73	36
90	74	42
90	75	26
90	76	37
90	77	28
90	78	22
90	79	27
90	80	27
90	81	18
90	82	18
90	83	17
90	84	25
90	85	23
90	86	25
90	87	17
90	88	22
90	89	11
90	90	12
90	91	16
90	92	13
90	93	8
90	94	14
90	95	10
90	96	10
90	97	7
90	98	6
90	99	12
90	100	8
90	101	12
90	102	6
90	103	11
90	104	3
90	105	3
90	106	4
90	107	14
90	108	2
90	109	9
90	110	9
90	111	5
90	112	5
90	113	2
90	114	8
90	115	3
90	116	5
90	117	4
90	118	4
90	119	8
90	120	4
90	121	1
90	122	5
90	123	7
90	124	4
90	125	5
90	126	3
90	127	1
90	128	4
90	129	4
90	130	2
90	131	1
90	132	4
90	133	2
90	134	3
90	135	3
90	136	4
90	137	2
90	138	1
90	139	2
90	140	1
90	141	1
90	142	1
90	143	3
90	144	1
90	147	2
90	148	1
90	149	1
90	150	2
90	151	1
90	154	1
90	156	1
90	157	1
90	160	1
90	161	2
90	162	2
90	163	1
90	164	1
90	165	2
90	170	1
90	171	1
90	175	1
90	178	1
90	180	1
90	185	1
90	186	1
90	192	1
90	199	1
90	206	1
90	239	1
91	0	330
91	1	336
91	2	473
91	3	564
91	4	667
91	5	786
91	6	955
91	7	936
91	8	1133
91	9	1094
91	10	1161
91	11	1098
91	12	1154
91	13	1224
91	14	1219
91	15	1152
91	16	1083
91	17	1089
91	18	1114
91	19	1051
91	20	1011
91	21	988
91	22	986
91	23	875
91	24	824
91	25	883
91	26	836
91	27	776
91	28	687
91	29	696
91	30	687
91	31	672
91	32	584
91	33	564
91	34	521
91	35	508
91	36	466
91	37	448
91	38	442
91	39	398
91	40	387
91	41	351
91	42	313
91	43	303
91	44	284
91	45	244
91	46	259
91	47	219
91	48	202
91	49	202
91	50	213
91	51	171
91	52	150
91	53	165
91	54	142
91	55	132
91	56	126
91	57	101
91	58	80
91	59	99
91	60	97
91	61	98
91	62	84
91	63	78
91	64	69
91	65	53
91	66	59
91	67	46
91	68	47
91	69	51
91	70	49
91	71	36
91	72	33
91	73	31
91	74	39
91	75	27
91	76	23
91	77	27
91	78	20
91	79	19
91	80	25
91	81	20
91	82	22
91	83	16
91	84	17
91	85	17
91	86	17
91	87	15
91	88	12
91	89	9
91	90	17
91	91	14
91	92	11
91	93	15
91	94	13
91	95	10
91	96	14
91	97	6
91	98	6
91	99	9
91	100	13
91	101	4
91	102	7
91	103	9
91	104	6
91	105	6
91	106	8
91	107	9
91	108	11
91	109	6
91	110	3
91	111	4
91	112	4
91	113	8
91	114	6
91	115	3
91	116	1
91	117	3
91	118	9
91	119	2
91	120	7
91	121	2
91	122	6
91	123	4
91	124	2
91	125	1
91	126	6
91	127	3
91	128	1
91	129	5
91	130	2
91	131	2
91	132	2
91	133	2
91	134	4
91	135	3
91	136	2
91	137	1
91	138	1
91	139	3
91	140	1
91	141	2
91	142	2
91	143	2
91	144	3
91	145	3
91	147	3
91	148	1
91	149	2
91	151	1
91	152	2
91	153	1
91	155	1
91	157	1
91	162	3
91	163	1
91	164	1
91	169	1
91	171	1
91	172	1
91	177	1
91	179	1
91	181	1
91	184	1
91	190	1
91	192	1
91	211	1
91	229	1
92	0	318
92	1	375
92	2	449
92	3	599
92	4	662
92	5	813
92	6	927
92	7	958
92	8	1107
92	9	1130
92	10	1156
92	11	1253
92	12	1123
92	13	1170
92	14	1099
92	15	1168
92	16	1152
92	17	1134
92	18	1062
92	19	1049
92	20	977
92	21	1028
92	22	901
92	23	923
92	24	817
92	25	770
92	26	807
92	27	789
92	28	740
92	29	661
92	30	690
92	31	631
92	32	572
92	33	536
92	34	522
92	35	504
92	36	439
92	37	451
92	38	431
92	39	418
92	40	375
92	41	338
92	42	320
92	43	328
92	44	324
92	45	282
92	46	242
92	47	213
92	48	208
92	49	224
92	50	187
92	51	183
92	52	155
92	53	142
92	54	137
92	55	131
92	56	122
92	57	104
92	58	97
92	59	97
92	60	90
92	61	85
92	62	78
92	63	81
92	64	60
92	65	59
92	66	64
92	67	48
92	68	51
92	69	43
92	70	37
92	71	29
92	72	49
92	73	36
92	74	32
92	75	36
92	76	33
92	77	30
92	78	23
92	79	29
92	80	14
92	81	26
92	82	23
92	83	17
92	84	17
92	85	20
92	86	13
92	87	13
92	88	16
92	89	19
92	90	10
92	91	13
92	92	15
92	93	14
92	94	15
92	95	7
92	96	9
92	97	10
92	98	7
92	99	8
92	100	7
92	101	6
92	102	10
92	103	4
92	104	9
92	105	9
92	106	9
92	107	7
92	108	8
92	109	2
92	110	4
92	111	2
92	112	9
92	113	9
92	114	6
92	115	6
92	116	5
92	117	5
92	118	4
92	119	3
92	120	5
92	121	6
92	122	5
92	123	5
92	124	3
92	125	4
92	126	3
92	127	4
92	128	1
92	129	3
92	131	5
92	133	3
92	134	1
92	135	1
92	136	1
92	137	1
92	138	2
92	139	3
92	141	3
92	142	3
92	143	1
92	144	2
92	145	3
92	146	1
92	147	2
92	149	4
92	150	3
92	151	2
92	152	2
92	153	2
92	154	1
92	155	2
92	156	1
92	157	3
92	163	1
92	164	3
92	165	2
92	167	2
92	172	1
92	174	1
92	178	1
92	179	1
92	180	1
92	182	1
92	183	1
92	206	1
93	0	317
93	1	323
93	2	462
93	3	597
93	4	705
93	5	799
93	6	885
93	7	991
93	8	1123
93	9	1111
93	10	1111
93	11	1140
93	12	1143
93	13	1160
93	14	1164
93	15	1169
93	16	1140
93	17	1190
93	18	1069
93	19	1076
93	20	987
93	21	991
93	22	931
93	23	944
93	24	839
93	25	835
93	26	784
93	27	747
93	28	752
93	29	672
93	30	691
93	31	608
93	32	603
93	33	512
93	34	558
93	35	502
93	36	462
93	37	466
93	38	402
93	39	390
93	40	386
93	41	358
93	42	318
93	43	285
93	44	293
93	45	269
93	46	245
93	47	216
93	48	214
93	49	216
93	50	178
93	51	157
93	52	185
93	53	157
93	54	130
93	55	135
93	56	126
93	57	112
93	58	93
93	59	96
93	60	97
93	61	71
93	62	67
93	63	62
93	64	71
93	65	86
93	66	50
93	67	55
93	68	56
93	69	50
93	70	43
93	71	44
93	72	33
93	73	26
93	74	32
93	75	33
93	76	29
93	77	24
93	78	26
93	79	30
93	80	22
93	81	24
93	82	19
93	83	18
93	84	18
93	85	21
93	86	23
93	87	27
93	88	14
93	89	15
93	90	13
93	91	15
93	92	13
93	93	13
93	94	12
93	95	8
93	96	14
93	97	9
93	98	10
93	99	11
93	100	7
93	101	4
93	102	17
93	103	9
93	104	9
93	105	6
93	106	7
93	107	9
93	108	7
93	109	6
93	110	12
93	111	6
93	112	6
93	113	6
93	114	6
93	115	7
93	116	8
93	117	4
93	118	7
93	119	2
93	120	5
93	121	4
93	122	4
93	123	6
93	125	3
93	126	3
93	127	6
93	128	1
93	129	2
93	130	3
93	131	3
93	132	3
93	133	4
93	134	2
93	135	4
93	136	2
93	138	3
93	139	4
93	140	4
93	141	1
93	142	2
93	143	3
93	144	1
93	145	2
93	146	1
93	147	1
93	148	1
93	149	1
93	151	2
93	156	2
93	157	1
93	158	1
93	159	1
93	161	1
93	162	1
93	163	1
93	164	3
93	165	1
93	167	1
93	169	1
93	172	1
93	180	1
93	186	1
93	189	1
93	191	1
93	192	1
93	195	1
93	196	1
93	198	1
93	199	1
93	212	1
93	229	1
94	0	290
94	1	377
94	2	491
94	3	582
94	4	711
94	5	803
94	6	918
94	7	1007
94	8	1065
94	9	1091
94	10	1191
94	11	1159
94	12	1199
94	13	1167
94	14	1179
94	15	1125
94	16	1150
94	17	1171
94	18	1052
94	19	1116
94	20	1003
94	21	1040
94	22	978
94	23	895
94	24	927
94	25	844
94	26	812
94	27	745
94	28	704
94	29	688
94	30	692
94	31	654
94	32	589
94	33	570
94	34	525
94	35	538
94	36	496
94	37	486
94	38	387
94	39	417
94	40	368
94	41	339
94	42	319
94	43	308
94	44	278
94	45	277
94	46	282
94	47	235
94	48	222
94	49	227
94	50	191
94	51	181
94	52	178
94	53	138
94	54	140
94	55	125
94	56	134
94	57	124
94	58	97
94	59	103
94	60	96
94	61	90
94	62	81
94	63	75
94	64	66
94	65	66
94	66	57
94	67	62
94	68	51
94	69	43
94	70	40
94	71	41
94	72	29
94	73	40
94	74	30
94	75	32
94	76	33
94	77	21
94	78	20
94	79	14
94	80	32
94	81	28
94	82	20
94	83	20
94	84	15
94	85	20
94	86	26
94	87	11
94	88	7
94	89	12
94	90	14
94	91	12
94	92	9
94	93	11
94	94	15
94	95	14
94	96	15
94	97	9
94	98	8
94	99	13
94	100	10
94	101	7
94	102	3
94	103	7
94	104	10
94	105	6
94	106	7
94	107	5
94	108	10
94	109	4
94	110	7
94	111	4
94	112	5
94	113	7
94	114	6
94	115	7
94	116	4
94	117	7
94	118	7
94	119	6
94	120	1
94	121	6
94	122	5
94	123	4
94	124	3
94	125	1
94	126	5
94	127	2
94	128	2
94	130	3
94	131	2
94	132	2
94	133	1
94	134	1
94	135	4
94	137	3
94	138	2
94	139	1
94	141	2
94	143	1
94	145	3
94	146	3
94	147	2
94	148	2
94	149	1
94	150	1
94	151	1
94	153	1
94	155	1
94	159	1
94	160	1
94	161	2
94	162	1
94	163	1
94	166	1
94	167	1
94	169	3
94	174	1
94	178	1
94	183	1
94	190	2
94	194	1
94	197	1
94	210	1
95	0	300
95	1	346
95	2	419
95	3	495
95	4	632
95	5	736
95	6	804
95	7	831
95	8	898
95	9	928
95	10	956
95	11	959
95	12	938
95	13	886
95	14	948
95	15	880
95	16	885
95	17	816
95	18	771
95	19	736
95	20	664
95	21	649
95	22	671
95	23	591
95	24	536
95	25	529
95	26	476
95	27	412
95	28	478
95	29	417
95	30	370
95	31	322
95	32	338
95	33	309
95	34	299
95	35	260
95	36	230
95	37	219
95	38	216
95	39	191
95	40	199
95	41	169
95	42	181
95	43	143
95	44	137
95	45	136
95	46	136
95	47	115
95	48	94
95	49	91
95	50	89
95	51	102
95	52	80
95	53	99
95	54	40
95	55	63
95	56	49
95	57	53
95	58	45
95	59	46
95	60	39
95	61	52
95	62	40
95	63	42
95	64	40
95	65	32
95	66	31
95	67	26
95	68	32
95	69	28
95	70	26
95	71	28
95	72	17
95	73	9
95	74	11
95	75	17
95	76	22
95	77	12
95	78	5
95	79	10
95	80	8
95	81	9
95	82	11
95	83	12
95	84	7
95	85	8
95	86	8
95	87	6
95	88	6
95	89	5
95	90	4
95	91	6
95	92	5
95	93	10
95	94	8
95	95	4
95	96	6
95	97	4
95	98	5
95	99	4
95	100	6
95	101	3
95	102	2
95	103	3
95	104	5
95	105	3
95	106	3
95	107	5
95	108	4
95	110	2
95	111	3
95	112	3
95	113	4
95	114	3
95	115	4
95	116	1
95	117	7
95	118	1
95	119	3
95	120	4
95	121	2
95	122	2
95	123	1
95	124	3
95	125	2
95	126	1
95	127	1
95	128	2
95	129	1
95	130	1
95	132	1
95	133	1
95	134	1
95	135	1
95	136	1
95	138	2
95	139	2
95	142	1
95	144	2
95	145	1
95	149	1
95	150	1
95	151	1
95	152	1
95	153	1
95	155	1
95	157	1
95	163	1
95	167	1
95	168	1
95	178	1
95	184	1
95	209	1
96	0	358
96	1	343
96	2	462
96	3	544
96	4	675
96	5	791
96	6	797
96	7	892
96	8	931
96	9	1015
96	10	1013
96	11	1019
96	12	984
96	13	1041
96	14	1008
96	15	926
96	16	908
96	17	872
96	18	796
96	19	782
96	20	773
96	21	721
96	22	719
96	23	659
96	24	640
96	25	543
96	26	581
96	27	527
96	28	511
96	29	430
96	30	416
96	31	385
96	32	386
96	33	324
96	34	317
96	35	297
96	36	268
96	37	268
96	38	236
96	39	225
96	40	247
96	41	219
96	42	166
96	43	183
96	44	166
96	45	135
96	46	144
96	47	119
96	48	104
96	49	106
96	50	104
96	51	84
96	52	81
96	53	95
96	54	72
96	55	79
96	56	68
96	57	68
96	58	60
96	59	53
96	60	45
96	61	41
96	62	33
96	63	32
96	64	27
96	65	32
96	66	29
96	67	22
96	68	25
96	69	27
96	70	17
96	71	24
96	72	28
96	73	12
96	74	22
96	75	8
96	76	16
96	77	11
96	78	13
96	79	11
96	80	13
96	81	14
96	82	16
96	83	7
96	84	11
96	85	4
96	86	5
96	87	4
96	88	5
96	89	4
96	90	9
96	91	4
96	92	4
96	93	7
96	94	4
96	95	3
96	96	6
96	97	6
96	98	5
96	99	3
96	100	3
96	101	3
96	102	7
96	103	1
96	104	2
96	105	1
96	106	3
96	107	3
96	108	2
96	109	5
96	111	3
96	113	4
96	114	2
96	115	2
96	116	4
96	117	3
96	118	5
96	119	1
96	120	2
96	121	2
96	123	2
96	124	1
96	125	2
96	126	3
96	128	2
96	129	2
96	132	1
96	133	1
96	134	2
96	135	1
96	136	1
96	137	1
96	138	1
96	142	1
96	145	1
96	146	2
96	148	1
96	150	1
96	152	2
96	157	1
96	158	1
96	187	1
96	189	1
96	190	1
96	255	1
97	0	278
97	1	319
97	2	446
97	3	566
97	4	650
97	5	734
97	6	830
97	7	924
97	8	949
97	9	1018
97	10	1007
97	11	1055
97	12	1057
97	13	1061
97	14	1065
97	15	1001
97	16	1004
97	17	869
97	18	923
97	19	931
97	20	803
97	21	813
97	22	755
97	23	714
97	24	667
97	25	643
97	26	609
97	27	574
97	28	554
97	29	550
97	30	450
97	31	491
97	32	438
97	33	442
97	34	377
97	35	364
97	36	363
97	37	307
97	38	298
97	39	281
97	40	256
97	41	245
97	42	288
97	43	234
97	44	214
97	45	199
97	46	172
97	47	172
97	48	167
97	49	151
97	50	141
97	51	121
97	52	125
97	53	105
97	54	107
97	55	98
97	56	69
97	57	59
97	58	52
97	59	55
97	60	66
97	61	45
97	62	64
97	63	35
97	64	52
97	65	35
97	66	41
97	67	33
97	68	33
97	69	28
97	70	31
97	71	23
97	72	20
97	73	20
97	74	21
97	75	25
97	76	11
97	77	16
97	78	13
97	79	14
97	80	10
97	81	18
97	82	15
97	83	10
97	84	10
97	85	6
97	86	8
97	87	16
97	88	11
97	89	13
97	90	9
97	91	8
97	92	5
97	93	4
97	94	9
97	95	6
97	96	10
97	97	2
97	98	6
97	99	5
97	100	4
97	101	6
97	102	2
97	103	5
97	104	5
97	105	3
97	106	3
97	107	2
97	108	2
97	109	3
97	110	4
97	111	5
97	112	2
97	113	7
97	114	1
97	115	3
97	116	1
97	117	1
97	118	3
97	119	3
97	120	2
97	121	1
97	122	2
97	123	1
97	124	1
97	125	6
97	126	2
97	127	3
97	128	5
97	129	2
97	130	1
97	131	2
97	132	2
97	133	2
97	134	1
97	135	1
97	136	3
97	137	1
97	138	1
97	140	1
97	141	1
97	144	1
97	145	1
97	147	2
97	148	1
97	150	1
97	153	1
97	154	1
97	156	1
97	162	1
97	164	1
97	166	1
97	168	1
97	170	1
97	172	1
97	173	2
97	192	1
97	194	1
97	245	1
98	0	278
98	1	311
98	2	412
98	3	528
98	4	636
98	5	736
98	6	841
98	7	854
98	8	972
98	9	977
98	10	969
98	11	973
98	12	969
98	13	1030
98	14	945
98	15	930
98	16	958
98	17	844
98	18	841
98	19	817
98	20	754
98	21	789
98	22	706
98	23	703
98	24	732
98	25	616
98	26	566
98	27	566
98	28	542
98	29	520
98	30	493
98	31	481
98	32	460
98	33	469
98	34	348
98	35	369
98	36	366
98	37	305
98	38	288
98	39	274
98	40	276
98	41	246
98	42	223
98	43	193
98	44	194
98	45	190
98	46	165
98	47	151
98	48	142
98	49	149
98	50	133
98	51	135
98	52	139
98	53	108
98	54	107
98	55	84
98	56	77
98	57	73
98	58	66
98	59	56
98	60	57
98	61	60
98	62	54
98	63	50
98	64	34
98	65	39
98	66	36
98	67	35
98	68	32
98	69	16
98	70	34
98	71	21
98	72	37
98	73	22
98	74	14
98	75	19
98	76	20
98	77	21
98	78	15
98	79	20
98	80	11
98	81	11
98	82	15
98	83	9
98	84	7
98	85	12
98	86	10
98	87	10
98	88	13
98	89	9
98	90	4
98	91	9
98	92	11
98	93	7
98	94	11
98	95	4
98	96	8
98	97	3
98	98	5
98	99	8
98	100	3
98	101	7
98	102	3
98	103	3
98	104	2
98	105	7
98	106	6
98	107	6
98	108	7
98	109	2
98	110	5
98	111	2
98	112	4
98	113	4
98	114	4
98	115	2
98	116	4
98	117	3
98	118	2
98	119	5
98	120	2
98	121	1
98	122	1
98	124	3
98	125	2
98	126	2
98	127	1
98	128	4
98	129	2
98	130	3
98	132	1
98	133	1
98	135	4
98	137	1
98	139	3
98	143	1
98	145	1
98	147	1
98	149	1
98	150	1
98	152	1
98	157	1
98	158	1
98	159	2
98	162	1
98	179	1
98	182	1
98	184	1
98	189	1
98	194	1
98	224	1
99	0	323
99	1	362
99	2	516
99	3	672
99	4	773
99	5	958
99	6	992
99	7	1061
99	8	1164
99	9	1238
99	10	1179
99	11	1230
99	12	1172
99	13	1265
99	14	1152
99	15	1184
99	16	1145
99	17	1048
99	18	997
99	19	1000
99	20	929
99	21	880
99	22	781
99	23	799
99	24	769
99	25	703
99	26	635
99	27	620
99	28	583
99	29	561
99	30	500
99	31	504
99	32	465
99	33	427
99	34	434
99	35	406
99	36	380
99	37	343
99	38	332
99	39	285
99	40	266
99	41	265
99	42	241
99	43	220
99	44	205
99	45	203
99	46	175
99	47	161
99	48	176
99	49	133
99	50	147
99	51	96
99	52	119
99	53	105
99	54	105
99	55	94
99	56	74
99	57	80
99	58	65
99	59	65
99	60	63
99	61	44
99	62	63
99	63	42
99	64	61
99	65	35
99	66	32
99	67	30
99	68	37
99	69	29
99	70	30
99	71	33
99	72	33
99	73	31
99	74	14
99	75	17
99	76	16
99	77	11
99	78	14
99	79	14
99	80	18
99	81	16
99	82	10
99	83	5
99	84	14
99	85	18
99	86	7
99	87	8
99	88	5
99	89	10
99	90	2
99	91	9
99	92	11
99	93	11
99	94	5
99	95	8
99	96	2
99	97	7
99	98	8
99	99	6
99	100	1
99	101	8
99	102	1
99	103	7
99	104	6
99	105	4
99	106	3
99	107	6
99	108	1
99	109	4
99	110	6
99	111	3
99	112	2
99	113	7
99	114	2
99	115	1
99	117	2
99	119	1
99	120	3
99	121	2
99	122	3
99	123	1
99	124	6
99	125	1
99	126	1
99	127	1
99	128	1
99	129	2
99	130	2
99	131	5
99	132	1
99	133	2
99	135	3
99	136	2
99	137	3
99	140	1
99	142	1
99	143	1
99	144	1
99	145	1
99	146	1
99	147	1
99	148	1
99	149	1
99	151	1
99	153	2
99	156	1
99	159	1
99	161	1
99	164	1
99	166	2
99	169	1
99	177	1
99	178	1
99	180	1
99	191	1
99	193	1
99	250	1
100	0	320
100	1	320
100	2	398
100	3	478
100	4	584
100	5	698
100	6	764
100	7	763
100	8	870
100	9	962
100	10	891
100	11	971
100	12	972
100	13	976
100	14	971
100	15	959
100	16	906
100	17	823
100	18	827
100	19	870
100	20	782
100	21	755
100	22	704
100	23	668
100	24	643
100	25	566
100	26	574
100	27	598
100	28	507
100	29	475
100	30	449
100	31	450
100	32	445
100	33	383
100	34	372
100	35	376
100	36	334
100	37	344
100	38	298
100	39	261
100	40	248
100	41	252
100	42	221
100	43	210
100	44	214
100	45	162
100	46	160
100	47	155
100	48	156
100	49	124
100	50	130
100	51	104
100	52	115
100	53	91
100	54	88
100	55	91
100	56	64
100	57	76
100	58	78
100	59	60
100	60	63
100	61	60
100	62	52
100	63	45
100	64	43
100	65	35
100	66	37
100	67	35
100	68	27
100	69	23
100	70	34
100	71	26
100	72	35
100	73	24
100	74	22
100	75	22
100	76	13
100	77	10
100	78	20
100	79	15
100	80	14
100	81	16
100	82	18
100	83	11
100	84	11
100	85	8
100	86	7
100	87	10
100	88	11
100	89	6
100	90	4
100	91	7
100	92	5
100	93	11
100	94	7
100	95	3
100	96	5
100	98	1
100	99	4
100	100	5
100	101	9
100	102	9
100	103	9
100	104	1
100	105	4
100	106	4
100	107	6
100	108	5
100	109	6
100	110	2
100	111	6
100	112	2
100	113	5
100	114	2
100	115	3
100	116	5
100	117	1
100	118	2
100	119	3
100	120	2
100	121	1
100	122	4
100	124	1
100	125	1
100	126	2
100	127	1
100	128	1
100	129	5
100	130	2
100	132	3
100	133	1
100	134	1
100	135	1
100	136	1
100	137	1
100	139	2
100	140	1
100	142	2
100	146	1
100	150	1
100	156	1
100	158	1
100	160	1
100	162	2
100	163	1
100	164	2
100	165	1
100	166	1
100	172	1
100	215	1
101	0	184
101	1	205
101	2	279
101	3	328
101	4	386
101	5	506
101	6	545
101	7	632
101	8	623
101	9	696
101	10	623
101	11	762
101	12	716
101	13	700
101	14	706
101	15	716
101	16	711
101	17	680
101	18	724
101	19	718
101	20	655
101	21	648
101	22	636
101	23	643
101	24	576
101	25	541
101	26	529
101	27	504
101	28	501
101	29	466
101	30	426
101	31	432
101	32	401
101	33	382
101	34	342
101	35	343
101	36	309
101	37	331
101	38	296
101	39	264
101	40	261
101	41	209
101	42	191
101	43	207
101	44	191
101	45	162
101	46	153
101	47	144
101	48	152
101	49	165
101	50	113
101	51	105
101	52	82
101	53	114
101	54	94
101	55	79
101	56	68
101	57	73
101	58	71
101	59	49
101	60	55
101	61	50
101	62	50
101	63	46
101	64	40
101	65	43
101	66	32
101	67	35
101	68	27
101	69	16
101	70	28
101	71	19
101	72	18
101	73	14
101	74	20
101	75	23
101	76	11
101	77	17
101	78	11
101	79	12
101	80	17
101	81	12
101	82	14
101	83	13
101	84	8
101	85	6
101	86	12
101	87	9
101	88	10
101	89	9
101	90	6
101	91	5
101	92	10
101	93	9
101	94	4
101	95	6
101	96	4
101	97	5
101	98	6
101	99	5
101	101	3
101	102	1
101	103	7
101	104	3
101	105	2
101	106	2
101	107	2
101	108	5
101	109	2
101	110	1
101	111	2
101	112	3
101	113	2
101	114	2
101	115	3
101	116	4
101	117	6
101	118	1
101	119	1
101	120	1
101	122	2
101	123	3
101	124	2
101	125	1
101	126	4
101	127	1
101	128	1
101	129	1
101	130	2
101	131	4
101	134	3
101	135	3
101	136	1
101	137	1
101	138	1
101	140	1
101	143	2
101	144	1
101	145	2
101	147	1
101	149	1
101	150	1
101	151	2
101	153	2
101	155	1
101	158	1
101	161	1
101	170	1
101	172	1
101	177	1
101	185	1
102	0	215
102	1	211
102	2	300
102	3	409
102	4	439
102	5	502
102	6	546
102	7	589
102	8	680
102	9	716
102	10	733
102	11	749
102	12	736
102	13	729
102	14	774
102	15	730
102	16	758
102	17	761
102	18	709
102	19	709
102	20	708
102	21	663
102	22	672
102	23	661
102	24	555
102	25	515
102	26	546
102	27	535
102	28	516
102	29	485
102	30	463
102	31	426
102	32	401
102	33	383
102	34	389
102	35	364
102	36	322
102	37	312
102	38	317
102	39	288
102	40	286
102	41	251
102	42	188
102	43	185
102	44	209
102	45	186
102	46	182
102	47	131
102	48	126
102	49	128
102	50	126
102	51	119
102	52	124
102	53	87
102	54	78
102	55	92
102	56	68
102	57	75
102	58	60
102	59	62
102	60	56
102	61	46
102	62	32
102	63	47
102	64	39
102	65	40
102	66	41
102	67	27
102	68	35
102	69	21
102	70	25
102	71	26
102	72	26
102	73	22
102	74	21
102	75	17
102	76	19
102	77	17
102	78	14
102	79	10
102	80	13
102	81	13
102	82	13
102	83	11
102	84	12
102	85	12
102	86	13
102	87	6
102	88	7
102	89	10
102	90	10
102	91	3
102	92	6
102	93	7
102	94	4
102	95	9
102	96	6
102	97	9
102	98	1
102	99	5
102	100	1
102	101	3
102	102	3
102	103	4
102	104	5
102	105	3
102	106	2
102	107	3
102	108	2
102	109	3
102	111	3
102	112	7
102	113	1
102	114	4
102	115	1
102	116	1
102	117	3
102	118	1
102	119	4
102	120	3
102	121	3
102	122	2
102	123	2
102	125	1
102	127	3
102	128	1
102	129	2
102	130	5
102	134	1
102	135	2
102	137	1
102	139	2
102	140	1
102	141	1
102	142	1
102	143	2
102	146	1
102	148	1
102	149	2
102	150	1
102	151	2
102	153	1
102	163	1
102	167	1
102	170	1
102	192	1
103	0	235
103	1	257
103	2	320
103	3	396
103	4	428
103	5	530
103	6	582
103	7	652
103	8	685
103	9	696
103	10	798
103	11	802
103	12	812
103	13	785
103	14	762
103	15	813
103	16	753
103	17	807
103	18	749
103	19	750
103	20	724
103	21	692
103	22	684
103	23	636
103	24	585
103	25	595
103	26	567
103	27	534
103	28	533
103	29	510
103	30	470
103	31	441
103	32	426
103	33	440
103	34	374
103	35	396
103	36	374
103	37	325
103	38	294
103	39	290
103	40	282
103	41	254
103	42	222
103	43	218
103	44	192
103	45	185
103	46	163
103	47	161
103	48	148
103	49	153
103	50	133
103	51	104
103	52	116
103	53	104
103	54	101
103	55	87
103	56	69
103	57	84
103	58	67
103	59	57
103	60	73
103	61	56
103	62	48
103	63	53
103	64	48
103	65	35
103	66	51
103	67	33
103	68	31
103	69	24
103	70	32
103	71	22
103	72	26
103	73	30
103	74	20
103	75	13
103	76	10
103	77	19
103	78	14
103	79	12
103	80	14
103	81	14
103	82	23
103	83	7
103	84	16
103	85	5
103	86	6
103	87	14
103	88	8
103	89	9
103	90	9
103	91	3
103	92	5
103	93	5
103	94	8
103	95	4
103	96	10
103	97	9
103	98	6
103	99	2
103	100	4
103	101	7
103	102	5
103	103	5
103	104	4
103	105	2
103	106	3
103	107	2
103	108	4
103	109	1
103	110	5
103	111	3
103	112	3
103	113	1
103	114	2
103	115	5
103	116	1
103	117	3
103	118	1
103	119	1
103	120	1
103	121	3
103	122	2
103	123	1
103	124	1
103	126	1
103	128	4
103	129	2
103	130	1
103	131	2
103	135	1
103	137	1
103	138	1
103	139	1
103	140	1
103	141	2
103	144	2
103	148	1
103	149	1
103	152	1
103	153	4
103	154	2
103	160	1
103	161	1
103	164	1
103	165	1
103	171	1
103	175	1
103	177	1
103	181	1
103	184	2
103	185	1
103	187	1
103	189	1
103	190	1
103	211	1
104	0	179
104	1	204
104	2	270
104	3	331
104	4	403
104	5	481
104	6	506
104	7	545
104	8	629
104	9	608
104	10	651
104	11	640
104	12	698
104	13	639
104	14	721
104	15	697
104	16	686
104	17	618
104	18	629
104	19	616
104	20	606
104	21	608
104	22	567
104	23	523
104	24	540
104	25	505
104	26	502
104	27	422
104	28	450
104	29	454
104	30	365
104	31	346
104	32	365
104	33	347
104	34	317
104	35	314
104	36	262
104	37	227
104	38	245
104	39	232
104	40	230
104	41	223
104	42	191
104	43	163
104	44	171
104	45	145
104	46	154
104	47	113
104	48	126
104	49	134
104	50	132
104	51	98
104	52	81
104	53	91
104	54	77
104	55	76
104	56	47
104	57	61
104	58	59
104	59	47
104	60	51
104	61	45
104	62	38
104	63	35
104	64	47
104	65	22
104	66	27
104	67	26
104	68	38
104	69	21
104	70	17
104	71	25
104	72	15
104	73	15
104	74	21
104	75	18
104	76	18
104	77	15
104	78	14
104	79	14
104	80	10
104	81	7
104	82	7
104	83	11
104	84	6
104	85	7
104	86	7
104	87	5
104	88	5
104	89	8
104	90	4
104	91	5
104	92	6
104	93	4
104	94	3
104	95	8
104	96	6
104	98	3
104	99	5
104	100	3
104	101	5
104	102	4
104	103	3
104	104	3
104	105	3
104	106	4
104	107	3
104	108	4
104	109	1
104	110	2
104	111	1
104	112	3
104	113	2
104	114	4
104	115	1
104	116	2
104	117	2
104	118	1
104	119	1
104	120	1
104	121	2
104	125	2
104	127	2
104	130	2
104	132	1
104	133	1
104	134	1
104	135	2
104	139	4
104	140	2
104	141	2
104	142	1
104	146	1
104	149	1
104	153	1
104	168	2
104	169	1
104	175	1
104	176	1
104	180	1
104	228	1
105	0	172
105	1	192
105	2	276
105	3	325
105	4	356
105	5	447
105	6	487
105	7	525
105	8	565
105	9	568
105	10	603
105	11	650
105	12	639
105	13	625
105	14	584
105	15	600
105	16	567
105	17	585
105	18	564
105	19	525
105	20	515
105	21	510
105	22	460
105	23	451
105	24	421
105	25	388
105	26	415
105	27	388
105	28	347
105	29	362
105	30	281
105	31	328
105	32	276
105	33	280
105	34	249
105	35	249
105	36	201
105	37	216
105	38	229
105	39	201
105	40	185
105	41	156
105	42	142
105	43	120
105	44	143
105	45	113
105	46	114
105	47	97
105	48	102
105	49	88
105	50	96
105	51	80
105	52	77
105	53	73
105	54	68
105	55	63
105	56	44
105	57	45
105	58	37
105	59	31
105	60	34
105	61	36
105	62	43
105	63	26
105	64	20
105	65	16
105	66	18
105	67	12
105	68	12
105	69	17
105	70	25
105	71	12
105	72	22
105	73	12
105	74	13
105	75	14
105	76	8
105	77	10
105	78	10
105	79	5
105	80	8
105	81	7
105	82	7
105	83	5
105	84	5
105	85	4
105	86	7
105	87	1
105	88	6
105	89	2
105	90	4
105	91	8
105	92	2
105	93	3
105	94	3
105	95	2
105	96	3
105	97	1
105	98	4
105	99	2
105	100	3
105	101	3
105	102	3
105	103	3
105	104	4
105	105	5
105	106	1
105	107	2
105	108	4
105	109	2
105	110	2
105	111	1
105	112	1
105	113	7
105	114	1
105	115	4
105	117	1
105	118	1
105	119	2
105	120	1
105	121	1
105	122	2
105	123	1
105	125	1
105	126	1
105	128	1
105	129	1
105	130	1
105	135	1
105	137	1
105	138	1
105	140	2
105	145	1
105	148	1
105	149	1
105	153	1
105	156	1
105	166	1
105	172	1
105	186	1
106	0	189
106	1	192
106	2	261
106	3	310
106	4	380
106	5	428
106	6	475
106	7	546
106	8	523
106	9	567
106	10	597
106	11	623
106	12	658
106	13	585
106	14	586
106	15	636
106	16	615
106	17	548
106	18	552
106	19	586
106	20	529
106	21	475
106	22	432
106	23	458
106	24	424
106	25	394
106	26	365
106	27	368
106	28	383
106	29	325
106	30	322
106	31	304
106	32	299
106	33	287
106	34	244
106	35	253
106	36	241
106	37	200
106	38	201
106	39	195
106	40	167
106	41	163
106	42	142
106	43	144
106	44	141
106	45	135
106	46	115
106	47	102
106	48	108
106	49	113
106	50	66
106	51	76
106	52	58
106	53	57
106	54	56
106	55	66
106	56	68
106	57	53
106	58	38
106	59	47
106	60	30
106	61	34
106	62	30
106	63	25
106	64	30
106	65	24
106	66	29
106	67	23
106	68	27
106	69	20
106	70	13
106	71	26
106	72	13
106	73	6
106	74	8
106	75	11
106	76	9
106	77	14
106	78	6
106	79	15
106	80	8
106	81	7
106	82	6
106	83	7
106	84	4
106	85	4
106	86	6
106	87	7
106	88	3
106	89	9
106	90	2
106	92	1
106	93	1
106	94	1
106	95	3
106	96	2
106	97	2
106	98	2
106	99	5
106	100	3
106	101	5
106	102	1
106	103	2
106	104	6
106	105	3
106	106	4
106	107	3
106	108	1
106	109	1
106	110	1
106	112	2
106	113	1
106	115	1
106	116	2
106	117	2
106	119	1
106	120	1
106	121	2
106	122	1
106	124	2
106	125	2
106	126	1
106	127	1
106	130	1
106	131	1
106	134	1
106	138	1
106	140	1
106	142	1
106	151	1
106	161	1
106	166	1
106	176	1
106	199	1
107	0	166
107	1	213
107	2	240
107	3	326
107	4	399
107	5	415
107	6	493
107	7	541
107	8	584
107	9	559
107	10	602
107	11	630
107	12	669
107	13	678
107	14	594
107	15	607
107	16	558
107	17	577
107	18	574
107	19	539
107	20	529
107	21	516
107	22	452
107	23	440
107	24	436
107	25	448
107	26	381
107	27	384
107	28	390
107	29	370
107	30	327
107	31	304
107	32	259
107	33	284
107	34	264
107	35	246
107	36	225
107	37	208
107	38	181
107	39	200
107	40	193
107	41	154
107	42	188
107	43	145
107	44	109
107	45	129
107	46	97
107	47	107
107	48	115
107	49	92
107	50	81
107	51	75
107	52	84
107	53	62
107	54	72
107	55	63
107	56	54
107	57	42
107	58	47
107	59	38
107	60	32
107	61	43
107	62	31
107	63	23
107	64	33
107	65	28
107	66	31
107	67	25
107	68	19
107	69	16
107	70	15
107	71	22
107	72	20
107	73	13
107	74	12
107	75	10
107	76	3
107	77	10
107	78	10
107	79	9
107	80	6
107	81	13
107	82	6
107	83	6
107	84	7
107	85	6
107	86	4
107	88	5
107	89	1
107	90	5
107	91	6
107	92	5
107	93	4
107	94	4
107	95	3
107	96	4
107	97	2
107	98	3
107	99	2
107	100	1
107	101	4
107	102	3
107	103	1
107	104	2
107	105	4
107	106	3
107	107	1
107	108	2
107	109	3
107	110	2
107	111	2
107	112	1
107	113	1
107	116	1
107	117	1
107	118	1
107	119	3
107	121	1
107	123	1
107	124	1
107	126	1
107	133	1
107	134	1
107	138	1
107	139	1
107	143	1
107	145	1
107	146	1
107	148	1
107	151	1
107	153	1
107	154	1
107	185	1
107	199	1
107	208	1
108	0	169
108	1	190
108	2	235
108	3	302
108	4	345
108	5	457
108	6	487
108	7	536
108	8	569
108	9	562
108	10	575
108	11	664
108	12	621
108	13	598
108	14	620
108	15	667
108	16	569
108	17	556
108	18	566
108	19	528
108	20	519
108	21	549
108	22	433
108	23	431
108	24	432
108	25	421
108	26	380
108	27	352
108	28	335
108	29	346
108	30	317
108	31	318
108	32	281
108	33	269
108	34	225
108	35	258
108	36	221
108	37	197
108	38	208
108	39	207
108	40	153
108	41	149
108	42	147
108	43	136
108	44	136
108	45	114
108	46	127
108	47	107
108	48	105
108	49	70
108	50	74
108	51	67
108	52	74
108	53	71
108	54	59
108	55	48
108	56	61
108	57	59
108	58	37
108	59	48
108	60	30
108	61	30
108	62	40
108	63	24
108	64	27
108	65	18
108	66	34
108	67	24
108	68	20
108	69	26
108	70	11
108	71	16
108	72	13
108	73	12
108	74	16
108	75	5
108	76	17
108	77	6
108	78	8
108	79	17
108	80	11
108	81	9
108	82	9
108	83	10
108	84	3
108	85	8
108	86	8
108	87	13
108	88	4
108	89	4
108	90	4
108	91	1
108	92	4
108	93	3
108	94	5
108	95	2
108	96	1
108	97	2
108	98	2
108	99	4
108	100	3
108	101	5
108	102	4
108	103	1
108	104	1
108	105	2
108	106	3
108	108	1
108	109	1
108	110	2
108	112	3
108	114	4
108	116	1
108	117	1
108	118	2
108	120	2
108	121	1
108	122	3
108	123	2
108	130	1
108	131	1
108	132	1
108	133	1
108	136	1
108	141	1
108	142	2
108	143	1
108	144	1
108	145	1
108	151	1
108	163	2
109	0	169
109	1	198
109	2	262
109	3	324
109	4	342
109	5	456
109	6	501
109	7	557
109	8	622
109	9	622
109	10	616
109	11	636
109	12	632
109	13	657
109	14	697
109	15	674
109	16	606
109	17	597
109	18	605
109	19	521
109	20	546
109	21	540
109	22	501
109	23	460
109	24	456
109	25	440
109	26	403
109	27	373
109	28	383
109	29	362
109	30	295
109	31	311
109	32	299
109	33	273
109	34	271
109	35	249
109	36	219
109	37	180
109	38	186
109	39	205
109	40	171
109	41	153
109	42	136
109	43	138
109	44	139
109	45	139
109	46	108
109	47	97
109	48	102
109	49	93
109	50	78
109	51	93
109	52	67
109	53	72
109	54	57
109	55	60
109	56	52
109	57	54
109	58	37
109	59	37
109	60	35
109	61	43
109	62	30
109	63	27
109	64	24
109	65	26
109	66	19
109	67	21
109	68	23
109	69	21
109	70	14
109	71	18
109	72	15
109	73	15
109	74	13
109	75	13
109	76	7
109	77	14
109	78	8
109	79	12
109	80	7
109	81	12
109	82	8
109	83	4
109	84	5
109	85	7
109	86	4
109	87	5
109	88	4
109	89	3
109	90	3
109	92	3
109	93	2
109	94	2
109	96	1
109	97	7
109	98	5
109	100	3
109	101	2
109	102	6
109	103	3
109	104	2
109	106	3
109	107	2
109	108	1
109	109	1
109	110	4
109	112	2
109	113	1
109	116	2
109	120	1
109	121	2
109	122	2
109	123	1
109	125	1
109	127	1
109	129	1
109	131	1
109	137	1
109	143	2
109	144	2
109	148	1
109	150	1
109	162	1
109	163	1
109	169	1
109	174	1
109	175	1
109	192	1
109	209	1
110	0	170
110	1	165
110	2	238
110	3	308
110	4	351
110	5	429
110	6	497
110	7	529
110	8	537
110	9	603
110	10	585
110	11	627
110	12	651
110	13	640
110	14	601
110	15	593
110	16	583
110	17	563
110	18	536
110	19	563
110	20	532
110	21	504
110	22	447
110	23	487
110	24	413
110	25	422
110	26	364
110	27	380
110	28	326
110	29	303
110	30	327
110	31	302
110	32	278
110	33	236
110	34	254
110	35	252
110	36	213
110	37	235
110	38	213
110	39	198
110	40	172
110	41	182
110	42	132
110	43	134
110	44	131
110	45	108
110	46	128
110	47	98
110	48	103
110	49	106
110	50	86
110	51	67
110	52	80
110	53	64
110	54	59
110	55	52
110	56	56
110	57	45
110	58	46
110	59	34
110	60	33
110	61	38
110	62	34
110	63	39
110	64	31
110	65	25
110	66	35
110	67	12
110	68	21
110	69	14
110	70	15
110	71	13
110	72	15
110	73	13
110	74	13
110	75	13
110	76	17
110	77	11
110	78	7
110	79	4
110	80	10
110	81	3
110	82	8
110	83	6
110	84	9
110	85	7
110	86	4
110	87	9
110	88	3
110	89	6
110	90	3
110	91	5
110	92	7
110	93	2
110	94	2
110	95	1
110	96	5
110	97	5
110	98	3
110	99	5
110	100	3
110	101	3
110	102	2
110	103	2
110	104	2
110	105	2
110	106	1
110	107	2
110	108	1
110	109	2
110	111	1
110	113	1
110	117	2
110	120	2
110	121	1
110	122	3
110	123	1
110	124	1
110	125	4
110	127	1
110	128	1
110	129	1
110	130	1
110	132	2
110	133	1
110	134	4
110	135	1
110	136	1
110	138	1
110	139	1
110	143	1
110	145	1
110	146	1
110	148	1
110	150	1
110	151	1
110	165	1
110	174	1
110	184	1
110	185	1
110	187	1
111	0	147
111	1	183
111	2	228
111	3	305
111	4	400
111	5	397
111	6	427
111	7	493
111	8	568
111	9	595
111	10	609
111	11	577
111	12	628
111	13	626
111	14	620
111	15	571
111	16	587
111	17	572
111	18	520
111	19	527
111	20	507
111	21	453
111	22	486
111	23	470
111	24	443
111	25	390
111	26	368
111	27	379
111	28	339
111	29	343
111	30	340
111	31	274
111	32	285
111	33	276
111	34	265
111	35	236
111	36	210
111	37	205
111	38	198
111	39	189
111	40	167
111	41	157
111	42	157
111	43	153
111	44	142
111	45	116
111	46	133
111	47	110
111	48	94
111	49	89
111	50	81
111	51	79
111	52	57
111	53	64
111	54	61
111	55	61
111	56	53
111	57	54
111	58	51
111	59	37
111	60	38
111	61	25
111	62	38
111	63	26
111	64	25
111	65	25
111	66	31
111	67	14
111	68	20
111	69	20
111	70	16
111	71	12
111	72	12
111	73	13
111	74	14
111	75	13
111	76	11
111	77	7
111	78	8
111	79	7
111	80	10
111	81	8
111	82	5
111	83	9
111	84	10
111	85	9
111	86	5
111	87	4
111	88	4
111	89	4
111	90	7
111	91	2
111	92	6
111	93	4
111	94	2
111	95	4
111	96	4
111	97	1
111	98	4
111	99	3
111	100	2
111	101	4
111	102	6
111	103	2
111	104	3
111	105	3
111	106	2
111	108	2
111	109	1
111	110	2
111	112	1
111	113	3
111	115	1
111	116	1
111	118	2
111	120	1
111	123	2
111	125	1
111	127	1
111	129	1
111	130	1
111	131	1
111	133	1
111	134	1
111	139	1
111	141	2
111	147	1
111	149	1
111	150	1
111	151	1
111	153	2
111	157	1
111	160	1
111	163	1
111	189	1
111	195	1
112	0	159
112	1	150
112	2	242
112	3	295
112	4	345
112	5	441
112	6	458
112	7	523
112	8	555
112	9	573
112	10	552
112	11	556
112	12	552
112	13	604
112	14	583
112	15	581
112	16	531
112	17	510
112	18	509
112	19	466
112	20	483
112	21	452
112	22	402
112	23	401
112	24	359
112	25	334
112	26	343
112	27	348
112	28	315
112	29	269
112	30	272
112	31	259
112	32	242
112	33	252
112	34	233
112	35	194
112	36	194
112	37	186
112	38	159
112	39	155
112	40	143
112	41	149
112	42	130
112	43	110
112	44	103
112	45	95
112	46	84
112	47	92
112	48	72
112	49	74
112	50	69
112	51	66
112	52	51
112	53	57
112	54	44
112	55	46
112	56	39
112	57	43
112	58	34
112	59	33
112	60	33
112	61	32
112	62	24
112	63	23
112	64	21
112	65	17
112	66	25
112	67	16
112	68	17
112	69	21
112	70	15
112	71	11
112	72	8
112	73	10
112	74	17
112	75	7
112	76	8
112	77	3
112	78	4
112	79	6
112	80	2
112	81	6
112	82	13
112	83	4
112	84	5
112	85	5
112	86	7
112	87	3
112	88	6
112	89	6
112	90	6
112	91	4
112	92	2
112	93	2
112	94	3
112	95	4
112	96	1
112	97	1
112	98	3
112	99	5
112	100	2
112	101	2
112	102	1
112	103	1
112	104	4
112	105	2
112	106	1
112	107	1
112	108	1
112	109	2
112	111	1
112	112	1
112	113	2
112	117	2
112	118	4
112	119	1
112	120	1
112	122	1
112	124	3
112	127	1
112	128	1
112	129	1
112	130	1
112	132	1
112	133	1
112	134	1
112	136	1
112	142	1
112	149	1
112	150	1
112	152	1
112	171	1
112	172	1
112	175	1
113	0	121
113	1	127
113	2	175
113	3	191
113	4	239
113	5	328
113	6	325
113	7	373
113	8	407
113	9	388
113	10	410
113	11	464
113	12	421
113	13	399
113	14	432
113	15	443
113	16	393
113	17	433
113	18	392
113	19	376
113	20	386
113	21	346
113	22	316
113	23	308
113	24	281
113	25	282
113	26	271
113	27	242
113	28	248
113	29	218
113	30	227
113	31	206
113	32	210
113	33	186
113	34	163
113	35	154
113	36	156
113	37	139
113	38	151
113	39	105
113	40	127
113	41	111
113	42	99
113	43	102
113	44	78
113	45	89
113	46	82
113	47	76
113	48	65
113	49	71
113	50	39
113	51	48
113	52	48
113	53	45
113	54	42
113	55	46
113	56	41
113	57	26
113	58	40
113	59	33
113	60	25
113	61	16
113	62	24
113	63	23
113	64	17
113	65	13
113	66	18
113	67	7
113	68	13
113	69	7
113	70	8
113	71	17
113	72	7
113	73	8
113	74	8
113	75	7
113	76	10
113	77	4
113	78	4
113	79	6
113	80	2
113	81	7
113	82	5
113	83	3
113	84	2
113	85	1
113	86	5
113	87	4
113	88	3
113	89	2
113	90	4
113	91	4
113	94	3
113	97	2
113	98	3
113	99	2
113	100	2
113	101	3
113	103	2
113	104	2
113	105	2
113	107	2
113	111	1
113	113	3
113	114	1
113	115	1
113	116	1
113	117	2
113	120	1
113	121	2
113	122	1
113	140	1
113	142	1
113	144	1
113	162	1
114	0	96
114	1	119
114	2	135
114	3	185
114	4	241
114	5	276
114	6	303
114	7	337
114	8	369
114	9	358
114	10	383
114	11	378
114	12	382
114	13	410
114	14	385
114	15	396
114	16	385
114	17	358
114	18	346
114	19	368
114	20	336
114	21	302
114	22	293
114	23	305
114	24	284
114	25	283
114	26	274
114	27	248
114	28	229
114	29	242
114	30	236
114	31	208
114	32	164
114	33	164
114	34	165
114	35	179
114	36	136
114	37	126
114	38	147
114	39	110
114	40	116
114	41	105
114	42	89
114	43	97
114	44	99
114	45	91
114	46	89
114	47	59
114	48	81
114	49	66
114	50	53
114	51	54
114	52	51
114	53	50
114	54	42
114	55	38
114	56	31
114	57	31
114	58	26
114	59	27
114	60	31
114	61	15
114	62	19
114	63	15
114	64	16
114	65	16
114	66	19
114	67	10
114	68	18
114	69	7
114	70	6
114	71	13
114	72	7
114	73	4
114	74	7
114	75	6
114	76	6
114	77	6
114	78	4
114	79	8
114	80	6
114	81	2
114	82	4
114	83	3
114	84	8
114	85	4
114	86	6
114	87	7
114	88	3
114	89	3
114	91	4
114	92	1
114	94	3
114	96	2
114	98	2
114	100	2
114	102	3
114	103	1
114	104	1
114	106	4
114	108	1
114	111	3
114	113	3
114	116	1
114	118	1
114	120	1
114	121	1
114	122	1
114	125	1
114	129	1
114	130	1
114	131	1
114	136	1
114	138	1
114	142	1
114	161	1
114	164	1
114	206	1
115	0	95
115	1	108
115	2	163
115	3	193
115	4	218
115	5	263
115	6	278
115	7	354
115	8	366
115	9	360
115	10	382
115	11	381
115	12	424
115	13	383
115	14	405
115	15	358
115	16	398
115	17	376
115	18	368
115	19	338
115	20	319
115	21	332
115	22	302
115	23	289
115	24	303
115	25	274
115	26	281
115	27	259
115	28	214
115	29	251
115	30	201
115	31	204
115	32	174
115	33	205
115	34	160
115	35	142
115	36	151
115	37	141
115	38	149
115	39	112
115	40	119
115	41	96
115	42	94
115	43	92
115	44	106
115	45	80
115	46	67
115	47	70
115	48	56
115	49	61
115	50	52
115	51	48
115	52	46
115	53	39
115	54	40
115	55	32
115	56	32
115	57	30
115	58	37
115	59	31
115	60	27
115	61	20
115	62	14
115	63	25
115	64	21
115	65	15
115	66	12
115	67	12
115	68	14
115	69	12
115	70	15
115	71	8
115	72	7
115	73	9
115	74	3
115	75	9
115	76	8
115	77	7
115	78	5
115	79	4
115	80	4
115	81	6
115	82	6
115	83	5
115	84	4
115	85	2
115	86	4
115	87	3
115	88	3
115	89	3
115	90	4
115	91	1
115	92	3
115	93	1
115	94	2
115	95	4
115	96	3
115	97	1
115	98	2
115	101	1
115	102	2
115	103	2
115	104	2
115	105	1
115	106	1
115	108	1
115	111	1
115	112	1
115	115	1
115	116	1
115	118	2
115	119	1
115	120	1
115	124	1
115	128	1
115	154	2
115	164	1
115	183	1
116	0	107
116	1	123
116	2	152
116	3	176
116	4	245
116	5	277
116	6	293
116	7	309
116	8	386
116	9	376
116	10	388
116	11	423
116	12	420
116	13	384
116	14	401
116	15	398
116	16	370
116	17	382
116	18	395
116	19	348
116	20	330
116	21	335
116	22	361
116	23	311
116	24	282
116	25	281
116	26	258
116	27	257
116	28	235
116	29	206
116	30	243
116	31	221
116	32	191
116	33	173
116	34	161
116	35	158
116	36	161
116	37	164
116	38	138
116	39	115
116	40	140
116	41	106
116	42	124
116	43	96
116	44	91
116	45	73
116	46	85
116	47	82
116	48	54
116	49	70
116	50	55
116	51	66
116	52	41
116	53	39
116	54	35
116	55	36
116	56	40
116	57	17
116	58	36
116	59	29
116	60	29
116	61	28
116	62	31
116	63	23
116	64	22
116	65	13
116	66	13
116	67	10
116	68	10
116	69	6
116	70	10
116	71	11
116	72	14
116	73	10
116	74	7
116	75	8
116	76	6
116	77	5
116	78	5
116	79	1
116	80	6
116	81	6
116	82	3
116	83	4
116	84	2
116	85	3
116	86	3
116	87	2
116	88	2
116	89	1
116	90	4
116	91	3
116	92	2
116	93	3
116	95	2
116	96	1
116	97	1
116	98	2
116	99	3
116	100	1
116	101	1
116	102	1
116	103	3
116	106	1
116	107	1
116	111	1
116	113	1
116	115	2
116	116	1
116	117	1
116	123	1
116	127	1
116	128	1
116	132	1
116	136	1
116	143	1
116	197	1
117	0	89
117	1	110
117	2	145
117	3	188
117	4	242
117	5	253
117	6	296
117	7	326
117	8	350
117	9	359
117	10	387
117	11	404
117	12	399
117	13	409
117	14	395
117	15	379
117	16	367
117	17	398
117	18	338
117	19	347
117	20	312
117	21	305
117	22	339
117	23	287
117	24	258
117	25	286
117	26	256
117	27	230
117	28	249
117	29	222
117	30	227
117	31	222
117	32	201
117	33	169
117	34	197
117	35	156
117	36	158
117	37	148
117	38	124
117	39	101
117	40	111
117	41	103
117	42	99
117	43	93
117	44	86
117	45	83
117	46	71
117	47	70
117	48	67
117	49	66
117	50	54
117	51	46
117	52	48
117	53	45
117	54	50
117	55	30
117	56	34
117	57	32
117	58	31
117	59	26
117	60	21
117	61	28
117	62	23
117	63	17
117	64	15
117	65	15
117	66	14
117	67	18
117	68	18
117	69	14
117	70	12
117	71	8
117	72	8
117	73	6
117	74	7
117	75	4
117	76	5
117	77	9
117	78	6
117	79	5
117	80	7
117	81	2
117	82	4
117	83	3
117	84	3
117	85	3
117	86	2
117	87	3
117	88	1
117	89	1
117	90	1
117	91	2
117	92	2
117	93	1
117	94	1
117	95	2
117	96	3
117	97	3
117	98	1
117	99	2
117	100	2
117	102	1
117	103	1
117	105	1
117	106	3
117	111	2
117	114	1
117	115	1
117	116	1
117	124	1
117	128	1
117	132	1
117	135	1
117	136	1
117	155	1
117	156	1
117	164	1
118	0	67
118	1	106
118	2	140
118	3	212
118	4	213
118	5	254
118	6	303
118	7	320
118	8	316
118	9	359
118	10	373
118	11	377
118	12	399
118	13	349
118	14	346
118	15	375
118	16	391
118	17	354
118	18	364
118	19	347
118	20	297
118	21	326
118	22	309
118	23	277
118	24	277
118	25	273
118	26	247
118	27	248
118	28	236
118	29	204
118	30	197
118	31	195
118	32	192
118	33	171
118	34	168
118	35	151
118	36	151
118	37	152
118	38	142
118	39	123
118	40	120
118	41	89
118	42	85
118	43	95
118	44	111
118	45	72
118	46	88
118	47	77
118	48	65
118	49	69
118	50	52
118	51	49
118	52	37
118	53	45
118	54	30
118	55	33
118	56	30
118	57	24
118	58	21
118	59	29
118	60	16
118	61	19
118	62	8
118	63	21
118	64	27
118	65	16
118	66	16
118	67	13
118	68	12
118	69	10
118	70	9
118	71	7
118	72	9
118	73	12
118	74	10
118	75	7
118	76	7
118	77	2
118	78	8
118	79	5
118	80	4
118	81	6
118	82	3
118	83	5
118	84	5
118	85	1
118	86	3
118	87	3
118	88	1
118	89	2
118	90	3
118	91	1
118	92	2
118	93	1
118	94	1
118	95	2
118	97	1
118	98	2
118	100	1
118	102	2
118	104	1
118	107	2
118	112	1
118	114	1
118	115	2
118	116	1
118	117	1
118	118	1
118	121	2
118	123	1
118	126	1
118	129	1
118	131	1
118	137	1
118	143	1
118	160	1
118	163	1
119	0	109
119	1	110
119	2	134
119	3	195
119	4	208
119	5	242
119	6	290
119	7	313
119	8	335
119	9	348
119	10	356
119	11	345
119	12	381
119	13	393
119	14	365
119	15	353
119	16	397
119	17	331
119	18	362
119	19	334
119	20	315
119	21	302
119	22	295
119	23	255
119	24	292
119	25	274
119	26	251
119	27	236
119	28	256
119	29	198
119	30	215
119	31	192
119	32	172
119	33	189
119	34	159
119	35	179
119	36	167
119	37	126
119	38	132
119	39	123
119	40	108
119	41	96
119	42	117
119	43	85
119	44	74
119	45	72
119	46	51
119	47	69
119	48	76
119	49	59
119	50	41
119	51	44
119	52	46
119	53	39
119	54	35
119	55	37
119	56	35
119	57	34
119	58	23
119	59	19
119	60	28
119	61	19
119	62	16
119	63	16
119	64	17
119	65	15
119	66	12
119	67	12
119	68	14
119	69	9
119	70	13
119	71	8
119	72	9
119	73	9
119	74	5
119	75	7
119	76	6
119	77	2
119	78	4
119	79	6
119	80	3
119	81	7
119	82	2
119	83	9
119	84	4
119	85	2
119	86	2
119	87	4
119	88	2
119	89	3
119	90	2
119	91	3
119	92	1
119	93	4
119	94	2
119	95	2
119	96	1
119	97	3
119	98	1
119	99	1
119	101	4
119	102	1
119	103	2
119	104	1
119	105	1
119	106	1
119	107	1
119	109	1
119	114	3
119	119	1
119	121	1
119	129	1
119	134	1
119	154	1
120	0	75
120	1	101
120	2	139
120	3	167
120	4	190
120	5	245
120	6	242
120	7	297
120	8	292
120	9	345
120	10	332
120	11	321
120	12	328
120	13	336
120	14	323
120	15	293
120	16	277
120	17	262
120	18	280
120	19	282
120	20	251
120	21	241
120	22	220
120	23	207
120	24	204
120	25	191
120	26	175
120	27	153
120	28	151
120	29	127
120	30	133
120	31	112
120	32	123
120	33	102
120	34	102
120	35	100
120	36	98
120	37	68
120	38	66
120	39	77
120	40	62
120	41	64
120	42	56
120	43	43
120	44	43
120	45	42
120	46	46
120	47	40
120	48	37
120	49	47
120	50	24
120	51	27
120	52	32
120	53	19
120	54	23
120	55	17
120	56	17
120	57	14
120	58	13
120	59	12
120	60	16
120	61	10
120	62	10
120	63	17
120	64	11
120	65	13
120	66	10
120	67	7
120	68	6
120	69	5
120	70	6
120	71	6
120	72	4
120	73	9
120	74	5
120	75	5
120	76	6
120	77	1
120	78	4
120	79	3
120	80	3
120	81	3
120	82	2
120	83	1
120	84	5
120	85	2
120	86	3
120	87	1
120	88	1
120	89	1
120	93	1
120	95	1
120	97	1
120	98	4
120	101	1
120	102	1
120	104	1
120	116	2
120	117	1
120	119	1
120	121	1
120	122	1
120	130	1
120	135	1
120	141	1
120	153	1
121	0	79
121	1	96
121	2	139
121	3	165
121	4	171
121	5	243
121	6	264
121	7	289
121	8	268
121	9	311
121	10	308
121	11	304
121	12	319
121	13	264
121	14	275
121	15	260
121	16	268
121	17	253
121	18	262
121	19	240
121	20	218
121	21	250
121	22	198
121	23	179
121	24	182
121	25	166
121	26	171
121	27	137
121	28	129
121	29	144
121	30	111
121	31	98
121	32	91
121	33	103
121	34	76
121	35	85
121	36	62
121	37	58
121	38	54
121	39	54
121	40	55
121	41	56
121	42	43
121	43	41
121	44	38
121	45	41
121	46	28
121	47	45
121	48	31
121	49	36
121	50	29
121	51	21
121	52	24
121	53	20
121	54	21
121	55	8
121	56	16
121	57	16
121	58	14
121	59	13
121	60	13
121	61	6
121	62	10
121	63	6
121	64	9
121	65	4
121	66	7
121	67	9
121	68	5
121	69	8
121	70	7
121	71	3
121	72	9
121	73	7
121	74	4
121	75	1
121	76	4
121	77	3
121	78	2
121	79	1
121	80	5
121	81	1
121	82	1
121	83	2
121	84	2
121	85	1
121	86	1
121	87	1
121	88	2
121	89	2
121	90	1
121	91	2
121	92	1
121	93	1
121	94	3
121	95	2
121	96	1
121	97	2
121	98	1
121	99	1
121	107	1
121	109	1
121	113	1
121	122	1
121	163	1
122	0	96
122	1	102
122	2	111
122	3	205
122	4	227
122	5	255
122	6	266
122	7	272
122	8	343
122	9	336
122	10	362
122	11	355
122	12	333
122	13	342
122	14	331
122	15	361
122	16	319
122	17	325
122	18	308
122	19	271
122	20	306
122	21	266
122	22	261
122	23	254
122	24	208
122	25	212
122	26	197
122	27	197
122	28	192
122	29	190
122	30	175
122	31	118
122	32	147
122	33	143
122	34	131
122	35	113
122	36	113
122	37	88
122	38	98
122	39	99
122	40	85
122	41	80
122	42	63
122	43	64
122	44	50
122	45	54
122	46	53
122	47	40
122	48	44
122	49	40
122	50	43
122	51	39
122	52	32
122	53	34
122	54	24
122	55	33
122	56	21
122	57	18
122	58	19
122	59	16
122	60	16
122	61	14
122	62	19
122	63	18
122	64	12
122	65	10
122	66	13
122	67	6
122	68	8
122	69	5
122	70	13
122	71	7
122	72	1
122	73	8
122	74	7
122	75	3
122	76	6
122	77	3
122	78	3
122	79	6
122	80	7
122	81	2
122	82	3
122	83	3
122	84	4
122	85	2
122	86	2
122	87	2
122	88	1
122	89	4
122	90	1
122	91	4
122	93	1
122	94	2
122	95	3
122	96	3
122	99	1
122	100	1
122	101	2
122	102	2
122	103	1
122	108	2
122	110	1
122	112	1
122	116	2
122	118	1
122	122	1
122	127	1
122	128	1
122	141	1
122	226	1
123	0	92
123	1	102
123	2	129
123	3	187
123	4	234
123	5	291
123	6	263
123	7	312
123	8	322
123	9	318
123	10	357
123	11	374
123	12	394
123	13	388
123	14	342
123	15	342
123	16	343
123	17	319
123	18	295
123	19	306
123	20	271
123	21	266
123	22	267
123	23	243
123	24	239
123	25	230
123	26	216
123	27	222
123	28	220
123	29	207
123	30	186
123	31	171
123	32	149
123	33	157
123	34	162
123	35	120
123	36	117
123	37	108
123	38	99
123	39	97
123	40	86
123	41	93
123	42	87
123	43	77
123	44	69
123	45	72
123	46	57
123	47	58
123	48	53
123	49	48
123	50	50
123	51	39
123	52	32
123	53	31
123	54	36
123	55	27
123	56	20
123	57	15
123	58	25
123	59	22
123	60	16
123	61	17
123	62	17
123	63	11
123	64	5
123	65	10
123	66	8
123	67	11
123	68	6
123	69	8
123	70	10
123	71	10
123	72	9
123	73	6
123	74	7
123	75	8
123	76	2
123	77	2
123	78	5
123	79	1
123	80	2
123	81	4
123	82	4
123	83	3
123	84	3
123	85	2
123	87	1
123	89	1
123	90	1
123	91	3
123	93	5
123	94	1
123	95	1
123	96	3
123	97	1
123	98	1
123	99	3
123	105	1
123	106	1
123	108	1
123	113	1
123	116	2
123	117	1
123	125	1
123	135	1
123	144	1
123	147	1
123	150	1
124	0	98
124	1	106
124	2	122
124	3	195
124	4	218
124	5	228
124	6	265
124	7	291
124	8	321
124	9	307
124	10	317
124	11	359
124	12	316
124	13	365
124	14	324
124	15	323
124	16	283
124	17	351
124	18	305
124	19	306
124	20	270
124	21	270
124	22	247
124	23	226
124	24	237
124	25	210
124	26	182
124	27	211
124	28	172
124	29	174
124	30	161
124	31	162
124	32	150
124	33	160
124	34	121
124	35	117
124	36	101
124	37	99
124	38	92
124	39	97
124	40	86
124	41	91
124	42	67
124	43	46
124	44	65
124	45	60
124	46	55
124	47	76
124	48	54
124	49	44
124	50	39
124	51	36
124	52	34
124	53	29
124	54	27
124	55	31
124	56	30
124	57	23
124	58	12
124	59	13
124	60	21
124	61	16
124	62	16
124	63	13
124	64	13
124	65	9
124	66	12
124	67	7
124	68	8
124	69	6
124	70	8
124	71	4
124	72	1
124	73	6
124	74	10
124	75	2
124	76	5
124	77	3
124	78	4
124	79	4
124	80	5
124	81	3
124	83	3
124	85	3
124	86	4
124	87	1
124	88	1
124	89	1
124	90	2
124	92	1
124	93	1
124	94	1
124	96	2
124	97	2
124	98	1
124	105	2
124	106	2
124	107	2
124	108	1
124	109	1
124	113	1
124	118	3
124	120	1
124	122	1
124	127	1
124	129	1
124	133	1
124	138	1
124	142	1
125	0	90
125	1	103
125	2	122
125	3	166
125	4	205
125	5	244
125	6	251
125	7	296
125	8	273
125	9	333
125	10	310
125	11	336
125	12	342
125	13	330
125	14	351
125	15	323
125	16	317
125	17	272
125	18	307
125	19	246
125	20	245
125	21	247
125	22	246
125	23	225
125	24	180
125	25	241
125	26	155
125	27	179
125	28	159
125	29	171
125	30	166
125	31	155
125	32	144
125	33	127
125	34	131
125	35	88
125	36	127
125	37	102
125	38	104
125	39	89
125	40	92
125	41	88
125	42	65
125	43	79
125	44	67
125	45	52
125	46	59
125	47	46
125	48	27
125	49	44
125	50	46
125	51	27
125	52	28
125	53	32
125	54	36
125	55	22
125	56	24
125	57	17
125	58	17
125	59	22
125	60	13
125	61	16
125	62	10
125	63	17
125	64	10
125	65	11
125	66	5
125	67	6
125	68	11
125	69	6
125	70	7
125	71	6
125	72	7
125	73	6
125	74	4
125	75	7
125	76	3
125	77	1
125	78	4
125	79	1
125	80	4
125	81	2
125	82	4
125	83	4
125	84	4
125	85	3
125	86	1
125	87	2
125	88	1
125	90	2
125	91	3
125	92	1
125	93	1
125	94	3
125	95	2
125	97	3
125	98	1
125	99	1
125	100	3
125	103	1
125	105	1
125	106	3
125	108	2
125	112	1
125	113	2
125	114	1
125	117	1
125	132	1
125	133	1
125	136	1
125	143	1
126	0	111
126	1	138
126	2	149
126	3	196
126	4	257
126	5	297
126	6	305
126	7	318
126	8	366
126	9	411
126	10	404
126	11	364
126	12	412
126	13	391
126	14	390
126	15	346
126	16	331
126	17	325
126	18	317
126	19	307
126	20	312
126	21	288
126	22	242
126	23	276
126	24	217
126	25	229
126	26	239
126	27	209
126	28	201
126	29	182
126	30	169
126	31	146
126	32	172
126	33	124
126	34	139
126	35	128
126	36	118
126	37	105
126	38	101
126	39	82
126	40	83
126	41	85
126	42	74
126	43	61
126	44	67
126	45	57
126	46	56
126	47	53
126	48	39
126	49	38
126	50	50
126	51	46
126	52	34
126	53	35
126	54	32
126	55	31
126	56	26
126	57	29
126	58	21
126	59	23
126	60	16
126	61	12
126	62	16
126	63	13
126	64	12
126	65	6
126	66	12
126	67	12
126	68	13
126	69	10
126	70	8
126	71	6
126	72	5
126	73	6
126	74	8
126	75	4
126	76	2
126	77	3
126	78	6
126	79	3
126	80	2
126	81	3
126	82	5
126	83	2
126	84	2
126	85	2
126	86	3
126	87	5
126	88	4
126	89	2
126	91	2
126	92	2
126	93	4
126	94	2
126	95	3
126	96	2
126	98	1
126	99	1
126	102	1
126	103	1
126	104	1
126	105	1
126	106	2
126	108	1
126	109	2
126	111	1
126	121	1
126	122	1
126	147	1
127	0	71
127	1	112
127	2	125
127	3	168
127	4	227
127	5	223
127	6	286
127	7	265
127	8	351
127	9	322
127	10	322
127	11	379
127	12	378
127	13	324
127	14	322
127	15	306
127	16	300
127	17	297
127	18	286
127	19	291
127	20	260
127	21	265
127	22	252
127	23	238
127	24	233
127	25	215
127	26	223
127	27	188
127	28	182
127	29	159
127	30	170
127	31	155
127	32	109
127	33	144
127	34	122
127	35	119
127	36	120
127	37	119
127	38	96
127	39	101
127	40	94
127	41	87
127	42	75
127	43	54
127	44	65
127	45	70
127	46	60
127	47	50
127	48	38
127	49	32
127	50	38
127	51	36
127	52	37
127	53	42
127	54	30
127	55	22
127	56	23
127	57	17
127	58	10
127	59	16
127	60	19
127	61	11
127	62	12
127	63	12
127	64	19
127	65	11
127	66	6
127	67	7
127	68	7
127	69	7
127	70	5
127	71	9
127	72	5
127	73	4
127	74	7
127	75	1
127	76	7
127	77	2
127	78	5
127	79	4
127	80	2
127	81	4
127	82	2
127	83	5
127	85	3
127	86	2
127	87	2
127	88	2
127	89	2
127	90	1
127	91	1
127	92	2
127	93	2
127	94	1
127	95	1
127	97	4
127	98	2
127	99	1
127	101	1
127	102	2
127	105	1
127	109	1
127	117	1
127	118	1
127	123	1
127	135	1
127	217	1
128	0	49
128	1	59
128	2	94
128	3	96
128	4	117
128	5	132
128	6	165
128	7	213
128	8	224
128	9	226
128	10	251
128	11	202
128	12	228
128	13	230
128	14	242
128	15	225
128	16	254
128	17	240
128	18	238
128	19	224
128	20	204
128	21	189
128	22	198
128	23	189
128	24	159
128	25	177
128	26	162
128	27	172
128	28	145
128	29	125
128	30	146
128	31	143
128	32	106
128	33	118
128	34	103
128	35	116
128	36	100
128	37	96
128	38	101
128	39	80
128	40	91
128	41	61
128	42	52
128	43	73
128	44	70
128	45	50
128	46	57
128	47	38
128	48	40
128	49	48
128	50	28
128	51	23
128	52	19
128	53	23
128	54	28
128	55	20
128	56	21
128	57	26
128	58	30
128	59	23
128	60	21
128	61	13
128	62	18
128	63	10
128	64	7
128	65	4
128	66	12
128	67	15
128	68	8
128	69	4
128	70	8
128	71	3
128	72	5
128	73	5
128	74	4
128	75	5
128	76	6
128	77	2
128	78	4
128	79	2
128	80	3
128	82	4
128	83	2
128	84	2
128	85	2
128	86	2
128	87	1
128	88	1
128	91	1
128	92	2
128	94	1
128	95	2
128	97	2
128	98	1
128	99	2
128	101	1
128	108	1
128	111	1
128	112	1
128	113	3
128	120	2
128	124	1
128	139	1
128	141	1
128	148	1
128	160	1
128	174	1
129	0	57
129	1	67
129	2	83
129	3	107
129	4	127
129	5	136
129	6	184
129	7	183
129	8	205
129	9	222
129	10	243
129	11	249
129	12	237
129	13	232
129	14	218
129	15	261
129	16	263
129	17	188
129	18	226
129	19	185
129	20	192
129	21	213
129	22	190
129	23	166
129	24	189
129	25	176
129	26	158
129	27	116
129	28	145
129	29	137
129	30	126
129	31	140
129	32	138
129	33	104
129	34	94
129	35	94
129	36	115
129	37	86
129	38	86
129	39	88
129	40	71
129	41	70
129	42	68
129	43	53
129	44	66
129	45	57
129	46	47
129	47	46
129	48	38
129	49	37
129	50	33
129	51	35
129	52	41
129	53	18
129	54	23
129	55	24
129	56	30
129	57	15
129	58	17
129	59	11
129	60	13
129	61	14
129	62	12
129	63	15
129	64	8
129	65	14
129	66	14
129	67	12
129	68	8
129	69	9
129	70	10
129	71	9
129	72	7
129	73	7
129	74	4
129	75	3
129	76	4
129	78	1
129	79	4
129	80	5
129	81	1
129	83	1
129	84	1
129	86	3
129	88	1
129	89	2
129	92	1
129	94	1
129	95	2
129	97	1
129	99	1
129	100	1
129	103	1
129	104	1
129	106	1
129	110	1
129	113	1
129	131	1
130	0	50
130	1	59
130	2	79
130	3	92
130	4	129
130	5	142
130	6	177
130	7	192
130	8	218
130	9	218
130	10	194
130	11	220
130	12	217
130	13	248
130	14	203
130	15	226
130	16	244
130	17	191
130	18	187
130	19	188
130	20	180
130	21	185
130	22	168
130	23	158
130	24	151
130	25	153
130	26	163
130	27	136
130	28	153
130	29	107
130	30	111
130	31	115
130	32	92
130	33	95
130	34	76
130	35	73
130	36	78
130	37	63
130	38	62
130	39	59
130	40	74
130	41	56
130	42	72
130	43	36
130	44	44
130	45	41
130	46	28
130	47	25
130	48	29
130	49	31
130	50	26
130	51	23
130	52	21
130	53	24
130	54	20
130	55	26
130	56	15
130	57	18
130	58	11
130	59	9
130	60	8
130	61	10
130	62	12
130	63	8
130	64	7
130	65	7
130	66	6
130	67	6
130	68	3
130	69	4
130	70	3
130	71	4
130	72	5
130	73	2
130	74	4
130	75	1
130	76	2
130	77	1
130	78	1
130	80	1
130	82	1
130	83	1
130	84	2
130	85	1
130	87	2
130	88	3
130	91	1
130	92	1
130	94	2
130	95	1
130	102	1
130	105	1
130	108	1
130	109	1
130	111	1
130	114	1
130	121	1
130	126	1
130	127	1
130	184	1
131	0	42
131	1	65
131	2	90
131	3	115
131	4	144
131	5	153
131	6	160
131	7	178
131	8	202
131	9	232
131	10	199
131	11	192
131	12	221
131	13	211
131	14	218
131	15	176
131	16	192
131	17	200
131	18	184
131	19	156
131	20	156
131	21	188
131	22	173
131	23	147
131	24	154
131	25	134
131	26	131
131	27	129
131	28	109
131	29	110
131	30	113
131	31	99
131	32	110
131	33	101
131	34	81
131	35	81
131	36	87
131	37	75
131	38	54
131	39	75
131	40	58
131	41	54
131	42	48
131	43	52
131	44	34
131	45	29
131	46	27
131	47	41
131	48	31
131	49	24
131	50	27
131	51	23
131	52	24
131	53	15
131	54	19
131	55	15
131	56	14
131	57	17
131	58	9
131	59	23
131	60	13
131	61	11
131	62	11
131	63	15
131	64	8
131	65	7
131	66	9
131	67	6
131	68	1
131	69	3
131	70	2
131	71	5
131	72	4
131	73	5
131	74	5
131	75	5
131	76	1
131	77	1
131	78	3
131	79	2
131	80	1
131	81	1
131	82	1
131	83	1
131	84	2
131	85	3
131	86	1
131	87	2
131	88	1
131	89	1
131	93	1
131	96	1
131	98	1
131	99	1
131	104	1
131	107	1
131	109	1
131	111	1
131	139	1
132	0	51
132	1	47
132	2	79
132	3	74
132	4	136
132	5	134
132	6	159
132	7	147
132	8	170
132	9	214
132	10	207
132	11	219
132	12	205
132	13	203
132	14	222
132	15	197
132	16	238
132	17	209
132	18	184
132	19	189
132	20	177
132	21	177
132	22	169
132	23	151
132	24	141
132	25	122
132	26	124
132	27	136
132	28	131
132	29	114
132	30	113
132	31	97
132	32	84
132	33	102
132	34	81
132	35	75
132	36	77
132	37	56
132	38	60
132	39	65
132	40	62
132	41	54
132	42	50
132	43	55
132	44	48
132	45	35
132	46	34
132	47	42
132	48	37
132	49	27
132	50	31
132	51	24
132	52	18
132	53	15
132	54	19
132	55	25
132	56	16
132	57	29
132	58	15
132	59	13
132	60	11
132	61	4
132	62	5
132	63	5
132	64	8
132	65	10
132	66	4
132	67	5
132	68	2
132	69	1
132	70	4
132	71	3
132	72	6
132	75	4
132	76	1
132	77	2
132	78	2
132	80	2
132	81	1
132	82	3
132	83	2
132	84	2
132	85	1
132	86	2
132	87	1
132	89	1
132	90	1
132	91	1
132	92	1
132	95	2
132	99	1
132	100	1
132	101	1
132	103	1
132	111	1
132	118	1
133	0	53
133	1	57
133	2	83
133	3	101
133	4	133
133	5	145
133	6	161
133	7	180
133	8	177
133	9	188
133	10	224
133	11	218
133	12	196
133	13	199
133	14	200
133	15	213
133	16	191
133	17	194
133	18	164
133	19	175
133	20	180
133	21	142
133	22	162
133	23	173
133	24	133
133	25	139
133	26	118
133	27	117
133	28	127
133	29	109
133	30	95
133	31	90
133	32	80
133	33	92
133	34	102
133	35	82
133	36	81
133	37	64
133	38	70
133	39	64
133	40	59
133	41	55
133	42	47
133	43	45
133	44	42
133	45	44
133	46	28
133	47	30
133	48	31
133	49	35
133	50	21
133	51	21
133	52	25
133	53	14
133	54	25
133	55	17
133	56	13
133	57	15
133	58	14
133	59	11
133	60	11
133	61	10
133	62	9
133	63	7
133	64	10
133	65	10
133	66	9
133	67	6
133	68	7
133	69	5
133	70	8
133	71	4
133	72	5
133	73	4
133	74	2
133	75	6
133	76	4
133	77	1
133	78	2
133	79	1
133	80	3
133	81	1
133	83	1
133	85	1
133	88	2
133	90	2
133	91	1
133	92	1
133	93	1
133	95	4
133	97	2
133	98	1
133	99	1
133	101	1
133	105	1
133	106	1
133	110	1
133	112	1
133	114	2
133	139	1
133	145	1
133	152	1
133	157	1
134	0	47
134	1	43
134	2	74
134	3	108
134	4	107
134	5	132
134	6	139
134	7	175
134	8	173
134	9	195
134	10	222
134	11	192
134	12	220
134	13	227
134	14	222
134	15	213
134	16	188
134	17	211
134	18	199
134	19	175
134	20	170
134	21	161
134	22	184
134	23	145
134	24	161
134	25	143
134	26	129
134	27	140
134	28	116
134	29	121
134	30	129
134	31	94
134	32	112
134	33	86
134	34	69
134	35	84
134	36	53
134	37	74
134	38	65
134	39	65
134	40	57
134	41	65
134	42	41
134	43	50
134	44	37
134	45	38
134	46	41
134	47	28
134	48	30
134	49	31
134	50	25
134	51	29
134	52	20
134	53	27
134	54	16
134	55	28
134	56	9
134	57	18
134	58	12
134	59	9
134	60	13
134	61	6
134	62	9
134	63	8
134	64	7
134	65	11
134	66	5
134	67	2
134	68	4
134	69	6
134	70	3
134	71	4
134	72	7
134	73	5
134	74	4
134	75	3
134	76	2
134	77	2
134	78	1
134	79	5
134	80	4
134	81	2
134	82	1
134	83	1
134	84	3
134	87	3
134	88	3
134	89	1
134	90	2
134	92	1
134	93	3
134	94	1
134	98	1
134	102	1
134	104	2
134	106	1
134	108	1
134	110	1
134	123	1
134	135	1
135	0	59
135	1	53
135	2	88
135	3	120
135	4	131
135	5	131
135	6	159
135	7	185
135	8	178
135	9	185
135	10	194
135	11	223
135	12	208
135	13	224
135	14	211
135	15	215
135	16	201
135	17	183
135	18	177
135	19	196
135	20	151
135	21	151
135	22	152
135	23	166
135	24	130
135	25	148
135	26	126
135	27	113
135	28	128
135	29	113
135	30	108
135	31	103
135	32	108
135	33	86
135	34	95
135	35	85
135	36	82
135	37	75
135	38	70
135	39	66
135	40	45
135	41	67
135	42	59
135	43	38
135	44	31
135	45	46
135	46	30
135	47	33
135	48	25
135	49	32
135	50	33
135	51	25
135	52	26
135	53	22
135	54	19
135	55	19
135	56	16
135	57	17
135	58	15
135	59	10
135	60	12
135	61	12
135	62	12
135	63	9
135	64	8
135	65	9
135	66	5
135	67	4
135	68	8
135	69	13
135	70	4
135	71	7
135	72	3
135	73	2
135	74	4
135	75	4
135	76	1
135	77	5
135	78	1
135	79	3
135	80	4
135	81	2
135	82	4
135	83	2
135	84	1
135	85	1
135	86	3
135	87	1
135	88	2
135	89	1
135	90	3
135	94	1
135	96	1
135	97	1
135	100	2
135	101	1
135	104	1
135	109	1
135	116	1
135	117	1
135	121	1
135	139	1
135	160	1
136	0	62
136	1	49
136	2	92
136	3	99
136	4	128
136	5	133
136	6	175
136	7	194
136	8	166
136	9	203
136	10	189
136	11	226
136	12	222
136	13	230
136	14	224
136	15	205
136	16	220
136	17	176
136	18	209
136	19	208
136	20	186
136	21	165
136	22	155
136	23	133
136	24	168
136	25	136
136	26	113
136	27	129
136	28	98
136	29	126
136	30	109
136	31	108
136	32	93
136	33	95
136	34	80
136	35	81
136	36	79
136	37	65
136	38	67
136	39	68
136	40	57
136	41	66
136	42	53
136	43	56
136	44	41
136	45	52
136	46	41
136	47	39
136	48	35
136	49	26
136	50	30
136	51	28
136	52	16
136	53	20
136	54	16
136	55	26
136	56	15
136	57	10
136	58	12
136	59	16
136	60	12
136	61	11
136	62	11
136	63	8
136	64	5
136	65	6
136	66	9
136	67	6
136	68	4
136	69	6
136	70	12
136	71	4
136	72	6
136	73	1
136	74	2
136	75	5
136	76	3
136	77	2
136	78	5
136	79	3
136	80	1
136	81	1
136	82	5
136	83	2
136	84	2
136	90	2
136	92	1
136	101	1
136	104	1
136	110	1
136	113	1
136	122	1
136	189	1
137	0	52
137	1	68
137	2	62
137	3	107
137	4	142
137	5	142
137	6	139
137	7	159
137	8	161
137	9	202
137	10	190
137	11	214
137	12	201
137	13	220
137	14	192
137	15	203
137	16	202
137	17	203
137	18	167
137	19	174
137	20	184
137	21	149
137	22	143
137	23	120
137	24	131
137	25	127
137	26	133
137	27	123
137	28	112
137	29	113
137	30	107
137	31	88
137	32	111
137	33	89
137	34	76
137	35	69
137	36	73
137	37	75
137	38	76
137	39	43
137	40	55
137	41	51
137	42	38
137	43	46
137	44	42
137	45	44
137	46	23
137	47	31
137	48	34
137	49	28
137	50	22
137	51	19
137	52	18
137	53	28
137	54	22
137	55	13
137	56	14
137	57	8
137	58	18
137	59	5
137	60	11
137	61	15
137	62	8
137	63	9
137	64	11
137	65	9
137	66	6
137	67	5
137	68	6
137	69	3
137	70	4
137	71	4
137	72	2
137	73	4
137	74	2
137	75	1
137	76	2
137	77	1
137	79	2
137	80	2
137	81	3
137	83	3
137	88	1
137	89	2
137	92	1
137	94	1
137	98	2
137	100	1
137	102	1
137	104	1
137	114	1
137	237	1
138	0	39
138	1	71
138	2	76
138	3	115
138	4	114
138	5	145
138	6	152
138	7	185
138	8	191
138	9	170
138	10	211
138	11	191
138	12	196
138	13	201
138	14	216
138	15	174
138	16	166
138	17	184
138	18	170
138	19	146
138	20	144
138	21	151
138	22	114
138	23	106
138	24	103
138	25	118
138	26	113
138	27	100
138	28	88
138	29	101
138	30	90
138	31	72
138	32	64
138	33	78
138	34	60
138	35	53
138	36	65
138	37	48
138	38	48
138	39	46
138	40	32
138	41	37
138	42	43
138	43	43
138	44	31
138	45	32
138	46	30
138	47	28
138	48	25
138	49	20
138	50	22
138	51	23
138	52	10
138	53	17
138	54	21
138	55	18
138	56	11
138	57	11
138	58	13
138	59	8
138	60	8
138	61	8
138	62	4
138	63	5
138	64	7
138	65	1
138	66	6
138	67	1
138	68	2
138	69	8
138	70	6
138	71	3
138	72	3
138	73	3
138	74	5
138	75	2
138	76	4
138	77	2
138	78	1
138	79	3
138	81	1
138	83	1
138	84	2
138	86	1
138	87	1
138	89	1
138	92	2
138	93	1
138	98	1
138	102	2
138	104	1
138	109	1
138	115	1
138	159	1
139	0	52
139	1	62
139	2	87
139	3	98
139	4	171
139	5	172
139	6	177
139	7	182
139	8	196
139	9	227
139	10	227
139	11	244
139	12	222
139	13	210
139	14	241
139	15	202
139	16	236
139	17	230
139	18	177
139	19	167
139	20	170
139	21	166
139	22	134
139	23	153
139	24	121
139	25	127
139	26	110
139	27	100
139	28	105
139	29	90
139	30	91
139	31	69
139	32	77
139	33	80
139	34	67
139	35	66
139	36	44
139	37	64
139	38	48
139	39	48
139	40	46
139	41	36
139	42	34
139	43	44
139	44	32
139	45	33
139	46	24
139	47	15
139	48	33
139	49	23
139	50	15
139	51	17
139	52	22
139	53	14
139	54	14
139	55	12
139	56	13
139	57	15
139	58	9
139	59	15
139	60	10
139	61	7
139	62	8
139	63	6
139	64	8
139	65	1
139	66	5
139	67	1
139	68	1
139	69	9
139	70	2
139	71	2
139	72	1
139	73	3
139	74	2
139	75	5
139	76	1
139	79	2
139	80	3
139	85	1
139	86	1
139	90	1
139	93	1
139	98	1
139	101	1
139	102	1
139	103	1
139	120	1
140	0	42
140	1	64
140	2	76
140	3	118
140	4	116
140	5	131
140	6	176
140	7	161
140	8	168
140	9	208
140	10	190
140	11	193
140	12	185
140	13	232
140	14	202
140	15	192
140	16	187
140	17	189
140	18	163
140	19	159
140	20	166
140	21	123
140	22	120
140	23	134
140	24	128
140	25	110
140	26	107
140	27	73
140	28	111
140	29	86
140	30	87
140	31	87
140	32	80
140	33	61
140	34	55
140	35	63
140	36	68
140	37	55
140	38	45
140	39	42
140	40	43
140	41	41
140	42	34
140	43	41
140	44	35
140	45	26
140	46	44
140	47	24
140	48	14
140	49	21
140	50	24
140	51	21
140	52	16
140	53	11
140	54	13
140	55	12
140	56	25
140	57	15
140	58	11
140	59	3
140	60	5
140	61	9
140	62	4
140	63	2
140	64	7
140	65	3
140	66	4
140	67	3
140	68	5
140	69	1
140	70	5
140	71	4
140	72	3
140	73	5
140	75	2
140	76	3
140	77	1
140	78	4
140	79	2
140	80	1
140	81	1
140	82	1
140	83	1
140	84	1
140	85	1
140	86	2
140	87	1
140	90	3
140	91	1
140	92	1
140	94	1
140	95	1
140	97	1
140	109	1
140	114	1
140	148	1
141	0	26
141	1	35
141	2	61
141	3	59
141	4	63
141	5	78
141	6	89
141	7	125
141	8	99
141	9	112
141	10	138
141	11	140
141	12	137
141	13	144
141	14	129
141	15	119
141	16	110
141	17	109
141	18	92
141	19	122
141	20	114
141	21	114
141	22	104
141	23	118
141	24	94
141	25	102
141	26	80
141	27	82
141	28	89
141	29	64
141	30	76
141	31	68
141	32	62
141	33	61
141	34	54
141	35	58
141	36	51
141	37	47
141	38	50
141	39	44
141	40	41
141	41	28
141	42	32
141	43	38
141	44	23
141	45	30
141	46	24
141	47	23
141	48	30
141	49	19
141	50	14
141	51	18
141	52	16
141	53	16
141	54	13
141	55	11
141	56	10
141	57	16
141	58	8
141	59	4
141	60	8
141	61	9
141	62	6
141	63	1
141	64	4
141	65	7
141	66	3
141	67	2
141	68	3
141	69	2
141	70	5
141	71	1
141	72	4
141	73	2
141	74	1
141	75	3
141	76	4
141	79	1
141	82	2
141	83	2
141	89	2
141	93	2
141	99	1
141	107	1
141	116	1
141	120	1
142	0	29
142	1	40
142	2	59
142	3	78
142	4	74
142	5	88
142	6	104
142	7	101
142	8	141
142	9	133
142	10	118
142	11	127
142	12	130
142	13	144
142	14	133
142	15	135
142	16	128
142	17	124
142	18	112
142	19	131
142	20	103
142	21	99
142	22	105
142	23	115
142	24	88
142	25	102
142	26	86
142	27	85
142	28	87
142	29	64
142	30	78
142	31	70
142	32	49
142	33	63
142	34	52
142	35	62
142	36	51
142	37	49
142	38	50
142	39	54
142	40	41
142	41	44
142	42	23
142	43	28
142	44	36
142	45	18
142	46	26
142	47	23
142	48	25
142	49	23
142	50	14
142	51	13
142	52	19
142	53	18
142	54	16
142	55	9
142	56	12
142	57	8
142	58	15
142	59	4
142	60	4
142	61	10
142	62	12
142	63	9
142	64	8
142	65	3
142	66	3
142	67	6
142	68	2
142	69	1
142	70	5
142	71	1
142	72	7
142	73	3
142	74	3
142	75	1
142	76	2
142	78	2
142	79	1
142	81	1
142	82	1
142	84	2
142	86	2
142	87	2
142	90	2
142	91	2
142	97	1
142	98	1
142	99	1
142	100	1
142	102	1
142	106	1
142	115	1
142	138	1
143	0	34
143	1	40
143	2	55
143	3	54
143	4	82
143	5	95
143	6	102
143	7	109
143	8	110
143	9	116
143	10	150
143	11	129
143	12	143
143	13	128
143	14	154
143	15	134
143	16	133
143	17	146
143	18	132
143	19	142
143	20	126
143	21	112
143	22	100
143	23	106
143	24	129
143	25	104
143	26	94
143	27	73
143	28	81
143	29	75
143	30	73
143	31	74
143	32	68
143	33	60
143	34	58
143	35	75
143	36	60
143	37	63
143	38	47
143	39	53
143	40	37
143	41	38
143	42	28
143	43	40
143	44	28
143	45	29
143	46	25
143	47	25
143	48	20
143	49	20
143	50	22
143	51	13
143	52	20
143	53	10
143	54	10
143	55	12
143	56	10
143	57	4
143	58	7
143	59	5
143	60	8
143	61	5
143	62	3
143	63	2
143	64	2
143	65	5
143	66	8
143	67	2
143	68	2
143	69	4
143	70	6
143	71	2
143	72	2
143	73	5
143	74	3
143	75	3
143	76	3
143	77	1
143	78	1
143	79	3
143	81	2
143	82	2
143	83	1
143	84	2
143	86	1
143	87	1
143	88	1
143	90	1
143	91	2
143	92	1
143	95	1
143	104	1
143	110	1
143	124	1
144	0	34
144	1	37
144	2	27
144	3	67
144	4	72
144	5	86
144	6	111
144	7	88
144	8	114
144	9	127
144	10	130
144	11	145
144	12	141
144	13	142
144	14	143
144	15	125
144	16	132
144	17	132
144	18	112
144	19	121
144	20	123
144	21	112
144	22	110
144	23	113
144	24	98
144	25	81
144	26	98
144	27	95
144	28	83
144	29	89
144	30	78
144	31	74
144	32	66
144	33	50
144	34	64
144	35	74
144	36	54
144	37	52
144	38	51
144	39	41
144	40	44
144	41	35
144	42	35
144	43	38
144	44	24
144	45	31
144	46	25
144	47	23
144	48	16
144	49	27
144	50	25
144	51	19
144	52	11
144	53	11
144	54	15
144	55	15
144	56	8
144	57	18
144	58	5
144	59	6
144	60	11
144	61	8
144	62	4
144	63	4
144	64	4
144	65	6
144	66	1
144	67	2
144	68	6
144	69	3
144	70	1
144	71	5
144	72	2
144	73	3
144	74	1
144	75	4
144	76	2
144	77	3
144	80	1
144	81	2
144	82	1
144	83	1
144	85	1
144	86	3
144	87	1
144	93	1
144	94	1
144	95	1
144	97	1
144	98	2
144	101	2
144	108	1
144	115	1
144	116	2
144	117	1
145	0	18
145	1	34
145	2	48
145	3	44
145	4	74
145	5	81
145	6	81
145	7	103
145	8	99
145	9	101
145	10	107
145	11	115
145	12	123
145	13	121
145	14	108
145	15	108
145	16	130
145	17	92
145	18	96
145	19	119
145	20	83
145	21	81
145	22	89
145	23	67
145	24	69
145	25	65
145	26	63
145	27	69
145	28	43
145	29	67
145	30	49
145	31	41
145	32	47
145	33	51
145	34	37
145	35	37
145	36	30
145	37	35
145	38	27
145	39	25
145	40	22
145	41	20
145	42	20
145	43	19
145	44	15
145	45	14
145	46	17
145	47	11
145	48	15
145	49	13
145	50	8
145	51	13
145	52	5
145	53	7
145	54	6
145	55	7
145	56	12
145	57	5
145	58	6
145	59	4
145	60	7
145	61	3
145	62	4
145	63	6
145	64	4
145	65	1
145	66	2
145	67	2
145	68	2
145	69	3
145	70	2
145	73	2
145	74	1
145	75	2
145	76	1
145	77	3
145	78	1
145	82	1
145	83	2
145	84	1
145	86	1
145	90	1
145	96	1
145	101	1
145	105	1
146	0	23
146	1	29
146	2	50
146	3	56
146	4	68
146	5	87
146	6	79
146	7	97
146	8	103
146	9	108
146	10	109
146	11	100
146	12	99
146	13	80
146	14	104
146	15	90
146	16	100
146	17	98
146	18	76
146	19	75
146	20	71
146	21	71
146	22	54
146	23	59
146	24	70
146	25	41
146	26	57
146	27	47
146	28	43
146	29	41
146	30	35
146	31	36
146	32	40
146	33	31
146	34	23
146	35	23
146	36	26
146	37	23
146	38	16
146	39	30
146	40	18
146	41	18
146	42	15
146	43	23
146	44	11
146	45	14
146	46	18
146	47	6
146	48	8
146	49	10
146	50	11
146	51	11
146	52	5
146	53	6
146	54	2
146	55	5
146	56	3
146	57	3
146	58	6
146	59	2
146	60	6
146	61	1
146	64	3
146	65	3
146	66	3
146	67	3
146	69	1
146	71	1
146	79	1
146	80	1
146	81	1
146	88	1
146	91	1
146	115	1
146	117	1
146	134	1
147	0	36
147	1	43
147	2	51
147	3	59
147	4	67
147	5	74
147	6	87
147	7	92
147	8	91
147	9	107
147	10	128
147	11	129
147	12	114
147	13	94
147	14	105
147	15	111
147	16	118
147	17	98
147	18	100
147	19	120
147	20	100
147	21	115
147	22	89
147	23	68
147	24	63
147	25	116
147	26	80
147	27	73
147	28	60
147	29	61
147	30	47
147	31	54
147	32	58
147	33	61
147	34	44
147	35	41
147	36	29
147	37	34
147	38	30
147	39	29
147	40	25
147	41	22
147	42	32
147	43	19
147	44	22
147	45	18
147	46	23
147	47	11
147	48	16
147	49	16
147	50	23
147	51	11
147	52	16
147	53	9
147	54	10
147	55	13
147	56	7
147	57	5
147	58	8
147	59	5
147	60	6
147	61	3
147	62	6
147	63	4
147	64	1
147	65	3
147	66	5
147	67	2
147	68	2
147	69	1
147	71	2
147	72	1
147	73	1
147	75	1
147	76	2
147	78	3
147	79	1
147	80	1
147	82	2
147	83	1
147	86	2
147	88	1
147	91	1
147	94	2
147	95	1
147	97	1
147	98	1
147	99	1
147	120	1
147	128	1
147	137	1
148	0	22
148	1	26
148	2	32
148	3	60
148	4	77
148	5	90
148	6	87
148	7	82
148	8	107
148	9	104
148	10	102
148	11	123
148	12	121
148	13	131
148	14	118
148	15	109
148	16	111
148	17	106
148	18	85
148	19	107
148	20	86
148	21	76
148	22	88
148	23	83
148	24	66
148	25	80
148	26	55
148	27	61
148	28	67
148	29	65
148	30	47
148	31	47
148	32	44
148	33	48
148	34	40
148	35	50
148	36	36
148	37	28
148	38	35
148	39	40
148	40	25
148	41	37
148	42	22
148	43	24
148	44	26
148	45	19
148	46	20
148	47	17
148	48	15
148	49	19
148	50	14
148	51	8
148	52	9
148	53	7
148	54	13
148	55	6
148	56	3
148	57	9
148	58	4
148	59	6
148	60	4
148	61	3
148	62	3
148	63	4
148	64	5
148	65	2
148	66	4
148	67	6
148	68	4
148	69	2
148	70	2
148	71	6
148	72	1
148	73	3
148	74	2
148	76	1
148	77	1
148	78	1
148	79	1
148	80	2
148	81	1
148	82	1
148	84	2
148	86	3
148	88	3
148	96	1
148	110	1
149	0	30
149	1	39
149	2	54
149	3	48
149	4	73
149	5	83
149	6	100
149	7	86
149	8	99
149	9	107
149	10	122
149	11	114
149	12	123
149	13	117
149	14	100
149	15	112
149	16	135
149	17	100
149	18	105
149	19	107
149	20	95
149	21	81
149	22	78
149	23	100
149	24	80
149	25	67
149	26	71
149	27	72
149	28	60
149	29	54
149	30	61
149	31	43
149	32	44
149	33	52
149	34	42
149	35	43
149	36	41
149	37	51
149	38	38
149	39	16
149	40	37
149	41	26
149	42	29
149	43	27
149	44	24
149	45	23
149	46	22
149	47	16
149	48	14
149	49	21
149	50	11
149	51	12
149	52	17
149	53	9
149	54	13
149	55	11
149	56	6
149	57	5
149	58	14
149	59	2
149	60	5
149	61	9
149	62	4
149	63	8
149	64	3
149	65	1
149	66	2
149	67	4
149	68	4
149	70	4
149	71	1
149	72	4
149	74	1
149	75	2
149	76	3
149	77	1
149	78	2
149	79	1
149	80	1
149	81	3
149	82	1
149	84	1
149	88	1
149	92	1
149	94	1
149	95	1
149	99	1
149	101	1
149	102	1
149	103	1
149	104	1
149	111	1
149	122	1
149	128	1
149	140	1
150	0	27
150	1	34
150	2	37
150	3	54
150	4	58
150	5	91
150	6	81
150	7	112
150	8	106
150	9	110
150	10	114
150	11	117
150	12	111
150	13	131
150	14	104
150	15	116
150	16	126
150	17	108
150	18	101
150	19	96
150	20	102
150	21	103
150	22	75
150	23	97
150	24	81
150	25	75
150	26	79
150	27	69
150	28	55
150	29	70
150	30	73
150	31	46
150	32	40
150	33	53
150	34	46
150	35	47
150	36	41
150	37	33
150	38	35
150	39	19
150	40	20
150	41	31
150	42	27
150	43	26
150	44	20
150	45	29
150	46	18
150	47	22
150	48	10
150	49	18
150	50	16
150	51	8
150	52	10
150	53	14
150	54	9
150	55	10
150	56	6
150	57	8
150	58	11
150	59	6
150	60	3
150	61	3
150	62	4
150	63	6
150	64	2
150	65	6
150	66	8
150	67	4
150	68	6
150	69	2
150	70	2
150	71	2
150	72	2
150	74	1
150	76	1
150	77	1
150	80	2
150	82	1
150	86	2
150	89	1
150	92	1
151	0	25
151	1	49
151	2	49
151	3	61
151	4	68
151	5	91
151	6	97
151	7	115
151	8	86
151	9	102
151	10	115
151	11	114
151	12	114
151	13	107
151	14	116
151	15	126
151	16	121
151	17	101
151	18	108
151	19	103
151	20	91
151	21	97
151	22	92
151	23	78
151	24	81
151	25	84
151	26	83
151	27	67
151	28	69
151	29	56
151	30	42
151	31	58
151	32	48
151	33	40
151	34	46
151	35	33
151	36	37
151	37	31
151	38	39
151	39	26
151	40	41
151	41	32
151	42	38
151	43	23
151	44	18
151	45	13
151	46	17
151	47	22
151	48	16
151	49	13
151	50	10
151	51	14
151	52	15
151	53	10
151	54	18
151	55	8
151	56	10
151	57	5
151	58	10
151	59	6
151	60	5
151	61	4
151	62	4
151	63	4
151	64	4
151	65	5
151	66	5
151	67	3
151	68	3
151	69	2
151	70	3
151	71	3
151	72	3
151	75	3
151	76	2
151	77	1
151	78	2
151	81	1
151	82	2
151	83	2
151	85	1
151	86	1
151	87	2
151	88	1
151	93	1
151	96	1
151	99	1
151	100	1
151	123	1
151	125	1
152	0	29
152	1	39
152	2	31
152	3	45
152	4	72
152	5	86
152	6	76
152	7	84
152	8	109
152	9	137
152	10	121
152	11	117
152	12	108
152	13	117
152	14	129
152	15	124
152	16	121
152	17	119
152	18	107
152	19	84
152	20	76
152	21	93
152	22	83
152	23	75
152	24	93
152	25	70
152	26	61
152	27	68
152	28	53
152	29	62
152	30	51
152	31	52
152	32	49
152	33	54
152	34	58
152	35	30
152	36	43
152	37	38
152	38	36
152	39	30
152	40	33
152	41	27
152	42	23
152	43	24
152	44	16
152	45	23
152	46	20
152	47	16
152	48	20
152	49	13
152	50	12
152	51	11
152	52	8
152	53	14
152	54	11
152	55	7
152	56	7
152	57	12
152	58	5
152	59	6
152	60	5
152	61	7
152	62	6
152	63	2
152	64	9
152	65	1
152	66	2
152	67	6
152	68	1
152	69	1
152	70	4
152	71	1
152	72	3
152	73	2
152	74	2
152	75	1
152	77	1
152	78	1
152	79	3
152	80	4
152	81	2
152	82	2
152	84	2
152	87	1
152	91	1
152	99	1
152	108	1
152	127	1
153	0	23
153	1	25
153	2	30
153	3	42
153	4	58
153	5	62
153	6	68
153	7	60
153	8	95
153	9	90
153	10	90
153	11	98
153	12	80
153	13	97
153	14	78
153	15	86
153	16	90
153	17	84
153	18	79
153	19	98
153	20	83
153	21	101
153	22	75
153	23	73
153	24	76
153	25	67
153	26	61
153	27	61
153	28	69
153	29	56
153	30	47
153	31	33
153	32	31
153	33	50
153	34	43
153	35	34
153	36	28
153	37	37
153	38	25
153	39	34
153	40	36
153	41	24
153	42	24
153	43	19
153	44	23
153	45	22
153	46	13
153	47	20
153	48	19
153	49	6
153	50	8
153	51	10
153	52	11
153	53	11
153	54	9
153	55	1
153	56	8
153	57	7
153	58	6
153	59	8
153	60	5
153	61	4
153	62	3
153	63	3
153	64	7
153	65	2
153	67	1
153	68	3
153	70	1
153	71	4
153	72	3
153	73	3
153	75	2
153	77	2
153	78	1
153	80	2
153	83	1
153	84	1
153	87	1
153	92	1
153	94	1
153	127	1
153	134	1
154	0	11
154	1	24
154	2	31
154	3	41
154	4	46
154	5	61
154	6	52
154	7	73
154	8	75
154	9	77
154	10	62
154	11	89
154	12	73
154	13	106
154	14	96
154	15	80
154	16	59
154	17	75
154	18	70
154	19	73
154	20	87
154	21	75
154	22	71
154	23	82
154	24	66
154	25	65
154	26	53
154	27	62
154	28	57
154	29	58
154	30	49
154	31	43
154	32	37
154	33	41
154	34	39
154	35	38
154	36	37
154	37	23
154	38	26
154	39	16
154	40	16
154	41	25
154	42	21
154	43	29
154	44	21
154	45	17
154	46	18
154	47	12
154	48	10
154	49	16
154	50	13
154	51	6
154	52	6
154	53	12
154	54	10
154	55	6
154	56	11
154	57	9
154	58	5
154	59	5
154	60	4
154	61	4
154	62	3
154	63	4
154	64	3
154	65	3
154	66	4
154	67	2
154	68	3
154	69	2
154	70	2
154	71	2
154	75	2
154	76	1
154	77	2
154	78	1
154	79	1
154	83	1
154	85	1
154	87	1
154	89	1
154	117	1
154	130	1
155	0	7
155	1	24
155	2	32
155	3	31
155	4	54
155	5	51
155	6	57
155	7	59
155	8	69
155	9	67
155	10	84
155	11	82
155	12	64
155	13	67
155	14	75
155	15	74
155	16	72
155	17	73
155	18	67
155	19	52
155	20	63
155	21	62
155	22	61
155	23	60
155	24	42
155	25	58
155	26	52
155	27	56
155	28	44
155	29	44
155	30	39
155	31	40
155	32	41
155	33	35
155	34	23
155	35	29
155	36	34
155	37	21
155	38	26
155	39	28
155	40	17
155	41	12
155	42	12
155	43	20
155	44	15
155	45	12
155	46	12
155	47	12
155	48	14
155	49	7
155	50	9
155	51	10
155	52	6
155	53	7
155	54	9
155	55	8
155	56	11
155	57	5
155	58	4
155	59	9
155	60	4
155	62	6
155	63	4
155	64	2
155	65	5
155	66	4
155	67	1
155	68	2
155	70	1
155	72	1
155	73	2
155	74	2
155	76	1
155	77	1
155	79	2
155	80	3
155	81	1
155	82	1
155	84	1
155	85	1
155	106	1
155	146	1
156	0	18
156	1	15
156	2	18
156	3	45
156	4	44
156	5	59
156	6	70
156	7	68
156	8	78
156	9	84
156	10	78
156	11	73
156	12	76
156	13	85
156	14	70
156	15	76
156	16	79
156	17	74
156	18	67
156	19	82
156	20	72
156	21	70
156	22	77
156	23	59
156	24	58
156	25	51
156	26	46
156	27	41
156	28	49
156	29	32
156	30	39
156	31	41
156	32	46
156	33	42
156	34	26
156	35	43
156	36	24
156	37	21
156	38	15
156	39	24
156	40	27
156	41	30
156	42	18
156	43	16
156	44	17
156	45	14
156	46	18
156	47	16
156	48	10
156	49	12
156	50	8
156	51	11
156	52	8
156	53	6
156	54	6
156	55	11
156	56	6
156	57	5
156	58	4
156	59	5
156	60	6
156	61	2
156	62	2
156	63	3
156	64	5
156	65	2
156	67	2
156	68	1
156	69	1
156	70	2
156	71	2
156	73	3
156	74	2
156	75	1
156	76	1
156	80	2
156	83	1
156	93	1
156	98	1
156	102	1
157	0	15
157	1	20
157	2	21
157	3	35
157	4	48
157	5	41
157	6	56
157	7	64
157	8	69
157	9	88
157	10	65
157	11	76
157	12	66
157	13	75
157	14	79
157	15	69
157	16	75
157	17	66
157	18	67
157	19	74
157	20	67
157	21	70
157	22	67
157	23	61
157	24	58
157	25	54
157	26	42
157	27	38
157	28	48
157	29	38
157	30	42
157	31	51
157	32	43
157	33	28
157	34	33
157	35	32
157	36	29
157	37	16
157	38	29
157	39	27
157	40	21
157	41	20
157	42	17
157	43	18
157	44	19
157	45	8
157	46	17
157	47	13
157	48	13
157	49	9
157	50	13
157	51	8
157	52	9
157	53	14
157	54	5
157	55	8
157	56	5
157	57	5
157	58	9
157	59	4
157	60	3
157	61	4
157	62	4
157	63	2
157	64	4
157	65	4
157	66	2
157	68	1
157	70	3
157	71	2
157	72	2
157	73	1
157	74	1
157	75	1
157	78	1
157	83	1
157	88	2
157	90	1
157	94	1
157	99	1
157	119	1
158	0	13
158	1	19
158	2	27
158	3	42
158	4	46
158	5	59
158	6	59
158	7	56
158	8	81
158	9	79
158	10	88
158	11	88
158	12	79
158	13	76
158	14	74
158	15	81
158	16	87
158	17	86
158	18	59
158	19	56
158	20	58
158	21	51
158	22	67
158	23	57
158	24	55
158	25	43
158	26	55
158	27	48
158	28	37
158	29	41
158	30	38
158	31	41
158	32	41
158	33	28
158	34	21
158	35	28
158	36	14
158	37	20
158	38	22
158	39	16
158	40	28
158	41	23
158	42	18
158	43	16
158	44	17
158	45	12
158	46	9
158	47	8
158	48	11
158	49	12
158	50	10
158	51	12
158	52	9
158	53	8
158	54	1
158	55	14
158	56	3
158	57	6
158	58	6
158	59	6
158	60	4
158	61	1
158	62	2
158	63	3
158	64	1
158	65	1
158	66	3
158	67	2
158	68	3
158	69	1
158	70	3
158	73	2
158	74	1
158	76	2
158	77	1
158	81	1
158	84	1
158	85	1
158	89	1
158	91	1
159	0	17
159	1	27
159	2	18
159	3	36
159	4	27
159	5	43
159	6	54
159	7	40
159	8	70
159	9	56
159	10	63
159	11	87
159	12	79
159	13	69
159	14	80
159	15	72
159	16	59
159	17	64
159	18	67
159	19	63
159	20	53
159	21	67
159	22	59
159	23	48
159	24	41
159	25	56
159	26	56
159	27	41
159	28	29
159	29	46
159	30	38
159	31	36
159	32	38
159	33	44
159	34	20
159	35	34
159	36	29
159	37	18
159	38	21
159	39	25
159	40	19
159	41	18
159	42	19
159	43	18
159	44	10
159	45	10
159	46	14
159	47	15
159	48	13
159	49	17
159	50	12
159	51	2
159	52	11
159	53	8
159	54	5
159	55	2
159	56	3
159	57	6
159	58	3
159	59	4
159	60	3
159	61	5
159	62	3
159	63	2
159	64	3
159	65	2
159	66	3
159	67	2
159	68	2
159	69	1
159	70	4
159	71	1
159	72	2
159	77	1
159	79	1
159	81	2
159	97	1
159	102	1
159	104	1
159	111	1
159	114	1
160	0	10
160	1	20
160	2	38
160	3	39
160	4	30
160	5	44
160	6	56
160	7	55
160	8	77
160	9	68
160	10	59
160	11	85
160	12	89
160	13	95
160	14	67
160	15	69
160	16	64
160	17	90
160	18	55
160	19	76
160	20	50
160	21	57
160	22	48
160	23	50
160	24	52
160	25	52
160	26	51
160	27	31
160	28	46
160	29	54
160	30	40
160	31	34
160	32	30
160	33	27
160	34	26
160	35	29
160	36	35
160	37	20
160	38	32
160	39	19
160	40	13
160	41	18
160	42	16
160	43	8
160	44	20
160	45	13
160	46	8
160	47	12
160	48	11
160	49	9
160	50	11
160	51	10
160	52	6
160	53	7
160	54	5
160	55	5
160	56	3
160	57	4
160	58	3
160	60	3
160	61	2
160	62	6
160	63	3
160	64	2
160	65	6
160	67	1
160	68	1
160	69	4
160	70	2
160	72	1
160	73	1
160	74	1
160	78	2
160	79	1
160	80	1
160	85	1
160	86	1
160	88	1
160	93	1
160	106	1
161	0	15
161	1	18
161	2	23
161	3	44
161	4	51
161	5	48
161	6	54
161	7	58
161	8	77
161	9	81
161	10	82
161	11	76
161	12	72
161	13	64
161	14	76
161	15	82
161	16	70
161	17	59
161	18	63
161	19	76
161	20	55
161	21	77
161	22	62
161	23	57
161	24	49
161	25	48
161	26	49
161	27	51
161	28	41
161	29	38
161	30	44
161	31	33
161	32	30
161	33	33
161	34	29
161	35	26
161	36	31
161	37	32
161	38	17
161	39	21
161	40	25
161	41	23
161	42	10
161	43	25
161	44	7
161	45	19
161	46	14
161	47	9
161	48	9
161	49	11
161	50	13
161	51	6
161	52	12
161	53	5
161	54	7
161	55	8
161	56	11
161	57	5
161	58	4
161	59	2
161	60	7
161	61	4
161	62	1
161	64	3
161	65	3
161	66	1
161	67	1
161	68	2
161	70	3
161	71	1
161	74	1
161	76	1
161	82	1
161	83	1
161	85	1
161	88	1
161	89	1
161	90	1
161	93	2
162	0	10
162	1	20
162	2	23
162	3	24
162	4	42
162	5	49
162	6	56
162	7	69
162	8	60
162	9	59
162	10	65
162	11	75
162	12	69
162	13	59
162	14	71
162	15	65
162	16	80
162	17	73
162	18	60
162	19	67
162	20	63
162	21	69
162	22	53
162	23	60
162	24	43
162	25	55
162	26	51
162	27	41
162	28	33
162	29	47
162	30	34
162	31	23
162	32	37
162	33	40
162	34	33
162	35	21
162	36	19
162	37	30
162	38	25
162	39	12
162	40	23
162	41	14
162	42	14
162	43	7
162	44	9
162	45	13
162	46	14
162	47	10
162	48	9
162	49	13
162	50	12
162	51	7
162	52	9
162	53	4
162	54	4
162	55	6
162	56	2
162	57	4
162	58	5
162	59	3
162	60	2
162	61	1
162	62	7
162	63	1
162	64	1
162	67	4
162	68	4
162	69	1
162	71	1
162	74	1
162	76	1
162	78	2
162	79	1
162	82	1
162	84	2
162	88	1
162	90	2
162	91	1
162	94	1
162	101	1
162	104	1
162	107	1
162	122	1
163	0	15
163	1	14
163	2	29
163	3	26
163	4	37
163	5	48
163	6	71
163	7	73
163	8	65
163	9	71
163	10	73
163	11	69
163	12	79
163	13	70
163	14	59
163	15	73
163	16	75
163	17	62
163	18	68
163	19	55
163	20	60
163	21	49
163	22	63
163	23	45
163	24	54
163	25	44
163	26	42
163	27	30
163	28	35
163	29	44
163	30	36
163	31	38
163	32	19
163	33	33
163	34	29
163	35	26
163	36	18
163	37	21
163	38	23
163	39	15
163	40	13
163	41	11
163	42	11
163	43	10
163	44	14
163	45	14
163	46	13
163	47	14
163	48	5
163	49	11
163	50	10
163	51	6
163	52	6
163	53	2
163	54	4
163	55	11
163	56	3
163	57	6
163	58	3
163	59	5
163	60	5
163	61	3
163	62	5
163	63	1
163	64	2
163	65	2
163	66	1
163	67	2
163	68	1
163	69	3
163	71	3
163	73	3
163	74	2
163	76	1
163	78	2
163	89	1
164	0	11
164	1	15
164	2	29
164	3	31
164	4	35
164	5	40
164	6	48
164	7	60
164	8	52
164	9	58
164	10	66
164	11	73
164	12	63
164	13	61
164	14	70
164	15	62
164	16	65
164	17	72
164	18	60
164	19	59
164	20	56
164	21	52
164	22	60
164	23	42
164	24	55
164	25	33
164	26	37
164	27	38
164	28	33
164	29	34
164	30	36
164	31	25
164	32	35
164	33	19
164	34	22
164	35	20
164	36	20
164	37	17
164	38	17
164	39	13
164	40	13
164	41	16
164	42	11
164	43	11
164	44	15
164	45	9
164	46	12
164	47	9
164	48	8
164	49	3
164	50	4
164	51	6
164	52	3
164	53	6
164	54	7
164	55	6
164	56	5
164	57	4
164	58	9
164	59	1
164	60	2
164	61	3
164	62	4
164	63	1
164	64	2
164	65	3
164	66	4
164	68	1
164	69	1
164	71	2
164	76	2
164	78	1
164	80	1
164	82	1
164	84	1
164	85	1
164	89	1
164	95	1
164	102	1
164	122	1
164	136	1
165	0	19
165	1	18
165	2	21
165	3	33
165	4	28
165	5	46
165	6	53
165	7	67
165	8	60
165	9	56
165	10	60
165	11	69
165	12	60
165	13	59
165	14	78
165	15	68
165	16	63
165	17	64
165	18	59
165	19	52
165	20	58
165	21	47
165	22	52
165	23	55
165	24	38
165	25	47
165	26	34
165	27	30
165	28	31
165	29	32
165	30	26
165	31	25
165	32	14
165	33	23
165	34	23
165	35	25
165	36	14
165	37	19
165	38	18
165	39	16
165	40	13
165	41	17
165	42	15
165	43	9
165	44	10
165	45	8
165	46	16
165	47	7
165	48	5
165	49	3
165	50	5
165	51	7
165	52	5
165	53	4
165	54	8
165	55	7
165	56	3
165	57	5
165	58	1
165	59	3
165	60	2
165	61	2
165	62	1
165	63	4
165	64	3
165	65	5
165	66	1
165	68	1
165	69	3
165	70	1
165	71	1
165	73	4
165	79	2
165	82	1
165	84	1
165	85	1
165	91	1
165	106	1
166	0	14
166	1	26
166	2	31
166	3	41
166	4	45
166	5	41
166	6	56
166	7	61
166	8	77
166	9	78
166	10	74
166	11	83
166	12	75
166	13	78
166	14	64
166	15	70
166	16	69
166	17	67
166	18	63
166	19	81
166	20	53
166	21	59
166	22	49
166	23	46
166	24	38
166	25	30
166	26	39
166	27	52
166	28	31
166	29	46
166	30	35
166	31	18
166	32	25
166	33	19
166	34	22
166	35	31
166	36	27
166	37	16
166	38	17
166	39	18
166	40	19
166	41	10
166	42	13
166	43	13
166	44	8
166	45	5
166	46	12
166	47	9
166	48	7
166	49	10
166	50	9
166	51	7
166	52	4
166	53	4
166	54	3
166	55	7
166	56	3
166	57	5
166	58	2
166	59	4
166	60	3
166	61	3
166	62	2
166	63	1
166	64	1
166	65	2
166	66	3
166	68	1
166	70	1
166	73	3
166	76	1
166	81	1
166	84	1
166	90	1
166	92	2
166	94	1
166	95	1
167	0	17
167	1	17
167	2	26
167	3	33
167	4	48
167	5	59
167	6	72
167	7	77
167	8	59
167	9	70
167	10	88
167	11	81
167	12	80
167	13	75
167	14	68
167	15	77
167	16	67
167	17	64
167	18	65
167	19	59
167	20	66
167	21	54
167	22	50
167	23	58
167	24	33
167	25	45
167	26	34
167	27	47
167	28	38
167	29	31
167	30	28
167	31	32
167	32	23
167	33	23
167	34	18
167	35	17
167	36	18
167	37	30
167	38	17
167	39	14
167	40	14
167	41	15
167	42	16
167	43	11
167	44	10
167	45	9
167	46	11
167	47	10
167	48	7
167	49	1
167	50	9
167	51	8
167	52	7
167	53	4
167	54	5
167	55	3
167	56	2
167	57	2
167	58	4
167	59	2
167	60	3
167	61	4
167	62	3
167	63	2
167	64	1
167	65	1
167	66	3
167	67	1
167	68	1
167	69	1
167	71	1
167	72	1
167	73	1
167	75	2
167	79	1
167	80	1
167	88	1
167	90	1
167	96	1
167	120	1
168	0	7
168	1	13
168	2	13
168	3	11
168	4	19
168	5	33
168	6	34
168	7	37
168	8	53
168	9	37
168	10	51
168	11	43
168	12	50
168	13	52
168	14	52
168	15	54
168	16	66
168	17	32
168	18	42
168	19	49
168	20	42
168	21	40
168	22	32
168	23	34
168	24	41
168	25	38
168	26	35
168	27	26
168	28	34
168	29	26
168	30	25
168	31	26
168	32	26
168	33	24
168	34	19
168	35	19
168	36	16
168	37	24
168	38	15
168	39	14
168	40	17
168	41	5
168	42	20
168	43	14
168	44	6
168	45	12
168	46	6
168	47	5
168	48	9
168	49	5
168	50	8
168	51	7
168	52	8
168	53	7
168	54	7
168	55	6
168	56	2
168	57	3
168	58	4
168	59	5
168	60	4
168	61	2
168	62	1
168	63	1
168	64	3
168	66	1
168	67	1
168	70	1
168	71	1
168	72	1
168	73	1
168	74	1
168	76	1
168	78	1
168	79	1
168	80	2
168	81	1
168	82	1
168	83	1
168	102	1
169	0	4
169	1	11
169	2	24
169	3	26
169	4	30
169	5	28
169	6	44
169	7	47
169	8	50
169	9	45
169	10	37
169	11	34
169	12	44
169	13	53
169	14	49
169	15	39
169	16	55
169	17	49
169	18	49
169	19	53
169	20	45
169	21	33
169	22	34
169	23	42
169	24	32
169	25	24
169	26	38
169	27	36
169	28	20
169	29	21
169	30	29
169	31	34
169	32	22
169	33	19
169	34	26
169	35	15
169	36	23
169	37	11
169	38	11
169	39	22
169	40	14
169	41	19
169	42	8
169	43	13
169	44	8
169	45	4
169	46	6
169	47	5
169	48	6
169	49	6
169	50	5
169	51	9
169	52	8
169	53	5
169	54	1
169	55	3
169	56	6
169	57	4
169	58	5
169	59	7
169	60	3
169	61	2
169	62	1
169	63	3
169	64	1
169	65	2
169	66	4
169	68	1
169	70	1
169	71	1
169	73	2
169	78	1
169	80	1
169	100	1
170	0	13
170	1	14
170	2	13
170	3	12
170	4	24
170	5	26
170	6	27
170	7	34
170	8	44
170	9	42
170	10	42
170	11	35
170	12	42
170	13	49
170	14	44
170	15	41
170	16	39
170	17	38
170	18	32
170	19	33
170	20	30
170	21	30
170	22	53
170	23	48
170	24	28
170	25	24
170	26	18
170	27	27
170	28	23
170	29	24
170	30	26
170	31	19
170	32	23
170	33	19
170	34	13
170	35	14
170	36	13
170	37	17
170	38	9
170	39	13
170	40	12
170	41	20
170	42	5
170	43	9
170	44	10
170	45	5
170	46	8
170	47	10
170	48	4
170	49	8
170	50	3
170	51	3
170	52	8
170	53	10
170	54	3
170	55	7
170	56	3
170	57	3
170	58	1
170	59	5
170	61	2
170	62	4
170	63	1
170	64	1
170	66	1
170	67	3
170	71	1
170	72	3
170	73	4
170	74	1
170	83	1
170	88	1
170	92	1
170	100	1
171	0	6
171	1	17
171	2	13
171	3	20
171	4	21
171	5	24
171	6	30
171	7	28
171	8	30
171	9	37
171	10	32
171	11	35
171	12	41
171	13	39
171	14	43
171	15	25
171	16	23
171	17	33
171	18	21
171	19	26
171	20	28
171	21	21
171	22	28
171	23	21
171	24	17
171	25	21
171	26	14
171	27	11
171	28	10
171	29	15
171	30	8
171	31	6
171	32	4
171	33	6
171	34	9
171	35	8
171	36	6
171	37	6
171	38	9
171	39	5
171	40	9
171	41	9
171	42	4
171	43	3
171	44	6
171	45	2
171	46	4
171	47	2
171	48	4
171	49	4
171	50	2
171	51	2
171	52	2
171	53	3
171	54	3
171	55	1
171	58	1
171	59	2
171	60	2
171	62	4
171	72	1
171	84	1
172	0	6
172	1	10
172	2	13
172	3	14
172	4	21
172	5	33
172	6	29
172	7	34
172	8	40
172	9	42
172	10	44
172	11	41
172	12	35
172	13	43
172	14	45
172	15	35
172	16	36
172	17	40
172	18	34
172	19	31
172	20	33
172	21	33
172	22	29
172	23	42
172	24	21
172	25	23
172	26	26
172	27	20
172	28	22
172	29	11
172	30	21
172	31	22
172	32	20
172	33	13
172	34	14
172	35	19
172	36	9
172	37	15
172	38	11
172	39	11
172	40	9
172	41	14
172	42	9
172	43	14
172	44	6
172	45	5
172	46	2
172	47	9
172	48	9
172	49	5
172	50	3
172	51	4
172	52	3
172	53	3
172	54	1
172	55	2
172	56	1
172	57	3
172	59	2
172	60	1
172	61	1
172	62	2
172	65	3
172	66	1
172	68	2
172	70	2
172	74	1
172	76	1
172	77	2
172	78	1
172	85	1
173	0	9
173	1	10
173	2	11
173	3	16
173	4	27
173	5	32
173	6	32
173	7	30
173	8	34
173	9	27
173	10	34
173	11	38
173	12	48
173	13	38
173	14	39
173	15	36
173	16	53
173	17	33
173	18	39
173	19	34
173	20	43
173	21	37
173	22	26
173	23	34
173	24	31
173	25	26
173	26	31
173	27	19
173	28	28
173	29	31
173	30	17
173	31	22
173	32	13
173	33	24
173	34	13
173	35	9
173	36	9
173	37	15
173	38	18
173	39	4
173	40	8
173	41	9
173	42	5
173	43	15
173	44	8
173	45	10
173	46	7
173	47	6
173	48	10
173	49	9
173	50	1
173	51	2
173	52	4
173	54	7
173	55	7
173	56	1
173	58	1
173	59	5
173	60	2
173	61	1
173	62	2
173	63	4
173	67	1
173	68	1
173	70	1
173	72	1
173	73	1
173	75	1
173	88	2
173	93	1
174	0	6
174	1	6
174	2	15
174	3	24
174	4	27
174	5	26
174	6	33
174	7	38
174	8	28
174	9	40
174	10	29
174	11	40
174	12	41
174	13	37
174	14	29
174	15	50
174	16	37
174	17	50
174	18	45
174	19	45
174	20	38
174	21	37
174	22	33
174	23	27
174	24	22
174	25	25
174	26	18
174	27	25
174	28	25
174	29	23
174	30	19
174	31	14
174	32	17
174	33	20
174	34	16
174	35	9
174	36	18
174	37	8
174	38	8
174	39	18
174	40	12
174	41	12
174	42	8
174	43	10
174	44	11
174	45	12
174	46	8
174	47	4
174	48	8
174	49	7
174	50	3
174	51	7
174	52	3
174	53	2
174	54	4
174	55	4
174	56	2
174	58	1
174	59	2
174	60	3
174	61	1
174	62	3
174	63	1
174	64	1
174	65	1
174	66	1
174	68	1
174	70	1
174	72	1
174	73	1
174	75	1
174	77	1
174	78	1
174	81	1
174	92	1
174	111	1
175	0	5
175	1	5
175	2	12
175	3	19
175	4	25
175	5	28
175	6	42
175	7	35
175	8	37
175	9	45
175	10	41
175	11	37
175	12	38
175	13	39
175	14	36
175	15	52
175	16	35
175	17	48
175	18	44
175	19	31
175	20	29
175	21	31
175	22	32
175	23	28
175	24	28
175	25	23
175	26	30
175	27	20
175	28	19
175	29	21
175	30	14
175	31	23
175	32	17
175	33	17
175	34	11
175	35	16
175	36	16
175	37	9
175	38	13
175	39	19
175	40	5
175	41	10
175	42	8
175	43	9
175	44	9
175	45	10
175	46	8
175	47	3
175	48	6
175	49	15
175	50	12
175	51	8
175	52	6
175	53	1
175	54	6
175	55	1
175	56	2
175	57	3
175	58	1
175	60	1
175	61	1
175	62	1
175	63	1
175	64	3
175	65	1
175	70	1
175	76	1
175	82	1
175	87	1
175	91	1
175	98	1
176	0	7
176	1	11
176	2	18
176	3	28
176	4	12
176	5	22
176	6	37
176	7	33
176	8	38
176	9	46
176	10	51
176	11	42
176	12	40
176	13	47
176	14	48
176	15	35
176	16	40
176	17	36
176	18	38
176	19	41
176	20	34
176	21	25
176	22	23
176	23	27
176	24	33
176	25	34
176	26	22
176	27	22
176	28	26
176	29	20
176	30	34
176	31	22
176	32	22
176	33	12
176	34	11
176	35	14
176	36	12
176	37	15
176	38	10
176	39	8
176	40	8
176	41	10
176	42	7
176	43	9
176	44	9
176	45	7
176	46	12
176	47	1
176	48	7
176	49	4
176	50	9
176	51	3
176	52	3
176	53	3
176	54	3
176	55	4
176	56	3
176	57	1
176	58	1
176	59	4
176	60	1
176	62	4
176	63	2
176	64	3
176	65	1
176	66	1
176	67	1
176	74	2
176	81	1
176	83	1
176	90	1
176	91	1
177	0	4
177	1	10
177	2	18
177	3	16
177	4	28
177	5	18
177	6	36
177	7	39
177	8	37
177	9	35
177	10	51
177	11	46
177	12	45
177	13	41
177	14	40
177	15	44
177	16	39
177	17	48
177	18	33
177	19	34
177	20	39
177	21	37
177	22	34
177	23	31
177	24	27
177	25	23
177	26	23
177	27	23
177	28	30
177	29	24
177	30	26
177	31	21
177	32	27
177	33	16
177	34	12
177	35	19
177	36	11
177	37	9
177	38	9
177	39	10
177	40	5
177	41	9
177	42	6
177	43	7
177	44	7
177	45	5
177	46	9
177	47	9
177	48	7
177	49	5
177	50	9
177	51	7
177	52	5
177	53	2
177	54	3
177	55	2
177	56	6
177	57	1
177	59	2
177	60	3
177	61	2
177	62	2
177	63	3
177	64	2
177	65	1
177	66	1
177	69	1
177	72	1
177	77	2
177	78	1
177	80	1
177	93	1
177	97	1
178	0	6
178	1	10
178	2	17
178	3	21
178	4	22
178	5	31
178	6	29
178	7	33
178	8	29
178	9	38
178	10	45
178	11	41
178	12	41
178	13	40
178	14	45
178	15	41
178	16	28
178	17	34
178	18	34
178	19	35
178	20	31
178	21	29
178	22	37
178	23	23
178	24	26
178	25	34
178	26	22
178	27	18
178	28	18
178	29	25
178	30	27
178	31	16
178	32	10
178	33	22
178	34	12
178	35	11
178	36	10
178	37	11
178	38	18
178	39	12
178	40	10
178	41	13
178	42	12
178	43	8
178	44	6
178	45	8
178	46	9
178	47	7
178	48	8
178	49	5
178	50	5
178	51	3
178	52	8
178	53	4
178	55	5
178	56	5
178	57	3
178	59	1
178	60	7
178	61	2
178	63	1
178	64	1
178	66	2
178	68	3
178	69	1
178	72	1
178	73	2
178	75	3
178	80	1
178	110	1
179	0	10
179	1	8
179	2	19
179	3	24
179	4	28
179	5	26
179	6	39
179	7	47
179	8	39
179	9	48
179	10	51
179	11	52
179	12	48
179	13	51
179	14	44
179	15	56
179	16	59
179	17	47
179	18	46
179	19	35
179	20	36
179	21	38
179	22	38
179	23	40
179	24	45
179	25	26
179	26	25
179	27	26
179	28	12
179	29	22
179	30	19
179	31	21
179	32	21
179	33	15
179	34	16
179	35	20
179	36	19
179	37	15
179	38	13
179	39	8
179	40	10
179	41	6
179	42	11
179	43	9
179	44	11
179	45	3
179	46	6
179	47	7
179	48	3
179	49	3
179	50	3
179	51	6
179	52	4
179	53	3
179	54	7
179	55	2
179	56	3
179	57	4
179	58	2
179	59	4
179	60	4
179	61	1
179	63	3
179	64	3
179	66	1
179	68	1
179	71	1
179	72	3
179	74	1
179	75	1
179	76	1
179	79	2
179	84	1
179	100	1
180	0	4
180	1	14
180	2	14
180	3	21
180	4	32
180	5	36
180	6	38
180	7	51
180	8	38
180	9	40
180	10	59
180	11	40
180	12	59
180	13	45
180	14	47
180	15	45
180	16	39
180	17	69
180	18	39
180	19	39
180	20	28
180	21	26
180	22	35
180	23	38
180	24	38
180	25	17
180	26	16
180	27	17
180	28	13
180	29	17
180	30	17
180	31	16
180	32	18
180	33	19
180	34	9
180	35	13
180	36	8
180	37	10
180	38	5
180	39	8
180	40	12
180	41	8
180	42	10
180	43	4
180	44	7
180	45	4
180	46	4
180	47	10
180	48	6
180	49	3
180	50	4
180	51	3
180	52	2
180	53	3
180	54	2
180	55	3
180	57	5
180	58	4
180	59	6
180	60	3
180	65	1
180	66	1
180	68	1
180	71	1
180	75	1
180	77	1
180	78	1
181	0	5
181	1	8
181	2	6
181	3	8
181	4	11
181	5	11
181	6	15
181	7	20
181	8	24
181	9	28
181	10	34
181	11	12
181	12	24
181	13	40
181	14	35
181	15	19
181	16	18
181	17	19
181	18	26
181	19	29
181	20	23
181	21	21
181	22	22
181	23	19
181	24	17
181	25	22
181	26	23
181	27	22
181	28	4
181	29	14
181	30	20
181	31	14
181	32	16
181	33	8
181	34	9
181	35	13
181	36	13
181	37	4
181	38	10
181	39	7
181	40	7
181	41	7
181	42	4
181	43	3
181	44	7
181	45	7
181	46	3
181	47	6
181	48	6
181	49	1
181	50	5
181	51	5
181	52	4
181	53	4
181	55	2
181	56	2
181	57	4
181	59	2
181	60	1
181	62	3
181	63	1
181	64	2
181	65	1
181	66	2
181	72	1
181	73	1
181	74	1
181	78	1
181	81	1
181	82	1
181	90	2
181	91	1
181	96	1
181	106	1
182	0	4
182	1	6
182	2	7
182	3	19
182	4	15
182	5	15
182	6	29
182	7	20
182	8	32
182	9	18
182	10	29
182	11	20
182	12	31
182	13	21
182	14	22
182	15	25
182	16	26
182	17	29
182	18	25
182	19	29
182	20	16
182	21	23
182	22	31
182	23	16
182	24	14
182	25	21
182	26	18
182	27	14
182	28	20
182	29	17
182	30	21
182	31	20
182	32	14
182	33	9
182	34	9
182	35	12
182	36	6
182	37	11
182	38	10
182	39	5
182	40	8
182	41	3
182	42	5
182	43	7
182	44	10
182	45	10
182	46	7
182	47	1
182	48	4
182	49	1
182	50	7
182	52	2
182	53	2
182	54	3
182	55	4
182	56	1
182	57	2
182	59	4
182	60	3
182	61	2
182	64	1
182	66	1
182	67	1
182	68	1
182	70	1
182	72	1
182	74	2
182	78	1
182	82	1
182	88	1
182	90	1
183	0	5
183	1	5
183	2	13
183	3	13
183	4	18
183	5	13
183	6	21
183	7	14
183	8	25
183	9	19
183	10	22
183	11	26
183	12	26
183	13	35
183	14	31
183	15	23
183	16	20
183	17	29
183	18	31
183	19	20
183	20	23
183	21	22
183	22	27
183	23	21
183	24	14
183	25	21
183	26	24
183	27	19
183	28	15
183	29	17
183	30	9
183	31	13
183	32	19
183	33	15
183	34	10
183	35	4
183	36	7
183	37	15
183	38	14
183	39	8
183	40	7
183	41	9
183	42	4
183	43	9
183	44	7
183	45	5
183	46	4
183	47	4
183	48	3
183	49	4
183	50	2
183	51	2
183	52	1
183	53	6
183	54	6
183	55	4
183	56	1
183	57	2
183	58	3
183	59	3
183	60	1
183	61	1
183	62	1
183	63	1
183	64	2
183	66	2
183	71	2
183	74	2
183	75	2
183	79	1
183	82	1
183	83	1
183	93	1
183	111	1
184	0	5
184	1	9
184	2	9
184	3	13
184	4	16
184	5	15
184	6	19
184	7	25
184	8	20
184	9	19
184	10	29
184	11	28
184	12	29
184	13	32
184	14	18
184	15	26
184	16	22
184	17	27
184	18	20
184	19	23
184	20	23
184	21	26
184	22	24
184	23	10
184	24	20
184	25	8
184	26	15
184	27	11
184	28	15
184	29	17
184	30	11
184	31	20
184	32	10
184	33	13
184	34	9
184	35	14
184	36	12
184	37	15
184	38	6
184	39	8
184	40	6
184	41	5
184	42	6
184	43	6
184	44	4
184	45	4
184	46	4
184	47	4
184	48	7
184	49	6
184	50	3
184	51	3
184	52	5
184	53	4
184	54	2
184	55	2
184	56	1
184	57	5
184	58	2
184	59	1
184	63	2
184	65	1
184	69	1
184	70	1
184	78	1
184	79	1
184	81	1
184	82	1
185	1	7
185	2	8
185	3	10
185	4	16
185	5	16
185	6	29
185	7	16
185	8	17
185	9	22
185	10	20
185	11	38
185	12	35
185	13	26
185	14	22
185	15	30
185	16	27
185	17	22
185	18	19
185	19	24
185	20	27
185	21	25
185	22	24
185	23	24
185	24	14
185	25	27
185	26	12
185	27	15
185	28	19
185	29	10
185	30	16
185	31	14
185	32	10
185	33	11
185	34	9
185	35	9
185	36	9
185	37	4
185	38	5
185	39	9
185	40	7
185	41	9
185	42	8
185	43	5
185	44	5
185	45	4
185	46	3
185	47	6
185	48	2
185	49	4
185	50	4
185	51	3
185	52	3
185	53	2
185	55	1
185	56	1
185	57	2
185	58	2
185	59	1
185	60	2
185	61	2
185	62	4
185	63	2
185	66	1
185	68	1
185	69	1
185	70	1
185	71	1
185	74	1
185	78	1
185	88	1
186	0	6
186	1	4
186	2	11
186	3	16
186	4	9
186	5	14
186	6	26
186	7	27
186	8	29
186	9	27
186	10	27
186	11	28
186	12	31
186	13	27
186	14	29
186	15	23
186	16	27
186	17	24
186	18	17
186	19	16
186	20	25
186	21	16
186	22	23
186	23	15
186	24	21
186	25	15
186	26	16
186	27	21
186	28	13
186	29	20
186	30	15
186	31	9
186	32	10
186	33	8
186	34	9
186	35	17
186	36	10
186	37	11
186	38	6
186	39	8
186	40	7
186	41	15
186	42	6
186	43	3
186	44	6
186	45	4
186	46	9
186	47	2
186	48	3
186	49	9
186	50	7
186	51	2
186	52	1
186	53	3
186	54	3
186	56	3
186	57	4
186	58	1
186	59	2
186	60	2
186	61	3
186	62	1
186	63	2
186	66	1
186	67	1
186	68	2
186	69	1
186	71	1
186	72	1
186	84	1
186	88	1
186	90	1
186	95	1
186	96	1
186	103	1
186	128	1
187	0	5
187	1	8
187	2	9
187	3	11
187	4	11
187	5	16
187	6	17
187	7	22
187	8	26
187	9	27
187	10	30
187	11	34
187	12	28
187	13	26
187	14	31
187	15	17
187	16	28
187	17	22
187	18	17
187	19	20
187	20	24
187	21	22
187	22	25
187	23	22
187	24	19
187	25	16
187	26	12
187	27	8
187	28	16
187	29	24
187	30	18
187	31	13
187	32	18
187	33	11
187	34	19
187	35	8
187	36	11
187	37	9
187	38	6
187	39	11
187	40	2
187	41	6
187	42	5
187	43	6
187	44	7
187	45	5
187	46	5
187	47	4
187	48	4
187	49	3
187	50	2
187	51	3
187	52	3
187	53	2
187	54	2
187	55	5
187	56	2
187	57	3
187	58	1
187	59	1
187	60	3
187	61	1
187	63	1
187	64	1
187	66	1
187	70	1
187	72	1
187	74	1
187	76	1
187	85	1
187	90	1
187	98	1
188	0	4
188	1	3
188	2	6
188	3	16
188	4	14
188	5	13
188	6	15
188	7	16
188	8	19
188	9	30
188	10	27
188	11	25
188	12	23
188	13	25
188	14	27
188	15	22
188	16	16
188	17	23
188	18	18
188	19	20
188	20	24
188	21	20
188	22	24
188	23	16
188	24	12
188	25	21
188	26	12
188	27	12
188	28	11
188	29	12
188	30	4
188	31	11
188	32	8
188	33	10
188	34	8
188	35	6
188	36	7
188	37	9
188	38	1
188	39	7
188	40	3
188	41	6
188	42	4
188	43	4
188	44	2
188	45	2
188	46	1
188	47	3
188	48	3
188	49	2
188	50	3
188	51	1
188	52	3
188	53	2
188	55	2
188	56	2
188	57	4
188	58	2
188	65	1
188	72	1
188	73	1
188	77	1
188	82	1
189	0	8
189	1	5
189	2	8
189	3	7
189	4	15
189	5	11
189	6	22
189	7	17
189	8	18
189	9	18
189	10	32
189	11	25
189	12	28
189	13	25
189	14	18
189	15	23
189	16	23
189	17	20
189	18	20
189	19	19
189	20	23
189	21	20
189	22	24
189	23	26
189	24	22
189	25	13
189	26	8
189	27	10
189	28	17
189	29	9
189	30	17
189	31	13
189	32	6
189	33	7
189	34	6
189	35	4
189	36	16
189	37	12
189	38	3
189	39	9
189	40	3
189	41	5
189	42	4
189	43	5
189	44	7
189	45	2
189	46	3
189	47	4
189	48	6
189	49	1
189	50	2
189	51	4
189	53	2
189	54	1
189	55	4
189	56	4
189	57	2
189	62	1
189	70	1
189	72	1
189	74	1
189	77	1
189	79	1
190	0	4
190	1	4
190	2	7
190	3	10
190	4	15
190	5	12
190	6	20
190	7	15
190	8	18
190	9	29
190	10	24
190	11	25
190	12	30
190	13	22
190	14	20
190	15	17
190	16	19
190	17	25
190	18	16
190	19	17
190	20	22
190	21	18
190	22	22
190	23	15
190	24	23
190	25	14
190	26	15
190	27	8
190	28	4
190	29	15
190	30	7
190	31	9
190	32	10
190	33	5
190	34	6
190	35	9
190	36	12
190	37	6
190	38	7
190	39	9
190	40	7
190	41	4
190	42	10
190	43	3
190	45	3
190	46	4
190	47	5
190	48	5
190	49	1
190	50	2
190	53	6
190	54	1
190	55	2
190	57	2
190	60	2
190	61	1
190	65	2
190	67	1
190	68	1
190	69	1
190	70	2
190	71	1
190	72	1
190	73	1
190	74	1
190	79	1
190	81	1
190	83	1
190	90	1
191	0	5
191	1	12
191	2	7
191	3	12
191	4	20
191	5	11
191	6	19
191	7	13
191	8	13
191	9	23
191	10	15
191	11	28
191	12	20
191	13	21
191	14	31
191	15	30
191	16	26
191	17	17
191	18	21
191	19	18
191	20	24
191	21	19
191	22	17
191	23	16
191	24	15
191	25	17
191	26	14
191	27	15
191	28	9
191	29	15
191	30	10
191	31	13
191	32	7
191	33	12
191	34	12
191	35	9
191	36	5
191	37	5
191	38	6
191	39	4
191	40	3
191	41	3
191	42	5
191	43	6
191	44	1
191	46	5
191	47	5
191	48	2
191	49	3
191	50	4
191	51	4
191	53	2
191	54	2
191	55	3
191	58	2
191	59	4
191	60	1
191	61	1
191	63	1
191	64	1
191	65	1
191	66	1
191	67	1
191	68	1
191	72	1
191	75	1
191	78	1
191	86	1
191	112	1
191	142	1
192	0	4
192	1	5
192	2	4
192	3	11
192	4	20
192	5	20
192	6	18
192	7	23
192	8	15
192	9	16
192	10	20
192	11	19
192	12	24
192	13	25
192	14	14
192	15	16
192	16	43
192	17	21
192	18	19
192	19	17
192	20	16
192	21	23
192	22	20
192	23	11
192	24	16
192	25	21
192	26	21
192	27	11
192	28	7
192	29	14
192	30	13
192	31	8
192	32	11
192	33	12
192	34	12
192	35	8
192	36	2
192	37	3
192	38	10
192	39	11
192	40	8
192	41	7
192	42	3
192	43	4
192	44	3
192	45	6
192	46	7
192	47	5
192	48	1
192	49	4
192	50	1
192	51	3
192	52	2
192	53	1
192	54	7
192	55	1
192	56	1
192	57	2
192	58	2
192	59	3
192	61	1
192	64	2
192	65	1
192	66	1
192	70	1
192	76	1
192	79	2
192	85	1
192	87	1
193	0	7
193	1	3
193	2	3
193	3	6
193	4	15
193	5	12
193	6	13
193	7	10
193	8	20
193	9	30
193	10	17
193	11	22
193	12	22
193	13	27
193	14	22
193	15	16
193	16	22
193	17	23
193	18	23
193	19	18
193	20	20
193	21	10
193	22	18
193	23	8
193	24	16
193	25	14
193	26	16
193	27	12
193	28	11
193	29	13
193	30	7
193	31	9
193	32	4
193	33	7
193	34	9
193	35	9
193	36	10
193	37	9
193	38	6
193	39	6
193	40	3
193	41	3
193	42	6
193	43	6
193	44	2
193	45	7
193	46	8
193	47	2
193	48	4
193	49	1
193	50	4
193	52	1
193	53	5
193	54	2
193	55	2
193	56	3
193	57	1
193	58	1
193	60	4
193	62	1
193	63	2
193	66	1
193	68	1
193	71	1
193	72	1
193	76	1
193	77	1
193	78	1
194	0	2
194	1	6
194	2	4
194	3	3
194	4	7
194	5	20
194	6	12
194	7	17
194	8	18
194	9	16
194	10	19
194	11	19
194	12	10
194	13	20
194	14	25
194	15	19
194	16	17
194	17	20
194	18	15
194	19	8
194	20	10
194	21	12
194	22	13
194	23	10
194	24	7
194	25	12
194	26	14
194	27	3
194	28	15
194	29	6
194	30	10
194	31	8
194	32	12
194	33	8
194	34	6
194	35	5
194	36	5
194	37	10
194	38	6
194	39	5
194	40	8
194	41	3
194	42	6
194	43	6
194	44	1
194	45	3
194	46	4
194	47	4
194	48	2
194	49	1
194	50	2
194	51	4
194	52	1
194	53	1
194	54	2
194	55	2
194	56	1
194	57	1
194	58	1
194	67	2
194	70	1
194	73	1
194	78	1
195	0	2
195	1	7
195	2	4
195	3	8
195	4	6
195	5	10
195	6	13
195	7	6
195	8	17
195	9	12
195	10	14
195	11	13
195	12	22
195	13	17
195	14	8
195	15	17
195	16	19
195	17	17
195	18	19
195	19	13
195	20	18
195	21	16
195	22	13
195	23	18
195	24	8
195	25	9
195	26	8
195	27	12
195	28	11
195	29	8
195	30	8
195	31	11
195	32	5
195	33	7
195	34	5
195	35	9
195	36	5
195	37	7
195	38	4
195	39	3
195	40	5
195	41	2
195	42	5
195	43	4
195	44	3
195	45	4
195	46	4
195	47	5
195	49	2
195	50	4
195	51	4
195	52	1
195	53	1
195	55	2
195	57	2
195	61	1
195	62	1
195	65	2
195	66	2
195	68	1
195	73	1
195	76	1
195	79	1
195	98	1
196	1	4
196	2	3
196	3	8
196	4	8
196	5	9
196	6	18
196	7	12
196	8	10
196	9	15
196	10	13
196	11	22
196	12	19
196	13	12
196	14	13
196	15	10
196	16	10
196	17	9
196	18	11
196	19	18
196	20	17
196	21	13
196	22	4
196	23	8
196	24	5
196	25	6
196	26	4
196	27	9
196	28	7
196	29	4
196	30	7
196	31	5
196	32	3
196	33	1
196	34	3
196	36	2
196	37	3
196	38	2
196	39	1
196	40	3
196	42	1
196	44	1
196	46	1
196	48	2
196	51	3
196	53	1
196	59	1
197	0	1
197	1	2
197	2	2
197	3	5
197	4	7
197	5	11
197	6	9
197	7	18
197	8	17
197	9	15
197	10	7
197	11	14
197	12	16
197	13	14
197	14	14
197	15	13
197	16	13
197	17	14
197	18	10
197	19	6
197	20	11
197	21	13
197	22	14
197	23	6
197	24	15
197	25	9
197	26	15
197	27	9
197	28	6
197	29	6
197	30	9
197	31	13
197	32	7
197	33	4
197	34	8
197	35	10
197	36	8
197	37	3
197	38	3
197	39	1
197	40	7
197	41	2
197	42	2
197	43	1
197	44	1
197	45	4
197	46	1
197	47	1
197	48	6
197	49	1
197	50	4
197	52	3
197	53	2
197	54	2
197	55	1
197	57	2
197	58	1
197	59	1
197	60	2
197	61	1
197	65	1
197	67	2
197	72	1
197	73	1
197	74	1
198	0	3
198	1	5
198	2	4
198	3	3
198	4	11
198	5	7
198	6	9
198	7	16
198	8	15
198	9	19
198	10	22
198	11	13
198	12	20
198	13	15
198	14	9
198	15	11
198	16	13
198	17	15
198	18	16
198	19	11
198	20	20
198	21	9
198	22	9
198	23	8
198	24	9
198	25	8
198	26	10
198	27	11
198	28	10
198	29	9
198	30	10
198	31	6
198	32	7
198	33	6
198	34	11
198	35	8
198	36	7
198	37	2
198	38	7
198	39	8
198	40	6
198	41	5
198	42	7
198	43	4
198	44	2
198	45	1
198	46	4
198	47	5
198	48	3
198	49	2
198	51	1
198	52	1
198	54	1
198	55	2
198	58	2
198	59	3
198	60	3
198	62	2
198	64	1
198	66	1
198	67	1
198	68	3
198	70	1
198	87	1
198	88	1
199	0	1
199	1	3
199	2	6
199	3	4
199	4	8
199	5	6
199	6	13
199	7	8
199	8	8
199	9	15
199	10	20
199	11	15
199	12	15
199	13	19
199	14	20
199	15	19
199	16	7
199	17	19
199	18	21
199	19	9
199	20	17
199	21	14
199	22	16
199	23	12
199	24	8
199	25	15
199	26	10
199	27	8
199	28	13
199	29	9
199	30	9
199	31	6
199	32	7
199	33	5
199	34	4
199	35	2
199	36	3
199	37	5
199	38	3
199	39	6
199	40	5
199	41	5
199	42	3
199	43	1
199	44	5
199	45	5
199	46	1
199	47	6
199	48	2
199	49	5
199	50	2
199	51	2
199	53	2
199	54	2
199	55	3
199	56	1
199	57	1
199	58	2
199	59	1
199	61	1
199	64	1
199	67	1
199	68	1
199	70	1
199	72	1
199	75	1
199	78	1
199	81	1
200	0	2
200	1	4
200	2	2
200	3	4
200	4	10
200	5	10
200	6	10
200	7	14
200	8	12
200	9	13
200	10	16
200	11	17
200	12	15
200	13	19
200	14	16
200	15	13
200	16	12
200	17	17
200	18	13
200	19	6
200	20	19
200	21	10
200	22	13
200	23	21
200	24	15
200	25	7
200	26	11
200	27	8
200	28	8
200	29	11
200	30	11
200	31	7
200	32	8
200	33	5
200	34	9
200	35	8
200	36	6
200	37	6
200	38	1
200	39	3
200	40	7
200	41	2
200	42	4
200	43	1
200	44	4
200	45	1
200	46	1
200	47	5
200	48	1
200	49	2
200	50	1
200	52	2
200	53	2
200	54	1
200	57	1
200	58	1
200	59	1
200	60	4
200	61	1
200	74	2
200	102	1
201	1	4
201	2	5
201	3	2
201	4	5
201	5	8
201	6	12
201	7	12
201	8	10
201	9	14
201	10	14
201	11	12
201	12	19
201	13	21
201	14	6
201	15	16
201	16	15
201	17	13
201	18	12
201	19	13
201	20	16
201	21	12
201	22	15
201	23	17
201	24	13
201	25	4
201	26	7
201	27	8
201	28	8
201	29	9
201	30	8
201	31	9
201	32	12
201	33	1
201	34	2
201	35	4
201	36	8
201	37	7
201	38	4
201	39	3
201	41	6
201	42	7
201	43	3
201	44	4
201	45	3
201	46	1
201	48	1
201	49	4
201	50	1
201	51	1
201	52	1
201	54	1
201	55	3
201	57	1
201	59	1
201	60	2
201	64	1
201	66	1
201	71	1
201	72	1
201	73	2
201	78	1
201	83	1
201	86	1
201	104	1
202	0	1
202	1	3
202	2	6
202	3	5
202	4	10
202	5	10
202	6	5
202	7	19
202	8	15
202	9	10
202	10	20
202	11	14
202	12	15
202	13	16
202	14	14
202	15	10
202	16	10
202	17	15
202	18	13
202	19	21
202	20	14
202	21	8
202	22	14
202	23	12
202	24	10
202	25	10
202	26	11
202	27	13
202	28	8
202	29	3
202	30	6
202	31	5
202	32	10
202	33	10
202	34	2
202	35	2
202	36	7
202	37	4
202	38	4
202	39	5
202	40	2
202	41	2
202	42	7
202	43	4
202	44	8
202	45	3
202	46	1
202	48	2
202	49	2
202	51	3
202	52	3
202	53	1
202	54	2
202	55	2
202	56	1
202	61	1
202	63	1
202	68	1
202	77	1
202	95	1
203	0	4
203	1	3
203	2	3
203	3	9
203	4	4
203	5	10
203	6	10
203	7	15
203	8	15
203	9	14
203	10	15
203	11	15
203	12	22
203	13	21
203	14	11
203	15	14
203	16	19
203	17	16
203	18	14
203	19	19
203	20	10
203	21	12
203	22	12
203	23	12
203	24	13
203	25	11
203	26	6
203	27	14
203	28	14
203	29	10
203	30	5
203	31	3
203	32	7
203	33	2
203	34	6
203	35	8
203	36	6
203	37	9
203	38	5
203	39	7
203	40	3
203	41	8
203	42	5
203	43	3
203	44	5
203	45	2
203	46	4
203	47	4
203	48	2
203	49	4
203	52	3
203	53	3
203	54	1
203	56	2
203	58	1
203	60	1
203	61	1
203	67	1
203	68	1
203	70	2
203	72	1
203	81	1
204	0	1
204	1	5
204	2	5
204	3	3
204	4	6
204	5	12
204	6	16
204	7	9
204	8	16
204	9	17
204	10	13
204	11	18
204	12	19
204	13	12
204	14	12
204	15	22
204	16	19
204	17	22
204	18	14
204	19	17
204	20	16
204	21	10
204	22	15
204	23	14
204	24	11
204	25	14
204	26	9
204	27	7
204	28	8
204	29	18
204	30	5
204	31	7
204	32	9
204	33	5
204	34	3
204	35	7
204	36	8
204	37	4
204	38	4
204	39	4
204	40	7
204	41	8
204	42	3
204	43	4
204	44	3
204	45	4
204	46	2
204	47	2
204	48	2
204	49	2
204	50	1
204	52	1
204	53	1
204	59	2
204	60	1
204	61	1
204	63	2
204	64	2
204	68	1
204	75	1
204	87	1
205	0	2
205	1	3
205	2	5
205	3	8
205	4	8
205	5	6
205	6	13
205	7	9
205	8	11
205	9	15
205	10	15
205	11	10
205	12	5
205	13	12
205	14	12
205	15	15
205	16	14
205	17	11
205	18	12
205	19	7
205	20	12
205	21	4
205	22	14
205	23	10
205	24	10
205	25	8
205	26	6
205	27	13
205	28	11
205	29	6
205	30	6
205	31	6
205	32	3
205	33	3
205	34	3
205	35	6
205	36	5
205	37	5
205	38	1
205	39	1
205	40	4
205	41	3
205	42	3
205	43	3
205	44	1
205	45	3
205	46	4
205	47	1
205	48	3
205	49	2
205	51	3
205	53	2
205	56	2
205	62	2
205	68	1
206	0	3
206	1	4
206	2	5
206	3	8
206	4	9
206	5	5
206	6	8
206	7	13
206	8	13
206	9	10
206	10	12
206	11	19
206	12	16
206	13	14
206	14	15
206	15	4
206	16	15
206	17	9
206	18	14
206	19	11
206	20	12
206	21	13
206	22	11
206	23	6
206	24	8
206	25	8
206	26	12
206	27	7
206	28	7
206	29	13
206	30	3
206	31	3
206	32	4
206	33	4
206	34	9
206	35	5
206	36	6
206	37	2
206	38	5
206	39	5
206	40	4
206	41	7
206	42	3
206	43	3
206	44	4
206	45	2
206	46	5
206	47	2
206	48	3
206	49	3
206	50	2
206	51	1
206	57	3
206	58	1
206	61	1
206	63	1
206	65	1
206	70	1
206	71	1
206	76	1
207	0	4
207	1	6
207	2	12
207	3	4
207	4	11
207	5	10
207	6	7
207	7	19
207	8	13
207	9	18
207	10	10
207	11	22
207	12	19
207	13	24
207	14	15
207	15	19
207	16	15
207	17	15
207	18	16
207	19	19
207	20	13
207	21	15
207	22	14
207	23	15
207	24	10
207	25	9
207	26	8
207	27	15
207	28	10
207	29	7
207	30	6
207	31	9
207	32	7
207	33	11
207	34	4
207	35	6
207	36	3
207	37	3
207	38	5
207	39	1
207	40	1
207	41	3
207	42	5
207	43	2
207	44	4
207	45	2
207	46	1
207	47	1
207	48	2
207	49	1
207	50	1
207	52	2
207	55	2
207	56	2
207	57	2
207	58	1
207	61	1
207	67	2
207	70	1
207	71	1
207	72	1
207	73	1
208	1	2
208	2	2
208	3	3
208	4	4
208	5	11
208	6	5
208	7	9
208	8	6
208	9	7
208	10	7
208	11	5
208	12	6
208	13	7
208	14	14
208	15	10
208	16	7
208	17	5
208	18	11
208	19	5
208	20	12
208	21	12
208	22	11
208	23	12
208	24	12
208	25	10
208	26	10
208	27	10
208	28	4
208	29	7
208	30	2
208	31	2
208	32	1
208	33	3
208	34	2
208	35	6
208	36	6
208	37	1
208	38	4
208	39	2
208	40	1
208	42	2
208	43	2
208	44	2
208	45	2
208	46	2
208	47	3
208	48	3
208	49	1
208	50	1
208	52	1
208	53	1
208	55	2
208	58	1
208	60	1
208	63	2
208	65	1
208	76	1
208	98	1
209	0	2
209	1	1
209	2	3
209	3	5
209	4	4
209	5	3
209	6	3
209	7	5
209	8	7
209	9	6
209	10	4
209	11	11
209	12	8
209	13	12
209	14	9
209	15	9
209	16	11
209	17	10
209	18	6
209	19	8
209	20	9
209	21	8
209	22	6
209	23	11
209	24	8
209	25	11
209	26	11
209	27	8
209	28	7
209	29	9
209	30	8
209	31	6
209	32	3
209	33	2
209	34	3
209	35	9
209	36	6
209	37	5
209	38	2
209	39	3
209	40	3
209	41	7
209	42	5
209	43	4
209	44	3
209	45	1
209	46	1
209	47	1
209	48	2
209	49	1
209	51	1
209	52	1
209	55	1
209	57	1
209	58	1
209	61	1
209	62	1
209	65	1
209	74	1
209	75	1
209	76	1
209	78	1
209	105	1
209	119	1
210	0	2
210	1	2
210	2	4
210	3	1
210	4	3
210	5	4
210	6	4
210	7	6
210	8	7
210	9	12
210	10	14
210	11	12
210	12	13
210	13	13
210	14	8
210	15	8
210	16	7
210	17	11
210	18	5
210	19	11
210	20	5
210	21	11
210	22	11
210	23	10
210	24	8
210	25	5
210	26	6
210	27	5
210	28	2
210	29	4
210	30	4
210	31	5
210	32	3
210	33	2
210	34	2
210	35	6
210	36	4
210	37	5
210	38	3
210	39	3
210	40	3
210	41	4
210	42	2
210	43	4
210	44	3
210	45	3
210	46	4
210	47	1
210	48	1
210	50	3
210	51	2
210	52	2
210	56	2
210	59	1
210	62	1
210	65	1
210	70	1
210	75	1
210	81	1
211	0	1
211	2	5
211	3	3
211	4	4
211	5	9
211	6	10
211	7	10
211	8	6
211	9	10
211	10	9
211	11	10
211	12	7
211	13	12
211	14	12
211	15	9
211	16	9
211	17	10
211	18	7
211	19	8
211	20	7
211	21	8
211	22	4
211	23	10
211	24	6
211	25	12
211	26	12
211	27	9
211	28	5
211	29	12
211	30	8
211	31	4
211	32	7
211	33	3
211	34	5
211	35	2
211	36	6
211	37	5
211	38	3
211	39	4
211	40	1
211	41	3
211	42	1
211	43	3
211	44	1
211	45	3
211	47	4
211	48	4
211	49	2
211	50	2
211	52	2
211	53	2
211	54	1
211	56	1
211	57	1
211	60	1
211	67	1
212	0	2
212	1	1
212	2	3
212	3	3
212	4	5
212	5	10
212	6	6
212	7	7
212	8	5
212	9	8
212	10	7
212	11	13
212	12	11
212	13	10
212	14	7
212	15	14
212	16	25
212	17	10
212	18	5
212	19	5
212	20	4
212	21	13
212	22	5
212	23	9
212	24	6
212	25	10
212	26	3
212	27	10
212	28	7
212	29	3
212	30	4
212	31	5
212	32	4
212	33	3
212	34	6
212	35	5
212	36	5
212	37	4
212	38	4
212	39	3
212	40	2
212	41	4
212	42	4
212	43	1
212	44	1
212	45	3
212	47	1
212	48	3
212	50	3
212	51	1
212	52	2
212	54	4
212	57	2
212	59	1
212	70	1
212	72	1
212	92	1
213	1	2
213	2	3
213	3	3
213	4	5
213	5	1
213	6	3
213	7	3
213	8	2
213	9	9
213	10	6
213	11	8
213	12	13
213	13	12
213	14	6
213	15	9
213	16	4
213	17	2
213	18	9
213	19	8
213	20	12
213	21	4
213	22	9
213	23	7
213	24	6
213	25	3
213	26	6
213	27	2
213	28	2
213	29	4
213	30	3
213	31	6
213	32	3
213	33	3
213	34	3
213	36	4
213	38	3
213	40	1
213	43	2
213	44	3
213	45	5
213	47	4
213	48	1
213	49	2
213	50	1
213	51	2
213	55	2
213	58	1
213	89	1
214	0	3
214	1	3
214	2	2
214	3	5
214	4	1
214	5	5
214	6	7
214	7	4
214	8	4
214	9	11
214	10	8
214	11	9
214	12	5
214	13	9
214	14	13
214	15	10
214	16	4
214	17	14
214	18	11
214	19	11
214	20	4
214	21	11
214	22	6
214	23	13
214	24	3
214	25	6
214	26	9
214	27	6
214	29	5
214	30	4
214	31	5
214	32	2
214	33	5
214	34	8
214	35	6
214	36	4
214	37	6
214	38	1
214	39	3
214	40	2
214	41	3
214	42	2
214	43	2
214	45	1
214	46	1
214	47	1
214	48	1
214	50	3
214	54	2
214	55	3
214	57	1
214	61	1
214	73	1
214	79	1
215	0	2
215	1	1
215	2	4
215	3	2
215	4	3
215	5	5
215	6	5
215	7	10
215	8	9
215	9	9
215	10	4
215	11	11
215	12	6
215	13	10
215	14	8
215	15	4
215	16	8
215	17	7
215	18	10
215	19	10
215	20	6
215	21	13
215	22	5
215	23	4
215	24	3
215	25	10
215	26	8
215	27	5
215	28	6
215	29	3
215	30	5
215	31	5
215	32	3
215	33	1
215	34	8
215	35	4
215	36	3
215	37	3
215	38	3
215	39	6
215	40	3
215	41	2
215	43	1
215	44	2
215	46	3
215	47	1
215	49	1
215	50	1
215	51	1
215	52	1
215	54	2
215	56	1
215	57	1
215	58	1
215	62	1
215	65	1
215	66	1
215	69	1
216	0	1
216	2	3
216	3	1
216	4	5
216	5	6
216	6	7
216	7	4
216	8	8
216	9	9
216	10	2
216	11	10
216	12	8
216	13	9
216	14	9
216	15	13
216	16	9
216	17	8
216	18	9
216	19	11
216	20	3
216	21	8
216	22	3
216	23	10
216	24	5
216	25	9
216	26	9
216	27	2
216	28	5
216	29	3
216	30	2
216	31	4
216	32	3
216	33	4
216	34	6
216	35	3
216	36	3
216	37	2
216	38	4
216	39	5
216	40	2
216	43	3
216	44	4
216	45	2
216	46	4
216	47	2
216	48	1
216	51	1
216	55	1
216	59	1
216	60	2
216	61	1
216	66	1
216	67	1
216	73	1
217	1	1
217	2	3
217	3	4
217	4	3
217	5	7
217	6	4
217	7	8
217	8	8
217	9	6
217	10	8
217	11	7
217	12	5
217	13	12
217	14	11
217	15	1
217	16	8
217	17	13
217	18	7
217	19	5
217	20	7
217	21	15
217	22	8
217	23	6
217	24	9
217	25	6
217	26	3
217	27	7
217	28	4
217	29	5
217	30	3
217	31	3
217	32	3
217	33	1
217	34	2
217	35	3
217	36	4
217	37	2
217	38	2
217	39	2
217	40	3
217	41	5
217	42	2
217	43	1
217	45	2
217	46	1
217	47	2
217	48	1
217	50	1
217	53	1
217	60	1
217	61	1
218	0	1
218	1	2
218	2	1
218	3	4
218	4	3
218	5	4
218	6	1
218	7	12
218	8	10
218	9	5
218	10	9
218	11	10
218	12	6
218	13	5
218	14	11
218	15	5
218	16	4
218	17	10
218	18	6
218	19	7
218	20	8
218	21	9
218	22	6
218	23	3
218	24	6
218	25	4
218	26	4
218	27	3
218	28	3
218	29	4
218	30	4
218	31	1
218	32	3
218	33	1
218	34	4
218	35	3
218	36	4
218	37	1
218	38	5
218	39	1
218	40	3
218	41	2
218	42	1
218	43	2
218	44	1
218	45	3
218	47	1
218	48	4
218	49	1
218	51	1
218	53	1
218	56	2
218	57	1
218	59	2
218	79	1
218	83	1
218	85	1
219	0	1
219	1	2
219	2	4
219	3	6
219	4	9
219	5	8
219	6	6
219	7	5
219	8	6
219	9	8
219	10	13
219	11	5
219	12	5
219	13	8
219	14	11
219	15	11
219	16	8
219	17	12
219	18	7
219	19	10
219	20	3
219	21	6
219	22	7
219	23	10
219	24	6
219	25	4
219	26	7
219	27	7
219	28	4
219	29	1
219	30	1
219	31	2
219	32	4
219	33	5
219	34	6
219	35	3
219	36	3
219	37	3
219	39	5
219	40	6
219	41	1
219	42	2
219	43	2
219	44	2
219	45	1
219	47	1
219	57	1
219	58	1
219	63	1
219	65	1
219	66	1
219	74	1
219	96	1
219	98	1
220	0	2
220	1	3
220	2	6
220	3	3
220	4	9
220	5	5
220	6	13
220	7	3
220	8	7
220	9	13
220	10	8
220	11	13
220	12	9
220	13	13
220	14	14
220	15	9
220	16	8
220	17	10
220	18	6
220	19	9
220	20	11
220	21	12
220	22	10
220	23	5
220	24	9
220	25	8
220	26	5
220	27	2
220	28	6
220	29	5
220	30	3
220	31	3
220	32	4
220	33	6
220	34	4
220	35	2
220	36	2
220	37	5
220	38	3
220	39	4
220	40	2
220	41	2
220	42	3
220	44	1
220	45	3
220	46	1
220	47	3
220	48	2
220	50	1
220	51	1
220	52	1
220	54	1
220	55	1
220	56	1
220	57	1
220	59	1
220	65	2
220	85	1
221	1	3
221	2	1
221	3	2
221	4	2
221	5	1
221	6	5
221	7	2
221	8	4
221	9	3
221	10	7
221	11	10
221	12	3
221	13	1
221	14	3
221	15	2
221	16	5
221	17	3
221	18	4
221	19	1
221	20	2
221	21	6
221	22	5
221	23	6
221	24	3
221	25	7
221	27	3
221	28	2
221	29	2
221	32	1
221	34	1
221	35	1
221	46	1
221	48	1
222	0	1
222	1	2
222	2	4
222	3	1
222	4	5
222	5	6
222	6	1
222	7	5
222	8	5
222	9	4
222	10	5
222	11	4
222	12	4
222	13	3
222	14	2
222	15	5
222	16	6
222	17	9
222	18	5
222	19	7
222	20	4
222	21	6
222	22	5
222	23	2
222	24	9
222	25	4
222	26	6
222	27	1
222	28	3
222	29	1
222	30	4
222	31	1
222	32	2
222	33	2
222	34	2
222	35	3
222	37	3
222	38	1
222	39	2
222	41	1
222	42	1
222	43	1
222	44	2
222	47	1
222	48	1
222	49	1
222	51	1
222	52	2
222	61	1
222	64	1
222	72	1
222	74	1
222	84	1
223	0	2
223	1	2
223	3	3
223	4	2
223	5	3
223	6	1
223	7	8
223	8	5
223	9	2
223	10	8
223	11	2
223	12	13
223	13	4
223	14	10
223	15	4
223	16	2
223	17	3
223	18	9
223	19	6
223	20	7
223	21	3
223	22	3
223	23	2
223	24	4
223	25	7
223	26	5
223	27	6
223	28	7
223	29	1
223	30	5
223	31	2
223	32	4
223	34	3
223	35	1
223	36	3
223	37	2
223	38	5
223	39	3
223	41	2
223	42	2
223	43	1
223	44	3
223	46	4
223	49	1
223	51	1
223	55	1
223	63	1
223	69	1
223	92	1
224	1	1
224	3	3
224	4	1
224	5	4
224	6	2
224	7	4
224	8	4
224	9	7
224	10	4
224	11	1
224	12	6
224	13	8
224	14	7
224	15	9
224	16	5
224	17	3
224	18	4
224	19	2
224	20	5
224	21	5
224	22	7
224	23	3
224	24	6
224	25	2
224	26	1
224	27	6
224	28	6
224	29	6
224	30	3
224	31	5
224	32	1
224	33	2
224	34	5
224	35	2
224	36	2
224	37	3
224	38	3
224	40	4
224	41	1
224	42	3
224	44	1
224	45	1
224	47	1
224	49	1
224	50	1
224	53	1
224	56	1
224	57	1
224	86	1
225	0	2
225	1	1
225	2	1
225	3	2
225	4	5
225	5	2
225	6	3
225	7	3
225	8	6
225	9	2
225	10	5
225	11	2
225	12	4
225	13	5
225	14	4
225	15	3
225	16	8
225	17	4
225	18	3
225	19	4
225	20	7
225	21	5
225	22	8
225	23	6
225	24	3
225	25	1
225	26	2
225	27	3
225	28	2
225	29	4
225	30	2
225	32	1
225	33	2
225	34	1
225	36	2
225	37	2
225	38	3
225	41	3
225	42	1
225	44	1
225	46	3
225	47	1
225	49	1
225	50	3
225	51	1
225	52	1
225	54	1
225	57	1
225	60	1
226	0	1
226	1	1
226	2	1
226	3	5
226	4	1
226	5	6
226	6	4
226	7	6
226	8	3
226	9	5
226	10	3
226	11	3
226	12	8
226	13	4
226	14	5
226	15	8
226	16	2
226	17	4
226	18	6
226	19	5
226	20	5
226	21	6
226	22	2
226	23	3
226	24	4
226	25	5
226	26	4
226	27	3
226	28	3
226	29	5
226	30	2
226	31	3
226	32	5
226	33	2
226	35	1
226	36	5
226	37	2
226	38	4
226	39	1
226	41	1
226	42	1
226	43	2
226	44	1
226	46	1
226	47	1
226	49	1
226	50	1
226	51	1
226	60	1
226	64	1
226	65	1
226	71	1
226	80	1
226	82	1
227	2	3
227	3	2
227	4	1
227	5	2
227	6	1
227	7	3
227	9	6
227	10	6
227	11	4
227	12	3
227	13	4
227	14	3
227	15	6
227	16	3
227	17	8
227	18	9
227	19	7
227	20	6
227	21	3
227	22	3
227	23	7
227	24	2
227	25	6
227	26	6
227	27	1
227	28	1
227	29	3
227	30	8
227	31	4
227	32	3
227	33	4
227	34	2
227	35	2
227	36	1
227	38	6
227	39	1
227	40	2
227	41	4
227	42	2
227	43	1
227	45	2
227	46	2
227	47	1
227	48	2
227	49	2
227	50	1
227	51	2
227	52	4
227	65	2
227	66	1
227	71	1
227	77	1
228	1	1
228	2	1
228	3	2
228	4	4
228	5	2
228	6	5
228	7	4
228	8	6
228	9	4
228	10	6
228	11	2
228	12	11
228	13	6
228	14	5
228	15	7
228	16	10
228	17	5
228	18	3
228	19	1
228	20	4
228	21	2
228	22	5
228	23	1
228	24	7
228	25	6
228	26	5
228	27	3
228	28	4
228	29	2
228	31	4
228	32	4
228	33	2
228	34	1
228	35	5
228	36	3
228	37	2
228	39	2
228	41	1
228	42	2
228	44	1
228	45	2
228	48	1
228	49	1
228	50	1
228	52	2
228	53	1
228	76	1
229	2	1
229	3	2
229	4	2
229	5	1
229	6	2
229	7	3
229	8	4
229	9	3
229	10	2
229	11	7
229	12	5
229	13	4
229	14	5
229	15	4
229	16	4
229	17	2
229	18	9
229	19	4
229	20	2
229	21	4
229	22	2
229	23	4
229	24	4
229	25	3
229	26	6
229	28	2
229	29	5
229	30	1
229	31	5
229	32	1
229	33	5
229	35	2
229	36	1
229	37	2
229	38	2
229	39	3
229	40	2
229	41	1
229	42	1
229	43	1
229	44	3
229	46	2
229	53	1
229	57	1
229	62	1
229	63	1
229	105	1
230	0	1
230	2	1
230	5	3
230	6	5
230	7	1
230	8	3
230	9	2
230	10	2
230	11	10
230	12	3
230	13	3
230	14	3
230	15	5
230	16	8
230	17	6
230	18	8
230	19	4
230	20	4
230	21	3
230	22	3
230	23	4
230	24	4
230	25	2
230	27	1
230	28	3
230	29	5
230	30	3
230	31	3
230	32	3
230	33	5
230	34	5
230	35	1
230	36	2
230	37	3
230	39	4
230	40	1
230	42	1
230	43	1
230	46	1
230	47	1
230	51	2
230	54	2
230	57	1
230	59	1
230	60	1
230	68	1
230	75	1
231	1	1
231	3	4
231	4	3
231	5	5
231	6	6
231	7	6
231	8	3
231	9	3
231	10	4
231	11	3
231	12	6
231	13	3
231	14	6
231	15	5
231	16	1
231	17	4
231	18	6
231	19	6
231	20	3
231	21	7
231	22	7
231	23	5
231	24	3
231	25	1
231	26	2
231	27	4
231	28	2
231	29	5
231	30	1
231	31	2
231	33	1
231	34	3
231	35	3
231	36	2
231	37	2
231	38	1
231	39	1
231	40	1
231	45	2
231	46	1
231	47	2
231	50	1
231	54	1
231	62	1
231	67	1
232	0	3
232	1	3
232	3	1
232	4	1
232	5	3
232	6	2
232	7	2
232	8	6
232	9	1
232	10	8
232	11	5
232	12	5
232	13	7
232	14	3
232	15	3
232	16	4
232	17	9
232	18	8
232	19	6
232	20	2
232	21	4
232	22	3
232	23	2
232	24	6
232	25	2
232	26	1
232	28	4
232	29	1
232	30	2
232	31	1
232	32	1
232	33	2
232	35	3
232	36	2
232	37	1
232	38	1
232	39	1
232	40	2
232	41	1
232	42	1
232	43	1
232	44	1
232	46	1
232	48	2
232	49	1
232	54	1
232	56	1
232	58	1
232	60	1
233	0	1
233	1	1
233	2	1
233	3	3
233	4	1
233	5	3
233	6	5
233	7	3
233	8	4
233	9	3
233	10	8
233	11	4
233	12	7
233	13	1
233	14	10
233	15	4
233	16	6
233	17	4
233	18	3
233	19	6
233	20	3
233	21	2
233	22	2
233	23	6
233	24	4
233	25	2
233	26	2
233	27	3
233	28	2
233	29	1
233	31	3
233	32	3
233	33	2
233	34	1
233	35	3
233	36	2
233	37	1
233	39	1
233	43	1
233	44	1
233	45	1
233	46	2
233	49	3
233	53	1
233	57	1
233	58	1
233	63	1
233	66	1
234	0	1
234	1	1
234	2	1
234	4	1
234	5	1
234	6	3
234	7	1
234	8	2
234	9	4
234	10	3
234	11	4
234	12	2
234	13	3
234	14	5
234	15	1
234	16	6
234	17	2
234	18	2
234	19	2
234	20	3
234	21	2
234	22	3
234	23	4
234	24	3
234	25	4
234	26	4
234	27	2
234	28	1
234	29	2
234	31	2
234	32	6
234	33	4
234	34	1
234	35	2
234	37	1
234	40	2
234	41	2
234	46	2
234	47	2
234	50	2
234	51	1
234	55	1
234	64	1
234	71	1
235	1	1
235	3	1
235	5	5
235	6	1
235	7	3
235	8	2
235	9	2
235	10	5
235	11	6
235	12	2
235	13	4
235	14	4
235	15	2
235	16	2
235	17	4
235	18	6
235	19	5
235	20	5
235	21	2
235	23	1
235	24	1
235	25	4
235	26	2
235	27	2
235	28	6
235	30	3
235	32	3
235	33	3
235	34	4
235	35	1
235	38	2
235	39	4
235	40	2
235	41	2
235	42	1
235	43	1
235	44	1
235	51	1
235	57	1
235	63	1
235	69	1
235	76	1
236	3	2
236	5	2
236	6	2
236	7	2
236	8	5
236	9	1
236	10	3
236	11	3
236	12	5
236	13	5
236	14	5
236	15	7
236	16	2
236	17	2
236	18	4
236	19	4
236	20	3
236	21	3
236	22	7
236	23	4
236	24	1
236	25	2
236	26	4
236	27	2
236	28	2
236	29	2
236	30	3
236	31	2
236	32	4
236	33	1
236	34	1
236	35	1
236	36	1
236	37	2
236	38	2
236	39	1
236	40	1
236	41	2
236	43	1
236	44	1
236	45	2
236	46	1
236	47	1
236	48	1
236	52	1
236	59	1
236	60	1
237	0	1
237	2	3
237	3	4
237	4	3
237	5	2
237	6	3
237	7	3
237	8	4
237	9	1
237	10	1
237	11	5
237	12	2
237	13	2
237	14	3
237	15	4
237	16	6
237	17	3
237	18	8
237	19	1
237	20	5
237	21	4
237	22	3
237	24	1
237	25	4
237	26	2
237	27	2
237	28	2
237	29	2
237	31	1
237	32	2
237	33	3
237	34	2
237	36	1
237	37	2
237	40	1
237	41	3
237	43	1
237	44	1
237	45	2
237	47	2
237	48	1
237	50	1
237	59	1
237	67	1
238	1	1
238	2	1
238	3	1
238	4	2
238	5	1
238	6	3
238	7	2
238	8	1
238	9	3
238	10	4
238	11	2
238	12	3
238	14	11
238	15	1
238	16	2
238	17	5
238	18	3
238	20	3
238	21	6
238	22	2
238	23	2
238	24	2
238	25	1
238	26	3
238	27	4
238	28	1
238	29	3
238	30	2
238	32	1
238	33	1
238	34	2
238	35	1
238	36	3
238	38	1
238	40	1
238	41	2
238	44	1
238	45	1
238	46	1
238	47	1
238	48	1
238	49	1
238	52	2
239	0	2
239	2	1
239	3	1
239	4	2
239	6	2
239	7	2
239	8	1
239	9	1
239	10	1
239	12	3
239	13	7
239	14	5
239	15	4
239	16	2
239	17	5
239	18	5
239	20	4
239	21	3
239	23	2
239	24	2
239	25	5
239	27	1
239	28	1
239	29	2
239	30	3
239	31	3
239	32	1
239	33	2
239	35	1
239	37	1
239	38	4
239	39	2
239	40	1
239	43	1
239	47	1
239	49	4
239	50	1
239	51	2
239	54	2
239	56	1
239	57	1
239	64	1
239	69	1
239	78	1
240	3	1
240	4	2
240	5	1
240	6	1
240	7	2
240	8	2
240	9	5
240	10	2
240	11	1
240	12	5
240	13	3
240	14	3
240	15	5
240	16	1
240	17	1
240	18	6
240	19	2
240	20	2
240	21	1
240	22	2
240	23	2
240	24	2
240	25	1
240	26	2
240	28	2
240	29	1
240	30	2
240	31	3
240	33	2
240	34	1
240	35	2
240	36	2
240	37	1
240	43	1
240	44	1
240	54	1
240	64	1
241	0	1
241	1	2
241	2	1
241	3	2
241	6	2
241	8	2
241	9	3
241	10	2
241	11	1
241	12	4
241	13	4
241	14	3
241	15	4
241	16	3
241	17	3
241	18	2
241	19	3
241	20	1
241	21	3
241	22	1
241	23	3
241	24	3
241	25	2
241	26	4
241	27	2
241	28	1
241	29	1
241	30	2
241	31	2
241	32	1
241	34	1
241	35	1
241	36	1
241	37	1
241	38	3
241	39	1
241	40	1
241	45	1
241	49	1
241	51	1
242	1	1
242	4	3
242	5	1
242	6	3
242	7	1
242	8	2
242	9	1
242	10	2
242	11	1
242	12	1
242	13	1
242	14	4
242	15	3
242	16	3
242	17	3
242	18	4
242	19	8
242	20	3
242	21	5
242	22	5
242	23	3
242	24	2
242	25	2
242	26	4
242	27	1
242	28	1
242	30	2
242	31	2
242	32	3
242	33	2
242	34	1
242	35	2
242	36	1
242	38	1
242	39	1
242	40	1
242	41	2
242	45	1
242	46	3
242	47	3
242	51	1
242	53	1
242	55	1
242	60	1
242	63	1
243	2	2
243	3	2
243	4	4
243	5	1
243	8	3
243	9	1
243	10	1
243	11	1
243	12	5
243	14	2
243	15	3
243	16	1
243	17	4
243	18	4
243	19	2
243	20	1
243	21	3
243	22	2
243	23	2
243	24	4
243	25	1
243	26	2
243	27	4
243	28	3
243	30	1
243	31	3
243	32	1
243	33	2
243	34	1
243	36	3
243	37	2
243	38	1
243	39	1
243	41	1
243	42	1
243	45	1
243	48	1
243	50	1
243	56	1
243	58	1
243	59	1
243	66	1
243	85	2
244	2	1
244	3	1
244	4	2
244	5	4
244	6	2
244	7	1
244	8	4
244	9	1
244	10	5
244	11	6
244	12	2
244	13	2
244	14	2
244	15	2
244	16	4
244	17	3
244	18	3
244	20	1
244	21	4
244	22	1
244	24	3
244	25	1
244	26	1
244	27	5
244	28	1
244	29	2
244	30	4
244	31	3
244	32	1
244	33	1
244	35	2
244	37	2
244	38	1
244	41	1
244	43	1
244	45	1
244	52	1
244	53	2
244	57	1
244	66	1
244	75	1
245	0	1
245	1	1
245	3	1
245	4	2
245	5	5
245	6	1
245	7	3
245	8	2
245	9	4
245	10	2
245	11	5
245	12	4
245	13	2
245	14	3
245	15	3
245	16	2
245	17	4
245	18	4
245	19	3
245	20	6
245	21	1
245	22	1
245	23	4
245	24	2
245	25	1
245	26	3
245	29	5
245	30	1
245	31	2
245	33	3
245	34	1
245	35	1
245	36	1
245	37	1
245	39	2
245	40	1
245	41	1
245	44	1
245	46	1
245	48	1
245	49	1
245	56	1
245	66	1
245	85	1
246	2	1
246	5	1
246	6	2
246	7	1
246	8	4
246	9	3
246	10	3
246	15	4
246	16	2
246	17	2
246	19	2
246	20	2
246	23	1
246	24	2
246	27	1
246	35	1
246	37	1
246	39	1
246	53	1
247	1	2
247	3	1
247	4	2
247	6	3
247	7	2
247	8	4
247	9	6
247	10	2
247	11	1
247	12	4
247	13	3
247	14	4
247	15	3
247	16	2
247	17	6
247	18	3
247	21	2
247	22	2
247	23	2
247	24	7
247	27	3
247	28	1
247	30	3
247	32	2
247	33	2
247	34	1
247	36	3
247	37	1
247	40	1
247	44	2
247	48	1
247	49	1
247	63	1
247	64	1
247	66	1
247	68	1
248	5	1
248	6	2
248	7	3
248	8	2
248	10	1
248	11	1
248	12	2
248	14	1
248	15	3
248	16	3
248	17	2
248	18	1
248	19	2
248	20	3
248	21	3
248	23	4
248	24	3
248	25	1
248	26	1
248	27	1
248	28	1
248	29	1
248	30	2
248	31	1
248	35	2
248	37	1
248	38	1
248	39	1
248	40	1
248	42	1
248	43	1
248	47	2
248	49	1
248	50	1
248	53	1
248	58	1
248	59	1
248	67	1
249	0	1
249	2	2
249	3	1
249	4	2
249	5	2
249	6	1
249	7	3
249	8	2
249	9	5
249	10	4
249	11	8
249	12	3
249	13	1
249	15	3
249	16	5
249	17	3
249	18	4
249	19	4
249	20	1
249	21	2
249	22	2
249	24	1
249	26	2
249	30	3
249	33	3
249	34	2
249	35	2
249	37	2
249	39	5
249	41	1
249	42	2
249	43	1
249	44	1
249	46	1
249	49	1
249	51	1
249	54	1
249	55	1
249	79	1
250	0	1
250	3	1
250	4	1
250	5	3
250	6	4
250	7	4
250	9	3
250	10	4
250	11	1
250	12	3
250	13	2
250	14	6
250	15	4
250	16	6
250	19	1
250	20	3
250	21	5
250	23	1
250	24	2
250	25	2
250	26	3
250	27	1
250	28	2
250	29	2
250	30	3
250	31	1
250	32	3
250	35	3
250	36	1
250	37	1
250	38	1
250	40	1
250	41	1
250	43	1
250	45	1
250	47	1
250	48	1
250	54	1
250	73	1
250	79	1
251	2	4
251	3	2
251	4	2
251	5	4
251	6	1
251	7	3
251	8	3
251	10	3
251	11	1
251	12	7
251	13	1
251	14	9
251	15	1
251	16	3
251	17	6
251	18	3
251	19	2
251	20	3
251	21	4
251	22	1
251	23	6
251	24	4
251	25	2
251	26	5
251	27	1
251	28	2
251	29	3
251	30	1
251	31	2
251	32	2
251	33	2
251	34	3
251	35	1
251	36	1
251	37	2
251	38	1
251	46	1
251	47	1
251	49	1
251	51	1
251	53	1
252	2	2
252	3	3
252	4	3
252	5	1
252	6	2
252	7	4
252	8	1
252	9	4
252	10	5
252	11	6
252	12	2
252	13	3
252	14	6
252	15	4
252	16	8
252	17	4
252	18	9
252	19	5
252	21	5
252	22	5
252	23	3
252	24	6
252	25	5
252	26	4
252	27	7
252	28	4
252	29	6
252	30	2
252	31	6
252	32	5
252	33	4
252	34	2
252	35	7
252	36	4
252	37	3
252	38	5
252	40	1
252	41	5
252	42	4
252	44	1
252	45	1
252	46	2
252	47	1
252	48	3
252	50	1
252	51	1
252	52	1
252	54	1
252	55	1
252	56	1
252	58	1
252	59	1
252	67	1
252	71	1
253	0	2
253	3	2
253	4	1
253	5	2
253	6	4
253	7	5
253	8	5
253	9	3
253	10	2
253	11	6
253	12	3
253	13	6
253	14	3
253	15	4
253	16	8
253	17	7
253	18	8
253	19	3
253	20	9
253	21	5
253	22	5
253	23	3
253	24	6
253	25	1
253	26	1
253	27	3
253	28	7
253	29	4
253	30	1
253	31	4
253	32	3
253	33	4
253	34	2
253	35	5
253	36	2
253	37	2
253	38	2
253	39	2
253	40	4
253	41	1
253	42	3
253	44	1
253	46	4
253	47	1
253	48	2
253	49	2
253	52	1
253	56	3
253	57	1
253	61	1
253	65	1
253	72	1
253	97	1
254	2	2
254	4	1
254	5	2
254	6	3
254	7	4
254	8	4
254	9	3
254	10	3
254	11	2
254	12	2
254	15	2
254	16	3
254	17	6
254	18	4
254	19	3
254	20	6
254	21	3
254	22	8
254	23	6
254	24	3
254	25	8
254	26	5
254	27	3
254	28	6
254	29	3
254	30	5
254	31	2
254	32	7
254	33	4
254	34	2
254	35	2
254	36	3
254	37	2
254	38	5
254	39	1
254	40	1
254	41	1
254	42	1
254	43	2
254	44	2
254	45	2
254	46	1
254	47	1
254	48	1
254	49	1
254	51	3
254	52	1
254	53	1
254	57	1
254	58	1
254	59	2
254	63	3
255	0	2
255	1	5
255	2	11
255	3	8
255	4	11
255	5	16
255	6	11
255	7	24
255	8	27
255	9	24
255	10	37
255	11	19
255	12	23
255	13	23
255	14	34
255	15	30
255	16	28
255	17	33
255	18	25
255	19	24
255	20	38
255	21	28
255	22	27
255	23	21
255	24	21
255	25	20
255	26	20
255	27	19
255	28	26
255	29	18
255	30	17
255	31	17
255	32	10
255	33	16
255	34	11
255	35	14
255	36	11
255	37	15
255	38	9
255	39	12
255	40	7
255	41	9
255	42	7
255	43	3
255	44	5
255	45	2
255	46	7
255	47	10
255	48	5
255	49	3
255	50	5
255	51	3
255	52	2
255	53	10
255	54	2
255	55	2
255	56	1
255	57	6
255	58	3
255	59	1
255	61	1
255	62	2
255	66	1
255	70	1
255	72	1
255	137	1
