condition,timepoint,field,cell_id,y,x,area_px,dedge_px,dedge_um,psmad_mean,psmad_bgsub,dapi_mean,psmad_over_dapi,px_um,d_min_um,footprint,colony_border_touch
no_KD,30min,10x-1,1,129.6,536.3,82,2.73,3.54,1730.91,745.91,928.43,0.8034,1.3,20.0,dapi,0
no_KD,30min,10x-1,2,134.0,546.4,64,3.3,4.29,1864.11,879.11,984.83,0.8927,1.3,20.0,dapi,0
no_KD,30min,10x-1,3,140.3,531.5,100,8.47,11.01,2392.56,1407.56,1314.98,1.0704,1.3,20.0,dapi,0
no_KD,30min,10x-1,4,143.1,553.6,59,4.34,5.64,1997.12,1012.12,1255.76,0.806,1.3,20.0,dapi,0
no_KD,30min,10x-1,5,145.5,518.2,69,4.03,5.24,2369.55,1384.55,1378.59,1.0043,1.3,20.0,dapi,0
no_KD,30min,10x-1,6,144.4,544.6,46,11.49,14.93,2226.72,1241.72,1165.91,1.065,1.3,20.0,dapi,0
no_KD,30min,10x-1,7,149.2,558.3,77,3.85,5.01,1872.43,887.43,937.47,0.9466,1.3,20.0,dapi,0
no_KD,30min,10x-1,8,148.8,539.2,42,19.27,25.05,1953.12,968.12,1061.9,0.9117,1.3,20.0,dapi,0
no_KD,30min,10x-1,9,154.9,523.7,100,10.79,14.02,2544.13,1559.13,1246.55,1.2508,1.3,20.0,dapi,0
no_KD,30min,10x-1,10,158.0,534.0,77,21.11,27.45,2043.17,1058.17,991.95,1.0668,1.3,20.0,dapi,0
no_KD,30min,10x-1,11,159.7,544.5,63,19.79,25.72,2084.3,1099.3,1149.06,0.9567,1.3,20.0,dapi,0
no_KD,30min,10x-1,12,158.5,555.0,41,8.97,11.66,2226.61,1241.61,1246.1,0.9964,1.3,20.0,dapi,0
no_KD,30min,10x-1,13,159.6,516.1,49,3.85,5.01,2582.02,1597.02,1260.82,1.2667,1.3,20.0,dapi,0
no_KD,30min,10x-1,14,165.7,566.3,64,3.48,4.53,2167.09,1182.09,1001.27,1.1806,1.3,20.0,dapi,0
no_KD,30min,10x-1,15,167.3,560.0,38,8.7,11.31,1959.58,974.58,1025.26,0.9506,1.3,20.0,dapi,0
no_KD,30min,10x-1,16,167.6,525.6,64,15.42,20.05,2246.28,1261.28,1229.7,1.0257,1.3,20.0,dapi,0
no_KD,30min,10x-1,17,169.1,551.7,83,16.24,21.11,2212.98,1227.98,1361.7,0.9018,1.3,20.0,dapi,0
no_KD,30min,10x-1,18,168.9,515.6,45,6.16,8.0,2349.51,1364.51,1254.0,1.0881,1.3,20.0,dapi,0
no_KD,30min,10x-1,19,171.8,542.6,85,25.43,33.06,1663.76,678.76,1302.13,0.5213,1.3,20.0,dapi,0
no_KD,30min,10x-1,20,174.5,590.0,78,1.73,2.25,1519.96,534.96,903.88,0.5918,1.3,20.0,dapi,0
no_KD,30min,10x-1,21,176.4,511.9,93,5.23,6.8,1983.0,998.0,1218.32,0.8192,1.3,20.0,dapi,0
no_KD,30min,10x-1,22,175.7,571.0,62,7.09,9.21,1806.98,821.98,1006.08,0.817,1.3,20.0,dapi,0
no_KD,30min,10x-1,23,176.8,532.2,44,24.01,31.21,2550.55,1565.55,1208.48,1.2955,1.3,20.0,dapi,0
no_KD,30min,10x-1,24,177.8,522.0,47,15.42,20.05,2231.15,1246.15,1257.3,0.9911,1.3,20.0,dapi,0
no_KD,30min,10x-1,25,180.3,557.6,63,18.56,24.12,1709.86,724.86,1084.83,0.6682,1.3,20.0,dapi,0
no_KD,30min,10x-1,26,180.1,583.6,73,7.62,9.9,1702.95,717.95,967.1,0.7424,1.3,20.0,dapi,0
no_KD,30min,10x-1,27,181.8,549.4,57,26.63,34.62,1344.49,359.49,1119.67,0.3211,1.3,20.0,dapi,0
no_KD,30min,10x-1,28,181.8,541.5,45,32.89,42.75,1425.31,440.31,1252.51,0.3515,1.3,20.0,dapi,0
no_KD,30min,10x-1,29,185.4,520.3,76,15.92,20.7,2073.8,1088.8,1149.64,0.9471,1.3,20.0,dapi,0
no_KD,30min,10x-1,30,183.0,569.1,53,14.15,18.39,1930.89,945.89,1115.34,0.8481,1.3,20.0,dapi,0
no_KD,30min,10x-1,31,188.2,436.8,88,2.73,3.54,1660.18,675.18,996.27,0.6777,1.3,20.0,dapi,0
no_KD,30min,10x-1,32,187.6,507.0,85,7.29,9.47,2220.67,1235.67,1270.67,0.9725,1.3,20.0,dapi,0
no_KD,30min,10x-1,33,185.7,531.9,41,27.34,35.54,2355.15,1370.15,1280.85,1.0697,1.3,20.0,dapi,0
no_KD,30min,10x-1,34,189.0,541.1,44,36.82,47.86,1326.25,341.25,1248.16,0.2734,1.3,20.0,dapi,0
no_KD,30min,10x-1,35,190.2,562.2,55,23.73,30.85,1764.29,779.29,1213.84,0.642,1.3,20.0,dapi,0
no_KD,30min,10x-1,36,189.6,589.7,99,6.09,7.91,1770.92,785.92,1160.65,0.6771,1.3,20.0,dapi,0
no_KD,30min,10x-1,37,192.3,498.0,84,6.46,8.39,2115.54,1130.54,1229.95,0.9192,1.3,20.0,dapi,0
no_KD,30min,10x-1,38,195.7,474.9,79,4.64,6.03,1751.82,766.82,969.75,0.7907,1.3,20.0,dapi,0
no_KD,30min,10x-1,39,195.1,433.0,74,6.55,8.51,1895.84,910.84,1296.19,0.7027,1.3,20.0,dapi,0
no_KD,30min,10x-1,40,193.5,571.3,48,22.56,29.33,1457.85,472.85,1239.08,0.3816,1.3,20.0,dapi,0
no_KD,30min,10x-1,41,197.7,445.1,92,6.57,8.54,1852.03,867.03,1158.57,0.7484,1.3,20.0,dapi,0
no_KD,30min,10x-1,42,196.9,484.1,85,6.62,8.6,1984.11,999.11,1278.94,0.7812,1.3,20.0,dapi,0
no_KD,30min,10x-1,43,194.4,523.4,52,23.22,30.18,1847.94,862.94,1127.23,0.7655,1.3,20.0,dapi,0
no_KD,30min,10x-1,44,197.0,516.6,64,20.68,26.89,1828.44,843.44,1103.19,0.7645,1.3,20.0,dapi,0
no_KD,30min,10x-1,45,195.6,545.7,65,38.37,49.89,1260.72,275.72,1362.63,0.2023,1.3,20.0,dapi,0
no_KD,30min,10x-1,46,195.6,581.3,56,16.82,21.86,2074.57,1089.57,1159.02,0.9401,1.3,20.0,dapi,0
no_KD,30min,10x-1,47,198.4,467.4,96,5.71,7.42,1890.52,905.52,1197.5,0.7562,1.3,20.0,dapi,0
no_KD,30min,10x-1,48,198.6,492.9,58,10.25,13.32,2278.74,1293.74,1216.36,1.0636,1.3,20.0,dapi,0
no_KD,30min,10x-1,49,197.6,591.5,56,8.7,11.31,1905.75,920.75,1106.93,0.8318,1.3,20.0,dapi,0
no_KD,30min,10x-1,50,199.8,531.4,79,33.22,43.18,1283.2,298.2,1374.09,0.217,1.3,20.0,dapi,0
no_KD,30min,10x-1,51,200.1,602.6,75,2.97,3.86,1599.0,614.0,944.08,0.6504,1.3,20.0,dapi,0
no_KD,30min,10x-1,52,202.9,427.5,106,7.42,9.64,1948.08,963.08,1177.31,0.818,1.3,20.0,dapi,0
no_KD,30min,10x-1,53,203.2,453.9,96,8.7,11.31,2000.8,1015.8,1275.55,0.7964,1.3,20.0,dapi,0
no_KD,30min,10x-1,54,202.0,508.9,100,19.97,25.96,2103.61,1118.61,1183.28,0.9453,1.3,20.0,dapi,0
no_KD,30min,10x-1,55,201.5,551.8,62,39.26,51.04,1195.74,210.74,1153.98,0.1826,1.3,20.0,dapi,0
no_KD,30min,10x-1,56,201.6,559.8,63,35.15,45.7,1199.22,214.22,1281.08,0.1672,1.3,20.0,dapi,0
no_KD,30min,10x-1,57,200.6,567.1,46,31.43,40.86,1193.26,208.26,1189.3,0.1751,1.3,20.0,dapi,0
no_KD,30min,10x-1,58,205.4,542.3,62,45.08,58.6,1165.06,180.06,1149.05,0.1567,1.3,20.0,dapi,0
no_KD,30min,10x-1,59,204.3,576.9,66,24.28,31.56,1699.29,714.29,1286.18,0.5554,1.3,20.0,dapi,0
no_KD,30min,10x-1,60,207.1,464.8,67,13.74,17.86,2239.97,1254.97,1443.24,0.8696,1.3,20.0,dapi,0
no_KD,30min,10x-1,61,205.4,524.1,62,31.31,40.7,1550.11,565.11,1157.45,0.4882,1.3,20.0,dapi,0
no_KD,30min,10x-1,62,207.5,487.7,71,16.86,21.92,2066.15,1081.15,1060.28,1.0197,1.3,20.0,dapi,0
no_KD,30min,10x-1,63,209.9,423.2,86,6.57,8.54,1964.66,979.66,1334.1,0.7343,1.3,20.0,dapi,0
no_KD,30min,10x-1,64,209.2,472.9,49,17.6,22.88,2332.94,1347.94,1232.96,1.0933,1.3,20.0,dapi,0
no_KD,30min,10x-1,65,208.9,602.9,79,8.66,11.25,1904.37,919.37,1023.68,0.8981,1.3,20.0,dapi,0
no_KD,30min,10x-1,66,211.3,459.5,65,16.68,21.68,2289.97,1304.97,1310.17,0.996,1.3,20.0,dapi,0
no_KD,30min,10x-1,67,209.9,589.1,64,19.33,25.13,1925.19,940.19,1377.14,0.6827,1.3,20.0,dapi,0
no_KD,30min,10x-1,68,211.2,508.4,56,27.7,36.01,1773.43,788.43,1200.75,0.6566,1.3,20.0,dapi,0
no_KD,30min,10x-1,69,214.1,538.8,129,48.32,62.81,1189.48,204.48,1319.71,0.1549,1.3,20.0,dapi,0
no_KD,30min,10x-1,70,214.2,554.1,110,48.57,63.14,1136.65,151.65,1251.13,0.1212,1.3,20.0,dapi,0
no_KD,30min,10x-1,71,212.4,614.0,98,5.23,6.8,1641.73,656.73,1135.95,0.5781,1.3,20.0,dapi,0
no_KD,30min,10x-1,72,214.2,482.4,77,23.09,30.01,2061.09,1076.09,1422.4,0.7565,1.3,20.0,dapi,0
no_KD,30min,10x-1,73,212.4,516.4,58,32.12,41.76,1501.74,516.74,1193.91,0.4328,1.3,20.0,dapi,0
no_KD,30min,10x-1,74,212.9,564.9,63,39.26,51.04,1165.51,180.51,1146.54,0.1574,1.3,20.0,dapi,0
no_KD,30min,10x-1,75,212.3,576.4,53,29.96,38.95,1694.15,709.15,1140.0,0.6221,1.3,20.0,dapi,0
no_KD,30min,10x-1,76,215.2,441.8,87,23.24,30.21,1973.31,988.31,1293.94,0.7638,1.3,20.0,dapi,0
no_KD,30min,10x-1,77,215.0,501.4,59,28.08,36.5,1897.24,912.24,1136.02,0.803,1.3,20.0,dapi,0
no_KD,30min,10x-1,78,214.4,527.8,52,40.7,52.9,1202.69,217.69,1296.29,0.1679,1.3,20.0,dapi,0
no_KD,30min,10x-1,79,215.8,624.8,76,2.73,3.54,1618.76,633.76,932.63,0.6795,1.3,20.0,dapi,0
no_KD,30min,10x-1,80,218.6,415.5,80,7.09,9.21,1926.36,941.36,1258.53,0.748,1.3,20.0,dapi,0
no_KD,30min,10x-1,81,219.6,426.8,76,15.76,20.49,1971.14,986.14,1187.29,0.8306,1.3,20.0,dapi,0
no_KD,30min,10x-1,82,221.7,478.5,82,30.71,39.93,1628.04,643.04,1376.98,0.467,1.3,20.0,dapi,0
no_KD,30min,10x-1,83,220.8,523.8,61,43.98,57.17,1187.62,202.62,1350.87,0.15,1.3,20.0,dapi,0
no_KD,30min,10x-1,84,219.6,577.2,85,34.82,45.27,1629.0,644.0,1390.66,0.4631,1.3,20.0,dapi,0
no_KD,30min,10x-1,85,219.6,597.4,67,20.85,27.11,1864.87,879.87,1043.21,0.8434,1.3,20.0,dapi,0
no_KD,30min,10x-1,86,223.9,458.1,84,29.63,38.51,2061.67,1076.67,1350.19,0.7974,1.3,20.0,dapi,0
no_KD,30min,10x-1,87,222.9,449.3,49,29.17,37.92,1501.8,516.8,1429.71,0.3615,1.3,20.0,dapi,0
no_KD,30min,10x-1,88,222.0,509.7,42,38.33,49.83,1536.69,551.69,1216.19,0.4536,1.3,20.0,dapi,0
no_KD,30min,10x-1,89,223.1,563.1,43,46.99,61.08,1124.3,139.3,1249.02,0.1115,1.3,20.0,dapi,0
no_KD,30min,10x-1,90,225.3,412.9,70,8.66,11.25,2150.4,1165.4,1374.0,0.8482,1.3,20.0,dapi,0
no_KD,30min,10x-1,91,225.7,469.4,90,33.12,43.06,1395.04,410.04,1287.09,0.3186,1.3,20.0,dapi,0
no_KD,30min,10x-1,92,224.6,585.8,64,32.0,41.6,1288.31,303.31,1181.02,0.2568,1.3,20.0,dapi,0
no_KD,30min,10x-1,93,225.4,620.7,97,5.64,7.33,1752.1,767.1,1147.72,0.6684,1.3,20.0,dapi,0
no_KD,30min,10x-1,94,226.7,496.2,73,37.98,49.38,1268.62,283.62,1407.73,0.2015,1.3,20.0,dapi,0
no_KD,30min,10x-1,95,226.7,545.8,79,62.41,81.13,1181.76,196.76,1384.54,0.1421,1.3,20.0,dapi,0
no_KD,30min,10x-1,96,228.4,397.1,81,4.03,5.24,2117.16,1132.16,1084.91,1.0435,1.3,20.0,dapi,0
no_KD,30min,10x-1,97,228.1,488.1,51,37.77,49.1,1290.76,305.76,1248.1,0.245,1.3,20.0,dapi,0
no_KD,30min,10x-1,98,228.0,515.3,53,46.02,59.82,1462.79,477.79,1196.85,0.3992,1.3,20.0,dapi,0
no_KD,30min,10x-1,99,227.3,572.5,53,43.34,56.35,1130.36,145.36,1464.68,0.0992,1.3,20.0,dapi,0
no_KD,30min,10x-1,100,229.3,553.7,61,57.72,75.04,1157.13,172.13,1183.02,0.1455,1.3,20.0,dapi,0
no_KD,30min,10x-1,101,227.9,602.1,64,22.26,28.94,1748.77,763.77,1144.17,0.6675,1.3,20.0,dapi,0
no_KD,30min,10x-1,102,232.5,410.1,105,13.27,17.25,2101.73,1116.73,1182.67,0.9443,1.3,20.0,dapi,0
no_KD,30min,10x-1,103,230.9,505.3,47,44.42,57.75,1390.79,405.79,1193.02,0.3401,1.3,20.0,dapi,0
no_KD,30min,10x-1,104,230.4,535.0,61,57.62,74.91,1180.75,195.75,1191.89,0.1642,1.3,20.0,dapi,0
no_KD,30min,10x-1,105,232.3,386.6,79,3.85,5.01,1835.39,850.39,1011.47,0.8408,1.3,20.0,dapi,0
no_KD,30min,10x-1,106,231.9,524.0,63,53.5,69.55,1203.73,218.73,1179.57,0.1854,1.3,20.0,dapi,0
no_KD,30min,10x-1,107,233.0,585.3,59,37.57,48.84,1208.8,223.8,1267.54,0.1766,1.3,20.0,dapi,0
no_KD,30min,10x-1,108,234.3,370.1,82,2.73,3.54,1679.35,694.35,940.61,0.7382,1.3,20.0,dapi,0
no_KD,30min,10x-1,109,235.7,426.8,81,26.34,34.24,1863.57,878.57,1355.8,0.648,1.3,20.0,dapi,0
no_KD,30min,10x-1,110,234.4,451.4,54,39.84,51.79,1272.46,287.46,1285.35,0.2236,1.3,20.0,dapi,0
no_KD,30min,10x-1,111,234.6,563.7,52,54.65,71.05,1148.38,163.38,1270.13,0.1286,1.3,20.0,dapi,0
no_KD,30min,10x-1,112,235.4,607.4,75,15.66,20.36,2007.99,1022.99,1177.48,0.8688,1.3,20.0,dapi,0
no_KD,30min,10x-1,113,235.8,619.1,82,3.85,5.01,1707.33,722.33,1000.72,0.7218,1.3,20.0,dapi,0
no_KD,30min,10x-1,114,235.8,481.2,54,44.82,58.27,1231.57,246.57,1114.26,0.2213,1.3,20.0,dapi,0
no_KD,30min,10x-1,115,236.0,595.5,59,26.21,34.07,1312.75,327.75,1160.07,0.2825,1.3,20.0,dapi,0
no_KD,30min,10x-1,116,237.7,464.8,92,44.16,57.4,1170.35,185.35,1254.65,0.1477,1.3,20.0,dapi,0
no_KD,30min,10x-1,117,236.0,498.5,57,47.43,61.66,1183.16,198.16,1168.05,0.1696,1.3,20.0,dapi,0
no_KD,30min,10x-1,118,237.0,516.5,41,54.39,70.7,1196.9,211.9,1297.9,0.1633,1.3,20.0,dapi,0
no_KD,30min,10x-1,119,236.5,573.7,61,48.0,62.4,1142.1,157.1,1455.54,0.1079,1.3,20.0,dapi,0
no_KD,30min,10x-1,120,240.0,395.8,101,14.58,18.96,1975.55,990.55,1275.65,0.7765,1.3,20.0,dapi,0
no_KD,30min,10x-1,121,239.7,440.4,77,38.82,50.46,1252.82,267.82,1169.13,0.2291,1.3,20.0,dapi,0
no_KD,30min,10x-1,122,241.1,538.3,103,68.38,88.89,1194.61,209.61,1230.89,0.1703,1.3,20.0,dapi,0
no_KD,30min,10x-1,123,240.7,581.1,55,40.65,52.85,1199.24,214.24,1186.0,0.1806,1.3,20.0,dapi,0
no_KD,30min,10x-1,124,242.4,511.3,54,56.85,73.91,1173.98,188.98,1144.65,0.1651,1.3,20.0,dapi,0
no_KD,30min,10x-1,125,241.1,526.8,57,62.88,81.74,1175.79,190.79,1199.51,0.1591,1.3,20.0,dapi,0
no_KD,30min,10x-1,126,241.7,553.6,62,66.64,86.63,1150.05,165.05,1621.92,0.1018,1.3,20.0,dapi,0
no_KD,30min,10x-1,127,242.2,497.3,62,52.86,68.72,1177.76,192.76,1173.74,0.1642,1.3,20.0,dapi,0
no_KD,30min,10x-1,128,243.1,564.6,59,56.62,73.6,1205.71,220.71,1528.61,0.1444,1.3,20.0,dapi,0
no_KD,30min,10x-1,129,243.7,588.9,59,32.63,42.41,1219.36,234.36,1160.9,0.2019,1.3,20.0,dapi,0
no_KD,30min,10x-1,130,246.2,381.5,86,15.03,19.54,2136.77,1151.77,1325.6,0.8689,1.3,20.0,dapi,0
no_KD,30min,10x-1,131,244.1,452.0,79,49.74,64.66,1219.35,234.35,1438.03,0.163,1.3,20.0,dapi,0
no_KD,30min,10x-1,132,245.4,417.2,73,27.16,35.31,1426.71,441.71,1355.1,0.326,1.3,20.0,dapi,0
no_KD,30min,10x-1,133,245.4,429.5,87,34.86,45.32,1233.24,248.24,1338.7,0.1854,1.3,20.0,dapi,0
no_KD,30min,10x-1,134,246.6,365.0,72,6.02,7.82,1871.03,886.03,987.17,0.8975,1.3,20.0,dapi,0
no_KD,30min,10x-1,135,245.9,388.7,63,17.31,22.5,1975.0,990.0,1114.25,0.8885,1.3,20.0,dapi,0
no_KD,30min,10x-1,136,246.5,406.9,72,25.11,32.65,1995.51,1010.51,1294.82,0.7804,1.3,20.0,dapi,0
no_KD,30min,10x-1,137,245.1,475.5,63,53.3,69.28,1170.02,185.02,1610.29,0.1149,1.3,20.0,dapi,0
no_KD,30min,10x-1,138,246.8,490.5,66,56.86,73.92,1149.14,164.14,1602.82,0.1024,1.3,20.0,dapi,0
no_KD,30min,10x-1,139,246.8,547.4,54,74.7,97.12,1234.98,249.98,1306.41,0.1914,1.3,20.0,dapi,0
no_KD,30min,10x-1,140,247.6,597.1,72,24.93,32.4,2020.47,1035.47,1325.04,0.7815,1.3,20.0,dapi,0
no_KD,30min,10x-1,141,246.0,614.7,74,6.82,8.86,1849.65,864.65,1297.18,0.6666,1.3,20.0,dapi,0
no_KD,30min,10x-1,142,249.9,354.1,90,4.26,5.54,1659.23,674.23,1001.02,0.6735,1.3,20.0,dapi,0
no_KD,30min,10x-1,143,249.8,374.0,58,14.35,18.65,2043.53,1058.53,1139.71,0.9288,1.3,20.0,dapi,0
no_KD,30min,10x-1,144,249.5,578.7,90,43.04,55.95,1211.43,226.43,1333.04,0.1699,1.3,20.0,dapi,0
no_KD,30min,10x-1,145,249.0,528.3,40,70.52,91.68,1169.33,184.33,1418.17,0.13,1.3,20.0,dapi,0
no_KD,30min,10x-1,146,249.7,567.5,42,54.96,71.45,1569.5,584.5,1298.57,0.4501,1.3,20.0,dapi,0
no_KD,30min,10x-1,147,252.2,443.4,74,48.97,63.66,1207.95,222.95,1157.49,0.1926,1.3,20.0,dapi,0
no_KD,30min,10x-1,148,251.6,504.1,74,64.17,83.42,1151.49,166.49,1472.41,0.1131,1.3,20.0,dapi,0
no_KD,30min,10x-1,149,253.5,341.9,90,4.72,6.13,1907.9,922.9,1026.44,0.8991,1.3,20.0,dapi,0
no_KD,30min,10x-1,150,251.1,458.2,59,56.62,73.61,1220.93,235.93,1108.07,0.2129,1.3,20.0,dapi,0
no_KD,30min,10x-1,151,251.2,514.0,29,66.32,86.22,1171.93,186.93,1260.97,0.1482,1.3,20.0,dapi,0
no_KD,30min,10x-1,152,252.2,538.0,72,77.77,101.1,1191.75,206.75,1517.92,0.1362,1.3,20.0,dapi,0
no_KD,30min,10x-1,153,252.2,482.1,54,60.85,79.11,1243.61,258.61,1201.44,0.2153,1.3,20.0,dapi,0
no_KD,30min,10x-1,154,252.6,557.3,58,65.24,84.81,1227.6,242.6,1231.45,0.197,1.3,20.0,dapi,0
no_KD,30min,10x-1,155,252.5,607.1,43,16.02,20.82,1977.47,992.47,1236.63,0.8026,1.3,20.0,dapi,0
no_KD,30min,10x-1,156,254.2,398.7,64,28.63,37.21,2289.05,1304.05,1264.09,1.0316,1.3,20.0,dapi,0
no_KD,30min,10x-1,157,253.7,418.0,51,35.61,46.29,1723.1,738.1,1156.45,0.6382,1.3,20.0,dapi,0
no_KD,30min,10x-1,158,255.8,434.7,70,46.46,60.4,1200.83,215.83,1429.5,0.151,1.3,20.0,dapi,0
no_KD,30min,10x-1,159,255.6,587.3,50,36.24,47.11,1845.34,860.34,1137.26,0.7565,1.3,20.0,dapi,0
no_KD,30min,10x-1,160,255.9,616.5,77,7.09,9.21,1950.64,965.64,1355.55,0.7124,1.3,20.0,dapi,0
no_KD,30min,10x-1,161,259.1,363.2,123,15.63,20.32,1929.95,944.95,1113.46,0.8487,1.3,20.0,dapi,0
no_KD,30min,10x-1,162,256.7,546.8,47,75.7,98.41,1169.06,184.06,1365.04,0.1348,1.3,20.0,dapi,0
no_KD,30min,10x-1,163,256.1,570.8,67,51.88,67.45,1260.27,275.27,1409.36,0.1953,1.3,20.0,dapi,0
no_KD,30min,10x-1,164,259.7,388.4,106,30.22,39.29,2064.59,1079.59,1208.75,0.8932,1.3,20.0,dapi,0
no_KD,30min,10x-1,165,258.4,496.9,83,68.63,89.22,1150.47,165.47,1370.51,0.1207,1.3,20.0,dapi,0
no_KD,30min,10x-1,166,258.3,596.4,63,27.79,36.13,2072.16,1087.16,1197.35,0.908,1.3,20.0,dapi,0
no_KD,30min,10x-1,167,259.7,454.8,80,63.18,82.14,1275.28,290.28,1368.78,0.2121,1.3,20.0,dapi,0
no_KD,30min,10x-1,168,259.9,466.1,73,66.11,85.95,1185.85,200.85,1486.36,0.1351,1.3,20.0,dapi,0
no_KD,30min,10x-1,169,260.9,327.3,96,5.01,6.51,1881.44,896.44,1123.27,0.7981,1.3,20.0,dapi,0
no_KD,30min,10x-1,170,259.0,425.5,54,43.78,56.92,1206.67,221.67,1256.61,0.1764,1.3,20.0,dapi,0
no_KD,30min,10x-1,171,258.7,531.5,31,81.28,105.66,1496.77,511.77,1342.61,0.3812,1.3,20.0,dapi,0
no_KD,30min,10x-1,172,261.4,408.2,84,38.74,50.36,1256.71,271.71,1367.24,0.1987,1.3,20.0,dapi,0
no_KD,30min,10x-1,173,265.9,478.5,95,74.11,96.35,1166.59,181.59,1357.24,0.1338,1.3,20.0,dapi,0
no_KD,30min,10x-1,174,262.9,566.3,85,58.16,75.61,1199.94,214.94,1526.94,0.1408,1.3,20.0,dapi,0
no_KD,30min,10x-1,175,261.4,605.2,76,20.08,26.11,2278.82,1293.82,1421.12,0.9104,1.3,20.0,dapi,0
no_KD,30min,10x-1,176,261.4,482.5,55,69.9,90.87,1193.02,208.02,1492.91,0.1393,1.3,20.0,dapi,0
no_KD,30min,10x-1,177,264.6,320.6,102,6.55,8.51,1901.56,916.56,1034.48,0.886,1.3,20.0,dapi,0
no_KD,30min,10x-1,178,261.3,336.8,29,7.87,10.24,2152.62,1167.62,1353.14,0.8629,1.3,20.0,dapi,0
no_KD,30min,10x-1,179,263.9,378.7,72,28.03,36.44,1630.83,645.83,1102.31,0.5859,1.3,20.0,dapi,0
no_KD,30min,10x-1,180,263.3,439.0,72,54.43,70.76,1166.24,181.24,1314.43,0.1379,1.3,20.0,dapi,0
no_KD,30min,10x-1,181,263.1,583.2,76,41.62,54.11,1221.83,236.83,1388.79,0.1705,1.3,20.0,dapi,0
no_KD,30min,10x-1,182,263.2,621.5,63,6.55,8.51,2077.17,1092.17,1437.1,0.76,1.3,20.0,dapi,0
no_KD,30min,10x-1,183,265.1,353.5,85,17.86,23.21,1881.76,896.76,1186.4,0.7559,1.3,20.0,dapi,0
no_KD,30min,10x-1,184,263.3,509.4,52,76.1,98.93,1182.4,197.4,1248.42,0.1581,1.3,20.0,dapi,0
no_KD,30min,10x-1,185,265.0,533.6,83,87.57,113.84,1231.1,246.1,1467.8,0.1677,1.3,20.0,dapi,0
no_KD,30min,10x-1,186,265.9,553.8,76,70.52,91.68,1183.84,198.84,1410.17,0.141,1.3,20.0,dapi,0
no_KD,30min,10x-1,187,266.3,340.7,59,14.15,18.39,1996.59,1011.59,1251.47,0.8083,1.3,20.0,dapi,0
no_KD,30min,10x-1,188,265.8,423.3,84,48.59,63.17,1264.3,279.3,1355.61,0.206,1.3,20.0,dapi,0
no_KD,30min,10x-1,189,265.0,545.0,31,79.16,102.9,1746.65,761.65,1555.84,0.4895,1.3,20.0,dapi,0
no_KD,30min,10x-1,190,266.5,398.6,61,39.65,51.55,1256.33,271.33,1207.95,0.2246,1.3,20.0,dapi,0
no_KD,30min,10x-1,191,269.4,371.7,103,28.44,36.98,1618.83,633.83,1216.33,0.5211,1.3,20.0,dapi,0
no_KD,30min,10x-1,192,267.4,517.1,22,82.35,107.06,1127.5,142.5,1824.68,0.0781,1.3,20.0,dapi,0
no_KD,30min,10x-1,193,269.4,448.8,79,65.42,85.05,1164.19,179.19,1414.28,0.1267,1.3,20.0,dapi,0
no_KD,30min,10x-1,194,271.6,574.6,73,52.03,67.64,1191.01,206.01,1340.89,0.1536,1.3,20.0,dapi,0
no_KD,30min,10x-1,195,269.6,594.6,62,32.92,42.79,1833.48,848.48,1140.95,0.7437,1.3,20.0,dapi,0
no_KD,30min,10x-1,196,269.5,614.8,42,14.58,18.96,2171.38,1186.38,1249.21,0.9497,1.3,20.0,dapi,0
no_KD,30min,10x-1,197,270.5,622.3,66,9.03,11.74,2190.08,1205.08,1380.65,0.8728,1.3,20.0,dapi,0
no_KD,30min,10x-1,198,271.6,320.1,70,6.62,8.6,2143.1,1158.1,1199.09,0.9658,1.3,20.0,dapi,0
no_KD,30min,10x-1,199,271.4,385.8,80,37.88,49.24,1245.26,260.26,1205.14,0.216,1.3,20.0,dapi,0
no_KD,30min,10x-1,200,271.5,472.6,76,78.0,101.4,1165.26,180.26,1464.67,0.1231,1.3,20.0,dapi,0
no_KD,30min,10x-1,201,272.5,495.6,97,82.35,107.06,1157.09,172.09,1297.62,0.1326,1.3,20.0,dapi,0
no_KD,30min,10x-1,202,271.1,409.0,46,48.18,62.63,1177.85,192.85,1243.67,0.1551,1.3,20.0,dapi,0
no_KD,30min,10x-1,203,271.4,606.6,63,22.63,29.42,2075.17,1090.17,1237.0,0.8813,1.3,20.0,dapi,0
no_KD,30min,10x-1,204,273.2,636.1,67,1.73,2.25,1604.75,619.75,924.63,0.6703,1.3,20.0,dapi,0
no_KD,30min,10x-1,205,273.9,462.0,74,77.95,101.34,1156.93,171.93,1446.74,0.1188,1.3,20.0,dapi,0
no_KD,30min,10x-1,206,271.8,536.1,67,89.4,116.22,1180.42,195.42,1625.88,0.1202,1.3,20.0,dapi,0
no_KD,30min,10x-1,207,274.2,562.7,70,63.99,83.19,1171.06,186.06,1520.27,0.1224,1.3,20.0,dapi,0
no_KD,30min,10x-1,208,276.0,335.0,89,21.49,27.94,2023.98,1038.98,1157.01,0.898,1.3,20.0,dapi,0
no_KD,30min,10x-1,209,274.6,427.8,62,58.86,76.52,1148.55,163.55,1139.42,0.1435,1.3,20.0,dapi,0
no_KD,30min,10x-1,210,275.1,442.7,55,66.46,86.39,1161.2,176.2,1210.78,0.1455,1.3,20.0,dapi,0
no_KD,30min,10x-1,211,274.8,546.0,50,80.5,104.64,1499.14,514.14,1191.42,0.4315,1.3,20.0,dapi,0
no_KD,30min,10x-1,212,274.2,584.6,49,43.65,56.74,1267.2,282.2,1307.35,0.2159,1.3,20.0,dapi,0
no_KD,30min,10x-1,213,274.9,348.1,57,25.43,33.06,1983.53,998.53,1258.46,0.7935,1.3,20.0,dapi,0
no_KD,30min,10x-1,214,276.2,363.9,64,32.04,41.65,1235.88,250.88,1241.31,0.2021,1.3,20.0,dapi,0
no_KD,30min,10x-1,215,276.8,623.9,66,12.2,15.86,1996.94,1011.94,1114.56,0.9079,1.3,20.0,dapi,0
no_KD,30min,10x-1,216,276.6,394.0,65,47.65,61.94,1193.57,208.57,1131.74,0.1843,1.3,20.0,dapi,0
no_KD,30min,10x-1,217,278.1,523.8,109,95.11,123.64,1184.8,199.8,1199.05,0.1666,1.3,20.0,dapi,0
no_KD,30min,10x-1,218,278.8,454.7,69,76.93,100.01,1172.48,187.48,1378.64,0.136,1.3,20.0,dapi,0
no_KD,30min,10x-1,219,277.9,484.9,59,87.01,113.12,1337.12,352.12,1374.51,0.2562,1.3,20.0,dapi,0
no_KD,30min,10x-1,220,277.4,503.7,53,88.56,115.12,1253.08,268.08,1241.62,0.2159,1.3,20.0,dapi,0
no_KD,30min,10x-1,221,281.0,357.2,69,34.34,44.65,1392.45,407.45,1313.12,0.3103,1.3,20.0,dapi,0
no_KD,30min,10x-1,222,279.0,406.9,59,54.83,71.28,1171.81,186.81,1180.14,0.1583,1.3,20.0,dapi,0
no_KD,30min,10x-1,223,281.7,416.9,105,61.46,79.9,1146.59,161.59,1219.68,0.1325,1.3,20.0,dapi,0
no_KD,30min,10x-1,224,278.7,553.2,58,75.09,97.62,1171.4,186.4,1210.05,0.154,1.3,20.0,dapi,0
no_KD,30min,10x-1,225,278.5,599.4,90,32.92,42.79,1666.03,681.03,1465.33,0.4648,1.3,20.0,dapi,0
no_KD,30min,10x-1,226,281.6,379.1,87,43.21,56.17,1278.89,293.89,1008.17,0.2915,1.3,20.0,dapi,0
no_KD,30min,10x-1,227,282.3,514.2,85,95.74,124.46,1145.31,160.31,1358.89,0.118,1.3,20.0,dapi,0
no_KD,30min,10x-1,228,282.2,568.8,60,61.54,80.0,1150.62,165.62,1351.68,0.1225,1.3,20.0,dapi,0
no_KD,30min,10x-1,229,282.4,432.1,85,66.91,86.98,1136.6,151.6,1352.71,0.1121,1.3,20.0,dapi,0
no_KD,30min,10x-1,230,284.3,477.7,90,91.69,119.2,1178.9,193.9,1364.63,0.1421,1.3,20.0,dapi,0
no_KD,30min,10x-1,231,282.6,579.9,87,52.15,67.8,1169.49,184.49,1314.94,0.1403,1.3,20.0,dapi,0
no_KD,30min,10x-1,232,283.1,612.1,88,24.62,32.0,2015.58,1030.58,1222.88,0.8428,1.3,20.0,dapi,0
no_KD,30min,10x-1,233,283.9,624.7,69,11.62,15.1,1993.06,1008.06,1177.26,0.8563,1.3,20.0,dapi,0
no_KD,30min,10x-1,234,284.5,393.1,82,53.22,69.18,1159.29,174.29,1362.35,0.1279,1.3,20.0,dapi,0
no_KD,30min,10x-1,235,284.5,535.7,71,93.12,121.05,1154.61,169.61,1048.65,0.1617,1.3,20.0,dapi,0
no_KD,30min,10x-1,236,285.6,323.8,84,13.25,17.23,2054.07,1069.07,1216.74,0.8786,1.3,20.0,dapi,0
no_KD,30min,10x-1,237,285.4,466.5,87,88.68,115.28,1159.22,174.22,1365.53,0.1276,1.3,20.0,dapi,0
no_KD,30min,10x-1,238,284.1,594.5,46,39.32,51.12,1430.02,445.02,1206.0,0.369,1.3,20.0,dapi,0
no_KD,30min,10x-1,239,285.9,348.1,71,32.92,42.79,1458.35,473.35,1276.44,0.3708,1.3,20.0,dapi,0
no_KD,30min,10x-1,240,289.1,315.1,101,4.84,6.29,1819.46,834.46,1174.4,0.7105,1.3,20.0,dapi,0
no_KD,30min,10x-1,241,288.5,490.8,113,97.62,126.9,1155.5,170.5,1109.11,0.1537,1.3,20.0,dapi,0
no_KD,30min,10x-1,242,287.2,546.8,77,83.62,108.71,1162.3,177.3,1527.48,0.1161,1.3,20.0,dapi,0
no_KD,30min,10x-1,243,287.3,371.2,60,44.7,58.11,1179.68,194.68,1321.38,0.1473,1.3,20.0,dapi,0
no_KD,30min,10x-1,244,288.9,560.2,74,72.72,94.53,1180.84,195.84,1520.01,0.1288,1.3,20.0,dapi,0
no_KD,30min,10x-1,245,290.1,422.5,71,70.95,92.23,1135.25,150.25,1428.21,0.1052,1.3,20.0,dapi,0
no_KD,30min,10x-1,246,290.4,439.9,109,77.67,100.98,1169.8,184.8,1216.04,0.152,1.3,20.0,dapi,0
no_KD,30min,10x-1,247,290.4,509.6,81,102.52,133.27,1162.4,177.4,1425.62,0.1244,1.3,20.0,dapi,0
no_KD,30min,10x-1,248,290.5,406.4,82,64.47,83.8,1161.73,176.73,1370.56,0.1289,1.3,20.0,dapi,0
no_KD,30min,10x-1,249,289.6,598.3,58,38.7,50.31,1700.19,715.19,1255.48,0.5697,1.3,20.0,dapi,0
no_KD,30min,10x-1,250,290.7,631.3,97,5.99,7.79,1792.31,807.31,1173.0,0.6882,1.3,20.0,dapi,0
no_KD,30min,10x-1,251,290.3,385.8,69,53.58,69.65,1165.32,180.32,1107.06,0.1629,1.3,20.0,dapi,0
no_KD,30min,10x-1,252,291.4,454.8,72,86.45,112.38,1129.96,144.96,1324.47,0.1094,1.3,20.0,dapi,0
no_KD,30min,10x-1,253,291.2,583.2,81,53.22,69.18,1179.12,194.12,1419.54,0.1368,1.3,20.0,dapi,0
no_KD,30min,10x-1,254,291.6,523.1,66,107.75,140.07,1146.74,161.74,1319.08,0.1226,1.3,20.0,dapi,0
no_KD,30min,10x-1,255,292.0,572.4,53,63.33,82.33,1194.89,209.89,1307.62,0.1605,1.3,20.0,dapi,0
no_KD,30min,10x-1,256,292.6,613.8,82,23.09,30.01,1839.17,854.17,1404.62,0.6081,1.3,20.0,dapi,0
no_KD,30min,10x-1,257,296.8,362.8,95,43.65,56.74,1311.24,326.24,1265.86,0.2577,1.3,20.0,dapi,0
no_KD,30min,10x-1,258,295.0,480.4,90,102.87,133.74,1146.84,161.84,1321.81,0.1224,1.3,20.0,dapi,0
no_KD,30min,10x-1,259,296.6,350.2,67,30.94,40.22,1294.27,309.27,1198.73,0.258,1.3,20.0,dapi,0
no_KD,30min,10x-1,260,296.6,396.4,76,64.77,84.2,1173.97,188.97,1437.17,0.1315,1.3,20.0,dapi,0
no_KD,30min,10x-1,261,296.3,547.7,66,86.58,112.56,1172.03,187.03,1395.8,0.134,1.3,20.0,dapi,0
no_KD,30min,10x-1,262,296.3,561.1,87,74.95,97.44,1148.95,163.95,1348.8,0.1216,1.3,20.0,dapi,0
no_KD,30min,10x-1,263,296.0,603.9,51,33.45,43.49,1461.92,476.92,1218.25,0.3915,1.3,20.0,dapi,0
no_KD,30min,10x-1,264,297.1,537.0,79,96.87,125.94,1151.54,166.54,1460.39,0.114,1.3,20.0,dapi,0
no_KD,30min,10x-1,265,298.1,375.5,94,55.33,71.92,1176.4,191.4,1024.37,0.1869,1.3,20.0,dapi,0
no_KD,30min,10x-1,266,299.0,587.2,65,50.71,65.93,1203.51,218.51,1374.08,0.159,1.3,20.0,dapi,0
no_KD,30min,10x-1,267,297.4,596.0,57,41.5,53.95,1780.37,795.37,1168.42,0.6807,1.3,20.0,dapi,0
no_KD,30min,10x-1,268,301.1,327.2,84,7.7,10.01,2065.06,1080.06,1319.62,0.8185,1.3,20.0,dapi,0
no_KD,30min,10x-1,269,299.1,426.6,73,80.75,104.98,1121.08,136.08,1281.1,0.1062,1.3,20.0,dapi,0
no_KD,30min,10x-1,270,299.3,442.8,98,87.04,113.15,1140.45,155.45,1348.78,0.1153,1.3,20.0,dapi,0
no_KD,30min,10x-1,271,299.2,499.2,84,109.52,142.38,1141.05,156.05,1413.35,0.1104,1.3,20.0,dapi,0
no_KD,30min,10x-1,272,299.9,414.1,67,76.81,99.85,1140.69,155.69,1171.48,0.1329,1.3,20.0,dapi,0
no_KD,30min,10x-1,273,300.1,521.7,86,111.74,145.26,1199.01,214.01,1361.47,0.1572,1.3,20.0,dapi,0
no_KD,30min,10x-1,274,300.0,626.1,80,12.78,16.61,2057.2,1072.2,1336.71,0.8021,1.3,20.0,dapi,0
no_KD,30min,10x-1,275,302.9,464.0,85,101.44,131.88,1135.15,150.15,1126.76,0.1333,1.3,20.0,dapi,0
no_KD,30min,10x-1,276,301.8,390.3,67,66.03,85.84,1151.82,166.82,1196.7,0.1394,1.3,20.0,dapi,0
no_KD,30min,10x-1,277,302.5,579.9,51,58.37,75.88,1147.96,162.96,1277.82,0.1275,1.3,20.0,dapi,0
no_KD,30min,10x-1,278,303.0,611.1,88,28.03,36.44,1320.47,335.47,1305.66,0.2569,1.3,20.0,dapi,0
no_KD,30min,10x-1,279,303.6,347.1,80,26.81,34.85,1567.22,582.22,1373.31,0.424,1.3,20.0,dapi,0
no_KD,30min,10x-1,280,305.8,456.8,86,100.05,130.06,1231.76,246.76,1089.09,0.2266,1.3,20.0,dapi,0
no_KD,30min,10x-1,281,302.8,573.2,55,65.22,84.79,1166.22,181.22,1618.29,0.112,1.3,20.0,dapi,0
no_KD,30min,10x-1,282,304.2,507.9,75,115.83,150.58,1173.33,188.33,1249.51,0.1507,1.3,20.0,dapi,0
no_KD,30min,10x-1,283,304.4,546.1,81,91.95,119.53,1140.74,155.74,1388.83,0.1121,1.3,20.0,dapi,0
no_KD,30min,10x-1,284,304.5,635.9,93,5.64,7.33,1788.84,803.84,1147.66,0.7004,1.3,20.0,dapi,0
no_KD,30min,10x-1,285,306.0,405.1,94,77.27,100.45,1274.39,289.39,1304.88,0.2218,1.3,20.0,dapi,0
no_KD,30min,10x-1,286,305.4,475.3,75,109.72,142.63,1171.2,186.2,1129.41,0.1649,1.3,20.0,dapi,0
no_KD,30min,10x-1,287,304.5,561.8,55,76.21,99.07,1150.58,165.58,1189.47,0.1392,1.3,20.0,dapi,0
no_KD,30min,10x-1,288,305.3,533.0,60,104.02,135.23,1154.28,169.28,1324.85,0.1278,1.3,20.0,dapi,0
no_KD,30min,10x-1,289,307.6,488.2,100,117.16,152.31,1139.72,154.72,1244.83,0.1243,1.3,20.0,dapi,0
no_KD,30min,10x-1,290,308.3,383.6,57,63.62,82.7,1133.74,148.74,1416.95,0.105,1.3,20.0,dapi,0
no_KD,30min,10x-1,291,307.3,445.1,72,95.08,123.6,1175.38,190.38,1229.42,0.1548,1.3,20.0,dapi,0
no_KD,30min,10x-1,292,308.8,365.5,51,45.62,59.3,1139.33,154.33,1181.22,0.1307,1.3,20.0,dapi,0
no_KD,30min,10x-1,293,308.7,374.1,57,53.62,69.7,1153.58,168.58,1335.75,0.1262,1.3,20.0,dapi,0
no_KD,30min,10x-1,294,310.3,338.4,88,17.63,22.92,2035.74,1050.74,1150.16,0.9136,1.3,20.0,dapi,0
no_KD,30min,10x-1,295,311.4,357.0,64,36.65,47.65,1198.23,213.23,1405.12,0.1518,1.3,20.0,dapi,0
no_KD,30min,10x-1,296,311.2,602.7,100,38.1,49.53,1140.77,155.77,1242.3,0.1254,1.3,20.0,dapi,0
no_KD,30min,10x-1,297,309.6,615.6,53,25.76,33.49,1224.25,239.25,1132.36,0.2113,1.3,20.0,dapi,0
no_KD,30min,10x-1,298,313.2,328.9,150,8.95,11.63,1827.87,842.87,1156.23,0.729,1.3,20.0,dapi,0
no_KD,30min,10x-1,299,311.3,417.5,63,88.09,114.51,1152.43,167.43,1146.08,0.1461,1.3,20.0,dapi,0
no_KD,30min,10x-1,300,310.9,431.5,64,93.4,121.42,1144.92,159.92,1385.33,0.1154,1.3,20.0,dapi,0
no_KD,30min,10x-1,301,312.2,393.6,51,73.67,95.77,1157.43,172.43,1339.61,0.1287,1.3,20.0,dapi,0
no_KD,30min,10x-1,302,313.3,469.6,89,113.07,146.99,1129.57,144.57,1271.87,0.1137,1.3,20.0,dapi,0
no_KD,30min,10x-1,303,312.0,503.5,64,123.07,159.99,1245.09,260.09,1197.28,0.2172,1.3,20.0,dapi,0
no_KD,30min,10x-1,304,313.0,581.6,71,58.66,76.25,1152.62,167.62,1210.15,0.1385,1.3,20.0,dapi,0
no_KD,30min,10x-1,305,313.0,591.1,71,50.08,65.1,1175.46,190.46,1250.0,0.1524,1.3,20.0,dapi,0
no_KD,30min,10x-1,306,314.8,517.2,75,122.49,159.24,1184.0,199.0,1128.79,0.1763,1.3,20.0,dapi,0
no_KD,30min,10x-1,307,315.3,527.6,86,111.71,145.23,1169.36,184.36,1307.5,0.141,1.3,20.0,dapi,0
no_KD,30min,10x-1,308,313.0,536.7,41,102.5,133.25,1279.68,294.68,1352.54,0.2179,1.3,20.0,dapi,0
no_KD,30min,10x-1,309,315.2,404.2,66,83.8,108.94,1194.21,209.21,1344.59,0.1556,1.3,20.0,dapi,0
no_KD,30min,10x-1,310,315.4,568.1,84,72.67,94.47,1124.01,139.01,1399.12,0.0994,1.3,20.0,dapi,0
no_KD,30min,10x-1,311,315.3,622.0,75,21.95,28.54,1670.61,685.61,1081.8,0.6338,1.3,20.0,dapi,0
no_KD,30min,10x-1,312,315.1,642.3,101,4.46,5.8,1635.51,650.51,973.06,0.6685,1.3,20.0,dapi,0
no_KD,30min,10x-1,313,317.5,493.4,76,127.63,165.92,1167.37,182.37,1272.78,0.1433,1.3,20.0,dapi,0
no_KD,30min,10x-1,314,316.7,546.8,77,93.52,121.58,1133.64,148.64,1375.01,0.1081,1.3,20.0,dapi,0
no_KD,30min,10x-1,315,318.5,443.3,102,104.24,135.51,1200.43,215.43,1286.52,0.1675,1.3,20.0,dapi,0
no_KD,30min,10x-1,316,318.9,351.5,69,32.67,42.47,1279.57,294.57,1524.41,0.1932,1.3,20.0,dapi,0
no_KD,30min,10x-1,317,318.2,630.8,68,15.14,19.69,1928.99,943.99,1259.13,0.7497,1.3,20.0,dapi,0
no_KD,30min,10x-1,318,318.6,376.3,51,56.32,73.21,1141.47,156.47,1301.65,0.1202,1.3,20.0,dapi,0
no_KD,30min,10x-1,319,318.6,389.2,58,69.21,89.97,1155.45,170.45,1350.98,0.1262,1.3,20.0,dapi,0
no_KD,30min,10x-1,320,320.6,424.7,76,100.49,130.63,1504.55,519.55,1340.97,0.3874,1.3,20.0,dapi,0
no_KD,30min,10x-1,321,321.9,479.0,96,125.63,163.32,1141.19,156.19,1244.72,0.1255,1.3,20.0,dapi,0
no_KD,30min,10x-1,322,319.7,558.2,51,83.66,108.75,1325.63,340.63,1261.51,0.27,1.3,20.0,dapi,0
no_KD,30min,10x-1,323,321.2,613.4,107,32.54,42.31,1430.61,445.61,1315.37,0.3388,1.3,20.0,dapi,0
no_KD,30min,10x-1,324,321.5,369.0,52,49.73,64.65,1175.29,190.29,1368.06,0.1391,1.3,20.0,dapi,0
no_KD,30min,10x-1,325,321.1,579.6,79,63.16,82.11,1125.38,140.38,1425.44,0.0985,1.3,20.0,dapi,0
no_KD,30min,10x-1,326,322.0,504.3,87,132.97,172.86,1130.16,145.16,1395.83,0.104,1.3,20.0,dapi,0
no_KD,30min,10x-1,327,321.8,600.3,72,45.02,58.53,1123.74,138.74,1287.25,0.1078,1.3,20.0,dapi,0
no_KD,30min,10x-1,328,322.7,345.2,53,26.99,35.09,1904.13,919.13,1181.79,0.7777,1.3,20.0,dapi,0
no_KD,30min,10x-1,329,323.0,398.8,63,79.65,103.55,1171.76,186.76,1387.17,0.1346,1.3,20.0,dapi,0
no_KD,30min,10x-1,330,325.2,458.0,84,117.03,152.14,1163.89,178.89,1356.39,0.1319,1.3,20.0,dapi,0
no_KD,30min,10x-1,331,326.2,364.0,89,46.02,59.82,1220.92,235.92,1374.24,0.1717,1.3,20.0,dapi,0
no_KD,30min,10x-1,332,324.4,383.4,73,64.04,83.26,1139.9,154.9,1531.29,0.1012,1.3,20.0,dapi,0
no_KD,30min,10x-1,333,323.3,412.9,62,93.52,121.57,1169.65,184.65,1172.42,0.1575,1.3,20.0,dapi,0
no_KD,30min,10x-1,334,324.4,434.9,66,107.0,139.09,1192.33,207.33,1266.02,0.1638,1.3,20.0,dapi,0
no_KD,30min,10x-1,335,325.2,335.8,75,19.5,25.35,1931.97,946.97,1367.09,0.6927,1.3,20.0,dapi,0
no_KD,30min,10x-1,336,328.6,309.1,73,5.01,6.51,1761.73,776.73,1006.37,0.7718,1.3,20.0,dapi,0
no_KD,30min,10x-1,337,327.0,467.2,75,123.19,160.14,1119.91,134.91,1248.11,0.1081,1.3,20.0,dapi,0
no_KD,30min,10x-1,338,326.1,531.2,58,111.26,144.64,1145.02,160.02,1564.55,0.1023,1.3,20.0,dapi,0
no_KD,30min,10x-1,339,327.0,633.4,85,14.7,19.11,1775.65,790.65,1255.19,0.6299,1.3,20.0,dapi,0
no_KD,30min,10x-1,340,326.8,447.3,52,114.08,148.31,1499.5,514.5,1187.27,0.4333,1.3,20.0,dapi,0
no_KD,30min,10x-1,341,327.0,520.1,82,122.14,158.79,1135.35,150.35,1266.78,0.1187,1.3,20.0,dapi,0
no_KD,30min,10x-1,342,328.7,574.7,76,70.95,92.23,1130.39,145.39,1497.58,0.0971,1.3,20.0,dapi,0
no_KD,30min,10x-1,343,332.6,298.8,105,5.64,7.33,1683.81,698.81,1154.69,0.6052,1.3,20.0,dapi,0
no_KD,30min,10x-1,344,331.8,564.7,93,81.28,105.66,1147.52,162.52,1311.35,0.1239,1.3,20.0,dapi,0
no_KD,30min,10x-1,345,331.8,358.6,78,43.31,56.3,1561.19,576.19,1339.32,0.4302,1.3,20.0,dapi,0
no_KD,30min,10x-1,346,331.5,409.4,72,91.13,118.47,1169.6,184.6,1472.33,0.1254,1.3,20.0,dapi,0
no_KD,30min,10x-1,347,331.6,546.2,93,98.85,128.5,1201.39,216.39,1049.11,0.2063,1.3,20.0,dapi,0
no_KD,30min,10x-1,348,331.8,487.4,66,138.42,179.95,1161.09,176.09,1240.56,0.1419,1.3,20.0,dapi,0
no_KD,30min,10x-1,349,332.6,583.6,73,63.86,83.02,1169.53,184.53,1231.79,0.1498,1.3,20.0,dapi,0
no_KD,30min,10x-1,350,332.5,595.4,81,53.06,68.98,1127.01,142.01,1364.78,0.1041,1.3,20.0,dapi,0
no_KD,30min,10x-1,351,330.5,613.1,55,35.06,45.58,1156.49,171.49,1163.18,0.1474,1.3,20.0,dapi,0
no_KD,30min,10x-1,352,332.5,386.6,76,69.78,90.71,1141.92,156.92,1423.17,0.1103,1.3,20.0,dapi,0
no_KD,30min,10x-1,353,333.8,555.1,66,91.24,118.61,1155.83,170.83,1279.27,0.1335,1.3,20.0,dapi,0
no_KD,30min,10x-1,354,332.8,643.8,98,7.42,9.64,1929.92,944.92,1211.05,0.7802,1.3,20.0,dapi,0
no_KD,30min,10x-1,355,334.2,330.6,85,20.68,26.89,2655.58,1670.58,1740.87,0.9596,1.3,20.0,dapi,0
no_KD,30min,10x-1,356,335.6,318.4,61,14.58,18.96,2278.23,1293.23,1457.57,0.8872,1.3,20.0,dapi,0
no_KD,30min,10x-1,357,335.9,399.8,69,83.38,108.39,1171.28,186.28,1285.03,0.145,1.3,20.0,dapi,0
no_KD,30min,10x-1,358,335.3,429.9,47,112.29,145.98,1894.74,909.74,1188.6,0.7654,1.3,20.0,dapi,0
no_KD,30min,10x-1,359,337.3,481.2,82,139.1,180.83,1459.56,474.56,1412.06,0.3361,1.3,20.0,dapi,0
no_KD,30min,10x-1,360,337.0,496.7,79,146.98,191.07,1094.27,109.27,1167.33,0.0936,1.3,20.0,dapi,0
no_KD,30min,10x-1,361,337.9,511.5,90,132.93,172.81,1091.86,106.86,1266.07,0.0844,1.3,20.0,dapi,0
no_KD,30min,10x-1,362,337.9,441.4,75,122.18,158.84,1687.19,702.19,1104.95,0.6355,1.3,20.0,dapi,0
no_KD,30min,10x-1,363,336.5,608.6,58,40.28,52.36,1188.26,203.26,1385.24,0.1467,1.3,20.0,dapi,0
no_KD,30min,10x-1,364,337.2,453.3,67,125.65,163.34,1198.67,213.67,1580.09,0.1352,1.3,20.0,dapi,0
no_KD,30min,10x-1,365,339.7,504.0,68,141.16,183.5,1087.19,102.19,1261.71,0.081,1.3,20.0,dapi,0
no_KD,30min,10x-1,366,337.4,523.1,63,122.18,158.84,1130.52,145.52,1289.79,0.1128,1.3,20.0,dapi,0
no_KD,30min,10x-1,367,339.0,344.9,76,34.62,45.0,2260.74,1275.74,1499.43,0.8508,1.3,20.0,dapi,0
no_KD,30min,10x-1,368,338.9,539.8,92,107.0,139.1,1123.28,138.28,1134.04,0.1219,1.3,20.0,dapi,0
no_KD,30min,10x-1,369,339.9,630.0,76,22.89,29.76,2018.07,1033.07,1356.59,0.7615,1.3,20.0,dapi,0
no_KD,30min,10x-1,370,339.1,652.1,90,4.72,6.13,1713.31,728.31,1061.34,0.6862,1.3,20.0,dapi,0
no_KD,30min,10x-1,371,341.1,308.9,83,16.02,20.82,1933.63,948.63,1221.7,0.7765,1.3,20.0,dapi,0
no_KD,30min,10x-1,372,340.6,421.4,70,104.95,136.43,1842.61,857.61,1372.2,0.625,1.3,20.0,dapi,0
no_KD,30min,10x-1,373,341.2,363.1,125,50.86,66.11,1318.18,333.18,1120.99,0.2972,1.3,20.0,dapi,0
no_KD,30min,10x-1,374,341.1,379.5,60,66.16,86.0,1142.47,157.47,1506.82,0.1045,1.3,20.0,dapi,0
no_KD,30min,10x-1,375,342.0,569.0,85,80.42,104.54,1197.47,212.47,1349.86,0.1574,1.3,20.0,dapi,0
no_KD,30min,10x-1,376,343.5,460.1,75,134.02,174.22,1137.21,152.21,1285.88,0.1184,1.3,20.0,dapi,0
no_KD,30min,10x-1,377,342.6,589.9,67,59.8,77.74,1112.13,127.13,1365.48,0.0931,1.3,20.0,dapi,0
no_KD,30min,10x-1,378,341.0,639.5,53,15.86,20.61,2404.23,1419.23,1444.0,0.9828,1.3,20.0,dapi,0
no_KD,30min,10x-1,379,344.1,390.4,62,76.54,99.5,1125.48,140.48,1169.03,0.1202,1.3,20.0,dapi,0
no_KD,30min,10x-1,380,344.7,580.2,87,69.14,89.89,1117.87,132.87,1371.83,0.0969,1.3,20.0,dapi,0
no_KD,30min,10x-1,381,344.7,600.2,80,49.62,64.5,1135.89,150.89,1373.0,0.1099,1.3,20.0,dapi,0
no_KD,30min,10x-1,382,344.9,624.2,61,26.77,34.8,1967.07,982.07,1097.43,0.8949,1.3,20.0,dapi,0
no_KD,30min,10x-1,383,343.9,322.7,41,23.97,31.16,2354.83,1369.83,1416.27,0.9672,1.3,20.0,dapi,0
no_KD,30min,10x-1,384,346.1,399.4,86,85.64,111.33,1155.12,170.12,1309.49,0.1299,1.3,20.0,dapi,0
no_KD,30min,10x-1,385,344.5,411.6,51,97.19,126.35,1304.04,319.04,1284.06,0.2485,1.3,20.0,dapi,0
no_KD,30min,10x-1,386,344.8,432.8,63,117.58,152.86,1866.59,881.59,1091.75,0.8075,1.3,20.0,dapi,0
no_KD,30min,10x-1,387,344.2,613.5,45,36.48,47.42,1999.69,1014.69,1263.07,0.8034,1.3,20.0,dapi,0
no_KD,30min,10x-1,388,345.6,333.0,49,31.02,40.32,2310.53,1325.53,1728.14,0.767,1.3,20.0,dapi,0
no_KD,30min,10x-1,389,347.7,347.7,94,42.67,55.47,1427.85,442.85,1320.52,0.3354,1.3,20.0,dapi,0
no_KD,30min,10x-1,390,347.1,296.6,70,6.57,8.54,1860.99,875.99,990.39,0.8845,1.3,20.0,dapi,0
no_KD,30min,10x-1,391,347.8,526.3,102,122.23,158.9,1114.83,129.83,1239.83,0.1047,1.3,20.0,dapi,0
no_KD,30min,10x-1,392,347.1,540.9,65,107.42,139.64,1160.58,175.58,1338.68,0.1312,1.3,20.0,dapi,0
no_KD,30min,10x-1,393,348.2,448.4,73,132.84,172.69,1150.0,165.0,1362.84,0.1211,1.3,20.0,dapi,0
no_KD,30min,10x-1,394,349.3,470.7,82,144.32,187.62,1124.12,139.12,1436.54,0.0968,1.3,20.0,dapi,0
no_KD,30min,10x-1,395,348.2,478.8,61,147.37,191.58,1148.97,163.97,1310.43,0.1251,1.3,20.0,dapi,0
no_KD,30min,10x-1,396,348.5,556.4,66,92.4,120.12,1136.15,151.15,1183.47,0.1277,1.3,20.0,dapi,0
no_KD,30min,10x-1,397,347.5,649.4,71,4.41,5.74,1779.96,794.96,1009.93,0.7871,1.3,20.0,dapi,0
no_KD,30min,10x-1,398,349.0,313.4,47,21.95,28.54,1993.13,1008.13,1139.38,0.8848,1.3,20.0,dapi,0
no_KD,30min,10x-1,399,349.7,510.7,76,137.01,178.12,1119.21,134.21,1118.26,0.12,1.3,20.0,dapi,0
no_KD,30min,10x-1,400,351.3,424.1,99,110.81,144.05,1336.68,351.68,1282.25,0.2743,1.3,20.0,dapi,0
no_KD,30min,10x-1,401,351.7,493.0,53,154.85,201.31,1085.6,100.6,1234.6,0.0815,1.3,20.0,dapi,0
no_KD,30min,10x-1,402,353.6,288.7,61,3.3,4.29,1787.51,802.51,1059.1,0.7577,1.3,20.0,dapi,0
no_KD,30min,10x-1,403,353.1,357.7,83,53.5,69.55,1164.31,179.31,1385.23,0.1294,1.3,20.0,dapi,0
no_KD,30min,10x-1,404,353.6,637.0,124,11.54,15.0,1818.3,833.3,1086.68,0.7668,1.3,20.0,dapi,0
no_KD,30min,10x-1,405,353.0,607.6,62,40.19,52.25,1262.42,277.42,1514.69,0.1832,1.3,20.0,dapi,0
no_KD,30min,10x-1,406,355.4,320.0,83,30.71,39.93,2216.33,1231.33,1424.8,0.8642,1.3,20.0,dapi,0
no_KD,30min,10x-1,407,353.9,368.6,56,62.85,81.71,1194.45,209.45,1287.23,0.1627,1.3,20.0,dapi,0
no_KD,30min,10x-1,408,355.8,440.5,66,128.51,167.06,1325.15,340.15,1047.77,0.3246,1.3,20.0,dapi,0
no_KD,30min,10x-1,409,356.6,501.1,89,146.66,190.66,1075.94,90.94,1333.91,0.0682,1.3,20.0,dapi,0
no_KD,30min,10x-1,410,354.0,622.4,43,26.21,34.07,2010.21,1025.21,1294.51,0.792,1.3,20.0,dapi,0
no_KD,30min,10x-1,411,356.8,486.3,72,158.69,206.29,1145.99,160.99,1167.51,0.1379,1.3,20.0,dapi,0
no_KD,30min,10x-1,412,356.0,576.6,88,70.76,91.99,1149.81,164.81,1358.5,0.1213,1.3,20.0,dapi,0
no_KD,30min,10x-1,413,356.1,586.5,57,60.78,79.01,1153.3,168.3,1282.46,0.1312,1.3,20.0,dapi,0
no_KD,30min,10x-1,414,358.0,308.2,92,21.82,28.36,1948.99,963.99,1308.67,0.7366,1.3,20.0,dapi,0
no_KD,30min,10x-1,415,356.2,400.3,64,90.61,117.79,1185.78,200.78,1222.91,0.1642,1.3,20.0,dapi,0
no_KD,30min,10x-1,416,356.9,546.1,62,101.68,132.19,1155.5,170.5,1166.02,0.1462,1.3,20.0,dapi,0
no_KD,30min,10x-1,417,358.6,554.7,70,92.63,120.42,1122.84,137.84,1208.34,0.1141,1.3,20.0,dapi,0
no_KD,30min,10x-1,418,357.1,598.5,70,48.74,63.36,1104.76,119.76,1437.64,0.0833,1.3,20.0,dapi,0
no_KD,30min,10x-1,419,357.2,612.4,49,35.77,46.5,1201.98,216.98,1170.8,0.1853,1.3,20.0,dapi,0
no_KD,30min,10x-1,420,358.6,296.9,61,12.27,15.96,2207.34,1222.34,1417.66,0.8622,1.3,20.0,dapi,0
no_KD,30min,10x-1,421,356.8,338.8,32,43.44,56.47,2131.56,1146.56,1606.06,0.7139,1.3,20.0,dapi,0
no_KD,30min,10x-1,422,358.3,527.4,78,120.65,156.84,1106.79,121.79,1052.74,0.1157,1.3,20.0,dapi,0
no_KD,30min,10x-1,423,360.0,416.7,81,107.68,139.98,1669.7,684.7,1429.68,0.4789,1.3,20.0,dapi,0
no_KD,30min,10x-1,424,359.6,454.3,69,142.1,184.73,1137.35,152.35,1259.38,0.121,1.3,20.0,dapi,0
no_KD,30min,10x-1,425,357.6,463.2,34,148.9,193.57,1123.85,138.85,1486.5,0.0934,1.3,20.0,dapi,0
no_KD,30min,10x-1,426,358.8,564.6,58,82.64,107.43,1153.4,168.4,1436.16,0.1173,1.3,20.0,dapi,0
no_KD,30min,10x-1,427,361.4,330.2,60,42.31,55.01,1890.58,905.58,1482.67,0.6108,1.3,20.0,dapi,0
no_KD,30min,10x-1,428,360.8,345.8,51,50.83,66.09,1798.76,813.76,1184.69,0.6869,1.3,20.0,dapi,0
no_KD,30min,10x-1,429,362.4,392.6,73,87.34,113.55,1131.25,146.25,1282.7,0.114,1.3,20.0,dapi,0
no_KD,30min,10x-1,430,361.3,479.2,62,158.68,206.28,1122.19,137.19,1198.55,0.1145,1.3,20.0,dapi,0
no_KD,30min,10x-1,431,361.7,539.0,75,108.62,141.2,1113.08,128.08,1107.0,0.1157,1.3,20.0,dapi,0
no_KD,30min,10x-1,432,362.4,363.8,64,63.92,83.1,1209.2,224.2,1426.14,0.1572,1.3,20.0,dapi,0
no_KD,30min,10x-1,433,362.4,428.8,47,119.47,155.31,1146.06,161.06,1201.64,0.134,1.3,20.0,dapi,0
no_KD,30min,10x-1,434,361.8,622.9,79,24.62,32.0,1617.37,632.37,1367.63,0.4624,1.3,20.0,dapi,0
no_KD,30min,10x-1,435,364.4,520.3,87,127.62,165.9,1105.2,120.2,1126.46,0.1067,1.3,20.0,dapi,0
no_KD,30min,10x-1,436,364.4,509.3,63,138.62,180.2,1086.76,101.76,1101.02,0.0924,1.3,20.0,dapi,0
no_KD,30min,10x-1,437,363.1,642.8,65,4.62,6.0,1886.29,901.29,1157.2,0.7789,1.3,20.0,dapi,0
no_KD,30min,10x-1,438,364.7,410.1,54,103.62,134.7,1201.41,216.41,1179.94,0.1834,1.3,20.0,dapi,0
no_KD,30min,10x-1,439,364.4,587.6,57,59.62,77.5,1143.6,158.6,1106.61,0.1433,1.3,20.0,dapi,0
no_KD,30min,10x-1,440,367.8,355.6,77,62.6,81.38,1166.51,181.51,1396.71,0.13,1.3,20.0,dapi,0
no_KD,30min,10x-1,441,365.6,381.0,56,79.62,103.5,1145.16,160.16,1220.98,0.1312,1.3,20.0,dapi,0
no_KD,30min,10x-1,442,366.7,444.2,53,135.23,175.8,1155.04,170.04,1175.3,0.1447,1.3,20.0,dapi,0
no_KD,30min,10x-1,443,366.2,493.6,65,153.62,199.7,1122.08,137.08,1126.75,0.1217,1.3,20.0,dapi,0
no_KD,30min,10x-1,444,368.4,285.4,62,5.83,7.58,2084.52,1099.52,1294.44,0.8494,1.3,20.0,dapi,0
no_KD,30min,10x-1,445,367.9,306.8,67,24.54,31.9,1879.06,894.06,1084.67,0.8243,1.3,20.0,dapi,0
no_KD,30min,10x-1,446,368.1,317.8,73,34.9,45.38,1430.58,445.58,1492.08,0.2986,1.3,20.0,dapi,0
no_KD,30min,10x-1,447,366.0,371.0,44,71.82,93.37,1720.0,735.0,1349.27,0.5447,1.3,20.0,dapi,0
no_KD,30min,10x-1,448,367.3,604.7,57,42.62,55.4,1192.65,207.65,1501.14,0.1383,1.3,20.0,dapi,0
no_KD,30min,10x-1,449,367.0,463.2,56,152.92,198.8,1131.2,146.2,1150.8,0.127,1.3,20.0,dapi,0
no_KD,30min,10x-1,450,366.6,473.5,28,161.72,210.23,1111.64,126.64,1751.79,0.0723,1.3,20.0,dapi,0
no_KD,30min,10x-1,451,368.7,575.9,66,71.62,93.1,1111.86,126.86,1418.45,0.0894,1.3,20.0,dapi,0
no_KD,30min,10x-1,452,369.5,567.6,79,79.62,103.5,1089.84,104.84,1389.49,0.0754,1.3,20.0,dapi,0
no_KD,30min,10x-1,453,368.9,620.2,65,27.62,35.9,1918.12,933.12,1279.82,0.7291,1.3,20.0,dapi,0
no_KD,30min,10x-1,454,369.3,637.8,82,9.62,12.5,2175.52,1190.52,1411.17,0.8436,1.3,20.0,dapi,0
no_KD,30min,10x-1,455,371.8,290.9,78,12.93,16.82,2353.71,1368.71,1531.23,0.8939,1.3,20.0,dapi,0
no_KD,30min,10x-1,456,370.8,396.6,75,95.56,124.22,1137.95,152.95,1125.51,0.1359,1.3,20.0,dapi,0
no_KD,30min,10x-1,457,369.8,547.7,81,99.62,129.5,1088.07,103.07,1222.38,0.0843,1.3,20.0,dapi,0
no_KD,30min,10x-1,458,371.0,330.4,101,47.26,61.43,1338.15,353.15,1335.32,0.2645,1.3,20.0,dapi,0
no_KD,30min,10x-1,459,370.6,346.8,58,59.5,77.35,1181.6,196.6,1259.34,0.1561,1.3,20.0,dapi,0
no_KD,30min,10x-1,460,373.5,434.3,82,128.62,167.2,1201.98,216.98,1279.59,0.1696,1.3,20.0,dapi,0
no_KD,30min,10x-1,461,372.0,595.1,68,52.62,68.41,1242.78,257.78,1226.26,0.2102,1.3,20.0,dapi,0
no_KD,30min,10x-1,462,372.2,278.3,42,4.62,6.0,2149.67,1164.67,1300.64,0.8955,1.3,20.0,dapi,0
no_KD,30min,10x-1,463,374.3,404.0,79,103.05,133.96,1194.03,209.03,1467.87,0.1424,1.3,20.0,dapi,0
no_KD,30min,10x-1,464,372.8,420.2,48,116.22,151.09,1530.04,545.04,1232.77,0.4421,1.3,20.0,dapi,0
no_KD,30min,10x-1,465,372.8,452.8,66,145.86,189.62,1137.85,152.85,1292.47,0.1183,1.3,20.0,dapi,0
no_KD,30min,10x-1,466,374.1,504.2,77,143.64,186.74,1105.83,120.83,1234.53,0.0979,1.3,20.0,dapi,0
no_KD,30min,10x-1,467,374.7,612.1,75,35.77,46.5,1427.55,442.55,1471.09,0.3008,1.3,20.0,dapi,0
no_KD,30min,10x-1,468,376.3,301.8,97,24.02,31.23,1915.41,930.41,1303.07,0.714,1.3,20.0,dapi,0
no_KD,30min,10x-1,469,373.4,365.8,49,73.03,94.94,1324.02,339.02,1258.12,0.2695,1.3,20.0,dapi,0
no_KD,30min,10x-1,470,375.0,537.4,100,110.68,143.88,1100.52,115.52,1234.79,0.0936,1.3,20.0,dapi,0
no_KD,30min,10x-1,471,374.3,375.2,51,80.14,104.18,1288.92,303.92,1204.61,0.2523,1.3,20.0,dapi,0
no_KD,30min,10x-1,472,374.9,584.5,68,63.72,82.83,1156.82,171.82,1164.29,0.1476,1.3,20.0,dapi,0
no_KD,30min,10x-1,473,378.7,271.0,98,6.82,8.86,1757.97,772.97,1137.2,0.6797,1.3,20.0,dapi,0
no_KD,30min,10x-1,474,377.0,485.4,98,162.72,211.53,1117.93,132.93,1355.57,0.0981,1.3,20.0,dapi,0
no_KD,30min,10x-1,475,376.7,639.8,84,8.39,10.9,1888.8,903.8,1281.25,0.7054,1.3,20.0,dapi,0
no_KD,30min,10x-1,476,377.7,387.5,54,92.55,120.32,1378.3,393.3,1157.09,0.3399,1.3,20.0,dapi,0
no_KD,30min,10x-1,477,377.3,624.0,59,24.07,31.3,2155.19,1170.19,1300.93,0.8995,1.3,20.0,dapi,0
no_KD,30min,10x-1,478,377.5,604.2,52,44.03,57.24,1261.56,276.56,1317.71,0.2099,1.3,20.0,dapi,0
no_KD,30min,10x-1,479,379.3,311.2,54,33.16,43.11,1259.26,274.26,1151.87,0.2381,1.3,20.0,dapi,0
no_KD,30min,10x-1,480,378.5,340.1,63,59.29,77.07,1360.03,375.03,1284.19,0.292,1.3,20.0,dapi,0
no_KD,30min,10x-1,481,379.6,415.6,78,116.38,151.29,1231.28,246.28,1398.85,0.1761,1.3,20.0,dapi,0
no_KD,30min,10x-1,482,380.8,461.9,108,157.34,204.54,1157.48,172.48,1239.31,0.1392,1.3,20.0,dapi,0
no_KD,30min,10x-1,483,380.3,515.8,79,131.89,171.46,1111.77,126.77,1210.37,0.1047,1.3,20.0,dapi,0
no_KD,30min,10x-1,484,379.6,327.4,65,47.69,61.99,1249.08,264.08,1459.03,0.181,1.3,20.0,dapi,0
no_KD,30min,10x-1,485,380.2,496.3,56,151.86,197.42,1103.11,118.11,1168.93,0.101,1.3,20.0,dapi,0
no_KD,30min,10x-1,486,380.8,525.4,75,122.98,159.87,1121.89,136.89,978.73,0.1399,1.3,20.0,dapi,0
no_KD,30min,10x-1,487,380.2,571.6,87,76.06,98.88,1106.34,121.34,1357.84,0.0894,1.3,20.0,dapi,0
no_KD,30min,10x-1,488,380.1,592.6,74,55.19,71.75,1177.53,192.53,1249.19,0.1541,1.3,20.0,dapi,0
no_KD,30min,10x-1,489,379.9,350.0,46,68.67,89.28,1208.2,223.2,1289.37,0.1731,1.3,20.0,dapi,0
no_KD,30min,10x-1,490,383.2,440.5,101,139.44,181.28,2176.52,1191.52,1276.9,0.9331,1.3,20.0,dapi,0
no_KD,30min,10x-1,491,382.4,471.8,72,166.87,216.94,1126.86,141.86,1070.07,0.1326,1.3,20.0,dapi,0
no_KD,30min,10x-1,492,382.1,363.2,61,77.85,101.21,1157.46,172.46,1448.75,0.119,1.3,20.0,dapi,0
no_KD,30min,10x-1,493,383.0,558.2,85,90.3,117.39,1134.06,149.06,1236.55,0.1205,1.3,20.0,dapi,0
no_KD,30min,10x-1,494,384.6,647.2,107,4.54,5.9,1628.67,643.67,1029.45,0.6253,1.3,20.0,dapi,0
no_KD,30min,10x-1,495,383.6,372.5,67,85.85,111.61,1191.84,206.84,1627.27,0.1271,1.3,20.0,dapi,0
no_KD,30min,10x-1,496,383.8,380.9,53,91.39,118.81,1248.51,263.51,1204.83,0.2187,1.3,20.0,dapi,0
no_KD,30min,10x-1,497,383.7,285.8,66,19.02,24.73,1831.11,846.11,1035.79,0.8169,1.3,20.0,dapi,0
no_KD,30min,10x-1,498,385.0,480.8,68,167.15,217.3,1133.35,148.35,1295.16,0.1145,1.3,20.0,dapi,0
no_KD,30min,10x-1,499,386.9,265.4,90,7.96,10.35,1940.19,955.19,1303.98,0.7325,1.3,20.0,dapi,0
no_KD,30min,10x-1,500,386.4,450.1,83,148.79,193.43,1140.48,155.48,1382.46,0.1125,1.3,20.0,dapi,0
no_KD,30min,10x-1,501,386.0,547.3,101,101.58,132.06,1108.67,123.67,1253.04,0.0987,1.3,20.0,dapi,0
no_KD,30min,10x-1,502,386.3,585.6,89,63.06,81.98,1154.79,169.79,1350.21,0.1257,1.3,20.0,dapi,0
no_KD,30min,10x-1,503,386.4,626.6,86,23.62,30.7,1752.51,767.51,1294.72,0.5928,1.3,20.0,dapi,0
no_KD,30min,10x-1,504,389.0,253.0,99,3.59,4.67,1682.46,697.46,921.11,0.7572,1.3,20.0,dapi,0
no_KD,30min,10x-1,505,386.6,297.6,64,28.55,37.11,1628.88,643.88,1352.17,0.4762,1.3,20.0,dapi,0
no_KD,30min,10x-1,506,386.9,318.0,54,43.44,56.47,1263.5,278.5,1135.5,0.2453,1.3,20.0,dapi,0
no_KD,30min,10x-1,507,387.4,353.8,58,75.24,97.81,1310.1,325.1,1338.53,0.2429,1.3,20.0,dapi,0
no_KD,30min,10x-1,508,389.4,511.9,106,136.68,177.69,1128.04,143.04,1196.56,0.1195,1.3,20.0,dapi,0
no_KD,30min,10x-1,509,388.5,600.4,73,50.14,65.18,1215.79,230.79,1330.62,0.1734,1.3,20.0,dapi,0
no_KD,30min,10x-1,510,389.1,279.9,63,19.97,25.96,1825.65,840.65,1089.75,0.7714,1.3,20.0,dapi,0
no_KD,30min,10x-1,511,388.5,338.0,50,61.09,79.42,1171.1,186.1,1291.86,0.1441,1.3,20.0,dapi,0
no_KD,30min,10x-1,512,388.2,391.8,52,102.13,132.77,1186.12,201.12,1181.69,0.1702,1.3,20.0,dapi,0
no_KD,30min,10x-1,513,389.1,411.4,76,117.42,152.64,1140.41,155.41,1249.88,0.1243,1.3,20.0,dapi,0
no_KD,30min,10x-1,514,389.7,537.9,69,111.05,144.37,1113.1,128.1,1108.74,0.1155,1.3,20.0,dapi,0
no_KD,30min,10x-1,515,388.5,610.4,55,40.28,52.36,1182.84,197.84,1425.27,0.1388,1.3,20.0,dapi,0
no_KD,30min,10x-1,516,390.1,400.5,60,109.46,142.3,1140.6,155.6,1100.58,0.1414,1.3,20.0,dapi,0
no_KD,30min,10x-1,517,391.3,528.2,73,121.09,157.42,1328.93,343.93,1074.03,0.3202,1.3,20.0,dapi,0
no_KD,30min,10x-1,518,389.9,573.0,62,76.6,99.58,1152.55,167.55,1122.35,0.1493,1.3,20.0,dapi,0
no_KD,30min,10x-1,519,392.4,420.2,76,126.44,164.37,1145.87,160.87,1200.57,0.134,1.3,20.0,dapi,0
no_KD,30min,10x-1,520,392.4,430.5,88,135.5,176.14,1198.84,213.84,1373.15,0.1557,1.3,20.0,dapi,0
no_KD,30min,10x-1,521,394.3,486.7,84,162.11,210.75,1094.1,109.1,1174.15,0.0929,1.3,20.0,dapi,0
no_KD,30min,10x-1,522,393.2,498.9,95,150.08,195.11,1097.33,112.33,1241.14,0.0905,1.3,20.0,dapi,0
no_KD,30min,10x-1,523,394.8,309.3,63,41.9,54.46,1211.67,226.67,1662.95,0.1363,1.3,20.0,dapi,0
no_KD,30min,10x-1,524,393.5,473.1,61,172.89,224.76,1127.34,142.34,1119.9,0.1271,1.3,20.0,dapi,0
no_KD,30min,10x-1,525,396.3,632.2,99,18.75,24.37,1944.48,959.48,1255.71,0.7641,1.3,20.0,dapi,0
no_KD,30min,10x-1,526,395.0,321.8,59,51.46,66.9,1181.44,196.44,1173.44,0.1674,1.3,20.0,dapi,0
no_KD,30min,10x-1,527,394.5,344.3,49,69.21,89.98,1172.27,187.27,1316.14,0.1423,1.3,20.0,dapi,0
no_KD,30min,10x-1,528,394.4,358.8,52,82.61,107.39,1145.71,160.71,1175.6,0.1367,1.3,20.0,dapi,0
no_KD,30min,10x-1,529,395.1,371.5,55,93.63,121.72,1172.6,187.6,1137.04,0.165,1.3,20.0,dapi,0
no_KD,30min,10x-1,530,396.0,287.5,46,30.1,39.13,1664.89,679.89,1300.41,0.5228,1.3,20.0,dapi,0
no_KD,30min,10x-1,531,396.1,294.3,55,33.44,43.47,1285.6,300.6,1274.33,0.2359,1.3,20.0,dapi,0
no_KD,30min,10x-1,532,396.6,613.8,60,36.77,47.8,1199.72,214.72,1210.7,0.1773,1.3,20.0,dapi,0
no_KD,30min,10x-1,533,397.3,268.3,66,17.63,22.92,2050.02,1065.02,1310.8,0.8125,1.3,20.0,dapi,0
no_KD,30min,10x-1,534,396.8,388.8,47,106.27,138.15,1324.45,339.45,1216.0,0.2792,1.3,20.0,dapi,0
no_KD,30min,10x-1,535,395.8,446.9,46,151.15,196.49,1175.72,190.72,1266.89,0.1505,1.3,20.0,dapi,0
no_KD,30min,10x-1,536,397.1,555.1,64,95.69,124.39,1108.66,123.66,1271.41,0.0973,1.3,20.0,dapi,0
no_KD,30min,10x-1,537,397.9,601.7,104,48.81,63.45,1234.16,249.16,1354.67,0.1839,1.3,20.0,dapi,0
no_KD,30min,10x-1,538,395.9,623.7,43,26.72,34.74,1435.07,450.07,1329.16,0.3386,1.3,20.0,dapi,0
no_KD,30min,10x-1,539,399.1,256.2,89,9.68,12.58,1920.35,935.35,1053.42,0.8879,1.3,20.0,dapi,0
no_KD,30min,10x-1,540,399.3,406.2,84,119.9,155.87,1169.95,184.95,1423.7,0.1299,1.3,20.0,dapi,0
no_KD,30min,10x-1,541,400.4,647.0,105,4.72,6.13,1732.98,747.98,1049.93,0.7124,1.3,20.0,dapi,0
no_KD,30min,10x-1,542,400.2,301.7,78,41.23,53.6,1234.28,249.28,1469.74,0.1696,1.3,20.0,dapi,0
no_KD,30min,10x-1,543,398.3,337.9,52,66.16,86.0,1260.81,275.81,1277.23,0.2159,1.3,20.0,dapi,0
no_KD,30min,10x-1,544,400.6,543.9,111,106.88,138.94,1105.16,120.16,1210.91,0.0992,1.3,20.0,dapi,0
no_KD,30min,10x-1,545,400.4,459.3,60,163.49,212.54,1135.17,150.17,1091.47,0.1376,1.3,20.0,dapi,0
no_KD,30min,10x-1,546,399.8,566.1,73,84.86,110.32,1120.63,135.63,1292.56,0.1049,1.3,20.0,dapi,0
no_KD,30min,10x-1,547,399.9,584.9,76,65.92,85.69,1159.03,174.03,1341.68,0.1297,1.3,20.0,dapi,0
no_KD,30min,10x-1,548,401.9,398.3,67,116.14,150.98,1135.58,150.58,1586.87,0.0949,1.3,20.0,dapi,0
no_KD,30min,10x-1,549,401.4,498.0,68,152.32,198.02,1124.15,139.15,1094.88,0.1271,1.3,20.0,dapi,0
no_KD,30min,10x-1,550,403.3,246.2,80,4.41,5.74,1921.17,936.17,1084.9,0.8629,1.3,20.0,dapi,0
no_KD,30min,10x-1,551,404.0,318.7,87,55.33,71.92,1173.54,188.54,1427.37,0.1321,1.3,20.0,dapi,0
no_KD,30min,10x-1,552,403.7,364.9,79,92.44,120.17,1154.77,169.77,1438.15,0.118,1.3,20.0,dapi,0
no_KD,30min,10x-1,553,404.2,382.9,102,107.53,139.79,1254.56,269.56,1238.97,0.2176,1.3,20.0,dapi,0
no_KD,30min,10x-1,554,401.3,521.2,75,129.75,168.67,1187.17,202.17,980.39,0.2062,1.3,20.0,dapi,0
no_KD,30min,10x-1,555,404.0,281.8,97,32.0,41.6,1484.25,499.25,1310.32,0.381,1.3,20.0,dapi,0
no_KD,30min,10x-1,556,404.2,347.9,88,77.81,101.15,1172.95,187.95,1361.61,0.138,1.3,20.0,dapi,0
no_KD,30min,10x-1,557,402.9,431.8,72,142.62,185.4,1158.36,173.36,1445.79,0.1199,1.3,20.0,dapi,0
no_KD,30min,10x-1,558,403.2,441.8,66,150.76,195.99,1203.29,218.29,1230.8,0.1774,1.3,20.0,dapi,0
no_KD,30min,10x-1,559,403.8,310.2,63,49.28,64.06,1243.03,258.03,1571.52,0.1642,1.3,20.0,dapi,0
no_KD,30min,10x-1,560,406.2,329.1,75,63.92,83.1,1159.15,174.15,1417.07,0.1229,1.3,20.0,dapi,0
no_KD,30min,10x-1,561,405.1,476.5,129,173.7,225.81,1659.43,674.43,1110.27,0.6074,1.3,20.0,dapi,0
no_KD,30min,10x-1,562,404.7,592.5,56,58.6,76.17,1154.34,169.34,1160.0,0.146,1.3,20.0,dapi,0
no_KD,30min,10x-1,563,406.0,267.2,87,22.69,29.5,2033.76,1048.76,1350.54,0.7765,1.3,20.0,dapi,0
no_KD,30min,10x-1,564,405.1,417.4,107,132.13,171.77,1135.13,150.13,1173.36,0.128,1.3,20.0,dapi,0
no_KD,30min,10x-1,565,405.0,621.4,71,31.14,40.49,1219.99,234.99,1319.27,0.1781,1.3,20.0,dapi,0
no_KD,30min,10x-1,566,407.0,338.1,56,71.45,92.88,1147.16,162.16,1493.45,0.1086,1.3,20.0,dapi,0
no_KD,30min,10x-1,567,406.9,560.1,85,91.54,119.0,1097.26,112.26,1350.47,0.0831,1.3,20.0,dapi,0
no_KD,30min,10x-1,568,407.5,634.2,70,18.82,24.47,1860.94,875.94,1080.16,0.8109,1.3,20.0,dapi,0
no_KD,30min,10x-1,569,407.9,355.4,60,85.86,111.61,1160.82,175.82,1220.05,0.1441,1.3,20.0,dapi,0
no_KD,30min,10x-1,570,408.7,530.1,73,121.55,158.02,1111.27,126.27,1065.22,0.1185,1.3,20.0,dapi,0
no_KD,30min,10x-1,571,410.1,304.0,87,50.65,65.84,1197.97,212.97,1372.98,0.1551,1.3,20.0,dapi,0
no_KD,30min,10x-1,572,408.8,585.3,82,67.18,87.33,1139.09,154.09,1323.01,0.1165,1.3,20.0,dapi,0
no_KD,30min,10x-1,573,411.0,236.1,82,5.5,7.14,1747.15,762.15,1044.15,0.7299,1.3,20.0,dapi,0
no_KD,30min,10x-1,574,412.2,447.1,111,160.04,208.05,1627.92,642.92,1217.24,0.5282,1.3,20.0,dapi,0
no_KD,30min,10x-1,575,410.7,490.0,73,161.53,209.99,1214.64,229.64,1002.16,0.2291,1.3,20.0,dapi,0
no_KD,30min,10x-1,576,410.8,607.7,67,45.03,58.54,1388.19,403.19,1161.33,0.3472,1.3,20.0,dapi,0
no_KD,30min,10x-1,577,411.6,252.1,81,15.03,19.54,1986.42,1001.42,1379.52,0.7259,1.3,20.0,dapi,0
no_KD,30min,10x-1,578,412.4,278.0,69,35.22,45.79,1185.52,200.52,1264.74,0.1585,1.3,20.0,dapi,0
no_KD,30min,10x-1,579,413.1,376.8,82,107.29,139.48,1152.13,167.13,1466.02,0.114,1.3,20.0,dapi,0
no_KD,30min,10x-1,580,412.4,652.1,69,3.4,4.42,1837.13,852.13,1004.65,0.8482,1.3,20.0,dapi,0
no_KD,30min,10x-1,581,415.0,398.4,86,125.63,163.32,1140.72,155.72,1365.97,0.114,1.3,20.0,dapi,0
no_KD,30min,10x-1,582,413.7,431.5,101,148.63,193.22,1164.07,179.07,1289.85,0.1388,1.3,20.0,dapi,0
no_KD,30min,10x-1,583,413.5,617.7,61,35.81,46.55,1462.7,477.7,1123.98,0.425,1.3,20.0,dapi,0
no_KD,30min,10x-1,584,417.2,229.5,94,7.09,9.21,1846.0,861.0,1213.54,0.7095,1.3,20.0,dapi,0
no_KD,30min,10x-1,585,416.5,261.4,75,24.21,31.48,1833.2,848.2,1260.24,0.673,1.3,20.0,dapi,0
no_KD,30min,10x-1,586,414.7,297.9,43,51.08,66.41,1180.56,195.56,1351.4,0.1447,1.3,20.0,dapi,0
no_KD,30min,10x-1,587,417.1,460.1,88,173.53,225.59,1232.88,247.88,1454.25,0.1704,1.3,20.0,dapi,0
no_KD,30min,10x-1,588,415.8,541.7,100,110.73,143.95,1136.19,151.19,1241.62,0.1218,1.3,20.0,dapi,0
no_KD,30min,10x-1,589,416.0,574.5,101,78.36,101.87,1115.35,130.35,1269.86,0.1026,1.3,20.0,dapi,0
no_KD,30min,10x-1,590,417.5,289.1,72,46.33,60.23,1169.82,184.82,1571.83,0.1176,1.3,20.0,dapi,0
no_KD,30min,10x-1,591,417.4,319.8,60,65.67,85.37,1169.75,184.75,1119.52,0.165,1.3,20.0,dapi,0
no_KD,30min,10x-1,592,417.3,475.2,105,177.12,230.25,1150.67,165.67,1285.29,0.1289,1.3,20.0,dapi,0
no_KD,30min,10x-1,593,418.2,563.0,101,90.52,117.68,1186.85,201.85,1325.87,0.1522,1.3,20.0,dapi,0
no_KD,30min,10x-1,594,417.7,589.8,85,64.17,83.42,1149.58,164.58,1441.53,0.1142,1.3,20.0,dapi,0
no_KD,30min,10x-1,595,416.4,629.2,82,26.05,33.87,1822.55,837.55,1252.61,0.6686,1.3,20.0,dapi,0
no_KD,30min,10x-1,596,419.6,251.3,70,20.42,26.55,1884.37,899.37,1284.44,0.7002,1.3,20.0,dapi,0
no_KD,30min,10x-1,597,417.2,330.5,60,72.31,94.0,1187.7,202.7,1195.07,0.1696,1.3,20.0,dapi,0
no_KD,30min,10x-1,598,420.1,366.3,119,101.68,132.19,1130.64,145.64,1221.13,0.1193,1.3,20.0,dapi,0
no_KD,30min,10x-1,599,418.0,389.2,54,120.21,156.27,1215.69,230.69,1203.7,0.1916,1.3,20.0,dapi,0
no_KD,30min,10x-1,600,419.3,353.4,66,90.66,117.86,1162.09,177.09,1656.48,0.1069,1.3,20.0,dapi,0
no_KD,30min,10x-1,601,419.1,409.9,64,136.68,177.69,1129.16,144.16,1378.42,0.1046,1.3,20.0,dapi,0
no_KD,30min,10x-1,602,419.5,524.2,101,128.98,167.67,1122.16,137.16,1263.69,0.1085,1.3,20.0,dapi,0
no_KD,30min,10x-1,603,421.4,244.4,70,17.72,23.04,1721.37,736.37,1196.49,0.6154,1.3,20.0,dapi,0
no_KD,30min,10x-1,604,420.4,270.4,59,33.45,43.49,1329.68,344.68,1326.58,0.2598,1.3,20.0,dapi,0
no_KD,30min,10x-1,605,420.4,303.8,60,58.86,76.52,1191.32,206.32,1225.65,0.1683,1.3,20.0,dapi,0
no_KD,30min,10x-1,606,423.2,345.4,105,87.21,113.37,1143.28,158.28,1349.9,0.1173,1.3,20.0,dapi,0
no_KD,30min,10x-1,607,422.3,453.4,95,170.82,222.07,1864.42,879.42,1333.46,0.6595,1.3,20.0,dapi,0
no_KD,30min,10x-1,608,420.6,636.5,59,20.06,26.07,1333.03,348.03,1102.61,0.3156,1.3,20.0,dapi,0
no_KD,30min,10x-1,609,423.3,223.0,79,5.83,7.58,1745.52,760.52,1042.89,0.7292,1.3,20.0,dapi,0
no_KD,30min,10x-1,610,422.7,605.1,63,51.02,66.33,1921.4,936.4,1503.63,0.6228,1.3,20.0,dapi,0
no_KD,30min,10x-1,611,423.3,279.3,57,42.24,54.92,1178.96,193.96,1270.72,0.1526,1.3,20.0,dapi,0
no_KD,30min,10x-1,612,423.9,379.6,72,115.54,150.2,1125.47,140.47,1217.32,0.1154,1.3,20.0,dapi,0
no_KD,30min,10x-1,613,424.7,427.0,98,152.96,198.85,1515.84,530.84,1353.69,0.3921,1.3,20.0,dapi,0
no_KD,30min,10x-1,614,425.7,504.8,89,148.96,193.65,1831.4,846.4,1309.54,0.6463,1.3,20.0,dapi,0
no_KD,30min,10x-1,615,422.9,620.4,70,37.01,48.11,1608.24,623.24,1206.21,0.5167,1.3,20.0,dapi,0
no_KD,30min,10x-1,616,424.7,655.9,91,4.54,5.9,1725.63,740.63,1075.48,0.6886,1.3,20.0,dapi,0
no_KD,30min,10x-1,617,427.7,516.9,102,137.59,178.86,1117.32,132.32,1258.69,0.1051,1.3,20.0,dapi,0
no_KD,30min,10x-1,618,426.8,556.2,82,99.34,129.14,1129.2,144.2,1366.05,0.1056,1.3,20.0,dapi,0
no_KD,30min,10x-1,619,428.4,214.6,107,5.13,6.67,1708.93,723.93,1066.44,0.6788,1.3,20.0,dapi,0
no_KD,30min,10x-1,620,426.9,313.4,74,69.76,90.69,1153.68,168.68,1584.8,0.1064,1.3,20.0,dapi,0
no_KD,30min,10x-1,621,426.7,288.6,75,52.62,68.41,1155.6,170.6,1306.89,0.1305,1.3,20.0,dapi,0
no_KD,30min,10x-1,622,427.2,474.5,78,179.6,233.48,1174.28,189.28,1285.74,0.1472,1.3,20.0,dapi,0
no_KD,30min,10x-1,623,426.9,484.4,61,169.76,220.69,2090.43,1105.43,1275.03,0.867,1.3,20.0,dapi,0
no_KD,30min,10x-1,624,427.4,573.2,90,82.85,107.7,1136.81,151.81,1346.66,0.1127,1.3,20.0,dapi,0
no_KD,30min,10x-1,625,428.9,391.0,77,127.5,165.75,1204.51,219.51,1448.18,0.1516,1.3,20.0,dapi,0
no_KD,30min,10x-1,626,428.4,403.5,91,138.18,179.63,1142.22,157.22,1381.53,0.1138,1.3,20.0,dapi,0
no_KD,30min,10x-1,627,428.5,583.6,81,72.54,94.3,1230.02,245.02,1250.2,0.196,1.3,20.0,dapi,0
no_KD,30min,10x-1,628,428.5,592.7,61,63.99,83.19,1590.34,605.34,1140.41,0.5308,1.3,20.0,dapi,0
no_KD,30min,10x-1,629,430.8,229.1,83,15.76,20.49,1899.9,914.9,1156.93,0.7908,1.3,20.0,dapi,0
no_KD,30min,10x-1,630,428.8,301.0,65,63.26,82.24,1138.88,153.88,1399.97,0.1099,1.3,20.0,dapi,0
no_KD,30min,10x-1,631,429.7,355.4,75,99.31,129.1,1281.84,296.84,1610.04,0.1844,1.3,20.0,dapi,0
no_KD,30min,10x-1,632,429.1,600.5,57,57.62,74.91,1235.95,250.95,1206.4,0.208,1.3,20.0,dapi,0
no_KD,30min,10x-1,633,428.8,645.4,78,14.88,19.35,1963.65,978.65,1164.49,0.8404,1.3,20.0,dapi,0
no_KD,30min,10x-1,634,430.0,265.8,59,37.69,49.0,1483.15,498.15,1199.14,0.4154,1.3,20.0,dapi,0
no_KD,30min,10x-1,635,431.0,334.8,68,86.03,111.84,1149.21,164.21,1436.84,0.1143,1.3,20.0,dapi,0
no_KD,30min,10x-1,636,432.2,254.3,94,32.12,41.76,1262.98,277.98,1302.43,0.2134,1.3,20.0,dapi,0
no_KD,30min,10x-1,637,431.3,278.3,74,46.84,60.89,1166.43,181.43,1278.65,0.1419,1.3,20.0,dapi,0
no_KD,30min,10x-1,638,431.0,320.8,60,77.53,100.79,1174.7,189.7,1447.8,0.131,1.3,20.0,dapi,0
no_KD,30min,10x-1,639,432.4,444.3,96,170.22,221.29,1172.41,187.41,1197.77,0.1565,1.3,20.0,dapi,0
no_KD,30min,10x-1,640,429.9,495.5,51,158.88,206.54,1903.33,918.33,1171.61,0.7838,1.3,20.0,dapi,0
no_KD,30min,10x-1,641,430.8,543.7,74,110.54,143.71,1158.43,173.43,1146.77,0.1512,1.3,20.0,dapi,0
no_KD,30min,10x-1,642,430.4,622.6,51,36.24,47.11,1255.29,270.29,1227.84,0.2201,1.3,20.0,dapi,0
no_KD,30min,10x-1,643,432.5,633.9,85,24.88,32.34,1739.89,754.89,1267.06,0.5958,1.3,20.0,dapi,0
no_KD,30min,10x-1,644,432.3,376.2,62,116.82,151.86,1116.4,131.4,1342.08,0.0979,1.3,20.0,dapi,0
no_KD,30min,10x-1,645,434.0,420.0,107,154.47,200.81,1239.65,254.65,1277.17,0.1994,1.3,20.0,dapi,0
no_KD,30min,10x-1,646,433.3,531.7,81,121.91,158.48,1120.21,135.21,1298.22,0.1042,1.3,20.0,dapi,0
no_KD,30min,10x-1,647,434.8,241.8,85,27.75,36.08,1237.29,252.29,1362.07,0.1852,1.3,20.0,dapi,0
no_KD,30min,10x-1,648,433.0,431.6,65,162.11,210.75,1992.4,1007.4,1216.8,0.8279,1.3,20.0,dapi,0
no_KD,30min,10x-1,649,437.0,616.4,73,39.77,51.7,1549.12,564.12,1369.3,0.412,1.3,20.0,dapi,0
no_KD,30min,10x-1,650,437.4,461.8,86,187.18,243.34,1440.55,455.55,1409.36,0.3232,1.3,20.0,dapi,0
no_KD,30min,10x-1,651,435.0,577.2,60,77.51,100.76,1155.92,170.92,1536.92,0.1112,1.3,20.0,dapi,0
no_KD,30min,10x-1,652,436.9,207.9,87,4.74,6.16,1785.41,800.41,1009.87,0.7926,1.3,20.0,dapi,0
no_KD,30min,10x-1,653,437.3,329.4,73,87.03,113.14,1140.93,155.93,1531.12,0.1018,1.3,20.0,dapi,0
no_KD,30min,10x-1,654,437.4,348.0,78,99.2,128.96,1143.37,158.37,1553.94,0.1019,1.3,20.0,dapi,0
no_KD,30min,10x-1,655,437.7,370.2,88,115.86,150.62,1144.67,159.67,1415.05,0.1128,1.3,20.0,dapi,0
no_KD,30min,10x-1,656,437.1,488.2,69,164.84,214.3,1183.35,198.35,1277.78,0.1552,1.3,20.0,dapi,0
no_KD,30min,10x-1,657,437.6,653.6,102,4.26,5.54,1764.57,779.57,1022.15,0.7627,1.3,20.0,dapi,0
no_KD,30min,10x-1,658,437.6,283.4,61,55.33,71.92,1153.03,168.03,1310.85,0.1282,1.3,20.0,dapi,0
no_KD,30min,10x-1,659,438.9,307.9,82,75.06,97.58,1159.95,174.95,1531.7,0.1142,1.3,20.0,dapi,0
no_KD,30min,10x-1,660,437.5,512.4,58,140.9,183.17,1104.59,119.59,1086.12,0.1101,1.3,20.0,dapi,0
no_KD,30min,10x-1,661,438.8,400.9,96,141.32,183.72,1160.35,175.35,1333.66,0.1315,1.3,20.0,dapi,0
no_KD,30min,10x-1,662,440.7,469.9,91,182.35,237.05,1656.41,671.41,1426.03,0.4708,1.3,20.0,dapi,0
no_KD,30min,10x-1,663,439.5,605.8,77,48.22,62.68,1255.56,270.56,1213.49,0.223,1.3,20.0,dapi,0
no_KD,30min,10x-1,664,438.7,623.9,45,31.63,41.11,1383.29,398.29,1322.98,0.3011,1.3,20.0,dapi,0
no_KD,30min,10x-1,665,441.3,296.0,85,66.83,86.88,1213.49,228.49,1438.95,0.1588,1.3,20.0,dapi,0
no_KD,30min,10x-1,666,439.9,499.9,71,152.58,198.36,1173.93,188.93,1355.11,0.1394,1.3,20.0,dapi,0
no_KD,30min,10x-1,667,441.1,236.6,56,28.55,37.11,1681.07,696.07,1161.07,0.5995,1.3,20.0,dapi,0
no_KD,30min,10x-1,668,441.4,275.9,67,52.56,68.32,1438.28,453.28,1514.0,0.2994,1.3,20.0,dapi,0
no_KD,30min,10x-1,669,442.9,408.7,86,150.21,195.27,1254.44,269.44,1223.67,0.2202,1.3,20.0,dapi,0
no_KD,30min,10x-1,670,441.5,566.9,100,85.89,111.65,1137.04,152.04,1281.01,0.1187,1.3,20.0,dapi,0
no_KD,30min,10x-1,671,442.3,265.9,63,47.04,61.15,1843.46,858.46,1273.84,0.6739,1.3,20.0,dapi,0
no_KD,30min,10x-1,672,444.3,314.7,88,83.66,108.76,1146.28,161.28,1411.11,0.1143,1.3,20.0,dapi,0
no_KD,30min,10x-1,673,442.1,479.4,54,173.3,225.28,1746.93,761.93,1262.59,0.6035,1.3,20.0,dapi,0
no_KD,30min,10x-1,674,442.4,542.1,88,110.64,143.83,1207.97,222.97,1431.64,0.1557,1.3,20.0,dapi,0
no_KD,30min,10x-1,675,441.7,580.9,45,72.09,93.72,1619.24,634.24,1307.16,0.4852,1.3,20.0,dapi,0
no_KD,30min,10x-1,676,441.5,595.1,61,58.6,76.17,1257.33,272.33,1337.75,0.2036,1.3,20.0,dapi,0
no_KD,30min,10x-1,677,442.8,385.8,72,131.44,170.87,1112.71,127.71,1464.33,0.0872,1.3,20.0,dapi,0
no_KD,30min,10x-1,678,445.0,218.1,87,17.27,22.44,1708.29,723.29,1008.09,0.7175,1.3,20.0,dapi,0
no_KD,30min,10x-1,679,446.3,432.1,83,171.41,222.84,1184.96,199.96,1242.06,0.161,1.3,20.0,dapi,0
no_KD,30min,10x-1,680,446.2,251.8,92,42.6,55.38,1159.7,174.7,1279.6,0.1365,1.3,20.0,dapi,0
no_KD,30min,10x-1,681,445.6,343.1,85,102.68,133.49,1160.2,175.2,1446.89,0.1211,1.3,20.0,dapi,0
no_KD,30min,10x-1,682,446.0,447.4,78,181.93,236.51,1241.87,256.87,1245.87,0.2062,1.3,20.0,dapi,0
no_KD,30min,10x-1,683,445.3,628.1,67,25.72,33.44,1303.96,318.96,1223.82,0.2606,1.3,20.0,dapi,0
no_KD,30min,10x-1,684,447.9,227.4,103,26.48,34.43,1362.41,377.41,1269.17,0.2974,1.3,20.0,dapi,0
no_KD,30min,10x-1,685,445.4,329.9,78,94.17,122.42,1157.14,172.14,1530.53,0.1125,1.3,20.0,dapi,0
no_KD,30min,10x-1,686,445.9,521.7,73,130.11,169.14,1107.23,122.23,1258.48,0.0971,1.3,20.0,dapi,0
no_KD,30min,10x-1,687,448.0,206.7,70,9.45,12.29,1853.61,868.61,1029.59,0.8437,1.3,20.0,dapi,0
no_KD,30min,10x-1,688,446.7,367.3,68,119.69,155.6,1115.15,130.15,1429.4,0.0911,1.3,20.0,dapi,0
no_KD,30min,10x-1,689,449.3,547.0,110,104.95,136.44,1132.83,147.83,1234.51,0.1197,1.3,20.0,dapi,0
no_KD,30min,10x-1,690,446.8,651.5,79,3.85,5.01,1688.08,703.08,935.47,0.7516,1.3,20.0,dapi,0
no_KD,30min,10x-1,691,448.5,424.4,72,166.09,215.91,1158.17,173.17,1245.38,0.139,1.3,20.0,dapi,0
no_KD,30min,10x-1,692,448.0,636.1,68,17.19,22.34,2061.29,1076.29,1413.71,0.7613,1.3,20.0,dapi,0
no_KD,30min,10x-1,693,449.6,195.3,78,3.85,5.01,1845.35,860.35,1015.13,0.8475,1.3,20.0,dapi,0
no_KD,30min,10x-1,694,448.4,283.8,57,63.13,82.07,1193.6,208.6,1365.05,0.1528,1.3,20.0,dapi,0
no_KD,30min,10x-1,695,449.1,459.2,75,192.74,250.56,1203.55,218.55,1386.71,0.1576,1.3,20.0,dapi,0
no_KD,30min,10x-1,696,449.7,484.9,50,166.79,216.83,1121.22,136.22,1160.74,0.1174,1.3,20.0,dapi,0
no_KD,30min,10x-1,697,450.7,508.7,92,142.77,185.6,1106.38,121.38,1318.82,0.092,1.3,20.0,dapi,0
no_KD,30min,10x-1,698,450.1,530.8,89,120.85,157.11,1197.98,212.98,1400.87,0.152,1.3,20.0,dapi,0
no_KD,30min,10x-1,699,448.8,572.9,73,79.05,102.76,1224.95,239.95,1209.55,0.1984,1.3,20.0,dapi,0
no_KD,30min,10x-1,700,451.8,381.9,112,134.1,174.33,1110.57,125.57,1256.7,0.0999,1.3,20.0,dapi,0
no_KD,30min,10x-1,701,450.4,395.4,80,142.84,185.69,1124.01,139.01,1424.46,0.0976,1.3,20.0,dapi,0
no_KD,30min,10x-1,702,450.9,439.3,55,179.86,233.82,1793.18,808.18,1165.36,0.6935,1.3,20.0,dapi,0
no_KD,30min,10x-1,703,452.2,266.5,101,55.45,72.08,1171.68,186.68,1275.38,0.1464,1.3,20.0,dapi,0
no_KD,30min,10x-1,704,450.3,602.6,65,49.11,63.85,1148.29,163.29,1466.68,0.1113,1.3,20.0,dapi,0
no_KD,30min,10x-1,705,451.5,238.2,61,37.62,48.91,1273.8,288.8,1168.21,0.2472,1.3,20.0,dapi,0
no_KD,30min,10x-1,706,452.8,562.0,59,89.73,116.65,1251.22,266.22,1176.8,0.2262,1.3,20.0,dapi,0
no_KD,30min,10x-1,707,451.7,613.7,48,37.95,49.34,1203.56,218.56,1220.25,0.1791,1.3,20.0,dapi,0
no_KD,30min,10x-1,708,454.5,495.1,94,156.66,203.66,1171.13,186.13,1159.77,0.1605,1.3,20.0,dapi,0
no_KD,30min,10x-1,709,454.9,305.9,74,83.65,108.75,1129.38,144.38,1254.46,0.1151,1.3,20.0,dapi,0
no_KD,30min,10x-1,710,454.7,358.2,89,119.23,155.0,1129.16,144.16,1392.45,0.1035,1.3,20.0,dapi,0
no_KD,30min,10x-1,711,454.5,372.5,61,128.87,167.53,1186.52,201.52,1267.44,0.159,1.3,20.0,dapi,0
no_KD,30min,10x-1,712,456.0,298.0,65,78.66,102.26,1153.63,168.63,1416.46,0.1191,1.3,20.0,dapi,0
no_KD,30min,10x-1,713,454.9,320.2,58,94.25,122.53,1197.64,212.64,1665.21,0.1277,1.3,20.0,dapi,0
no_KD,30min,10x-1,714,455.6,553.1,58,98.63,128.22,1160.02,175.02,1523.31,0.1149,1.3,20.0,dapi,0
no_KD,30min,10x-1,715,455.4,568.4,62,83.66,108.76,1877.1,892.1,1485.34,0.6006,1.3,20.0,dapi,0
no_KD,30min,10x-1,716,454.8,582.3,56,69.67,90.57,1142.25,157.25,1358.18,0.1158,1.3,20.0,dapi,0
no_KD,30min,10x-1,717,456.3,624.1,73,27.66,35.96,1222.75,237.75,1233.86,0.1927,1.3,20.0,dapi,0
no_KD,30min,10x-1,718,454.8,642.5,77,9.79,12.73,1932.86,947.86,1238.87,0.7651,1.3,20.0,dapi,0
no_KD,30min,10x-1,719,456.2,289.7,76,73.07,95.0,1169.68,184.68,1495.8,0.1235,1.3,20.0,dapi,0
no_KD,30min,10x-1,720,456.9,449.2,84,191.11,248.44,1722.5,737.5,1447.56,0.5095,1.3,20.0,dapi,0
no_KD,30min,10x-1,721,457.5,463.7,89,187.62,243.9,1286.27,301.27,1347.1,0.2236,1.3,20.0,dapi,0
no_KD,30min,10x-1,722,457.1,588.8,72,62.62,81.41,1127.92,142.92,1530.4,0.0934,1.3,20.0,dapi,0
no_KD,30min,10x-1,723,456.9,596.3,67,55.62,72.31,1144.25,159.25,1627.54,0.0978,1.3,20.0,dapi,0
no_KD,30min,10x-1,724,456.7,211.2,71,18.59,24.16,1917.79,932.79,1467.18,0.6358,1.3,20.0,dapi,0
no_KD,30min,10x-1,725,458.6,329.6,108,104.62,136.0,1178.53,193.53,1309.82,0.1478,1.3,20.0,dapi,0
no_KD,30min,10x-1,726,456.6,340.4,70,109.72,142.63,1360.74,375.74,1186.33,0.3167,1.3,20.0,dapi,0
no_KD,30min,10x-1,727,457.0,476.6,52,174.62,227.0,1118.42,133.42,1132.04,0.1179,1.3,20.0,dapi,0
no_KD,30min,10x-1,728,457.9,536.3,81,115.62,150.3,1234.26,249.26,1440.95,0.173,1.3,20.0,dapi,0
no_KD,30min,10x-1,729,457.1,193.2,81,8.22,10.68,2015.04,1030.04,1340.69,0.7683,1.3,20.0,dapi,0
no_KD,30min,10x-1,730,459.0,245.9,68,48.22,62.68,1173.25,188.25,1255.13,0.15,1.3,20.0,dapi,0
no_KD,30min,10x-1,731,458.9,279.2,60,68.43,88.96,1151.53,166.53,1400.78,0.1189,1.3,20.0,dapi,0
no_KD,30min,10x-1,732,459.3,418.4,82,166.66,216.66,1159.33,174.33,1460.96,0.1193,1.3,20.0,dapi,0
no_KD,30min,10x-1,733,459.7,232.1,74,36.77,47.8,1445.3,460.3,1468.3,0.3135,1.3,20.0,dapi,0
no_KD,30min,10x-1,734,460.1,401.5,89,154.54,200.9,1113.49,128.49,1299.26,0.0989,1.3,20.0,dapi,0
no_KD,30min,10x-1,735,460.8,528.1,60,123.62,160.7,1117.73,132.73,1538.83,0.0863,1.3,20.0,dapi,0
no_KD,30min,10x-1,736,460.6,259.7,59,58.86,76.52,1140.73,155.73,1453.17,0.1072,1.3,20.0,dapi,0
no_KD,30min,10x-1,737,460.4,433.3,67,179.6,233.48,1494.33,509.33,1264.01,0.4029,1.3,20.0,dapi,0
no_KD,30min,10x-1,738,463.8,346.4,98,118.89,154.55,1162.41,177.41,1421.95,0.1248,1.3,20.0,dapi,0
no_KD,30min,10x-1,739,462.9,503.4,83,148.63,193.22,1194.86,209.86,1424.25,0.1473,1.3,20.0,dapi,0
no_KD,30min,10x-1,740,464.3,180.3,81,4.86,6.32,1964.38,979.38,1154.23,0.8485,1.3,20.0,dapi,0
no_KD,30min,10x-1,741,464.6,511.8,82,139.67,181.57,1130.61,145.61,1411.71,0.1031,1.3,20.0,dapi,0
no_KD,30min,10x-1,742,462.3,616.5,49,35.63,46.31,1292.88,307.88,1267.86,0.2428,1.3,20.0,dapi,0
no_KD,30min,10x-1,743,464.9,315.0,99,97.07,126.18,1138.22,153.22,1306.66,0.1173,1.3,20.0,dapi,0
no_KD,30min,10x-1,744,463.1,365.0,63,129.86,168.82,1414.46,429.46,1332.71,0.3222,1.3,20.0,dapi,0
no_KD,30min,10x-1,745,464.7,387.2,65,146.58,190.56,1136.38,151.38,1274.15,0.1188,1.3,20.0,dapi,0
no_KD,30min,10x-1,746,467.1,520.3,95,131.74,171.26,1117.89,132.89,1227.11,0.1083,1.3,20.0,dapi,0
no_KD,30min,10x-1,747,464.0,559.7,63,91.66,119.15,1208.43,223.43,1199.81,0.1862,1.3,20.0,dapi,0
no_KD,30min,10x-1,748,464.4,580.9,86,70.67,91.87,1165.17,180.17,1336.41,0.1348,1.3,20.0,dapi,0
no_KD,30min,10x-1,749,465.0,602.3,68,49.74,64.66,1121.5,136.5,1620.32,0.0842,1.3,20.0,dapi,0
no_KD,30min,10x-1,750,464.7,648.0,79,4.03,5.24,1772.33,787.33,1098.08,0.717,1.3,20.0,dapi,0
no_KD,30min,10x-1,751,466.3,190.4,69,12.27,15.96,2002.58,1017.58,1322.83,0.7692,1.3,20.0,dapi,0
no_KD,30min,10x-1,752,466.0,273.2,65,71.07,92.39,1130.18,145.18,1300.06,0.1117,1.3,20.0,dapi,0
no_KD,30min,10x-1,753,466.2,216.5,55,29.3,38.09,1227.45,242.45,1178.91,0.2057,1.3,20.0,dapi,0
no_KD,30min,10x-1,754,467.2,226.1,59,36.28,47.16,1196.59,211.59,1367.19,0.1548,1.3,20.0,dapi,0
no_KD,30min,10x-1,755,468.3,608.4,80,44.03,57.24,1164.92,179.92,1220.39,0.1474,1.3,20.0,dapi,0
no_KD,30min,10x-1,756,467.2,240.8,70,48.13,62.57,1183.86,198.86,1354.37,0.1468,1.3,20.0,dapi,0
no_KD,30min,10x-1,757,467.1,254.9,65,60.05,78.06,1150.74,165.74,1350.03,0.1228,1.3,20.0,dapi,0
no_KD,30min,10x-1,758,469.0,289.8,114,83.02,107.93,1120.55,135.55,1190.45,0.1139,1.3,20.0,dapi,0
no_KD,30min,10x-1,759,467.2,484.8,66,166.71,216.73,1151.06,166.06,1144.85,0.1451,1.3,20.0,dapi,0
no_KD,30min,10x-1,760,468.5,549.6,101,101.82,132.37,1163.55,178.55,1310.87,0.1362,1.3,20.0,dapi,0
no_KD,30min,10x-1,761,467.7,198.9,75,20.0,26.0,1562.05,577.05,1518.84,0.3799,1.3,20.0,dapi,0
no_KD,30min,10x-1,762,469.4,335.3,110,114.71,149.12,1141.2,156.2,1297.35,0.1204,1.3,20.0,dapi,0
no_KD,30min,10x-1,763,468.6,431.7,93,183.86,239.02,1254.04,269.04,1212.48,0.2219,1.3,20.0,dapi,0
no_KD,30min,10x-1,764,469.6,444.8,80,195.12,253.66,1462.76,477.76,1123.97,0.4251,1.3,20.0,dapi,0
no_KD,30min,10x-1,765,467.7,460.9,55,190.73,247.95,1589.38,604.38,1144.84,0.5279,1.3,20.0,dapi,0
no_KD,30min,10x-1,766,467.5,473.1,58,178.74,232.36,1573.67,588.67,1125.24,0.5232,1.3,20.0,dapi,0
no_KD,30min,10x-1,767,468.9,592.3,65,60.04,78.05,1138.68,153.68,1240.34,0.1239,1.3,20.0,dapi,0
no_KD,30min,10x-1,768,469.2,631.5,90,21.49,27.94,1393.57,408.57,1310.24,0.3118,1.3,20.0,dapi,0
no_KD,30min,10x-1,769,469.5,372.9,83,140.41,182.53,1116.18,131.18,1331.13,0.0985,1.3,20.0,dapi,0
no_KD,30min,10x-1,770,471.1,419.0,64,174.68,227.09,1163.09,178.09,1194.42,0.1491,1.3,20.0,dapi,0
no_KD,30min,10x-1,771,470.3,564.8,74,87.01,113.12,1168.39,183.39,1318.58,0.1391,1.3,20.0,dapi,0
no_KD,30min,10x-1,772,471.2,616.0,55,36.59,47.56,1379.82,394.82,1104.87,0.3573,1.3,20.0,dapi,0
no_KD,30min,10x-1,773,472.8,305.0,112,95.74,124.46,1129.14,144.14,1247.9,0.1155,1.3,20.0,dapi,0
no_KD,30min,10x-1,774,472.6,266.5,71,71.73,93.25,1225.17,240.17,1281.03,0.1875,1.3,20.0,dapi,0
no_KD,30min,10x-1,775,473.9,349.3,87,128.82,167.46,1318.77,333.77,1249.93,0.267,1.3,20.0,dapi,0
no_KD,30min,10x-1,776,472.0,532.9,71,119.07,154.79,1139.86,154.86,1303.69,0.1188,1.3,20.0,dapi,0
no_KD,30min,10x-1,777,473.0,207.7,56,30.07,39.09,1183.34,198.34,1137.93,0.1743,1.3,20.0,dapi,0
no_KD,30min,10x-1,778,472.2,497.1,62,154.97,201.46,1556.77,571.77,1156.44,0.4944,1.3,20.0,dapi,0
no_KD,30min,10x-1,779,474.5,578.1,97,74.7,97.12,1243.11,258.11,1332.66,0.1937,1.3,20.0,dapi,0
no_KD,30min,10x-1,780,474.3,159.7,74,4.72,6.13,2121.99,1136.99,1329.89,0.8549,1.3,20.0,dapi,0
no_KD,30min,10x-1,781,473.7,235.5,54,48.4,62.92,1734.81,749.81,1423.31,0.5268,1.3,20.0,dapi,0
no_KD,30min,10x-1,782,473.4,622.8,55,29.66,38.56,1657.58,672.58,1226.05,0.5486,1.3,20.0,dapi,0
no_KD,30min,10x-1,783,474.3,173.8,62,8.32,10.82,1930.63,945.63,1072.95,0.8813,1.3,20.0,dapi,0
no_KD,30min,10x-1,784,475.1,357.7,69,134.82,175.27,1182.62,197.62,1089.39,0.1814,1.3,20.0,dapi,0
no_KD,30min,10x-1,785,476.3,512.7,85,139.34,181.15,1142.11,157.11,1397.49,0.1124,1.3,20.0,dapi,0
no_KD,30min,10x-1,786,476.1,558.1,57,94.64,123.04,1198.58,213.58,1310.23,0.163,1.3,20.0,dapi,0
no_KD,30min,10x-1,787,476.2,589.1,64,63.77,82.91,1158.92,173.92,1320.66,0.1317,1.3,20.0,dapi,0
no_KD,30min,10x-1,788,478.4,636.8,99,16.4,21.31,1775.16,790.16,1208.78,0.6537,1.3,20.0,dapi,0
no_KD,30min,10x-1,789,477.5,648.2,89,5.5,7.14,1815.19,830.19,1243.69,0.6675,1.3,20.0,dapi,0
no_KD,30min,10x-1,790,477.6,185.4,88,17.92,23.29,1679.94,694.94,1412.36,0.492,1.3,20.0,dapi,0
no_KD,30min,10x-1,791,476.9,196.2,76,24.62,32.0,1210.5,225.5,1304.74,0.1728,1.3,20.0,dapi,0
no_KD,30min,10x-1,792,477.5,250.0,75,61.22,79.59,1212.09,227.09,1436.25,0.1581,1.3,20.0,dapi,0
no_KD,30min,10x-1,793,478.3,405.6,86,169.33,220.13,1127.1,142.1,1322.91,0.1074,1.3,20.0,dapi,0
no_KD,30min,10x-1,794,477.4,276.5,77,82.2,106.85,1127.83,142.83,1475.81,0.0968,1.3,20.0,dapi,0
no_KD,30min,10x-1,795,478.0,317.2,64,107.65,139.95,1117.95,132.95,1295.48,0.1026,1.3,20.0,dapi,0
no_KD,30min,10x-1,796,478.4,371.5,88,145.18,188.73,1120.8,135.8,1415.56,0.0959,1.3,20.0,dapi,0
no_KD,30min,10x-1,797,478.8,450.2,61,202.36,263.07,1388.57,403.57,1294.1,0.3119,1.3,20.0,dapi,0
no_KD,30min,10x-1,798,477.5,457.7,46,194.31,252.6,1695.02,710.02,1349.96,0.526,1.3,20.0,dapi,0
no_KD,30min,10x-1,799,478.1,490.0,63,162.43,211.16,1182.92,197.92,1343.46,0.1473,1.3,20.0,dapi,0
no_KD,30min,10x-1,800,480.8,330.2,107,118.97,154.67,1117.64,132.64,1286.89,0.1031,1.3,20.0,dapi,0
no_KD,30min,10x-1,801,479.9,480.3,81,172.58,224.35,1128.68,143.68,1404.6,0.1023,1.3,20.0,dapi,0
no_KD,30min,10x-1,802,478.6,538.5,63,114.86,149.32,1148.1,163.1,1372.71,0.1188,1.3,20.0,dapi,0
no_KD,30min,10x-1,803,480.6,213.7,70,39.84,51.79,1181.93,196.93,1521.13,0.1295,1.3,20.0,dapi,0
no_KD,30min,10x-1,804,481.0,222.1,67,44.26,57.53,1197.34,212.34,1231.82,0.1724,1.3,20.0,dapi,0
no_KD,30min,10x-1,805,478.9,432.4,56,189.85,246.8,1426.71,441.71,1252.62,0.3526,1.3,20.0,dapi,0
no_KD,30min,10x-1,806,480.6,464.7,82,187.6,243.88,1188.48,203.48,1434.12,0.1419,1.3,20.0,dapi,0
no_KD,30min,10x-1,807,480.5,546.3,63,106.95,139.03,1202.89,217.89,1107.56,0.1967,1.3,20.0,dapi,0
no_KD,30min,10x-1,808,481.9,389.5,55,160.75,208.98,1162.8,177.8,1191.04,0.1493,1.3,20.0,dapi,0
no_KD,30min,10x-1,809,482.1,618.1,75,35.81,46.55,1153.83,168.83,1447.09,0.1167,1.3,20.0,dapi,0
no_KD,30min,10x-1,810,482.3,235.4,64,53.24,69.21,1179.03,194.03,1313.42,0.1477,1.3,20.0,dapi,0
no_KD,30min,10x-1,811,483.4,257.3,68,70.42,91.54,1153.96,168.96,1253.43,0.1348,1.3,20.0,dapi,0
no_KD,30min,10x-1,812,484.5,381.1,80,156.97,204.06,1137.01,152.01,1473.45,0.1032,1.3,20.0,dapi,0
no_KD,30min,10x-1,813,483.2,419.7,89,183.11,238.04,1155.66,170.66,1421.94,0.12,1.3,20.0,dapi,0
no_KD,30min,10x-1,814,482.9,520.4,61,133.1,173.03,1203.79,218.79,1210.41,0.1808,1.3,20.0,dapi,0
no_KD,30min,10x-1,815,484.0,271.4,74,82.56,107.33,1152.39,167.39,1475.03,0.1135,1.3,20.0,dapi,0
no_KD,30min,10x-1,816,485.4,293.0,88,97.77,127.11,1136.68,151.68,1426.22,0.1064,1.3,20.0,dapi,0
no_KD,30min,10x-1,817,484.1,559.1,79,94.39,122.7,1153.67,168.67,1465.99,0.1151,1.3,20.0,dapi,0
no_KD,30min,10x-1,818,485.0,188.3,73,25.22,32.79,1210.74,225.74,1234.19,0.1829,1.3,20.0,dapi,0
no_KD,30min,10x-1,819,484.0,572.5,55,81.49,105.94,1156.47,171.47,1214.18,0.1412,1.3,20.0,dapi,0
no_KD,30min,10x-1,820,485.5,607.8,66,46.46,60.4,1136.8,151.8,1391.02,0.1091,1.3,20.0,dapi,0
no_KD,30min,10x-1,821,485.9,244.3,53,62.41,81.13,1218.08,233.08,1209.3,0.1927,1.3,20.0,dapi,0
no_KD,30min,10x-1,822,487.4,500.6,84,152.38,198.09,1216.54,231.54,1411.4,0.164,1.3,20.0,dapi,0
no_KD,30min,10x-1,823,485.7,596.5,62,58.16,75.61,1156.11,171.11,1364.47,0.1254,1.3,20.0,dapi,0
no_KD,30min,10x-1,824,487.5,352.4,103,139.29,181.08,1144.76,159.76,1258.6,0.1269,1.3,20.0,dapi,0
no_KD,30min,10x-1,825,488.0,443.9,91,203.14,264.08,1145.57,160.57,1354.78,0.1185,1.3,20.0,dapi,0
no_KD,30min,10x-1,826,486.7,645.3,58,10.86,14.12,2053.09,1068.09,1267.1,0.8429,1.3,20.0,dapi,0
no_KD,30min,10x-1,827,488.1,633.6,83,21.72,28.24,1706.28,721.28,1129.16,0.6388,1.3,20.0,dapi,0
no_KD,30min,10x-1,828,488.1,209.0,40,41.34,53.75,1249.1,264.1,1428.03,0.1849,1.3,20.0,dapi,0
no_KD,30min,10x-1,829,489.2,230.6,55,56.02,72.82,1296.91,311.91,1208.18,0.2582,1.3,20.0,dapi,0
no_KD,30min,10x-1,830,489.2,305.8,77,108.63,141.22,1121.38,136.38,1322.32,0.1031,1.3,20.0,dapi,0
no_KD,30min,10x-1,831,491.5,402.9,114,176.25,229.13,1164.83,179.83,1258.37,0.1429,1.3,20.0,dapi,0
no_KD,30min,10x-1,832,490.4,431.9,106,196.78,255.81,1772.96,787.96,1279.22,0.616,1.3,20.0,dapi,0
no_KD,30min,10x-1,833,489.9,472.5,80,180.54,234.7,1414.54,429.54,1421.97,0.3021,1.3,20.0,dapi,0
no_KD,30min,10x-1,834,488.0,508.9,46,144.52,187.88,1958.15,973.15,1310.59,0.7425,1.3,20.0,dapi,0
no_KD,30min,10x-1,835,489.4,195.6,66,33.45,43.49,1168.83,183.83,1483.85,0.1239,1.3,20.0,dapi,0
no_KD,30min,10x-1,836,490.6,317.9,74,117.82,153.17,1117.96,132.96,1224.04,0.1086,1.3,20.0,dapi,0
no_KD,30min,10x-1,837,490.5,372.0,89,156.02,202.82,1115.54,130.54,1385.79,0.0942,1.3,20.0,dapi,0
no_KD,30min,10x-1,838,490.7,591.3,68,64.17,83.42,1136.71,151.71,1508.47,0.1006,1.3,20.0,dapi,0
no_KD,30min,10x-1,839,490.8,334.9,71,129.57,168.45,1127.51,142.51,1279.77,0.1114,1.3,20.0,dapi,0
no_KD,30min,10x-1,840,491.6,463.5,65,186.69,242.69,1269.11,284.11,1255.52,0.2263,1.3,20.0,dapi,0
no_KD,30min,10x-1,841,490.9,489.7,62,163.74,212.86,1187.27,202.27,1303.48,0.1552,1.3,20.0,dapi,0
no_KD,30min,10x-1,842,491.6,530.6,66,123.22,160.18,1190.76,205.76,1459.61,0.141,1.3,20.0,dapi,0
no_KD,30min,10x-1,843,491.4,221.2,54,51.79,67.33,1160.54,175.54,1276.85,0.1375,1.3,20.0,dapi,0
no_KD,30min,10x-1,844,492.0,255.0,64,74.55,96.92,1163.53,178.53,1305.09,0.1368,1.3,20.0,dapi,0
no_KD,30min,10x-1,845,492.0,285.4,96,98.57,128.14,1161.43,176.43,1375.25,0.1283,1.3,20.0,dapi,0
no_KD,30min,10x-1,846,493.7,391.5,87,170.97,222.26,1339.18,354.18,1381.59,0.2564,1.3,20.0,dapi,0
no_KD,30min,10x-1,847,492.3,620.9,67,35.31,45.9,1142.73,157.73,1428.7,0.1104,1.3,20.0,dapi,0
no_KD,30min,10x-1,848,492.8,162.1,71,14.3,18.59,2220.72,1235.72,1426.3,0.8664,1.3,20.0,dapi,0
no_KD,30min,10x-1,849,492.7,541.6,51,112.52,146.28,1198.41,213.41,1135.76,0.1879,1.3,20.0,dapi,0
no_KD,30min,10x-1,850,493.2,584.7,63,70.48,91.63,1135.33,150.33,1455.71,0.1033,1.3,20.0,dapi,0
no_KD,30min,10x-1,851,494.2,175.1,66,26.21,34.07,1622.23,637.23,1392.39,0.4576,1.3,20.0,dapi,0
no_KD,30min,10x-1,852,493.4,204.1,42,41.9,54.46,1193.43,208.43,1388.57,0.1501,1.3,20.0,dapi,0
no_KD,30min,10x-1,853,496.7,481.8,104,171.43,222.86,1154.23,169.23,1252.45,0.1351,1.3,20.0,dapi,0
no_KD,30min,10x-1,854,494.9,518.9,130,135.54,176.2,1701.83,716.83,1136.25,0.6309,1.3,20.0,dapi,0
no_KD,30min,10x-1,855,494.1,569.3,47,86.25,112.13,1165.13,180.13,1345.53,0.1339,1.3,20.0,dapi,0
no_KD,30min,10x-1,856,493.8,607.9,66,48.4,62.93,1123.59,138.59,1273.95,0.1088,1.3,20.0,dapi,0
no_KD,30min,10x-1,857,495.1,142.0,62,2.97,3.86,1707.02,722.02,1010.71,0.7144,1.3,20.0,dapi,0
no_KD,30min,10x-1,858,495.5,240.1,81,67.08,87.2,1209.14,224.14,1449.44,0.1546,1.3,20.0,dapi,0
no_KD,30min,10x-1,859,497.2,295.7,125,109.48,142.33,1167.14,182.14,1181.11,0.1542,1.3,20.0,dapi,0
no_KD,30min,10x-1,860,494.2,421.2,85,191.21,248.58,1756.88,771.88,1453.39,0.5311,1.3,20.0,dapi,0
no_KD,30min,10x-1,861,496.0,551.9,81,103.28,134.26,1148.83,163.83,1492.31,0.1098,1.3,20.0,dapi,0
no_KD,30min,10x-1,862,496.1,657.4,97,4.72,6.13,1598.48,613.48,1032.42,0.5942,1.3,20.0,dapi,0
no_KD,30min,10x-1,863,495.3,153.8,52,9.37,12.19,2505.87,1520.87,1389.5,1.0945,1.3,20.0,dapi,0
no_KD,30min,10x-1,864,497.5,324.9,73,126.96,165.04,1153.34,168.34,1279.63,0.1316,1.3,20.0,dapi,0
no_KD,30min,10x-1,865,496.7,342.6,75,139.47,181.32,1133.48,148.48,1299.29,0.1143,1.3,20.0,dapi,0
no_KD,30min,10x-1,866,496.9,363.5,79,154.15,200.39,1123.92,138.92,1416.49,0.0981,1.3,20.0,dapi,0
no_KD,30min,10x-1,867,496.1,452.9,61,191.13,248.47,1943.13,958.13,1265.3,0.7572,1.3,20.0,dapi,0
no_KD,30min,10x-1,868,495.7,561.1,47,94.5,122.85,1214.96,229.96,1301.36,0.1767,1.3,20.0,dapi,0
no_KD,30min,10x-1,869,497.2,629.5,83,29.39,38.21,1409.04,424.04,1359.69,0.3119,1.3,20.0,dapi,0
no_KD,30min,10x-1,870,495.9,189.8,66,35.39,46.01,1182.92,197.92,1626.05,0.1217,1.3,20.0,dapi,0
no_KD,30min,10x-1,871,497.0,264.6,69,85.38,111.0,1210.81,225.81,1084.88,0.2081,1.3,20.0,dapi,0
no_KD,30min,10x-1,872,498.0,216.2,76,53.5,69.55,1186.88,201.88,1455.49,0.1387,1.3,20.0,dapi,0
no_KD,30min,10x-1,873,498.1,350.3,61,145.17,188.72,1287.56,302.56,1389.38,0.2178,1.3,20.0,dapi,0
no_KD,30min,10x-1,874,498.8,500.9,62,153.95,200.13,1968.34,983.34,1555.44,0.6322,1.3,20.0,dapi,0
no_KD,30min,10x-1,875,498.9,603.2,60,54.54,70.9,1168.32,183.32,1261.88,0.1453,1.3,20.0,dapi,0
no_KD,30min,10x-1,876,499.8,205.2,46,47.65,61.94,1195.35,210.35,1334.43,0.1576,1.3,20.0,dapi,0
no_KD,30min,10x-1,877,499.9,232.7,45,66.16,86.0,1205.76,220.76,1333.31,0.1656,1.3,20.0,dapi,0
no_KD,30min,10x-1,878,500.8,254.8,68,80.79,105.03,1146.56,161.56,1229.5,0.1314,1.3,20.0,dapi,0
no_KD,30min,10x-1,879,501.0,272.9,67,94.1,122.32,1265.91,280.91,1153.87,0.2435,1.3,20.0,dapi,0
no_KD,30min,10x-1,880,502.9,311.4,113,122.84,159.69,1104.19,119.19,1229.22,0.097,1.3,20.0,dapi,0
no_KD,30min,10x-1,881,502.6,414.8,96,193.22,251.19,1131.26,146.26,1391.88,0.1051,1.3,20.0,dapi,0
no_KD,30min,10x-1,882,503.1,473.3,89,172.48,224.22,1129.89,144.89,1279.45,0.1132,1.3,20.0,dapi,0
no_KD,30min,10x-1,883,501.3,183.0,47,36.5,47.45,1206.28,221.28,1153.21,0.1919,1.3,20.0,dapi,0
no_KD,30min,10x-1,884,503.6,399.5,91,183.11,238.04,1870.93,885.93,1347.65,0.6574,1.3,20.0,dapi,0
no_KD,30min,10x-1,885,503.6,640.5,78,21.62,28.1,1583.03,598.03,1190.74,0.5022,1.3,20.0,dapi,0
no_KD,30min,10x-1,886,504.3,173.8,55,30.42,39.55,1443.76,458.76,1181.93,0.3881,1.3,20.0,dapi,0
no_KD,30min,10x-1,887,502.4,489.5,50,162.62,211.4,1669.46,684.46,1276.82,0.5361,1.3,20.0,dapi,0
no_KD,30min,10x-1,888,502.5,506.9,50,148.57,193.14,1668.16,683.16,1512.3,0.4517,1.3,20.0,dapi,0
no_KD,30min,10x-1,889,503.1,539.4,58,117.53,152.78,1853.95,868.95,1184.09,0.7339,1.3,20.0,dapi,0
no_KD,30min,10x-1,890,503.4,650.4,94,11.62,15.1,1775.82,790.82,1060.78,0.7455,1.3,20.0,dapi,0
no_KD,30min,10x-1,891,505.3,517.1,59,139.4,181.21,1253.97,268.97,1263.42,0.2129,1.3,20.0,dapi,0
no_KD,30min,10x-1,892,503.9,561.3,73,96.45,125.38,1127.25,142.25,1585.63,0.0897,1.3,20.0,dapi,0
no_KD,30min,10x-1,893,505.0,587.0,92,71.59,93.07,1151.71,166.71,1327.8,0.1256,1.3,20.0,dapi,0
no_KD,30min,10x-1,894,505.0,194.8,80,45.67,59.37,1186.84,201.84,1389.06,0.1453,1.3,20.0,dapi,0
no_KD,30min,10x-1,895,504.0,240.5,56,73.43,95.46,1172.12,187.12,1346.91,0.1389,1.3,20.0,dapi,0
no_KD,30min,10x-1,896,504.9,621.9,58,39.18,50.93,1157.24,172.24,1512.88,0.1139,1.3,20.0,dapi,0
no_KD,30min,10x-1,897,507.0,333.4,114,139.74,181.67,1101.99,116.99,1192.02,0.0981,1.3,20.0,dapi,0
no_KD,30min,10x-1,898,507.0,531.9,58,125.3,162.89,1211.07,226.07,1213.62,0.1863,1.3,20.0,dapi,0
no_KD,30min,10x-1,899,506.2,550.3,68,107.62,139.9,1169.62,184.62,1656.79,0.1114,1.3,20.0,dapi,0
no_KD,30min,10x-1,900,505.7,226.2,58,66.08,85.91,1191.21,206.21,1206.17,0.171,1.3,20.0,dapi,0
no_KD,30min,10x-1,901,506.5,365.7,68,162.34,211.04,1277.43,292.43,1168.15,0.2503,1.3,20.0,dapi,0
no_KD,30min,10x-1,902,507.5,377.6,72,172.7,224.51,2076.53,1091.53,1435.57,0.7603,1.3,20.0,dapi,0
no_KD,30min,10x-1,903,507.6,445.5,78,188.44,244.97,1140.26,155.26,1298.69,0.1195,1.3,20.0,dapi,0
no_KD,30min,10x-1,904,506.8,457.4,67,180.49,234.63,1123.27,138.27,1157.31,0.1195,1.3,20.0,dapi,0
no_KD,30min,10x-1,905,506.0,602.9,41,56.85,73.91,1343.07,358.07,1424.2,0.2514,1.3,20.0,dapi,0
no_KD,30min,10x-1,906,507.2,213.6,58,58.89,76.56,1204.47,219.47,1385.38,0.1584,1.3,20.0,dapi,0
no_KD,30min,10x-1,907,507.8,279.1,81,103.18,134.13,1155.75,170.75,1114.19,0.1533,1.3,20.0,dapi,0
no_KD,30min,10x-1,908,509.7,572.2,101,87.4,113.62,1138.68,153.68,1258.43,0.1221,1.3,20.0,dapi,0
no_KD,30min,10x-1,909,508.5,633.9,74,27.8,36.14,1698.24,713.24,1246.72,0.5721,1.3,20.0,dapi,0
no_KD,30min,10x-1,910,509.4,300.9,82,121.36,157.76,1300.17,315.17,1284.56,0.2454,1.3,20.0,dapi,0
no_KD,30min,10x-1,911,509.8,389.3,78,181.43,235.86,1983.87,998.87,1311.03,0.7619,1.3,20.0,dapi,0
no_KD,30min,10x-1,912,510.0,431.1,95,193.67,251.77,1304.59,319.59,1357.32,0.2355,1.3,20.0,dapi,0
no_KD,30min,10x-1,913,507.7,504.7,28,149.08,193.81,1638.14,653.14,1386.29,0.4711,1.3,20.0,dapi,0
no_KD,30min,10x-1,914,511.3,202.2,76,54.51,70.86,1182.83,197.83,1288.64,0.1535,1.3,20.0,dapi,0
no_KD,30min,10x-1,915,510.0,244.8,52,81.22,105.59,1184.85,199.85,1291.42,0.1547,1.3,20.0,dapi,0
no_KD,30min,10x-1,916,511.4,256.0,63,88.85,115.51,1172.59,187.59,1249.49,0.1501,1.3,20.0,dapi,0
no_KD,30min,10x-1,917,512.7,347.2,103,153.65,199.75,1122.55,137.55,1295.47,0.1062,1.3,20.0,dapi,0
no_KD,30min,10x-1,918,512.4,468.6,74,168.51,219.07,1108.14,123.14,1403.97,0.0877,1.3,20.0,dapi,0
no_KD,30min,10x-1,919,511.7,524.8,60,133.32,173.32,1392.08,407.08,1155.97,0.3522,1.3,20.0,dapi,0
no_KD,30min,10x-1,920,512.6,592.4,85,69.7,90.61,1164.65,179.65,1535.05,0.117,1.3,20.0,dapi,0
no_KD,30min,10x-1,921,512.4,151.8,55,15.63,20.32,2415.76,1430.76,1497.07,0.9557,1.3,20.0,dapi,0
no_KD,30min,10x-1,922,512.4,185.1,64,44.02,57.23,1205.67,220.67,1570.22,0.1405,1.3,20.0,dapi,0
no_KD,30min,10x-1,923,512.5,545.7,48,113.19,147.15,1144.27,159.27,1518.35,0.1049,1.3,20.0,dapi,0
no_KD,30min,10x-1,924,513.7,659.4,90,4.84,6.29,1702.93,717.93,1024.53,0.7007,1.3,20.0,dapi,0
no_KD,30min,10x-1,925,513.5,221.6,71,68.76,89.39,1177.28,192.28,1455.96,0.1321,1.3,20.0,dapi,0
no_KD,30min,10x-1,926,514.9,411.8,80,198.84,258.49,1118.51,133.51,1359.2,0.0982,1.3,20.0,dapi,0
no_KD,30min,10x-1,927,515.1,231.1,58,76.16,99.01,1297.83,312.83,1291.24,0.2423,1.3,20.0,dapi,0
no_KD,30min,10x-1,928,515.1,286.1,77,113.04,146.95,1147.74,162.74,1309.94,0.1242,1.3,20.0,dapi,0
no_KD,30min,10x-1,929,515.4,555.9,70,104.16,135.41,1125.24,140.24,1452.23,0.0966,1.3,20.0,dapi,0
no_KD,30min,10x-1,930,513.9,608.0,63,54.34,70.64,1190.65,205.65,1494.54,0.1376,1.3,20.0,dapi,0
no_KD,30min,10x-1,931,516.9,447.2,79,179.67,233.58,1114.33,129.33,1318.89,0.0981,1.3,20.0,dapi,0
no_KD,30min,10x-1,932,516.2,248.5,37,87.84,114.2,1856.16,871.16,1461.65,0.596,1.3,20.0,dapi,0
no_KD,30min,10x-1,933,517.5,424.3,81,190.14,247.19,1257.84,272.84,1438.94,0.1896,1.3,20.0,dapi,0
no_KD,30min,10x-1,934,518.6,539.7,95,118.63,154.22,1271.36,286.36,1382.72,0.2071,1.3,20.0,dapi,0
no_KD,30min,10x-1,935,518.5,191.4,64,53.03,68.93,1178.59,193.59,1392.42,0.139,1.3,20.0,dapi,0
no_KD,30min,10x-1,936,519.4,305.1,78,130.42,169.54,1161.78,176.78,1221.92,0.1447,1.3,20.0,dapi,0
no_KD,30min,10x-1,937,518.4,385.2,94,184.52,239.88,1119.33,134.33,1316.65,0.102,1.3,20.0,dapi,0
no_KD,30min,10x-1,938,518.8,175.2,65,39.64,51.54,1199.95,214.95,1496.8,0.1436,1.3,20.0,dapi,0
no_KD,30min,10x-1,939,520.3,213.0,84,68.22,88.68,1176.86,191.86,1425.77,0.1346,1.3,20.0,dapi,0
no_KD,30min,10x-1,940,519.3,277.1,75,109.07,141.8,1250.03,265.03,1074.37,0.2467,1.3,20.0,dapi,0
no_KD,30min,10x-1,941,520.7,330.0,106,148.63,193.22,1095.97,110.97,1293.88,0.0858,1.3,20.0,dapi,0
no_KD,30min,10x-1,942,520.7,340.2,75,154.91,201.38,1179.61,194.61,1138.47,0.1709,1.3,20.0,dapi,0
no_KD,30min,10x-1,943,518.6,370.7,67,174.86,227.32,1714.96,729.96,1198.54,0.609,1.3,20.0,dapi,0
no_KD,30min,10x-1,944,518.3,463.4,68,168.48,219.03,1203.16,218.16,1204.37,0.1811,1.3,20.0,dapi,0
no_KD,30min,10x-1,945,518.3,574.9,63,87.31,113.5,1147.22,162.22,1493.71,0.1086,1.3,20.0,dapi,0
no_KD,30min,10x-1,946,519.5,630.2,72,33.66,43.75,1397.31,412.31,1423.89,0.2896,1.3,20.0,dapi,0
no_KD,30min,10x-1,947,520.3,647.9,83,15.68,20.38,1988.49,1003.49,1245.16,0.8059,1.3,20.0,dapi,0
no_KD,30min,10x-1,948,520.0,266.4,68,102.21,132.87,1172.24,187.24,1360.47,0.1376,1.3,20.0,dapi,0
no_KD,30min,10x-1,949,520.2,291.8,66,120.85,157.11,1226.03,241.03,1185.92,0.2032,1.3,20.0,dapi,0
no_KD,30min,10x-1,950,520.1,128.3,67,4.26,5.54,2279.06,1294.06,1216.51,1.0637,1.3,20.0,dapi,0
no_KD,30min,10x-1,951,521.6,241.8,68,88.68,115.28,1150.35,165.35,1302.88,0.1269,1.3,20.0,dapi,0
no_KD,30min,10x-1,952,520.8,400.6,61,197.48,256.73,1169.2,184.2,1230.48,0.1497,1.3,20.0,dapi,0
no_KD,30min,10x-1,953,520.4,479.8,65,155.15,201.69,1323.06,338.06,1197.02,0.2824,1.3,20.0,dapi,0
no_KD,30min,10x-1,954,522.0,582.8,82,79.21,102.97,1160.7,175.7,1512.66,0.1161,1.3,20.0,dapi,0
no_KD,30min,10x-1,955,522.3,149.0,79,18.04,23.45,2374.3,1389.3,1405.19,0.9887,1.3,20.0,dapi,0
no_KD,30min,10x-1,956,522.7,507.4,69,135.63,176.32,1236.13,251.13,1581.01,0.1588,1.3,20.0,dapi,0
no_KD,30min,10x-1,957,521.9,562.5,49,98.76,128.38,1180.84,195.84,1531.35,0.1279,1.3,20.0,dapi,0
no_KD,30min,10x-1,958,521.4,592.0,59,70.74,91.97,1201.27,216.27,1325.03,0.1632,1.3,20.0,dapi,0
no_KD,30min,10x-1,959,521.5,160.6,41,27.56,35.82,1364.32,379.32,1448.73,0.2618,1.3,20.0,dapi,0
no_KD,30min,10x-1,960,523.9,202.9,93,59.9,77.87,1158.76,173.76,1322.35,0.1314,1.3,20.0,dapi,0
no_KD,30min,10x-1,961,522.2,520.5,59,129.2,167.96,1166.44,181.44,1275.66,0.1422,1.3,20.0,dapi,0
no_KD,30min,10x-1,962,522.8,531.4,54,121.31,157.7,1146.91,161.91,1478.74,0.1095,1.3,20.0,dapi,0
no_KD,30min,10x-1,963,522.8,620.0,41,43.49,56.53,1494.54,509.54,1306.83,0.3899,1.3,20.0,dapi,0
no_KD,30min,10x-1,964,523.2,641.5,65,22.94,29.83,2031.46,1046.46,1318.09,0.7939,1.3,20.0,dapi,0
no_KD,30min,10x-1,965,524.0,360.2,95,170.6,221.78,1136.47,151.47,1273.39,0.119,1.3,20.0,dapi,0
no_KD,30min,10x-1,966,523.4,435.8,47,179.97,233.97,1141.72,156.72,1287.6,0.1217,1.3,20.0,dapi,0
no_KD,30min,10x-1,967,524.1,610.2,71,52.62,68.41,1143.79,158.79,1494.83,0.1062,1.3,20.0,dapi,0
no_KD,30min,10x-1,968,524.6,253.9,69,98.65,128.25,1147.81,162.81,1309.33,0.1243,1.3,20.0,dapi,0
no_KD,30min,10x-1,969,525.2,231.5,44,82.62,107.41,1601.86,616.86,1287.93,0.479,1.3,20.0,dapi,0
no_KD,30min,10x-1,970,525.7,315.4,63,141.43,183.86,1129.21,144.21,1723.48,0.0837,1.3,20.0,dapi,0
no_KD,30min,10x-1,971,527.8,661.4,108,4.72,6.13,1537.65,552.65,989.16,0.5587,1.3,20.0,dapi,0
no_KD,30min,10x-1,972,526.1,123.9,70,6.55,8.51,2049.47,1064.47,1476.7,0.7208,1.3,20.0,dapi,0
no_KD,30min,10x-1,973,527.2,417.9,52,185.49,241.13,1155.21,170.21,1185.94,0.1435,1.3,20.0,dapi,0
no_KD,30min,10x-1,974,527.8,595.9,51,65.22,84.79,1166.65,181.65,1265.33,0.1436,1.3,20.0,dapi,0
no_KD,30min,10x-1,975,527.6,165.9,63,33.37,43.38,1354.57,369.57,1636.19,0.2259,1.3,20.0,dapi,0
no_KD,30min,10x-1,976,527.4,221.6,48,73.8,95.94,1162.4,177.4,1329.21,0.1335,1.3,20.0,dapi,0
no_KD,30min,10x-1,977,528.2,290.4,93,121.13,157.47,1146.53,161.53,1382.78,0.1168,1.3,20.0,dapi,0
no_KD,30min,10x-1,978,529.6,380.6,106,180.64,234.83,1278.9,293.9,1283.96,0.2289,1.3,20.0,dapi,0
no_KD,30min,10x-1,979,528.8,451.5,72,167.22,217.38,1126.56,141.56,1249.69,0.1133,1.3,20.0,dapi,0
no_KD,30min,10x-1,980,527.0,468.1,59,158.66,206.25,1351.19,366.19,1114.98,0.3284,1.3,20.0,dapi,0
no_KD,30min,10x-1,981,528.4,570.9,58,89.84,116.79,1158.16,173.16,1336.88,0.1295,1.3,20.0,dapi,0
no_KD,30min,10x-1,982,528.5,194.7,59,50.56,65.73,1175.46,190.46,1299.27,0.1466,1.3,20.0,dapi,0
no_KD,30min,10x-1,983,529.1,390.7,75,187.68,243.99,1108.93,123.93,1332.88,0.093,1.3,20.0,dapi,0
no_KD,30min,10x-1,984,530.1,492.8,85,139.0,180.7,1155.21,170.21,1254.96,0.1356,1.3,20.0,dapi,0
no_KD,30min,10x-1,985,529.0,185.2,35,43.34,56.35,1166.2,181.2,1527.97,0.1186,1.3,20.0,dapi,0
no_KD,30min,10x-1,986,530.0,272.2,62,106.95,139.03,1140.58,155.58,1135.21,0.1371,1.3,20.0,dapi,0
no_KD,30min,10x-1,987,529.8,407.3,57,189.03,245.74,1194.07,209.07,1405.39,0.1488,1.3,20.0,dapi,0
no_KD,30min,10x-1,988,529.2,550.8,61,104.02,135.22,1121.72,136.72,1250.72,0.1093,1.3,20.0,dapi,0
no_KD,30min,10x-1,989,532.5,332.8,106,152.73,198.55,1104.09,119.09,1271.25,0.0937,1.3,20.0,dapi,0
no_KD,30min,10x-1,990,532.2,503.8,93,130.33,169.43,1120.15,135.15,1409.43,0.0959,1.3,20.0,dapi,0
no_KD,30min,10x-1,991,530.6,587.3,58,73.57,95.64,1136.6,151.6,1293.07,0.1172,1.3,20.0,dapi,0
no_KD,30min,10x-1,992,535.3,642.2,158,18.82,24.47,1842.28,857.28,1050.27,0.8162,1.3,20.0,dapi,0
no_KD,30min,10x-1,993,531.0,143.5,71,20.22,26.29,2408.73,1423.73,1511.69,0.9418,1.3,20.0,dapi,0
no_KD,30min,10x-1,994,532.2,521.9,73,119.69,155.6,1135.86,150.86,1259.86,0.1197,1.3,20.0,dapi,0
no_KD,30min,10x-1,995,532.1,537.6,92,109.93,142.92,1129.52,144.52,1332.29,0.1085,1.3,20.0,dapi,0
no_KD,30min,10x-1,996,530.6,603.5,30,56.8,73.83,1131.93,146.93,1608.4,0.0914,1.3,20.0,dapi,0
no_KD,30min,10x-1,997,533.1,630.1,94,30.94,40.22,1482.56,497.56,1201.56,0.4141,1.3,20.0,dapi,0
no_KD,30min,10x-1,998,533.8,358.3,111,164.09,213.31,1114.01,129.01,1255.23,0.1028,1.3,20.0,dapi,0
no_KD,30min,10x-1,999,533.2,429.6,97,174.14,226.39,1197.95,212.95,1268.88,0.1678,1.3,20.0,dapi,0
no_KD,30min,10x-1,1000,534.4,652.5,97,8.78,11.42,1738.72,753.72,1195.52,0.6305,1.3,20.0,dapi,0
no_KD,30min,10x-1,1001,534.2,125.7,67,5.64,7.33,2132.84,1147.84,1193.63,0.9616,1.3,20.0,dapi,0
no_KD,30min,10x-1,1002,534.8,210.5,85,59.41,77.23,1167.59,182.59,1444.0,0.1264,1.3,20.0,dapi,0
no_KD,30min,10x-1,1003,534.5,234.0,85,80.5,104.64,1150.15,165.15,1379.19,0.1197,1.3,20.0,dapi,0
no_KD,30min,10x-1,1004,532.6,561.1,36,95.0,123.5,1146.39,161.39,1508.58,0.107,1.3,20.0,dapi,0
no_KD,30min,10x-1,1005,534.2,172.2,30,31.23,40.6,1221.6,236.6,1721.53,0.1374,1.3,20.0,dapi,0
no_KD,30min,10x-1,1006,535.9,247.2,89,86.02,111.82,1140.49,155.49,1463.85,0.1062,1.3,20.0,dapi,0
no_KD,30min,10x-1,1007,534.6,254.9,60,91.78,119.32,1144.77,159.77,1416.67,0.1128,1.3,20.0,dapi,0
no_KD,30min,10x-1,1008,536.8,261.8,73,94.96,123.45,1286.44,301.44,1071.92,0.2812,1.3,20.0,dapi,0
no_KD,30min,10x-1,1009,535.5,298.4,83,121.89,158.46,1140.33,155.33,1229.95,0.1263,1.3,20.0,dapi,0
no_KD,30min,10x-1,1010,535.4,481.4,59,143.73,186.85,1253.0,268.0,1096.2,0.2445,1.3,20.0,dapi,0
no_KD,30min,10x-1,1011,535.0,152.5,51,21.98,28.57,2398.02,1413.02,1456.76,0.97,1.3,20.0,dapi,0
no_KD,30min,10x-1,1012,535.5,180.6,64,35.53,46.19,1192.62,207.62,1681.25,0.1235,1.3,20.0,dapi,0
no_KD,30min,10x-1,1013,535.2,222.7,51,70.93,92.21,1152.57,167.57,1281.98,0.1307,1.3,20.0,dapi,0
no_KD,30min,10x-1,1014,535.8,580.4,58,79.95,103.94,1140.19,155.19,1325.4,0.1171,1.3,20.0,dapi,0
no_KD,30min,10x-1,1015,537.2,196.4,65,46.47,60.41,1175.6,190.6,1471.8,0.1295,1.3,20.0,dapi,0
no_KD,30min,10x-1,1016,539.1,322.0,85,139.7,181.6,1122.39,137.39,1322.45,0.1039,1.3,20.0,dapi,0
no_KD,30min,10x-1,1017,537.7,374.2,93,170.03,221.04,1169.27,184.27,1392.75,0.1323,1.3,20.0,dapi,0
no_KD,30min,10x-1,1018,538.4,462.2,87,154.11,200.35,1460.62,475.62,1254.51,0.3791,1.3,20.0,dapi,0
no_KD,30min,10x-1,1019,536.8,622.7,63,37.08,48.21,1205.06,220.06,1511.98,0.1455,1.3,20.0,dapi,0
no_KD,30min,10x-1,1020,537.1,160.3,47,22.69,29.5,2184.38,1199.38,1379.04,0.8697,1.3,20.0,dapi,0
no_KD,30min,10x-1,1021,537.1,287.4,62,112.84,146.69,1141.61,156.61,1152.94,0.1358,1.3,20.0,dapi,0
no_KD,30min,10x-1,1022,538.9,346.9,73,154.06,200.28,1121.08,136.08,1232.51,0.1104,1.3,20.0,dapi,0
no_KD,30min,10x-1,1023,537.8,416.2,65,177.38,230.59,1119.77,134.77,1243.63,0.1084,1.3,20.0,dapi,0
no_KD,30min,10x-1,1024,538.7,442.1,84,163.09,212.02,1185.17,200.17,1371.4,0.146,1.3,20.0,dapi,0
no_KD,30min,10x-1,1025,537.9,555.4,68,94.42,122.75,1161.37,176.37,1324.1,0.1332,1.3,20.0,dapi,0
no_KD,30min,10x-1,1026,539.8,509.3,84,120.98,157.27,1207.44,222.44,1369.32,0.1624,1.3,20.0,dapi,0
no_KD,30min,10x-1,1027,539.3,518.4,50,116.22,151.09,1175.78,190.78,1246.28,0.1531,1.3,20.0,dapi,0
no_KD,30min,10x-1,1028,537.8,599.1,75,60.85,79.11,1164.32,179.32,1301.81,0.1377,1.3,20.0,dapi,0
no_KD,30min,10x-1,1029,539.7,131.9,65,6.55,8.51,1959.0,974.0,1229.2,0.7924,1.3,20.0,dapi,0
no_KD,30min,10x-1,1030,540.2,398.5,89,184.58,239.95,1129.84,144.84,1322.31,0.1095,1.3,20.0,dapi,0
no_KD,30min,10x-1,1031,540.6,535.3,81,105.18,136.74,1154.15,169.15,1475.79,0.1146,1.3,20.0,dapi,0
no_KD,30min,10x-1,1032,541.3,474.2,63,144.82,188.27,1471.68,486.68,1067.62,0.4559,1.3,20.0,dapi,0
no_KD,30min,10x-1,1033,541.5,187.0,59,36.82,47.86,1197.54,212.54,1595.58,0.1332,1.3,20.0,dapi,0
no_KD,30min,10x-1,1034,543.6,269.4,100,94.92,123.4,1151.85,166.85,1280.06,0.1303,1.3,20.0,dapi,0
no_KD,30min,10x-1,1035,542.8,304.6,103,123.31,160.31,1104.51,119.51,1286.02,0.0929,1.3,20.0,dapi,0
no_KD,30min,10x-1,1036,542.8,494.0,65,128.87,167.52,1130.85,145.85,1258.15,0.1159,1.3,20.0,dapi,0
no_KD,30min,10x-1,1037,543.7,453.2,81,153.2,199.16,1282.73,297.73,1209.89,0.2461,1.3,20.0,dapi,0
no_KD,30min,10x-1,1038,541.9,569.5,28,82.56,107.33,1128.21,143.21,1629.29,0.0879,1.3,20.0,dapi,0
no_KD,30min,10x-1,1039,541.6,610.8,28,48.65,63.24,1117.36,132.36,1674.46,0.079,1.3,20.0,dapi,0
no_KD,30min,10x-1,1040,544.0,138.1,73,7.09,9.21,2194.05,1209.05,1534.22,0.7881,1.3,20.0,dapi,0
no_KD,30min,10x-1,1041,544.0,360.9,83,157.48,204.72,1116.49,131.49,1320.47,0.0996,1.3,20.0,dapi,0
no_KD,30min,10x-1,1042,545.1,427.7,66,164.93,214.41,1210.23,225.23,1089.76,0.2067,1.3,20.0,dapi,0
no_KD,30min,10x-1,1043,545.0,175.4,71,24.98,32.47,1296.68,311.68,1514.49,0.2058,1.3,20.0,dapi,0
no_KD,30min,10x-1,1044,548.4,340.6,119,143.26,186.24,1115.73,130.73,1183.08,0.1105,1.3,20.0,dapi,0
no_KD,30min,10x-1,1045,545.6,552.1,77,90.17,117.22,1168.13,183.13,1512.62,0.1211,1.3,20.0,dapi,0
no_KD,30min,10x-1,1046,544.8,152.6,56,12.78,16.61,2303.57,1318.57,1354.12,0.9737,1.3,20.0,dapi,0
no_KD,30min,10x-1,1047,546.5,217.3,67,60.44,78.57,1144.28,159.28,1373.75,0.1159,1.3,20.0,dapi,0
no_KD,30min,10x-1,1048,546.1,225.4,58,65.62,85.31,1155.24,170.24,1217.91,0.1398,1.3,20.0,dapi,0
no_KD,30min,10x-1,1049,546.0,241.6,63,75.04,97.55,1193.54,208.54,1499.67,0.1391,1.3,20.0,dapi,0
no_KD,30min,10x-1,1050,548.0,371.1,82,160.31,208.4,1119.96,134.96,1386.44,0.0973,1.3,20.0,dapi,0
no_KD,30min,10x-1,1051,545.1,586.2,52,72.34,94.04,1132.44,147.44,1666.87,0.0885,1.3,20.0,dapi,0
no_KD,30min,10x-1,1052,543.9,598.9,40,60.62,78.8,1164.3,179.3,1337.4,0.1341,1.3,20.0,dapi,0
no_KD,30min,10x-1,1053,546.9,164.2,51,16.02,20.82,2088.04,1103.04,1373.69,0.803,1.3,20.0,dapi,0
no_KD,30min,10x-1,1054,546.4,287.7,82,107.84,140.2,1145.59,160.59,1464.33,0.1097,1.3,20.0,dapi,0
no_KD,30min,10x-1,1055,546.1,529.8,52,103.6,134.68,1152.19,167.19,1485.87,0.1125,1.3,20.0,dapi,0
no_KD,30min,10x-1,1056,546.3,627.0,70,32.63,42.41,1407.41,422.41,1193.79,0.3538,1.3,20.0,dapi,0
no_KD,30min,10x-1,1057,548.9,196.1,78,40.52,52.67,1356.18,371.18,1450.21,0.2559,1.3,20.0,dapi,0
no_KD,30min,10x-1,1058,548.4,208.4,58,51.85,67.4,1192.84,207.84,1226.6,0.1694,1.3,20.0,dapi,0
no_KD,30min,10x-1,1059,549.1,439.9,98,155.29,201.87,1458.94,473.94,1280.3,0.3702,1.3,20.0,dapi,0
no_KD,30min,10x-1,1060,548.8,638.0,90,21.83,28.38,1723.27,738.27,1322.1,0.5584,1.3,20.0,dapi,0
no_KD,30min,10x-1,1061,549.5,234.8,64,68.43,88.96,1157.83,172.83,1342.95,0.1287,1.3,20.0,dapi,0
no_KD,30min,10x-1,1062,548.8,255.5,82,82.2,106.85,1166.73,181.73,1407.02,0.1292,1.3,20.0,dapi,0
no_KD,30min,10x-1,1063,549.6,326.0,70,134.45,174.78,1130.86,145.86,1068.51,0.1365,1.3,20.0,dapi,0
no_KD,30min,10x-1,1064,548.8,414.9,81,168.78,219.42,1119.53,134.53,1218.57,0.1104,1.3,20.0,dapi,0
no_KD,30min,10x-1,1065,548.4,563.0,47,81.62,106.11,1254.74,269.74,1409.4,0.1914,1.3,20.0,dapi,0
no_KD,30min,10x-1,1066,550.5,144.9,82,5.83,7.58,2006.18,1021.18,1358.33,0.7518,1.3,20.0,dapi,0
no_KD,30min,10x-1,1067,551.1,392.4,91,172.01,223.61,1201.29,216.29,1336.41,0.1618,1.3,20.0,dapi,0
no_KD,30min,10x-1,1068,550.4,520.7,94,105.65,137.35,1118.95,133.95,1295.99,0.1034,1.3,20.0,dapi,0
no_KD,30min,10x-1,1069,553.1,461.0,103,141.4,183.81,1129.32,144.32,1243.89,0.116,1.3,20.0,dapi,0
no_KD,30min,10x-1,1070,550.9,503.4,87,116.85,151.9,1117.7,132.7,1213.89,0.1093,1.3,20.0,dapi,0
no_KD,30min,10x-1,1071,550.9,601.3,89,58.86,76.52,1145.46,160.46,1331.45,0.1205,1.3,20.0,dapi,0
no_KD,30min,10x-1,1072,550.0,614.4,45,45.82,59.57,1159.76,174.76,1148.67,0.1521,1.3,20.0,dapi,0
no_KD,30min,10x-1,1073,551.9,183.4,78,27.56,35.82,1817.78,832.78,1477.82,0.5635,1.3,20.0,dapi,0
no_KD,30min,10x-1,1074,553.7,311.5,89,122.54,159.31,1114.49,129.49,1212.22,0.1068,1.3,20.0,dapi,0
no_KD,30min,10x-1,1075,553.7,381.8,91,162.95,211.83,1189.76,204.76,1354.15,0.1512,1.3,20.0,dapi,0
no_KD,30min,10x-1,1076,552.1,488.3,75,127.04,165.15,1097.6,112.6,1427.09,0.0789,1.3,20.0,dapi,0
no_KD,30min,10x-1,1077,550.9,540.3,46,94.03,122.24,1163.2,178.2,1252.67,0.1423,1.3,20.0,dapi,0
no_KD,30min,10x-1,1078,552.9,580.2,99,67.97,88.36,1130.62,145.62,1332.41,0.1093,1.3,20.0,dapi,0
no_KD,30min,10x-1,1079,552.8,169.2,63,15.23,19.79,2170.08,1185.08,1396.38,0.8487,1.3,20.0,dapi,0
no_KD,30min,10x-1,1080,556.1,472.6,83,133.09,173.02,1139.73,154.73,1352.1,0.1144,1.3,20.0,dapi,0
no_KD,30min,10x-1,1081,555.4,222.4,63,56.31,73.2,1153.73,168.73,1157.32,0.1458,1.3,20.0,dapi,0
no_KD,30min,10x-1,1082,555.0,281.9,56,97.62,126.91,1124.41,139.41,1174.46,0.1187,1.3,20.0,dapi,0
no_KD,30min,10x-1,1083,555.0,562.6,55,76.16,99.01,1140.36,155.36,1247.71,0.1245,1.3,20.0,dapi,0
no_KD,30min,10x-1,1084,555.7,633.8,75,27.07,35.18,1703.63,718.63,1263.37,0.5688,1.3,20.0,dapi,0
no_KD,30min,10x-1,1085,556.2,648.3,64,13.77,17.9,1862.59,877.59,1235.88,0.7101,1.3,20.0,dapi,0
no_KD,30min,10x-1,1086,556.7,243.6,70,68.07,88.49,1252.59,267.59,1111.8,0.2407,1.3,20.0,dapi,0
no_KD,30min,10x-1,1087,557.3,295.4,87,107.26,139.43,1133.11,148.11,1355.38,0.1093,1.3,20.0,dapi,0
no_KD,30min,10x-1,1088,558.8,404.9,91,164.85,214.31,1292.73,307.73,1292.97,0.238,1.3,20.0,dapi,0
no_KD,30min,10x-1,1089,557.2,552.6,72,81.49,105.94,1120.79,135.79,1368.5,0.0992,1.3,20.0,dapi,0
no_KD,30min,10x-1,1090,557.2,620.7,78,39.93,51.91,1228.5,243.5,1374.46,0.1772,1.3,20.0,dapi,0
no_KD,30min,10x-1,1091,557.5,188.6,58,30.5,39.64,1904.88,919.88,1301.88,0.7066,1.3,20.0,dapi,0
no_KD,30min,10x-1,1092,559.5,200.7,84,40.22,52.29,1391.08,406.08,1413.21,0.2873,1.3,20.0,dapi,0
no_KD,30min,10x-1,1093,557.1,263.1,64,81.62,106.1,1260.28,275.28,1113.23,0.2473,1.3,20.0,dapi,0
no_KD,30min,10x-1,1094,558.2,426.5,87,155.19,201.75,1129.6,144.6,1312.2,0.1102,1.3,20.0,dapi,0
no_KD,30min,10x-1,1095,558.5,481.0,81,127.88,166.25,1122.1,137.1,1309.68,0.1047,1.3,20.0,dapi,0
no_KD,30min,10x-1,1096,560.0,660.7,104,4.72,6.13,1829.94,844.94,1122.0,0.7531,1.3,20.0,dapi,0
no_KD,30min,10x-1,1097,558.9,365.8,75,148.63,193.22,1161.92,176.92,1423.93,0.1242,1.3,20.0,dapi,0
no_KD,30min,10x-1,1098,561.8,505.4,80,107.73,140.04,1225.92,240.92,1399.39,0.1722,1.3,20.0,dapi,0
no_KD,30min,10x-1,1099,560.6,515.0,81,101.31,131.7,1130.43,145.43,1386.27,0.1049,1.3,20.0,dapi,0
no_KD,30min,10x-1,1100,560.5,575.5,85,64.83,84.28,1125.74,140.74,1349.67,0.1043,1.3,20.0,dapi,0
no_KD,30min,10x-1,1101,560.5,164.3,85,7.09,9.21,2163.71,1178.71,1379.38,0.8545,1.3,20.0,dapi,0
no_KD,30min,10x-1,1102,561.4,325.3,71,124.16,161.4,1249.69,264.69,1240.52,0.2134,1.3,20.0,dapi,0
no_KD,30min,10x-1,1103,566.3,352.8,129,135.03,175.54,1103.35,118.35,1113.91,0.1062,1.3,20.0,dapi,0
no_KD,30min,10x-1,1104,561.8,442.7,66,142.57,185.34,1165.52,180.52,1092.61,0.1652,1.3,20.0,dapi,0
no_KD,30min,10x-1,1105,560.7,541.8,92,84.48,109.82,1115.29,130.29,1261.7,0.1033,1.3,20.0,dapi,0
no_KD,30min,10x-1,1106,559.5,606.6,73,51.1,66.43,1138.26,153.26,1458.68,0.1051,1.3,20.0,dapi,0
no_KD,30min,10x-1,1107,562.4,211.4,76,44.72,58.14,1156.07,171.07,1487.84,0.115,1.3,20.0,dapi,0
no_KD,30min,10x-1,1108,563.9,223.6,101,49.83,64.78,1158.24,173.24,1347.38,0.1286,1.3,20.0,dapi,0
no_KD,30min,10x-1,1109,562.6,269.5,48,82.42,107.14,1119.58,134.58,1317.1,0.1022,1.3,20.0,dapi,0
no_KD,30min,10x-1,1110,563.8,526.4,98,91.67,119.17,1103.63,118.63,1261.48,0.094,1.3,20.0,dapi,0
no_KD,30min,10x-1,1111,565.0,278.6,90,89.46,116.3,1135.76,150.76,1255.42,0.1201,1.3,20.0,dapi,0
no_KD,30min,10x-1,1112,564.2,293.0,72,101.95,132.54,1132.83,147.83,1374.25,0.1076,1.3,20.0,dapi,0
no_KD,30min,10x-1,1113,564.4,340.7,108,129.67,168.57,1116.59,131.59,1233.71,0.1067,1.3,20.0,dapi,0
no_KD,30min,10x-1,1114,563.8,594.5,70,51.73,67.26,1127.73,142.73,1255.89,0.1136,1.3,20.0,dapi,0
no_KD,30min,10x-1,1115,563.6,645.9,52,19.29,25.07,2064.94,1079.94,1186.27,0.9104,1.3,20.0,dapi,0
no_KD,30min,10x-1,1116,564.0,563.2,60,69.48,90.32,1139.77,154.77,1142.33,0.1355,1.3,20.0,dapi,0
no_KD,30min,10x-1,1117,564.7,636.6,79,27.56,35.82,1807.58,822.58,1204.32,0.683,1.3,20.0,dapi,0
no_KD,30min,10x-1,1118,567.6,246.2,83,61.69,80.2,1189.71,204.71,1393.16,0.1469,1.3,20.0,dapi,0
no_KD,30min,10x-1,1119,566.5,256.4,61,69.76,90.69,1160.59,175.59,1307.92,0.1343,1.3,20.0,dapi,0
no_KD,30min,10x-1,1120,566.2,468.3,63,126.64,164.63,1533.68,548.68,1096.63,0.5003,1.3,20.0,dapi,0
no_KD,30min,10x-1,1121,567.1,169.3,78,8.66,11.25,2201.49,1216.49,1275.58,0.9537,1.3,20.0,dapi,0
no_KD,30min,10x-1,1122,567.0,237.9,64,56.74,73.76,1185.95,200.95,1419.77,0.1415,1.3,20.0,dapi,0
no_KD,30min,10x-1,1123,568.7,307.0,74,109.4,142.22,1212.99,227.99,1211.22,0.1882,1.3,20.0,dapi,0
no_KD,30min,10x-1,1124,568.6,376.8,112,148.66,193.26,1106.5,121.5,1213.89,0.1001,1.3,20.0,dapi,0
no_KD,30min,10x-1,1125,569.2,413.1,155,152.38,198.09,1141.73,156.73,1040.12,0.1507,1.3,20.0,dapi,0
no_KD,30min,10x-1,1126,569.3,432.4,92,142.73,185.55,1150.4,165.4,1166.22,0.1418,1.3,20.0,dapi,0
no_KD,30min,10x-1,1127,570.1,458.5,103,128.21,166.67,1107.0,122.0,1180.83,0.1033,1.3,20.0,dapi,0
no_KD,30min,10x-1,1128,567.8,493.8,90,112.18,145.83,1205.64,220.64,1246.06,0.1771,1.3,20.0,dapi,0
no_KD,30min,10x-1,1129,566.9,606.4,69,44.7,58.11,1210.97,225.97,1251.22,0.1806,1.3,20.0,dapi,0
no_KD,30min,10x-1,1130,567.3,621.9,83,39.4,51.22,1858.96,873.96,1333.49,0.6554,1.3,20.0,dapi,0
no_KD,30min,10x-1,1131,568.4,366.1,74,141.82,184.37,1099.66,114.66,1219.89,0.094,1.3,20.0,dapi,0
no_KD,30min,10x-1,1132,570.4,656.5,112,11.54,15.0,1740.0,755.0,1175.21,0.6424,1.3,20.0,dapi,0
no_KD,30min,10x-1,1133,570.4,319.7,129,113.87,148.03,1117.57,132.57,1128.57,0.1175,1.3,20.0,dapi,0
no_KD,30min,10x-1,1134,570.8,178.7,26,17.75,23.08,1635.46,650.46,1563.35,0.4161,1.3,20.0,dapi,0
no_KD,30min,10x-1,1135,571.5,197.0,85,28.48,37.02,1928.45,943.45,1401.42,0.6732,1.3,20.0,dapi,0
no_KD,30min,10x-1,1136,570.7,228.9,57,47.58,61.86,1168.05,183.05,1220.44,0.15,1.3,20.0,dapi,0
no_KD,30min,10x-1,1137,570.3,575.5,59,56.96,74.05,1170.37,185.37,1157.76,0.1601,1.3,20.0,dapi,0
no_KD,30min,10x-1,1138,570.8,589.7,87,47.38,61.6,1133.28,148.28,1338.66,0.1108,1.3,20.0,dapi,0
no_KD,30min,10x-1,1139,571.2,630.3,61,33.12,43.06,1868.0,883.0,1118.52,0.7894,1.3,20.0,dapi,0
no_KD,30min,10x-1,1140,572.9,560.3,93,65.05,84.56,1131.11,146.11,1356.74,0.1077,1.3,20.0,dapi,0
no_KD,30min,10x-1,1141,573.3,750.0,104,5.01,6.51,1652.6,667.6,1061.3,0.629,1.3,20.0,dapi,0
no_KD,30min,10x-1,1142,572.4,267.1,58,75.59,98.26,1138.14,153.14,1192.95,0.1284,1.3,20.0,dapi,0
no_KD,30min,10x-1,1143,574.9,476.7,112,114.38,148.7,1126.05,141.05,1199.87,0.1176,1.3,20.0,dapi,0
no_KD,30min,10x-1,1144,574.1,735.2,85,2.97,3.86,1660.31,675.31,937.99,0.72,1.3,20.0,dapi,0
no_KD,30min,10x-1,1145,574.6,283.9,64,88.82,115.46,1151.89,166.89,1243.08,0.1343,1.3,20.0,dapi,0
no_KD,30min,10x-1,1146,576.8,397.3,125,152.86,198.71,1124.1,139.1,998.2,0.1393,1.3,20.0,dapi,0
no_KD,30min,10x-1,1147,573.5,445.6,77,130.8,170.04,1145.92,160.92,1081.4,0.1488,1.3,20.0,dapi,0
no_KD,30min,10x-1,1148,574.1,614.9,68,35.61,46.29,1932.51,947.51,1256.09,0.7543,1.3,20.0,dapi,0
no_KD,30min,10x-1,1149,576.0,205.6,85,30.23,39.3,1642.01,657.01,1419.59,0.4628,1.3,20.0,dapi,0
no_KD,30min,10x-1,1150,573.9,295.3,55,99.16,128.91,1154.91,169.91,1227.58,0.1384,1.3,20.0,dapi,0
no_KD,30min,10x-1,1151,575.7,517.1,105,89.42,116.25,1126.47,141.47,1239.62,0.1141,1.3,20.0,dapi,0
no_KD,30min,10x-1,1152,573.6,541.0,51,74.43,96.75,1123.92,138.92,1263.49,0.11,1.3,20.0,dapi,0
no_KD,30min,10x-1,1153,575.0,641.7,80,26.38,34.29,1988.06,1003.06,1237.81,0.8104,1.3,20.0,dapi,0
no_KD,30min,10x-1,1154,575.9,216.9,63,36.02,46.82,1298.19,313.19,1157.05,0.2707,1.3,20.0,dapi,0
no_KD,30min,10x-1,1155,578.0,506.6,88,95.81,124.56,1144.78,159.78,1357.03,0.1177,1.3,20.0,dapi,0
no_KD,30min,10x-1,1156,575.7,530.9,47,79.41,103.23,1136.0,151.0,1242.17,0.1216,1.3,20.0,dapi,0
no_KD,30min,10x-1,1157,576.0,551.3,60,66.99,87.09,1131.17,146.17,1441.58,0.1014,1.3,20.0,dapi,0
no_KD,30min,10x-1,1158,576.3,842.2,91,2.73,3.54,1669.11,684.11,928.65,0.7367,1.3,20.0,dapi,0
no_KD,30min,10x-1,1159,578.3,233.0,96,45.43,59.05,1166.79,181.79,1330.74,0.1366,1.3,20.0,dapi,0
no_KD,30min,10x-1,1160,575.6,257.0,45,65.06,84.58,1298.58,313.58,1372.02,0.2286,1.3,20.0,dapi,0
no_KD,30min,10x-1,1161,577.4,342.0,90,119.62,155.5,1115.6,130.6,1393.82,0.0937,1.3,20.0,dapi,0
no_KD,30min,10x-1,1162,576.5,491.2,66,106.47,138.41,1158.71,173.71,1109.12,0.1566,1.3,20.0,dapi,0
no_KD,30min,10x-1,1163,577.7,776.0,86,5.83,7.58,2068.3,1083.3,1264.73,0.8565,1.3,20.0,dapi,0
no_KD,30min,10x-1,1164,580.7,784.2,85,8.62,11.2,1939.09,954.09,1265.55,0.7539,1.3,20.0,dapi,0
no_KD,30min,10x-1,1165,577.8,793.3,59,4.31,5.61,1917.85,932.85,1070.0,0.8718,1.3,20.0,dapi,0
no_KD,30min,10x-1,1166,579.3,307.3,84,100.17,130.22,1148.63,163.63,1440.48,0.1136,1.3,20.0,dapi,0
no_KD,30min,10x-1,1167,581.3,382.8,145,144.93,188.41,1117.99,132.99,1078.92,0.1233,1.3,20.0,dapi,0
no_KD,30min,10x-1,1168,579.2,762.9,95,5.99,7.79,1886.4,901.4,1174.4,0.7675,1.3,20.0,dapi,0
no_KD,30min,10x-1,1169,578.9,864.1,122,4.03,5.24,1627.34,642.34,1002.59,0.6407,1.3,20.0,dapi,0
no_KD,30min,10x-1,1170,580.8,166.7,120,5.64,7.33,1661.82,676.82,1070.73,0.6321,1.3,20.0,dapi,0
no_KD,30min,10x-1,1171,580.2,326.2,78,108.11,140.54,1225.55,240.55,1313.14,0.1832,1.3,20.0,dapi,0
no_KD,30min,10x-1,1172,581.2,369.8,59,135.27,175.85,1109.22,124.22,1170.44,0.1061,1.3,20.0,dapi,0
no_KD,30min,10x-1,1173,580.6,421.6,102,137.73,179.05,1170.94,185.94,1252.32,0.1485,1.3,20.0,dapi,0
no_KD,30min,10x-1,1174,578.7,586.6,80,42.42,55.14,1406.26,421.26,1414.64,0.2978,1.3,20.0,dapi,0
no_KD,30min,10x-1,1175,579.8,608.2,93,31.74,41.27,1563.41,578.41,1242.46,0.4655,1.3,20.0,dapi,0
no_KD,30min,10x-1,1176,582.0,657.1,105,16.02,20.82,1759.78,774.78,1198.9,0.6462,1.3,20.0,dapi,0
no_KD,30min,10x-1,1177,579.2,818.6,56,2.86,3.72,1818.82,833.82,1031.3,0.8085,1.3,20.0,dapi,0
no_KD,30min,10x-1,1178,580.8,830.0,109,5.71,7.42,1794.63,809.63,1069.17,0.7573,1.3,20.0,dapi,0
no_KD,30min,10x-1,1179,580.2,249.4,50,56.23,73.09,1174.22,189.22,1409.32,0.1343,1.3,20.0,dapi,0
no_KD,30min,10x-1,1180,580.4,435.9,87,131.34,170.75,1414.54,429.54,1347.48,0.3188,1.3,20.0,dapi,0
no_KD,30min,10x-1,1181,579.9,571.9,54,51.82,67.37,1149.93,164.93,1224.17,0.1347,1.3,20.0,dapi,0
no_KD,30min,10x-1,1182,580.6,804.9,56,3.72,4.84,1821.2,836.2,1027.64,0.8137,1.3,20.0,dapi,0
no_KD,30min,10x-1,1183,582.1,184.8,136,12.27,15.96,2057.23,1072.23,1042.27,1.0287,1.3,20.0,dapi,0
no_KD,30min,10x-1,1184,580.5,271.7,52,75.4,98.02,1155.77,170.77,1220.69,0.1399,1.3,20.0,dapi,0
no_KD,30min,10x-1,1185,581.4,363.7,62,130.99,170.28,1167.05,182.05,1222.39,0.1489,1.3,20.0,dapi,0
no_KD,30min,10x-1,1186,582.4,241.4,49,48.65,63.24,1252.49,267.49,1261.18,0.2121,1.3,20.0,dapi,0
no_KD,30min,10x-1,1187,581.1,294.1,65,93.73,121.84,1210.23,225.23,1189.45,0.1894,1.3,20.0,dapi,0
no_KD,30min,10x-1,1188,580.8,540.7,53,69.0,89.7,1168.28,183.28,1263.53,0.1451,1.3,20.0,dapi,0
no_KD,30min,10x-1,1189,582.5,598.7,66,32.5,42.25,1228.52,243.52,1171.27,0.2079,1.3,20.0,dapi,0
no_KD,30min,10x-1,1190,584.5,348.9,93,117.82,153.17,1175.26,190.26,1277.99,0.1489,1.3,20.0,dapi,0
no_KD,30min,10x-1,1191,582.5,642.2,66,20.62,26.8,1809.35,824.35,1161.97,0.7094,1.3,20.0,dapi,0
no_KD,30min,10x-1,1192,584.4,680.4,101,4.84,6.29,1732.43,747.43,1055.94,0.7078,1.3,20.0,dapi,0
no_KD,30min,10x-1,1193,584.0,257.7,76,61.64,80.13,1172.16,187.16,1371.61,0.1365,1.3,20.0,dapi,0
no_KD,30min,10x-1,1194,584.5,448.4,85,121.36,157.76,1453.15,468.15,1220.62,0.3835,1.3,20.0,dapi,0
no_KD,30min,10x-1,1195,586.2,467.9,135,109.4,142.21,1221.96,236.96,1068.8,0.2217,1.3,20.0,dapi,0
no_KD,30min,10x-1,1196,583.5,552.1,45,59.83,77.78,1123.27,138.27,1354.18,0.1021,1.3,20.0,dapi,0
no_KD,30min,10x-1,1197,587.0,651.9,88,16.4,21.31,1899.95,914.95,1303.08,0.7021,1.3,20.0,dapi,0
no_KD,30min,10x-1,1198,585.7,206.2,59,21.51,27.96,2072.37,1087.37,1109.32,0.9802,1.3,20.0,dapi,0
no_KD,30min,10x-1,1199,588.7,215.5,84,24.93,32.4,1873.81,888.81,1314.88,0.676,1.3,20.0,dapi,0
no_KD,30min,10x-1,1200,587.5,409.0,74,138.18,179.63,1128.27,143.27,1143.34,0.1253,1.3,20.0,dapi,0
no_KD,30min,10x-1,1201,585.8,484.2,73,101.38,131.79,1144.55,159.55,1316.15,0.1212,1.3,20.0,dapi,0
no_KD,30min,10x-1,1202,586.4,530.2,102,73.07,95.0,1148.84,163.84,1265.2,0.1295,1.3,20.0,dapi,0
no_KD,30min,10x-1,1203,585.9,565.5,67,50.8,66.05,1149.97,164.97,1239.61,0.1331,1.3,20.0,dapi,0
no_KD,30min,10x-1,1204,588.2,672.3,106,11.02,14.32,1805.7,820.7,1171.16,0.7008,1.3,20.0,dapi,0
no_KD,30min,10x-1,1205,585.9,319.0,55,99.35,129.16,1190.0,205.0,1194.87,0.1716,1.3,20.0,dapi,0
no_KD,30min,10x-1,1206,587.1,500.5,80,93.46,121.5,1165.9,180.9,1370.75,0.132,1.3,20.0,dapi,0
no_KD,30min,10x-1,1207,587.2,626.8,64,19.05,24.77,1906.42,921.42,1122.83,0.8206,1.3,20.0,dapi,0
no_KD,30min,10x-1,1208,588.6,635.7,78,14.23,18.5,1715.08,730.08,1070.53,0.682,1.3,20.0,dapi,0
no_KD,30min,10x-1,1209,589.1,737.0,82,12.2,15.86,1867.73,882.73,1057.41,0.8348,1.3,20.0,dapi,0
no_KD,30min,10x-1,1210,587.5,743.4,52,16.24,21.11,2002.02,1017.02,1207.48,0.8423,1.3,20.0,dapi,0
no_KD,30min,10x-1,1211,587.1,396.2,60,144.93,188.41,1111.42,126.42,1100.47,0.1149,1.3,20.0,dapi,0
no_KD,30min,10x-1,1212,589.4,427.5,91,128.0,166.4,1153.51,168.51,1297.47,0.1299,1.3,20.0,dapi,0
no_KD,30min,10x-1,1213,589.4,514.2,76,83.33,108.33,1221.72,236.72,1411.87,0.1677,1.3,20.0,dapi,0
no_KD,30min,10x-1,1214,588.3,750.6,75,18.23,23.7,1904.57,919.57,1345.97,0.6832,1.3,20.0,dapi,0
no_KD,30min,10x-1,1215,587.5,767.9,39,13.62,17.7,2107.82,1122.82,1287.67,0.872,1.3,20.0,dapi,0
no_KD,30min,10x-1,1216,591.2,812.2,98,13.63,17.72,2050.13,1065.13,1388.53,0.7671,1.3,20.0,dapi,0
no_KD,30min,10x-1,1217,587.1,840.4,55,13.48,17.52,1818.31,833.31,1026.07,0.8121,1.3,20.0,dapi,0
no_KD,30min,10x-1,1218,587.5,863.7,79,9.85,12.81,1834.43,849.43,1022.76,0.8305,1.3,20.0,dapi,0
no_KD,30min,10x-1,1219,588.0,225.9,48,33.41,43.43,1541.15,556.15,1237.04,0.4496,1.3,20.0,dapi,0
no_KD,30min,10x-1,1220,590.3,719.3,92,4.72,6.13,1833.46,848.46,1168.18,0.7263,1.3,20.0,dapi,0
no_KD,30min,10x-1,1221,590.7,788.7,67,17.72,23.04,1940.09,955.09,1179.07,0.81,1.3,20.0,dapi,0
no_KD,30min,10x-1,1222,589.1,851.0,67,12.69,16.49,1718.97,733.97,966.36,0.7595,1.3,20.0,dapi,0
no_KD,30min,10x-1,1223,590.3,288.2,62,83.38,108.39,1596.31,611.31,1190.06,0.5137,1.3,20.0,dapi,0
no_KD,30min,10x-1,1224,591.6,280.8,60,79.43,103.25,1186.77,201.77,1297.9,0.1555,1.3,20.0,dapi,0
no_KD,30min,10x-1,1225,591.3,302.3,87,87.17,113.32,1156.77,171.77,1373.17,0.1251,1.3,20.0,dapi,0
no_KD,30min,10x-1,1226,591.5,331.6,86,102.42,133.14,1161.55,176.55,1356.16,0.1302,1.3,20.0,dapi,0
no_KD,30min,10x-1,1227,591.3,358.0,57,119.69,155.6,1147.61,162.61,1226.02,0.1326,1.3,20.0,dapi,0
no_KD,30min,10x-1,1228,592.2,617.2,108,17.6,22.88,1912.18,927.18,1119.9,0.8279,1.3,20.0,dapi,0
no_KD,30min,10x-1,1229,592.5,776.3,76,19.54,25.41,1979.0,994.0,1351.29,0.7356,1.3,20.0,dapi,0
no_KD,30min,10x-1,1230,594.3,794.5,85,18.82,24.47,1974.48,989.48,1286.32,0.7692,1.3,20.0,dapi,0
no_KD,30min,10x-1,1231,593.1,268.5,68,66.9,86.96,1159.65,174.65,1435.37,0.1217,1.3,20.0,dapi,0
no_KD,30min,10x-1,1232,590.1,818.4,17,13.48,17.52,1805.65,820.65,1107.18,0.7412,1.3,20.0,dapi,0
no_KD,30min,10x-1,1233,591.1,881.1,58,1.73,2.25,1651.78,666.78,912.78,0.7305,1.3,20.0,dapi,0
no_KD,30min,10x-1,1234,595.4,187.5,125,5.99,7.79,1826.13,841.13,1079.08,0.7795,1.3,20.0,dapi,0
no_KD,30min,10x-1,1235,592.3,246.2,60,47.27,61.44,1168.7,183.7,1299.05,0.1414,1.3,20.0,dapi,0
no_KD,30min,10x-1,1236,592.5,260.4,46,59.86,77.81,1197.04,212.04,1409.67,0.1504,1.3,20.0,dapi,0
no_KD,30min,10x-1,1237,592.3,490.7,62,92.84,120.69,1194.98,209.98,1215.21,0.1728,1.3,20.0,dapi,0
no_KD,30min,10x-1,1238,592.4,550.5,78,54.79,71.23,1136.06,151.06,1459.4,0.1035,1.3,20.0,dapi,0
no_KD,30min,10x-1,1239,594.0,706.2,83,5.01,6.51,1807.46,822.46,1107.22,0.7428,1.3,20.0,dapi,0
no_KD,30min,10x-1,1240,594.0,800.8,61,17.17,22.32,1888.1,903.1,1100.15,0.8209,1.3,20.0,dapi,0
no_KD,30min,10x-1,1241,593.0,832.0,65,17.86,23.21,1782.74,797.74,1192.49,0.669,1.3,20.0,dapi,0
no_KD,30min,10x-1,1242,594.0,198.4,48,10.56,13.72,1993.06,1008.06,1268.46,0.7947,1.3,20.0,dapi,0
no_KD,30min,10x-1,1243,593.4,313.7,65,90.79,118.03,1273.72,288.72,1140.45,0.2532,1.3,20.0,dapi,0
no_KD,30min,10x-1,1244,593.9,447.0,69,113.62,147.71,1197.36,212.36,1148.88,0.1848,1.3,20.0,dapi,0
no_KD,30min,10x-1,1245,597.7,729.6,130,15.49,20.13,2056.27,1071.27,1355.98,0.79,1.3,20.0,dapi,0
no_KD,30min,10x-1,1246,595.5,275.2,57,72.85,94.7,1158.72,173.72,1331.84,0.1304,1.3,20.0,dapi,0
no_KD,30min,10x-1,1247,596.3,344.9,93,107.0,139.09,1147.82,162.82,1359.48,0.1198,1.3,20.0,dapi,0
no_KD,30min,10x-1,1248,595.2,373.6,78,128.87,167.52,1156.19,171.19,1296.37,0.1321,1.3,20.0,dapi,0
no_KD,30min,10x-1,1249,594.9,538.2,50,61.1,79.43,1141.46,156.46,1197.12,0.1307,1.3,20.0,dapi,0
no_KD,30min,10x-1,1250,595.2,687.7,66,7.87,10.24,1769.09,784.09,1052.95,0.7447,1.3,20.0,dapi,0
no_KD,30min,10x-1,1251,597.5,695.4,92,7.81,10.15,1807.28,822.28,1167.01,0.7046,1.3,20.0,dapi,0
no_KD,30min,10x-1,1252,595.5,754.1,81,24.78,32.21,1915.99,930.99,1375.95,0.6766,1.3,20.0,dapi,0
no_KD,30min,10x-1,1253,596.3,220.3,49,23.56,30.63,1884.96,899.96,1257.86,0.7155,1.3,20.0,dapi,0
no_KD,30min,10x-1,1254,595.5,229.1,63,31.23,40.6,1439.9,454.9,1212.94,0.375,1.3,20.0,dapi,0
no_KD,30min,10x-1,1255,598.0,457.2,89,104.72,136.14,1141.67,156.67,1156.28,0.1355,1.3,20.0,dapi,0
no_KD,30min,10x-1,1256,597.7,518.6,85,73.82,95.96,1117.07,132.07,1444.06,0.0915,1.3,20.0,dapi,0
no_KD,30min,10x-1,1257,594.4,571.7,46,40.98,53.27,1407.17,422.17,1279.76,0.3299,1.3,20.0,dapi,0
no_KD,30min,10x-1,1258,598.0,651.0,103,5.5,7.14,1808.61,823.61,1150.08,0.7161,1.3,20.0,dapi,0
no_KD,30min,10x-1,1259,597.3,843.0,87,21.98,28.57,1285.78,300.78,1182.75,0.2543,1.3,20.0,dapi,0
no_KD,30min,10x-1,1260,596.0,859.5,54,17.92,23.29,2033.44,1048.44,1240.17,0.8454,1.3,20.0,dapi,0
no_KD,30min,10x-1,1261,599.2,392.6,104,136.82,177.86,1133.01,148.01,1274.81,0.1161,1.3,20.0,dapi,0
no_KD,30min,10x-1,1262,597.2,608.3,58,15.92,20.7,1901.16,916.16,1225.5,0.7476,1.3,20.0,dapi,0
no_KD,30min,10x-1,1263,597.3,634.8,78,6.75,8.78,1627.4,642.4,978.67,0.6564,1.3,20.0,dapi,0
no_KD,30min,10x-1,1264,598.0,202.9,59,10.11,13.14,2011.75,1026.75,1211.47,0.8475,1.3,20.0,dapi,0
no_KD,30min,10x-1,1265,599.3,421.8,105,121.47,157.91,1161.17,176.17,1193.73,0.1476,1.3,20.0,dapi,0
no_KD,30min,10x-1,1266,597.9,472.9,83,96.44,125.37,1164.83,179.83,1407.14,0.1278,1.3,20.0,dapi,0
no_KD,30min,10x-1,1267,598.3,507.5,59,81.08,105.4,1123.25,138.25,1369.56,0.1009,1.3,20.0,dapi,0
no_KD,30min,10x-1,1268,597.6,562.1,58,42.62,55.41,1303.55,318.55,1376.22,0.2315,1.3,20.0,dapi,0
no_KD,30min,10x-1,1269,598.2,783.5,52,25.62,33.3,1794.94,809.94,1101.15,0.7355,1.3,20.0,dapi,0
no_KD,30min,10x-1,1270,599.7,818.4,72,23.25,30.23,1781.49,796.49,1143.42,0.6966,1.3,20.0,dapi,0
no_KD,30min,10x-1,1271,598.3,248.3,53,46.46,60.4,1195.6,210.6,1359.74,0.1549,1.3,20.0,dapi,0
no_KD,30min,10x-1,1272,599.2,545.6,77,52.51,68.27,1174.44,189.44,1431.95,0.1323,1.3,20.0,dapi,0
no_KD,30min,10x-1,1273,599.8,321.5,90,88.66,115.26,1183.33,198.33,1287.07,0.1541,1.3,20.0,dapi,0
no_KD,30min,10x-1,1274,601.0,602.7,85,15.23,19.79,1767.73,782.73,1235.68,0.6334,1.3,20.0,dapi,0
no_KD,30min,10x-1,1275,600.8,806.3,65,23.63,30.72,1491.62,506.62,1153.98,0.439,1.3,20.0,dapi,0
no_KD,30min,10x-1,1276,601.5,364.8,56,117.55,152.82,1150.29,165.29,1124.18,0.147,1.3,20.0,dapi,0
no_KD,30min,10x-1,1277,601.6,435.7,89,112.74,146.57,1132.89,147.89,1393.28,0.1061,1.3,20.0,dapi,0
no_KD,30min,10x-1,1278,603.0,743.7,86,27.25,35.43,1952.29,967.29,1306.72,0.7402,1.3,20.0,dapi,0
no_KD,30min,10x-1,1279,602.5,767.5,88,28.62,37.2,2001.52,1016.52,1354.47,0.7505,1.3,20.0,dapi,0
no_KD,30min,10x-1,1280,601.7,236.7,55,34.78,45.21,1199.07,214.07,1175.13,0.1822,1.3,20.0,dapi,0
no_KD,30min,10x-1,1281,601.5,258.8,63,55.78,72.52,1175.24,190.24,1457.35,0.1305,1.3,20.0,dapi,0
no_KD,30min,10x-1,1282,601.6,306.4,62,79.03,102.74,1203.11,218.11,1229.98,0.1773,1.3,20.0,dapi,0
no_KD,30min,10x-1,1283,604.8,402.2,113,126.67,164.67,1140.3,155.3,1194.75,0.13,1.3,20.0,dapi,0
no_KD,30min,10x-1,1284,603.7,523.8,82,66.22,86.09,1135.84,150.84,1343.7,0.1123,1.3,20.0,dapi,0
no_KD,30min,10x-1,1285,603.8,532.7,90,59.13,76.87,1148.0,163.0,1375.13,0.1185,1.3,20.0,dapi,0
no_KD,30min,10x-1,1286,601.5,576.6,68,31.63,41.11,1305.53,320.53,1492.28,0.2148,1.3,20.0,dapi,0
no_KD,30min,10x-1,1287,602.0,628.3,85,5.5,7.14,1691.6,706.6,1017.16,0.6947,1.3,20.0,dapi,0
no_KD,30min,10x-1,1288,603.7,717.9,110,17.19,22.34,1710.07,725.07,1136.59,0.6379,1.3,20.0,dapi,0
no_KD,30min,10x-1,1289,601.9,760.0,42,29.17,37.92,1936.29,951.29,1272.76,0.7474,1.3,20.0,dapi,0
no_KD,30min,10x-1,1290,605.4,208.9,88,9.37,12.19,2091.35,1106.35,1360.2,0.8134,1.3,20.0,dapi,0
no_KD,30min,10x-1,1291,603.2,280.9,76,69.02,89.72,1163.07,178.07,1258.05,0.1415,1.3,20.0,dapi,0
no_KD,30min,10x-1,1292,603.6,492.4,122,81.74,106.27,1203.83,218.83,1188.86,0.1841,1.3,20.0,dapi,0
no_KD,30min,10x-1,1293,602.8,554.0,46,44.01,57.22,1318.65,333.65,1320.09,0.2528,1.3,20.0,dapi,0
no_KD,30min,10x-1,1294,604.2,672.0,60,11.24,14.62,1769.65,784.65,1083.93,0.7239,1.3,20.0,dapi,0
no_KD,30min,10x-1,1295,604.6,679.8,85,17.72,23.04,2041.87,1056.87,1300.34,0.8128,1.3,20.0,dapi,0
no_KD,30min,10x-1,1296,602.9,702.9,49,13.63,17.72,1946.61,961.61,1212.9,0.7928,1.3,20.0,dapi,0
no_KD,30min,10x-1,1297,602.8,827.2,58,27.62,35.9,1510.07,525.07,1079.86,0.4862,1.3,20.0,dapi,0
no_KD,30min,10x-1,1298,604.1,227.6,44,25.76,33.49,1812.5,827.5,1345.14,0.6152,1.3,20.0,dapi,0
no_KD,30min,10x-1,1299,605.3,448.0,73,103.9,135.07,1191.4,206.4,1363.79,0.1513,1.3,20.0,dapi,0
no_KD,30min,10x-1,1300,603.7,589.3,80,22.89,29.76,2012.58,1027.58,1342.41,0.7655,1.3,20.0,dapi,0
no_KD,30min,10x-1,1301,604.5,850.7,58,28.66,37.26,1179.19,194.19,1118.14,0.1737,1.3,20.0,dapi,0
no_KD,30min,10x-1,1302,603.9,879.1,41,4.54,5.9,1677.12,692.12,1101.98,0.6281,1.3,20.0,dapi,0
no_KD,30min,10x-1,1303,604.5,202.8,41,5.13,6.67,1892.93,907.93,1297.12,0.7,1.3,20.0,dapi,0
no_KD,30min,10x-1,1304,605.6,297.2,50,71.43,92.86,1177.24,192.24,1201.36,0.16,1.3,20.0,dapi,0
no_KD,30min,10x-1,1305,604.5,473.7,73,90.68,117.89,1293.27,308.27,1566.03,0.1969,1.3,20.0,dapi,0
no_KD,30min,10x-1,1306,604.8,620.9,62,4.03,5.24,1722.98,737.98,1046.71,0.7051,1.3,20.0,dapi,0
no_KD,30min,10x-1,1307,606.3,869.1,95,14.7,19.11,2111.75,1126.75,1131.25,0.996,1.3,20.0,dapi,0
no_KD,30min,10x-1,1308,605.5,342.5,61,97.76,127.09,1413.66,428.66,1251.48,0.3425,1.3,20.0,dapi,0
no_KD,30min,10x-1,1309,606.0,354.5,42,107.4,139.62,1135.02,150.02,1202.79,0.1247,1.3,20.0,dapi,0
no_KD,30min,10x-1,1310,605.2,376.5,55,124.22,161.48,1158.96,173.96,1290.16,0.1348,1.3,20.0,dapi,0
no_KD,30min,10x-1,1311,605.9,774.3,47,32.99,42.89,1233.34,248.34,1156.89,0.2147,1.3,20.0,dapi,0
no_KD,30min,10x-1,1312,605.6,859.7,39,23.45,30.48,1707.51,722.51,1174.87,0.615,1.3,20.0,dapi,0
no_KD,30min,10x-1,1313,608.8,220.6,92,17.31,22.5,1909.78,924.78,1550.98,0.5963,1.3,20.0,dapi,0
no_KD,30min,10x-1,1314,606.8,288.1,50,67.16,87.3,1222.82,237.82,1333.42,0.1784,1.3,20.0,dapi,0
no_KD,30min,10x-1,1315,607.6,410.3,62,119.69,155.6,1133.73,148.73,1372.08,0.1084,1.3,20.0,dapi,0
no_KD,30min,10x-1,1316,607.0,737.0,55,26.67,34.68,2001.82,1016.82,1175.82,0.8648,1.3,20.0,dapi,0
no_KD,30min,10x-1,1317,608.9,752.8,64,37.5,48.75,1478.62,493.62,1168.61,0.4224,1.3,20.0,dapi,0
no_KD,30min,10x-1,1318,607.0,833.9,74,32.0,41.6,1128.73,143.73,1332.26,0.1079,1.3,20.0,dapi,0
no_KD,30min,10x-1,1319,607.8,246.6,71,42.34,55.04,1199.82,214.82,1338.65,0.1605,1.3,20.0,dapi,0
no_KD,30min,10x-1,1320,609.3,562.2,82,34.13,44.37,1249.24,264.24,1376.34,0.192,1.3,20.0,dapi,0
no_KD,30min,10x-1,1321,607.0,789.7,48,32.42,42.14,1164.25,179.25,1166.19,0.1537,1.3,20.0,dapi,0
no_KD,30min,10x-1,1322,608.8,263.8,56,57.07,74.18,1177.73,192.73,1202.34,0.1603,1.3,20.0,dapi,0
no_KD,30min,10x-1,1323,608.9,420.5,77,113.61,147.69,1215.91,230.91,1366.14,0.169,1.3,20.0,dapi,0
no_KD,30min,10x-1,1324,609.9,505.5,94,70.23,91.3,1143.11,158.11,1318.11,0.1199,1.3,20.0,dapi,0
no_KD,30min,10x-1,1325,609.2,609.2,71,5.23,6.8,1728.51,743.51,985.45,0.7545,1.3,20.0,dapi,0
no_KD,30min,10x-1,1326,610.1,306.6,73,72.6,94.38,1226.33,241.33,1403.86,0.1719,1.3,20.0,dapi,0
no_KD,30min,10x-1,1327,609.8,322.3,77,81.29,105.68,1189.96,204.96,1231.83,0.1664,1.3,20.0,dapi,0
no_KD,30min,10x-1,1328,609.1,548.7,67,43.65,56.74,1224.75,239.75,1431.99,0.1674,1.3,20.0,dapi,0
no_KD,30min,10x-1,1329,609.2,581.5,59,23.62,30.7,1862.46,877.46,1224.97,0.7163,1.3,20.0,dapi,0
no_KD,30min,10x-1,1330,612.9,383.9,111,124.62,162.0,1210.72,225.72,1188.56,0.1899,1.3,20.0,dapi,0
no_KD,30min,10x-1,1331,611.7,459.1,86,91.99,119.59,1167.85,182.85,1345.16,0.1359,1.3,20.0,dapi,0
no_KD,30min,10x-1,1332,611.9,810.0,62,34.62,45.0,1161.0,176.0,1265.16,0.1391,1.3,20.0,dapi,0
no_KD,30min,10x-1,1333,610.9,819.0,57,34.26,44.54,1177.82,192.82,1067.32,0.1807,1.3,20.0,dapi,0
no_KD,30min,10x-1,1334,611.5,275.8,66,60.12,78.16,1174.68,189.68,1318.76,0.1438,1.3,20.0,dapi,0
no_KD,30min,10x-1,1335,611.4,570.7,50,26.82,34.86,1858.3,873.3,1291.26,0.6763,1.3,20.0,dapi,0
no_KD,30min,10x-1,1336,613.1,728.3,109,29.0,37.7,1560.65,575.65,1159.46,0.4965,1.3,20.0,dapi,0
no_KD,30min,10x-1,1337,613.2,881.5,86,5.5,7.14,1935.62,950.62,1181.81,0.8044,1.3,20.0,dapi,0
no_KD,30min,10x-1,1338,613.1,334.9,59,87.86,114.22,1171.53,186.53,1458.88,0.1279,1.3,20.0,dapi,0
no_KD,30min,10x-1,1339,614.9,433.9,81,101.82,132.36,1143.73,158.73,1253.47,0.1266,1.3,20.0,dapi,0
no_KD,30min,10x-1,1340,612.9,703.1,57,23.63,30.72,1864.74,879.74,1183.93,0.7431,1.3,20.0,dapi,0
no_KD,30min,10x-1,1341,613.1,779.3,43,40.62,52.81,1157.91,172.91,1255.86,0.1377,1.3,20.0,dapi,0
no_KD,30min,10x-1,1342,614.5,802.4,80,36.86,47.91,1142.26,157.26,1299.38,0.121,1.3,20.0,dapi,0
no_KD,30min,10x-1,1343,613.9,535.9,70,50.65,65.84,1156.59,171.59,1339.0,0.1281,1.3,20.0,dapi,0
no_KD,30min,10x-1,1344,615.4,692.5,111,26.05,33.87,1657.43,672.43,1162.87,0.5783,1.3,20.0,dapi,0
no_KD,30min,10x-1,1345,615.3,758.3,81,42.32,55.02,1175.99,190.99,1276.04,0.1497,1.3,20.0,dapi,0
no_KD,30min,10x-1,1346,613.9,787.0,41,39.98,51.97,1202.37,217.37,1306.63,0.1664,1.3,20.0,dapi,0
no_KD,30min,10x-1,1347,616.1,226.7,77,21.11,27.45,2084.64,1099.64,1404.51,0.7829,1.3,20.0,dapi,0
no_KD,30min,10x-1,1348,614.7,237.1,62,31.14,40.49,1476.65,491.65,1236.74,0.3975,1.3,20.0,dapi,0
no_KD,30min,10x-1,1349,615.0,250.5,70,44.03,57.24,1220.73,235.73,1217.01,0.1937,1.3,20.0,dapi,0
no_KD,30min,10x-1,1350,614.9,293.8,56,62.0,80.61,1182.02,197.02,1276.12,0.1544,1.3,20.0,dapi,0
no_KD,30min,10x-1,1351,615.8,601.9,73,6.02,7.82,1968.05,983.05,1204.18,0.8164,1.3,20.0,dapi,0
no_KD,30min,10x-1,1352,616.2,767.3,89,42.62,55.4,1189.93,204.93,1246.61,0.1644,1.3,20.0,dapi,0
no_KD,30min,10x-1,1353,614.7,854.9,52,30.85,40.11,1151.96,166.96,1082.83,0.1542,1.3,20.0,dapi,0
no_KD,30min,10x-1,1354,617.3,314.5,71,70.83,92.08,1175.9,190.9,1244.28,0.1534,1.3,20.0,dapi,0
no_KD,30min,10x-1,1355,617.5,442.8,91,95.4,124.02,1150.93,165.93,1345.81,0.1233,1.3,20.0,dapi,0
no_KD,30min,10x-1,1356,615.2,523.1,68,60.26,78.34,1131.88,146.88,1297.21,0.1132,1.3,20.0,dapi,0
no_KD,30min,10x-1,1357,616.2,592.8,60,10.86,14.12,1979.53,994.53,1091.82,0.9109,1.3,20.0,dapi,0
no_KD,30min,10x-1,1358,617.4,264.4,96,49.62,64.5,1165.58,180.58,1346.22,0.1341,1.3,20.0,dapi,0
no_KD,30min,10x-1,1359,618.0,282.0,77,54.83,71.28,1181.04,196.04,1382.91,0.1418,1.3,20.0,dapi,0
no_KD,30min,10x-1,1360,618.7,375.1,69,113.82,147.96,1233.97,248.97,1136.83,0.219,1.3,20.0,dapi,0
no_KD,30min,10x-1,1361,617.9,415.9,80,108.04,140.45,1168.21,183.21,1390.45,0.1318,1.3,20.0,dapi,0
no_KD,30min,10x-1,1362,617.1,826.1,41,41.5,53.95,1268.07,283.07,1208.44,0.2342,1.3,20.0,dapi,0
no_KD,30min,10x-1,1363,617.3,866.5,50,21.74,28.26,1482.46,497.46,1032.12,0.482,1.3,20.0,dapi,0
no_KD,30min,10x-1,1364,619.5,463.7,91,82.56,107.33,1143.82,158.82,1294.18,0.1227,1.3,20.0,dapi,0
no_KD,30min,10x-1,1365,618.0,511.3,66,60.94,79.22,1105.09,120.09,1320.55,0.0909,1.3,20.0,dapi,0
no_KD,30min,10x-1,1366,618.8,545.6,52,39.62,51.5,1176.96,191.96,1349.52,0.1422,1.3,20.0,dapi,0
no_KD,30min,10x-1,1367,619.5,556.4,72,31.31,40.7,1468.96,483.96,1222.1,0.396,1.3,20.0,dapi,0
no_KD,30min,10x-1,1368,618.4,793.3,42,42.34,55.04,1179.45,194.45,1251.43,0.1554,1.3,20.0,dapi,0
no_KD,30min,10x-1,1369,620.2,566.9,68,22.83,29.67,1756.62,771.62,1241.37,0.6216,1.3,20.0,dapi,0
no_KD,30min,10x-1,1370,621.0,326.2,82,75.83,98.59,1165.87,180.87,1423.39,0.1271,1.3,20.0,dapi,0
no_KD,30min,10x-1,1371,622.6,427.8,72,97.49,126.73,1178.79,193.79,1077.82,0.1798,1.3,20.0,dapi,0
no_KD,30min,10x-1,1372,623.5,671.1,105,5.21,6.77,1813.51,828.51,1155.6,0.717,1.3,20.0,dapi,0
no_KD,30min,10x-1,1373,624.2,683.9,159,16.57,21.54,1946.33,961.33,1373.92,0.6997,1.3,20.0,dapi,0
no_KD,30min,10x-1,1374,622.0,741.5,80,42.31,55.01,1163.65,178.65,1225.72,0.1458,1.3,20.0,dapi,0
no_KD,30min,10x-1,1375,623.2,811.4,74,45.62,59.3,1201.46,216.46,1354.69,0.1598,1.3,20.0,dapi,0
no_KD,30min,10x-1,1376,621.0,849.4,43,38.74,50.37,1145.88,160.88,1081.86,0.1487,1.3,20.0,dapi,0
no_KD,30min,10x-1,1377,622.5,233.8,51,27.62,35.9,2014.14,1029.14,1203.59,0.8551,1.3,20.0,dapi,0
no_KD,30min,10x-1,1378,622.6,307.1,86,61.82,80.36,1180.47,195.47,1410.0,0.1386,1.3,20.0,dapi,0
no_KD,30min,10x-1,1379,622.2,392.2,91,119.76,155.69,1131.48,146.48,1348.76,0.1086,1.3,20.0,dapi,0
no_KD,30min,10x-1,1380,622.9,474.1,95,74.49,96.83,1193.49,208.49,1300.37,0.1603,1.3,20.0,dapi,0
no_KD,30min,10x-1,1381,622.4,539.4,60,43.78,56.92,1244.1,259.1,1257.88,0.206,1.3,20.0,dapi,0
no_KD,30min,10x-1,1382,624.7,583.2,92,8.47,11.01,2163.04,1178.04,1266.57,0.9301,1.3,20.0,dapi,0
no_KD,30min,10x-1,1383,621.6,704.5,54,32.71,42.52,1240.04,255.04,1093.67,0.2332,1.3,20.0,dapi,0
no_KD,30min,10x-1,1384,622.0,731.0,61,38.47,50.01,1221.31,236.31,1108.07,0.2133,1.3,20.0,dapi,0
no_KD,30min,10x-1,1385,622.2,886.9,76,5.21,6.77,1800.8,815.8,1153.68,0.7071,1.3,20.0,dapi,0
no_KD,30min,10x-1,1386,622.4,219.6,55,13.62,17.7,2202.0,1217.0,1311.24,0.9281,1.3,20.0,dapi,0
no_KD,30min,10x-1,1387,623.3,339.2,71,84.25,109.53,1150.06,165.06,1471.52,0.1122,1.3,20.0,dapi,0
no_KD,30min,10x-1,1388,624.1,349.5,68,90.72,117.93,1188.01,203.01,1509.78,0.1345,1.3,20.0,dapi,0
no_KD,30min,10x-1,1389,624.8,528.7,108,48.69,63.3,1477.42,492.42,1207.51,0.4078,1.3,20.0,dapi,0
no_KD,30min,10x-1,1390,622.4,873.9,53,16.38,21.29,1692.55,707.55,1027.96,0.6883,1.3,20.0,dapi,0
no_KD,30min,10x-1,1391,623.4,286.5,43,51.85,67.4,1194.74,209.74,1350.05,0.1554,1.3,20.0,dapi,0
no_KD,30min,10x-1,1392,624.8,410.9,67,105.22,136.78,1296.21,311.21,1388.66,0.2241,1.3,20.0,dapi,0
no_KD,30min,10x-1,1393,622.9,488.2,51,67.35,87.55,1091.22,106.22,1867.84,0.0569,1.3,20.0,dapi,0
no_KD,30min,10x-1,1394,624.7,516.6,70,52.29,67.98,1141.77,156.77,1560.6,0.1005,1.3,20.0,dapi,0
no_KD,30min,10x-1,1395,625.1,575.7,75,12.9,16.77,1966.99,981.99,1158.16,0.8479,1.3,20.0,dapi,0
no_KD,30min,10x-1,1396,624.9,719.4,96,37.77,49.1,1135.48,150.48,1236.94,0.1217,1.3,20.0,dapi,0
no_KD,30min,10x-1,1397,623.9,249.8,51,38.74,50.37,1404.69,419.69,1168.29,0.3592,1.3,20.0,dapi,0
no_KD,30min,10x-1,1398,624.8,269.5,61,44.56,57.92,1223.93,238.93,1241.02,0.1925,1.3,20.0,dapi,0
no_KD,30min,10x-1,1399,625.2,452.8,73,84.38,109.69,1202.37,217.37,1287.88,0.1688,1.3,20.0,dapi,0
no_KD,30min,10x-1,1400,624.9,592.0,70,4.74,6.16,1958.3,973.3,1102.77,0.8826,1.3,20.0,dapi,0
no_KD,30min,10x-1,1401,625.0,750.4,70,48.76,63.38,1132.47,147.47,1278.49,0.1153,1.3,20.0,dapi,0
no_KD,30min,10x-1,1402,627.2,209.5,58,3.05,3.97,2286.98,1301.98,1161.5,1.1209,1.3,20.0,dapi,0
no_KD,30min,10x-1,1403,625.6,294.6,57,52.71,68.52,1209.21,224.21,1300.93,0.1723,1.3,20.0,dapi,0
no_KD,30min,10x-1,1404,626.0,503.4,62,57.18,74.33,1107.74,122.74,1196.94,0.1025,1.3,20.0,dapi,0
no_KD,30min,10x-1,1405,626.0,800.5,76,49.0,63.7,1142.97,157.97,1437.45,0.1099,1.3,20.0,dapi,0
no_KD,30min,10x-1,1406,626.8,697.4,58,28.35,36.86,1402.62,417.62,1070.81,0.39,1.3,20.0,dapi,0
no_KD,30min,10x-1,1407,626.9,761.7,51,53.8,69.94,1179.33,194.33,1361.02,0.1428,1.3,20.0,dapi,0
no_KD,30min,10x-1,1408,626.6,773.4,48,53.8,69.94,1121.29,136.29,1147.21,0.1188,1.3,20.0,dapi,0
no_KD,30min,10x-1,1409,626.3,787.2,44,51.56,67.02,1123.75,138.75,1248.98,0.1111,1.3,20.0,dapi,0
no_KD,30min,10x-1,1410,626.3,820.3,49,49.25,64.02,1156.39,171.39,1158.14,0.148,1.3,20.0,dapi,0
no_KD,30min,10x-1,1411,629.2,257.0,81,35.88,46.64,1291.75,306.75,1339.36,0.229,1.3,20.0,dapi,0
no_KD,30min,10x-1,1412,628.4,438.2,72,88.37,114.88,1261.14,276.14,1334.5,0.2069,1.3,20.0,dapi,0
no_KD,30min,10x-1,1413,627.3,554.7,52,27.63,35.92,1678.23,693.23,1328.52,0.5218,1.3,20.0,dapi,0
no_KD,30min,10x-1,1414,628.1,877.5,77,15.92,20.7,1849.32,864.32,1230.56,0.7024,1.3,20.0,dapi,0
no_KD,30min,10x-1,1415,629.2,224.4,66,16.9,21.96,2189.32,1204.32,1344.17,0.896,1.3,20.0,dapi,0
no_KD,30min,10x-1,1416,628.8,329.6,56,73.48,95.52,1202.25,217.25,1339.73,0.1622,1.3,20.0,dapi,0
no_KD,30min,10x-1,1417,628.5,403.4,54,107.94,140.33,1224.46,239.46,1195.09,0.2004,1.3,20.0,dapi,0
no_KD,30min,10x-1,1418,628.0,419.8,47,97.51,126.76,1195.98,210.98,1287.68,0.1638,1.3,20.0,dapi,0
no_KD,30min,10x-1,1419,629.6,842.8,50,47.94,62.32,1099.54,114.54,1195.08,0.0958,1.3,20.0,dapi,0
no_KD,30min,10x-1,1420,627.2,860.1,28,31.13,40.47,1102.93,117.93,1430.68,0.0824,1.3,20.0,dapi,0
no_KD,30min,10x-1,1421,631.5,278.5,89,40.59,52.77,1295.07,310.07,1346.13,0.2303,1.3,20.0,dapi,0
no_KD,30min,10x-1,1422,630.0,373.8,53,106.65,138.65,1175.77,190.77,1237.34,0.1542,1.3,20.0,dapi,0
no_KD,30min,10x-1,1423,631.6,793.5,81,56.0,72.8,1126.94,141.94,1474.83,0.0962,1.3,20.0,dapi,0
no_KD,30min,10x-1,1424,629.4,826.8,55,53.5,69.55,1145.16,160.16,1167.02,0.1372,1.3,20.0,dapi,0
no_KD,30min,10x-1,1425,631.8,384.9,97,114.98,149.47,1183.34,198.34,1307.7,0.1517,1.3,20.0,dapi,0
no_KD,30min,10x-1,1426,630.2,513.2,54,49.09,63.82,1202.94,217.94,1337.94,0.1629,1.3,20.0,dapi,0
no_KD,30min,10x-1,1427,630.3,564.1,45,18.67,24.28,1984.78,999.78,1229.04,0.8135,1.3,20.0,dapi,0
no_KD,30min,10x-1,1428,632.0,852.0,60,40.52,52.67,1085.67,100.67,1207.57,0.0834,1.3,20.0,dapi,0
no_KD,30min,10x-1,1429,632.1,320.4,53,63.92,83.1,1194.42,209.42,1187.45,0.1764,1.3,20.0,dapi,0
no_KD,30min,10x-1,1430,632.6,396.8,64,108.36,140.87,1159.2,174.2,1186.06,0.1469,1.3,20.0,dapi,0
no_KD,30min,10x-1,1431,632.8,480.3,97,62.85,81.7,1203.26,218.26,1302.33,0.1676,1.3,20.0,dapi,0
no_KD,30min,10x-1,1432,632.5,734.8,66,50.14,65.18,1123.83,138.83,1338.89,0.1037,1.3,20.0,dapi,0
no_KD,30min,10x-1,1433,631.9,887.4,70,10.23,13.3,1883.01,898.01,1126.99,0.7968,1.3,20.0,dapi,0
no_KD,30min,10x-1,1434,634.2,231.9,70,22.15,28.8,1940.3,955.3,1323.2,0.722,1.3,20.0,dapi,0
no_KD,30min,10x-1,1435,632.1,268.8,43,38.22,49.68,1253.72,268.72,1467.88,0.1831,1.3,20.0,dapi,0
no_KD,30min,10x-1,1436,632.4,301.2,60,51.02,66.32,1199.13,214.13,1530.15,0.1399,1.3,20.0,dapi,0
no_KD,30min,10x-1,1437,634.1,717.8,59,46.43,60.36,1117.02,132.02,1277.98,0.1033,1.3,20.0,dapi,0
no_KD,30min,10x-1,1438,633.5,835.7,73,55.92,72.7,1112.38,127.38,1274.86,0.0999,1.3,20.0,dapi,0
no_KD,30min,10x-1,1439,636.7,243.0,119,24.64,32.03,2024.79,1039.79,1170.89,0.888,1.3,20.0,dapi,0
no_KD,30min,10x-1,1440,635.6,309.9,77,53.91,70.09,1231.94,246.94,1454.64,0.1698,1.3,20.0,dapi,0
no_KD,30min,10x-1,1441,633.9,445.2,84,79.96,103.94,1171.33,186.33,1374.86,0.1355,1.3,20.0,dapi,0
no_KD,30min,10x-1,1442,634.1,496.9,52,53.56,69.62,1135.33,150.33,1144.81,0.1313,1.3,20.0,dapi,0
no_KD,30min,10x-1,1443,636.2,551.7,102,25.85,33.6,2018.09,1033.09,1358.67,0.7604,1.3,20.0,dapi,0
no_KD,30min,10x-1,1444,633.8,781.5,40,60.58,78.75,1141.2,156.2,1238.83,0.1261,1.3,20.0,dapi,0
no_KD,30min,10x-1,1445,634.2,346.4,69,81.8,106.34,1312.51,327.51,1134.97,0.2886,1.3,20.0,dapi,0
no_KD,30min,10x-1,1446,635.7,413.6,76,94.73,123.15,1230.8,245.8,1254.26,0.196,1.3,20.0,dapi,0
no_KD,30min,10x-1,1447,635.6,543.1,69,33.86,44.02,1567.06,582.06,1183.32,0.4919,1.3,20.0,dapi,0
no_KD,30min,10x-1,1448,634.2,745.0,48,54.47,70.81,1140.79,155.79,1188.81,0.131,1.3,20.0,dapi,0
no_KD,30min,10x-1,1449,634.7,759.4,70,62.0,80.61,1133.67,148.67,1430.47,0.1039,1.3,20.0,dapi,0
no_KD,30min,10x-1,1450,634.5,816.7,68,57.86,75.22,1122.75,137.75,1507.71,0.0914,1.3,20.0,dapi,0
no_KD,30min,10x-1,1451,635.8,900.3,98,5.21,6.77,1708.91,723.91,1079.12,0.6708,1.3,20.0,dapi,0
no_KD,30min,10x-1,1452,636.1,429.9,78,85.32,110.91,1167.19,182.19,1046.6,0.1741,1.3,20.0,dapi,0
no_KD,30min,10x-1,1453,636.9,465.3,98,68.02,88.43,1227.34,242.34,1336.41,0.1813,1.3,20.0,dapi,0
no_KD,30min,10x-1,1454,636.7,726.8,74,51.38,66.79,1133.22,148.22,1140.38,0.13,1.3,20.0,dapi,0
no_KD,30min,10x-1,1455,637.1,252.9,56,26.99,35.09,1856.21,871.21,1252.11,0.6958,1.3,20.0,dapi,0
no_KD,30min,10x-1,1456,636.7,289.8,44,40.7,52.9,1208.36,223.36,1272.0,0.1756,1.3,20.0,dapi,0
no_KD,30min,10x-1,1457,638.0,335.2,95,70.93,92.21,1189.25,204.25,1377.73,0.1483,1.3,20.0,dapi,0
no_KD,30min,10x-1,1458,636.7,527.6,73,37.77,49.1,1393.96,408.96,1173.08,0.3486,1.3,20.0,dapi,0
no_KD,30min,10x-1,1459,635.5,577.3,27,5.71,7.42,1498.0,513.0,1490.04,0.3443,1.3,20.0,dapi,0
no_KD,30min,10x-1,1460,636.3,804.8,46,58.64,76.24,1150.15,165.15,1346.65,0.1226,1.3,20.0,dapi,0
no_KD,30min,10x-1,1461,637.5,872.5,74,24.58,31.95,1575.04,590.04,1271.04,0.4642,1.3,20.0,dapi,0
no_KD,30min,10x-1,1462,639.8,213.4,71,4.64,6.03,1883.9,898.9,1242.94,0.7232,1.3,20.0,dapi,0
no_KD,30min,10x-1,1463,639.4,358.1,95,88.35,114.85,1194.51,209.51,1361.06,0.1539,1.3,20.0,dapi,0
no_KD,30min,10x-1,1464,639.8,449.6,90,72.46,94.2,1256.81,271.81,1496.79,0.1816,1.3,20.0,dapi,0
no_KD,30min,10x-1,1465,637.6,510.8,54,42.8,55.63,1156.57,171.57,1211.91,0.1416,1.3,20.0,dapi,0
no_KD,30min,10x-1,1466,639.5,677.3,107,7.96,10.35,1825.78,840.78,1178.54,0.7134,1.3,20.0,dapi,0
no_KD,30min,10x-1,1467,639.1,691.7,96,22.83,29.67,1278.1,293.1,1234.4,0.2374,1.3,20.0,dapi,0
no_KD,30min,10x-1,1468,640.4,707.3,169,37.85,49.21,1130.69,145.69,939.84,0.155,1.3,20.0,dapi,0
no_KD,30min,10x-1,1469,637.9,773.9,52,64.84,84.29,1120.98,135.98,1127.1,0.1206,1.3,20.0,dapi,0
no_KD,30min,10x-1,1470,637.7,485.8,35,55.34,71.94,1164.06,179.06,1064.2,0.1683,1.3,20.0,dapi,0
no_KD,30min,10x-1,1471,640.8,564.5,81,12.85,16.7,1935.51,950.51,1066.99,0.8908,1.3,20.0,dapi,0
no_KD,30min,10x-1,1472,638.0,828.3,44,62.49,81.24,1265.18,280.18,1151.84,0.2432,1.3,20.0,dapi,0
no_KD,30min,10x-1,1473,637.2,846.3,26,48.12,62.56,1093.92,108.92,1104.73,0.0986,1.3,20.0,dapi,0
no_KD,30min,10x-1,1474,640.5,371.1,72,98.36,127.86,1148.78,163.78,1459.18,0.1122,1.3,20.0,dapi,0
no_KD,30min,10x-1,1475,640.5,796.4,75,63.39,82.4,1129.2,144.2,1303.99,0.1106,1.3,20.0,dapi,0
no_KD,30min,10x-1,1476,641.8,222.3,63,9.37,12.19,2144.37,1159.37,1444.25,0.8027,1.3,20.0,dapi,0
no_KD,30min,10x-1,1477,641.7,504.9,74,42.62,55.41,1173.07,188.07,1329.66,0.1414,1.3,20.0,dapi,0
no_KD,30min,10x-1,1478,640.4,571.0,33,7.09,9.21,1491.42,506.42,1450.03,0.3493,1.3,20.0,dapi,0
no_KD,30min,10x-1,1479,638.7,861.2,27,36.04,46.86,1079.19,94.19,1441.67,0.0653,1.3,20.0,dapi,0
no_KD,30min,10x-1,1480,643.0,274.9,94,28.89,37.55,2106.87,1121.87,1291.09,0.8689,1.3,20.0,dapi,0
no_KD,30min,10x-1,1481,641.3,296.6,45,41.47,53.91,1225.09,240.09,1257.27,0.191,1.3,20.0,dapi,0
no_KD,30min,10x-1,1482,642.7,324.6,77,60.28,78.36,1161.3,176.3,1436.55,0.1227,1.3,20.0,dapi,0
no_KD,30min,10x-1,1483,641.5,394.8,56,104.14,135.38,1146.52,161.52,1210.71,0.1334,1.3,20.0,dapi,0
no_KD,30min,10x-1,1484,641.3,810.7,50,63.62,82.7,1148.12,163.12,1236.24,0.1319,1.3,20.0,dapi,0
no_KD,30min,10x-1,1485,643.1,383.4,84,106.68,138.69,1158.82,173.82,1305.21,0.1332,1.3,20.0,dapi,0
no_KD,30min,10x-1,1486,644.5,539.2,93,27.34,35.54,1931.58,946.58,1274.02,0.743,1.3,20.0,dapi,0
no_KD,30min,10x-1,1487,643.0,748.7,71,64.32,83.62,1141.92,156.92,1482.8,0.1058,1.3,20.0,dapi,0
no_KD,30min,10x-1,1488,642.6,761.9,76,69.76,90.69,1136.51,151.51,1365.18,0.111,1.3,20.0,dapi,0
no_KD,30min,10x-1,1489,642.6,853.9,47,44.1,57.33,1072.64,87.64,1036.47,0.0846,1.3,20.0,dapi,0
no_KD,30min,10x-1,1490,644.6,263.9,48,24.73,32.15,1850.85,865.85,1025.42,0.8444,1.3,20.0,dapi,0
no_KD,30min,10x-1,1491,643.0,311.8,53,50.68,65.89,1528.58,543.58,1334.21,0.4074,1.3,20.0,dapi,0
no_KD,30min,10x-1,1492,643.5,472.3,54,58.22,75.68,1162.04,177.04,1373.07,0.1289,1.3,20.0,dapi,0
no_KD,30min,10x-1,1493,645.6,520.7,92,31.23,40.6,1927.41,942.41,1275.92,0.7386,1.3,20.0,dapi,0
no_KD,30min,10x-1,1494,643.4,821.5,51,66.36,86.27,1139.0,154.0,1120.29,0.1375,1.3,20.0,dapi,0
no_KD,30min,10x-1,1495,644.3,880.2,55,23.51,30.57,1825.65,840.65,1438.95,0.5842,1.3,20.0,dapi,0
no_KD,30min,10x-1,1496,647.2,226.3,104,9.68,12.58,1844.37,859.37,1227.78,0.6999,1.3,20.0,dapi,0
no_KD,30min,10x-1,1497,645.2,252.0,73,19.16,24.9,2055.14,1070.14,1153.75,0.9275,1.3,20.0,dapi,0
no_KD,30min,10x-1,1498,645.2,415.4,89,87.27,113.44,1145.63,160.63,1328.36,0.1209,1.3,20.0,dapi,0
no_KD,30min,10x-1,1499,645.2,482.6,54,51.23,66.59,1154.5,169.5,1187.59,0.1427,1.3,20.0,dapi,0
no_KD,30min,10x-1,1500,645.5,779.2,68,72.94,94.82,1114.59,129.59,1228.93,0.1054,1.3,20.0,dapi,0
no_KD,30min,10x-1,1501,644.8,788.0,53,69.76,90.69,1116.81,131.81,1178.6,0.1118,1.3,20.0,dapi,0
no_KD,30min,10x-1,1502,644.2,834.8,55,61.09,79.42,1116.76,131.76,1078.07,0.1222,1.3,20.0,dapi,0
no_KD,30min,10x-1,1503,644.4,896.2,47,11.3,14.69,2183.7,1198.7,1159.38,1.0339,1.3,20.0,dapi,0
no_KD,30min,10x-1,1504,645.6,456.6,52,64.23,83.5,1191.15,206.15,1227.71,0.1679,1.3,20.0,dapi,0
no_KD,30min,10x-1,1505,647.9,673.4,79,6.2,8.06,1909.75,924.75,1409.73,0.656,1.3,20.0,dapi,0
no_KD,30min,10x-1,1506,647.2,742.7,77,65.89,85.65,1103.13,118.13,1247.55,0.0947,1.3,20.0,dapi,0
no_KD,30min,10x-1,1507,647.1,285.1,74,29.56,38.43,1519.95,534.95,1106.24,0.4836,1.3,20.0,dapi,0
no_KD,30min,10x-1,1508,647.8,498.5,81,40.56,52.73,1245.59,260.59,1356.28,0.1921,1.3,20.0,dapi,0
no_KD,30min,10x-1,1509,647.5,562.0,70,12.9,16.77,1977.96,992.96,1117.71,0.8884,1.3,20.0,dapi,0
no_KD,30min,10x-1,1510,647.8,803.6,94,70.67,91.87,1128.35,143.35,1422.94,0.1007,1.3,20.0,dapi,0
no_KD,30min,10x-1,1511,647.2,845.4,77,53.93,70.11,1071.48,86.48,1324.17,0.0653,1.3,20.0,dapi,0
no_KD,30min,10x-1,1512,650.1,548.5,94,19.14,24.88,1858.68,873.68,1206.68,0.724,1.3,20.0,dapi,0
no_KD,30min,10x-1,1513,648.5,348.6,64,75.35,97.96,1167.5,182.5,1173.66,0.1555,1.3,20.0,dapi,0
no_KD,30min,10x-1,1514,650.7,691.8,99,25.41,33.03,1615.67,630.67,1212.75,0.52,1.3,20.0,dapi,0
no_KD,30min,10x-1,1515,649.6,733.4,87,65.03,84.53,1168.48,183.48,1320.37,0.139,1.3,20.0,dapi,0
no_KD,30min,10x-1,1516,649.4,862.1,65,40.42,52.54,1109.98,124.98,1008.98,0.1239,1.3,20.0,dapi,0
no_KD,30min,10x-1,1517,648.9,308.0,69,43.82,56.96,1194.57,209.57,1461.88,0.1434,1.3,20.0,dapi,0
no_KD,30min,10x-1,1518,650.8,335.1,66,62.62,81.41,1146.59,161.59,1609.61,0.1004,1.3,20.0,dapi,0
no_KD,30min,10x-1,1519,651.1,363.7,75,87.47,113.72,1152.35,167.35,1412.36,0.1185,1.3,20.0,dapi,0
no_KD,30min,10x-1,1520,650.2,373.3,80,95.98,124.77,1154.9,169.9,1329.69,0.1278,1.3,20.0,dapi,0
no_KD,30min,10x-1,1521,650.4,488.6,65,43.69,56.8,1197.11,212.11,1458.58,0.1454,1.3,20.0,dapi,0
no_KD,30min,10x-1,1522,651.8,703.3,100,36.4,47.32,1136.92,151.92,1185.2,0.1282,1.3,20.0,dapi,0
no_KD,30min,10x-1,1523,650.7,724.3,53,56.42,73.35,1145.87,160.87,1102.55,0.1459,1.3,20.0,dapi,0
no_KD,30min,10x-1,1524,649.3,872.1,55,32.72,42.54,1453.47,468.47,1295.62,0.3616,1.3,20.0,dapi,0
no_KD,30min,10x-1,1525,651.1,394.6,62,97.42,126.65,1148.37,163.37,1088.02,0.1502,1.3,20.0,dapi,0
no_KD,30min,10x-1,1526,651.8,429.6,86,72.23,93.9,1147.83,162.83,1418.9,0.1148,1.3,20.0,dapi,0
no_KD,30min,10x-1,1527,652.1,716.1,67,48.9,63.57,1127.06,142.06,1179.93,0.1204,1.3,20.0,dapi,0
no_KD,30min,10x-1,1528,651.1,830.2,71,68.84,89.49,1095.32,110.32,1231.97,0.0896,1.3,20.0,dapi,0
no_KD,30min,10x-1,1529,650.8,887.6,66,21.02,27.32,2266.36,1281.36,1437.88,0.8911,1.3,20.0,dapi,0
no_KD,30min,10x-1,1530,651.5,905.2,85,5.5,7.14,1760.45,775.45,1186.28,0.6537,1.3,20.0,dapi,0
no_KD,30min,10x-1,1531,651.8,236.8,49,8.8,11.44,2008.65,1023.65,1128.45,0.9071,1.3,20.0,dapi,0
no_KD,30min,10x-1,1532,651.8,254.9,56,14.15,18.39,2021.29,1036.29,1144.71,0.9053,1.3,20.0,dapi,0
no_KD,30min,10x-1,1533,653.1,473.3,70,50.41,65.53,1130.69,145.69,1116.44,0.1305,1.3,20.0,dapi,0
no_KD,30min,10x-1,1534,653.8,511.8,84,28.82,37.47,2216.82,1231.82,1217.44,1.0118,1.3,20.0,dapi,0
no_KD,30min,10x-1,1535,653.7,532.2,93,20.31,26.4,2648.09,1663.09,1620.63,1.0262,1.3,20.0,dapi,0
no_KD,30min,10x-1,1536,651.3,769.3,49,77.62,100.91,1120.96,135.96,1390.88,0.0978,1.3,20.0,dapi,0
no_KD,30min,10x-1,1537,653.1,792.6,69,76.69,99.69,1130.3,145.3,1260.58,0.1153,1.3,20.0,dapi,0
no_KD,30min,10x-1,1538,653.5,295.0,65,31.31,40.7,1568.45,583.45,1499.63,0.3891,1.3,20.0,dapi,0
no_KD,30min,10x-1,1539,653.2,385.3,69,96.78,125.81,1167.26,182.26,1343.25,0.1357,1.3,20.0,dapi,0
no_KD,30min,10x-1,1540,654.7,438.6,92,64.5,83.85,1161.84,176.84,1319.53,0.134,1.3,20.0,dapi,0
no_KD,30min,10x-1,1541,654.1,450.0,92,59.75,77.67,1142.29,157.29,1345.84,0.1169,1.3,20.0,dapi,0
no_KD,30min,10x-1,1542,653.7,323.8,60,52.09,67.72,1168.27,183.27,1547.92,0.1184,1.3,20.0,dapi,0
no_KD,30min,10x-1,1543,654.1,416.3,82,80.08,104.1,1177.88,192.88,1294.01,0.1491,1.3,20.0,dapi,0
no_KD,30min,10x-1,1544,654.6,462.8,73,53.41,69.44,1148.45,163.45,1471.93,0.111,1.3,20.0,dapi,0
no_KD,30min,10x-1,1545,656.0,682.3,101,17.31,22.5,1528.46,543.46,1173.19,0.4632,1.3,20.0,dapi,0
no_KD,30min,10x-1,1546,654.4,751.3,74,75.24,97.81,1118.51,133.51,1414.19,0.0944,1.3,20.0,dapi,0
no_KD,30min,10x-1,1547,652.8,850.7,34,51.73,67.26,1064.38,79.38,1162.06,0.0683,1.3,20.0,dapi,0
no_KD,30min,10x-1,1548,654.1,896.3,42,14.98,19.47,2134.0,1149.0,1183.05,0.9712,1.3,20.0,dapi,0
no_KD,30min,10x-1,1549,656.4,571.5,82,1.88,2.44,1507.55,522.55,894.72,0.584,1.3,20.0,dapi,0
no_KD,30min,10x-1,1550,656.5,762.8,59,82.14,106.79,1119.86,134.86,1117.41,0.1207,1.3,20.0,dapi,0
no_KD,30min,10x-1,1551,655.1,806.1,73,77.62,100.91,1130.04,145.04,1337.66,0.1084,1.3,20.0,dapi,0
no_KD,30min,10x-1,1552,657.9,225.3,91,4.54,5.9,1751.59,766.59,1095.16,0.7,1.3,20.0,dapi,0
no_KD,30min,10x-1,1553,657.0,242.5,86,4.84,6.29,1814.99,829.99,1044.57,0.7946,1.3,20.0,dapi,0
no_KD,30min,10x-1,1554,656.1,270.3,63,14.98,19.47,2058.32,1073.32,1137.79,0.9433,1.3,20.0,dapi,0
no_KD,30min,10x-1,1555,655.7,279.8,61,19.29,25.07,1988.56,1003.56,1195.9,0.8392,1.3,20.0,dapi,0
no_KD,30min,10x-1,1556,655.2,308.7,72,40.48,52.63,1295.78,310.78,1625.54,0.1912,1.3,20.0,dapi,0
no_KD,30min,10x-1,1557,656.6,671.0,47,7.94,10.32,2180.0,1195.0,1219.79,0.9797,1.3,20.0,dapi,0
no_KD,30min,10x-1,1558,656.1,347.5,63,70.97,92.26,1165.14,180.14,1455.6,0.1238,1.3,20.0,dapi,0
no_KD,30min,10x-1,1559,658.3,775.2,103,84.86,110.32,1118.45,133.45,1226.64,0.1088,1.3,20.0,dapi,0
no_KD,30min,10x-1,1560,658.5,402.4,81,86.92,112.99,1222.86,237.86,1419.09,0.1676,1.3,20.0,dapi,0
no_KD,30min,10x-1,1561,657.5,484.3,63,39.83,51.78,1128.44,143.44,1576.24,0.091,1.3,20.0,dapi,0
no_KD,30min,10x-1,1562,657.6,525.0,57,18.63,24.22,2268.72,1283.72,1309.0,0.9807,1.3,20.0,dapi,0
no_KD,30min,10x-1,1563,658.9,843.9,87,60.89,79.16,1077.14,92.14,1324.02,0.0696,1.3,20.0,dapi,0
no_KD,30min,10x-1,1564,658.2,872.3,55,38.47,50.01,1325.89,340.89,1031.53,0.3305,1.3,20.0,dapi,0
no_KD,30min,10x-1,1565,657.7,888.8,58,22.89,29.76,1985.95,1000.95,1225.09,0.817,1.3,20.0,dapi,0
no_KD,30min,10x-1,1566,658.7,497.9,61,31.23,40.6,1475.62,490.62,1073.85,0.4569,1.3,20.0,dapi,0
no_KD,30min,10x-1,1567,659.5,860.4,82,48.32,62.81,1091.43,106.43,1184.21,0.0899,1.3,20.0,dapi,0
no_KD,30min,10x-1,1568,659.2,251.6,61,6.57,8.54,2007.89,1022.89,1067.44,0.9583,1.3,20.0,dapi,0
no_KD,30min,10x-1,1569,660.0,421.7,50,71.59,93.07,1205.8,220.8,1317.36,0.1676,1.3,20.0,dapi,0
no_KD,30min,10x-1,1570,659.6,733.8,56,68.36,88.87,1116.79,131.79,1111.27,0.1186,1.3,20.0,dapi,0
no_KD,30min,10x-1,1571,660.6,818.1,87,83.86,109.02,1543.91,558.91,1311.99,0.426,1.3,20.0,dapi,0
no_KD,30min,10x-1,1572,661.8,360.8,86,80.08,104.1,1165.58,180.58,1339.72,0.1348,1.3,20.0,dapi,0
no_KD,30min,10x-1,1573,662.1,547.7,76,7.42,9.64,2022.53,1037.53,1132.36,0.9163,1.3,20.0,dapi,0
no_KD,30min,10x-1,1574,662.4,557.2,100,5.64,7.33,1712.78,727.78,1079.01,0.6745,1.3,20.0,dapi,0
no_KD,30min,10x-1,1575,660.2,801.9,41,82.74,107.57,1134.93,149.93,1206.32,0.1243,1.3,20.0,dapi,0
no_KD,30min,10x-1,1576,661.7,290.5,87,22.42,29.14,1865.66,880.66,1274.8,0.6908,1.3,20.0,dapi,0
no_KD,30min,10x-1,1577,662.3,313.6,95,39.29,51.07,1523.36,538.36,1318.38,0.4083,1.3,20.0,dapi,0
no_KD,30min,10x-1,1578,662.3,326.4,63,48.97,63.66,1203.05,218.05,1428.81,0.1526,1.3,20.0,dapi,0
no_KD,30min,10x-1,1579,662.0,384.6,67,87.79,114.13,1402.0,417.0,1594.49,0.2615,1.3,20.0,dapi,0
no_KD,30min,10x-1,1580,661.9,827.0,63,76.9,99.97,1112.22,127.22,1119.62,0.1136,1.3,20.0,dapi,0
no_KD,30min,10x-1,1581,662.2,881.3,55,31.79,41.32,1423.6,438.6,1013.45,0.4328,1.3,20.0,dapi,0
no_KD,30min,10x-1,1582,662.0,909.0,75,7.29,9.47,1980.65,995.65,1314.52,0.7574,1.3,20.0,dapi,0
no_KD,30min,10x-1,1583,663.3,337.3,66,57.97,75.36,1243.05,258.05,1509.88,0.1709,1.3,20.0,dapi,0
no_KD,30min,10x-1,1584,663.9,408.9,73,78.34,101.84,1782.0,797.0,1477.25,0.5395,1.3,20.0,dapi,0
no_KD,30min,10x-1,1585,661.7,450.8,47,52.22,67.88,1211.04,226.04,1334.6,0.1694,1.3,20.0,dapi,0
no_KD,30min,10x-1,1586,664.0,480.3,89,37.54,48.8,1152.82,167.82,1363.8,0.1231,1.3,20.0,dapi,0
no_KD,30min,10x-1,1587,664.5,660.3,106,5.23,6.8,1925.59,940.59,1131.79,0.8311,1.3,20.0,dapi,0
no_KD,30min,10x-1,1588,664.2,691.4,84,28.9,37.57,1158.64,173.64,1283.81,0.1353,1.3,20.0,dapi,0
no_KD,30min,10x-1,1589,663.7,701.3,64,37.93,49.3,1124.58,139.58,1247.66,0.1119,1.3,20.0,dapi,0
no_KD,30min,10x-1,1590,662.8,786.4,54,87.78,114.11,1144.13,159.13,1098.96,0.1448,1.3,20.0,dapi,0
no_KD,30min,10x-1,1591,664.1,898.6,80,16.52,21.48,1721.35,736.35,1149.99,0.6403,1.3,20.0,dapi,0
no_KD,30min,10x-1,1592,664.2,271.0,63,7.87,10.24,2045.6,1060.6,1193.19,0.8889,1.3,20.0,dapi,0
no_KD,30min,10x-1,1593,663.5,374.5,50,86.66,112.66,1175.14,190.14,1274.44,0.1492,1.3,20.0,dapi,0
no_KD,30min,10x-1,1594,664.9,521.3,99,14.62,19.0,2025.59,1040.59,1359.63,0.7653,1.3,20.0,dapi,0
no_KD,30min,10x-1,1595,664.6,767.2,70,91.62,119.1,1158.81,173.81,1226.97,0.1417,1.3,20.0,dapi,0
no_KD,30min,10x-1,1596,665.2,425.8,68,65.23,84.79,1217.54,232.54,1365.76,0.1703,1.3,20.0,dapi,0
no_KD,30min,10x-1,1597,666.9,540.8,79,5.64,7.33,1871.04,886.04,1139.2,0.7778,1.3,20.0,dapi,0
no_KD,30min,10x-1,1598,667.2,672.3,79,15.03,19.54,2120.8,1135.8,1380.82,0.8226,1.3,20.0,dapi,0
no_KD,30min,10x-1,1599,666.0,711.1,62,47.94,62.32,1121.97,136.97,1194.52,0.1147,1.3,20.0,dapi,0
no_KD,30min,10x-1,1600,665.0,753.6,85,86.57,112.54,1163.21,178.21,1351.95,0.1318,1.3,20.0,dapi,0
no_KD,30min,10x-1,1601,666.5,919.2,91,5.64,7.33,1689.79,704.79,1113.41,0.633,1.3,20.0,dapi,0
no_KD,30min,10x-1,1602,666.5,256.6,67,3.85,5.01,1698.34,713.34,1007.76,0.7078,1.3,20.0,dapi,0
no_KD,30min,10x-1,1603,666.3,349.0,78,67.47,87.71,1170.71,185.71,1311.51,0.1416,1.3,20.0,dapi,0
no_KD,30min,10x-1,1604,666.1,459.9,73,44.62,58.01,1124.47,139.47,1452.88,0.096,1.3,20.0,dapi,0
no_KD,30min,10x-1,1605,666.1,532.4,62,8.66,11.25,2182.4,1197.4,1205.82,0.993,1.3,20.0,dapi,0
no_KD,30min,10x-1,1606,666.8,744.6,59,80.66,104.86,1108.05,123.05,1143.02,0.1077,1.3,20.0,dapi,0
no_KD,30min,10x-1,1607,669.1,497.7,116,23.03,29.94,1549.77,564.77,1125.89,0.5016,1.3,20.0,dapi,0
no_KD,30min,10x-1,1608,668.8,726.4,80,63.05,81.97,1165.04,180.04,1378.03,0.1306,1.3,20.0,dapi,0
no_KD,30min,10x-1,1609,666.6,809.7,49,89.62,116.5,1151.76,166.76,1164.29,0.1432,1.3,20.0,dapi,0
no_KD,30min,10x-1,1610,669.2,719.2,64,56.48,73.43,1308.97,323.97,1374.41,0.2357,1.3,20.0,dapi,0
no_KD,30min,10x-1,1611,667.4,799.4,69,89.92,116.9,1185.0,200.0,1362.17,0.1468,1.3,20.0,dapi,0
no_KD,30min,10x-1,1612,668.3,280.0,76,10.11,13.14,2081.11,1096.11,1468.76,0.7463,1.3,20.0,dapi,0
no_KD,30min,10x-1,1613,669.2,445.1,64,49.62,64.5,1220.11,235.11,1110.02,0.2118,1.3,20.0,dapi,0
no_KD,30min,10x-1,1614,669.4,510.1,83,16.38,21.29,1890.83,905.83,1123.01,0.8066,1.3,20.0,dapi,0
no_KD,30min,10x-1,1615,669.4,777.0,66,95.7,124.41,1108.08,123.08,1357.35,0.0907,1.3,20.0,dapi,0
no_KD,30min,10x-1,1616,669.5,833.4,88,76.22,99.09,1073.24,88.24,1199.98,0.0735,1.3,20.0,dapi,0
no_KD,30min,10x-1,1617,668.6,845.3,56,66.18,86.04,1072.05,87.05,1150.71,0.0757,1.3,20.0,dapi,0
no_KD,30min,10x-1,1618,669.5,295.6,69,21.38,27.8,2063.96,1078.96,1476.13,0.7309,1.3,20.0,dapi,0
no_KD,30min,10x-1,1619,670.2,387.1,66,79.95,103.94,1248.92,263.92,1473.7,0.1791,1.3,20.0,dapi,0
no_KD,30min,10x-1,1620,670.6,735.7,57,73.16,95.11,1159.51,174.51,1119.53,0.1559,1.3,20.0,dapi,0
no_KD,30min,10x-1,1621,670.4,867.8,59,46.86,60.91,1176.46,191.46,1011.22,0.1893,1.3,20.0,dapi,0
no_KD,30min,10x-1,1622,671.6,467.5,68,36.16,47.01,1119.78,134.78,1180.63,0.1142,1.3,20.0,dapi,0
no_KD,30min,10x-1,1623,671.8,478.4,82,31.14,40.49,1281.67,296.67,1207.21,0.2457,1.3,20.0,dapi,0
no_KD,30min,10x-1,1624,669.7,789.9,53,93.95,122.13,1185.72,200.72,1161.77,0.1728,1.3,20.0,dapi,0
no_KD,30min,10x-1,1625,670.9,883.8,64,32.99,42.89,1197.66,212.66,1497.25,0.142,1.3,20.0,dapi,0
no_KD,30min,10x-1,1626,673.5,398.3,86,77.58,100.85,1160.17,175.17,1318.86,0.1328,1.3,20.0,dapi,0
no_KD,30min,10x-1,1627,672.6,850.1,70,64.67,84.07,1079.7,94.7,1289.74,0.0734,1.3,20.0,dapi,0
no_KD,30min,10x-1,1628,673.2,858.8,90,56.31,73.2,1087.16,102.16,1192.82,0.0856,1.3,20.0,dapi,0
no_KD,30min,10x-1,1629,671.6,874.1,42,42.31,55.01,1149.02,164.02,1161.05,0.1413,1.3,20.0,dapi,0
no_KD,30min,10x-1,1630,673.7,304.7,78,24.84,32.29,1953.38,968.38,1441.95,0.6716,1.3,20.0,dapi,0
no_KD,30min,10x-1,1631,672.2,316.4,44,35.22,45.79,1502.95,517.95,1259.18,0.4113,1.3,20.0,dapi,0
no_KD,30min,10x-1,1632,670.9,334.3,34,51.73,67.26,1684.09,699.09,1435.76,0.4869,1.3,20.0,dapi,0
no_KD,30min,10x-1,1633,674.8,680.3,80,26.34,34.24,1532.39,547.39,1381.74,0.3962,1.3,20.0,dapi,0
no_KD,30min,10x-1,1634,673.2,813.1,74,94.55,122.91,1119.99,134.99,1131.09,0.1193,1.3,20.0,dapi,0
no_KD,30min,10x-1,1635,675.1,345.2,80,60.51,78.66,1162.58,177.58,1441.38,0.1232,1.3,20.0,dapi,0
no_KD,30min,10x-1,1636,674.7,370.5,75,74.82,97.26,1165.64,180.64,1525.45,0.1184,1.3,20.0,dapi,0
no_KD,30min,10x-1,1637,676.1,378.8,72,73.62,95.7,1184.4,199.4,1454.93,0.1371,1.3,20.0,dapi,0
no_KD,30min,10x-1,1638,674.3,758.3,75,95.06,123.57,1097.71,112.71,1416.39,0.0796,1.3,20.0,dapi,0
no_KD,30min,10x-1,1639,673.7,901.3,41,21.41,27.84,1402.15,417.15,1198.56,0.348,1.3,20.0,dapi,0
no_KD,30min,10x-1,1640,675.7,357.5,66,68.92,89.6,1189.79,204.79,1457.95,0.1405,1.3,20.0,dapi,0
no_KD,30min,10x-1,1641,678.3,435.2,121,49.67,64.57,1138.42,153.42,1483.25,0.1034,1.3,20.0,dapi,0
no_KD,30min,10x-1,1642,674.7,746.0,60,83.91,109.09,1124.55,139.55,1246.1,0.112,1.3,20.0,dapi,0
no_KD,30min,10x-1,1643,676.0,281.1,93,6.02,7.82,1727.88,742.88,1162.89,0.6388,1.3,20.0,dapi,0
no_KD,30min,10x-1,1644,676.8,326.0,82,42.0,54.6,1160.35,175.35,1394.23,0.1258,1.3,20.0,dapi,0
no_KD,30min,10x-1,1645,676.6,413.1,64,67.28,87.46,1178.62,193.62,1387.84,0.1395,1.3,20.0,dapi,0
no_KD,30min,10x-1,1646,676.0,425.9,70,57.62,74.9,1143.44,158.44,1572.23,0.1008,1.3,20.0,dapi,0
no_KD,30min,10x-1,1647,675.8,701.8,60,44.3,57.59,1133.3,148.3,1203.85,0.1232,1.3,20.0,dapi,0
no_KD,30min,10x-1,1648,676.7,769.5,66,103.63,134.72,1109.29,124.29,1157.45,0.1074,1.3,20.0,dapi,0
no_KD,30min,10x-1,1649,676.2,820.4,63,90.3,117.39,1160.97,175.97,1040.71,0.1691,1.3,20.0,dapi,0
no_KD,30min,10x-1,1650,676.5,918.4,78,12.2,15.86,1965.29,980.29,1256.97,0.7799,1.3,20.0,dapi,0
no_KD,30min,10x-1,1651,677.5,452.6,90,37.62,48.91,1124.27,139.27,1322.62,0.1053,1.3,20.0,dapi,0
no_KD,30min,10x-1,1652,677.3,521.7,82,4.74,6.16,1716.23,731.23,1072.24,0.682,1.3,20.0,dapi,0
no_KD,30min,10x-1,1653,679.8,659.6,100,12.9,16.77,1865.86,880.86,1218.41,0.723,1.3,20.0,dapi,0
no_KD,30min,10x-1,1654,678.6,688.4,74,34.86,45.32,1157.05,172.05,1377.8,0.1249,1.3,20.0,dapi,0
no_KD,30min,10x-1,1655,676.1,780.5,42,101.77,132.3,1092.19,107.19,1087.62,0.0986,1.3,20.0,dapi,0
no_KD,30min,10x-1,1656,677.2,793.4,91,100.46,130.6,1216.68,231.68,1297.77,0.1785,1.3,20.0,dapi,0
no_KD,30min,10x-1,1657,678.8,892.2,90,31.31,40.7,1382.79,397.79,1213.4,0.3278,1.3,20.0,dapi,0
no_KD,30min,10x-1,1658,677.3,933.2,90,4.54,5.9,1713.49,728.49,1113.23,0.6544,1.3,20.0,dapi,0
no_KD,30min,10x-1,1659,679.2,648.9,104,5.64,7.33,1883.89,898.89,1173.58,0.7659,1.3,20.0,dapi,0
no_KD,30min,10x-1,1660,678.8,711.0,75,53.58,69.65,1133.96,148.96,1180.77,0.1262,1.3,20.0,dapi,0
no_KD,30min,10x-1,1661,680.3,738.2,102,78.24,101.71,1133.45,148.45,1299.6,0.1142,1.3,20.0,dapi,0
no_KD,30min,10x-1,1662,677.7,879.5,73,40.92,53.19,1130.42,145.42,1193.44,0.1219,1.3,20.0,dapi,0
no_KD,30min,10x-1,1663,676.9,906.0,33,20.67,26.87,1425.97,440.97,1314.55,0.3355,1.3,20.0,dapi,0
no_KD,30min,10x-1,1664,679.5,336.8,59,51.67,67.17,1196.92,211.92,1247.68,0.1698,1.3,20.0,dapi,0
no_KD,30min,10x-1,1665,679.4,725.7,66,66.91,86.98,1356.56,371.56,1065.2,0.3488,1.3,20.0,dapi,0
no_KD,30min,10x-1,1666,679.9,493.4,59,17.14,22.28,1760.98,775.98,1070.05,0.7252,1.3,20.0,dapi,0
no_KD,30min,10x-1,1667,680.9,509.6,80,6.25,8.12,1771.31,786.31,1112.6,0.7067,1.3,20.0,dapi,0
no_KD,30min,10x-1,1668,680.7,833.0,92,83.11,108.04,1109.42,124.42,1215.77,0.1023,1.3,20.0,dapi,0
no_KD,30min,10x-1,1669,681.6,387.4,65,68.0,88.4,1178.6,193.6,1560.85,0.124,1.3,20.0,dapi,0
no_KD,30min,10x-1,1670,682.3,290.1,102,8.05,10.46,1793.13,808.13,1148.6,0.7036,1.3,20.0,dapi,0
no_KD,30min,10x-1,1671,682.8,313.5,89,27.7,36.01,1183.15,198.15,1316.96,0.1505,1.3,20.0,dapi,0
no_KD,30min,10x-1,1672,682.4,808.7,89,102.77,133.6,1100.82,115.82,1211.65,0.0956,1.3,20.0,dapi,0
no_KD,30min,10x-1,1673,682.5,849.1,97,69.14,89.89,1104.51,119.51,1132.86,0.1055,1.3,20.0,dapi,0
no_KD,30min,10x-1,1674,683.6,349.5,83,58.3,75.79,1163.46,178.46,1409.95,0.1266,1.3,20.0,dapi,0
no_KD,30min,10x-1,1675,683.7,407.3,77,68.43,88.96,1206.49,221.49,1469.61,0.1507,1.3,20.0,dapi,0
no_KD,30min,10x-1,1676,683.7,485.9,91,16.82,21.86,1934.56,949.56,1206.1,0.7873,1.3,20.0,dapi,0
no_KD,30min,10x-1,1677,684.0,754.6,83,95.48,124.12,1106.14,121.14,1302.0,0.093,1.3,20.0,dapi,0
no_KD,30min,10x-1,1678,685.0,464.9,70,25.32,32.92,1174.99,189.99,1187.2,0.16,1.3,20.0,dapi,0
no_KD,30min,10x-1,1679,686.2,696.0,88,45.49,59.14,1148.53,163.53,1111.99,0.1471,1.3,20.0,dapi,0
no_KD,30min,10x-1,1680,686.1,781.0,96,111.31,144.71,1115.2,130.2,1209.78,0.1076,1.3,20.0,dapi,0
no_KD,30min,10x-1,1681,685.5,794.2,76,108.3,140.79,1152.22,167.22,998.5,0.1675,1.3,20.0,dapi,0
no_KD,30min,10x-1,1682,685.3,360.3,53,61.54,80.0,1156.3,171.3,1579.72,0.1084,1.3,20.0,dapi,0
no_KD,30min,10x-1,1683,685.7,372.0,58,63.77,82.91,1160.43,175.43,1354.76,0.1295,1.3,20.0,dapi,0
no_KD,30min,10x-1,1684,686.6,442.8,55,37.65,48.95,1142.24,157.24,1349.16,0.1165,1.3,20.0,dapi,0
no_KD,30min,10x-1,1685,685.8,472.7,62,21.3,27.69,1386.74,401.74,1085.02,0.3703,1.3,20.0,dapi,0
no_KD,30min,10x-1,1686,686.2,505.6,69,4.34,5.64,1846.45,861.45,1023.81,0.8414,1.3,20.0,dapi,0
no_KD,30min,10x-1,1687,686.8,743.2,64,85.69,111.4,1124.67,139.67,1079.06,0.1294,1.3,20.0,dapi,0
no_KD,30min,10x-1,1688,686.5,821.3,85,96.14,124.98,1134.39,149.39,1273.54,0.1173,1.3,20.0,dapi,0
no_KD,30min,10x-1,1689,686.4,881.1,87,44.16,57.41,1101.97,116.97,1180.45,0.0991,1.3,20.0,dapi,0
no_KD,30min,10x-1,1690,687.2,921.1,88,18.75,24.37,1946.17,961.17,1153.0,0.8336,1.3,20.0,dapi,0
no_KD,30min,10x-1,1691,685.4,938.5,76,4.41,5.74,1675.16,690.16,905.62,0.7621,1.3,20.0,dapi,0
no_KD,30min,10x-1,1692,686.7,324.3,58,37.01,48.11,1191.17,206.17,1261.47,0.1634,1.3,20.0,dapi,0
no_KD,30min,10x-1,1693,686.9,427.7,55,49.25,64.03,1162.22,177.22,1336.45,0.1326,1.3,20.0,dapi,0
no_KD,30min,10x-1,1694,686.8,450.4,53,32.7,42.51,1150.55,165.55,1422.47,0.1164,1.3,20.0,dapi,0
no_KD,30min,10x-1,1695,686.7,868.1,69,55.07,71.59,1081.61,96.61,1214.55,0.0795,1.3,20.0,dapi,0
no_KD,30min,10x-1,1696,687.3,418.8,44,56.82,73.86,1212.2,227.2,1182.11,0.1922,1.3,20.0,dapi,0
no_KD,30min,10x-1,1697,688.2,646.1,86,8.7,11.31,1924.42,939.42,1354.29,0.6937,1.3,20.0,dapi,0
no_KD,30min,10x-1,1698,688.9,681.0,56,34.83,45.29,1326.57,341.57,1084.89,0.3148,1.3,20.0,dapi,0
no_KD,30min,10x-1,1699,689.4,294.3,90,7.87,10.24,1960.61,975.61,1419.52,0.6873,1.3,20.0,dapi,0
no_KD,30min,10x-1,1700,687.8,333.9,60,46.6,60.58,1191.68,206.68,1319.87,0.1566,1.3,20.0,dapi,0
no_KD,30min,10x-1,1701,689.4,382.5,70,60.67,78.88,1162.6,177.6,1569.16,0.1132,1.3,20.0,dapi,0
no_KD,30min,10x-1,1702,689.6,714.5,72,62.04,80.65,1173.0,188.0,1109.43,0.1695,1.3,20.0,dapi,0
no_KD,30min,10x-1,1703,688.1,894.2,61,36.62,47.61,1575.16,590.16,1065.46,0.5539,1.3,20.0,dapi,0
no_KD,30min,10x-1,1704,691.0,401.4,67,61.75,80.27,1164.03,179.03,1383.61,0.1294,1.3,20.0,dapi,0
no_KD,30min,10x-1,1705,690.1,838.7,60,81.66,106.16,1107.9,122.9,1001.47,0.1227,1.3,20.0,dapi,0
no_KD,30min,10x-1,1706,690.2,857.3,60,65.92,85.69,1098.23,113.23,989.1,0.1145,1.3,20.0,dapi,0
no_KD,30min,10x-1,1707,689.1,907.9,53,28.46,36.99,1663.77,678.77,1085.28,0.6254,1.3,20.0,dapi,0
no_KD,30min,10x-1,1708,691.8,638.3,61,6.57,8.54,2038.93,1053.93,1473.0,0.7155,1.3,20.0,dapi,0
no_KD,30min,10x-1,1709,691.3,726.5,74,73.45,95.49,1171.19,186.19,1081.12,0.1722,1.3,20.0,dapi,0
no_KD,30min,10x-1,1710,693.3,762.8,88,106.36,138.26,1103.88,118.88,1201.84,0.0989,1.3,20.0,dapi,0
no_KD,30min,10x-1,1711,690.4,804.9,69,110.63,143.82,1102.77,117.77,1122.91,0.1049,1.3,20.0,dapi,0
no_KD,30min,10x-1,1712,690.4,946.8,76,2.97,3.86,1557.89,572.89,939.53,0.6098,1.3,20.0,dapi,0
no_KD,30min,10x-1,1713,692.7,367.4,65,57.31,74.5,1195.28,210.28,1497.89,0.1404,1.3,20.0,dapi,0
no_KD,30min,10x-1,1714,693.4,482.7,102,10.86,14.12,1902.24,917.24,1235.21,0.7426,1.3,20.0,dapi,0
no_KD,30min,10x-1,1715,693.5,774.1,76,116.85,151.9,1117.32,132.32,1257.8,0.1052,1.3,20.0,dapi,0
no_KD,30min,10x-1,1716,692.9,311.2,77,23.09,30.01,1330.99,345.99,1391.66,0.2486,1.3,20.0,dapi,0
no_KD,30min,10x-1,1717,691.9,357.0,44,53.93,70.11,1164.11,179.11,1336.91,0.134,1.3,20.0,dapi,0
no_KD,30min,10x-1,1718,694.0,498.6,84,3.4,4.42,1617.76,632.76,920.26,0.6876,1.3,20.0,dapi,0
no_KD,30min,10x-1,1719,692.9,703.6,54,56.12,72.96,1319.57,334.57,1128.28,0.2965,1.3,20.0,dapi,0
no_KD,30min,10x-1,1720,695.0,435.8,88,38.15,49.6,1170.34,185.34,1302.93,0.1422,1.3,20.0,dapi,0
no_KD,30min,10x-1,1721,695.5,626.9,105,5.83,7.58,1948.47,963.47,1142.7,0.8432,1.3,20.0,dapi,0
no_KD,30min,10x-1,1722,694.8,660.8,72,24.84,32.29,1371.31,386.31,1450.93,0.2662,1.3,20.0,dapi,0
no_KD,30min,10x-1,1723,693.7,672.0,57,31.31,40.7,1172.88,187.88,1245.39,0.1509,1.3,20.0,dapi,0
no_KD,30min,10x-1,1724,695.7,792.8,80,119.34,155.15,1093.95,108.95,1094.36,0.0996,1.3,20.0,dapi,0
no_KD,30min,10x-1,1725,694.6,933.4,104,15.73,20.45,1723.24,738.24,1050.25,0.7029,1.3,20.0,dapi,0
no_KD,30min,10x-1,1726,694.3,338.3,48,45.75,59.47,1187.9,202.9,1263.23,0.1606,1.3,20.0,dapi,0
no_KD,30min,10x-1,1727,696.3,348.8,75,47.01,61.11,1158.64,173.64,1452.96,0.1195,1.3,20.0,dapi,0
no_KD,30min,10x-1,1728,695.6,389.7,71,54.49,70.83,1187.73,202.73,1413.94,0.1434,1.3,20.0,dapi,0
no_KD,30min,10x-1,1729,695.0,466.1,69,16.24,21.11,1646.87,661.87,1121.81,0.59,1.3,20.0,dapi,0
no_KD,30min,10x-1,1730,696.6,848.5,95,76.42,99.35,1229.03,244.03,1152.21,0.2118,1.3,20.0,dapi,0
no_KD,30min,10x-1,1731,694.0,896.6,54,39.79,51.72,1167.65,182.65,1076.13,0.1697,1.3,20.0,dapi,0
no_KD,30min,10x-1,1732,696.1,298.5,88,9.79,12.73,1911.31,926.31,1263.81,0.7329,1.3,20.0,dapi,0
no_KD,30min,10x-1,1733,695.4,447.8,56,28.55,37.11,1191.64,206.64,1254.0,0.1648,1.3,20.0,dapi,0
no_KD,30min,10x-1,1734,696.9,648.6,86,17.17,22.32,1571.4,586.4,1318.47,0.4448,1.3,20.0,dapi,0
no_KD,30min,10x-1,1735,695.7,687.2,51,43.82,56.96,1158.49,173.49,1154.43,0.1503,1.3,20.0,dapi,0
no_KD,30min,10x-1,1736,696.0,741.7,96,88.93,115.61,1122.82,137.82,1126.54,0.1223,1.3,20.0,dapi,0
no_KD,30min,10x-1,1737,696.7,868.4,83,61.19,79.55,1084.39,99.39,1210.92,0.0821,1.3,20.0,dapi,0
no_KD,30min,10x-1,1738,696.4,907.6,69,33.66,43.75,1325.67,340.67,1378.57,0.2471,1.3,20.0,dapi,0
no_KD,30min,10x-1,1739,696.4,326.9,57,38.7,50.31,1250.65,265.65,1247.77,0.2129,1.3,20.0,dapi,0
no_KD,30min,10x-1,1740,696.9,425.3,50,46.23,60.1,1187.22,202.22,1423.34,0.1421,1.3,20.0,dapi,0
no_KD,30min,10x-1,1741,697.6,806.7,86,113.94,148.12,1092.08,107.08,1172.84,0.0913,1.3,20.0,dapi,0
no_KD,30min,10x-1,1742,698.4,377.9,68,51.62,67.1,1177.94,192.94,1418.16,0.1361,1.3,20.0,dapi,0
no_KD,30min,10x-1,1743,698.2,819.0,61,103.13,134.07,1196.21,211.21,1045.2,0.2021,1.3,20.0,dapi,0
no_KD,30min,10x-1,1744,699.6,458.8,76,17.14,22.28,1955.67,970.67,1425.88,0.6808,1.3,20.0,dapi,0
no_KD,30min,10x-1,1745,701.3,697.3,105,54.83,71.28,1172.4,187.4,1134.08,0.1652,1.3,20.0,dapi,0
no_KD,30min,10x-1,1746,697.3,719.0,46,70.22,91.28,1357.76,372.76,1163.61,0.3203,1.3,20.0,dapi,0
no_KD,30min,10x-1,1747,701.7,833.5,107,91.8,119.34,1245.4,260.4,1083.58,0.2403,1.3,20.0,dapi,0
no_KD,30min,10x-1,1748,699.6,880.2,73,54.79,71.23,1077.92,92.92,1250.84,0.0743,1.3,20.0,dapi,0
no_KD,30min,10x-1,1749,700.0,950.3,89,4.62,6.0,1579.67,594.67,979.98,0.6068,1.3,20.0,dapi,0
no_KD,30min,10x-1,1750,699.5,755.1,57,101.8,132.34,1113.42,128.42,1037.16,0.1238,1.3,20.0,dapi,0
no_KD,30min,10x-1,1751,699.0,916.8,44,30.22,39.29,1184.45,199.45,1144.32,0.1743,1.3,20.0,dapi,0
no_KD,30min,10x-1,1752,700.4,318.3,56,29.62,38.5,1328.66,343.66,1538.07,0.2234,1.3,20.0,dapi,0
no_KD,30min,10x-1,1753,702.9,769.7,84,116.99,152.09,1124.02,139.02,1252.21,0.111,1.3,20.0,dapi,0
no_KD,30min,10x-1,1754,701.1,890.5,78,48.97,63.66,1086.17,101.17,1227.85,0.0824,1.3,20.0,dapi,0
no_KD,30min,10x-1,1755,701.9,396.2,64,49.87,64.83,1186.41,201.41,1553.47,0.1296,1.3,20.0,dapi,0
no_KD,30min,10x-1,1756,702.0,484.4,90,2.86,3.72,1718.79,733.79,933.83,0.7858,1.3,20.0,dapi,0
no_KD,30min,10x-1,1757,703.0,674.9,67,40.06,52.08,1152.25,167.25,1139.73,0.1467,1.3,20.0,dapi,0
no_KD,30min,10x-1,1758,703.2,709.8,84,66.77,86.8,1881.57,896.57,1276.96,0.7021,1.3,20.0,dapi,0
no_KD,30min,10x-1,1759,702.9,925.6,65,26.34,34.24,1815.78,830.78,1286.29,0.6459,1.3,20.0,dapi,0
no_KD,30min,10x-1,1760,702.4,937.0,59,17.62,22.9,1904.22,919.22,1436.66,0.6398,1.3,20.0,dapi,0
no_KD,30min,10x-1,1761,703.1,332.7,63,35.61,46.29,1179.62,194.62,1583.38,0.1229,1.3,20.0,dapi,0
no_KD,30min,10x-1,1762,703.1,367.0,44,47.42,61.64,1185.66,200.66,1206.14,0.1664,1.3,20.0,dapi,0
no_KD,30min,10x-1,1763,704.0,666.5,67,35.06,45.58,1181.18,196.18,1213.21,0.1617,1.3,20.0,dapi,0
no_KD,30min,10x-1,1764,704.4,682.9,69,46.14,59.98,1202.28,217.28,1455.68,0.1493,1.3,20.0,dapi,0
no_KD,30min,10x-1,1765,704.7,823.1,74,102.82,133.67,1849.47,864.47,1380.14,0.6264,1.3,20.0,dapi,0
no_KD,30min,10x-1,1766,705.3,857.3,83,74.75,97.18,1107.72,122.72,1253.49,0.0979,1.3,20.0,dapi,0
no_KD,30min,10x-1,1767,704.7,354.1,73,41.05,53.37,1202.51,217.51,1481.05,0.1469,1.3,20.0,dapi,0
no_KD,30min,10x-1,1768,705.6,405.8,53,47.62,61.9,1152.08,167.08,1251.55,0.1335,1.3,20.0,dapi,0
no_KD,30min,10x-1,1769,707.3,435.7,82,31.49,40.93,1232.51,247.51,1306.29,0.1895,1.3,20.0,dapi,0
no_KD,30min,10x-1,1770,705.4,452.2,75,19.29,25.07,1840.72,855.72,1136.03,0.7533,1.3,20.0,dapi,0
no_KD,30min,10x-1,1771,706.5,610.7,98,5.21,6.77,1873.39,888.39,1180.46,0.7526,1.3,20.0,dapi,0
no_KD,30min,10x-1,1772,704.0,656.3,49,27.07,35.18,1162.1,177.1,1173.86,0.1509,1.3,20.0,dapi,0
no_KD,30min,10x-1,1773,704.2,737.6,57,89.73,116.65,1237.56,252.56,1052.46,0.24,1.3,20.0,dapi,0
no_KD,30min,10x-1,1774,705.4,780.3,79,126.84,164.89,1089.2,104.2,1273.38,0.0818,1.3,20.0,dapi,0
no_KD,30min,10x-1,1775,707.1,294.1,118,5.71,7.42,2062.08,1077.08,1141.09,0.9439,1.3,20.0,dapi,0
no_KD,30min,10x-1,1776,708.1,632.8,120,18.56,24.12,1836.88,851.88,1093.81,0.7788,1.3,20.0,dapi,0
no_KD,30min,10x-1,1777,704.9,905.3,43,42.62,55.41,1104.09,119.09,1186.19,0.1004,1.3,20.0,dapi,0
no_KD,30min,10x-1,1778,707.1,310.0,69,20.46,26.6,1882.52,897.52,1123.12,0.7991,1.3,20.0,dapi,0
no_KD,30min,10x-1,1779,707.9,343.7,81,34.01,44.22,1211.65,226.65,1358.58,0.1668,1.3,20.0,dapi,0
no_KD,30min,10x-1,1780,707.8,428.0,68,37.85,49.21,1287.88,302.88,1200.13,0.2524,1.3,20.0,dapi,0
no_KD,30min,10x-1,1781,707.7,470.7,83,3.0,3.9,1575.17,590.17,927.71,0.6362,1.3,20.0,dapi,0
no_KD,30min,10x-1,1782,707.3,791.2,59,130.5,169.64,1168.07,183.07,1166.8,0.1569,1.3,20.0,dapi,0
no_KD,30min,10x-1,1783,707.9,620.9,62,11.04,14.35,1969.0,984.0,1328.97,0.7404,1.3,20.0,dapi,0
no_KD,30min,10x-1,1784,707.9,718.0,65,76.2,99.06,1238.94,253.94,1043.25,0.2434,1.3,20.0,dapi,0
no_KD,30min,10x-1,1785,706.3,801.5,51,122.81,159.65,1106.49,121.49,1136.53,0.1069,1.3,20.0,dapi,0
no_KD,30min,10x-1,1786,707.9,878.9,85,61.62,80.11,1111.72,126.72,1287.96,0.0984,1.3,20.0,dapi,0
no_KD,30min,10x-1,1787,708.2,321.0,57,26.24,34.12,1866.81,881.81,1186.02,0.7435,1.3,20.0,dapi,0
no_KD,30min,10x-1,1788,708.0,382.8,48,41.76,54.28,1202.48,217.48,1152.79,0.1887,1.3,20.0,dapi,0
no_KD,30min,10x-1,1789,709.0,846.5,63,85.83,111.58,1565.44,580.44,1113.4,0.5213,1.3,20.0,dapi,0
no_KD,30min,10x-1,1790,709.7,867.2,54,70.93,92.21,1094.46,109.46,1029.28,0.1063,1.3,20.0,dapi,0
no_KD,30min,10x-1,1791,709.5,946.1,82,9.91,12.89,1678.62,693.62,1067.24,0.6499,1.3,20.0,dapi,0
no_KD,30min,10x-1,1792,711.5,725.0,72,83.74,108.86,1628.22,643.22,1029.07,0.6251,1.3,20.0,dapi,0
no_KD,30min,10x-1,1793,710.3,392.3,40,41.13,53.47,1208.55,223.55,1275.05,0.1753,1.3,20.0,dapi,0
no_KD,30min,10x-1,1794,712.0,745.6,68,100.87,131.12,1315.88,330.88,1362.29,0.2429,1.3,20.0,dapi,0
no_KD,30min,10x-1,1795,711.3,812.9,65,114.48,148.82,1120.42,135.42,985.52,0.1374,1.3,20.0,dapi,0
no_KD,30min,10x-1,1796,711.0,917.8,67,37.39,48.61,1194.33,209.33,1341.27,0.1561,1.3,20.0,dapi,0
no_KD,30min,10x-1,1797,711.2,360.1,46,39.43,51.26,1199.26,214.26,1291.52,0.1659,1.3,20.0,dapi,0
no_KD,30min,10x-1,1798,713.1,599.4,97,5.21,6.77,1886.47,901.47,1147.37,0.7857,1.3,20.0,dapi,0
no_KD,30min,10x-1,1799,711.0,649.0,53,28.52,37.08,1188.26,203.26,1189.08,0.1709,1.3,20.0,dapi,0
no_KD,30min,10x-1,1800,711.7,737.1,49,93.63,121.72,1223.22,238.22,1275.9,0.1867,1.3,20.0,dapi,0
no_KD,30min,10x-1,1801,713.4,892.8,83,56.32,73.21,1099.02,114.02,1196.78,0.0953,1.3,20.0,dapi,0
no_KD,30min,10x-1,1802,710.2,931.5,45,24.43,31.76,1743.93,758.93,1098.6,0.6908,1.3,20.0,dapi,0
no_KD,30min,10x-1,1803,714.5,332.3,86,24.88,32.34,1764.94,779.94,1275.94,0.6113,1.3,20.0,dapi,0
no_KD,30min,10x-1,1804,712.9,371.1,78,36.96,48.05,1194.5,209.5,1320.36,0.1587,1.3,20.0,dapi,0
no_KD,30min,10x-1,1805,712.8,446.2,103,19.84,25.8,1760.17,775.17,1158.53,0.6691,1.3,20.0,dapi,0
no_KD,30min,10x-1,1806,716.4,752.6,97,108.89,141.56,1134.52,149.52,1176.7,0.1271,1.3,20.0,dapi,0
no_KD,30min,10x-1,1807,712.9,783.6,56,133.99,174.19,1107.21,122.21,1181.2,0.1035,1.3,20.0,dapi,0
no_KD,30min,10x-1,1808,712.5,904.9,59,47.74,62.06,1128.66,143.66,1429.24,0.1005,1.3,20.0,dapi,0
no_KD,30min,10x-1,1809,714.9,655.3,75,35.09,45.62,1160.57,175.57,1251.27,0.1403,1.3,20.0,dapi,0
no_KD,30min,10x-1,1810,716.3,677.7,139,51.22,66.58,1157.3,172.3,965.37,0.1785,1.3,20.0,dapi,0
no_KD,30min,10x-1,1811,713.2,700.2,60,64.67,84.07,1286.78,301.78,1135.13,0.2659,1.3,20.0,dapi,0
no_KD,30min,10x-1,1812,714.6,803.7,90,124.29,161.57,1106.62,121.62,1245.77,0.0976,1.3,20.0,dapi,0
no_KD,30min,10x-1,1813,715.4,299.1,69,7.42,9.64,1912.8,927.8,1479.94,0.6269,1.3,20.0,dapi,0
no_KD,30min,10x-1,1814,715.6,401.2,70,37.62,48.91,1207.51,222.51,1194.31,0.1863,1.3,20.0,dapi,0
no_KD,30min,10x-1,1815,716.2,422.4,81,38.55,50.12,1396.1,411.1,1357.7,0.3028,1.3,20.0,dapi,0
no_KD,30min,10x-1,1816,717.0,731.7,93,92.84,120.69,1573.55,588.55,1218.0,0.4832,1.3,20.0,dapi,0
no_KD,30min,10x-1,1817,715.1,828.5,95,103.08,134.0,1115.88,130.88,1167.92,0.1121,1.3,20.0,dapi,0
no_KD,30min,10x-1,1818,714.2,882.6,64,63.81,82.95,1110.23,125.23,1391.33,0.09,1.3,20.0,dapi,0
no_KD,30min,10x-1,1819,717.7,641.5,98,31.79,41.32,1172.07,187.07,1249.9,0.1497,1.3,20.0,dapi,0
no_KD,30min,10x-1,1820,719.6,310.3,106,11.19,14.54,2112.56,1127.56,1385.3,0.8139,1.3,20.0,dapi,0
no_KD,30min,10x-1,1821,718.2,460.3,95,5.83,7.58,1767.84,782.84,1194.51,0.6554,1.3,20.0,dapi,0
no_KD,30min,10x-1,1822,718.8,387.2,74,31.31,40.7,1394.89,409.89,1423.49,0.2879,1.3,20.0,dapi,0
no_KD,30min,10x-1,1823,718.8,588.2,96,5.81,7.55,1753.95,768.95,1160.97,0.6623,1.3,20.0,dapi,0
no_KD,30min,10x-1,1824,718.9,661.7,71,42.42,55.14,1164.58,179.58,1362.13,0.1318,1.3,20.0,dapi,0
no_KD,30min,10x-1,1825,717.8,853.0,76,86.45,112.38,1100.11,115.11,1192.92,0.0965,1.3,20.0,dapi,0
no_KD,30min,10x-1,1826,718.5,949.8,101,10.86,14.12,1773.31,788.31,1069.95,0.7368,1.3,20.0,dapi,0
no_KD,30min,10x-1,1827,719.6,322.8,77,16.0,20.8,1999.18,1014.18,1299.95,0.7802,1.3,20.0,dapi,0
no_KD,30min,10x-1,1828,719.2,408.1,58,34.66,45.05,1216.36,231.36,1130.05,0.2047,1.3,20.0,dapi,0
no_KD,30min,10x-1,1829,719.5,612.4,79,17.37,22.58,1865.2,880.2,1203.95,0.7311,1.3,20.0,dapi,0
no_KD,30min,10x-1,1830,719.4,711.0,60,76.93,100.01,1722.9,737.9,1001.5,0.7368,1.3,20.0,dapi,0
no_KD,30min,10x-1,1831,719.6,760.8,61,117.75,153.08,1097.13,112.13,1006.56,0.1114,1.3,20.0,dapi,0
no_KD,30min,10x-1,1832,719.2,768.5,62,123.05,159.97,1141.26,156.26,1086.24,0.1439,1.3,20.0,dapi,0
no_KD,30min,10x-1,1833,718.4,913.9,68,42.86,55.71,1321.63,336.63,1342.82,0.2507,1.3,20.0,dapi,0
no_KD,30min,10x-1,1834,717.8,931.9,73,25.85,33.6,1517.15,532.15,1099.47,0.484,1.3,20.0,dapi,0
no_KD,30min,10x-1,1835,721.3,963.0,113,3.72,4.84,1435.69,450.69,926.56,0.4864,1.3,20.0,dapi,0
no_KD,30min,10x-1,1836,721.1,340.7,77,20.86,27.12,1929.92,944.92,1440.6,0.6559,1.3,20.0,dapi,0
no_KD,30min,10x-1,1837,719.8,362.5,86,30.66,39.86,1289.6,304.6,1433.52,0.2125,1.3,20.0,dapi,0
no_KD,30min,10x-1,1838,721.3,378.8,70,28.62,37.2,1362.41,377.41,1466.9,0.2573,1.3,20.0,dapi,0
no_KD,30min,10x-1,1839,721.6,436.5,63,24.18,31.43,1936.37,951.37,1163.92,0.8174,1.3,20.0,dapi,0
no_KD,30min,10x-1,1840,720.0,899.8,68,56.8,73.83,1129.68,144.68,1375.19,0.1052,1.3,20.0,dapi,0
no_KD,30min,10x-1,1841,721.4,628.9,92,26.29,34.18,1311.34,326.34,1260.49,0.2589,1.3,20.0,dapi,0
no_KD,30min,10x-1,1842,721.7,776.7,67,132.28,171.96,1126.99,141.99,1140.01,0.1245,1.3,20.0,dapi,0
no_KD,30min,10x-1,1843,721.9,786.4,66,140.03,182.04,1100.08,115.08,996.36,0.1155,1.3,20.0,dapi,0
no_KD,30min,10x-1,1844,722.4,349.1,49,24.02,31.23,2140.35,1155.35,1220.63,0.9465,1.3,20.0,dapi,0
no_KD,30min,10x-1,1845,722.1,696.7,71,68.84,89.49,2006.55,1021.55,1337.99,0.7635,1.3,20.0,dapi,0
no_KD,30min,10x-1,1846,723.2,873.6,66,76.54,99.5,1118.39,133.39,1006.67,0.1325,1.3,20.0,dapi,0
no_KD,30min,10x-1,1847,724.6,393.2,78,26.82,34.86,1715.22,730.22,1141.64,0.6396,1.3,20.0,dapi,0
no_KD,30min,10x-1,1848,723.9,447.8,54,13.08,17.0,1782.7,797.7,1680.76,0.4746,1.3,20.0,dapi,0
no_KD,30min,10x-1,1849,723.8,795.4,61,136.57,177.54,1110.9,125.9,1500.89,0.0839,1.3,20.0,dapi,0
no_KD,30min,10x-1,1850,724.2,302.8,73,5.64,7.33,1954.29,969.29,1276.3,0.7595,1.3,20.0,dapi,0
no_KD,30min,10x-1,1851,723.9,829.8,78,107.68,139.98,1231.45,246.45,1222.4,0.2016,1.3,20.0,dapi,0
no_KD,30min,10x-1,1852,725.7,414.0,76,28.35,36.86,1368.53,383.53,1452.21,0.2641,1.3,20.0,dapi,0
no_KD,30min,10x-1,1853,725.1,745.1,66,108.05,140.46,1143.12,158.12,1069.77,0.1478,1.3,20.0,dapi,0
no_KD,30min,10x-1,1854,725.4,856.5,77,88.75,115.38,1137.9,152.9,1360.92,0.1123,1.3,20.0,dapi,0
no_KD,30min,10x-1,1855,726.9,583.2,75,8.05,10.46,1891.21,906.21,1302.23,0.6959,1.3,20.0,dapi,0
no_KD,30min,10x-1,1856,726.3,666.0,78,50.42,65.54,1142.05,157.05,1483.81,0.1058,1.3,20.0,dapi,0
no_KD,30min,10x-1,1857,727.4,821.1,74,116.62,151.6,1112.11,127.11,994.65,0.1278,1.3,20.0,dapi,0
no_KD,30min,10x-1,1858,729.2,420.9,81,26.1,33.93,1807.84,822.84,1231.85,0.668,1.3,20.0,dapi,0
no_KD,30min,10x-1,1859,728.3,430.1,77,25.66,33.36,1949.05,964.05,1169.08,0.8246,1.3,20.0,dapi,0
no_KD,30min,10x-1,1860,727.1,623.1,60,29.0,37.7,1222.9,237.9,1149.05,0.207,1.3,20.0,dapi,0
no_KD,30min,10x-1,1861,726.9,675.2,59,56.86,73.92,1180.25,195.25,1204.1,0.1622,1.3,20.0,dapi,0
no_KD,30min,10x-1,1862,726.7,923.5,73,35.39,46.01,1205.16,220.16,1038.1,0.2121,1.3,20.0,dapi,0
no_KD,30min,10x-1,1863,726.1,944.4,81,17.86,23.21,1636.27,651.27,1053.28,0.6183,1.3,20.0,dapi,0
no_KD,30min,10x-1,1864,729.5,355.8,54,21.49,27.94,2404.81,1419.81,1738.57,0.8167,1.3,20.0,dapi,0
no_KD,30min,10x-1,1865,726.6,366.5,42,23.67,30.77,1439.57,454.57,1232.29,0.3689,1.3,20.0,dapi,0
no_KD,30min,10x-1,1866,730.8,558.0,124,5.64,7.33,1736.52,751.52,1044.25,0.7197,1.3,20.0,dapi,0
no_KD,30min,10x-1,1867,729.6,604.0,113,22.35,29.06,1779.35,794.35,1134.31,0.7003,1.3,20.0,dapi,0
no_KD,30min,10x-1,1868,726.9,643.0,65,39.29,51.07,1145.28,160.28,1568.88,0.1022,1.3,20.0,dapi,0
no_KD,30min,10x-1,1869,727.3,899.7,61,55.92,72.7,1115.62,130.62,1142.23,0.1144,1.3,20.0,dapi,0
no_KD,30min,10x-1,1870,729.7,315.4,73,3.85,5.01,1840.23,855.23,1042.66,0.8202,1.3,20.0,dapi,0
no_KD,30min,10x-1,1871,729.7,382.8,60,19.84,25.8,1836.08,851.08,1145.3,0.7431,1.3,20.0,dapi,0
no_KD,30min,10x-1,1872,730.6,574.7,103,7.46,9.7,1859.97,874.97,1173.13,0.7458,1.3,20.0,dapi,0
no_KD,30min,10x-1,1873,729.2,692.0,62,70.32,91.41,1199.97,214.97,1149.71,0.187,1.3,20.0,dapi,0
no_KD,30min,10x-1,1874,729.7,908.4,84,47.38,61.6,1099.92,114.92,1200.14,0.0958,1.3,20.0,dapi,0
no_KD,30min,10x-1,1875,731.6,683.0,80,65.96,85.75,1144.36,159.36,1199.62,0.1328,1.3,20.0,dapi,0
no_KD,30min,10x-1,1876,731.1,703.0,90,79.54,103.4,1844.94,859.94,1247.32,0.6894,1.3,20.0,dapi,0
no_KD,30min,10x-1,1877,729.4,772.9,52,132.74,172.56,1395.85,410.85,1100.02,0.3735,1.3,20.0,dapi,0
no_KD,30min,10x-1,1878,732.1,836.3,114,108.41,140.93,1088.69,103.69,1097.15,0.0945,1.3,20.0,dapi,0
no_KD,30min,10x-1,1879,732.1,325.8,90,5.99,7.79,1911.08,926.08,1236.4,0.749,1.3,20.0,dapi,0
no_KD,30min,10x-1,1880,731.6,399.5,82,21.67,28.17,1686.52,701.52,1313.94,0.5339,1.3,20.0,dapi,0
no_KD,30min,10x-1,1881,732.7,751.9,92,118.31,153.8,1094.36,109.36,1213.85,0.0901,1.3,20.0,dapi,0
no_KD,30min,10x-1,1882,731.5,810.9,76,127.62,165.9,1106.61,121.61,1023.72,0.1188,1.3,20.0,dapi,0
no_KD,30min,10x-1,1883,732.0,336.0,57,8.78,11.42,1899.25,914.25,1066.86,0.857,1.3,20.0,dapi,0
no_KD,30min,10x-1,1884,731.6,350.4,47,17.14,22.28,2781.68,1796.68,1741.79,1.0315,1.3,20.0,dapi,0
no_KD,30min,10x-1,1885,731.2,652.5,49,47.69,61.99,1157.76,172.76,1199.43,0.144,1.3,20.0,dapi,0
no_KD,30min,10x-1,1886,731.6,712.3,53,86.44,112.37,1879.75,894.75,1174.09,0.7621,1.3,20.0,dapi,0
no_KD,30min,10x-1,1887,734.8,730.3,136,101.77,132.3,1187.84,202.84,1025.41,0.1978,1.3,20.0,dapi,0
no_KD,30min,10x-1,1888,734.3,865.2,81,84.71,110.12,1108.41,123.41,1151.56,0.1072,1.3,20.0,dapi,0
no_KD,30min,10x-1,1889,733.0,362.9,41,17.63,22.92,2052.44,1067.44,1256.71,0.8494,1.3,20.0,dapi,0
no_KD,30min,10x-1,1890,733.8,409.5,70,19.84,25.8,1919.34,934.34,1200.3,0.7784,1.3,20.0,dapi,0
no_KD,30min,10x-1,1891,732.9,873.0,68,77.72,101.04,1120.24,135.24,1325.5,0.102,1.3,20.0,dapi,0
no_KD,30min,10x-1,1892,734.3,938.0,90,19.02,24.73,1472.5,487.5,1152.66,0.4229,1.3,20.0,dapi,0
no_KD,30min,10x-1,1893,734.8,343.2,74,10.11,13.14,2250.85,1265.85,1557.78,0.8126,1.3,20.0,dapi,0
no_KD,30min,10x-1,1894,734.9,456.0,62,3.05,3.97,1985.94,1000.94,1060.71,0.9436,1.3,20.0,dapi,0
no_KD,30min,10x-1,1895,737.4,548.6,141,6.75,8.78,1656.28,671.28,1022.54,0.6565,1.3,20.0,dapi,0
no_KD,30min,10x-1,1896,734.0,718.9,57,92.86,120.72,1471.89,486.89,1052.18,0.4628,1.3,20.0,dapi,0
no_KD,30min,10x-1,1897,734.5,853.7,81,94.67,123.07,1099.68,114.68,1243.14,0.0922,1.3,20.0,dapi,0
no_KD,30min,10x-1,1898,734.4,924.5,92,31.13,40.47,1124.15,139.15,1135.35,0.1226,1.3,20.0,dapi,0
no_KD,30min,10x-1,1899,734.7,588.9,68,18.04,23.45,1834.4,849.4,1086.44,0.7818,1.3,20.0,dapi,0
no_KD,30min,10x-1,1900,733.6,641.7,58,44.26,57.53,1144.17,159.17,1312.72,0.1213,1.3,20.0,dapi,0
no_KD,30min,10x-1,1901,736.5,956.2,125,3.4,4.42,1367.59,382.59,908.5,0.4211,1.3,20.0,dapi,0
no_KD,30min,10x-1,1902,736.7,373.8,91,12.78,16.61,1920.15,935.15,1242.66,0.7525,1.3,20.0,dapi,0
no_KD,30min,10x-1,1903,736.2,665.5,59,58.71,76.32,1146.47,161.47,1628.34,0.0992,1.3,20.0,dapi,0
no_KD,30min,10x-1,1904,736.4,782.6,70,143.42,186.45,1119.04,134.04,1171.24,0.1144,1.3,20.0,dapi,0
no_KD,30min,10x-1,1905,737.3,623.0,102,37.62,48.9,1153.54,168.54,1181.03,0.1427,1.3,20.0,dapi,0
no_KD,30min,10x-1,1906,737.8,674.1,73,64.83,84.28,1154.34,169.34,998.85,0.1695,1.3,20.0,dapi,0
no_KD,30min,10x-1,1907,738.3,742.6,121,113.82,147.96,1093.08,108.08,1075.6,0.1005,1.3,20.0,dapi,0
no_KD,30min,10x-1,1908,737.8,799.3,95,132.24,171.92,1232.86,247.86,1111.47,0.223,1.3,20.0,dapi,0
no_KD,30min,10x-1,1909,742.2,429.6,95,11.69,15.2,2024.79,1039.79,1242.93,0.8366,1.3,20.0,dapi,0
no_KD,30min,10x-1,1910,738.9,570.2,85,13.89,18.06,1927.86,942.86,1292.55,0.7295,1.3,20.0,dapi,0
no_KD,30min,10x-1,1911,738.9,913.1,75,39.7,51.61,1100.11,115.11,1195.91,0.0963,1.3,20.0,dapi,0
no_KD,30min,10x-1,1912,740.9,442.2,80,10.33,13.42,1864.72,879.72,1353.09,0.6502,1.3,20.0,dapi,0
no_KD,30min,10x-1,1913,738.6,604.2,66,30.23,39.3,1212.91,227.91,1320.14,0.1726,1.3,20.0,dapi,0
no_KD,30min,10x-1,1914,738.6,762.0,50,129.96,168.95,1686.04,701.04,1283.98,0.546,1.3,20.0,dapi,0
no_KD,30min,10x-1,1915,739.8,771.4,95,137.67,178.97,1625.53,640.53,1200.0,0.5338,1.3,20.0,dapi,0
no_KD,30min,10x-1,1916,739.5,843.3,86,102.7,133.52,1104.1,119.1,1191.26,0.1,1.3,20.0,dapi,0
no_KD,30min,10x-1,1917,740.0,396.6,58,14.04,18.26,1813.91,828.91,987.79,0.8392,1.3,20.0,dapi,0
no_KD,30min,10x-1,1918,740.0,823.8,84,114.75,149.18,1389.9,404.9,1218.57,0.3323,1.3,20.0,dapi,0
no_KD,30min,10x-1,1919,741.4,946.3,104,8.47,11.01,1671.62,686.62,1050.11,0.6539,1.3,20.0,dapi,0
no_KD,30min,10x-1,1920,740.9,693.1,63,79.38,103.19,1150.54,165.54,1126.13,0.147,1.3,20.0,dapi,0
no_KD,30min,10x-1,1921,740.5,881.3,71,67.25,87.43,1128.31,143.31,1328.35,0.1079,1.3,20.0,dapi,0
no_KD,30min,10x-1,1922,741.5,893.5,51,54.88,71.34,1115.08,130.08,1091.35,0.1192,1.3,20.0,dapi,0
no_KD,30min,10x-1,1923,744.3,366.6,99,6.71,8.72,1795.84,810.84,1159.87,0.6991,1.3,20.0,dapi,0
no_KD,30min,10x-1,1924,741.2,638.9,72,48.62,63.21,1134.0,149.0,1404.43,0.1061,1.3,20.0,dapi,0
no_KD,30min,10x-1,1925,743.1,705.0,99,89.35,116.16,1128.75,143.75,1198.18,0.12,1.3,20.0,dapi,0
no_KD,30min,10x-1,1926,743.9,928.8,95,22.94,29.83,1508.53,523.53,1105.78,0.4734,1.3,20.0,dapi,0
no_KD,30min,10x-1,1927,742.6,345.0,76,6.02,7.82,1885.45,900.45,1381.13,0.652,1.3,20.0,dapi,0
no_KD,30min,10x-1,1928,744.7,406.4,74,8.62,11.2,1900.2,915.2,1254.65,0.7294,1.3,20.0,dapi,0
no_KD,30min,10x-1,1929,744.7,414.4,64,9.91,12.89,2051.58,1066.58,1466.77,0.7272,1.3,20.0,dapi,0
no_KD,30min,10x-1,1930,742.8,588.9,76,24.58,31.95,1465.93,480.93,1321.37,0.364,1.3,20.0,dapi,0
no_KD,30min,10x-1,1931,742.9,651.0,49,56.82,73.86,1196.88,211.88,1270.82,0.1667,1.3,20.0,dapi,0
no_KD,30min,10x-1,1932,745.0,449.1,68,4.74,6.16,1812.6,827.6,1190.06,0.6954,1.3,20.0,dapi,0
no_KD,30min,10x-1,1933,744.5,807.9,65,121.89,158.46,1291.97,306.97,982.2,0.3125,1.3,20.0,dapi,0
no_KD,30min,10x-1,1934,747.0,382.4,77,2.86,3.72,1723.19,738.19,887.78,0.8315,1.3,20.0,dapi,0
no_KD,30min,10x-1,1935,747.9,436.7,69,5.64,7.33,1759.17,774.17,1174.19,0.6593,1.3,20.0,dapi,0
no_KD,30min,10x-1,1936,745.1,615.4,69,40.92,53.19,1169.86,184.86,1408.83,0.1312,1.3,20.0,dapi,0
no_KD,30min,10x-1,1937,745.4,901.6,83,46.36,60.26,1086.63,101.63,1246.08,0.0816,1.3,20.0,dapi,0
no_KD,30min,10x-1,1938,747.6,687.1,89,80.66,104.86,1140.51,155.51,1226.18,0.1268,1.3,20.0,dapi,0
no_KD,30min,10x-1,1939,746.7,719.0,85,102.13,132.77,1121.99,136.99,1098.87,0.1247,1.3,20.0,dapi,0
no_KD,30min,10x-1,1940,747.6,353.9,99,4.26,5.54,1671.26,686.26,1126.68,0.6091,1.3,20.0,dapi,0
no_KD,30min,10x-1,1941,750.5,420.3,116,6.82,8.86,1823.92,838.92,1270.05,0.6605,1.3,20.0,dapi,0
no_KD,30min,10x-1,1942,746.9,559.9,72,20.85,27.11,1787.56,802.56,1223.75,0.6558,1.3,20.0,dapi,0
no_KD,30min,10x-1,1943,746.5,579.7,75,23.24,30.21,1815.09,830.09,1216.21,0.6825,1.3,20.0,dapi,0
no_KD,30min,10x-1,1944,746.0,601.2,53,34.19,44.45,1169.13,184.13,1176.92,0.1565,1.3,20.0,dapi,0
no_KD,30min,10x-1,1945,749.2,727.8,111,109.78,142.71,1136.09,151.09,1116.71,0.1353,1.3,20.0,dapi,0
no_KD,30min,10x-1,1946,747.6,756.0,87,130.22,169.28,1119.6,134.6,1084.39,0.1241,1.3,20.0,dapi,0
no_KD,30min,10x-1,1947,748.5,871.6,85,73.38,95.4,1106.06,121.06,1190.29,0.1017,1.3,20.0,dapi,0
no_KD,30min,10x-1,1948,746.9,677.8,27,74.49,96.83,1253.3,268.3,1526.0,0.1758,1.3,20.0,dapi,0
no_KD,30min,10x-1,1949,748.4,788.0,78,130.58,169.75,1170.1,185.1,963.83,0.192,1.3,20.0,dapi,0
no_KD,30min,10x-1,1950,749.3,837.5,92,98.64,128.23,1097.99,112.99,1185.0,0.0953,1.3,20.0,dapi,0
no_KD,30min,10x-1,1951,749.4,860.1,73,83.77,108.9,1097.44,112.44,1283.08,0.0876,1.3,20.0,dapi,0
no_KD,30min,10x-1,1952,748.5,911.1,89,36.94,48.02,1112.98,127.98,1226.42,0.1044,1.3,20.0,dapi,0
no_KD,30min,10x-1,1953,749.9,936.2,108,14.7,19.11,1756.78,771.78,1021.08,0.7558,1.3,20.0,dapi,0
no_KD,30min,10x-1,1954,749.2,396.8,110,5.23,6.8,1813.48,828.48,1127.37,0.7349,1.3,20.0,dapi,0
no_KD,30min,10x-1,1955,750.4,528.2,122,3.72,4.84,1575.32,590.32,982.69,0.6007,1.3,20.0,dapi,0
no_KD,30min,10x-1,1956,749.5,886.6,71,58.66,76.25,1120.07,135.07,1292.93,0.1045,1.3,20.0,dapi,0
no_KD,30min,10x-1,1957,751.6,552.1,99,17.17,22.32,1845.87,860.87,1323.35,0.6505,1.3,20.0,dapi,0
no_KD,30min,10x-1,1958,748.8,631.2,64,52.03,67.64,1134.73,149.73,1350.72,0.1109,1.3,20.0,dapi,0
no_KD,30min,10x-1,1959,750.1,768.9,76,139.86,181.81,1134.09,149.09,1177.87,0.1266,1.3,20.0,dapi,0
no_KD,30min,10x-1,1960,750.9,821.9,71,107.84,140.19,1138.25,153.25,1276.17,0.1201,1.3,20.0,dapi,0
no_KD,30min,10x-1,1961,753.3,850.8,80,87.17,113.32,1101.61,116.61,1220.28,0.0956,1.3,20.0,dapi,0
no_KD,30min,10x-1,1962,753.2,620.6,75,50.8,66.05,1154.29,169.29,1048.84,0.1614,1.3,20.0,dapi,0
no_KD,30min,10x-1,1963,753.6,797.4,70,120.81,157.05,1383.1,398.1,1216.49,0.3273,1.3,20.0,dapi,0
no_KD,30min,10x-1,1964,754.0,643.0,83,61.98,80.58,1125.69,140.69,1340.49,0.105,1.3,20.0,dapi,0
no_KD,30min,10x-1,1965,755.1,653.4,74,67.83,88.18,1139.04,154.04,1330.72,0.1158,1.3,20.0,dapi,0
no_KD,30min,10x-1,1966,752.7,663.8,25,72.71,94.52,1247.12,262.12,1636.16,0.1602,1.3,20.0,dapi,0
no_KD,30min,10x-1,1967,755.9,543.6,79,15.14,19.69,1810.37,825.37,1144.84,0.7209,1.3,20.0,dapi,0
no_KD,30min,10x-1,1968,754.5,579.6,70,31.74,41.27,1678.53,693.53,1420.36,0.4883,1.3,20.0,dapi,0
no_KD,30min,10x-1,1969,755.6,604.3,77,43.82,56.96,1179.74,194.74,1326.35,0.1468,1.3,20.0,dapi,0
no_KD,30min,10x-1,1970,755.1,703.2,92,96.42,125.34,1130.24,145.24,1217.38,0.1193,1.3,20.0,dapi,0
no_KD,30min,10x-1,1971,757.1,736.5,110,121.09,157.42,1116.62,131.62,1118.05,0.1177,1.3,20.0,dapi,0
no_KD,30min,10x-1,1972,754.7,811.6,70,110.87,144.13,1795.7,810.7,1351.26,0.6,1.3,20.0,dapi,0
no_KD,30min,10x-1,1973,754.7,902.0,72,42.86,55.71,1105.71,120.71,1299.25,0.0929,1.3,20.0,dapi,0
no_KD,30min,10x-1,1974,754.7,565.9,51,29.62,38.5,2018.55,1033.55,1179.16,0.8765,1.3,20.0,dapi,0
no_KD,30min,10x-1,1975,756.3,748.0,67,129.11,167.85,1150.03,165.03,1015.82,0.1625,1.3,20.0,dapi,0
no_KD,30min,10x-1,1976,758.0,777.5,82,128.02,166.43,1101.12,116.12,1183.93,0.0981,1.3,20.0,dapi,0
no_KD,30min,10x-1,1977,758.6,877.2,69,65.22,84.79,1123.12,138.12,1213.36,0.1138,1.3,20.0,dapi,0
no_KD,30min,10x-1,1978,757.2,918.5,87,26.05,33.87,1718.69,733.69,1131.72,0.6483,1.3,20.0,dapi,0
no_KD,30min,10x-1,1979,756.7,944.8,98,3.72,4.84,1607.57,622.57,999.74,0.6227,1.3,20.0,dapi,0
no_KD,30min,10x-1,1980,759.7,531.7,112,5.88,7.64,1789.36,804.36,1099.0,0.7319,1.3,20.0,dapi,0
no_KD,30min,10x-1,1981,760.3,667.6,78,80.66,104.86,1174.04,189.04,1010.64,0.187,1.3,20.0,dapi,0
no_KD,30min,10x-1,1982,759.1,766.8,59,133.78,173.91,1252.24,267.24,1315.86,0.2031,1.3,20.0,dapi,0
no_KD,30min,10x-1,1983,760.0,558.4,70,27.04,35.15,1174.53,189.53,1344.3,0.141,1.3,20.0,dapi,0
no_KD,30min,10x-1,1984,760.2,610.9,69,51.32,66.72,1177.91,192.91,1356.13,0.1423,1.3,20.0,dapi,0
no_KD,30min,10x-1,1985,760.4,689.1,90,91.45,118.88,1124.77,139.77,1151.48,0.1214,1.3,20.0,dapi,0
no_KD,30min,10x-1,1986,759.9,786.6,56,121.1,157.43,1603.84,618.84,1038.43,0.5959,1.3,20.0,dapi,0
no_KD,30min,10x-1,1987,762.2,827.2,91,96.02,124.82,1122.67,137.67,1165.59,0.1181,1.3,20.0,dapi,0
no_KD,30min,10x-1,1988,759.5,862.9,53,73.71,95.82,1132.0,147.0,1052.43,0.1397,1.3,20.0,dapi,0
no_KD,30min,10x-1,1989,760.8,887.1,72,56.32,73.21,1137.71,152.71,1134.24,0.1346,1.3,20.0,dapi,0
no_KD,30min,10x-1,1990,761.5,587.0,71,40.7,52.9,1217.34,232.34,1412.38,0.1645,1.3,20.0,dapi,0
no_KD,30min,10x-1,1991,760.6,675.4,59,84.86,110.31,1340.95,355.95,1073.53,0.3316,1.3,20.0,dapi,0
no_KD,30min,10x-1,1992,762.0,756.5,62,128.8,167.44,1163.82,178.82,987.08,0.1812,1.3,20.0,dapi,0
no_KD,30min,10x-1,1993,763.7,595.6,78,46.33,60.23,1255.22,270.22,1405.87,0.1922,1.3,20.0,dapi,0
no_KD,30min,10x-1,1994,763.0,621.2,62,59.41,77.23,1146.74,161.74,1385.71,0.1167,1.3,20.0,dapi,0
no_KD,30min,10x-1,1995,762.3,816.0,82,102.96,133.85,1099.33,114.33,1255.21,0.0911,1.3,20.0,dapi,0
no_KD,30min,10x-1,1996,763.7,573.2,93,39.07,50.79,1853.53,868.53,1349.15,0.6438,1.3,20.0,dapi,0
no_KD,30min,10x-1,1997,765.3,893.5,89,49.89,64.86,1116.2,131.2,1232.4,0.1065,1.3,20.0,dapi,0
no_KD,30min,10x-1,1998,764.4,630.9,87,65.11,84.65,1149.54,164.54,1282.15,0.1283,1.3,20.0,dapi,0
no_KD,30min,10x-1,1999,765.3,706.9,84,106.53,138.49,1125.76,140.76,1123.11,0.1253,1.3,20.0,dapi,0
no_KD,30min,10x-1,2000,766.1,836.2,84,87.52,113.77,1152.0,167.0,1203.13,0.1388,1.3,20.0,dapi,0
no_KD,30min,10x-1,2001,765.5,852.3,87,76.64,99.63,1117.05,132.05,1222.77,0.108,1.3,20.0,dapi,0
no_KD,30min,10x-1,2002,765.6,644.9,69,73.62,95.7,1140.04,155.04,1031.41,0.1503,1.3,20.0,dapi,0
no_KD,30min,10x-1,2003,765.9,903.4,99,39.84,51.79,1174.81,189.81,1118.28,0.1697,1.3,20.0,dapi,0
no_KD,30min,10x-1,2004,764.5,936.6,72,6.75,8.78,1775.86,790.86,1214.18,0.6514,1.3,20.0,dapi,0
no_KD,30min,10x-1,2005,766.9,655.4,88,79.13,102.87,1114.24,129.24,1236.6,0.1045,1.3,20.0,dapi,0
no_KD,30min,10x-1,2006,766.3,742.9,82,122.91,159.78,1158.39,173.39,1158.23,0.1497,1.3,20.0,dapi,0
no_KD,30min,10x-1,2007,768.5,699.2,82,103.82,134.96,1113.9,128.9,1166.73,0.1105,1.3,20.0,dapi,0
no_KD,30min,10x-1,2008,766.3,729.1,70,120.56,156.73,1154.71,169.71,976.0,0.1739,1.3,20.0,dapi,0
no_KD,30min,10x-1,2009,767.6,921.3,87,21.74,28.26,1789.2,804.2,1113.25,0.7224,1.3,20.0,dapi,0
no_KD,30min,10x-1,2010,769.5,540.1,117,8.95,11.63,1830.54,845.54,1067.44,0.7921,1.3,20.0,dapi,0
no_KD,30min,10x-1,2011,770.4,795.0,87,108.32,140.82,1132.4,147.4,1167.34,0.1263,1.3,20.0,dapi,0
no_KD,30min,10x-1,2012,767.5,879.2,43,56.96,74.05,1175.63,190.63,1206.6,0.158,1.3,20.0,dapi,0
no_KD,30min,10x-1,2013,769.6,600.4,62,53.5,69.55,1685.94,700.94,1118.53,0.6267,1.3,20.0,dapi,0
no_KD,30min,10x-1,2014,770.8,682.9,84,97.49,126.73,1423.89,438.89,1267.08,0.3464,1.3,20.0,dapi,0
no_KD,30min,10x-1,2015,769.5,805.8,49,102.45,133.19,1100.92,115.92,1062.71,0.1091,1.3,20.0,dapi,0
no_KD,30min,10x-1,2016,771.7,563.5,76,29.44,38.27,1320.28,335.28,1322.34,0.2535,1.3,20.0,dapi,0
no_KD,30min,10x-1,2017,771.1,784.3,65,114.08,148.31,1719.82,734.82,1108.77,0.6627,1.3,20.0,dapi,0
no_KD,30min,10x-1,2018,772.9,908.7,100,33.66,43.75,1169.2,184.2,1124.91,0.1637,1.3,20.0,dapi,0
no_KD,30min,10x-1,2019,771.3,577.9,68,41.2,53.56,1227.26,242.26,1382.22,0.1753,1.3,20.0,dapi,0
no_KD,30min,10x-1,2020,770.9,610.5,59,60.07,78.09,1270.17,285.17,1254.39,0.2273,1.3,20.0,dapi,0
no_KD,30min,10x-1,2021,773.1,844.0,97,77.27,100.44,1114.44,129.44,1138.36,0.1137,1.3,20.0,dapi,0
no_KD,30min,10x-1,2022,772.7,861.8,90,64.77,84.2,1117.49,132.49,1184.2,0.1119,1.3,20.0,dapi,0
no_KD,30min,10x-1,2023,772.6,634.9,53,74.95,97.44,1154.91,169.91,1187.57,0.1431,1.3,20.0,dapi,0
no_KD,30min,10x-1,2024,773.2,663.1,75,88.39,114.91,1577.39,592.39,1417.99,0.4178,1.3,20.0,dapi,0
no_KD,30min,10x-1,2025,772.9,769.0,70,120.57,156.75,1193.84,208.84,963.43,0.2168,1.3,20.0,dapi,0
no_KD,30min,10x-1,2026,773.6,817.8,52,92.81,120.65,1134.29,149.29,1068.08,0.1398,1.3,20.0,dapi,0
no_KD,30min,10x-1,2027,773.8,883.7,63,49.15,63.9,1233.63,248.63,1090.67,0.228,1.3,20.0,dapi,0
no_KD,30min,10x-1,2028,773.0,931.1,57,11.69,15.2,1919.54,934.54,1195.37,0.7818,1.3,20.0,dapi,0
no_KD,30min,10x-1,2029,776.1,717.7,81,109.72,142.63,1205.3,220.3,1236.44,0.1782,1.3,20.0,dapi,0
no_KD,30min,10x-1,2030,776.6,828.3,76,83.77,108.9,1110.62,125.62,1120.72,0.1121,1.3,20.0,dapi,0
no_KD,30min,10x-1,2031,776.5,728.2,98,110.51,143.67,1112.37,127.37,1204.61,0.1057,1.3,20.0,dapi,0
no_KD,30min,10x-1,2032,776.1,747.2,66,113.49,147.54,1156.91,171.91,1018.56,0.1688,1.3,20.0,dapi,0
no_KD,30min,10x-1,2033,777.1,937.6,99,5.5,7.14,1769.11,784.11,1061.07,0.739,1.3,20.0,dapi,0
no_KD,30min,10x-1,2034,777.7,548.3,88,13.62,17.7,1905.67,920.67,1176.91,0.7823,1.3,20.0,dapi,0
no_KD,30min,10x-1,2035,778.6,672.5,83,98.9,128.57,1132.23,147.23,1218.89,0.1208,1.3,20.0,dapi,0
no_KD,30min,10x-1,2036,777.4,705.1,76,108.72,141.33,1136.26,151.26,1022.51,0.1479,1.3,20.0,dapi,0
no_KD,30min,10x-1,2037,778.1,584.0,64,41.47,53.92,1164.53,179.53,1336.83,0.1343,1.3,20.0,dapi,0
no_KD,30min,10x-1,2038,778.0,596.5,91,51.73,67.26,1167.57,182.57,1236.3,0.1477,1.3,20.0,dapi,0
no_KD,30min,10x-1,2039,778.5,621.9,75,72.23,93.9,1142.79,157.79,1341.0,0.1177,1.3,20.0,dapi,0
no_KD,30min,10x-1,2040,779.8,611.8,88,65.39,85.01,1130.99,145.99,1254.81,0.1163,1.3,20.0,dapi,0
no_KD,30min,10x-1,2041,780.8,536.6,123,4.34,5.64,1659.76,674.76,987.88,0.683,1.3,20.0,dapi,0
no_KD,30min,10x-1,2042,780.1,641.0,81,83.91,109.09,1115.4,130.4,1280.64,0.1018,1.3,20.0,dapi,0
no_KD,30min,10x-1,2043,781.6,692.8,86,104.62,136.0,1124.24,139.24,1168.77,0.1191,1.3,20.0,dapi,0
no_KD,30min,10x-1,2044,781.0,761.6,107,111.22,144.59,1100.83,115.83,1105.47,0.1048,1.3,20.0,dapi,0
no_KD,30min,10x-1,2045,781.2,890.8,93,39.29,51.07,1254.97,269.97,1128.31,0.2393,1.3,20.0,dapi,0
no_KD,30min,10x-1,2046,780.3,922.9,91,20.08,26.11,1637.55,652.55,1094.93,0.596,1.3,20.0,dapi,0
no_KD,30min,10x-1,2047,781.0,572.4,82,30.07,39.09,1365.37,380.37,1291.66,0.2945,1.3,20.0,dapi,0
no_KD,30min,10x-1,2048,780.8,682.9,48,105.68,137.39,1192.73,207.73,1103.31,0.1883,1.3,20.0,dapi,0
no_KD,30min,10x-1,2049,780.9,873.1,65,51.62,67.11,1523.72,538.72,1287.22,0.4185,1.3,20.0,dapi,0
no_KD,30min,10x-1,2050,783.2,778.8,102,108.38,140.89,1104.75,119.75,1127.67,0.1062,1.3,20.0,dapi,0
no_KD,30min,10x-1,2051,782.3,807.5,87,91.69,119.19,1133.89,148.89,1169.2,0.1273,1.3,20.0,dapi,0
no_KD,30min,10x-1,2052,783.2,843.9,83,69.02,89.72,1171.52,186.52,1223.27,0.1525,1.3,20.0,dapi,0
no_KD,30min,10x-1,2053,784.4,738.0,87,104.26,135.53,1203.95,218.95,1208.0,0.1813,1.3,20.0,dapi,0
no_KD,30min,10x-1,2054,784.4,816.2,76,85.34,110.94,1198.74,213.74,1050.12,0.2035,1.3,20.0,dapi,0
no_KD,30min,10x-1,2055,783.8,863.7,92,55.33,71.92,1122.72,137.72,1144.71,0.1203,1.3,20.0,dapi,0
no_KD,30min,10x-1,2056,783.3,909.3,89,27.25,35.43,1375.43,390.43,1130.98,0.3452,1.3,20.0,dapi,0
no_KD,30min,10x-1,2057,784.8,559.4,75,17.86,23.21,1845.64,860.64,1012.07,0.8504,1.3,20.0,dapi,0
no_KD,30min,10x-1,2058,785.3,662.1,81,98.26,127.74,1453.79,468.79,1342.72,0.3491,1.3,20.0,dapi,0
no_KD,30min,10x-1,2059,786.1,794.1,80,96.14,124.98,1148.96,163.96,1069.7,0.1533,1.3,20.0,dapi,0
no_KD,30min,10x-1,2060,786.6,707.9,83,98.63,128.22,1124.98,139.98,1044.29,0.134,1.3,20.0,dapi,0
no_KD,30min,10x-1,2061,787.6,851.7,86,60.33,78.43,1657.09,672.09,1148.8,0.585,1.3,20.0,dapi,0
no_KD,30min,10x-1,2062,785.9,880.1,50,43.44,56.47,1148.98,163.98,1043.2,0.1572,1.3,20.0,dapi,0
no_KD,30min,10x-1,2063,787.3,939.4,102,3.4,4.42,1441.89,456.89,881.21,0.5185,1.3,20.0,dapi,0
no_KD,30min,10x-1,2064,787.5,595.1,66,47.01,61.11,1125.38,140.38,1305.92,0.1075,1.3,20.0,dapi,0
no_KD,30min,10x-1,2065,786.8,631.8,62,82.36,107.07,1441.48,456.48,1207.03,0.3782,1.3,20.0,dapi,0
no_KD,30min,10x-1,2066,790.5,547.2,118,5.21,6.77,1619.8,634.8,1042.76,0.6088,1.3,20.0,dapi,0
no_KD,30min,10x-1,2067,789.0,578.3,96,30.68,39.88,1446.88,461.88,1175.65,0.3929,1.3,20.0,dapi,0
no_KD,30min,10x-1,2068,789.3,621.3,66,71.2,92.56,1146.21,161.21,1286.03,0.1254,1.3,20.0,dapi,0
no_KD,30min,10x-1,2069,791.3,746.2,96,98.48,128.02,1270.91,285.91,1114.05,0.2566,1.3,20.0,dapi,0
no_KD,30min,10x-1,2070,792.2,653.4,154,96.42,125.34,1238.86,253.86,1181.61,0.2148,1.3,20.0,dapi,0
no_KD,30min,10x-1,2071,791.3,610.3,92,60.05,78.06,1286.63,301.63,1224.59,0.2463,1.3,20.0,dapi,0
no_KD,30min,10x-1,2072,791.5,914.4,109,17.17,22.32,1726.74,741.74,1026.94,0.7223,1.3,20.0,dapi,0
no_KD,30min,10x-1,2073,793.0,728.0,96,93.65,121.75,1168.56,183.56,1128.66,0.1626,1.3,20.0,dapi,0
no_KD,30min,10x-1,2074,792.2,757.7,75,99.59,129.47,1122.07,137.07,1215.49,0.1128,1.3,20.0,dapi,0
no_KD,30min,10x-1,2075,792.8,785.2,62,97.05,126.16,1361.71,376.71,995.66,0.3784,1.3,20.0,dapi,0
no_KD,30min,10x-1,2076,791.0,801.2,53,87.85,114.2,1385.64,400.64,1047.77,0.3824,1.3,20.0,dapi,0
no_KD,30min,10x-1,2077,791.2,820.6,29,76.79,99.83,1269.52,284.52,1393.03,0.2042,1.3,20.0,dapi,0
no_KD,30min,10x-1,2078,792.3,872.2,69,44.01,57.22,1140.42,155.42,1154.91,0.1346,1.3,20.0,dapi,0
no_KD,30min,10x-1,2079,792.8,697.8,64,93.28,121.26,1278.12,293.12,1162.36,0.2522,1.3,20.0,dapi,0
no_KD,30min,10x-1,2080,793.0,898.9,65,24.98,32.47,1264.8,279.8,1064.14,0.2629,1.3,20.0,dapi,0
no_KD,30min,10x-1,2081,795.5,643.2,83,91.02,118.32,1154.81,169.81,1228.51,0.1382,1.3,20.0,dapi,0
no_KD,30min,10x-1,2082,794.0,668.7,58,92.69,120.5,1160.38,175.38,1095.05,0.1602,1.3,20.0,dapi,0
no_KD,30min,10x-1,2083,794.4,688.0,73,92.62,120.4,1503.92,518.92,1271.7,0.4081,1.3,20.0,dapi,0
no_KD,30min,10x-1,2084,794.4,885.8,78,33.44,43.47,1285.68,300.68,1178.99,0.255,1.3,20.0,dapi,0
no_KD,30min,10x-1,2085,795.3,631.6,55,80.79,105.03,1450.16,465.16,1174.64,0.396,1.3,20.0,dapi,0
no_KD,30min,10x-1,2086,796.2,557.5,82,9.03,11.74,1912.88,927.88,1252.57,0.7408,1.3,20.0,dapi,0
no_KD,30min,10x-1,2087,796.6,678.8,60,89.62,116.51,1136.15,151.15,1054.03,0.1434,1.3,20.0,dapi,0
no_KD,30min,10x-1,2088,795.9,774.3,84,99.09,128.82,1131.17,146.17,1077.82,0.1356,1.3,20.0,dapi,0
no_KD,30min,10x-1,2089,796.3,840.4,74,61.69,80.2,1255.46,270.46,1184.73,0.2283,1.3,20.0,dapi,0
no_KD,30min,10x-1,2090,796.6,930.6,123,3.82,4.97,1534.29,549.29,914.22,0.6008,1.3,20.0,dapi,0
no_KD,30min,10x-1,2091,797.8,569.4,77,18.79,24.43,1858.64,873.64,1067.81,0.8182,1.3,20.0,dapi,0
no_KD,30min,10x-1,2092,797.1,596.9,82,46.01,59.81,1129.12,144.12,1321.15,0.1091,1.3,20.0,dapi,0
no_KD,30min,10x-1,2093,797.1,809.2,31,78.22,101.68,1254.71,269.71,1309.77,0.2059,1.3,20.0,dapi,0
no_KD,30min,10x-1,2094,798.2,863.9,71,45.52,59.17,1083.94,98.94,1246.93,0.0793,1.3,20.0,dapi,0
no_KD,30min,10x-1,2095,799.4,618.8,64,67.35,87.55,1132.88,147.88,999.31,0.148,1.3,20.0,dapi,0
no_KD,30min,10x-1,2096,799.8,709.1,81,85.62,111.31,1089.98,104.98,962.21,0.1091,1.3,20.0,dapi,0
no_KD,30min,10x-1,2097,801.2,720.2,77,84.86,110.32,1345.68,360.68,1232.03,0.2927,1.3,20.0,dapi,0
no_KD,30min,10x-1,2098,800.5,766.4,56,93.47,121.51,1241.93,256.93,1140.95,0.2252,1.3,20.0,dapi,0
no_KD,30min,10x-1,2099,801.2,789.6,84,87.69,114.0,1687.29,702.29,960.82,0.7309,1.3,20.0,dapi,0
no_KD,30min,10x-1,2100,800.5,584.2,59,32.67,42.47,1191.66,206.66,1238.92,0.1668,1.3,20.0,dapi,0
no_KD,30min,10x-1,2101,800.8,757.3,80,90.61,117.79,1230.31,245.31,1166.21,0.2103,1.3,20.0,dapi,0
no_KD,30min,10x-1,2102,802.2,831.9,71,62.0,80.61,1111.9,126.9,1136.46,0.1117,1.3,20.0,dapi,0
no_KD,30min,10x-1,2103,802.2,900.8,108,17.17,22.32,1556.73,571.73,1027.16,0.5566,1.3,20.0,dapi,0
no_KD,30min,10x-1,2104,802.3,631.2,61,77.23,100.4,1122.25,137.25,1118.26,0.1227,1.3,20.0,dapi,0
no_KD,30min,10x-1,2105,804.1,740.9,94,85.02,110.53,1120.93,135.93,1175.97,0.1156,1.3,20.0,dapi,0
no_KD,30min,10x-1,2106,805.3,878.9,109,30.07,39.09,1140.49,155.49,1022.43,0.1521,1.3,20.0,dapi,0
no_KD,30min,10x-1,2107,804.8,843.8,71,52.5,68.25,1107.92,122.92,1121.97,0.1096,1.3,20.0,dapi,0
no_KD,30min,10x-1,2108,804.8,853.4,102,46.24,60.11,1104.97,119.97,1051.73,0.1141,1.3,20.0,dapi,0
no_KD,30min,10x-1,2109,806.5,557.5,109,4.84,6.29,1692.83,707.83,1085.23,0.6522,1.3,20.0,dapi,0
no_KD,30min,10x-1,2110,804.3,802.3,50,77.31,100.51,1363.78,378.78,1033.18,0.3666,1.3,20.0,dapi,0
no_KD,30min,10x-1,2111,805.8,821.5,85,63.39,82.4,1135.19,150.19,1174.39,0.1279,1.3,20.0,dapi,0
no_KD,30min,10x-1,2112,804.8,918.8,117,3.85,5.01,1601.79,616.79,937.68,0.6578,1.3,20.0,dapi,0
no_KD,30min,10x-1,2113,807.1,578.2,100,25.72,33.44,1637.47,652.47,1185.96,0.5502,1.3,20.0,dapi,0
no_KD,30min,10x-1,2114,806.2,598.8,72,46.74,60.77,1134.1,149.1,1355.26,0.11,1.3,20.0,dapi,0
no_KD,30min,10x-1,2115,805.0,671.7,63,81.62,106.11,1119.6,134.6,1037.16,0.1298,1.3,20.0,dapi,0
no_KD,30min,10x-1,2116,807.3,725.2,69,79.38,103.19,1125.07,140.07,1247.71,0.1123,1.3,20.0,dapi,0
no_KD,30min,10x-1,2117,807.4,643.2,88,84.24,109.51,1136.0,151.0,1168.05,0.1293,1.3,20.0,dapi,0
no_KD,30min,10x-1,2118,807.2,693.9,58,79.62,103.5,1226.98,241.98,969.12,0.2497,1.3,20.0,dapi,0
no_KD,30min,10x-1,2119,808.4,612.5,76,58.89,76.56,1139.78,154.78,1261.57,0.1227,1.3,20.0,dapi,0
no_KD,30min,10x-1,2120,810.5,662.7,91,77.16,100.3,1290.53,305.53,1216.38,0.2512,1.3,20.0,dapi,0
no_KD,30min,10x-1,2121,808.9,682.9,64,77.7,101.01,1154.67,169.67,1148.45,0.1477,1.3,20.0,dapi,0
no_KD,30min,10x-1,2122,808.2,765.5,72,85.62,111.3,1305.76,320.76,1054.47,0.3042,1.3,20.0,dapi,0
no_KD,30min,10x-1,2123,810.1,865.2,99,34.83,45.29,1205.09,220.09,1063.6,0.2069,1.3,20.0,dapi,0
no_KD,30min,10x-1,2124,809.6,587.8,48,35.62,46.3,1185.35,200.35,1283.92,0.156,1.3,20.0,dapi,0
no_KD,30min,10x-1,2125,809.9,706.9,73,75.66,98.36,1139.12,154.12,980.56,0.1572,1.3,20.0,dapi,0
no_KD,30min,10x-1,2126,810.5,894.9,104,15.23,19.79,1467.8,482.8,1042.59,0.4631,1.3,20.0,dapi,0
no_KD,30min,10x-1,2127,811.6,630.8,79,71.44,92.87,1130.91,145.91,1272.37,0.1147,1.3,20.0,dapi,0
no_KD,30min,10x-1,2128,810.6,790.0,47,80.14,104.18,1321.15,336.15,1054.57,0.3188,1.3,20.0,dapi,0
no_KD,30min,10x-1,2129,812.7,752.6,78,78.01,101.41,1149.68,164.68,1141.1,0.1443,1.3,20.0,dapi,0
no_KD,30min,10x-1,2130,813.1,567.7,97,15.62,20.3,1678.55,693.55,954.18,0.7269,1.3,20.0,dapi,0
no_KD,30min,10x-1,2131,814.5,771.3,104,79.95,103.94,1415.19,430.19,1132.56,0.3798,1.3,20.0,dapi,0
no_KD,30min,10x-1,2132,814.3,832.7,102,50.86,66.11,1101.75,116.75,1085.94,0.1075,1.3,20.0,dapi,0
no_KD,30min,10x-1,2133,815.3,604.7,79,49.0,63.7,1140.51,155.51,1271.42,0.1223,1.3,20.0,dapi,0
no_KD,30min,10x-1,2134,814.0,729.6,65,73.26,95.24,1128.97,143.97,1287.35,0.1118,1.3,20.0,dapi,0
no_KD,30min,10x-1,2135,814.7,675.1,76,71.62,93.1,1312.86,327.86,1297.37,0.2527,1.3,20.0,dapi,0
no_KD,30min,10x-1,2136,815.6,906.8,117,3.85,5.01,1522.8,537.8,963.23,0.5583,1.3,20.0,dapi,0
no_KD,30min,10x-1,2137,816.6,817.6,82,56.96,74.05,1109.61,124.61,1179.1,0.1057,1.3,20.0,dapi,0
no_KD,30min,10x-1,2138,817.2,618.5,84,58.68,76.28,1113.26,128.26,1278.88,0.1003,1.3,20.0,dapi,0
no_KD,30min,10x-1,2139,816.6,637.0,47,74.09,96.31,1150.89,165.89,1297.34,0.1279,1.3,20.0,dapi,0
no_KD,30min,10x-1,2140,817.0,742.2,74,72.19,93.84,1126.78,141.78,1067.64,0.1328,1.3,20.0,dapi,0
no_KD,30min,10x-1,2141,818.3,592.2,57,37.77,49.1,1371.33,386.33,1042.86,0.3705,1.3,20.0,dapi,0
no_KD,30min,10x-1,2142,819.4,649.1,86,71.02,92.32,1139.52,154.52,1255.58,0.1231,1.3,20.0,dapi,0
no_KD,30min,10x-1,2143,818.5,703.9,81,67.83,88.18,1159.56,174.56,1210.21,0.1442,1.3,20.0,dapi,0
no_KD,30min,10x-1,2144,820.1,579.8,89,28.18,36.64,1442.64,457.64,1225.93,0.3733,1.3,20.0,dapi,0
no_KD,30min,10x-1,2145,819.9,854.2,102,34.86,45.32,1230.87,245.87,1049.0,0.2344,1.3,20.0,dapi,0
no_KD,30min,10x-1,2146,821.2,553.1,94,2.34,3.04,1685.5,700.5,893.83,0.7837,1.3,20.0,dapi,0
no_KD,30min,10x-1,2147,820.5,657.5,77,67.18,87.33,1151.49,166.49,1254.49,0.1327,1.3,20.0,dapi,0
no_KD,30min,10x-1,2148,820.8,715.9,75,64.67,84.07,1104.25,119.25,1162.97,0.1025,1.3,20.0,dapi,0
no_KD,30min,10x-1,2149,819.8,763.0,48,73.26,95.24,1726.27,741.27,1106.33,0.67,1.3,20.0,dapi,0
no_KD,30min,10x-1,2150,820.8,778.3,73,75.55,98.21,1142.6,157.6,1039.27,0.1516,1.3,20.0,dapi,0
no_KD,30min,10x-1,2151,820.5,804.4,102,63.36,82.37,1427.69,442.69,1083.06,0.4087,1.3,20.0,dapi,0
no_KD,30min,10x-1,2152,821.6,891.9,128,9.68,12.58,1599.21,614.21,936.84,0.6556,1.3,20.0,dapi,0
no_KD,30min,10x-1,2153,821.4,689.7,102,65.62,85.3,1139.23,154.23,1107.73,0.1392,1.3,20.0,dapi,0
no_KD,30min,10x-1,2154,822.0,786.4,68,75.22,97.79,1169.57,184.57,1016.62,0.1816,1.3,20.0,dapi,0
no_KD,30min,10x-1,2155,822.8,564.9,89,14.35,18.65,2052.62,1067.62,1255.38,0.8504,1.3,20.0,dapi,0
no_KD,30min,10x-1,2156,823.2,606.7,49,45.42,59.04,1218.0,233.0,1146.37,0.2033,1.3,20.0,dapi,0
no_KD,30min,10x-1,2157,825.5,670.5,137,61.67,80.18,1154.7,169.7,1211.81,0.14,1.3,20.0,dapi,0
no_KD,30min,10x-1,2158,824.4,830.0,95,44.02,57.23,1107.37,122.37,1127.17,0.1086,1.3,20.0,dapi,0
no_KD,30min,10x-1,2159,824.2,876.0,90,17.07,22.18,1638.32,653.32,912.68,0.7158,1.3,20.0,dapi,0
no_KD,30min,10x-1,2160,824.4,640.2,65,69.31,90.1,1143.29,158.29,1334.43,0.1186,1.3,20.0,dapi,0
no_KD,30min,10x-1,2161,825.0,732.7,82,63.2,82.16,1252.13,267.13,1162.76,0.2297,1.3,20.0,dapi,0
no_KD,30min,10x-1,2162,824.6,628.9,60,63.34,82.34,1134.48,149.48,1272.25,0.1175,1.3,20.0,dapi,0
no_KD,30min,10x-1,2163,825.7,746.9,63,64.04,83.26,1629.0,644.0,957.46,0.6726,1.3,20.0,dapi,0
no_KD,30min,10x-1,2164,828.6,592.8,78,30.71,39.93,1379.76,394.76,1283.78,0.3075,1.3,20.0,dapi,0
no_KD,30min,10x-1,2165,829.0,865.6,83,19.97,25.96,1598.77,613.77,903.95,0.679,1.3,20.0,dapi,0
no_KD,30min,10x-1,2166,828.2,579.5,63,22.42,29.14,1989.29,1004.29,1200.56,0.8365,1.3,20.0,dapi,0
no_KD,30min,10x-1,2167,829.9,619.1,61,52.16,67.81,1154.9,169.9,1030.0,0.165,1.3,20.0,dapi,0
no_KD,30min,10x-1,2168,829.0,769.2,85,65.94,85.72,1143.95,158.95,1068.19,0.1488,1.3,20.0,dapi,0
no_KD,30min,10x-1,2169,830.5,566.6,76,14.35,18.65,2075.76,1090.76,1364.88,0.7992,1.3,20.0,dapi,0
no_KD,30min,10x-1,2170,830.2,611.6,60,45.91,59.68,1173.47,188.47,1084.1,0.1738,1.3,20.0,dapi,0
no_KD,30min,10x-1,2171,830.1,697.4,62,56.62,73.61,1156.37,171.37,1163.24,0.1473,1.3,20.0,dapi,0
no_KD,30min,10x-1,2172,831.1,707.7,75,54.64,71.04,1098.61,113.61,1328.35,0.0855,1.3,20.0,dapi,0
no_KD,30min,10x-1,2173,829.3,758.3,50,63.53,82.59,1541.38,556.38,1063.64,0.5231,1.3,20.0,dapi,0
no_KD,30min,10x-1,2174,830.0,796.2,79,62.45,81.18,1114.72,129.72,1194.41,0.1086,1.3,20.0,dapi,0
no_KD,30min,10x-1,2175,833.2,680.6,128,53.68,69.78,1164.12,179.12,983.14,0.1822,1.3,20.0,dapi,0
no_KD,30min,10x-1,2176,831.7,895.3,116,2.5,3.26,1374.71,389.71,855.99,0.4553,1.3,20.0,dapi,0
no_KD,30min,10x-1,2177,832.0,600.0,49,34.55,44.91,1248.55,263.55,1214.41,0.217,1.3,20.0,dapi,0
no_KD,30min,10x-1,2178,831.3,650.3,75,59.25,77.02,1132.92,147.92,1301.05,0.1137,1.3,20.0,dapi,0
no_KD,30min,10x-1,2179,832.8,717.1,87,52.73,68.55,1118.71,133.71,1101.78,0.1214,1.3,20.0,dapi,0
no_KD,30min,10x-1,2180,832.5,810.0,67,50.41,65.53,1102.01,117.01,1118.12,0.1047,1.3,20.0,dapi,0
no_KD,30min,10x-1,2181,835.5,880.0,132,5.88,7.64,1614.33,629.33,908.41,0.6928,1.3,20.0,dapi,0
no_KD,30min,10x-1,2182,831.9,785.3,67,65.66,85.36,1106.37,121.37,1208.7,0.1004,1.3,20.0,dapi,0
no_KD,30min,10x-1,2183,832.9,836.0,81,33.22,43.18,1135.69,150.69,970.06,0.1553,1.3,20.0,dapi,0
no_KD,30min,10x-1,2184,834.4,636.0,86,60.28,78.36,1126.01,141.01,1242.67,0.1135,1.3,20.0,dapi,0
no_KD,30min,10x-1,2185,835.5,819.1,89,42.24,54.92,1105.24,120.24,1116.75,0.1077,1.3,20.0,dapi,0
no_KD,30min,10x-1,2186,836.9,554.8,117,4.72,6.13,1686.84,701.84,1004.81,0.6985,1.3,20.0,dapi,0
no_KD,30min,10x-1,2187,835.3,745.8,91,55.02,71.53,1140.81,155.81,982.89,0.1585,1.3,20.0,dapi,0
no_KD,30min,10x-1,2188,836.0,846.5,93,25.32,32.92,1212.12,227.12,1072.7,0.2117,1.3,20.0,dapi,0
no_KD,30min,10x-1,2189,836.2,857.6,79,19.6,25.48,1596.49,611.49,963.1,0.6349,1.3,20.0,dapi,0
no_KD,30min,10x-1,2190,836.4,570.8,57,10.69,13.9,1887.98,902.98,1177.49,0.7669,1.3,20.0,dapi,0
no_KD,30min,10x-1,2191,835.7,730.7,69,52.06,67.68,1169.78,184.78,1098.8,0.1682,1.3,20.0,dapi,0
no_KD,30min,10x-1,2192,836.4,581.1,38,17.14,22.28,2283.42,1298.42,1334.82,0.9727,1.3,20.0,dapi,0
no_KD,30min,10x-1,2193,838.6,625.4,63,54.51,70.86,1119.76,134.76,1320.6,0.102,1.3,20.0,dapi,0
no_KD,30min,10x-1,2194,839.1,605.5,71,35.69,46.4,1135.82,150.82,1315.85,0.1146,1.3,20.0,dapi,0
no_KD,30min,10x-1,2195,838.5,662.5,84,49.55,64.42,1730.29,745.29,1139.94,0.6538,1.3,20.0,dapi,0
no_KD,30min,10x-1,2196,838.2,651.1,70,52.29,67.98,1132.0,147.0,1295.73,0.1134,1.3,20.0,dapi,0
no_KD,30min,10x-1,2197,839.6,700.8,58,46.28,60.16,1100.53,115.53,1309.29,0.0882,1.3,20.0,dapi,0
no_KD,30min,10x-1,2198,840.1,759.0,91,52.86,68.72,1110.69,125.69,1027.71,0.1223,1.3,20.0,dapi,0
no_KD,30min,10x-1,2199,841.1,717.1,83,44.75,58.17,1127.69,142.69,1279.11,0.1116,1.3,20.0,dapi,0
no_KD,30min,10x-1,2200,841.6,775.9,73,54.49,70.83,1123.81,138.81,1151.63,0.1205,1.3,20.0,dapi,0
no_KD,30min,10x-1,2201,842.3,594.1,94,24.43,31.76,1392.15,407.15,1177.56,0.3458,1.3,20.0,dapi,0
no_KD,30min,10x-1,2202,840.8,614.6,53,44.39,57.71,1208.09,223.09,1117.66,0.1996,1.3,20.0,dapi,0
no_KD,30min,10x-1,2203,842.2,784.1,78,55.64,72.33,1132.72,147.72,1209.03,0.1222,1.3,20.0,dapi,0
no_KD,30min,10x-1,2204,841.0,832.1,98,29.89,38.86,1123.82,138.82,1105.07,0.1256,1.3,20.0,dapi,0
no_KD,30min,10x-1,2205,842.7,687.8,92,43.62,56.7,1151.87,166.87,1163.53,0.1434,1.3,20.0,dapi,0
no_KD,30min,10x-1,2206,841.9,767.1,48,52.92,68.8,1113.38,128.38,1126.94,0.1139,1.3,20.0,dapi,0
no_KD,30min,10x-1,2207,846.5,578.7,153,8.8,11.44,1931.1,946.1,1281.92,0.738,1.3,20.0,dapi,0
no_KD,30min,10x-1,2208,844.2,737.8,80,44.91,58.39,1118.6,133.6,1217.44,0.1097,1.3,20.0,dapi,0
no_KD,30min,10x-1,2209,845.9,642.5,79,47.74,62.06,1163.84,178.84,1161.61,0.154,1.3,20.0,dapi,0
no_KD,30min,10x-1,2210,844.8,676.6,50,41.62,54.1,1665.22,680.22,1053.94,0.6454,1.3,20.0,dapi,0
no_KD,30min,10x-1,2211,846.2,872.0,118,4.41,5.74,1637.32,652.32,951.96,0.6852,1.3,20.0,dapi,0
no_KD,30min,10x-1,2212,846.5,632.2,73,48.18,62.63,1146.73,161.73,1331.67,0.1214,1.3,20.0,dapi,0
no_KD,30min,10x-1,2213,847.7,746.9,99,42.59,55.37,1111.29,126.29,1103.92,0.1144,1.3,20.0,dapi,0
no_KD,30min,10x-1,2214,846.9,797.2,79,51.19,66.55,1122.09,137.09,1143.33,0.1199,1.3,20.0,dapi,0
no_KD,30min,10x-1,2215,847.6,817.5,91,34.82,45.27,1113.08,128.08,1094.53,0.117,1.3,20.0,dapi,0
no_KD,30min,10x-1,2216,846.4,723.2,60,40.52,52.67,1429.43,444.43,1347.2,0.3299,1.3,20.0,dapi,0
no_KD,30min,10x-1,2217,848.8,654.2,57,40.92,53.19,1202.81,217.81,1267.14,0.1719,1.3,20.0,dapi,0
no_KD,30min,10x-1,2218,849.9,841.7,104,16.44,21.38,1284.03,299.03,1047.38,0.2855,1.3,20.0,dapi,0
no_KD,30min,10x-1,2219,850.0,667.5,52,36.86,47.91,1564.4,579.4,1058.15,0.5476,1.3,20.0,dapi,0
no_KD,30min,10x-1,2220,851.8,622.7,65,46.08,59.91,1160.37,175.37,1061.63,0.1652,1.3,20.0,dapi,0
no_KD,30min,10x-1,2221,851.7,700.7,85,34.44,44.77,1110.79,125.79,1092.41,0.1151,1.3,20.0,dapi,0
no_KD,30min,10x-1,2222,853.0,859.9,159,4.26,5.54,1546.89,561.89,850.03,0.661,1.3,20.0,dapi,0
no_KD,30min,10x-1,2223,852.5,602.3,56,28.76,37.39,1325.2,340.2,1166.54,0.2916,1.3,20.0,dapi,0
no_KD,30min,10x-1,2224,851.6,717.2,70,33.78,43.91,1171.23,186.23,1054.89,0.1765,1.3,20.0,dapi,0
no_KD,30min,10x-1,2225,854.0,830.3,124,21.41,27.84,1115.52,130.52,983.51,0.1327,1.3,20.0,dapi,0
no_KD,30min,10x-1,2226,852.8,611.2,63,37.11,48.25,1238.27,253.27,1285.06,0.1971,1.3,20.0,dapi,0
no_KD,30min,10x-1,2227,854.8,798.5,88,46.33,60.23,1132.64,147.64,1256.57,0.1175,1.3,20.0,dapi,0
no_KD,30min,10x-1,2228,855.4,593.9,69,20.31,26.4,1618.75,633.75,1283.97,0.4936,1.3,20.0,dapi,0
no_KD,30min,10x-1,2229,853.9,684.6,86,32.66,42.45,1211.64,226.64,1117.92,0.2027,1.3,20.0,dapi,0
no_KD,30min,10x-1,2230,855.4,771.0,89,40.94,53.22,1251.27,266.27,1066.67,0.2496,1.3,20.0,dapi,0
no_KD,30min,10x-1,2231,853.4,782.4,65,44.46,57.79,1148.22,163.22,972.98,0.1677,1.3,20.0,dapi,0
no_KD,30min,10x-1,2232,856.0,638.9,67,38.08,49.5,1153.58,168.58,1040.28,0.1621,1.3,20.0,dapi,0
no_KD,30min,10x-1,2233,856.9,807.6,90,36.59,47.56,1566.01,581.01,1210.96,0.4798,1.3,20.0,dapi,0
no_KD,30min,10x-1,2234,858.2,585.5,89,10.92,14.2,2014.7,1029.7,1234.34,0.8342,1.3,20.0,dapi,0
no_KD,30min,10x-1,2235,857.0,732.2,76,31.62,41.1,1170.96,185.96,1055.54,0.1762,1.3,20.0,dapi,0
no_KD,30min,10x-1,2236,857.8,651.2,75,33.81,43.95,1395.12,410.12,1373.33,0.2986,1.3,20.0,dapi,0
no_KD,30min,10x-1,2237,857.2,753.9,91,35.25,45.83,1147.31,162.31,1094.07,0.1484,1.3,20.0,dapi,0
no_KD,30min,10x-1,2238,861.3,846.8,139,5.71,7.42,1729.03,744.03,904.51,0.8226,1.3,20.0,dapi,0
no_KD,30min,10x-1,2239,861.5,657.0,68,27.7,36.01,1679.93,694.93,1208.69,0.5749,1.3,20.0,dapi,0
no_KD,30min,10x-1,2240,860.6,666.8,84,26.05,33.87,1417.29,432.29,1114.08,0.388,1.3,20.0,dapi,0
no_KD,30min,10x-1,2241,863.0,815.7,102,26.67,34.68,1114.09,129.09,1024.85,0.126,1.3,20.0,dapi,0
no_KD,30min,10x-1,2242,860.5,577.7,57,3.72,4.84,1654.74,669.74,1027.79,0.6516,1.3,20.0,dapi,0
no_KD,30min,10x-1,2243,860.7,712.8,81,24.62,32.0,1513.65,528.65,1237.4,0.4272,1.3,20.0,dapi,0
no_KD,30min,10x-1,2244,862.3,612.0,74,34.63,45.01,1290.5,305.5,1277.0,0.2392,1.3,20.0,dapi,0
no_KD,30min,10x-1,2245,862.6,691.7,74,23.62,30.7,1428.43,443.43,1063.23,0.4171,1.3,20.0,dapi,0
no_KD,30min,10x-1,2246,862.6,765.1,74,32.13,41.77,1620.24,635.24,1190.51,0.5336,1.3,20.0,dapi,0
no_KD,30min,10x-1,2247,862.8,789.0,81,36.48,47.42,1122.56,137.56,1154.54,0.1191,1.3,20.0,dapi,0
no_KD,30min,10x-1,2248,862.7,621.4,71,36.24,47.11,1213.62,228.62,1360.08,0.1681,1.3,20.0,dapi,0
no_KD,30min,10x-1,2249,864.2,741.5,101,25.62,33.3,1199.76,214.76,1086.99,0.1976,1.3,20.0,dapi,0
no_KD,30min,10x-1,2250,864.0,676.4,88,22.62,29.4,1445.42,460.42,1025.66,0.4489,1.3,20.0,dapi,0
no_KD,30min,10x-1,2251,864.3,774.9,86,32.67,42.47,1541.14,556.14,1139.64,0.488,1.3,20.0,dapi,0
no_KD,30min,10x-1,2252,865.1,597.4,59,20.84,27.09,1764.59,779.59,1194.14,0.6529,1.3,20.0,dapi,0
no_KD,30min,10x-1,2253,864.7,641.0,60,28.9,37.57,1240.22,255.22,1247.92,0.2045,1.3,20.0,dapi,0
no_KD,30min,10x-1,2254,867.5,701.3,86,18.82,24.47,1508.31,523.31,1057.87,0.4947,1.3,20.0,dapi,0
no_KD,30min,10x-1,2255,866.4,828.7,80,14.03,18.23,1315.58,330.58,829.59,0.3985,1.3,20.0,dapi,0
no_KD,30min,10x-1,2256,867.5,728.1,92,20.62,26.8,1658.11,673.11,1114.08,0.6042,1.3,20.0,dapi,0
no_KD,30min,10x-1,2257,868.2,754.0,101,24.43,31.76,1474.11,489.11,1084.76,0.4509,1.3,20.0,dapi,0
no_KD,30min,10x-1,2258,869.2,860.4,106,-9.55,-12.42,1378.58,393.58,723.51,0.544,1.3,20.0,dapi,0
no_KD,30min,10x-1,2259,868.7,627.5,86,28.9,37.57,1229.48,244.48,1272.1,0.1922,1.3,20.0,dapi,0
no_KD,30min,10x-1,2260,869.4,660.9,94,19.73,25.65,1779.37,794.37,1140.55,0.6965,1.3,20.0,dapi,0
no_KD,30min,10x-1,2261,869.0,714.2,74,16.63,21.62,1655.24,670.24,1009.22,0.6641,1.3,20.0,dapi,0
no_KD,30min,10x-1,2262,869.2,797.1,89,33.95,44.14,1240.51,255.51,1108.87,0.2304,1.3,20.0,dapi,0
no_KD,30min,10x-1,2263,869.4,840.0,59,3.72,4.84,1732.69,747.69,975.17,0.7667,1.3,20.0,dapi,0
no_KD,30min,10x-1,2264,872.5,785.2,91,25.72,33.44,1258.66,273.66,1119.46,0.2445,1.3,20.0,dapi,0
no_KD,30min,10x-1,2265,874.7,581.2,108,4.72,6.13,1726.99,741.99,1071.36,0.6926,1.3,20.0,dapi,0
no_KD,30min,10x-1,2266,874.6,598.7,80,20.63,26.82,1893.36,908.36,1225.78,0.7411,1.3,20.0,dapi,0
no_KD,30min,10x-1,2267,873.5,688.0,64,12.62,16.4,1829.89,844.89,1140.95,0.7405,1.3,20.0,dapi,0
no_KD,30min,10x-1,2268,874.2,806.0,101,32.47,42.21,1219.02,234.02,1082.99,0.2161,1.3,20.0,dapi,0
no_KD,30min,10x-1,2269,874.2,734.6,72,14.77,19.19,1624.5,639.5,969.72,0.6595,1.3,20.0,dapi,0
no_KD,30min,10x-1,2270,876.8,609.5,102,19.54,25.41,2355.79,1370.79,1093.47,1.2536,1.3,20.0,dapi,0
no_KD,30min,10x-1,2271,875.0,640.2,69,19.14,24.88,1544.35,559.35,1098.48,0.5092,1.3,20.0,dapi,0
no_KD,30min,10x-1,2272,876.0,677.1,58,10.62,13.8,1838.07,853.07,1018.4,0.8377,1.3,20.0,dapi,0
no_KD,30min,10x-1,2273,877.4,694.8,93,9.62,12.5,1694.48,709.48,1045.17,0.6788,1.3,20.0,dapi,0
no_KD,30min,10x-1,2274,877.9,589.0,95,11.04,14.35,1963.64,978.64,1236.88,0.7912,1.3,20.0,dapi,0
no_KD,30min,10x-1,2275,878.6,666.4,148,8.66,11.25,1781.69,796.69,1111.9,0.7165,1.3,20.0,dapi,0
no_KD,30min,10x-1,2276,882.9,744.8,263,8.39,10.9,1618.05,633.05,942.76,0.6715,1.3,20.0,dapi,0
no_KD,30min,10x-1,2277,878.8,623.1,123,21.02,27.32,1822.37,837.37,1248.64,0.6706,1.3,20.0,dapi,0
no_KD,30min,10x-1,2278,877.4,713.5,66,8.62,11.2,1842.41,857.41,1114.59,0.7693,1.3,20.0,dapi,0
no_KD,30min,10x-1,2279,878.5,772.1,67,18.35,23.85,1788.85,803.85,896.7,0.8965,1.3,20.0,dapi,0
no_KD,30min,10x-1,2280,880.7,795.8,82,22.26,28.94,1428.44,443.44,1119.34,0.3962,1.3,20.0,dapi,0
no_KD,30min,10x-1,2281,880.5,822.1,92,15.76,20.49,1636.12,651.12,819.74,0.7943,1.3,20.0,dapi,0
no_KD,30min,10x-1,2282,879.2,832.7,97,5.01,6.51,1625.03,640.03,891.1,0.7182,1.3,20.0,dapi,0
no_KD,30min,10x-1,2283,882.1,701.9,106,4.84,6.29,1688.02,703.02,1034.75,0.6794,1.3,20.0,dapi,0
no_KD,30min,10x-1,2284,882.1,682.5,118,5.01,6.51,1731.97,746.97,1151.84,0.6485,1.3,20.0,dapi,0
no_KD,30min,10x-1,2285,881.9,762.6,63,13.06,16.98,1746.87,761.87,951.17,0.801,1.3,20.0,dapi,0
no_KD,30min,10x-1,2286,884.5,643.1,73,8.8,11.44,1989.77,1004.77,1189.1,0.845,1.3,20.0,dapi,0
no_KD,30min,10x-1,2287,885.4,649.5,92,8.7,11.31,1727.82,742.82,1244.18,0.597,1.3,20.0,dapi,0
no_KD,30min,10x-1,2288,884.6,724.7,133,3.72,4.84,1591.61,606.61,911.17,0.6657,1.3,20.0,dapi,0
no_KD,30min,10x-1,2289,885.9,781.1,107,12.13,15.77,1844.67,859.67,1040.93,0.8259,1.3,20.0,dapi,0
no_KD,30min,10x-1,2290,885.8,812.7,107,18.75,24.37,1589.99,604.99,1006.88,0.6009,1.3,20.0,dapi,0
no_KD,30min,10x-1,2291,887.1,608.2,69,9.35,12.16,2065.41,1080.41,1316.32,0.8208,1.3,20.0,dapi,0
no_KD,30min,10x-1,2292,889.6,617.8,105,11.02,14.32,1771.81,786.81,1134.35,0.6936,1.3,20.0,dapi,0
no_KD,30min,10x-1,2293,891.3,834.5,117,2.86,3.72,1444.32,459.32,915.51,0.5017,1.3,20.0,dapi,0
no_KD,30min,10x-1,2294,890.7,586.8,76,4.03,5.24,1835.83,850.83,1027.71,0.8279,1.3,20.0,dapi,0
no_KD,30min,10x-1,2295,892.0,634.4,89,5.21,6.77,1868.27,883.27,1160.17,0.7613,1.3,20.0,dapi,0
no_KD,30min,10x-1,2296,890.7,656.4,90,3.72,4.84,1486.21,501.21,975.63,0.5137,1.3,20.0,dapi,0
no_KD,30min,10x-1,2297,890.3,757.0,111,4.03,5.24,1614.08,629.08,1000.5,0.6288,1.3,20.0,dapi,0
no_KD,30min,10x-1,2298,891.3,769.2,101,5.01,6.51,1776.84,791.84,1066.65,0.7424,1.3,20.0,dapi,0
no_KD,30min,10x-1,2299,893.3,795.0,130,10.62,13.8,1649.76,664.76,940.62,0.7067,1.3,20.0,dapi,0
no_KD,30min,10x-1,2300,890.8,598.6,63,4.64,6.03,1999.51,1014.51,1305.35,0.7772,1.3,20.0,dapi,0
no_KD,30min,10x-1,2301,894.2,824.5,102,6.09,7.91,1682.38,697.38,1017.11,0.6857,1.3,20.0,dapi,0
no_KD,30min,10x-1,2302,895.7,784.6,66,4.84,6.29,1777.21,792.21,1101.88,0.719,1.3,20.0,dapi,0
no_KD,30min,10x-1,2303,897.8,806.1,120,11.02,14.32,1697.09,712.09,1010.16,0.7049,1.3,20.0,dapi,0
no_KD,30min,10x-1,2304,899.8,816.0,118,5.83,7.58,1624.81,639.81,952.42,0.6718,1.3,20.0,dapi,0
no_KD,30min,10x-1,2305,899.4,620.1,105,5.5,7.14,1706.83,721.83,1033.73,0.6983,1.3,20.0,dapi,0
no_KD,30min,10x-1,2306,908.1,802.2,94,3.72,4.84,1585.41,600.41,987.9,0.6078,1.3,20.0,dapi,0
SCRAMBLE_KD,30min,10x-1,1,77.4,585.3,68,1.88,2.44,1660.57,690.57,872.34,0.7916,1.3,20.0,dapi,0
SCRAMBLE_KD,30min,10x-1,2,78.3,621.8,88,5.01,6.51,1873.06,903.06,1043.45,0.8654,1.3,20.0,dapi,0
SCRAMBLE_KD,30min,10x-1,3,80.2,610.9,114,5.01,6.51,1800.11,830.11,986.55,0.8414,1.3,20.0,dapi,0
SCRAMBLE_KD,30min,10x-1,4,82.3,631.9,119,5.5,7.14,1627.69,657.69,971.6,0.6769,1.3,20.0,dapi,0
SCRAMBLE_KD,30min,10x-1,5,83.7,591.9,84,7.18,9.33,1770.58,800.58,1077.26,0.7432,1.3,20.0,dapi,0
SCRAMBLE_KD,30min,10x-1,6,85.2,577.6,77,5.81,7.55,1987.65,1017.65,1086.42,0.9367,1.3,20.0,dapi,0
SCRAMBLE_KD,30min,10x-1,7,85.2,566.6,39,3.4,4.42,1976.69,1006.69,1012.92,0.9938,1.3,20.0,dapi,0
SCRAMBLE_KD,30min,10x-1,8,89.1,516.4,58,4.84,6.29,2064.76,1094.76,1182.05,0.9262,1.3,20.0,dapi,0
SCRAMBLE_KD,30min,10x-1,9,88.6,611.8,56,14.04,18.26,1876.54,906.54,1013.93,0.8941,1.3,20.0,dapi,0
SCRAMBLE_KD,30min,10x-1,10,89.7,524.5,39,4.72,6.13,2459.62,1489.62,1154.0,1.2908,1.3,20.0,dapi,0
SCRAMBLE_KD,30min,10x-1,11,92.5,585.9,71,15.5,20.15,1923.76,953.76,1180.69,0.8078,1.3,20.0,dapi,0
SCRAMBLE_KD,30min,10x-1,12,93.2,649.0,104,6.82,8.86,1959.88,989.88,1069.03,0.926,1.3,20.0,dapi,0
SCRAMBLE_KD,30min,10x-1,13,90.6,657.7,81,3.4,4.42,1619.36,649.36,853.26,0.761,1.3,20.0,dapi,0
SCRAMBLE_KD,30min,10x-1,14,92.6,495.8,101,5.71,7.42,2166.61,1196.61,1059.89,1.129,1.3,20.0,dapi,0
SCRAMBLE_KD,30min,10x-1,15,93.4,508.1,87,6.2,8.06,2070.87,1100.87,1098.59,1.0021,1.3,20.0,dapi,0
SCRAMBLE_KD,30min,10x-1,16,95.1,555.5,103,5.99,7.79,2055.8,1085.8,1029.02,1.0552,1.3,20.0,dapi,0
SCRAMBLE_KD,30min,10x-1,17,93.1,564.5,55,7.64,9.93,2199.44,1229.44,1129.73,1.0883,1.3,20.0,dapi,0
SCRAMBLE_KD,30min,10x-1,18,92.4,542.7,33,2.64,3.44,2198.55,1228.55,1052.03,1.1678,1.3,20.0,dapi,0
SCRAMBLE_KD,30min,10x-1,19,96.7,601.1,131,19.63,25.52,1951.75,981.75,987.66,0.994,1.3,20.0,dapi,0
SCRAMBLE_KD,30min,10x-1,20,95.0,488.2,60,3.85,5.01,2007.38,1037.38,974.08,1.065,1.3,20.0,dapi,0
SCRAMBLE_KD,30min,10x-1,21,95.3,682.3,76,3.59,4.67,1731.96,761.96,933.67,0.8161,1.3,20.0,dapi,0
SCRAMBLE_KD,30min,10x-1,22,95.2,695.3,69,2.86,3.72,1639.2,669.2,867.38,0.7715,1.3,20.0,dapi,0
SCRAMBLE_KD,30min,10x-1,23,95.3,573.3,44,14.45,18.78,2052.57,1082.57,1062.36,1.019,1.3,20.0,dapi,0
SCRAMBLE_KD,30min,10x-1,24,97.9,671.3,88,6.98,9.07,1872.09,902.09,1067.56,0.845,1.3,20.0,dapi,0
SCRAMBLE_KD,30min,10x-1,25,97.3,615.2,62,22.47,29.21,1850.94,880.94,1037.52,0.8491,1.3,20.0,dapi,0
SCRAMBLE_KD,30min,10x-1,26,97.4,710.3,109,4.03,5.24,1563.43,593.43,948.08,0.6259,1.3,20.0,dapi,0
SCRAMBLE_KD,30min,10x-1,27,97.8,635.7,30,15.92,20.7,1540.37,570.37,1467.2,0.3887,1.3,20.0,dapi,0
SCRAMBLE_KD,30min,10x-1,28,99.6,517.7,37,15.87,20.63,2055.3,1085.3,1248.65,0.8692,1.3,20.0,dapi,0
SCRAMBLE_KD,30min,10x-1,29,101.7,581.8,73,23.22,30.18,1529.4,559.4,1205.38,0.4641,1.3,20.0,dapi,0
SCRAMBLE_KD,30min,10x-1,30,100.5,664.3,47,9.93,12.91,2007.6,1037.6,1089.26,0.9526,1.3,20.0,dapi,0
SCRAMBLE_KD,30min,10x-1,31,103.0,622.3,83,27.89,36.26,1299.69,329.69,1022.72,0.3224,1.3,20.0,dapi,0
SCRAMBLE_KD,30min,10x-1,32,100.9,686.7,51,8.64,11.23,1798.51,828.51,987.9,0.8387,1.3,20.0,dapi,0
SCRAMBLE_KD,30min,10x-1,33,103.1,501.4,89,15.62,20.3,2182.56,1212.56,1157.22,1.0478,1.3,20.0,dapi,0
SCRAMBLE_KD,30min,10x-1,34,104.3,611.0,60,28.03,36.44,1272.55,302.55,994.37,0.3043,1.3,20.0,dapi,0
SCRAMBLE_KD,30min,10x-1,35,104.9,485.8,54,5.64,7.33,2180.37,1210.37,1126.8,1.0742,1.3,20.0,dapi,0
SCRAMBLE_KD,30min,10x-1,36,108.3,681.0,86,16.4,21.31,1883.93,913.93,1198.88,0.7623,1.3,20.0,dapi,0
SCRAMBLE_KD,30min,10x-1,37,107.4,590.0,68,30.16,39.2,1267.81,297.81,983.82,0.3027,1.3,20.0,dapi,0
SCRAMBLE_KD,30min,10x-1,38,106.8,597.2,52,29.62,38.5,1266.35,296.35,1067.17,0.2777,1.3,20.0,dapi,0
SCRAMBLE_KD,30min,10x-1,39,106.8,633.3,47,25.32,32.92,1650.77,680.77,1059.68,0.6424,1.3,20.0,dapi,0
SCRAMBLE_KD,30min,10x-1,40,108.4,645.7,116,22.1,28.73,1323.35,353.35,1048.98,0.3369,1.3,20.0,dapi,0
SCRAMBLE_KD,30min,10x-1,41,107.3,736.9,88,2.5,3.26,1631.38,661.38,856.08,0.7726,1.3,20.0,dapi,0
SCRAMBLE_KD,30min,10x-1,42,108.3,517.1,47,23.22,30.18,1864.45,894.45,1052.45,0.8499,1.3,20.0,dapi,0
SCRAMBLE_KD,30min,10x-1,43,110.1,581.1,76,30.71,39.93,1371.34,401.34,1210.84,0.3315,1.3,20.0,dapi,0
SCRAMBLE_KD,30min,10x-1,44,110.6,607.3,79,34.11,44.35,1276.66,306.66,1138.08,0.2695,1.3,20.0,dapi,0
SCRAMBLE_KD,30min,10x-1,45,110.3,673.1,69,18.67,24.28,2011.48,1041.48,1131.81,0.9202,1.3,20.0,dapi,0
SCRAMBLE_KD,30min,10x-1,46,109.1,507.5,41,21.95,28.54,1722.12,752.12,1092.05,0.6887,1.3,20.0,dapi,0
SCRAMBLE_KD,30min,10x-1,47,110.5,691.7,66,17.62,22.9,1860.52,890.52,1035.55,0.8599,1.3,20.0,dapi,0
SCRAMBLE_KD,30min,10x-1,48,111.0,699.8,81,17.75,23.08,2202.54,1232.54,1082.19,1.1389,1.3,20.0,dapi,0
SCRAMBLE_KD,30min,10x-1,49,110.7,728.6,67,7.64,9.93,1880.16,910.16,1018.27,0.8938,1.3,20.0,dapi,0
SCRAMBLE_KD,30min,10x-1,50,112.9,626.3,99,33.86,44.02,1206.25,236.25,1141.0,0.2071,1.3,20.0,dapi,0
SCRAMBLE_KD,30min,10x-1,51,112.0,755.9,76,2.86,3.72,1609.34,639.34,900.14,0.7103,1.3,20.0,dapi,0
SCRAMBLE_KD,30min,10x-1,52,112.2,527.8,37,25.14,32.68,1437.73,467.73,1198.59,0.3902,1.3,20.0,dapi,0
SCRAMBLE_KD,30min,10x-1,53,114.2,537.6,80,25.06,32.58,1721.88,751.88,1178.15,0.6382,1.3,20.0,dapi,0
SCRAMBLE_KD,30min,10x-1,54,116.5,573.6,98,32.5,42.25,1279.88,309.88,1226.12,0.2527,1.3,20.0,dapi,0
SCRAMBLE_KD,30min,10x-1,55,118.0,661.3,88,28.18,36.64,1592.99,622.99,1184.66,0.5259,1.3,20.0,dapi,0
SCRAMBLE_KD,30min,10x-1,56,116.3,519.2,64,31.31,40.7,1306.97,336.97,1266.8,0.266,1.3,20.0,dapi,0
SCRAMBLE_KD,30min,10x-1,57,115.8,740.6,48,8.78,11.42,1890.46,920.46,1087.35,0.8465,1.3,20.0,dapi,0
SCRAMBLE_KD,30min,10x-1,58,118.3,481.7,73,5.99,7.79,2631.58,1661.58,1359.48,1.2222,1.3,20.0,dapi,0
SCRAMBLE_KD,30min,10x-1,59,117.6,595.5,96,40.65,52.85,1167.8,197.8,1157.22,0.1709,1.3,20.0,dapi,0
SCRAMBLE_KD,30min,10x-1,60,117.8,761.0,77,6.25,8.12,1713.82,743.82,893.53,0.8324,1.3,20.0,dapi,0
SCRAMBLE_KD,30min,10x-1,61,120.1,607.2,99,43.04,55.95,1157.59,187.59,1174.02,0.1598,1.3,20.0,dapi,0
SCRAMBLE_KD,30min,10x-1,62,118.4,651.9,74,30.5,39.64,1231.28,261.28,1243.24,0.2102,1.3,20.0,dapi,0
SCRAMBLE_KD,30min,10x-1,63,120.2,548.4,66,30.62,39.8,1355.24,385.24,1371.56,0.2809,1.3,20.0,dapi,0
SCRAMBLE_KD,30min,10x-1,64,120.1,631.8,82,37.54,48.8,1187.55,217.55,1205.78,0.1804,1.3,20.0,dapi,0
SCRAMBLE_KD,30min,10x-1,65,122.3,563.4,92,34.09,44.32,1284.18,314.18,1221.38,0.2572,1.3,20.0,dapi,0
SCRAMBLE_KD,30min,10x-1,66,121.8,682.5,100,30.01,39.02,1365.63,395.63,1201.28,0.3293,1.3,20.0,dapi,0
SCRAMBLE_KD,30min,10x-1,67,120.4,771.6,72,4.03,5.24,1926.75,956.75,1022.85,0.9354,1.3,20.0,dapi,0
SCRAMBLE_KD,30min,10x-1,68,121.2,508.8,42,32.54,42.31,1275.79,305.79,1024.71,0.2984,1.3,20.0,dapi,0
SCRAMBLE_KD,30min,10x-1,69,122.8,640.6,67,37.77,49.1,1179.82,209.82,1006.16,0.2085,1.3,20.0,dapi,0
SCRAMBLE_KD,30min,10x-1,70,123.4,785.9,92,3.85,5.01,1668.89,698.89,919.57,0.76,1.3,20.0,dapi,0
SCRAMBLE_KD,30min,10x-1,71,121.6,719.2,33,20.35,26.46,2035.36,1065.36,1305.06,0.8163,1.3,20.0,dapi,0
SCRAMBLE_KD,30min,10x-1,72,124.6,740.4,87,17.51,22.76,2261.31,1291.31,1190.01,1.0851,1.3,20.0,dapi,0
SCRAMBLE_KD,30min,10x-1,73,126.2,621.3,87,47.68,61.98,1185.06,215.06,1165.79,0.1845,1.3,20.0,dapi,0
SCRAMBLE_KD,30min,10x-1,74,127.2,588.7,104,49.18,63.93,1154.49,184.49,1146.29,0.1609,1.3,20.0,dapi,0
SCRAMBLE_KD,30min,10x-1,75,126.3,669.7,58,34.86,45.32,1244.81,274.81,1015.66,0.2706,1.3,20.0,dapi,0
SCRAMBLE_KD,30min,10x-1,76,127.4,513.6,60,37.77,49.1,1231.05,261.05,1056.57,0.2471,1.3,20.0,dapi,0
SCRAMBLE_KD,30min,10x-1,77,127.5,772.7,75,11.54,15.0,2090.87,1120.87,1019.89,1.099,1.3,20.0,dapi,0
SCRAMBLE_KD,30min,10x-1,78,128.5,857.1,112,4.84,6.29,1591.54,621.54,953.26,0.652,1.3,20.0,dapi,0
SCRAMBLE_KD,30min,10x-1,79,129.2,646.7,116,42.56,55.32,1195.71,225.71,1069.09,0.2111,1.3,20.0,dapi,0
SCRAMBLE_KD,30min,10x-1,80,127.0,718.6,62,25.14,32.68,1711.98,741.98,1217.5,0.6094,1.3,20.0,dapi,0
SCRAMBLE_KD,30min,10x-1,81,127.0,731.0,39,23.09,30.01,2006.18,1036.18,1053.41,0.9836,1.3,20.0,dapi,0
SCRAMBLE_KD,30min,10x-1,82,128.5,549.8,65,39.62,51.5,1203.69,233.69,1113.45,0.2099,1.3,20.0,dapi,0
SCRAMBLE_KD,30min,10x-1,83,130.7,615.2,67,54.94,71.43,1120.24,150.24,1111.04,0.1352,1.3,20.0,dapi,0
SCRAMBLE_KD,30min,10x-1,84,130.8,502.3,82,26.39,34.31,1297.13,327.13,1150.17,0.2844,1.3,20.0,dapi,0
SCRAMBLE_KD,30min,10x-1,85,130.6,604.7,85,53.8,69.94,1147.05,177.05,1233.91,0.1435,1.3,20.0,dapi,0
SCRAMBLE_KD,30min,10x-1,86,130.9,694.1,113,38.37,49.89,1245.46,275.46,1090.51,0.2526,1.3,20.0,dapi,0
SCRAMBLE_KD,30min,10x-1,87,131.4,822.7,94,5.71,7.42,1779.71,809.71,1059.36,0.7643,1.3,20.0,dapi,0
SCRAMBLE_KD,30min,10x-1,88,131.6,488.1,103,13.08,17.0,1904.19,934.19,1092.09,0.8554,1.3,20.0,dapi,0
SCRAMBLE_KD,30min,10x-1,89,130.2,681.9,54,37.95,49.34,1245.31,275.31,1237.63,0.2225,1.3,20.0,dapi,0
SCRAMBLE_KD,30min,10x-1,90,132.8,747.0,112,23.82,30.97,2281.01,1311.01,1174.08,1.1166,1.3,20.0,dapi,0
SCRAMBLE_KD,30min,10x-1,91,133.2,478.0,75,4.31,5.61,1835.81,865.81,981.48,0.8822,1.3,20.0,dapi,0
SCRAMBLE_KD,30min,10x-1,92,131.4,562.6,67,42.86,55.72,1230.97,260.97,1037.55,0.2515,1.3,20.0,dapi,0
SCRAMBLE_KD,30min,10x-1,93,134.6,833.5,129,7.18,9.33,1668.62,698.62,981.42,0.7118,1.3,20.0,dapi,0
SCRAMBLE_KD,30min,10x-1,94,133.6,662.9,65,43.83,56.97,1320.69,350.69,968.55,0.3621,1.3,20.0,dapi,0
SCRAMBLE_KD,30min,10x-1,95,134.0,707.7,84,35.61,46.29,1251.14,281.14,1206.95,0.2329,1.3,20.0,dapi,0
SCRAMBLE_KD,30min,10x-1,96,134.0,785.6,89,11.52,14.98,1911.88,941.88,1149.0,0.8197,1.3,20.0,dapi,0
SCRAMBLE_KD,30min,10x-1,97,135.0,808.6,111,6.2,8.06,1717.03,747.03,973.97,0.767,1.3,20.0,dapi,0
SCRAMBLE_KD,30min,10x-1,98,135.9,843.4,117,7.62,9.9,1729.41,759.41,984.65,0.7712,1.3,20.0,dapi,0
SCRAMBLE_KD,30min,10x-1,99,133.5,632.7,54,50.42,65.54,1538.17,568.17,1027.0,0.5532,1.3,20.0,dapi,0
SCRAMBLE_KD,30min,10x-1,100,134.9,719.6,97,32.67,42.47,1571.33,601.33,1168.94,0.5144,1.3,20.0,dapi,0
SCRAMBLE_KD,30min,10x-1,101,135.4,865.3,111,6.46,8.39,2015.16,1045.16,1047.2,0.9981,1.3,20.0,dapi,0
SCRAMBLE_KD,30min,10x-1,102,137.3,515.7,80,41.37,53.78,1208.54,238.54,1171.94,0.2035,1.3,20.0,dapi,0
SCRAMBLE_KD,30min,10x-1,103,136.9,527.7,67,49.55,64.42,1205.15,235.15,1054.93,0.2229,1.3,20.0,dapi,0
SCRAMBLE_KD,30min,10x-1,104,134.9,537.8,44,45.91,59.68,1218.39,248.39,1109.48,0.2239,1.3,20.0,dapi,0
SCRAMBLE_KD,30min,10x-1,105,137.8,573.0,87,52.29,67.98,1157.17,187.17,1182.37,0.1583,1.3,20.0,dapi,0
SCRAMBLE_KD,30min,10x-1,106,135.5,651.8,53,47.68,61.98,1261.87,291.87,1091.79,0.2673,1.3,20.0,dapi,0
SCRAMBLE_KD,30min,10x-1,107,138.4,623.8,74,57.23,74.4,1146.53,176.53,907.99,0.1944,1.3,20.0,dapi,0
SCRAMBLE_KD,30min,10x-1,108,138.2,755.2,77,26.66,34.66,2112.3,1142.3,1173.86,0.9731,1.3,20.0,dapi,0
SCRAMBLE_KD,30min,10x-1,109,139.5,798.2,79,11.3,14.69,2013.57,1043.57,1154.67,0.9038,1.3,20.0,dapi,0
SCRAMBLE_KD,30min,10x-1,110,139.4,545.7,62,49.62,64.5,1201.98,231.98,1303.18,0.178,1.3,20.0,dapi,0
SCRAMBLE_KD,30min,10x-1,111,140.8,553.2,89,51.65,67.14,1193.01,223.01,1114.6,0.2001,1.3,20.0,dapi,0
SCRAMBLE_KD,30min,10x-1,112,140.5,674.5,93,49.62,64.5,1195.28,225.28,1166.12,0.1932,1.3,20.0,dapi,0
SCRAMBLE_KD,30min,10x-1,113,139.8,686.6,85,47.62,61.91,1153.54,183.54,1050.41,0.1747,1.3,20.0,dapi,0
SCRAMBLE_KD,30min,10x-1,114,139.4,502.2,83,28.63,37.21,1439.42,469.42,1339.04,0.3506,1.3,20.0,dapi,0
SCRAMBLE_KD,30min,10x-1,115,142.5,475.2,106,6.02,7.82,1944.4,974.4,1113.16,0.8753,1.3,20.0,dapi,0
SCRAMBLE_KD,30min,10x-1,116,141.2,565.6,65,53.27,69.26,1214.88,244.88,1142.54,0.2143,1.3,20.0,dapi,0
SCRAMBLE_KD,30min,10x-1,117,141.2,592.3,30,63.16,82.11,1180.13,210.13,1513.9,0.1388,1.3,20.0,dapi,0
SCRAMBLE_KD,30min,10x-1,118,143.0,605.7,102,65.84,85.59,1113.12,143.12,1162.83,0.1231,1.3,20.0,dapi,0
SCRAMBLE_KD,30min,10x-1,119,145.6,697.4,111,51.35,66.75,1131.14,161.14,1084.66,0.1486,1.3,20.0,dapi,0
SCRAMBLE_KD,30min,10x-1,120,144.1,637.0,68,59.14,76.88,1272.19,302.19,1046.38,0.2888,1.3,20.0,dapi,0
SCRAMBLE_KD,30min,10x-1,121,147.0,749.8,106,36.94,48.02,2179.49,1209.49,1340.96,0.902,1.3,20.0,dapi,0
SCRAMBLE_KD,30min,10x-1,122,145.2,497.0,63,26.66,34.66,1750.22,780.22,1117.1,0.6984,1.3,20.0,dapi,0
SCRAMBLE_KD,30min,10x-1,123,145.9,656.3,98,56.62,73.61,1188.66,218.66,1185.63,0.1844,1.3,20.0,dapi,0
SCRAMBLE_KD,30min,10x-1,124,145.8,708.7,91,46.3,60.19,1123.19,153.19,1135.43,0.1349,1.3,20.0,dapi,0
SCRAMBLE_KD,30min,10x-1,125,146.2,723.2,121,43.04,55.95,1399.81,429.81,1009.69,0.4257,1.3,20.0,dapi,0
SCRAMBLE_KD,30min,10x-1,126,146.7,736.7,114,39.43,51.26,1725.04,755.04,1051.14,0.7183,1.3,20.0,dapi,0
SCRAMBLE_KD,30min,10x-1,127,145.5,813.2,70,16.68,21.68,1376.19,406.19,1009.14,0.4025,1.3,20.0,dapi,0
SCRAMBLE_KD,30min,10x-1,128,145.8,826.1,101,19.33,25.13,1625.35,655.35,1039.68,0.6303,1.3,20.0,dapi,0
SCRAMBLE_KD,30min,10x-1,129,146.6,869.5,130,8.66,11.25,1747.89,777.89,991.72,0.7844,1.3,20.0,dapi,0
SCRAMBLE_KD,30min,10x-1,130,145.1,588.0,37,64.68,84.08,1175.49,205.49,1148.19,0.179,1.3,20.0,dapi,0
SCRAMBLE_KD,30min,10x-1,131,146.8,521.4,55,49.24,64.01,1190.91,220.91,1089.33,0.2028,1.3,20.0,dapi,0
SCRAMBLE_KD,30min,10x-1,132,147.0,532.0,48,58.6,76.17,1189.6,219.6,1148.23,0.1913,1.3,20.0,dapi,0
SCRAMBLE_KD,30min,10x-1,133,146.9,644.9,56,60.2,78.26,1204.36,234.36,1023.93,0.2289,1.3,20.0,dapi,0
SCRAMBLE_KD,30min,10x-1,134,149.5,486.8,110,20.06,26.07,1879.35,909.35,1135.75,0.8007,1.3,20.0,dapi,0
SCRAMBLE_KD,30min,10x-1,135,150.4,540.1,87,60.72,78.94,1310.59,340.59,1152.15,0.2956,1.3,20.0,dapi,0
SCRAMBLE_KD,30min,10x-1,136,150.8,579.3,86,66.55,86.51,1158.1,188.1,1203.94,0.1562,1.3,20.0,dapi,0
SCRAMBLE_KD,30min,10x-1,137,148.1,665.6,60,57.18,74.33,1292.77,322.77,1054.55,0.3061,1.3,20.0,dapi,0
SCRAMBLE_KD,30min,10x-1,138,148.7,882.1,57,4.26,5.54,1828.7,858.7,931.05,0.9223,1.3,20.0,dapi,0
SCRAMBLE_KD,30min,10x-1,139,149.8,569.4,68,62.72,81.53,1166.31,196.31,1295.99,0.1515,1.3,20.0,dapi,0
SCRAMBLE_KD,30min,10x-1,140,150.3,594.3,81,71.94,93.52,1118.89,148.89,1237.77,0.1203,1.3,20.0,dapi,0
SCRAMBLE_KD,30min,10x-1,141,147.9,617.9,50,68.79,89.42,1330.28,360.28,1088.86,0.3309,1.3,20.0,dapi,0
SCRAMBLE_KD,30min,10x-1,142,148.5,628.2,51,66.22,86.09,1186.37,216.37,1052.12,0.2057,1.3,20.0,dapi,0
SCRAMBLE_KD,30min,10x-1,143,149.8,840.5,117,21.62,28.1,1375.18,405.18,1002.74,0.4041,1.3,20.0,dapi,0
SCRAMBLE_KD,30min,10x-1,144,150.0,687.4,87,57.62,74.91,1191.3,221.3,1207.41,0.1833,1.3,20.0,dapi,0
SCRAMBLE_KD,30min,10x-1,145,151.9,471.6,105,6.2,8.06,1938.72,968.72,1061.75,0.9124,1.3,20.0,dapi,0
SCRAMBLE_KD,30min,10x-1,146,152.4,561.3,92,63.25,82.23,1219.66,249.66,1342.89,0.1859,1.3,20.0,dapi,0
SCRAMBLE_KD,30min,10x-1,147,154.5,890.1,135,5.64,7.33,1506.15,536.15,921.16,0.582,1.3,20.0,dapi,0
SCRAMBLE_KD,30min,10x-1,148,157.7,519.8,183,53.04,68.95,1224.14,254.14,1215.89,0.209,1.3,20.0,dapi,0
SCRAMBLE_KD,30min,10x-1,149,152.0,755.8,33,39.32,51.12,1805.73,835.73,1081.06,0.7731,1.3,20.0,dapi,0
SCRAMBLE_KD,30min,10x-1,150,153.2,854.5,96,23.82,30.97,1563.17,593.17,1174.44,0.5051,1.3,20.0,dapi,0
SCRAMBLE_KD,30min,10x-1,151,155.7,874.0,101,13.68,17.79,1779.23,809.23,1071.44,0.7553,1.3,20.0,dapi,0
SCRAMBLE_KD,30min,10x-1,152,154.2,503.1,86,36.09,46.92,1194.87,224.87,1217.97,0.1846,1.3,20.0,dapi,0
SCRAMBLE_KD,30min,10x-1,153,153.7,603.7,87,76.7,99.71,1121.24,151.24,1266.48,0.1194,1.3,20.0,dapi,0
SCRAMBLE_KD,30min,10x-1,154,155.1,650.7,75,66.4,86.32,1172.29,202.29,1240.08,0.1631,1.3,20.0,dapi,0
SCRAMBLE_KD,30min,10x-1,155,156.0,616.0,53,76.92,100.0,1202.15,232.15,1021.55,0.2273,1.3,20.0,dapi,0
SCRAMBLE_KD,30min,10x-1,156,157.1,638.3,136,71.75,93.27,1185.6,215.6,1077.96,0.2,1.3,20.0,dapi,0
SCRAMBLE_KD,30min,10x-1,157,157.2,724.2,110,53.16,69.1,1195.55,225.55,1112.96,0.2027,1.3,20.0,dapi,0
SCRAMBLE_KD,30min,10x-1,158,157.8,531.6,84,63.77,82.91,1186.44,216.44,1231.33,0.1758,1.3,20.0,dapi,0
SCRAMBLE_KD,30min,10x-1,159,157.4,677.8,57,65.24,84.81,1481.3,511.3,1014.35,0.5041,1.3,20.0,dapi,0
SCRAMBLE_KD,30min,10x-1,160,156.8,811.1,80,28.18,36.64,1187.9,217.9,1046.36,0.2082,1.3,20.0,dapi,0
SCRAMBLE_KD,30min,10x-1,161,159.0,492.4,90,27.34,35.54,1330.33,360.33,1234.69,0.2918,1.3,20.0,dapi,0
SCRAMBLE_KD,30min,10x-1,162,160.2,551.8,85,70.62,91.81,1751.13,781.13,1298.35,0.6016,1.3,20.0,dapi,0
SCRAMBLE_KD,30min,10x-1,163,159.8,667.5,89,68.91,89.58,1190.56,220.56,1175.94,0.1876,1.3,20.0,dapi,0
SCRAMBLE_KD,30min,10x-1,164,158.4,687.9,53,65.62,85.3,1587.68,617.68,1157.47,0.5336,1.3,20.0,dapi,0
SCRAMBLE_KD,30min,10x-1,165,161.8,483.4,112,19.96,25.94,1758.2,788.2,1130.81,0.697,1.3,20.0,dapi,0
SCRAMBLE_KD,30min,10x-1,166,160.4,701.3,103,62.24,80.91,1222.06,252.06,1107.39,0.2276,1.3,20.0,dapi,0
SCRAMBLE_KD,30min,10x-1,167,161.7,791.2,101,34.34,44.65,1268.61,298.61,1077.76,0.2771,1.3,20.0,dapi,0
SCRAMBLE_KD,30min,10x-1,168,161.6,820.8,105,34.63,45.01,1235.57,265.57,1042.54,0.2547,1.3,20.0,dapi,0
SCRAMBLE_KD,30min,10x-1,169,160.6,829.9,73,33.28,43.26,1190.95,220.95,1341.63,0.1647,1.3,20.0,dapi,0
SCRAMBLE_KD,30min,10x-1,170,161.9,566.8,97,74.06,96.28,1180.01,210.01,1167.29,0.1799,1.3,20.0,dapi,0
SCRAMBLE_KD,30min,10x-1,171,162.7,627.3,72,79.95,103.94,1124.49,154.49,916.44,0.1686,1.3,20.0,dapi,0
SCRAMBLE_KD,30min,10x-1,172,161.9,741.2,95,53.35,69.35,1162.4,192.4,1222.19,0.1574,1.3,20.0,dapi,0
SCRAMBLE_KD,30min,10x-1,173,161.2,750.8,71,49.46,64.3,1211.69,241.69,1066.77,0.2266,1.3,20.0,dapi,0
SCRAMBLE_KD,30min,10x-1,174,162.6,860.4,86,27.25,35.43,1306.48,336.48,1152.15,0.292,1.3,20.0,dapi,0
SCRAMBLE_KD,30min,10x-1,175,162.9,803.4,67,33.63,43.71,1201.45,231.45,1322.45,0.175,1.3,20.0,dapi,0
SCRAMBLE_KD,30min,10x-1,176,164.6,462.7,109,5.64,7.33,1883.85,913.85,1014.86,0.9005,1.3,20.0,dapi,0
SCRAMBLE_KD,30min,10x-1,177,162.2,610.2,52,84.84,110.29,1127.63,157.63,1053.79,0.1496,1.3,20.0,dapi,0
SCRAMBLE_KD,30min,10x-1,178,163.1,847.2,69,34.78,45.21,1225.86,255.86,948.0,0.2699,1.3,20.0,dapi,0
SCRAMBLE_KD,30min,10x-1,179,165.8,543.8,110,76.62,99.6,1213.51,243.51,1116.11,0.2182,1.3,20.0,dapi,0
SCRAMBLE_KD,30min,10x-1,180,164.4,598.3,77,86.15,111.99,1099.0,129.0,1140.16,0.1131,1.3,20.0,dapi,0
SCRAMBLE_KD,30min,10x-1,181,163.7,653.5,108,74.71,97.12,1172.54,202.54,1150.7,0.176,1.3,20.0,dapi,0
SCRAMBLE_KD,30min,10x-1,182,164.8,724.7,56,60.23,78.29,1437.84,467.84,1057.7,0.4423,1.3,20.0,dapi,0
SCRAMBLE_KD,30min,10x-1,183,165.3,836.2,77,36.65,47.65,1136.66,166.66,1148.25,0.1451,1.3,20.0,dapi,0
SCRAMBLE_KD,30min,10x-1,184,166.8,891.4,99,5.5,7.14,1705.55,735.55,984.84,0.7469,1.3,20.0,dapi,0
SCRAMBLE_KD,30min,10x-1,185,165.0,578.2,47,79.54,103.4,1122.72,152.72,1144.57,0.1334,1.3,20.0,dapi,0
SCRAMBLE_KD,30min,10x-1,186,167.7,879.6,97,16.4,21.31,1528.23,558.23,1030.84,0.5415,1.3,20.0,dapi,0
SCRAMBLE_KD,30min,10x-1,187,165.3,509.1,43,45.34,58.95,1721.19,751.19,1083.33,0.6934,1.3,20.0,dapi,0
SCRAMBLE_KD,30min,10x-1,188,169.7,585.1,123,86.46,112.4,1130.72,160.72,1048.28,0.1533,1.3,20.0,dapi,0
SCRAMBLE_KD,30min,10x-1,189,166.5,641.8,56,79.26,103.03,1147.77,177.77,1043.54,0.1704,1.3,20.0,dapi,0
SCRAMBLE_KD,30min,10x-1,190,169.3,869.0,84,27.37,35.58,1188.71,218.71,1030.48,0.2122,1.3,20.0,dapi,0
SCRAMBLE_KD,30min,10x-1,191,168.1,683.5,85,75.7,98.41,1353.4,383.4,1203.79,0.3185,1.3,20.0,dapi,0
SCRAMBLE_KD,30min,10x-1,192,170.5,713.7,131,69.14,89.89,1085.1,115.1,1010.18,0.1139,1.3,20.0,dapi,0
SCRAMBLE_KD,30min,10x-1,193,167.4,777.0,67,44.1,57.33,1161.04,191.04,1240.48,0.154,1.3,20.0,dapi,0
SCRAMBLE_KD,30min,10x-1,194,170.0,733.4,100,62.72,81.53,1149.39,179.39,1133.24,0.1583,1.3,20.0,dapi,0
SCRAMBLE_KD,30min,10x-1,195,170.4,763.6,79,53.43,69.46,1154.34,184.34,1189.24,0.155,1.3,20.0,dapi,0
SCRAMBLE_KD,30min,10x-1,196,170.5,522.4,62,59.56,77.43,1268.19,298.19,1016.45,0.2934,1.3,20.0,dapi,0
SCRAMBLE_KD,30min,10x-1,197,169.9,667.6,51,78.88,102.54,1699.55,729.55,1068.63,0.6827,1.3,20.0,dapi,0
SCRAMBLE_KD,30min,10x-1,198,170.9,698.6,87,73.22,95.18,1105.54,135.54,1095.25,0.1238,1.3,20.0,dapi,0
SCRAMBLE_KD,30min,10x-1,199,172.9,479.3,73,22.83,29.67,1788.68,818.68,1366.52,0.5991,1.3,20.0,dapi,0
SCRAMBLE_KD,30min,10x-1,200,173.2,497.2,76,37.45,48.69,1224.99,254.99,1034.45,0.2465,1.3,20.0,dapi,0
SCRAMBLE_KD,30min,10x-1,201,173.5,557.5,98,84.86,110.32,1228.71,258.71,1127.35,0.2295,1.3,20.0,dapi,0
SCRAMBLE_KD,30min,10x-1,202,176.1,570.2,149,88.37,114.88,1879.45,909.45,1078.93,0.8429,1.3,20.0,dapi,0
SCRAMBLE_KD,30min,10x-1,203,170.8,608.1,67,93.87,122.03,1090.03,120.03,1247.22,0.0962,1.3,20.0,dapi,0
SCRAMBLE_KD,30min,10x-1,204,172.1,744.2,72,62.24,80.91,1124.54,154.54,1208.54,0.1279,1.3,20.0,dapi,0
SCRAMBLE_KD,30min,10x-1,205,172.3,803.1,85,42.62,55.41,1146.27,176.27,1150.66,0.1532,1.3,20.0,dapi,0
SCRAMBLE_KD,30min,10x-1,206,173.6,505.7,67,45.89,59.65,1355.25,385.25,1255.0,0.307,1.3,20.0,dapi,0
SCRAMBLE_KD,30min,10x-1,207,173.3,535.6,58,73.5,95.55,1270.34,300.34,1009.45,0.2975,1.3,20.0,dapi,0
SCRAMBLE_KD,30min,10x-1,208,173.9,789.3,87,46.46,60.4,1160.75,190.75,1162.85,0.164,1.3,20.0,dapi,0
SCRAMBLE_KD,30min,10x-1,209,175.5,640.8,96,88.2,114.66,1133.41,163.41,1087.88,0.1502,1.3,20.0,dapi,0
SCRAMBLE_KD,30min,10x-1,210,175.8,828.2,104,48.4,62.93,1150.45,180.45,1096.69,0.1645,1.3,20.0,dapi,0
SCRAMBLE_KD,30min,10x-1,211,174.9,860.5,70,36.4,47.32,1183.46,213.46,1004.57,0.2125,1.3,20.0,dapi,0
SCRAMBLE_KD,30min,10x-1,212,177.7,654.3,95,88.56,115.13,1181.68,211.68,1128.64,0.1876,1.3,20.0,dapi,0
SCRAMBLE_KD,30min,10x-1,213,175.7,842.6,65,47.62,61.9,1212.08,242.08,1001.03,0.2418,1.3,20.0,dapi,0
SCRAMBLE_KD,30min,10x-1,214,178.7,726.8,118,72.94,94.82,1090.3,120.3,1086.82,0.1107,1.3,20.0,dapi,0
SCRAMBLE_KD,30min,10x-1,215,179.0,465.5,82,13.22,17.18,1968.07,998.07,1319.5,0.7564,1.3,20.0,dapi,0
SCRAMBLE_KD,30min,10x-1,216,179.7,594.7,90,99.38,129.2,1110.49,140.49,1172.27,0.1198,1.3,20.0,dapi,0
SCRAMBLE_KD,30min,10x-1,217,179.9,612.9,134,100.38,130.5,1103.09,133.09,998.22,0.1333,1.3,20.0,dapi,0
SCRAMBLE_KD,30min,10x-1,218,177.8,749.7,54,65.89,85.65,1123.31,153.31,1097.78,0.1397,1.3,20.0,dapi,0
SCRAMBLE_KD,30min,10x-1,219,181.1,457.9,69,9.45,12.29,1969.45,999.45,1101.39,0.9074,1.3,20.0,dapi,0
SCRAMBLE_KD,30min,10x-1,220,177.5,525.5,40,65.77,85.5,1568.1,598.1,1210.42,0.4941,1.3,20.0,dapi,0
SCRAMBLE_KD,30min,10x-1,221,181.7,546.6,112,86.8,112.84,1188.29,218.29,1077.78,0.2025,1.3,20.0,dapi,0
SCRAMBLE_KD,30min,10x-1,222,179.7,818.6,51,52.09,67.72,1145.98,175.98,1053.73,0.167,1.3,20.0,dapi,0
SCRAMBLE_KD,30min,10x-1,223,181.2,477.5,106,25.32,32.92,1758.45,788.45,1089.0,0.724,1.3,20.0,dapi,0
SCRAMBLE_KD,30min,10x-1,224,181.6,513.1,85,55.81,72.56,1181.73,211.73,1205.54,0.1756,1.3,20.0,dapi,0
SCRAMBLE_KD,30min,10x-1,225,181.2,631.3,90,96.6,125.58,1163.11,193.11,977.78,0.1975,1.3,20.0,dapi,0
SCRAMBLE_KD,30min,10x-1,226,180.8,668.6,126,89.79,116.72,1200.93,230.93,1049.86,0.22,1.3,20.0,dapi,0
SCRAMBLE_KD,30min,10x-1,227,180.9,759.2,83,65.32,84.92,1134.43,164.43,1187.71,0.1384,1.3,20.0,dapi,0
SCRAMBLE_KD,30min,10x-1,228,179.4,775.6,61,55.39,72.01,1123.74,153.74,987.26,0.1557,1.3,20.0,dapi,0
SCRAMBLE_KD,30min,10x-1,229,180.4,805.5,67,50.65,65.84,1140.09,170.09,1400.27,0.1215,1.3,20.0,dapi,0
SCRAMBLE_KD,30min,10x-1,230,182.0,851.6,134,46.71,60.73,1133.81,163.81,979.75,0.1672,1.3,20.0,dapi,0
SCRAMBLE_KD,30min,10x-1,231,181.5,898.8,122,5.13,6.67,1815.51,845.51,950.56,0.8895,1.3,20.0,dapi,0
SCRAMBLE_KD,30min,10x-1,232,184.1,438.0,134,5.13,6.67,1583.73,613.73,963.24,0.6372,1.3,20.0,dapi,0
SCRAMBLE_KD,30min,10x-1,233,183.7,450.2,117,8.02,10.43,1883.65,913.65,1035.18,0.8826,1.3,20.0,dapi,0
SCRAMBLE_KD,30min,10x-1,234,181.4,579.9,78,95.48,124.12,1288.1,318.1,1057.81,0.3007,1.3,20.0,dapi,0
SCRAMBLE_KD,30min,10x-1,235,182.5,683.6,97,90.17,117.22,1160.35,190.35,1118.89,0.1701,1.3,20.0,dapi,0
SCRAMBLE_KD,30min,10x-1,236,181.7,697.9,97,83.91,109.09,1113.95,143.95,1069.74,0.1346,1.3,20.0,dapi,0
SCRAMBLE_KD,30min,10x-1,237,183.2,494.4,101,40.7,52.9,1207.5,237.5,926.95,0.2562,1.3,20.0,dapi,0
SCRAMBLE_KD,30min,10x-1,238,183.2,792.3,74,54.65,71.05,1125.5,155.5,1095.61,0.1419,1.3,20.0,dapi,0
SCRAMBLE_KD,30min,10x-1,239,182.5,885.2,92,16.52,21.48,1277.18,307.18,1117.46,0.2749,1.3,20.0,dapi,0
SCRAMBLE_KD,30min,10x-1,240,184.4,811.8,72,55.07,71.59,1109.32,139.32,1050.47,0.1326,1.3,20.0,dapi,0
SCRAMBLE_KD,30min,10x-1,241,184.2,873.2,93,27.57,35.84,1127.33,157.33,1071.96,0.1468,1.3,20.0,dapi,0
SCRAMBLE_KD,30min,10x-1,242,184.2,711.0,86,82.48,107.22,1089.51,119.51,1289.36,0.0927,1.3,20.0,dapi,0
SCRAMBLE_KD,30min,10x-1,243,185.9,533.6,68,76.32,99.22,1209.12,239.12,1221.87,0.1957,1.3,20.0,dapi,0
SCRAMBLE_KD,30min,10x-1,244,188.2,587.4,101,104.16,135.41,1674.57,704.57,1109.52,0.635,1.3,20.0,dapi,0
SCRAMBLE_KD,30min,10x-1,245,187.8,602.4,97,109.5,142.35,1245.61,275.61,1176.48,0.2343,1.3,20.0,dapi,0
SCRAMBLE_KD,30min,10x-1,246,186.9,767.6,112,66.01,85.81,1124.15,154.15,1100.0,0.1401,1.3,20.0,dapi,0
SCRAMBLE_KD,30min,10x-1,247,186.0,833.8,55,57.72,75.04,1139.27,169.27,1048.16,0.1615,1.3,20.0,dapi,0
SCRAMBLE_KD,30min,10x-1,248,187.1,521.0,67,65.24,84.81,1160.87,190.87,1011.43,0.1887,1.3,20.0,dapi,0
SCRAMBLE_KD,30min,10x-1,249,189.0,563.4,106,100.24,130.31,1944.29,974.29,1115.88,0.8731,1.3,20.0,dapi,0
SCRAMBLE_KD,30min,10x-1,250,189.1,726.4,92,82.85,107.7,1099.59,129.59,1257.66,0.103,1.3,20.0,dapi,0
SCRAMBLE_KD,30min,10x-1,251,187.9,740.0,68,78.6,102.18,1115.24,145.24,1165.85,0.1246,1.3,20.0,dapi,0
SCRAMBLE_KD,30min,10x-1,252,188.9,780.1,95,63.36,82.37,1145.45,175.45,1151.04,0.1524,1.3,20.0,dapi,0
SCRAMBLE_KD,30min,10x-1,253,188.9,467.3,60,21.41,27.84,1868.65,898.65,1090.02,0.8244,1.3,20.0,dapi,0
SCRAMBLE_KD,30min,10x-1,254,189.2,623.0,64,106.13,137.96,1107.59,137.59,1101.81,0.1249,1.3,20.0,dapi,0
SCRAMBLE_KD,30min,10x-1,255,189.9,647.3,103,101.52,131.97,1107.25,137.25,1059.45,0.1296,1.3,20.0,dapi,0
SCRAMBLE_KD,30min,10x-1,256,189.2,750.2,39,76.38,99.29,1140.69,170.69,1184.1,0.1442,1.3,20.0,dapi,0
SCRAMBLE_KD,30min,10x-1,257,192.8,574.1,89,105.82,137.56,1702.51,732.51,937.38,0.7814,1.3,20.0,dapi,0
SCRAMBLE_KD,30min,10x-1,258,192.4,706.8,107,91.13,118.47,1074.93,104.93,1145.49,0.0916,1.3,20.0,dapi,0
SCRAMBLE_KD,30min,10x-1,259,194.0,717.1,93,90.24,117.31,1088.61,118.61,1218.0,0.0974,1.3,20.0,dapi,0
SCRAMBLE_KD,30min,10x-1,260,190.5,802.4,71,61.64,80.13,1105.55,135.55,944.79,0.1435,1.3,20.0,dapi,0
SCRAMBLE_KD,30min,10x-1,261,190.9,857.0,77,45.03,58.54,1134.44,164.44,1059.12,0.1553,1.3,20.0,dapi,0
SCRAMBLE_KD,30min,10x-1,262,192.1,484.6,61,37.05,48.16,1225.03,255.03,1113.62,0.229,1.3,20.0,dapi,0
SCRAMBLE_KD,30min,10x-1,263,193.6,509.6,80,59.77,77.7,1207.91,237.91,1151.8,0.2066,1.3,20.0,dapi,0
SCRAMBLE_KD,30min,10x-1,264,192.7,544.2,60,88.37,114.88,1573.17,603.17,1056.0,0.5712,1.3,20.0,dapi,0
SCRAMBLE_KD,30min,10x-1,265,193.6,614.3,114,113.35,147.36,1117.95,147.95,1112.42,0.133,1.3,20.0,dapi,0
SCRAMBLE_KD,30min,10x-1,266,193.2,633.5,104,107.42,139.64,1130.41,160.41,1123.59,0.1428,1.3,20.0,dapi,0
SCRAMBLE_KD,30min,10x-1,267,192.9,681.1,91,100.49,130.63,1099.76,129.76,1181.8,0.1098,1.3,20.0,dapi,0
SCRAMBLE_KD,30min,10x-1,268,192.5,824.7,79,65.66,85.36,1144.09,174.09,1009.16,0.1725,1.3,20.0,dapi,0
SCRAMBLE_KD,30min,10x-1,269,192.2,885.4,104,22.1,28.73,1343.67,373.67,1083.36,0.3449,1.3,20.0,dapi,0
SCRAMBLE_KD,30min,10x-1,270,193.8,474.3,63,29.87,38.83,1381.76,411.76,1007.81,0.4086,1.3,20.0,dapi,0
SCRAMBLE_KD,30min,10x-1,271,194.0,666.6,111,102.89,133.75,1116.67,146.67,1101.57,0.1331,1.3,20.0,dapi,0
SCRAMBLE_KD,30min,10x-1,272,190.5,756.0,16,74.5,96.86,1089.62,119.62,1533.12,0.078,1.3,20.0,dapi,0
SCRAMBLE_KD,30min,10x-1,273,193.3,866.8,76,37.09,48.22,1096.03,126.03,1108.87,0.1137,1.3,20.0,dapi,0
SCRAMBLE_KD,30min,10x-1,274,193.5,897.0,97,12.63,16.42,1706.23,736.23,1105.91,0.6657,1.3,20.0,dapi,0
SCRAMBLE_KD,30min,10x-1,275,193.7,421.3,83,2.5,3.26,1565.23,595.23,824.71,0.7217,1.3,20.0,dapi,0
SCRAMBLE_KD,30min,10x-1,276,193.7,439.3,75,12.2,15.86,1640.48,670.48,871.92,0.769,1.3,20.0,dapi,0
SCRAMBLE_KD,30min,10x-1,277,195.0,497.2,61,48.76,63.38,1193.46,223.46,1073.57,0.2081,1.3,20.0,dapi,0
SCRAMBLE_KD,30min,10x-1,278,195.1,835.5,87,65.96,85.75,1135.6,165.6,1018.15,0.1626,1.3,20.0,dapi,0
SCRAMBLE_KD,30min,10x-1,279,195.4,847.7,86,54.88,71.34,1125.97,155.97,1212.87,0.1286,1.3,20.0,dapi,0
SCRAMBLE_KD,30min,10x-1,280,196.7,456.1,90,22.31,29.0,1351.47,381.47,1104.72,0.3453,1.3,20.0,dapi,0
SCRAMBLE_KD,30min,10x-1,281,196.0,915.2,86,3.3,4.29,1924.7,954.7,898.06,1.0631,1.3,20.0,dapi,0
SCRAMBLE_KD,30min,10x-1,282,198.5,532.4,99,80.33,104.43,1158.89,188.89,1140.54,0.1656,1.3,20.0,dapi,0
SCRAMBLE_KD,30min,10x-1,283,197.0,743.2,97,86.13,111.97,1138.9,168.9,1174.36,0.1438,1.3,20.0,dapi,0
SCRAMBLE_KD,30min,10x-1,284,198.3,793.1,102,69.33,90.13,1162.79,192.79,1139.85,0.1691,1.3,20.0,dapi,0
SCRAMBLE_KD,30min,10x-1,285,198.3,811.5,99,68.91,89.58,1125.93,155.93,1149.29,0.1357,1.3,20.0,dapi,0
SCRAMBLE_KD,30min,10x-1,286,197.5,561.9,59,106.77,138.8,1874.51,904.51,1095.49,0.8257,1.3,20.0,dapi,0
SCRAMBLE_KD,30min,10x-1,287,200.1,490.3,76,45.84,59.59,1275.53,305.53,1242.83,0.2458,1.3,20.0,dapi,0
SCRAMBLE_KD,30min,10x-1,288,198.7,759.8,61,80.33,104.43,1387.36,417.36,1005.16,0.4152,1.3,20.0,dapi,0
SCRAMBLE_KD,30min,10x-1,289,200.8,771.4,109,77.66,100.96,1133.03,163.03,1108.29,0.1471,1.3,20.0,dapi,0
SCRAMBLE_KD,30min,10x-1,290,199.3,516.8,43,68.25,88.72,1400.91,430.91,973.58,0.4426,1.3,20.0,dapi,0
SCRAMBLE_KD,30min,10x-1,291,201.5,585.5,114,116.35,151.25,1194.09,224.09,1112.43,0.2014,1.3,20.0,dapi,0
SCRAMBLE_KD,30min,10x-1,292,202.7,652.7,150,113.49,147.54,1100.53,130.53,987.85,0.1321,1.3,20.0,dapi,0
SCRAMBLE_KD,30min,10x-1,293,202.0,689.3,108,105.76,137.49,1047.85,77.85,1000.8,0.0778,1.3,20.0,dapi,0
SCRAMBLE_KD,30min,10x-1,294,199.5,902.1,64,12.27,15.96,1870.98,900.98,1001.14,0.9,1.3,20.0,dapi,0
SCRAMBLE_KD,30min,10x-1,295,205.3,420.0,128,5.23,6.8,1639.2,669.2,971.27,0.689,1.3,20.0,dapi,0
SCRAMBLE_KD,30min,10x-1,296,203.7,473.1,120,36.82,47.86,1196.51,226.51,1144.83,0.1979,1.3,20.0,dapi,0
SCRAMBLE_KD,30min,10x-1,297,203.4,558.2,70,105.38,137.0,1255.77,285.77,954.63,0.2994,1.3,20.0,dapi,0
SCRAMBLE_KD,30min,10x-1,298,205.0,788.1,76,77.01,100.11,1105.83,135.83,1018.2,0.1334,1.3,20.0,dapi,0
SCRAMBLE_KD,30min,10x-1,299,203.2,868.0,71,42.1,54.74,1149.73,179.73,1031.58,0.1742,1.3,20.0,dapi,0
SCRAMBLE_KD,30min,10x-1,300,205.5,541.1,92,92.23,119.9,1119.7,149.7,928.36,0.1612,1.3,20.0,dapi,0
SCRAMBLE_KD,30min,10x-1,301,205.2,877.0,96,35.39,46.01,1132.5,162.5,1080.6,0.1504,1.3,20.0,dapi,0
SCRAMBLE_KD,30min,10x-1,302,203.7,917.2,90,7.42,9.64,1710.2,740.2,1056.48,0.7006,1.3,20.0,dapi,0
SCRAMBLE_KD,30min,10x-1,303,207.8,445.2,103,26.48,34.43,1770.61,800.61,1070.77,0.7477,1.3,20.0,dapi,0
SCRAMBLE_KD,30min,10x-1,304,206.3,635.1,115,119.71,155.62,1391.27,421.27,1050.03,0.4012,1.3,20.0,dapi,0
SCRAMBLE_KD,30min,10x-1,305,208.1,702.9,115,107.62,139.9,1089.53,119.53,1094.54,0.1092,1.3,20.0,dapi,0
SCRAMBLE_KD,30min,10x-1,306,205.0,734.7,77,96.28,125.16,1147.62,177.62,1225.94,0.1449,1.3,20.0,dapi,0
SCRAMBLE_KD,30min,10x-1,307,205.4,576.7,52,118.17,153.62,1286.1,316.1,1077.38,0.2934,1.3,20.0,dapi,0
SCRAMBLE_KD,30min,10x-1,308,207.3,746.8,75,93.69,121.8,1159.39,189.39,1337.44,0.1416,1.3,20.0,dapi,0
SCRAMBLE_KD,30min,10x-1,309,207.4,892.2,99,24.93,32.4,1170.64,200.64,1055.49,0.1901,1.3,20.0,dapi,0
SCRAMBLE_KD,30min,10x-1,310,207.3,455.4,82,31.46,40.89,1525.45,555.45,1226.73,0.4528,1.3,20.0,dapi,0
SCRAMBLE_KD,30min,10x-1,311,209.0,603.3,109,129.28,168.07,1181.17,211.17,881.69,0.2395,1.3,20.0,dapi,0
SCRAMBLE_KD,30min,10x-1,312,207.9,622.4,96,124.86,162.32,1167.68,197.68,1109.25,0.1782,1.3,20.0,dapi,0
SCRAMBLE_KD,30min,10x-1,313,207.7,671.6,90,116.59,151.57,1314.11,344.11,1182.0,0.2911,1.3,20.0,dapi,0
SCRAMBLE_KD,30min,10x-1,314,208.4,493.6,86,54.04,70.25,1193.23,223.23,1257.45,0.1775,1.3,20.0,dapi,0
SCRAMBLE_KD,30min,10x-1,315,208.3,527.9,66,82.14,106.79,1234.05,264.05,983.44,0.2685,1.3,20.0,dapi,0
SCRAMBLE_KD,30min,10x-1,316,208.4,809.8,96,78.81,102.45,1180.43,210.43,1131.6,0.186,1.3,20.0,dapi,0
SCRAMBLE_KD,30min,10x-1,317,210.1,819.9,106,81.94,106.52,1247.99,277.99,1127.25,0.2466,1.3,20.0,dapi,0
SCRAMBLE_KD,30min,10x-1,318,208.8,836.4,94,71.94,93.52,1100.82,130.82,1125.99,0.1162,1.3,20.0,dapi,0
SCRAMBLE_KD,30min,10x-1,319,208.9,849.4,113,60.89,79.16,1091.15,121.15,1082.32,0.1119,1.3,20.0,dapi,0
SCRAMBLE_KD,30min,10x-1,320,208.3,514.5,79,70.06,91.07,1152.42,182.42,1332.96,0.1369,1.3,20.0,dapi,0
SCRAMBLE_KD,30min,10x-1,321,211.1,779.3,116,84.79,110.22,1127.16,157.16,1070.51,0.1468,1.3,20.0,dapi,0
SCRAMBLE_KD,30min,10x-1,322,212.4,554.4,108,106.41,138.33,1076.19,106.19,1123.36,0.0945,1.3,20.0,dapi,0
SCRAMBLE_KD,30min,10x-1,323,209.8,727.6,70,102.87,133.74,1344.66,374.66,1023.47,0.3661,1.3,20.0,dapi,0
SCRAMBLE_KD,30min,10x-1,324,211.6,929.9,97,5.71,7.42,1625.08,655.08,1025.84,0.6386,1.3,20.0,dapi,0
SCRAMBLE_KD,30min,10x-1,325,210.8,505.0,64,64.43,83.76,1184.08,214.08,1227.09,0.1745,1.3,20.0,dapi,0
SCRAMBLE_KD,30min,10x-1,326,213.6,758.4,115,94.69,123.09,1143.2,173.2,1118.31,0.1549,1.3,20.0,dapi,0
SCRAMBLE_KD,30min,10x-1,327,210.2,908.6,92,17.42,22.64,1913.1,943.1,1160.21,0.8129,1.3,20.0,dapi,0
SCRAMBLE_KD,30min,10x-1,328,213.7,686.9,118,117.75,153.08,1090.85,120.85,1055.82,0.1145,1.3,20.0,dapi,0
SCRAMBLE_KD,30min,10x-1,329,215.2,716.9,129,110.3,143.39,1094.32,124.32,1071.34,0.116,1.3,20.0,dapi,0
SCRAMBLE_KD,30min,10x-1,330,212.7,482.9,73,50.05,65.07,1163.92,193.92,1145.78,0.1692,1.3,20.0,dapi,0
SCRAMBLE_KD,30min,10x-1,331,213.8,591.6,107,130.5,169.64,1172.49,202.49,1082.5,0.1871,1.3,20.0,dapi,0
SCRAMBLE_KD,30min,10x-1,332,214.3,647.6,130,125.05,162.56,1104.03,134.03,1070.12,0.1252,1.3,20.0,dapi,0
SCRAMBLE_KD,30min,10x-1,333,213.8,858.1,89,56.31,73.2,1111.52,141.52,1182.12,0.1197,1.3,20.0,dapi,0
SCRAMBLE_KD,30min,10x-1,334,213.7,469.6,56,43.67,56.78,1315.82,345.82,1033.73,0.3345,1.3,20.0,dapi,0
SCRAMBLE_KD,30min,10x-1,335,214.1,882.9,94,36.24,47.11,1264.11,294.11,1146.34,0.2566,1.3,20.0,dapi,0
SCRAMBLE_KD,30min,10x-1,336,215.6,430.8,104,19.96,25.94,1632.88,662.88,1063.56,0.6233,1.3,20.0,dapi,0
SCRAMBLE_KD,30min,10x-1,337,216.0,575.7,119,127.39,165.61,1091.15,121.15,1080.46,0.1121,1.3,20.0,dapi,0
SCRAMBLE_KD,30min,10x-1,338,216.9,414.6,106,6.82,8.86,1730.21,760.21,1061.81,0.716,1.3,20.0,dapi,0
SCRAMBLE_KD,30min,10x-1,339,215.2,515.6,59,75.64,98.33,1149.41,179.41,1210.08,0.1483,1.3,20.0,dapi,0
SCRAMBLE_KD,30min,10x-1,340,216.3,794.7,106,87.01,113.12,1376.3,406.3,1080.83,0.3759,1.3,20.0,dapi,0
SCRAMBLE_KD,30min,10x-1,341,215.4,915.7,71,15.86,20.61,2359.8,1389.8,1242.86,1.1182,1.3,20.0,dapi,0
SCRAMBLE_KD,30min,10x-1,342,215.9,497.8,47,62.41,81.13,1205.91,235.91,1156.68,0.204,1.3,20.0,dapi,0
SCRAMBLE_KD,30min,10x-1,343,218.4,454.8,83,40.59,52.77,1147.39,177.39,974.22,0.1821,1.3,20.0,dapi,0
SCRAMBLE_KD,30min,10x-1,344,219.0,702.5,95,118.37,153.88,1132.07,162.07,1179.68,0.1374,1.3,20.0,dapi,0
SCRAMBLE_KD,30min,10x-1,345,220.0,737.9,109,109.48,142.33,1188.9,218.9,1137.42,0.1925,1.3,20.0,dapi,0
SCRAMBLE_KD,30min,10x-1,346,221.3,769.8,110,96.89,125.95,1116.65,146.65,1061.96,0.1381,1.3,20.0,dapi,0
SCRAMBLE_KD,30min,10x-1,347,216.3,826.5,33,83.23,108.2,1100.15,130.15,1327.12,0.0981,1.3,20.0,dapi,0
SCRAMBLE_KD,30min,10x-1,348,218.1,864.4,77,53.43,69.46,1111.42,141.42,942.22,0.1501,1.3,20.0,dapi,0
SCRAMBLE_KD,30min,10x-1,349,220.4,529.5,73,89.18,115.93,1144.85,174.85,1139.73,0.1534,1.3,20.0,dapi,0
SCRAMBLE_KD,30min,10x-1,350,220.9,536.4,72,95.6,124.28,1161.9,191.9,1144.71,0.1676,1.3,20.0,dapi,0
SCRAMBLE_KD,30min,10x-1,351,220.0,676.3,102,127.23,165.4,1080.68,110.68,1186.8,0.0933,1.3,20.0,dapi,0
SCRAMBLE_KD,30min,10x-1,352,219.1,902.2,97,28.55,37.11,1547.33,577.33,1065.57,0.5418,1.3,20.0,dapi,0
SCRAMBLE_KD,30min,10x-1,353,221.3,443.4,86,32.92,42.79,1185.67,215.67,1222.49,0.1764,1.3,20.0,dapi,0
SCRAMBLE_KD,30min,10x-1,354,221.3,521.2,86,83.22,108.18,1182.41,212.41,1233.35,0.1722,1.3,20.0,dapi,0
SCRAMBLE_KD,30min,10x-1,355,222.7,607.9,123,142.86,185.71,1125.76,155.76,1013.31,0.1537,1.3,20.0,dapi,0
SCRAMBLE_KD,30min,10x-1,356,222.7,621.6,123,139.55,181.41,1454.08,484.08,1043.41,0.4639,1.3,20.0,dapi,0
SCRAMBLE_KD,30min,10x-1,357,221.6,655.2,121,131.98,171.57,1080.53,110.53,1088.31,0.1016,1.3,20.0,dapi,0
SCRAMBLE_KD,30min,10x-1,358,220.0,838.4,76,76.22,99.09,1064.04,94.04,1149.2,0.0818,1.3,20.0,dapi,0
SCRAMBLE_KD,30min,10x-1,359,223.3,596.5,115,140.26,182.34,1154.01,184.01,1060.93,0.1734,1.3,20.0,dapi,0
SCRAMBLE_KD,30min,10x-1,360,222.3,545.9,63,104.68,136.09,1271.54,301.54,1457.02,0.207,1.3,20.0,dapi,0
SCRAMBLE_KD,30min,10x-1,361,222.5,920.6,109,15.42,20.05,1924.71,954.71,1051.99,0.9075,1.3,20.0,dapi,0
SCRAMBLE_KD,30min,10x-1,362,222.5,464.7,71,49.81,64.75,1149.97,179.97,1102.77,0.1632,1.3,20.0,dapi,0
SCRAMBLE_KD,30min,10x-1,363,223.4,478.9,45,55.96,72.75,1261.04,291.04,1128.51,0.2579,1.3,20.0,dapi,0
SCRAMBLE_KD,30min,10x-1,364,224.3,635.7,114,137.01,178.12,1101.36,131.36,1100.29,0.1194,1.3,20.0,dapi,0
SCRAMBLE_KD,30min,10x-1,365,224.1,668.0,82,132.78,172.62,1139.71,169.71,1178.94,0.1439,1.3,20.0,dapi,0
SCRAMBLE_KD,30min,10x-1,366,223.1,848.8,90,68.67,89.28,1086.5,116.5,1208.88,0.0964,1.3,20.0,dapi,0
SCRAMBLE_KD,30min,10x-1,367,225.2,872.2,97,51.79,67.33,1136.87,166.87,1141.68,0.1462,1.3,20.0,dapi,0
SCRAMBLE_KD,30min,10x-1,368,225.8,930.4,139,5.99,7.79,1756.85,786.85,897.88,0.8763,1.3,20.0,dapi,0
SCRAMBLE_KD,30min,10x-1,369,223.8,493.9,60,65.54,85.2,1177.75,207.75,1161.13,0.1789,1.3,20.0,dapi,0
SCRAMBLE_KD,30min,10x-1,370,224.9,751.9,91,107.19,139.35,1117.4,147.4,1122.9,0.1313,1.3,20.0,dapi,0
SCRAMBLE_KD,30min,10x-1,371,225.1,884.8,90,43.22,56.18,1116.9,146.9,1123.82,0.1307,1.3,20.0,dapi,0
SCRAMBLE_KD,30min,10x-1,372,225.5,503.9,72,73.72,95.84,1171.61,201.61,919.01,0.2194,1.3,20.0,dapi,0
SCRAMBLE_KD,30min,10x-1,373,225.9,579.7,135,135.88,176.65,1085.55,115.55,1052.47,0.1098,1.3,20.0,dapi,0
SCRAMBLE_KD,30min,10x-1,374,225.6,411.5,75,5.99,7.79,1928.47,958.47,1025.75,0.9344,1.3,20.0,dapi,0
SCRAMBLE_KD,30min,10x-1,375,227.4,565.7,110,124.62,162.0,1078.74,108.74,1117.34,0.0973,1.3,20.0,dapi,0
SCRAMBLE_KD,30min,10x-1,376,227.7,719.2,103,122.38,159.1,1098.91,128.91,1152.1,0.1119,1.3,20.0,dapi,0
SCRAMBLE_KD,30min,10x-1,377,227.2,790.7,133,98.36,127.87,1143.48,173.48,1004.23,0.1727,1.3,20.0,dapi,0
SCRAMBLE_KD,30min,10x-1,378,228.0,816.4,107,98.9,128.56,1092.46,122.46,1072.01,0.1142,1.3,20.0,dapi,0
SCRAMBLE_KD,30min,10x-1,379,227.0,425.3,103,18.98,24.68,1784.11,814.11,1015.6,0.8016,1.3,20.0,dapi,0
SCRAMBLE_KD,30min,10x-1,380,226.9,709.4,59,124.09,161.32,1124.78,154.78,1057.31,0.1464,1.3,20.0,dapi,0
SCRAMBLE_KD,30min,10x-1,381,226.9,826.7,47,89.24,116.01,1087.6,117.6,1087.13,0.1082,1.3,20.0,dapi,0
SCRAMBLE_KD,30min,10x-1,382,228.3,897.7,90,37.65,48.95,1295.26,325.26,1129.69,0.2879,1.3,20.0,dapi,0
SCRAMBLE_KD,30min,10x-1,383,228.4,468.1,71,55.55,72.22,1152.48,182.48,1180.34,0.1546,1.3,20.0,dapi,0
SCRAMBLE_KD,30min,10x-1,384,229.5,489.2,73,66.46,86.39,1147.85,177.85,1310.67,0.1357,1.3,20.0,dapi,0
SCRAMBLE_KD,30min,10x-1,385,229.7,684.9,82,133.58,173.65,1132.67,162.67,1187.46,0.137,1.3,20.0,dapi,0
SCRAMBLE_KD,30min,10x-1,386,231.1,740.8,123,117.5,152.75,1087.11,117.11,1080.03,0.1084,1.3,20.0,dapi,0
SCRAMBLE_KD,30min,10x-1,387,232.9,447.6,90,42.67,55.47,1382.04,412.04,1164.91,0.3537,1.3,20.0,dapi,0
SCRAMBLE_KD,30min,10x-1,388,231.1,660.0,60,140.34,182.44,1087.7,117.7,1032.2,0.114,1.3,20.0,dapi,0
SCRAMBLE_KD,30min,10x-1,389,232.1,758.9,95,110.9,144.18,1074.32,104.32,1134.79,0.0919,1.3,20.0,dapi,0
SCRAMBLE_KD,30min,10x-1,390,232.8,435.8,70,30.89,40.15,1227.37,257.37,959.04,0.2684,1.3,20.0,dapi,0
SCRAMBLE_KD,30min,10x-1,391,234.7,629.4,124,149.3,194.09,1157.1,187.1,1055.42,0.1773,1.3,20.0,dapi,0
SCRAMBLE_KD,30min,10x-1,392,234.4,864.4,106,63.81,82.95,1107.67,137.67,1048.73,0.1313,1.3,20.0,dapi,0
SCRAMBLE_KD,30min,10x-1,393,233.8,547.8,109,107.78,140.12,1147.89,177.89,1123.46,0.1583,1.3,20.0,dapi,0
SCRAMBLE_KD,30min,10x-1,394,235.2,699.1,125,134.85,175.3,1088.99,118.99,1056.06,0.1127,1.3,20.0,dapi,0
SCRAMBLE_KD,30min,10x-1,395,234.0,847.3,61,76.62,99.61,1060.87,90.87,1412.75,0.0643,1.3,20.0,dapi,0
SCRAMBLE_KD,30min,10x-1,396,233.3,906.5,87,28.63,37.21,1471.34,501.34,980.8,0.5112,1.3,20.0,dapi,0
SCRAMBLE_KD,30min,10x-1,397,233.4,411.0,76,6.2,8.06,1910.21,940.21,1095.87,0.858,1.3,20.0,dapi,0
SCRAMBLE_KD,30min,10x-1,398,234.6,482.7,69,63.18,82.14,1151.42,181.42,1243.49,0.1459,1.3,20.0,dapi,0
SCRAMBLE_KD,30min,10x-1,399,234.8,532.2,75,95.63,124.32,1123.96,153.96,1300.01,0.1184,1.3,20.0,dapi,0
SCRAMBLE_KD,30min,10x-1,400,235.2,670.9,59,143.01,185.92,1078.64,108.64,1033.92,0.1051,1.3,20.0,dapi,0
SCRAMBLE_KD,30min,10x-1,401,235.4,457.8,70,47.05,61.16,1178.37,208.37,1153.76,0.1806,1.3,20.0,dapi,0
SCRAMBLE_KD,30min,10x-1,402,235.1,420.9,48,16.4,21.31,2130.77,1160.77,1201.94,0.9657,1.3,20.0,dapi,0
SCRAMBLE_KD,30min,10x-1,403,235.6,506.6,59,78.92,102.59,1160.32,190.32,1139.42,0.167,1.3,20.0,dapi,0
SCRAMBLE_KD,30min,10x-1,404,235.3,560.1,46,116.27,151.15,1120.04,150.04,1034.2,0.1451,1.3,20.0,dapi,0
SCRAMBLE_KD,30min,10x-1,405,237.6,772.4,106,112.68,146.48,1115.65,145.65,1049.95,0.1387,1.3,20.0,dapi,0
SCRAMBLE_KD,30min,10x-1,406,238.2,602.7,111,149.25,194.03,1134.74,164.74,1097.14,0.1502,1.3,20.0,dapi,0
SCRAMBLE_KD,30min,10x-1,407,239.9,805.8,124,110.63,143.82,1070.9,100.9,1017.01,0.0992,1.3,20.0,dapi,0
SCRAMBLE_KD,30min,10x-1,408,236.2,886.1,47,49.74,64.66,1189.74,219.74,1062.3,0.2069,1.3,20.0,dapi,0
SCRAMBLE_KD,30min,10x-1,409,238.7,932.9,96,3.93,5.11,1669.08,699.08,865.99,0.8073,1.3,20.0,dapi,0
SCRAMBLE_KD,30min,10x-1,410,240.3,715.8,119,134.75,175.18,1079.47,109.47,1033.61,0.1059,1.3,20.0,dapi,0
SCRAMBLE_KD,30min,10x-1,411,239.0,819.3,111,102.61,133.39,1060.8,90.8,1113.67,0.0815,1.3,20.0,dapi,0
SCRAMBLE_KD,30min,10x-1,412,240.0,469.3,69,49.73,64.65,1163.91,193.91,1186.72,0.1634,1.3,20.0,dapi,0
SCRAMBLE_KD,30min,10x-1,413,241.6,588.3,193,134.41,174.73,1094.15,124.15,903.72,0.1374,1.3,20.0,dapi,0
SCRAMBLE_KD,30min,10x-1,414,239.6,654.5,113,149.83,194.78,1123.19,153.19,1129.31,0.1357,1.3,20.0,dapi,0
SCRAMBLE_KD,30min,10x-1,415,240.5,787.6,120,111.63,145.12,1288.04,318.04,1063.97,0.2989,1.3,20.0,dapi,0
SCRAMBLE_KD,30min,10x-1,416,241.0,832.7,95,92.03,119.64,1077.21,107.21,1171.8,0.0915,1.3,20.0,dapi,0
SCRAMBLE_KD,30min,10x-1,417,241.2,923.0,123,14.03,18.23,1796.41,826.41,1026.11,0.8054,1.3,20.0,dapi,0
SCRAMBLE_KD,30min,10x-1,418,240.9,496.8,105,69.34,90.14,1150.73,180.73,1139.33,0.1586,1.3,20.0,dapi,0
SCRAMBLE_KD,30min,10x-1,419,239.6,680.3,46,144.63,188.02,1083.61,113.61,1195.59,0.095,1.3,20.0,dapi,0
SCRAMBLE_KD,30min,10x-1,420,244.1,556.9,115,108.17,140.62,1164.84,194.84,1257.85,0.1549,1.3,20.0,dapi,0
SCRAMBLE_KD,30min,10x-1,421,242.3,875.5,85,60.28,78.36,1303.68,333.68,1202.11,0.2776,1.3,20.0,dapi,0
SCRAMBLE_KD,30min,10x-1,422,241.9,406.8,78,4.72,6.13,1749.6,779.6,987.15,0.7897,1.3,20.0,dapi,0
SCRAMBLE_KD,30min,10x-1,423,241.8,424.4,86,21.02,27.32,2160.86,1190.86,1300.16,0.9159,1.3,20.0,dapi,0
SCRAMBLE_KD,30min,10x-1,424,242.5,900.8,81,35.61,46.29,1370.43,400.43,1169.69,0.3423,1.3,20.0,dapi,0
SCRAMBLE_KD,30min,10x-1,425,242.7,912.4,74,25.14,32.68,1610.93,640.93,1112.91,0.5759,1.3,20.0,dapi,0
SCRAMBLE_KD,30min,10x-1,426,242.4,435.2,48,31.69,41.2,1351.46,381.46,1160.15,0.3288,1.3,20.0,dapi,0
SCRAMBLE_KD,30min,10x-1,427,243.6,457.7,56,39.62,51.5,1195.89,225.89,964.54,0.2342,1.3,20.0,dapi,0
SCRAMBLE_KD,30min,10x-1,428,246.6,729.8,148,136.82,177.86,1150.07,180.07,977.05,0.1843,1.3,20.0,dapi,0
SCRAMBLE_KD,30min,10x-1,429,245.6,743.0,128,130.03,169.04,1190.13,220.13,1028.99,0.2139,1.3,20.0,dapi,0
SCRAMBLE_KD,30min,10x-1,430,243.2,851.9,88,78.68,102.29,1102.28,132.28,1087.64,0.1216,1.3,20.0,dapi,0
SCRAMBLE_KD,30min,10x-1,431,246.5,481.8,73,54.83,71.28,1160.3,190.3,1082.86,0.1757,1.3,20.0,dapi,0
SCRAMBLE_KD,30min,10x-1,432,245.2,705.0,65,142.47,185.21,1092.98,122.98,995.23,0.1236,1.3,20.0,dapi,0
SCRAMBLE_KD,30min,10x-1,433,244.4,886.9,64,49.73,64.65,1189.36,219.36,929.84,0.2359,1.3,20.0,dapi,0
SCRAMBLE_KD,30min,10x-1,434,246.8,545.6,106,97.85,127.2,1134.75,164.75,1216.82,0.1354,1.3,20.0,dapi,0
SCRAMBLE_KD,30min,10x-1,435,248.9,578.9,97,123.05,159.97,1083.66,113.66,1126.21,0.1009,1.3,20.0,dapi,0
SCRAMBLE_KD,30min,10x-1,436,248.6,450.2,110,30.94,40.22,1279.42,309.42,1173.68,0.2636,1.3,20.0,dapi,0
SCRAMBLE_KD,30min,10x-1,437,245.9,535.8,42,90.83,118.08,1180.19,210.19,1065.88,0.1972,1.3,20.0,dapi,0
SCRAMBLE_KD,30min,10x-1,438,248.3,474.6,65,48.65,63.24,1190.12,220.12,1203.08,0.183,1.3,20.0,dapi,0
SCRAMBLE_KD,30min,10x-1,439,251.3,565.4,123,110.29,143.37,1112.13,142.13,1074.86,0.1322,1.3,20.0,dapi,0
SCRAMBLE_KD,30min,10x-1,440,249.2,654.3,108,158.89,206.55,1115.68,145.68,1117.4,0.1304,1.3,20.0,dapi,0
SCRAMBLE_KD,30min,10x-1,441,250.4,792.5,129,121.06,157.38,1131.98,161.98,995.86,0.1627,1.3,20.0,dapi,0
SCRAMBLE_KD,30min,10x-1,442,247.5,866.1,56,71.11,92.44,1210.73,240.73,1028.93,0.234,1.3,20.0,dapi,0
SCRAMBLE_KD,30min,10x-1,443,248.6,935.1,95,7.7,10.01,2042.73,1072.73,1181.32,0.9081,1.3,20.0,dapi,0
SCRAMBLE_KD,30min,10x-1,444,247.6,409.3,51,5.64,7.33,2005.75,1035.75,1145.12,0.9045,1.3,20.0,dapi,0
SCRAMBLE_KD,30min,10x-1,445,251.8,640.4,129,163.82,212.96,1108.46,138.46,1032.36,0.1341,1.3,20.0,dapi,0
SCRAMBLE_KD,30min,10x-1,446,248.2,755.5,45,127.29,165.48,1083.58,113.58,1108.89,0.1024,1.3,20.0,dapi,0
SCRAMBLE_KD,30min,10x-1,447,249.4,838.2,84,93.08,121.01,1081.32,111.32,1008.8,0.1104,1.3,20.0,dapi,0
SCRAMBLE_KD,30min,10x-1,448,249.3,433.5,82,24.64,32.03,1722.85,752.85,1120.84,0.6717,1.3,20.0,dapi,0
SCRAMBLE_KD,30min,10x-1,449,249.7,503.5,53,65.22,84.79,1166.66,196.66,1080.42,0.182,1.3,20.0,dapi,0
SCRAMBLE_KD,30min,10x-1,450,250.2,525.7,64,80.79,105.03,1211.23,241.23,1327.05,0.1818,1.3,20.0,dapi,0
SCRAMBLE_KD,30min,10x-1,451,251.8,627.1,143,164.24,213.52,1117.86,147.86,985.17,0.1501,1.3,20.0,dapi,0
SCRAMBLE_KD,30min,10x-1,452,251.1,493.0,75,58.71,76.32,1160.41,190.41,1122.81,0.1696,1.3,20.0,dapi,0
SCRAMBLE_KD,30min,10x-1,453,250.3,665.7,63,158.8,206.44,1062.62,92.62,1027.94,0.0901,1.3,20.0,dapi,0
SCRAMBLE_KD,30min,10x-1,454,253.1,899.7,114,39.77,51.7,1312.98,342.98,1115.58,0.3074,1.3,20.0,dapi,0
SCRAMBLE_KD,30min,10x-1,455,255.0,604.4,123,142.06,184.67,1107.98,137.98,1046.47,0.1318,1.3,20.0,dapi,0
SCRAMBLE_KD,30min,10x-1,456,254.2,804.1,123,123.29,160.28,1048.89,78.89,1047.67,0.0753,1.3,20.0,dapi,0
SCRAMBLE_KD,30min,10x-1,457,255.2,890.0,102,49.81,64.75,1160.1,190.1,1060.27,0.1793,1.3,20.0,dapi,0
SCRAMBLE_KD,30min,10x-1,458,253.2,918.3,93,23.73,30.85,1591.25,621.25,1020.13,0.609,1.3,20.0,dapi,0
SCRAMBLE_KD,30min,10x-1,459,254.0,413.9,75,8.8,11.44,2064.53,1094.53,1282.24,0.8536,1.3,20.0,dapi,0
SCRAMBLE_KD,30min,10x-1,460,255.3,517.5,79,70.88,92.15,1122.82,152.82,1318.95,0.1159,1.3,20.0,dapi,0
SCRAMBLE_KD,30min,10x-1,461,254.4,550.2,67,96.44,125.37,1144.85,174.85,1032.48,0.1694,1.3,20.0,dapi,0
SCRAMBLE_KD,30min,10x-1,462,257.7,694.4,138,158.24,205.71,1132.34,162.34,1004.07,0.1617,1.3,20.0,dapi,0
SCRAMBLE_KD,30min,10x-1,463,255.1,734.2,110,142.04,184.65,1150.55,180.55,940.61,0.1919,1.3,20.0,dapi,0
SCRAMBLE_KD,30min,10x-1,464,254.7,469.1,63,39.62,51.5,1186.75,216.75,1071.73,0.2022,1.3,20.0,dapi,0
SCRAMBLE_KD,30min,10x-1,465,255.1,484.7,67,51.26,66.64,1198.7,228.7,1140.39,0.2005,1.3,20.0,dapi,0
SCRAMBLE_KD,30min,10x-1,466,255.4,508.2,74,64.6,83.98,1133.12,163.12,1198.14,0.1361,1.3,20.0,dapi,0
SCRAMBLE_KD,30min,10x-1,467,257.1,777.1,90,130.14,169.18,1063.04,93.04,941.07,0.0989,1.3,20.0,dapi,0
SCRAMBLE_KD,30min,10x-1,468,256.1,826.2,80,106.76,138.79,1111.34,141.34,1091.29,0.1295,1.3,20.0,dapi,0
SCRAMBLE_KD,30min,10x-1,469,255.0,857.6,90,80.42,104.54,1126.48,156.48,1082.56,0.1445,1.3,20.0,dapi,0
SCRAMBLE_KD,30min,10x-1,470,255.5,872.7,81,66.22,86.09,1147.88,177.88,1214.11,0.1465,1.3,20.0,dapi,0
SCRAMBLE_KD,30min,10x-1,471,258.0,426.3,121,14.63,19.02,2243.02,1273.02,1266.73,1.005,1.3,20.0,dapi,0
SCRAMBLE_KD,30min,10x-1,472,257.4,709.2,116,152.94,198.82,1533.07,563.07,1040.6,0.5411,1.3,20.0,dapi,0
SCRAMBLE_KD,30min,10x-1,473,258.5,576.7,94,116.22,151.09,1096.05,126.05,966.76,0.1304,1.3,20.0,dapi,0
SCRAMBLE_KD,30min,10x-1,474,259.0,441.4,55,17.74,23.06,2191.29,1221.29,1304.91,0.9359,1.3,20.0,dapi,0
SCRAMBLE_KD,30min,10x-1,475,259.4,455.9,87,27.07,35.18,1739.05,769.05,1203.78,0.6389,1.3,20.0,dapi,0
SCRAMBLE_KD,30min,10x-1,476,260.1,590.5,116,127.28,165.46,1076.91,106.91,1019.92,0.1048,1.3,20.0,dapi,0
SCRAMBLE_KD,30min,10x-1,477,259.4,765.5,50,134.51,174.87,1081.16,111.16,1029.18,0.108,1.3,20.0,dapi,0
SCRAMBLE_KD,30min,10x-1,478,258.4,933.1,120,12.35,16.05,2033.78,1063.78,1009.58,1.0537,1.3,20.0,dapi,0
SCRAMBLE_KD,30min,10x-1,479,259.6,531.3,55,78.02,101.43,1123.8,153.8,1026.51,0.1498,1.3,20.0,dapi,0
SCRAMBLE_KD,30min,10x-1,480,260.0,911.7,78,32.63,42.41,1371.23,401.23,1254.15,0.3199,1.3,20.0,dapi,0
SCRAMBLE_KD,30min,10x-1,481,261.6,474.9,66,39.77,51.7,1206.48,236.48,1193.44,0.1982,1.3,20.0,dapi,0
SCRAMBLE_KD,30min,10x-1,482,262.3,662.0,71,171.07,222.39,1144.55,174.55,976.3,0.1788,1.3,20.0,dapi,0
SCRAMBLE_KD,30min,10x-1,483,265.2,674.3,155,170.26,221.34,1105.35,135.35,969.9,0.1396,1.3,20.0,dapi,0
SCRAMBLE_KD,30min,10x-1,484,262.0,747.9,147,142.86,185.71,1186.9,216.9,952.01,0.2278,1.3,20.0,dapi,0
SCRAMBLE_KD,30min,10x-1,485,262.3,839.7,114,99.6,129.48,1106.65,136.65,1063.24,0.1285,1.3,20.0,dapi,0
SCRAMBLE_KD,30min,10x-1,486,260.7,881.4,59,60.38,78.5,1144.85,174.85,974.78,0.1794,1.3,20.0,dapi,0
SCRAMBLE_KD,30min,10x-1,487,261.4,435.6,37,13.77,17.9,1961.97,991.97,1067.51,0.9292,1.3,20.0,dapi,0
SCRAMBLE_KD,30min,10x-1,488,263.4,632.2,105,164.24,213.51,1172.14,202.14,829.96,0.2436,1.3,20.0,dapi,0
SCRAMBLE_KD,30min,10x-1,489,262.8,818.8,105,116.62,151.61,1085.53,115.53,1035.77,0.1115,1.3,20.0,dapi,0
SCRAMBLE_KD,30min,10x-1,490,263.9,853.0,103,87.71,114.02,1136.95,166.95,1092.27,0.1528,1.3,20.0,dapi,0
SCRAMBLE_KD,30min,10x-1,491,263.1,409.5,66,3.72,4.84,1690.33,720.33,959.27,0.7509,1.3,20.0,dapi,0
SCRAMBLE_KD,30min,10x-1,492,262.5,903.0,66,41.76,54.28,1197.65,227.65,1220.39,0.1865,1.3,20.0,dapi,0
SCRAMBLE_KD,30min,10x-1,493,263.8,504.0,63,55.33,71.92,1136.84,166.84,1162.83,0.1435,1.3,20.0,dapi,0
SCRAMBLE_KD,30min,10x-1,494,264.7,618.2,83,151.05,196.36,1139.42,169.42,944.65,0.1793,1.3,20.0,dapi,0
SCRAMBLE_KD,30min,10x-1,495,265.0,646.9,123,175.18,227.73,1214.07,244.07,1032.96,0.2363,1.3,20.0,dapi,0
SCRAMBLE_KD,30min,10x-1,496,265.2,786.6,111,136.57,177.54,1058.05,88.05,1062.0,0.0829,1.3,20.0,dapi,0
SCRAMBLE_KD,30min,10x-1,497,264.7,806.8,81,127.23,165.39,1096.1,126.1,878.74,0.1435,1.3,20.0,dapi,0
SCRAMBLE_KD,30min,10x-1,498,264.0,941.8,78,8.7,11.31,1954.4,984.4,1103.41,0.8921,1.3,20.0,dapi,0
SCRAMBLE_KD,30min,10x-1,499,266.5,446.7,93,15.03,19.54,2218.02,1248.02,1262.44,0.9886,1.3,20.0,dapi,0
SCRAMBLE_KD,30min,10x-1,500,265.8,484.1,69,41.22,53.59,1210.22,240.22,993.78,0.2417,1.3,20.0,dapi,0
SCRAMBLE_KD,30min,10x-1,501,266.7,950.9,103,5.21,6.77,1761.58,791.58,957.75,0.8265,1.3,20.0,dapi,0
SCRAMBLE_KD,30min,10x-1,502,266.5,496.2,68,48.4,62.92,1205.21,235.21,1222.04,0.1925,1.3,20.0,dapi,0
SCRAMBLE_KD,30min,10x-1,503,266.3,540.7,60,82.03,106.64,1122.98,152.98,987.67,0.1549,1.3,20.0,dapi,0
SCRAMBLE_KD,30min,10x-1,504,266.8,553.8,105,92.32,120.01,1148.75,178.75,1165.19,0.1534,1.3,20.0,dapi,0
SCRAMBLE_KD,30min,10x-1,505,265.5,869.3,86,73.38,95.4,1144.59,174.59,1192.17,0.1464,1.3,20.0,dapi,0
SCRAMBLE_KD,30min,10x-1,506,267.1,524.8,82,68.91,89.58,1134.66,164.66,1348.41,0.1221,1.3,20.0,dapi,0
SCRAMBLE_KD,30min,10x-1,507,269.5,563.5,108,100.03,130.04,1131.74,161.74,1161.52,0.1392,1.3,20.0,dapi,0
SCRAMBLE_KD,30min,10x-1,508,267.0,888.8,78,55.81,72.56,1150.92,180.92,1059.58,0.1708,1.3,20.0,dapi,0
SCRAMBLE_KD,30min,10x-1,509,267.8,456.2,51,21.51,27.96,1409.45,439.45,1148.59,0.3826,1.3,20.0,dapi,0
SCRAMBLE_KD,30min,10x-1,510,269.4,727.4,123,157.69,204.99,1108.47,138.47,1106.35,0.1252,1.3,20.0,dapi,0
SCRAMBLE_KD,30min,10x-1,511,269.5,922.9,144,26.5,34.45,1406.91,436.91,1146.33,0.3811,1.3,20.0,dapi,0
SCRAMBLE_KD,30min,10x-1,512,268.3,428.3,52,4.84,6.29,1923.25,953.25,1049.38,0.9084,1.3,20.0,dapi,0
SCRAMBLE_KD,30min,10x-1,513,270.2,473.5,80,32.95,42.83,1440.74,470.74,1355.62,0.3472,1.3,20.0,dapi,0
SCRAMBLE_KD,30min,10x-1,514,270.1,575.6,132,110.33,143.43,1100.55,130.55,1034.89,0.1261,1.3,20.0,dapi,0
SCRAMBLE_KD,30min,10x-1,515,271.5,696.6,141,169.67,220.57,1084.11,114.11,989.01,0.1154,1.3,20.0,dapi,0
SCRAMBLE_KD,30min,10x-1,516,270.5,825.8,89,115.26,149.84,1066.96,96.96,1035.52,0.0936,1.3,20.0,dapi,0
SCRAMBLE_KD,30min,10x-1,517,269.0,416.9,50,3.72,4.84,2098.28,1128.28,1053.6,1.0709,1.3,20.0,dapi,0
SCRAMBLE_KD,30min,10x-1,518,272.0,611.7,101,143.0,185.9,1346.73,376.73,1087.61,0.3464,1.3,20.0,dapi,0
SCRAMBLE_KD,30min,10x-1,519,270.9,904.2,88,44.12,57.36,1191.41,221.41,1195.52,0.1852,1.3,20.0,dapi,0
SCRAMBLE_KD,30min,10x-1,520,276.2,741.4,170,158.43,205.96,1086.96,116.96,1107.45,0.1056,1.3,20.0,dapi,0
SCRAMBLE_KD,30min,10x-1,521,274.2,598.3,127,129.17,167.93,1188.66,218.66,1041.69,0.2099,1.3,20.0,dapi,0
SCRAMBLE_KD,30min,10x-1,522,273.4,872.5,98,72.73,94.56,1181.28,211.28,1231.44,0.1716,1.3,20.0,dapi,0
SCRAMBLE_KD,30min,10x-1,523,276.7,662.8,143,182.21,236.87,1132.5,162.5,981.59,0.1656,1.3,20.0,dapi,0
SCRAMBLE_KD,30min,10x-1,524,275.3,841.3,107,102.72,133.54,1124.47,154.47,1052.82,0.1467,1.3,20.0,dapi,0
SCRAMBLE_KD,30min,10x-1,525,275.5,483.7,57,33.82,43.96,1194.16,224.16,1147.49,0.1953,1.3,20.0,dapi,0
SCRAMBLE_KD,30min,10x-1,526,277.3,754.4,84,155.11,201.65,1096.45,126.45,968.55,0.1306,1.3,20.0,dapi,0
SCRAMBLE_KD,30min,10x-1,527,276.2,781.0,68,148.24,192.71,1121.4,151.4,992.38,0.1526,1.3,20.0,dapi,0
SCRAMBLE_KD,30min,10x-1,528,279.2,503.2,117,44.28,57.57,1329.23,359.23,1050.35,0.342,1.3,20.0,dapi,0
SCRAMBLE_KD,30min,10x-1,529,278.7,630.2,85,153.25,199.22,1188.05,218.05,869.01,0.2509,1.3,20.0,dapi,0
SCRAMBLE_KD,30min,10x-1,530,280.7,762.9,121,156.57,203.55,1091.64,121.64,1073.27,0.1133,1.3,20.0,dapi,0
SCRAMBLE_KD,30min,10x-1,531,276.3,889.5,62,59.86,77.81,1153.34,183.34,1021.08,0.1796,1.3,20.0,dapi,0
SCRAMBLE_KD,30min,10x-1,532,276.6,936.1,64,22.63,29.42,1802.72,832.72,1022.3,0.8146,1.3,20.0,dapi,0
SCRAMBLE_KD,30min,10x-1,533,277.3,449.1,53,11.02,14.32,2427.94,1457.94,1417.04,1.0289,1.3,20.0,dapi,0
SCRAMBLE_KD,30min,10x-1,534,277.2,529.9,61,66.71,86.73,1164.18,194.18,1260.1,0.1541,1.3,20.0,dapi,0
SCRAMBLE_KD,30min,10x-1,535,280.0,772.2,104,153.67,199.77,1086.5,116.5,1010.49,0.1153,1.3,20.0,dapi,0
SCRAMBLE_KD,30min,10x-1,536,278.3,925.3,84,30.58,39.76,1456.11,486.11,1128.77,0.4307,1.3,20.0,dapi,0
SCRAMBLE_KD,30min,10x-1,537,279.1,538.4,64,72.43,94.16,1129.59,159.59,1162.05,0.1373,1.3,20.0,dapi,0
SCRAMBLE_KD,30min,10x-1,538,278.9,549.9,105,83.0,107.9,1122.13,152.13,1170.95,0.1299,1.3,20.0,dapi,0
SCRAMBLE_KD,30min,10x-1,539,279.6,726.3,99,168.03,218.44,1098.46,128.46,1103.22,0.1164,1.3,20.0,dapi,0
SCRAMBLE_KD,30min,10x-1,540,280.8,735.1,68,165.31,214.9,1068.1,98.1,1121.57,0.0875,1.3,20.0,dapi,0
SCRAMBLE_KD,30min,10x-1,541,280.6,796.7,99,145.05,188.56,1268.34,298.34,1151.76,0.259,1.3,20.0,dapi,0
SCRAMBLE_KD,30min,10x-1,542,279.6,860.8,94,86.62,112.6,1135.22,165.22,1223.64,0.135,1.3,20.0,dapi,0
SCRAMBLE_KD,30min,10x-1,543,279.1,903.3,79,48.76,63.38,1188.96,218.96,1207.68,0.1813,1.3,20.0,dapi,0
SCRAMBLE_KD,30min,10x-1,544,277.8,960.1,40,2.5,3.26,1855.05,885.05,867.23,1.0206,1.3,20.0,dapi,0
SCRAMBLE_KD,30min,10x-1,545,279.9,475.4,57,24.58,31.95,1845.82,875.82,1398.0,0.6265,1.3,20.0,dapi,0
SCRAMBLE_KD,30min,10x-1,546,281.4,643.9,123,163.86,213.02,1122.93,152.93,1019.23,0.15,1.3,20.0,dapi,0
SCRAMBLE_KD,30min,10x-1,547,280.6,824.8,92,119.81,155.75,1143.46,173.46,1212.59,0.143,1.3,20.0,dapi,0
SCRAMBLE_KD,30min,10x-1,548,279.3,881.2,59,68.39,88.91,1186.86,216.86,1065.29,0.2036,1.3,20.0,dapi,0
SCRAMBLE_KD,30min,10x-1,549,281.5,443.9,49,4.31,5.61,2078.55,1108.55,1156.06,0.9589,1.3,20.0,dapi,0
SCRAMBLE_KD,30min,10x-1,550,282.1,573.9,110,103.88,135.05,1108.3,138.3,1062.71,0.1301,1.3,20.0,dapi,0
SCRAMBLE_KD,30min,10x-1,551,284.2,805.3,138,139.6,181.48,1133.33,163.33,1007.14,0.1622,1.3,20.0,dapi,0
SCRAMBLE_KD,30min,10x-1,552,282.5,490.2,62,32.0,41.6,1199.53,229.53,1242.84,0.1847,1.3,20.0,dapi,0
SCRAMBLE_KD,30min,10x-1,553,282.5,605.2,77,130.65,169.84,1177.56,207.56,929.36,0.2233,1.3,20.0,dapi,0
SCRAMBLE_KD,30min,10x-1,554,285.6,587.1,111,114.38,148.7,1088.83,118.83,1059.66,0.1121,1.3,20.0,dapi,0
SCRAMBLE_KD,30min,10x-1,555,282.6,851.8,57,95.98,124.77,1135.88,165.88,1072.04,0.1547,1.3,20.0,dapi,0
SCRAMBLE_KD,30min,10x-1,556,283.2,450.7,38,8.05,10.46,2340.66,1370.66,1168.0,1.1735,1.3,20.0,dapi,0
SCRAMBLE_KD,30min,10x-1,557,286.0,557.5,78,87.5,113.75,1141.83,171.83,1260.59,0.1363,1.3,20.0,dapi,0
SCRAMBLE_KD,30min,10x-1,558,285.1,869.5,71,81.79,106.32,1128.93,158.93,1020.65,0.1557,1.3,20.0,dapi,0
SCRAMBLE_KD,30min,10x-1,559,285.7,928.5,68,31.62,41.1,1484.82,514.82,986.71,0.5218,1.3,20.0,dapi,0
SCRAMBLE_KD,30min,10x-1,560,287.2,678.0,145,190.3,247.39,1216.83,246.83,982.5,0.2512,1.3,20.0,dapi,0
SCRAMBLE_KD,30min,10x-1,561,288.2,536.7,94,67.38,87.59,1154.05,184.05,1212.03,0.1519,1.3,20.0,dapi,0
SCRAMBLE_KD,30min,10x-1,562,289.3,694.7,127,187.5,243.75,1139.8,169.8,1006.98,0.1686,1.3,20.0,dapi,0
SCRAMBLE_KD,30min,10x-1,563,288.4,783.0,104,159.88,207.84,1089.24,119.24,1067.25,0.1117,1.3,20.0,dapi,0
SCRAMBLE_KD,30min,10x-1,564,287.2,830.5,73,116.62,151.6,1141.4,171.4,1084.32,0.1581,1.3,20.0,dapi,0
SCRAMBLE_KD,30min,10x-1,565,288.4,912.8,104,46.17,60.02,1164.44,194.44,1104.06,0.1761,1.3,20.0,dapi,0
SCRAMBLE_KD,30min,10x-1,566,287.2,886.8,71,66.6,86.58,1140.08,170.08,1134.97,0.1499,1.3,20.0,dapi,0
SCRAMBLE_KD,30min,10x-1,567,288.7,476.7,39,18.59,24.16,2135.13,1165.13,1268.69,0.9184,1.3,20.0,dapi,0
SCRAMBLE_KD,30min,10x-1,568,288.9,841.3,90,108.51,141.06,1129.7,159.7,1156.08,0.1381,1.3,20.0,dapi,0
SCRAMBLE_KD,30min,10x-1,569,288.8,897.6,85,58.43,75.96,1144.92,174.92,1214.4,0.144,1.3,20.0,dapi,0
SCRAMBLE_KD,30min,10x-1,570,290.6,565.0,71,92.47,120.21,1163.44,193.44,1115.85,0.1734,1.3,20.0,dapi,0
SCRAMBLE_KD,30min,10x-1,571,293.4,619.2,131,136.33,177.23,1113.34,143.34,1047.21,0.1369,1.3,20.0,dapi,0
SCRAMBLE_KD,30min,10x-1,572,292.3,456.2,72,6.55,8.51,2069.12,1099.12,1235.61,0.8895,1.3,20.0,dapi,0
SCRAMBLE_KD,30min,10x-1,573,293.2,511.3,62,42.07,54.69,1192.66,222.66,1376.06,0.1618,1.3,20.0,dapi,0
SCRAMBLE_KD,30min,10x-1,574,294.3,609.0,104,127.45,165.69,1100.02,130.02,978.35,0.1329,1.3,20.0,dapi,0
SCRAMBLE_KD,30min,10x-1,575,293.4,864.7,96,88.82,115.46,1123.91,153.91,1122.76,0.1371,1.3,20.0,dapi,0
SCRAMBLE_KD,30min,10x-1,576,294.4,903.4,90,57.62,74.9,1147.96,177.96,1201.73,0.1481,1.3,20.0,dapi,0
SCRAMBLE_KD,30min,10x-1,577,296.2,751.7,117,173.9,226.07,1119.74,149.74,1037.26,0.1444,1.3,20.0,dapi,0
SCRAMBLE_KD,30min,10x-1,578,296.3,818.7,133,131.31,170.71,1126.53,156.53,994.73,0.1574,1.3,20.0,dapi,0
SCRAMBLE_KD,30min,10x-1,579,293.8,876.0,67,79.63,103.52,1136.94,166.94,989.66,0.1687,1.3,20.0,dapi,0
SCRAMBLE_KD,30min,10x-1,580,295.6,629.6,108,144.13,187.37,1080.57,110.57,1127.46,0.0981,1.3,20.0,dapi,0
SCRAMBLE_KD,30min,10x-1,581,296.4,646.0,131,158.16,205.6,1281.93,311.93,998.79,0.3123,1.3,20.0,dapi,0
SCRAMBLE_KD,30min,10x-1,582,297.2,669.4,150,178.3,231.79,1098.17,128.17,997.72,0.1285,1.3,20.0,dapi,0
SCRAMBLE_KD,30min,10x-1,583,294.1,922.8,62,37.95,49.34,1450.32,480.32,945.56,0.508,1.3,20.0,dapi,0
SCRAMBLE_KD,30min,10x-1,584,294.6,935.8,73,25.22,32.79,1654.99,684.99,1127.51,0.6075,1.3,20.0,dapi,0
SCRAMBLE_KD,30min,10x-1,585,296.9,720.2,114,185.97,241.77,1063.54,93.54,1047.82,0.0893,1.3,20.0,dapi,0
SCRAMBLE_KD,30min,10x-1,586,299.3,741.9,103,179.73,233.65,1144.13,174.13,868.2,0.2006,1.3,20.0,dapi,0
SCRAMBLE_KD,30min,10x-1,587,294.6,949.8,35,11.54,15.0,2139.63,1169.63,1124.89,1.0398,1.3,20.0,dapi,0
SCRAMBLE_KD,30min,10x-1,588,296.1,527.5,54,55.92,72.7,1210.69,240.69,1139.98,0.2111,1.3,20.0,dapi,0
SCRAMBLE_KD,30min,10x-1,589,296.7,589.0,93,109.42,142.25,1114.56,144.56,917.44,0.1576,1.3,20.0,dapi,0
SCRAMBLE_KD,30min,10x-1,590,302.0,805.4,185,146.53,190.49,1143.39,173.39,874.01,0.1984,1.3,20.0,dapi,0
SCRAMBLE_KD,30min,10x-1,591,297.4,832.1,79,120.21,156.27,1752.96,782.96,1242.2,0.6303,1.3,20.0,dapi,0
SCRAMBLE_KD,30min,10x-1,592,298.4,489.9,63,22.15,28.8,2247.6,1277.6,1291.67,0.9891,1.3,20.0,dapi,0
SCRAMBLE_KD,30min,10x-1,593,298.9,781.7,111,166.41,216.34,1123.65,153.65,1050.32,0.1463,1.3,20.0,dapi,0
SCRAMBLE_KD,30min,10x-1,594,298.1,849.1,92,105.38,137.0,1123.93,153.93,1104.46,0.1394,1.3,20.0,dapi,0
SCRAMBLE_KD,30min,10x-1,595,299.5,542.6,90,69.1,89.82,1125.17,155.17,1136.49,0.1365,1.3,20.0,dapi,0
SCRAMBLE_KD,30min,10x-1,596,299.9,555.5,83,79.63,103.52,1120.35,150.35,1008.89,0.149,1.3,20.0,dapi,0
SCRAMBLE_KD,30min,10x-1,597,299.7,882.5,82,76.81,99.85,1137.79,167.79,1090.41,0.1539,1.3,20.0,dapi,0
SCRAMBLE_KD,30min,10x-1,598,299.8,958.0,80,4.74,6.16,1711.58,741.58,1020.29,0.7268,1.3,20.0,dapi,0
SCRAMBLE_KD,30min,10x-1,599,303.7,731.9,146,187.8,244.14,1124.25,154.25,981.6,0.1571,1.3,20.0,dapi,0
SCRAMBLE_KD,30min,10x-1,600,300.7,941.2,76,19.73,25.65,1908.53,938.53,1217.36,0.771,1.3,20.0,dapi,0
SCRAMBLE_KD,30min,10x-1,601,302.7,596.0,93,111.64,145.14,1099.81,129.81,1062.09,0.1222,1.3,20.0,dapi,0
SCRAMBLE_KD,30min,10x-1,602,303.2,767.1,147,177.2,230.36,1212.04,242.04,977.95,0.2475,1.3,20.0,dapi,0
SCRAMBLE_KD,30min,10x-1,603,304.1,890.1,111,68.16,88.61,1167.06,197.06,1263.13,0.156,1.3,20.0,dapi,0
SCRAMBLE_KD,30min,10x-1,604,302.7,502.6,100,30.23,39.3,1222.52,252.52,1105.36,0.2285,1.3,20.0,dapi,0
SCRAMBLE_KD,30min,10x-1,605,303.4,702.0,84,199.28,259.07,1161.25,191.25,874.99,0.2186,1.3,20.0,dapi,0
SCRAMBLE_KD,30min,10x-1,606,306.4,577.5,128,95.22,123.78,1154.15,184.15,1044.55,0.1763,1.3,20.0,dapi,0
SCRAMBLE_KD,30min,10x-1,607,307.4,685.8,138,190.02,247.03,1076.67,106.67,974.31,0.1095,1.3,20.0,dapi,0
SCRAMBLE_KD,30min,10x-1,608,303.9,530.9,65,56.18,73.04,1197.42,227.42,1051.8,0.2162,1.3,20.0,dapi,0
SCRAMBLE_KD,30min,10x-1,609,305.5,609.4,113,121.47,157.91,1112.73,142.73,1027.61,0.1389,1.3,20.0,dapi,0
SCRAMBLE_KD,30min,10x-1,610,305.2,866.0,80,91.67,119.17,1130.92,160.92,1159.29,0.1388,1.3,20.0,dapi,0
SCRAMBLE_KD,30min,10x-1,611,303.3,909.8,61,48.9,63.57,1189.25,219.25,960.3,0.2283,1.3,20.0,dapi,0
SCRAMBLE_KD,30min,10x-1,612,305.0,923.7,105,34.9,45.38,1311.4,341.4,1035.77,0.3296,1.3,20.0,dapi,0
SCRAMBLE_KD,30min,10x-1,613,305.5,853.4,64,104.44,135.77,1166.61,196.61,1108.56,0.1774,1.3,20.0,dapi,0
SCRAMBLE_KD,30min,10x-1,614,303.7,567.4,30,88.01,114.41,1097.2,127.2,1288.9,0.0987,1.3,20.0,dapi,0
SCRAMBLE_KD,30min,10x-1,615,305.6,898.7,51,58.95,76.63,1157.12,187.12,1102.8,0.1697,1.3,20.0,dapi,0
SCRAMBLE_KD,30min,10x-1,616,307.4,477.1,43,6.55,8.51,1843.51,873.51,1035.47,0.8436,1.3,20.0,dapi,0
SCRAMBLE_KD,30min,10x-1,617,308.5,646.7,130,153.71,199.82,1063.23,93.23,1045.09,0.0892,1.3,20.0,dapi,0
SCRAMBLE_KD,30min,10x-1,618,307.7,665.9,120,171.08,222.4,1156.69,186.69,1026.92,0.1818,1.3,20.0,dapi,0
SCRAMBLE_KD,30min,10x-1,619,307.6,487.2,58,13.77,17.9,2271.95,1301.95,1278.31,1.0185,1.3,20.0,dapi,0
SCRAMBLE_KD,30min,10x-1,620,307.1,627.8,93,137.12,178.25,1070.48,100.48,914.57,0.1099,1.3,20.0,dapi,0
SCRAMBLE_KD,30min,10x-1,621,310.8,791.6,73,156.44,203.38,1097.9,127.9,1278.7,0.1,1.3,20.0,dapi,0
SCRAMBLE_KD,30min,10x-1,622,312.4,775.6,106,167.4,217.62,1223.82,253.82,1012.21,0.2508,1.3,20.0,dapi,0
SCRAMBLE_KD,30min,10x-1,623,312.0,832.1,114,124.84,162.3,1147.3,177.3,1094.89,0.1619,1.3,20.0,dapi,0
SCRAMBLE_KD,30min,10x-1,624,308.9,935.6,46,22.26,28.94,1395.22,425.22,1027.67,0.4138,1.3,20.0,dapi,0
SCRAMBLE_KD,30min,10x-1,625,312.2,587.6,86,99.99,129.99,1159.08,189.08,930.16,0.2033,1.3,20.0,dapi,0
SCRAMBLE_KD,30min,10x-1,626,311.1,718.7,82,199.17,258.92,1255.99,285.99,934.96,0.3059,1.3,20.0,dapi,0
SCRAMBLE_KD,30min,10x-1,627,311.8,845.1,84,111.87,145.43,1148.67,178.67,1146.39,0.1559,1.3,20.0,dapi,0
SCRAMBLE_KD,30min,10x-1,628,311.6,905.7,89,51.1,66.43,1180.27,210.27,1138.91,0.1846,1.3,20.0,dapi,0
SCRAMBLE_KD,30min,10x-1,629,310.0,945.5,34,12.47,16.21,2396.41,1426.41,1280.76,1.1137,1.3,20.0,dapi,0
SCRAMBLE_KD,30min,10x-1,630,311.9,953.6,67,4.31,5.61,1945.54,975.54,1102.37,0.8849,1.3,20.0,dapi,0
SCRAMBLE_KD,30min,10x-1,631,312.5,493.3,77,17.51,22.76,2023.88,1053.88,1146.38,0.9193,1.3,20.0,dapi,0
SCRAMBLE_KD,30min,10x-1,632,313.3,539.8,74,60.21,78.27,1125.22,155.22,1303.35,0.1191,1.3,20.0,dapi,0
SCRAMBLE_KD,30min,10x-1,633,314.6,812.8,116,139.18,180.93,1118.32,148.32,1110.72,0.1335,1.3,20.0,dapi,0
SCRAMBLE_KD,30min,10x-1,634,313.5,873.6,85,82.87,107.72,1138.73,168.73,1164.76,0.1449,1.3,20.0,dapi,0
SCRAMBLE_KD,30min,10x-1,635,315.1,555.4,66,71.73,93.25,1085.33,115.33,1459.27,0.079,1.3,20.0,dapi,0
SCRAMBLE_KD,30min,10x-1,636,313.3,566.3,30,81.45,105.88,1087.6,117.6,1368.6,0.0859,1.3,20.0,dapi,0
SCRAMBLE_KD,30min,10x-1,637,316.1,699.2,101,199.37,259.19,1139.76,169.76,958.32,0.1771,1.3,20.0,dapi,0
SCRAMBLE_KD,30min,10x-1,638,316.6,603.0,57,110.32,143.42,1156.75,186.75,1050.14,0.1778,1.3,20.0,dapi,0
SCRAMBLE_KD,30min,10x-1,639,318.1,822.4,92,131.11,170.44,1112.84,142.84,1123.35,0.1272,1.3,20.0,dapi,0
SCRAMBLE_KD,30min,10x-1,640,316.9,864.1,75,92.66,120.45,1143.52,173.52,995.39,0.1743,1.3,20.0,dapi,0
SCRAMBLE_KD,30min,10x-1,641,317.1,917.8,94,38.7,50.31,1166.97,196.97,1217.17,0.1618,1.3,20.0,dapi,0
SCRAMBLE_KD,30min,10x-1,642,315.6,928.1,46,28.8,37.44,1428.61,458.61,1067.37,0.4297,1.3,20.0,dapi,0
SCRAMBLE_KD,30min,10x-1,643,318.4,521.4,73,41.22,53.59,1142.04,172.04,1320.07,0.1303,1.3,20.0,dapi,0
SCRAMBLE_KD,30min,10x-1,644,317.9,627.5,117,132.26,171.94,1142.05,172.05,1090.09,0.1578,1.3,20.0,dapi,0
SCRAMBLE_KD,30min,10x-1,645,317.5,753.2,89,182.22,236.89,1223.25,253.25,946.28,0.2676,1.3,20.0,dapi,0
SCRAMBLE_KD,30min,10x-1,646,316.8,886.3,83,70.67,91.87,1150.33,180.33,1100.59,0.1638,1.3,20.0,dapi,0
SCRAMBLE_KD,30min,10x-1,647,318.0,482.1,54,5.23,6.8,2035.74,1065.74,1081.44,0.9855,1.3,20.0,dapi,0
SCRAMBLE_KD,30min,10x-1,648,319.0,529.8,77,48.57,63.14,1160.66,190.66,1285.06,0.1484,1.3,20.0,dapi,0
SCRAMBLE_KD,30min,10x-1,649,318.1,615.1,81,120.57,156.74,1133.32,163.32,951.95,0.1716,1.3,20.0,dapi,0
SCRAMBLE_KD,30min,10x-1,650,320.6,640.3,126,142.09,184.71,1088.03,118.03,1093.94,0.1079,1.3,20.0,dapi,0
SCRAMBLE_KD,30min,10x-1,651,319.9,670.1,167,170.56,221.73,1097.1,127.1,956.95,0.1328,1.3,20.0,dapi,0
SCRAMBLE_KD,30min,10x-1,652,318.4,497.8,43,20.96,27.25,1801.65,831.65,1102.56,0.7543,1.3,20.0,dapi,0
SCRAMBLE_KD,30min,10x-1,653,319.2,718.8,120,206.54,268.5,1127.88,157.88,991.06,0.1593,1.3,20.0,dapi,0
SCRAMBLE_KD,30min,10x-1,654,321.9,877.6,89,78.62,102.2,1142.49,172.49,1067.85,0.1615,1.3,20.0,dapi,0
SCRAMBLE_KD,30min,10x-1,655,319.6,908.1,71,48.62,63.2,1143.1,173.1,1143.07,0.1514,1.3,20.0,dapi,0
SCRAMBLE_KD,30min,10x-1,656,322.7,760.8,106,172.22,223.89,1181.43,211.43,949.28,0.2227,1.3,20.0,dapi,0
SCRAMBLE_KD,30min,10x-1,657,319.9,939.3,70,17.62,22.9,2088.07,1118.07,1152.11,0.9705,1.3,20.0,dapi,0
SCRAMBLE_KD,30min,10x-1,658,320.5,577.9,68,87.24,113.41,1268.24,298.24,972.84,0.3066,1.3,20.0,dapi,0
SCRAMBLE_KD,30min,10x-1,659,320.6,836.6,75,119.62,155.5,1162.28,192.28,955.55,0.2012,1.3,20.0,dapi,0
SCRAMBLE_KD,30min,10x-1,660,322.6,854.1,107,102.62,133.41,1342.12,372.12,1111.03,0.3349,1.3,20.0,dapi,0
SCRAMBLE_KD,30min,10x-1,661,322.4,545.7,66,60.36,78.47,1134.0,164.0,1382.55,0.1186,1.3,20.0,dapi,0
SCRAMBLE_KD,30min,10x-1,662,322.1,506.1,52,26.63,34.62,1245.73,275.73,1159.04,0.2379,1.3,20.0,dapi,0
SCRAMBLE_KD,30min,10x-1,663,323.9,653.1,98,153.19,199.15,1079.29,109.29,1014.23,0.1078,1.3,20.0,dapi,0
SCRAMBLE_KD,30min,10x-1,664,323.3,799.4,65,143.03,185.94,1169.62,199.62,979.11,0.2039,1.3,20.0,dapi,0
SCRAMBLE_KD,30min,10x-1,665,324.9,889.7,92,66.67,86.67,1167.35,197.35,1190.73,0.1657,1.3,20.0,dapi,0
SCRAMBLE_KD,30min,10x-1,666,325.3,589.8,86,95.09,123.62,1166.49,196.49,1031.9,0.1904,1.3,20.0,dapi,0
SCRAMBLE_KD,30min,10x-1,667,325.6,682.7,111,180.85,235.11,1127.82,157.82,1034.42,0.1526,1.3,20.0,dapi,0
SCRAMBLE_KD,30min,10x-1,668,327.3,597.9,108,101.34,131.74,1117.81,147.81,1170.6,0.1263,1.3,20.0,dapi,0
SCRAMBLE_KD,30min,10x-1,669,328.7,734.0,120,191.11,248.44,1099.56,129.56,1041.38,0.1244,1.3,20.0,dapi,0
SCRAMBLE_KD,30min,10x-1,670,330.4,561.2,137,67.54,87.81,1128.22,158.22,1038.84,0.1523,1.3,20.0,dapi,0
SCRAMBLE_KD,30min,10x-1,671,325.3,928.4,32,28.72,37.33,1216.47,246.47,1126.22,0.2188,1.3,20.0,dapi,0
SCRAMBLE_KD,30min,10x-1,672,329.2,483.9,99,5.83,7.58,1842.98,872.98,1083.99,0.8053,1.3,20.0,dapi,0
SCRAMBLE_KD,30min,10x-1,673,329.5,535.0,64,47.55,61.82,1167.19,197.19,1207.11,0.1634,1.3,20.0,dapi,0
SCRAMBLE_KD,30min,10x-1,674,328.8,635.6,99,135.5,176.14,1257.13,287.13,1249.44,0.2298,1.3,20.0,dapi,0
SCRAMBLE_KD,30min,10x-1,675,328.3,722.9,79,201.06,261.38,1156.62,186.62,950.76,0.1963,1.3,20.0,dapi,0
SCRAMBLE_KD,30min,10x-1,676,328.4,788.4,111,147.86,192.22,1151.64,181.64,1093.75,0.1661,1.3,20.0,dapi,0
SCRAMBLE_KD,30min,10x-1,677,328.2,908.2,66,48.9,63.56,1165.45,195.45,1129.14,0.1731,1.3,20.0,dapi,0
SCRAMBLE_KD,30min,10x-1,678,331.2,494.7,113,12.42,16.14,1929.03,959.03,1062.76,0.9024,1.3,20.0,dapi,0
SCRAMBLE_KD,30min,10x-1,679,329.6,708.5,113,198.64,258.23,1107.33,137.33,1083.16,0.1268,1.3,20.0,dapi,0
SCRAMBLE_KD,30min,10x-1,680,329.5,897.8,89,59.05,76.76,1162.55,192.55,1223.08,0.1574,1.3,20.0,dapi,0
SCRAMBLE_KD,30min,10x-1,681,329.3,919.1,76,38.08,49.5,1202.66,232.66,1184.49,0.1964,1.3,20.0,dapi,0
SCRAMBLE_KD,30min,10x-1,682,329.7,507.9,75,23.97,31.16,1719.59,749.59,1071.49,0.6996,1.3,20.0,dapi,0
SCRAMBLE_KD,30min,10x-1,683,331.1,747.1,93,179.05,232.77,1126.55,156.55,1066.44,0.1468,1.3,20.0,dapi,0
SCRAMBLE_KD,30min,10x-1,684,333.0,776.5,116,153.42,199.45,1119.41,149.41,1071.95,0.1394,1.3,20.0,dapi,0
SCRAMBLE_KD,30min,10x-1,685,330.0,810.1,82,130.28,169.36,1127.79,157.79,1175.74,0.1342,1.3,20.0,dapi,0
SCRAMBLE_KD,30min,10x-1,686,331.3,827.3,88,117.92,153.3,1122.47,152.47,1219.17,0.1251,1.3,20.0,dapi,0
SCRAMBLE_KD,30min,10x-1,687,332.1,541.7,78,50.83,66.09,1193.81,223.81,1363.36,0.1642,1.3,20.0,dapi,0
SCRAMBLE_KD,30min,10x-1,688,332.5,662.3,121,159.34,207.14,1564.02,594.02,1047.63,0.567,1.3,20.0,dapi,0
SCRAMBLE_KD,30min,10x-1,689,333.5,571.6,72,75.44,98.07,1147.32,177.32,1161.97,0.1526,1.3,20.0,dapi,0
SCRAMBLE_KD,30min,10x-1,690,332.4,579.9,74,83.0,107.9,1136.46,166.46,1147.64,0.145,1.3,20.0,dapi,0
SCRAMBLE_KD,30min,10x-1,691,332.1,610.0,65,110.15,143.2,1079.91,109.91,1484.31,0.074,1.3,20.0,dapi,0
SCRAMBLE_KD,30min,10x-1,692,332.6,848.4,107,103.46,134.5,1111.38,141.38,1098.31,0.1287,1.3,20.0,dapi,0
SCRAMBLE_KD,30min,10x-1,693,331.7,863.2,60,94.07,122.3,1197.48,227.48,1027.07,0.2215,1.3,20.0,dapi,0
SCRAMBLE_KD,30min,10x-1,694,332.9,881.7,69,75.29,97.87,1153.43,183.43,1023.39,0.1792,1.3,20.0,dapi,0
SCRAMBLE_KD,30min,10x-1,695,334.8,515.1,86,28.58,37.16,1719.88,749.88,1185.59,0.6325,1.3,20.0,dapi,0
SCRAMBLE_KD,30min,10x-1,696,334.6,694.7,106,184.42,239.75,1206.75,236.75,1095.48,0.2161,1.3,20.0,dapi,0
SCRAMBLE_KD,30min,10x-1,697,335.6,958.0,70,2.73,3.54,1668.8,698.8,890.21,0.785,1.3,20.0,dapi,0
SCRAMBLE_KD,30min,10x-1,698,339.4,528.2,111,35.61,46.29,1741.17,771.17,1020.18,0.7559,1.3,20.0,dapi,0
SCRAMBLE_KD,30min,10x-1,699,337.9,819.7,100,117.55,152.82,1160.94,190.94,1180.6,0.1617,1.3,20.0,dapi,0
SCRAMBLE_KD,30min,10x-1,700,335.6,873.3,81,84.6,109.98,1157.94,187.94,1099.78,0.1709,1.3,20.0,dapi,0
SCRAMBLE_KD,30min,10x-1,701,333.9,929.1,37,29.26,38.04,1613.32,643.32,1571.24,0.4094,1.3,20.0,dapi,0
SCRAMBLE_KD,30min,10x-1,702,339.1,761.8,127,162.12,210.76,1153.94,183.94,1062.78,0.1731,1.3,20.0,dapi,0
SCRAMBLE_KD,30min,10x-1,703,337.9,589.3,77,88.49,115.03,1098.65,128.65,1082.88,0.1188,1.3,20.0,dapi,0
SCRAMBLE_KD,30min,10x-1,704,339.9,620.9,110,117.77,153.1,1158.58,188.58,1119.95,0.1684,1.3,20.0,dapi,0
SCRAMBLE_KD,30min,10x-1,705,338.6,548.4,85,51.73,67.26,1141.28,171.28,1236.87,0.1385,1.3,20.0,dapi,0
SCRAMBLE_KD,30min,10x-1,706,340.1,834.7,106,105.88,137.64,1144.28,174.28,1098.96,0.1586,1.3,20.0,dapi,0
SCRAMBLE_KD,30min,10x-1,707,339.1,911.6,89,46.98,61.07,1199.57,229.57,1135.44,0.2022,1.3,20.0,dapi,0
SCRAMBLE_KD,30min,10x-1,708,340.5,674.6,105,165.66,215.36,1141.37,171.37,1112.82,0.154,1.3,20.0,dapi,0
SCRAMBLE_KD,30min,10x-1,709,340.7,843.7,81,99.42,129.25,1156.1,186.1,1056.22,0.1762,1.3,20.0,dapi,0
SCRAMBLE_KD,30min,10x-1,710,340.4,500.1,72,12.78,16.61,1841.44,871.44,997.08,0.874,1.3,20.0,dapi,0
SCRAMBLE_KD,30min,10x-1,711,342.4,771.6,100,152.15,197.8,1215.93,245.93,1140.18,0.2157,1.3,20.0,dapi,0
SCRAMBLE_KD,30min,10x-1,712,339.0,896.7,66,61.52,79.97,1142.97,172.97,986.86,0.1753,1.3,20.0,dapi,0
SCRAMBLE_KD,30min,10x-1,713,344.3,919.7,127,39.62,51.5,1336.26,366.26,1216.36,0.3011,1.3,20.0,dapi,0
SCRAMBLE_KD,30min,10x-1,714,339.8,942.6,65,16.76,21.78,1974.94,1004.94,1357.6,0.7402,1.3,20.0,dapi,0
SCRAMBLE_KD,30min,10x-1,715,341.6,630.7,72,126.79,164.82,1276.08,306.08,969.43,0.3157,1.3,20.0,dapi,0
SCRAMBLE_KD,30min,10x-1,716,342.6,744.3,117,175.38,228.0,1125.56,155.56,1055.18,0.1474,1.3,20.0,dapi,0
SCRAMBLE_KD,30min,10x-1,717,341.5,792.9,101,135.82,176.57,1101.18,131.18,1036.82,0.1265,1.3,20.0,dapi,0
SCRAMBLE_KD,30min,10x-1,718,342.1,647.3,106,142.26,184.94,1189.05,219.05,866.57,0.2528,1.3,20.0,dapi,0
SCRAMBLE_KD,30min,10x-1,719,342.7,661.4,115,153.12,199.06,1153.99,183.99,1093.29,0.1683,1.3,20.0,dapi,0
SCRAMBLE_KD,30min,10x-1,720,344.5,712.2,124,193.23,251.2,1291.56,321.56,1072.74,0.2998,1.3,20.0,dapi,0
SCRAMBLE_KD,30min,10x-1,721,344.0,808.7,114,121.5,157.95,1101.07,131.07,1069.75,0.1225,1.3,20.0,dapi,0
SCRAMBLE_KD,30min,10x-1,722,342.1,881.8,89,74.75,97.18,1164.44,194.44,1262.02,0.1541,1.3,20.0,dapi,0
SCRAMBLE_KD,30min,10x-1,723,343.1,537.6,65,41.22,53.59,1277.55,307.55,1228.78,0.2503,1.3,20.0,dapi,0
SCRAMBLE_KD,30min,10x-1,724,346.4,700.1,119,182.09,236.72,1155.03,185.03,1086.97,0.1702,1.3,20.0,dapi,0
SCRAMBLE_KD,30min,10x-1,725,346.8,858.7,100,85.66,111.36,1156.65,186.65,1227.69,0.152,1.3,20.0,dapi,0
SCRAMBLE_KD,30min,10x-1,726,344.3,865.5,63,84.48,109.82,1227.22,257.22,1299.76,0.1979,1.3,20.0,dapi,0
SCRAMBLE_KD,30min,10x-1,727,344.8,518.9,59,24.93,32.4,1691.56,721.56,1127.2,0.6401,1.3,20.0,dapi,0
SCRAMBLE_KD,30min,10x-1,728,345.3,565.6,66,64.67,84.07,1116.88,146.88,982.71,0.1495,1.3,20.0,dapi,0
SCRAMBLE_KD,30min,10x-1,729,346.9,576.8,77,73.94,96.12,1126.01,156.01,1080.3,0.1444,1.3,20.0,dapi,0
SCRAMBLE_KD,30min,10x-1,730,346.5,607.8,72,103.58,134.65,1142.32,172.32,1278.74,0.1348,1.3,20.0,dapi,0
SCRAMBLE_KD,30min,10x-1,731,347.1,684.4,94,168.42,218.95,1079.11,109.11,1002.07,0.1089,1.3,20.0,dapi,0
SCRAMBLE_KD,30min,10x-1,732,347.9,723.5,119,187.81,244.16,1326.05,356.05,1016.2,0.3504,1.3,20.0,dapi,0
SCRAMBLE_KD,30min,10x-1,733,346.6,890.1,74,65.67,85.37,1142.99,172.99,1196.24,0.1446,1.3,20.0,dapi,0
SCRAMBLE_KD,30min,10x-1,734,344.7,930.1,42,29.63,38.51,1265.19,295.19,1164.83,0.2534,1.3,20.0,dapi,0
SCRAMBLE_KD,30min,10x-1,735,348.4,596.0,105,91.52,118.97,1112.35,142.35,1163.53,0.1223,1.3,20.0,dapi,0
SCRAMBLE_KD,30min,10x-1,736,350.7,826.3,173,104.17,135.42,1155.31,185.31,1108.26,0.1672,1.3,20.0,dapi,0
SCRAMBLE_KD,30min,10x-1,737,348.5,547.3,53,45.89,59.65,1287.92,317.92,1062.51,0.2992,1.3,20.0,dapi,0
SCRAMBLE_KD,30min,10x-1,738,349.4,904.2,86,53.12,69.06,1183.12,213.12,1209.63,0.1762,1.3,20.0,dapi,0
SCRAMBLE_KD,30min,10x-1,739,351.6,955.8,126,4.84,6.29,1666.49,696.49,913.2,0.7627,1.3,20.0,dapi,0
SCRAMBLE_KD,30min,10x-1,740,351.6,495.1,109,5.13,6.67,1556.62,586.62,1023.9,0.5729,1.3,20.0,dapi,0
SCRAMBLE_KD,30min,10x-1,741,350.5,781.3,73,139.65,181.55,1191.95,221.95,949.12,0.2338,1.3,20.0,dapi,0
SCRAMBLE_KD,30min,10x-1,742,352.9,506.2,90,10.23,13.3,1882.7,912.7,1155.79,0.7897,1.3,20.0,dapi,0
SCRAMBLE_KD,30min,10x-1,743,352.1,555.3,103,51.73,67.26,1133.05,163.05,1169.29,0.1394,1.3,20.0,dapi,0
SCRAMBLE_KD,30min,10x-1,744,351.2,853.5,48,85.42,111.04,1147.9,177.9,1090.0,0.1632,1.3,20.0,dapi,0
SCRAMBLE_KD,30min,10x-1,745,351.6,874.5,93,72.82,94.67,1140.1,170.1,1150.18,0.1479,1.3,20.0,dapi,0
SCRAMBLE_KD,30min,10x-1,746,351.9,944.2,62,15.5,20.15,2047.08,1077.08,1149.23,0.9372,1.3,20.0,dapi,0
SCRAMBLE_KD,30min,10x-1,747,352.1,520.4,46,21.24,27.61,2124.96,1154.96,1135.02,1.0176,1.3,20.0,dapi,0
SCRAMBLE_KD,30min,10x-1,748,352.6,537.8,57,36.04,46.86,1540.54,570.54,1014.68,0.5623,1.3,20.0,dapi,0
SCRAMBLE_KD,30min,10x-1,749,354.8,614.4,88,107.19,139.35,1111.39,141.39,1275.27,0.1109,1.3,20.0,dapi,0
SCRAMBLE_KD,30min,10x-1,750,355.4,644.0,134,132.48,172.23,1151.42,181.42,1026.23,0.1768,1.3,20.0,dapi,0
SCRAMBLE_KD,30min,10x-1,751,353.7,740.9,94,172.02,223.63,1128.81,158.81,985.87,0.1611,1.3,20.0,dapi,0
SCRAMBLE_KD,30min,10x-1,752,354.7,928.3,94,29.26,38.04,1184.35,214.35,1132.86,0.1892,1.3,20.0,dapi,0
SCRAMBLE_KD,30min,10x-1,753,358.1,726.4,126,178.23,231.69,1622.4,652.4,1059.16,0.616,1.3,20.0,dapi,0
SCRAMBLE_KD,30min,10x-1,754,355.5,837.1,103,92.81,120.65,1126.31,156.31,1202.73,0.13,1.3,20.0,dapi,0
SCRAMBLE_KD,30min,10x-1,755,356.7,587.3,75,80.42,104.54,1135.81,165.81,1147.55,0.1445,1.3,20.0,dapi,0
SCRAMBLE_KD,30min,10x-1,756,357.1,691.0,103,168.53,219.09,1307.53,337.53,1157.19,0.2917,1.3,20.0,dapi,0
SCRAMBLE_KD,30min,10x-1,757,357.7,795.1,107,124.14,161.38,1100.34,130.34,1065.44,0.1223,1.3,20.0,dapi,0
SCRAMBLE_KD,30min,10x-1,758,357.9,579.6,77,73.38,95.4,1100.23,130.23,1255.04,0.1038,1.3,20.0,dapi,0
SCRAMBLE_KD,30min,10x-1,759,360.1,659.0,172,140.64,182.84,1487.31,517.31,919.71,0.5625,1.3,20.0,dapi,0
SCRAMBLE_KD,30min,10x-1,760,358.2,766.0,101,148.86,193.52,1138.35,168.35,1053.07,0.1599,1.3,20.0,dapi,0
SCRAMBLE_KD,30min,10x-1,761,357.7,810.2,75,112.03,145.64,1167.17,197.17,1142.08,0.1726,1.3,20.0,dapi,0
SCRAMBLE_KD,30min,10x-1,762,357.6,850.9,93,81.8,106.34,1124.62,154.62,1164.67,0.1328,1.3,20.0,dapi,0
SCRAMBLE_KD,30min,10x-1,763,356.0,885.3,69,62.4,81.12,1137.52,167.52,1143.62,0.1465,1.3,20.0,dapi,0
SCRAMBLE_KD,30min,10x-1,764,360.9,571.2,102,63.92,83.1,1102.33,132.33,1264.83,0.1046,1.3,20.0,dapi,0
SCRAMBLE_KD,30min,10x-1,765,358.1,628.0,61,119.03,154.74,1104.43,134.43,1503.72,0.0894,1.3,20.0,dapi,0
SCRAMBLE_KD,30min,10x-1,766,360.7,509.8,84,7.94,10.32,1936.14,966.14,1255.56,0.7695,1.3,20.0,dapi,0
SCRAMBLE_KD,30min,10x-1,767,360.2,560.5,64,53.58,69.65,1170.05,200.05,1121.06,0.1784,1.3,20.0,dapi,0
SCRAMBLE_KD,30min,10x-1,768,362.9,673.4,101,150.2,195.26,1352.93,382.93,1127.07,0.3398,1.3,20.0,dapi,0
SCRAMBLE_KD,30min,10x-1,769,362.8,755.7,129,155.2,201.76,1084.08,114.08,1043.02,0.1094,1.3,20.0,dapi,0
SCRAMBLE_KD,30min,10x-1,770,362.8,525.7,78,20.85,27.11,2249.62,1279.62,1253.19,1.0211,1.3,20.0,dapi,0
SCRAMBLE_KD,30min,10x-1,771,361.6,896.0,82,50.47,65.61,1172.37,202.37,1231.59,0.1643,1.3,20.0,dapi,0
SCRAMBLE_KD,30min,10x-1,772,362.5,536.0,66,30.31,39.4,1581.21,611.21,1108.08,0.5516,1.3,20.0,dapi,0
SCRAMBLE_KD,30min,10x-1,773,363.1,869.9,93,66.3,86.19,1205.18,235.18,1181.39,0.1991,1.3,20.0,dapi,0
SCRAMBLE_KD,30min,10x-1,774,364.1,607.3,67,98.74,128.37,1245.0,275.0,1182.57,0.2325,1.3,20.0,dapi,0
SCRAMBLE_KD,30min,10x-1,775,363.6,841.8,71,83.62,108.71,1172.96,202.96,1062.86,0.191,1.3,20.0,dapi,0
SCRAMBLE_KD,30min,10x-1,776,367.9,710.3,115,179.6,233.48,1088.47,118.47,1107.97,0.1069,1.3,20.0,dapi,0
SCRAMBLE_KD,30min,10x-1,777,366.7,856.8,109,71.07,92.39,1144.88,174.88,1283.6,0.1362,1.3,20.0,dapi,0
SCRAMBLE_KD,30min,10x-1,778,365.8,942.1,44,12.9,16.77,1189.48,219.48,1595.32,0.1376,1.3,20.0,dapi,0
SCRAMBLE_KD,30min,10x-1,779,367.1,513.5,78,7.44,9.67,2000.71,1030.71,1259.82,0.8181,1.3,20.0,dapi,0
SCRAMBLE_KD,30min,10x-1,780,366.3,549.1,80,41.37,53.78,1319.01,349.01,1208.58,0.2888,1.3,20.0,dapi,0
SCRAMBLE_KD,30min,10x-1,781,366.3,594.2,68,85.59,111.27,1116.31,146.31,1183.13,0.1237,1.3,20.0,dapi,0
SCRAMBLE_KD,30min,10x-1,782,367.1,699.4,108,170.33,221.43,1184.41,214.41,1117.97,0.1918,1.3,20.0,dapi,0
SCRAMBLE_KD,30min,10x-1,783,366.8,737.0,114,164.25,213.53,1123.91,153.91,1084.94,0.1419,1.3,20.0,dapi,0
SCRAMBLE_KD,30min,10x-1,784,368.7,780.5,121,131.33,170.72,1122.22,152.22,1040.81,0.1463,1.3,20.0,dapi,0
SCRAMBLE_KD,30min,10x-1,785,367.8,632.7,92,115.58,150.26,1130.83,160.83,1229.36,0.1308,1.3,20.0,dapi,0
SCRAMBLE_KD,30min,10x-1,786,368.5,813.2,104,103.08,134.0,1087.94,117.94,1113.04,0.106,1.3,20.0,dapi,0
SCRAMBLE_KD,30min,10x-1,787,366.7,884.4,67,54.79,71.23,1135.6,165.6,963.03,0.172,1.3,20.0,dapi,0
SCRAMBLE_KD,30min,10x-1,788,369.0,796.3,100,117.36,152.56,1145.29,175.29,1108.79,0.1581,1.3,20.0,dapi,0
SCRAMBLE_KD,30min,10x-1,789,370.3,685.3,111,156.65,203.65,1191.62,221.62,1114.21,0.1989,1.3,20.0,dapi,0
SCRAMBLE_KD,30min,10x-1,790,371.4,580.4,80,71.09,92.41,1103.09,133.09,1131.53,0.1176,1.3,20.0,dapi,0
SCRAMBLE_KD,30min,10x-1,791,369.8,899.6,57,41.9,54.46,1137.25,167.25,1071.16,0.1561,1.3,20.0,dapi,0
SCRAMBLE_KD,30min,10x-1,792,369.8,932.6,56,17.37,22.58,1347.11,377.11,985.96,0.3825,1.3,20.0,dapi,0
SCRAMBLE_KD,30min,10x-1,793,370.8,559.8,84,51.23,66.59,1119.74,149.74,1203.75,0.1244,1.3,20.0,dapi,0
SCRAMBLE_KD,30min,10x-1,794,372.2,838.2,90,81.29,105.68,1143.2,173.2,1203.08,0.144,1.3,20.0,dapi,0
SCRAMBLE_KD,30min,10x-1,795,371.6,607.7,95,95.25,123.82,1144.15,174.15,1110.33,0.1568,1.3,20.0,dapi,0
SCRAMBLE_KD,30min,10x-1,796,372.5,746.5,85,153.28,199.27,1123.07,153.07,998.49,0.1533,1.3,20.0,dapi,0
SCRAMBLE_KD,30min,10x-1,797,373.3,766.9,118,140.54,182.7,1123.06,153.06,1064.13,0.1438,1.3,20.0,dapi,0
SCRAMBLE_KD,30min,10x-1,798,374.5,821.2,101,93.08,121.01,1091.69,121.69,1035.19,0.1176,1.3,20.0,dapi,0
SCRAMBLE_KD,30min,10x-1,799,370.9,866.6,72,61.62,80.11,1159.19,189.19,1177.74,0.1606,1.3,20.0,dapi,0
SCRAMBLE_KD,30min,10x-1,800,372.6,522.4,53,13.48,17.52,2116.34,1146.34,1193.77,0.9603,1.3,20.0,dapi,0
SCRAMBLE_KD,30min,10x-1,801,374.7,538.0,72,28.9,37.57,1780.36,810.36,1070.56,0.757,1.3,20.0,dapi,0
SCRAMBLE_KD,30min,10x-1,802,376.7,655.3,114,127.45,165.69,1360.39,390.39,1040.13,0.3753,1.3,20.0,dapi,0
SCRAMBLE_KD,30min,10x-1,803,375.3,718.6,88,169.77,220.7,1100.48,130.48,1134.84,0.115,1.3,20.0,dapi,0
SCRAMBLE_KD,30min,10x-1,804,377.6,571.7,81,62.64,81.43,1097.54,127.54,1412.36,0.0903,1.3,20.0,dapi,0
SCRAMBLE_KD,30min,10x-1,805,376.3,636.9,123,113.46,147.5,1107.13,137.13,1099.11,0.1248,1.3,20.0,dapi,0
SCRAMBLE_KD,30min,10x-1,806,376.8,893.5,72,41.05,53.37,1152.4,182.4,1297.57,0.1406,1.3,20.0,dapi,0
SCRAMBLE_KD,30min,10x-1,807,379.0,730.5,105,159.07,206.79,1084.17,114.17,1082.02,0.1055,1.3,20.0,dapi,0
SCRAMBLE_KD,30min,10x-1,808,376.9,883.7,59,46.62,60.61,1154.36,184.36,994.46,0.1854,1.3,20.0,dapi,0
SCRAMBLE_KD,30min,10x-1,809,378.3,593.4,61,80.52,104.67,1133.05,163.05,1521.11,0.1072,1.3,20.0,dapi,0
SCRAMBLE_KD,30min,10x-1,810,378.8,623.0,111,100.8,131.04,1119.23,149.23,1100.94,0.1355,1.3,20.0,dapi,0
SCRAMBLE_KD,30min,10x-1,811,379.0,864.5,91,56.8,73.83,1154.37,184.37,1193.52,0.1545,1.3,20.0,dapi,0
SCRAMBLE_KD,30min,10x-1,812,377.7,904.9,64,32.7,42.51,1197.05,227.05,1267.36,0.1791,1.3,20.0,dapi,0
SCRAMBLE_KD,30min,10x-1,813,378.0,523.6,70,14.68,19.09,2277.91,1307.91,1300.23,1.0059,1.3,20.0,dapi,0
SCRAMBLE_KD,30min,10x-1,814,379.3,548.4,51,38.62,50.21,1287.61,317.61,1064.37,0.2984,1.3,20.0,dapi,0
SCRAMBLE_KD,30min,10x-1,815,378.7,557.4,66,47.62,61.91,1102.38,132.38,1363.97,0.0971,1.3,20.0,dapi,0
SCRAMBLE_KD,30min,10x-1,816,379.8,799.0,101,109.4,142.21,1089.43,119.43,1137.71,0.105,1.3,20.0,dapi,0
SCRAMBLE_KD,30min,10x-1,817,379.1,855.4,63,63.86,83.02,1142.02,172.02,1014.24,0.1696,1.3,20.0,dapi,0
SCRAMBLE_KD,30min,10x-1,818,379.4,915.9,68,24.62,32.0,1488.62,518.62,1185.32,0.4375,1.3,20.0,dapi,0
SCRAMBLE_KD,30min,10x-1,819,381.9,666.0,101,134.2,174.46,1084.45,114.45,1112.5,0.1029,1.3,20.0,dapi,0
SCRAMBLE_KD,30min,10x-1,820,381.6,688.2,93,153.67,199.77,1153.29,183.29,1224.6,0.1497,1.3,20.0,dapi,0
SCRAMBLE_KD,30min,10x-1,821,382.2,786.8,110,118.85,154.51,1092.99,122.99,1078.31,0.1141,1.3,20.0,dapi,0
SCRAMBLE_KD,30min,10x-1,822,381.2,830.9,79,81.45,105.89,1165.75,195.75,1241.99,0.1576,1.3,20.0,dapi,0
SCRAMBLE_KD,30min,10x-1,823,380.0,941.9,69,4.74,6.16,1842.65,872.65,1052.45,0.8292,1.3,20.0,dapi,0
SCRAMBLE_KD,30min,10x-1,824,382.5,611.9,71,90.69,117.9,1214.85,244.85,985.72,0.2484,1.3,20.0,dapi,0
SCRAMBLE_KD,30min,10x-1,825,383.3,536.1,70,26.66,34.66,1500.16,530.16,1393.7,0.3804,1.3,20.0,dapi,0
SCRAMBLE_KD,30min,10x-1,826,385.0,646.1,118,115.54,150.2,1157.16,187.16,1103.6,0.1696,1.3,20.0,dapi,0
SCRAMBLE_KD,30min,10x-1,827,385.1,748.2,114,143.41,186.43,1144.99,174.99,1092.81,0.1601,1.3,20.0,dapi,0
SCRAMBLE_KD,30min,10x-1,828,385.1,699.6,95,163.06,211.98,1119.68,149.68,976.51,0.1533,1.3,20.0,dapi,0
SCRAMBLE_KD,30min,10x-1,829,384.5,932.6,72,9.03,11.74,1833.0,863.0,1179.69,0.7315,1.3,20.0,dapi,0
SCRAMBLE_KD,30min,10x-1,830,385.6,772.7,99,127.45,165.69,1108.11,138.11,1104.24,0.1251,1.3,20.0,dapi,0
SCRAMBLE_KD,30min,10x-1,831,385.0,839.8,79,71.82,93.36,1127.78,157.78,1267.91,0.1244,1.3,20.0,dapi,0
SCRAMBLE_KD,30min,10x-1,832,384.4,923.1,48,16.52,21.48,1586.33,616.33,1072.46,0.5747,1.3,20.0,dapi,0
SCRAMBLE_KD,30min,10x-1,833,385.1,522.3,52,12.9,16.77,1919.71,949.71,1090.65,0.8708,1.3,20.0,dapi,0
SCRAMBLE_KD,30min,10x-1,834,386.0,578.9,73,64.67,84.07,1126.74,156.74,1381.18,0.1135,1.3,20.0,dapi,0
SCRAMBLE_KD,30min,10x-1,835,387.8,598.3,98,76.64,99.63,1120.34,150.34,1236.91,0.1215,1.3,20.0,dapi,0
SCRAMBLE_KD,30min,10x-1,836,387.0,715.7,124,162.86,211.71,1105.66,135.66,1047.94,0.1295,1.3,20.0,dapi,0
SCRAMBLE_KD,30min,10x-1,837,385.5,886.3,65,38.43,49.96,1141.35,171.35,1253.43,0.1367,1.3,20.0,dapi,0
SCRAMBLE_KD,30min,10x-1,838,387.2,564.4,76,53.24,69.21,1121.01,151.01,1276.38,0.1183,1.3,20.0,dapi,0
SCRAMBLE_KD,30min,10x-1,839,388.6,823.8,79,83.1,108.04,1109.3,139.3,1159.13,0.1202,1.3,20.0,dapi,0
SCRAMBLE_KD,30min,10x-1,840,388.8,551.4,95,42.17,54.83,1190.64,220.64,1190.26,0.1854,1.3,20.0,dapi,0
SCRAMBLE_KD,30min,10x-1,841,388.9,673.4,85,137.12,178.26,1096.02,126.02,1096.95,0.1149,1.3,20.0,dapi,0
SCRAMBLE_KD,30min,10x-1,842,389.9,805.3,116,99.47,129.31,1124.8,154.8,1075.78,0.1439,1.3,20.0,dapi,0
SCRAMBLE_KD,30min,10x-1,843,387.8,872.4,77,45.44,59.08,1167.57,197.57,1329.26,0.1486,1.3,20.0,dapi,0
SCRAMBLE_KD,30min,10x-1,844,388.8,899.4,47,28.18,36.64,1160.15,190.15,1591.51,0.1195,1.3,20.0,dapi,0
SCRAMBLE_KD,30min,10x-1,845,391.6,755.9,92,132.89,172.76,1134.88,164.88,918.29,0.1796,1.3,20.0,dapi,0
SCRAMBLE_KD,30min,10x-1,846,391.2,534.6,80,26.82,34.86,1653.71,683.71,1338.15,0.5109,1.3,20.0,dapi,0
SCRAMBLE_KD,30min,10x-1,847,391.6,689.2,81,150.08,195.11,1180.41,210.41,1127.78,0.1866,1.3,20.0,dapi,0
SCRAMBLE_KD,30min,10x-1,848,393.1,854.8,101,55.05,71.56,1147.1,177.1,1137.35,0.1557,1.3,20.0,dapi,0
SCRAMBLE_KD,30min,10x-1,849,392.5,863.6,84,48.51,63.06,1146.58,176.58,1192.26,0.1481,1.3,20.0,dapi,0
SCRAMBLE_KD,30min,10x-1,850,393.4,910.4,101,18.56,24.12,1877.37,907.37,1061.46,0.8548,1.3,20.0,dapi,0
SCRAMBLE_KD,30min,10x-1,851,391.5,518.1,59,10.62,13.8,2046.37,1076.37,1270.68,0.8471,1.3,20.0,dapi,0
SCRAMBLE_KD,30min,10x-1,852,392.2,622.1,104,91.82,119.36,1098.8,128.8,1152.25,0.1118,1.3,20.0,dapi,0
SCRAMBLE_KD,30min,10x-1,853,392.2,933.2,66,4.74,6.16,1776.73,806.73,1014.39,0.7953,1.3,20.0,dapi,0
SCRAMBLE_KD,30min,10x-1,854,392.9,606.6,85,79.54,103.4,1133.92,163.92,1155.31,0.1419,1.3,20.0,dapi,0
SCRAMBLE_KD,30min,10x-1,855,395.1,731.0,117,146.8,190.84,1077.37,107.37,1064.12,0.1009,1.3,20.0,dapi,0
SCRAMBLE_KD,30min,10x-1,856,392.7,660.4,61,123.7,160.81,1296.18,326.18,1039.07,0.3139,1.3,20.0,dapi,0
SCRAMBLE_KD,30min,10x-1,857,395.8,772.0,135,119.82,155.77,1185.5,215.5,1008.37,0.2137,1.3,20.0,dapi,0
SCRAMBLE_KD,30min,10x-1,858,394.3,833.8,65,71.94,93.52,1163.02,193.02,1151.69,0.1676,1.3,20.0,dapi,0
SCRAMBLE_KD,30min,10x-1,859,395.9,543.6,79,32.89,42.75,1271.01,301.01,1250.01,0.2408,1.3,20.0,dapi,0
SCRAMBLE_KD,30min,10x-1,860,394.6,575.1,75,55.83,72.58,1132.73,162.73,1261.91,0.129,1.3,20.0,dapi,0
SCRAMBLE_KD,30min,10x-1,861,396.9,634.5,113,99.86,129.82,1174.04,204.04,1113.17,0.1833,1.3,20.0,dapi,0
SCRAMBLE_KD,30min,10x-1,862,394.4,668.4,34,130.45,169.59,1115.38,145.38,1122.32,0.1295,1.3,20.0,dapi,0
SCRAMBLE_KD,30min,10x-1,863,396.8,587.1,90,62.6,81.38,1112.48,142.48,1217.0,0.1171,1.3,20.0,dapi,0
SCRAMBLE_KD,30min,10x-1,864,397.3,848.0,77,58.4,75.92,1164.88,194.88,1201.13,0.1622,1.3,20.0,dapi,0
SCRAMBLE_KD,30min,10x-1,865,398.0,506.9,98,5.83,7.58,1744.65,774.65,1057.59,0.7325,1.3,20.0,dapi,0
SCRAMBLE_KD,30min,10x-1,866,398.7,697.2,90,153.73,199.85,1126.77,156.77,1154.54,0.1358,1.3,20.0,dapi,0
SCRAMBLE_KD,30min,10x-1,867,398.2,709.7,105,159.39,207.2,1080.94,110.94,1096.3,0.1012,1.3,20.0,dapi,0
SCRAMBLE_KD,30min,10x-1,868,398.1,785.5,84,110.86,144.12,1086.39,116.39,992.46,0.1173,1.3,20.0,dapi,0
SCRAMBLE_KD,30min,10x-1,869,397.1,814.9,59,87.27,113.44,1097.14,127.14,1012.34,0.1256,1.3,20.0,dapi,0
SCRAMBLE_KD,30min,10x-1,870,397.4,876.6,82,35.53,46.19,1169.59,199.59,1179.8,0.1692,1.3,20.0,dapi,0
SCRAMBLE_KD,30min,10x-1,871,400.3,741.9,127,135.83,176.58,1090.28,120.28,1064.9,0.1129,1.3,20.0,dapi,0
SCRAMBLE_KD,30min,10x-1,872,398.9,920.8,81,6.55,8.51,1902.98,932.98,1126.78,0.828,1.3,20.0,dapi,0
SCRAMBLE_KD,30min,10x-1,873,397.9,526.7,87,21.74,28.26,2266.23,1296.23,1301.57,0.9959,1.3,20.0,dapi,0
SCRAMBLE_KD,30min,10x-1,874,398.3,561.8,53,44.03,57.24,1134.45,164.45,1061.6,0.1549,1.3,20.0,dapi,0
SCRAMBLE_KD,30min,10x-1,875,400.3,680.0,111,138.45,179.98,1071.09,101.09,1129.1,0.0895,1.3,20.0,dapi,0
SCRAMBLE_KD,30min,10x-1,876,399.2,888.4,76,26.63,34.62,1236.62,266.62,1228.26,0.2171,1.3,20.0,dapi,0
SCRAMBLE_KD,30min,10x-1,877,402.5,599.5,116,68.35,88.86,1139.25,169.25,1125.71,0.1503,1.3,20.0,dapi,0
SCRAMBLE_KD,30min,10x-1,878,403.3,801.5,124,96.03,124.84,1130.77,160.77,1029.33,0.1562,1.3,20.0,dapi,0
SCRAMBLE_KD,30min,10x-1,879,402.3,650.1,102,110.76,143.99,1123.97,153.97,967.38,0.1592,1.3,20.0,dapi,0
SCRAMBLE_KD,30min,10x-1,880,402.8,664.0,98,122.81,159.65,1167.28,197.28,1100.22,0.1793,1.3,20.0,dapi,0
SCRAMBLE_KD,30min,10x-1,881,406.1,844.7,159,56.62,73.61,1410.73,440.73,1302.59,0.3383,1.3,20.0,dapi,0
SCRAMBLE_KD,30min,10x-1,882,403.5,894.9,90,19.29,25.07,1673.07,703.07,1232.58,0.5704,1.3,20.0,dapi,0
SCRAMBLE_KD,30min,10x-1,883,403.2,616.5,109,81.41,105.84,1191.72,221.72,1144.46,0.1937,1.3,20.0,dapi,0
SCRAMBLE_KD,30min,10x-1,884,404.1,545.3,88,27.75,36.08,1390.66,420.66,1231.95,0.3415,1.3,20.0,dapi,0
SCRAMBLE_KD,30min,10x-1,885,405.2,569.8,91,45.91,59.68,1162.19,192.19,1188.69,0.1617,1.3,20.0,dapi,0
SCRAMBLE_KD,30min,10x-1,886,404.9,756.7,89,122.55,159.31,1099.19,129.19,1111.34,0.1162,1.3,20.0,dapi,0
SCRAMBLE_KD,30min,10x-1,887,403.5,829.2,47,72.34,94.04,1155.6,185.6,1098.15,0.169,1.3,20.0,dapi,0
SCRAMBLE_KD,30min,10x-1,888,404.5,523.6,77,14.58,18.96,2057.91,1087.91,1325.13,0.821,1.3,20.0,dapi,0
SCRAMBLE_KD,30min,10x-1,889,405.7,901.9,64,12.9,16.77,1867.73,897.73,1254.41,0.7157,1.3,20.0,dapi,0
SCRAMBLE_KD,30min,10x-1,890,406.7,818.2,91,79.28,103.07,1107.36,137.36,1162.16,0.1182,1.3,20.0,dapi,0
SCRAMBLE_KD,30min,10x-1,891,406.3,858.1,67,45.15,58.7,1140.94,170.94,1189.46,0.1437,1.3,20.0,dapi,0
SCRAMBLE_KD,30min,10x-1,892,407.1,867.5,75,36.23,47.1,1141.24,171.24,1222.37,0.1401,1.3,20.0,dapi,0
SCRAMBLE_KD,30min,10x-1,893,406.4,913.8,70,6.09,7.91,1946.56,976.56,1218.06,0.8017,1.3,20.0,dapi,0
SCRAMBLE_KD,30min,10x-1,894,408.7,507.0,88,4.72,6.13,1762.86,792.86,1000.92,0.7921,1.3,20.0,dapi,0
SCRAMBLE_KD,30min,10x-1,895,409.1,641.2,87,99.65,129.55,1153.91,183.91,1166.63,0.1576,1.3,20.0,dapi,0
SCRAMBLE_KD,30min,10x-1,896,409.0,726.2,110,140.2,182.27,1122.48,152.48,1071.67,0.1423,1.3,20.0,dapi,0
SCRAMBLE_KD,30min,10x-1,897,411.2,559.8,105,34.26,44.54,1216.32,246.32,1117.53,0.2204,1.3,20.0,dapi,0
SCRAMBLE_KD,30min,10x-1,898,407.8,882.3,50,24.44,31.77,1148.66,178.66,1045.94,0.1708,1.3,20.0,dapi,0
SCRAMBLE_KD,30min,10x-1,899,409.3,776.0,75,107.06,139.17,1500.55,530.55,918.24,0.5778,1.3,20.0,dapi,0
SCRAMBLE_KD,30min,10x-1,900,410.0,835.3,73,63.43,82.46,1232.55,262.55,1343.03,0.1955,1.3,20.0,dapi,0
SCRAMBLE_KD,30min,10x-1,901,411.2,533.4,76,14.35,18.65,1954.7,984.7,1298.11,0.7586,1.3,20.0,dapi,0
SCRAMBLE_KD,30min,10x-1,902,413.1,590.0,98,53.64,69.74,1130.92,160.92,1140.02,0.1412,1.3,20.0,dapi,0
SCRAMBLE_KD,30min,10x-1,903,410.4,605.4,64,67.54,87.81,1180.59,210.59,1075.56,0.1958,1.3,20.0,dapi,0
SCRAMBLE_KD,30min,10x-1,904,411.0,676.1,94,129.56,168.42,1079.96,109.96,1094.26,0.1005,1.3,20.0,dapi,0
SCRAMBLE_KD,30min,10x-1,905,412.9,545.8,86,22.1,28.73,1953.07,983.07,1295.33,0.7589,1.3,20.0,dapi,0
SCRAMBLE_KD,30min,10x-1,906,411.2,579.7,51,47.55,61.82,1133.1,163.1,1104.92,0.1476,1.3,20.0,dapi,0
SCRAMBLE_KD,30min,10x-1,907,413.6,711.3,115,146.34,190.24,1095.7,125.7,972.64,0.1292,1.3,20.0,dapi,0
SCRAMBLE_KD,30min,10x-1,908,413.5,521.1,110,5.21,6.77,1693.41,723.41,1030.05,0.7023,1.3,20.0,dapi,0
SCRAMBLE_KD,30min,10x-1,909,414.1,623.2,69,81.22,105.59,1088.36,118.36,1436.43,0.0824,1.3,20.0,dapi,0
SCRAMBLE_KD,30min,10x-1,910,415.1,762.0,103,111.62,145.11,1096.33,126.33,1090.44,0.1159,1.3,20.0,dapi,0
SCRAMBLE_KD,30min,10x-1,911,414.7,657.5,62,111.02,144.32,1216.79,246.79,987.39,0.2499,1.3,20.0,dapi,0
SCRAMBLE_KD,30min,10x-1,912,415.7,791.3,98,92.51,120.27,1093.0,123.0,1158.07,0.1062,1.3,20.0,dapi,0
SCRAMBLE_KD,30min,10x-1,913,414.6,807.7,73,84.36,109.67,1115.62,145.62,1205.29,0.1208,1.3,20.0,dapi,0
SCRAMBLE_KD,30min,10x-1,914,414.2,905.0,41,4.62,6.0,1969.17,999.17,1080.05,0.9251,1.3,20.0,dapi,0
SCRAMBLE_KD,30min,10x-1,915,417.3,634.3,83,89.73,116.65,1168.89,198.89,1126.14,0.1766,1.3,20.0,dapi,0
SCRAMBLE_KD,30min,10x-1,916,415.2,876.4,46,25.11,32.65,1228.67,258.67,1139.17,0.2271,1.3,20.0,dapi,0
SCRAMBLE_KD,30min,10x-1,917,418.8,686.9,108,133.01,172.91,1069.88,99.88,1117.25,0.0894,1.3,20.0,dapi,0
SCRAMBLE_KD,30min,10x-1,918,416.2,821.5,55,72.27,93.96,1150.71,180.71,1020.71,0.177,1.3,20.0,dapi,0
SCRAMBLE_KD,30min,10x-1,919,418.5,884.5,72,16.82,21.86,1890.15,920.15,1279.64,0.7191,1.3,20.0,dapi,0
SCRAMBLE_KD,30min,10x-1,920,421.3,599.6,155,57.56,74.83,1128.59,158.59,945.05,0.1678,1.3,20.0,dapi,0
SCRAMBLE_KD,30min,10x-1,921,421.5,697.0,120,138.14,179.58,1079.83,109.83,1101.16,0.0997,1.3,20.0,dapi,0
SCRAMBLE_KD,30min,10x-1,922,421.6,747.3,125,116.14,150.99,1133.47,163.47,1055.31,0.1549,1.3,20.0,dapi,0
SCRAMBLE_KD,30min,10x-1,923,419.9,842.4,76,52.03,67.64,1137.75,167.75,1185.78,0.1415,1.3,20.0,dapi,0
SCRAMBLE_KD,30min,10x-1,924,420.0,554.0,86,24.44,31.77,1614.53,644.53,1261.99,0.5107,1.3,20.0,dapi,0
SCRAMBLE_KD,30min,10x-1,925,421.9,533.0,103,6.64,8.63,2049.39,1079.39,1138.48,0.9481,1.3,20.0,dapi,0
SCRAMBLE_KD,30min,10x-1,926,422.2,581.9,106,41.82,54.36,1127.66,157.66,1115.22,0.1414,1.3,20.0,dapi,0
SCRAMBLE_KD,30min,10x-1,927,423.3,674.0,115,121.82,158.36,1781.81,811.81,1078.29,0.7529,1.3,20.0,dapi,0
SCRAMBLE_KD,30min,10x-1,928,422.1,781.5,93,93.84,121.99,1123.0,153.0,1220.89,0.1253,1.3,20.0,dapi,0
SCRAMBLE_KD,30min,10x-1,929,422.7,729.4,123,128.02,166.43,1121.55,151.55,1091.91,0.1388,1.3,20.0,dapi,0
SCRAMBLE_KD,30min,10x-1,930,422.2,834.2,60,57.97,75.36,1233.58,263.58,1171.58,0.225,1.3,20.0,dapi,0
SCRAMBLE_KD,30min,10x-1,931,422.9,863.6,94,32.38,42.09,1170.03,200.03,1179.66,0.1696,1.3,20.0,dapi,0
SCRAMBLE_KD,30min,10x-1,932,421.5,873.2,60,24.86,32.32,1201.4,231.4,1104.67,0.2095,1.3,20.0,dapi,0
SCRAMBLE_KD,30min,10x-1,933,423.7,826.6,67,63.34,82.34,1183.12,213.12,1000.16,0.2131,1.3,20.0,dapi,0
SCRAMBLE_KD,30min,10x-1,934,422.6,853.0,54,41.23,53.6,1125.39,155.39,1068.81,0.1454,1.3,20.0,dapi,0
SCRAMBLE_KD,30min,10x-1,935,424.9,660.0,98,108.95,141.64,1096.21,126.21,1194.51,0.1057,1.3,20.0,dapi,0
SCRAMBLE_KD,30min,10x-1,936,424.7,771.2,98,98.22,127.68,1104.23,134.23,1099.44,0.1221,1.3,20.0,dapi,0
SCRAMBLE_KD,30min,10x-1,937,425.8,719.3,66,132.03,171.63,1083.33,113.33,976.11,0.1161,1.3,20.0,dapi,0
SCRAMBLE_KD,30min,10x-1,938,425.6,798.6,95,79.75,103.67,1114.82,144.82,1075.85,0.1346,1.3,20.0,dapi,0
SCRAMBLE_KD,30min,10x-1,939,425.0,812.4,65,74.06,96.28,1112.62,142.62,975.18,0.1462,1.3,20.0,dapi,0
SCRAMBLE_KD,30min,10x-1,940,426.4,547.0,88,15.49,20.13,1980.83,1010.83,1232.91,0.8199,1.3,20.0,dapi,0
SCRAMBLE_KD,30min,10x-1,941,427.6,636.1,102,86.33,112.22,1104.89,134.89,1169.98,0.1153,1.3,20.0,dapi,0
SCRAMBLE_KD,30min,10x-1,942,427.6,705.3,110,138.64,180.24,1099.56,129.56,1108.29,0.1169,1.3,20.0,dapi,0
SCRAMBLE_KD,30min,10x-1,943,427.6,564.7,85,24.93,32.4,1604.24,634.24,1173.25,0.5406,1.3,20.0,dapi,0
SCRAMBLE_KD,30min,10x-1,944,427.6,613.7,89,66.91,86.99,1092.42,122.42,1258.62,0.0973,1.3,20.0,dapi,0
SCRAMBLE_KD,30min,10x-1,945,428.3,754.5,87,106.27,138.15,1088.24,118.24,1036.1,0.1141,1.3,20.0,dapi,0
SCRAMBLE_KD,30min,10x-1,946,430.9,650.4,77,97.35,126.55,1267.45,297.45,993.14,0.2995,1.3,20.0,dapi,0
SCRAMBLE_KD,30min,10x-1,947,432.1,878.1,169,16.4,21.31,1813.43,843.43,1230.99,0.6852,1.3,20.0,dapi,0
SCRAMBLE_KD,30min,10x-1,948,431.8,860.8,93,29.56,38.43,1349.55,379.55,1139.69,0.333,1.3,20.0,dapi,0
SCRAMBLE_KD,30min,10x-1,949,432.4,732.1,64,119.08,154.81,1099.84,129.84,954.5,0.136,1.3,20.0,dapi,0
SCRAMBLE_KD,30min,10x-1,950,434.5,844.5,132,42.8,55.63,1137.73,167.73,1253.05,0.1339,1.3,20.0,dapi,0
SCRAMBLE_KD,30min,10x-1,951,433.4,570.6,81,26.5,34.45,1561.88,591.88,1311.73,0.4512,1.3,20.0,dapi,0
SCRAMBLE_KD,30min,10x-1,952,433.9,591.4,76,43.85,57.01,1164.12,194.12,1324.3,0.1466,1.3,20.0,dapi,0
SCRAMBLE_KD,30min,10x-1,953,434.9,622.7,80,71.57,93.04,1147.74,177.74,1294.62,0.1373,1.3,20.0,dapi,0
SCRAMBLE_KD,30min,10x-1,954,434.7,768.7,83,91.67,119.17,1092.42,122.42,1063.96,0.1151,1.3,20.0,dapi,0
SCRAMBLE_KD,30min,10x-1,955,434.0,806.0,103,69.21,89.98,1110.44,140.44,1193.67,0.1177,1.3,20.0,dapi,0
SCRAMBLE_KD,30min,10x-1,956,435.0,540.7,89,5.64,7.33,1989.62,1019.62,1133.75,0.8993,1.3,20.0,dapi,0
SCRAMBLE_KD,30min,10x-1,957,435.4,677.7,122,115.0,149.5,1085.76,115.76,1035.2,0.1118,1.3,20.0,dapi,0
SCRAMBLE_KD,30min,10x-1,958,434.6,792.6,82,76.16,99.01,1135.26,165.26,1256.89,0.1315,1.3,20.0,dapi,0
SCRAMBLE_KD,30min,10x-1,959,435.3,554.3,74,12.27,15.96,2074.54,1104.54,1198.49,0.9216,1.3,20.0,dapi,0
SCRAMBLE_KD,30min,10x-1,960,436.2,744.9,111,107.94,140.33,1094.02,124.02,1076.07,0.1153,1.3,20.0,dapi,0
SCRAMBLE_KD,30min,10x-1,961,439.2,615.3,124,62.65,81.44,1117.92,147.92,1260.6,0.1173,1.3,20.0,dapi,0
SCRAMBLE_KD,30min,10x-1,962,436.4,662.6,101,104.82,136.27,1084.94,114.94,1106.93,0.1038,1.3,20.0,dapi,0
SCRAMBLE_KD,30min,10x-1,963,437.0,816.0,108,61.56,80.02,1132.15,162.15,1162.59,0.1395,1.3,20.0,dapi,0
SCRAMBLE_KD,30min,10x-1,964,436.4,831.8,71,54.19,70.44,1123.25,153.25,1333.48,0.1149,1.3,20.0,dapi,0
SCRAMBLE_KD,30min,10x-1,965,438.2,887.4,121,5.83,7.58,1803.37,833.37,1030.9,0.8084,1.3,20.0,dapi,0
SCRAMBLE_KD,30min,10x-1,966,439.3,600.1,72,49.46,64.3,1125.64,155.64,1249.28,0.1246,1.3,20.0,dapi,0
SCRAMBLE_KD,30min,10x-1,967,438.9,633.6,98,79.46,103.3,1091.67,121.67,1082.81,0.1124,1.3,20.0,dapi,0
SCRAMBLE_KD,30min,10x-1,968,438.7,693.3,88,122.52,159.28,1113.08,143.08,1030.36,0.1389,1.3,20.0,dapi,0
SCRAMBLE_KD,30min,10x-1,969,443.6,723.4,153,116.14,150.98,1499.51,529.51,938.24,0.5644,1.3,20.0,dapi,0
SCRAMBLE_KD,30min,10x-1,970,441.6,762.5,107,90.68,117.89,1140.43,170.43,1137.15,0.1499,1.3,20.0,dapi,0
SCRAMBLE_KD,30min,10x-1,971,440.2,559.6,70,13.46,17.5,1916.2,946.2,1226.39,0.7715,1.3,20.0,dapi,0
SCRAMBLE_KD,30min,10x-1,972,443.0,705.7,111,128.17,166.63,1105.36,135.36,1062.5,0.1274,1.3,20.0,dapi,0
SCRAMBLE_KD,30min,10x-1,973,441.5,572.4,71,23.24,30.21,1908.32,938.32,1437.18,0.6529,1.3,20.0,dapi,0
SCRAMBLE_KD,30min,10x-1,974,443.3,586.5,108,35.15,45.7,1239.37,269.37,1152.56,0.2337,1.3,20.0,dapi,0
SCRAMBLE_KD,30min,10x-1,975,444.2,684.6,88,113.32,147.31,1099.53,129.53,1034.55,0.1252,1.3,20.0,dapi,0
SCRAMBLE_KD,30min,10x-1,976,444.8,792.6,88,68.76,89.39,1120.08,150.08,1105.51,0.1358,1.3,20.0,dapi,0
SCRAMBLE_KD,30min,10x-1,977,446.1,848.3,153,36.04,46.85,1484.75,514.75,1107.36,0.4648,1.3,20.0,dapi,0
SCRAMBLE_KD,30min,10x-1,978,443.5,866.5,54,19.54,25.41,1271.19,301.19,965.17,0.3121,1.3,20.0,dapi,0
SCRAMBLE_KD,30min,10x-1,979,445.8,624.6,79,68.39,88.91,1092.78,122.78,1251.78,0.0981,1.3,20.0,dapi,0
SCRAMBLE_KD,30min,10x-1,980,444.6,777.4,60,78.88,102.54,1334.0,364.0,975.92,0.373,1.3,20.0,dapi,0
SCRAMBLE_KD,30min,10x-1,981,447.5,601.5,103,46.02,59.82,1130.46,160.46,1198.74,0.1339,1.3,20.0,dapi,0
SCRAMBLE_KD,30min,10x-1,982,447.6,751.3,87,94.82,123.27,1120.32,150.32,992.47,0.1515,1.3,20.0,dapi,0
SCRAMBLE_KD,30min,10x-1,983,448.8,663.8,94,95.25,123.82,1111.61,141.61,1154.78,0.1226,1.3,20.0,dapi,0
SCRAMBLE_KD,30min,10x-1,984,446.6,814.2,70,53.96,70.14,1217.2,247.2,956.99,0.2583,1.3,20.0,dapi,0
SCRAMBLE_KD,30min,10x-1,985,450.2,737.8,124,101.46,131.9,1131.1,161.1,1042.44,0.1545,1.3,20.0,dapi,0
SCRAMBLE_KD,30min,10x-1,986,447.8,827.4,74,46.86,60.91,1655.53,685.53,1258.32,0.5448,1.3,20.0,dapi,0
SCRAMBLE_KD,30min,10x-1,987,448.0,877.3,93,7.87,10.24,1948.38,978.38,1100.41,0.8891,1.3,20.0,dapi,0
SCRAMBLE_KD,30min,10x-1,988,449.7,637.1,92,78.22,101.69,1103.07,133.07,1136.28,0.1171,1.3,20.0,dapi,0
SCRAMBLE_KD,30min,10x-1,989,450.3,573.7,81,21.29,27.68,1858.99,888.99,1220.81,0.7282,1.3,20.0,dapi,0
SCRAMBLE_KD,30min,10x-1,990,451.4,698.2,103,116.86,151.92,1559.78,589.78,1149.49,0.5131,1.3,20.0,dapi,0
SCRAMBLE_KD,30min,10x-1,991,451.5,783.4,101,70.41,91.54,1211.98,241.98,1175.06,0.2059,1.3,20.0,dapi,0
SCRAMBLE_KD,30min,10x-1,992,451.7,801.0,100,58.17,75.62,1125.39,155.39,1124.73,0.1382,1.3,20.0,dapi,0
SCRAMBLE_KD,30min,10x-1,993,451.9,649.2,87,83.66,108.76,1099.21,129.21,1061.6,0.1217,1.3,20.0,dapi,0
SCRAMBLE_KD,30min,10x-1,994,453.4,675.0,69,99.88,129.84,1137.16,167.16,1030.61,0.1622,1.3,20.0,dapi,0
SCRAMBLE_KD,30min,10x-1,995,454.3,707.4,67,121.24,157.61,1107.9,137.9,975.36,0.1414,1.3,20.0,dapi,0
SCRAMBLE_KD,30min,10x-1,996,456.2,761.9,115,81.97,106.55,1130.77,160.77,1090.22,0.1475,1.3,20.0,dapi,0
SCRAMBLE_KD,30min,10x-1,997,455.1,856.2,89,26.67,34.68,1420.99,450.99,1015.63,0.444,1.3,20.0,dapi,0
SCRAMBLE_KD,30min,10x-1,998,455.3,614.5,80,55.78,72.52,1106.83,136.83,1247.55,0.1097,1.3,20.0,dapi,0
SCRAMBLE_KD,30min,10x-1,999,456.3,818.9,110,43.69,56.8,1753.9,783.9,1071.18,0.7318,1.3,20.0,dapi,0
SCRAMBLE_KD,30min,10x-1,1000,457.1,584.0,84,26.81,34.85,1393.73,423.73,1258.38,0.3367,1.3,20.0,dapi,0
SCRAMBLE_KD,30min,10x-1,1001,456.8,593.3,76,34.71,45.12,1258.14,288.14,1238.54,0.2326,1.3,20.0,dapi,0
SCRAMBLE_KD,30min,10x-1,1002,457.8,834.5,98,34.94,45.43,1216.94,246.94,1099.2,0.2247,1.3,20.0,dapi,0
SCRAMBLE_KD,30min,10x-1,1003,457.5,606.4,65,46.3,60.19,1149.2,179.2,1076.77,0.1664,1.3,20.0,dapi,0
SCRAMBLE_KD,30min,10x-1,1004,458.8,626.4,82,65.14,84.68,1110.16,140.16,1226.52,0.1143,1.3,20.0,dapi,0
SCRAMBLE_KD,30min,10x-1,1005,459.6,726.0,85,103.06,133.98,1541.84,571.84,1198.31,0.4772,1.3,20.0,dapi,0
SCRAMBLE_KD,30min,10x-1,1006,459.8,772.8,85,71.07,92.39,1435.19,465.19,1170.98,0.3973,1.3,20.0,dapi,0
SCRAMBLE_KD,30min,10x-1,1007,459.3,844.6,110,29.89,38.86,1532.06,562.06,1089.5,0.5159,1.3,20.0,dapi,0
SCRAMBLE_KD,30min,10x-1,1008,461.3,562.4,105,5.81,7.55,1791.9,821.9,1055.26,0.7789,1.3,20.0,dapi,0
SCRAMBLE_KD,30min,10x-1,1009,460.3,877.2,80,5.23,6.8,1587.17,617.17,1006.42,0.6132,1.3,20.0,dapi,0
SCRAMBLE_KD,30min,10x-1,1010,461.5,806.4,104,48.25,62.73,1454.5,484.5,1131.55,0.4282,1.3,20.0,dapi,0
SCRAMBLE_KD,30min,10x-1,1011,462.1,573.6,95,15.68,20.38,1933.38,963.38,1102.55,0.8738,1.3,20.0,dapi,0
SCRAMBLE_KD,30min,10x-1,1012,461.0,637.0,56,69.52,90.38,1088.18,118.18,1138.88,0.1038,1.3,20.0,dapi,0
SCRAMBLE_KD,30min,10x-1,1013,460.8,691.1,66,104.82,136.27,1489.61,519.61,1011.48,0.5137,1.3,20.0,dapi,0
SCRAMBLE_KD,30min,10x-1,1014,462.5,717.8,68,108.02,140.43,1323.97,353.97,1171.38,0.3022,1.3,20.0,dapi,0
SCRAMBLE_KD,30min,10x-1,1015,463.4,738.8,113,91.41,118.83,1521.96,551.96,1090.39,0.5062,1.3,20.0,dapi,0
SCRAMBLE_KD,30min,10x-1,1016,462.8,783.4,79,61.69,80.2,1903.62,933.62,1308.42,0.7135,1.3,20.0,dapi,0
SCRAMBLE_KD,30min,10x-1,1017,464.3,666.8,83,86.48,112.42,1083.07,113.07,1249.04,0.0905,1.3,20.0,dapi,0
SCRAMBLE_KD,30min,10x-1,1018,465.0,654.7,95,77.31,100.51,1082.02,112.02,1121.78,0.0999,1.3,20.0,dapi,0
SCRAMBLE_KD,30min,10x-1,1019,465.6,756.4,70,77.57,100.84,1177.0,207.0,1170.64,0.1768,1.3,20.0,dapi,0
SCRAMBLE_KD,30min,10x-1,1020,467.1,590.3,116,28.3,36.78,1385.98,415.98,1110.2,0.3747,1.3,20.0,dapi,0
SCRAMBLE_KD,30min,10x-1,1021,467.2,680.0,72,92.86,120.72,1119.28,149.28,967.49,0.1543,1.3,20.0,dapi,0
SCRAMBLE_KD,30min,10x-1,1022,466.4,711.2,75,111.35,144.75,1275.8,305.8,963.05,0.3175,1.3,20.0,dapi,0
SCRAMBLE_KD,30min,10x-1,1023,467.3,849.8,73,20.68,26.89,1983.93,1013.93,1025.12,0.9891,1.3,20.0,dapi,0
SCRAMBLE_KD,30min,10x-1,1024,468.5,614.1,65,51.1,66.43,1106.95,136.95,1138.42,0.1203,1.3,20.0,dapi,0
SCRAMBLE_KD,30min,10x-1,1025,467.7,632.4,55,60.94,79.22,1095.18,125.18,1082.73,0.1156,1.3,20.0,dapi,0
SCRAMBLE_KD,30min,10x-1,1026,470.7,692.1,109,98.72,128.34,1108.04,138.04,1086.72,0.127,1.3,20.0,dapi,0
SCRAMBLE_KD,30min,10x-1,1027,469.4,814.3,82,36.94,48.02,1166.96,196.96,1167.43,0.1687,1.3,20.0,dapi,0
SCRAMBLE_KD,30min,10x-1,1028,470.5,645.8,92,67.59,87.87,1093.55,123.55,1258.8,0.0982,1.3,20.0,dapi,0
SCRAMBLE_KD,30min,10x-1,1029,470.0,724.6,65,97.62,126.91,1397.89,427.89,977.78,0.4376,1.3,20.0,dapi,0
SCRAMBLE_KD,30min,10x-1,1030,469.7,746.2,56,81.51,105.97,1721.43,751.43,1062.55,0.7072,1.3,20.0,dapi,0
SCRAMBLE_KD,30min,10x-1,1031,471.0,826.3,67,27.42,35.64,1418.18,448.18,1072.97,0.4177,1.3,20.0,dapi,0
SCRAMBLE_KD,30min,10x-1,1032,471.0,835.1,76,22.63,29.42,1699.17,729.17,1043.07,0.6991,1.3,20.0,dapi,0
SCRAMBLE_KD,30min,10x-1,1033,471.9,795.2,74,46.84,60.89,1126.12,156.12,1134.7,0.1376,1.3,20.0,dapi,0
SCRAMBLE_KD,30min,10x-1,1034,473.1,569.3,91,6.46,8.39,1814.01,844.01,1039.64,0.8118,1.3,20.0,dapi,0
SCRAMBLE_KD,30min,10x-1,1035,474.1,753.7,95,73.01,94.91,1495.82,525.82,1207.23,0.4356,1.3,20.0,dapi,0
SCRAMBLE_KD,30min,10x-1,1036,474.3,708.4,74,106.62,138.6,1144.84,174.84,1072.14,0.1631,1.3,20.0,dapi,0
SCRAMBLE_KD,30min,10x-1,1037,477.1,764.3,125,64.01,83.22,1173.52,203.52,1050.37,0.1938,1.3,20.0,dapi,0
SCRAMBLE_KD,30min,10x-1,1038,474.0,781.7,93,55.22,71.79,1122.34,152.34,1158.26,0.1315,1.3,20.0,dapi,0
SCRAMBLE_KD,30min,10x-1,1039,475.6,598.0,108,33.65,43.74,1154.27,184.27,1120.57,0.1644,1.3,20.0,dapi,0
SCRAMBLE_KD,30min,10x-1,1040,475.0,621.3,49,49.46,64.3,1152.06,182.06,1120.08,0.1625,1.3,20.0,dapi,0
SCRAMBLE_KD,30min,10x-1,1041,476.4,802.0,65,39.1,50.84,1173.83,203.83,987.97,0.2063,1.3,20.0,dapi,0
SCRAMBLE_KD,30min,10x-1,1042,477.8,630.9,77,52.04,67.65,1097.91,127.91,1323.88,0.0966,1.3,20.0,dapi,0
SCRAMBLE_KD,30min,10x-1,1043,478.6,642.3,76,58.21,75.67,1093.74,123.74,1175.95,0.1052,1.3,20.0,dapi,0
SCRAMBLE_KD,30min,10x-1,1044,479.5,858.5,68,5.83,7.58,1829.38,859.38,1043.28,0.8237,1.3,20.0,dapi,0
SCRAMBLE_KD,30min,10x-1,1045,481.6,675.2,101,78.73,102.35,1102.23,132.23,1173.57,0.1127,1.3,20.0,dapi,0
SCRAMBLE_KD,30min,10x-1,1046,481.2,808.7,88,30.71,39.93,1338.11,368.11,1184.36,0.3108,1.3,20.0,dapi,0
SCRAMBLE_KD,30min,10x-1,1047,478.9,819.2,49,26.34,34.24,1647.65,677.65,1017.35,0.6661,1.3,20.0,dapi,0
SCRAMBLE_KD,30min,10x-1,1048,481.5,841.1,85,10.11,13.14,1712.81,742.81,1153.41,0.644,1.3,20.0,dapi,0
SCRAMBLE_KD,30min,10x-1,1049,481.4,851.3,81,8.15,10.6,1774.63,804.63,1146.14,0.702,1.3,20.0,dapi,0
SCRAMBLE_KD,30min,10x-1,1050,481.4,653.4,66,64.67,84.07,1109.21,139.21,1097.14,0.1269,1.3,20.0,dapi,0
SCRAMBLE_KD,30min,10x-1,1051,480.2,665.4,58,73.14,95.08,1084.84,114.84,1082.71,0.1061,1.3,20.0,dapi,0
SCRAMBLE_KD,30min,10x-1,1052,481.2,699.6,89,98.48,128.02,1107.78,137.78,1189.52,0.1158,1.3,20.0,dapi,0
SCRAMBLE_KD,30min,10x-1,1053,482.8,572.1,86,6.82,8.86,1986.07,1016.07,1171.83,0.8671,1.3,20.0,dapi,0
SCRAMBLE_KD,30min,10x-1,1054,483.6,714.1,88,97.62,126.91,1179.41,209.41,1087.64,0.1925,1.3,20.0,dapi,0
SCRAMBLE_KD,30min,10x-1,1055,485.7,609.3,129,34.27,44.56,1341.66,371.66,1009.33,0.3682,1.3,20.0,dapi,0
SCRAMBLE_KD,30min,10x-1,1056,482.9,739.1,56,78.66,102.26,1505.5,535.5,989.25,0.5413,1.3,20.0,dapi,0
SCRAMBLE_KD,30min,10x-1,1057,484.7,622.3,79,41.22,53.59,1234.04,264.04,1246.06,0.2119,1.3,20.0,dapi,0
SCRAMBLE_KD,30min,10x-1,1058,484.1,686.0,71,85.83,111.58,1093.46,123.46,1321.42,0.0934,1.3,20.0,dapi,0
SCRAMBLE_KD,30min,10x-1,1059,484.9,596.3,74,30.01,39.02,1180.3,210.3,1310.09,0.1605,1.3,20.0,dapi,0
SCRAMBLE_KD,30min,10x-1,1060,486.1,660.3,67,65.34,84.94,1086.85,116.85,1222.84,0.0956,1.3,20.0,dapi,0
SCRAMBLE_KD,30min,10x-1,1061,490.0,725.2,155,85.22,110.78,1141.47,171.47,1142.09,0.1501,1.3,20.0,dapi,0
SCRAMBLE_KD,30min,10x-1,1062,484.2,793.4,52,40.42,52.54,1121.6,151.6,1009.04,0.1502,1.3,20.0,dapi,0
SCRAMBLE_KD,30min,10x-1,1063,485.7,818.5,61,21.24,27.61,1917.26,947.26,1116.16,0.8487,1.3,20.0,dapi,0
SCRAMBLE_KD,30min,10x-1,1064,488.1,755.4,82,62.86,81.72,1497.26,527.26,926.21,0.5693,1.3,20.0,dapi,0
SCRAMBLE_KD,30min,10x-1,1065,488.0,772.6,73,49.81,64.75,1153.15,183.15,1141.01,0.1605,1.3,20.0,dapi,0
SCRAMBLE_KD,30min,10x-1,1066,486.4,783.3,69,45.36,58.97,1142.93,172.93,1058.26,0.1634,1.3,20.0,dapi,0
SCRAMBLE_KD,30min,10x-1,1067,488.7,835.6,80,7.24,9.42,1803.01,833.01,1166.33,0.7142,1.3,20.0,dapi,0
SCRAMBLE_KD,30min,10x-1,1068,490.3,585.8,93,19.54,25.41,1648.54,678.54,1150.63,0.5897,1.3,20.0,dapi,0
SCRAMBLE_KD,30min,10x-1,1069,491.5,573.7,90,7.42,9.64,1772.21,802.21,1130.12,0.7098,1.3,20.0,dapi,0
SCRAMBLE_KD,30min,10x-1,1070,488.6,635.6,48,46.84,60.89,1119.19,149.19,1093.5,0.1364,1.3,20.0,dapi,0
SCRAMBLE_KD,30min,10x-1,1071,490.0,702.0,72,89.84,116.79,1145.12,175.12,1090.81,0.1605,1.3,20.0,dapi,0
SCRAMBLE_KD,30min,10x-1,1072,490.7,648.5,66,53.82,69.96,1118.12,148.12,1183.92,0.1251,1.3,20.0,dapi,0
SCRAMBLE_KD,30min,10x-1,1073,492.9,766.7,86,50.47,65.61,1441.28,471.28,1262.63,0.3733,1.3,20.0,dapi,0
SCRAMBLE_KD,30min,10x-1,1074,492.8,688.3,89,82.25,106.93,1109.63,139.63,1274.06,0.1096,1.3,20.0,dapi,0
SCRAMBLE_KD,30min,10x-1,1075,493.6,743.1,82,68.84,89.49,1226.18,256.18,1099.95,0.2329,1.3,20.0,dapi,0
SCRAMBLE_KD,30min,10x-1,1076,494.2,662.1,74,61.04,79.35,1101.31,131.31,1062.47,0.1236,1.3,20.0,dapi,0
SCRAMBLE_KD,30min,10x-1,1077,494.7,677.0,72,72.03,93.64,1104.03,134.03,1057.31,0.1268,1.3,20.0,dapi,0
SCRAMBLE_KD,30min,10x-1,1078,496.1,829.2,102,6.98,9.07,1856.28,886.28,1111.04,0.7977,1.3,20.0,dapi,0
SCRAMBLE_KD,30min,10x-1,1079,496.9,806.4,90,22.35,29.06,1522.38,552.38,1159.38,0.4764,1.3,20.0,dapi,0
SCRAMBLE_KD,30min,10x-1,1080,496.2,820.5,68,11.52,14.98,2160.0,1190.0,1162.76,1.0234,1.3,20.0,dapi,0
SCRAMBLE_KD,30min,10x-1,1081,497.0,594.9,81,19.33,25.13,1400.56,430.56,1282.86,0.3356,1.3,20.0,dapi,0
SCRAMBLE_KD,30min,10x-1,1082,497.6,611.8,109,24.93,32.4,1463.6,493.6,1093.91,0.4512,1.3,20.0,dapi,0
SCRAMBLE_KD,30min,10x-1,1083,497.8,632.4,81,37.69,49.0,1164.36,194.36,1246.83,0.1559,1.3,20.0,dapi,0
SCRAMBLE_KD,30min,10x-1,1084,497.7,750.8,68,60.22,78.29,1693.65,723.65,1114.99,0.649,1.3,20.0,dapi,0
SCRAMBLE_KD,30min,10x-1,1085,498.4,701.8,94,81.94,106.52,1103.9,133.9,1128.74,0.1186,1.3,20.0,dapi,0
SCRAMBLE_KD,30min,10x-1,1086,499.2,778.0,93,38.36,49.86,1128.35,158.35,1028.61,0.1539,1.3,20.0,dapi,0
SCRAMBLE_KD,30min,10x-1,1087,498.8,798.3,84,26.66,34.66,1148.79,178.79,1243.94,0.1437,1.3,20.0,dapi,0
SCRAMBLE_KD,30min,10x-1,1088,501.7,575.0,112,6.46,8.39,1517.84,547.84,1054.96,0.5193,1.3,20.0,dapi,0
SCRAMBLE_KD,30min,10x-1,1089,499.2,787.9,52,31.82,41.36,1137.42,167.42,1052.19,0.1591,1.3,20.0,dapi,0
SCRAMBLE_KD,30min,10x-1,1090,501.3,642.6,89,42.87,55.74,1281.44,311.44,1187.78,0.2622,1.3,20.0,dapi,0
SCRAMBLE_KD,30min,10x-1,1091,500.8,654.5,89,50.41,65.53,1124.53,154.53,1284.64,0.1203,1.3,20.0,dapi,0
SCRAMBLE_KD,30min,10x-1,1092,500.2,717.8,85,83.91,109.09,1100.6,130.6,1066.72,0.1224,1.3,20.0,dapi,0
SCRAMBLE_KD,30min,10x-1,1093,502.0,735.1,65,70.06,91.08,1115.77,145.77,1097.02,0.1329,1.3,20.0,dapi,0
SCRAMBLE_KD,30min,10x-1,1094,503.0,687.2,69,75.4,98.02,1102.68,132.68,979.35,0.1355,1.3,20.0,dapi,0
SCRAMBLE_KD,30min,10x-1,1095,505.6,762.2,85,46.62,60.61,1160.29,190.29,1122.79,0.1695,1.3,20.0,dapi,0
SCRAMBLE_KD,30min,10x-1,1096,506.0,594.6,106,10.58,13.75,1727.82,757.82,1132.07,0.6694,1.3,20.0,dapi,0
SCRAMBLE_KD,30min,10x-1,1097,504.2,621.7,53,26.34,34.24,1172.58,202.58,1064.49,0.1903,1.3,20.0,dapi,0
SCRAMBLE_KD,30min,10x-1,1098,506.4,701.7,85,74.06,96.28,1094.81,124.81,1007.68,0.1239,1.3,20.0,dapi,0
SCRAMBLE_KD,30min,10x-1,1099,507.0,816.2,100,8.78,11.42,1655.45,685.45,1022.84,0.6701,1.3,20.0,dapi,0
SCRAMBLE_KD,30min,10x-1,1100,508.9,665.4,73,54.25,70.53,1151.36,181.36,1072.23,0.1691,1.3,20.0,dapi,0
SCRAMBLE_KD,30min,10x-1,1101,507.9,672.6,75,61.47,79.91,1118.21,148.21,1292.71,0.1147,1.3,20.0,dapi,0
SCRAMBLE_KD,30min,10x-1,1102,511.0,581.5,120,5.5,7.14,1492.58,522.58,963.96,0.5421,1.3,20.0,dapi,0
SCRAMBLE_KD,30min,10x-1,1103,511.0,726.4,92,73.16,95.11,1133.21,163.21,1225.62,0.1332,1.3,20.0,dapi,0
SCRAMBLE_KD,30min,10x-1,1104,510.3,751.6,93,51.62,67.11,1231.63,261.63,1019.58,0.2566,1.3,20.0,dapi,0
SCRAMBLE_KD,30min,10x-1,1105,509.3,784.5,80,26.39,34.31,1266.59,296.59,1056.64,0.2807,1.3,20.0,dapi,0
SCRAMBLE_KD,30min,10x-1,1106,512.4,601.3,86,7.44,9.67,1898.7,928.7,1097.1,0.8465,1.3,20.0,dapi,0
SCRAMBLE_KD,30min,10x-1,1107,513.2,609.2,86,10.86,14.12,1991.9,1021.9,1314.4,0.7775,1.3,20.0,dapi,0
SCRAMBLE_KD,30min,10x-1,1108,510.9,655.9,63,45.65,59.34,1128.57,158.57,1016.0,0.1561,1.3,20.0,dapi,0
SCRAMBLE_KD,30min,10x-1,1109,511.9,682.1,81,65.11,84.65,1096.12,126.12,1222.63,0.1032,1.3,20.0,dapi,0
SCRAMBLE_KD,30min,10x-1,1110,511.4,736.9,89,63.51,82.56,1104.51,134.51,1189.29,0.1131,1.3,20.0,dapi,0
SCRAMBLE_KD,30min,10x-1,1111,512.7,635.9,80,29.21,37.98,1542.5,572.5,1164.45,0.4916,1.3,20.0,dapi,0
SCRAMBLE_KD,30min,10x-1,1112,513.7,803.1,91,11.04,14.35,1576.96,606.96,986.05,0.6155,1.3,20.0,dapi,0
SCRAMBLE_KD,30min,10x-1,1113,513.1,626.7,69,23.73,30.85,1545.43,575.43,1054.67,0.5456,1.3,20.0,dapi,0
SCRAMBLE_KD,30min,10x-1,1114,515.7,774.7,122,30.22,39.29,1194.07,224.07,1002.89,0.2234,1.3,20.0,dapi,0
SCRAMBLE_KD,30min,10x-1,1115,513.9,616.4,55,15.09,19.62,2076.16,1106.16,1312.6,0.8427,1.3,20.0,dapi,0
SCRAMBLE_KD,30min,10x-1,1116,514.6,696.1,90,64.25,83.52,1084.93,114.93,1159.21,0.0991,1.3,20.0,dapi,0
SCRAMBLE_KD,30min,10x-1,1117,515.1,716.2,80,69.12,89.86,1099.75,129.75,1223.35,0.1061,1.3,20.0,dapi,0
SCRAMBLE_KD,30min,10x-1,1118,516.4,794.0,112,15.03,19.54,1575.98,605.98,1031.38,0.5875,1.3,20.0,dapi,0
SCRAMBLE_KD,30min,10x-1,1119,515.5,645.6,68,35.22,45.79,1211.18,241.18,1210.21,0.1993,1.3,20.0,dapi,0
SCRAMBLE_KD,30min,10x-1,1120,516.9,817.4,115,3.4,4.42,1429.45,459.45,846.51,0.5428,1.3,20.0,dapi,0
SCRAMBLE_KD,30min,10x-1,1121,518.1,673.5,55,55.92,72.7,1134.11,164.11,1132.62,0.1449,1.3,20.0,dapi,0
SCRAMBLE_KD,30min,10x-1,1122,518.5,748.2,63,49.98,64.98,1133.05,163.05,1064.24,0.1532,1.3,20.0,dapi,0
SCRAMBLE_KD,30min,10x-1,1123,523.0,689.5,103,55.73,72.45,1089.89,119.89,1185.48,0.1011,1.3,20.0,dapi,0
SCRAMBLE_KD,30min,10x-1,1124,523.5,634.3,61,20.22,26.29,1933.97,963.97,1149.79,0.8384,1.3,20.0,dapi,0
SCRAMBLE_KD,30min,10x-1,1125,524.1,613.0,96,6.82,8.86,1764.55,794.55,1136.36,0.6992,1.3,20.0,dapi,0
SCRAMBLE_KD,30min,10x-1,1126,523.2,645.3,53,29.84,38.79,1679.21,709.21,1190.28,0.5958,1.3,20.0,dapi,0
SCRAMBLE_KD,30min,10x-1,1127,524.6,656.6,78,39.18,50.93,1404.83,434.83,1197.22,0.3632,1.3,20.0,dapi,0
SCRAMBLE_KD,30min,10x-1,1128,525.0,728.6,101,64.94,84.42,1157.23,187.23,1136.89,0.1647,1.3,20.0,dapi,0
SCRAMBLE_KD,30min,10x-1,1129,526.0,665.9,77,45.97,59.76,1145.14,175.14,1220.73,0.1435,1.3,20.0,dapi,0
SCRAMBLE_KD,30min,10x-1,1130,525.3,701.6,74,55.45,72.08,1098.08,128.08,1003.0,0.1277,1.3,20.0,dapi,0
SCRAMBLE_KD,30min,10x-1,1131,525.5,712.0,82,57.42,74.64,1099.52,129.52,1044.0,0.1241,1.3,20.0,dapi,0
SCRAMBLE_KD,30min,10x-1,1132,525.4,754.9,64,40.97,53.26,1147.53,177.53,1139.69,0.1558,1.3,20.0,dapi,0
SCRAMBLE_KD,30min,10x-1,1133,528.4,621.9,102,8.7,11.31,1713.19,743.19,1115.15,0.6664,1.3,20.0,dapi,0
SCRAMBLE_KD,30min,10x-1,1134,527.2,763.5,68,32.12,41.76,1163.43,193.43,1118.25,0.173,1.3,20.0,dapi,0
SCRAMBLE_KD,30min,10x-1,1135,530.2,410.1,78,3.59,4.67,1642.69,672.69,934.85,0.7196,1.3,20.0,dapi,0
SCRAMBLE_KD,30min,10x-1,1136,527.3,677.1,70,49.46,64.3,1135.63,165.63,1322.29,0.1253,1.3,20.0,dapi,0
SCRAMBLE_KD,30min,10x-1,1137,527.9,798.7,98,3.85,5.01,1547.71,577.71,894.47,0.6459,1.3,20.0,dapi,0
SCRAMBLE_KD,30min,10x-1,1138,529.6,744.0,80,49.13,63.87,1132.8,162.8,1155.39,0.1409,1.3,20.0,dapi,0
SCRAMBLE_KD,30min,10x-1,1139,530.9,771.7,86,23.2,30.16,1473.79,503.79,977.94,0.5152,1.3,20.0,dapi,0
SCRAMBLE_KD,30min,10x-1,1140,532.7,646.1,69,25.76,33.49,2012.36,1042.36,1281.91,0.8131,1.3,20.0,dapi,0
SCRAMBLE_KD,30min,10x-1,1141,533.6,635.7,62,16.38,21.29,1993.27,1023.27,1235.08,0.8285,1.3,20.0,dapi,0
SCRAMBLE_KD,30min,10x-1,1142,535.0,789.7,109,6.55,8.51,1731.92,761.92,1044.17,0.7297,1.3,20.0,dapi,0
SCRAMBLE_KD,30min,10x-1,1143,535.0,697.2,66,44.63,58.02,1118.23,148.23,1206.71,0.1228,1.3,20.0,dapi,0
SCRAMBLE_KD,30min,10x-1,1144,535.7,686.6,83,42.62,55.41,1101.02,131.02,1257.84,0.1042,1.3,20.0,dapi,0
SCRAMBLE_KD,30min,10x-1,1145,536.3,653.6,79,32.0,41.6,2071.84,1101.84,1263.85,0.8718,1.3,20.0,dapi,0
SCRAMBLE_KD,30min,10x-1,1146,536.1,751.5,61,40.66,52.86,1113.52,143.52,1224.9,0.1172,1.3,20.0,dapi,0
SCRAMBLE_KD,30min,10x-1,1147,538.3,707.7,65,44.78,58.22,1126.12,156.12,1273.05,0.1226,1.3,20.0,dapi,0
SCRAMBLE_KD,30min,10x-1,1148,536.7,730.1,66,54.88,71.34,1143.06,173.06,1136.09,0.1523,1.3,20.0,dapi,0
SCRAMBLE_KD,30min,10x-1,1149,537.9,625.7,68,5.71,7.42,1804.99,834.99,985.75,0.8471,1.3,20.0,dapi,0
SCRAMBLE_KD,30min,10x-1,1150,538.9,670.1,83,35.61,46.29,1306.99,336.99,1248.63,0.2699,1.3,20.0,dapi,0
SCRAMBLE_KD,30min,10x-1,1151,538.0,718.7,59,49.62,64.5,1111.47,141.47,1206.8,0.1172,1.3,20.0,dapi,0
SCRAMBLE_KD,30min,10x-1,1152,540.5,740.6,91,49.39,64.21,1142.07,172.07,1229.43,0.14,1.3,20.0,dapi,0
SCRAMBLE_KD,30min,10x-1,1153,539.3,71.4,61,2.86,3.72,1726.52,756.52,915.43,0.8264,1.3,20.0,dapi,0
SCRAMBLE_KD,30min,10x-1,1154,541.2,84.0,139,4.31,5.61,1585.35,615.35,846.23,0.7272,1.3,20.0,dapi,0
SCRAMBLE_KD,30min,10x-1,1155,539.8,761.3,105,29.97,38.96,1271.85,301.85,1072.0,0.2816,1.3,20.0,dapi,0
SCRAMBLE_KD,30min,10x-1,1156,541.8,781.8,104,9.31,12.11,1565.14,595.14,965.12,0.6167,1.3,20.0,dapi,0
SCRAMBLE_KD,30min,10x-1,1157,544.9,403.4,92,8.32,10.82,1900.35,930.35,1156.49,0.8045,1.3,20.0,dapi,0
SCRAMBLE_KD,30min,10x-1,1158,545.5,411.2,89,12.93,16.82,1942.71,972.71,1156.8,0.8409,1.3,20.0,dapi,0
SCRAMBLE_KD,30min,10x-1,1159,544.5,700.1,95,36.54,47.5,1119.77,149.77,1293.97,0.1157,1.3,20.0,dapi,0
SCRAMBLE_KD,30min,10x-1,1160,544.3,422.6,95,7.18,9.33,1813.33,843.33,1030.16,0.8186,1.3,20.0,dapi,0
SCRAMBLE_KD,30min,10x-1,1161,543.0,657.1,70,27.07,35.18,2005.06,1035.06,1061.36,0.9752,1.3,20.0,dapi,0
SCRAMBLE_KD,30min,10x-1,1162,543.9,677.7,74,33.87,44.03,1144.03,174.03,1308.39,0.133,1.3,20.0,dapi,0
SCRAMBLE_KD,30min,10x-1,1163,547.2,385.8,106,6.09,7.91,1804.39,834.39,1116.42,0.7474,1.3,20.0,dapi,0
SCRAMBLE_KD,30min,10x-1,1164,545.6,632.9,107,9.13,11.87,1665.16,695.16,1070.28,0.6495,1.3,20.0,dapi,0
SCRAMBLE_KD,30min,10x-1,1165,549.4,432.3,90,7.96,10.35,1861.47,891.47,1096.2,0.8132,1.3,20.0,dapi,0
SCRAMBLE_KD,30min,10x-1,1166,545.5,729.4,77,46.33,60.23,1141.64,171.64,1256.45,0.1366,1.3,20.0,dapi,0
SCRAMBLE_KD,30min,10x-1,1167,552.8,396.5,127,13.89,18.06,1958.31,988.31,1115.45,0.886,1.3,20.0,dapi,0
SCRAMBLE_KD,30min,10x-1,1168,549.5,774.5,118,14.63,19.02,1621.04,651.04,997.21,0.6529,1.3,20.0,dapi,0
SCRAMBLE_KD,30min,10x-1,1169,547.6,719.1,55,40.59,52.77,1133.78,163.78,1084.65,0.151,1.3,20.0,dapi,0
SCRAMBLE_KD,30min,10x-1,1170,549.6,647.2,82,17.27,22.44,1906.91,936.91,1113.29,0.8416,1.3,20.0,dapi,0
SCRAMBLE_KD,30min,10x-1,1171,548.8,710.9,60,36.09,46.92,1146.03,176.03,1063.53,0.1655,1.3,20.0,dapi,0
SCRAMBLE_KD,30min,10x-1,1172,551.2,70.2,110,11.02,14.32,2251.55,1281.55,1072.45,1.195,1.3,20.0,dapi,0
SCRAMBLE_KD,30min,10x-1,1173,552.8,52.7,110,7.62,9.9,2042.12,1072.12,1208.35,0.8873,1.3,20.0,dapi,0
SCRAMBLE_KD,30min,10x-1,1174,551.4,759.9,83,29.62,38.5,1158.1,188.1,1033.12,0.1821,1.3,20.0,dapi,0
SCRAMBLE_KD,30min,10x-1,1175,553.8,449.2,73,3.72,4.84,1671.59,701.59,889.27,0.7889,1.3,20.0,dapi,0
SCRAMBLE_KD,30min,10x-1,1176,553.6,737.7,83,43.45,56.48,1112.47,142.47,1189.08,0.1198,1.3,20.0,dapi,0
SCRAMBLE_KD,30min,10x-1,1177,554.1,635.5,89,5.83,7.58,1655.42,685.42,1094.01,0.6265,1.3,20.0,dapi,0
SCRAMBLE_KD,30min,10x-1,1178,554.4,785.8,65,3.72,4.84,1560.75,590.75,938.43,0.6295,1.3,20.0,dapi,0
SCRAMBLE_KD,30min,10x-1,1179,554.6,239.6,85,3.72,4.84,1557.0,587.0,823.56,0.7128,1.3,20.0,dapi,0
SCRAMBLE_KD,30min,10x-1,1180,553.5,664.0,56,19.5,25.35,1354.79,384.79,999.2,0.3851,1.3,20.0,dapi,0
SCRAMBLE_KD,30min,10x-1,1181,555.6,61.9,69,11.82,15.36,1871.72,901.72,965.03,0.9344,1.3,20.0,dapi,0
SCRAMBLE_KD,30min,10x-1,1182,556.4,256.9,99,2.5,3.26,1477.86,507.86,808.14,0.6284,1.3,20.0,dapi,0
SCRAMBLE_KD,30min,10x-1,1183,555.2,437.7,41,8.8,11.44,1968.07,998.07,1193.1,0.8365,1.3,20.0,dapi,0
SCRAMBLE_KD,30min,10x-1,1184,556.1,675.2,90,21.67,28.17,1409.8,439.8,1121.93,0.392,1.3,20.0,dapi,0
SCRAMBLE_KD,30min,10x-1,1185,557.0,687.4,104,21.63,28.12,1566.86,596.86,1146.64,0.5205,1.3,20.0,dapi,0
SCRAMBLE_KD,30min,10x-1,1186,556.3,746.0,73,42.1,54.74,1114.6,144.6,1028.0,0.1407,1.3,20.0,dapi,0
SCRAMBLE_KD,30min,10x-1,1187,558.1,42.5,82,6.46,8.39,2050.46,1080.46,1217.59,0.8874,1.3,20.0,dapi,0
SCRAMBLE_KD,30min,10x-1,1188,560.7,81.3,103,15.76,20.49,1781.2,811.2,1082.69,0.7492,1.3,20.0,dapi,0
SCRAMBLE_KD,30min,10x-1,1189,560.1,95.0,79,6.55,8.51,2064.51,1094.51,1248.57,0.8766,1.3,20.0,dapi,0
SCRAMBLE_KD,30min,10x-1,1190,559.2,320.7,78,3.85,5.01,1706.62,736.62,928.74,0.7931,1.3,20.0,dapi,0
SCRAMBLE_KD,30min,10x-1,1191,560.6,720.0,141,28.9,37.57,1432.86,462.86,1185.22,0.3905,1.3,20.0,dapi,0
SCRAMBLE_KD,30min,10x-1,1192,560.5,359.9,94,6.98,9.07,1954.77,984.77,1115.8,0.8826,1.3,20.0,dapi,0
SCRAMBLE_KD,30min,10x-1,1193,558.7,388.0,48,15.03,19.54,1873.27,903.27,976.96,0.9246,1.3,20.0,dapi,0
SCRAMBLE_KD,30min,10x-1,1194,560.7,422.2,116,23.51,30.57,1651.04,681.04,1035.89,0.6574,1.3,20.0,dapi,0
SCRAMBLE_KD,30min,10x-1,1195,560.0,707.0,80,24.58,31.95,1182.84,212.84,1089.42,0.1954,1.3,20.0,dapi,0
SCRAMBLE_KD,30min,10x-1,1196,562.2,249.7,89,8.62,11.2,1802.21,832.21,949.81,0.8762,1.3,20.0,dapi,0
SCRAMBLE_KD,30min,10x-1,1197,563.8,330.4,155,9.13,11.87,1971.75,1001.75,1202.99,0.8327,1.3,20.0,dapi,0
SCRAMBLE_KD,30min,10x-1,1198,561.3,339.4,72,5.62,7.3,1747.28,777.28,1036.62,0.7498,1.3,20.0,dapi,0
SCRAMBLE_KD,30min,10x-1,1199,562.2,406.5,111,25.11,32.65,1525.03,555.03,1047.86,0.5297,1.3,20.0,dapi,0
SCRAMBLE_KD,30min,10x-1,1200,561.7,767.1,158,20.31,26.4,1657.96,687.96,958.83,0.7175,1.3,20.0,dapi,0
SCRAMBLE_KD,30min,10x-1,1201,562.9,104.9,91,6.25,8.12,2090.62,1120.62,1174.76,0.9539,1.3,20.0,dapi,0
SCRAMBLE_KD,30min,10x-1,1202,563.2,347.5,106,7.62,9.9,1912.16,942.16,1149.61,0.8195,1.3,20.0,dapi,0
SCRAMBLE_KD,30min,10x-1,1203,561.0,651.7,56,8.39,10.9,1990.59,1020.59,1021.43,0.9992,1.3,20.0,dapi,0
SCRAMBLE_KD,30min,10x-1,1204,563.3,52.9,92,16.52,21.48,1967.51,997.51,1161.99,0.8585,1.3,20.0,dapi,0
SCRAMBLE_KD,30min,10x-1,1205,564.8,452.8,114,7.09,9.21,1717.74,747.74,1038.83,0.7198,1.3,20.0,dapi,0
SCRAMBLE_KD,30min,10x-1,1206,563.6,69.8,78,22.19,28.85,1619.37,649.37,1092.73,0.5943,1.3,20.0,dapi,0
SCRAMBLE_KD,30min,10x-1,1207,564.1,278.7,98,3.85,5.01,1790.02,820.02,922.39,0.889,1.3,20.0,dapi,0
SCRAMBLE_KD,30min,10x-1,1208,562.5,434.7,53,17.27,22.44,1790.34,820.34,1054.25,0.7781,1.3,20.0,dapi,0
SCRAMBLE_KD,30min,10x-1,1209,565.2,443.1,115,15.73,20.45,1887.91,917.91,1095.25,0.8381,1.3,20.0,dapi,0
SCRAMBLE_KD,30min,10x-1,1210,564.1,297.6,75,3.72,4.84,1810.47,840.47,949.24,0.8854,1.3,20.0,dapi,0
SCRAMBLE_KD,30min,10x-1,1211,564.1,670.0,72,13.46,17.5,1702.94,732.94,1058.33,0.6925,1.3,20.0,dapi,0
SCRAMBLE_KD,30min,10x-1,1212,564.0,728.2,52,29.79,38.73,1161.31,191.31,1075.0,0.178,1.3,20.0,dapi,0
SCRAMBLE_KD,30min,10x-1,1213,565.5,230.0,47,3.85,5.01,1890.7,920.7,1112.83,0.8274,1.3,20.0,dapi,0
SCRAMBLE_KD,30min,10x-1,1214,566.0,659.8,107,6.98,9.07,1944.52,974.52,1083.36,0.8995,1.3,20.0,dapi,0
SCRAMBLE_KD,30min,10x-1,1215,565.5,642.1,66,4.03,5.24,1596.35,626.35,917.77,0.6825,1.3,20.0,dapi,0
SCRAMBLE_KD,30min,10x-1,1216,566.8,738.7,91,32.29,41.98,1155.97,185.97,1071.55,0.1735,1.3,20.0,dapi,0
SCRAMBLE_KD,30min,10x-1,1217,567.5,114.0,60,6.25,8.12,2077.47,1107.47,1220.4,0.9075,1.3,20.0,dapi,0
SCRAMBLE_KD,30min,10x-1,1218,567.5,239.8,113,12.27,15.96,1805.4,835.4,1070.1,0.7807,1.3,20.0,dapi,0
SCRAMBLE_KD,30min,10x-1,1219,565.8,691.6,45,13.25,17.23,1779.89,809.89,1088.64,0.7439,1.3,20.0,dapi,0
SCRAMBLE_KD,30min,10x-1,1220,567.6,754.6,73,29.21,37.98,1302.73,332.73,1089.03,0.3055,1.3,20.0,dapi,0
SCRAMBLE_KD,30min,10x-1,1221,573.7,304.5,199,12.63,16.42,1722.68,752.68,1039.24,0.7243,1.3,20.0,dapi,0
SCRAMBLE_KD,30min,10x-1,1222,570.7,353.2,90,15.68,20.38,1804.19,834.19,1195.78,0.6976,1.3,20.0,dapi,0
SCRAMBLE_KD,30min,10x-1,1223,570.0,92.8,94,16.57,21.54,1309.36,339.36,1186.86,0.2859,1.3,20.0,dapi,0
SCRAMBLE_KD,30min,10x-1,1224,570.1,39.2,86,5.83,7.58,2068.51,1098.51,1139.81,0.9638,1.3,20.0,dapi,0
SCRAMBLE_KD,30min,10x-1,1225,571.7,269.9,137,11.69,15.2,1780.6,810.6,1022.26,0.7929,1.3,20.0,dapi,0
SCRAMBLE_KD,30min,10x-1,1226,569.1,388.3,60,22.89,29.76,1680.15,710.15,946.2,0.7505,1.3,20.0,dapi,0
SCRAMBLE_KD,30min,10x-1,1227,572.8,122.3,97,5.64,7.33,2025.44,1055.44,1069.31,0.987,1.3,20.0,dapi,0
SCRAMBLE_KD,30min,10x-1,1228,571.5,365.3,91,18.67,24.28,1455.43,485.43,1163.4,0.4173,1.3,20.0,dapi,0
SCRAMBLE_KD,30min,10x-1,1229,572.3,421.2,103,32.42,42.14,1260.94,290.94,1140.28,0.2551,1.3,20.0,dapi,0
SCRAMBLE_KD,30min,10x-1,1230,572.6,681.9,92,5.83,7.58,1614.08,644.08,1009.86,0.6378,1.3,20.0,dapi,0
SCRAMBLE_KD,30min,10x-1,1231,571.8,695.6,94,8.78,11.42,1788.23,818.23,1114.93,0.7339,1.3,20.0,dapi,0
SCRAMBLE_KD,30min,10x-1,1232,573.7,63.6,86,29.74,38.66,1462.12,492.12,1131.78,0.4348,1.3,20.0,dapi,0
SCRAMBLE_KD,30min,10x-1,1233,574.7,342.9,97,19.62,25.5,1866.36,896.36,1166.93,0.7681,1.3,20.0,dapi,0
SCRAMBLE_KD,30min,10x-1,1234,573.3,377.3,59,21.98,28.57,1259.61,289.61,1011.76,0.2862,1.3,20.0,dapi,0
SCRAMBLE_KD,30min,10x-1,1235,574.4,394.9,99,31.02,40.32,1298.79,328.79,1204.66,0.2729,1.3,20.0,dapi,0
SCRAMBLE_KD,30min,10x-1,1236,575.0,464.3,112,7.46,9.7,1912.26,942.26,1037.59,0.9081,1.3,20.0,dapi,0
SCRAMBLE_KD,30min,10x-1,1237,572.3,708.9,60,14.7,19.11,1474.33,504.33,930.55,0.542,1.3,20.0,dapi,0
SCRAMBLE_KD,30min,10x-1,1238,575.7,280.9,97,14.7,19.11,1707.9,737.9,995.07,0.7416,1.3,20.0,dapi,0
SCRAMBLE_KD,30min,10x-1,1239,575.3,409.4,67,38.37,49.89,1178.06,208.06,1190.9,0.1747,1.3,20.0,dapi,0
SCRAMBLE_KD,30min,10x-1,1240,574.7,726.7,83,19.84,25.8,1178.18,208.18,907.76,0.2293,1.3,20.0,dapi,0
SCRAMBLE_KD,30min,10x-1,1241,576.5,72.6,77,32.12,41.76,1225.65,255.65,1251.17,0.2043,1.3,20.0,dapi,0
SCRAMBLE_KD,30min,10x-1,1242,576.3,104.6,92,17.72,23.04,1733.01,763.01,1204.28,0.6336,1.3,20.0,dapi,0
SCRAMBLE_KD,30min,10x-1,1243,574.2,669.1,50,3.72,4.84,1680.84,710.84,964.36,0.7371,1.3,20.0,dapi,0
SCRAMBLE_KD,30min,10x-1,1244,577.5,52.8,131,21.02,27.32,1804.07,834.07,1099.7,0.7584,1.3,20.0,dapi,0
SCRAMBLE_KD,30min,10x-1,1245,576.2,235.9,72,9.93,12.91,1804.74,834.74,972.99,0.8579,1.3,20.0,dapi,0
SCRAMBLE_KD,30min,10x-1,1246,578.0,256.5,82,21.29,27.68,1557.84,587.84,1016.93,0.5781,1.3,20.0,dapi,0
SCRAMBLE_KD,30min,10x-1,1247,577.8,489.9,95,6.82,8.86,1881.13,911.13,1166.66,0.781,1.3,20.0,dapi,0
SCRAMBLE_KD,30min,10x-1,1248,578.0,291.4,99,15.68,20.38,1758.83,788.83,1178.0,0.6696,1.3,20.0,dapi,0
SCRAMBLE_KD,30min,10x-1,1249,580.1,331.7,109,24.73,32.15,1785.72,815.72,1130.23,0.7217,1.3,20.0,dapi,0
SCRAMBLE_KD,30min,10x-1,1250,578.1,436.4,102,28.44,36.98,1217.49,247.49,1154.04,0.2145,1.3,20.0,dapi,0
SCRAMBLE_KD,30min,10x-1,1251,580.5,477.7,94,9.13,11.87,1930.19,960.19,1357.55,0.7073,1.3,20.0,dapi,0
SCRAMBLE_KD,30min,10x-1,1252,577.3,745.7,64,24.54,31.9,1392.05,422.05,990.2,0.4262,1.3,20.0,dapi,0
SCRAMBLE_KD,30min,10x-1,1253,579.2,768.0,68,13.48,17.52,2028.4,1058.4,1036.93,1.0207,1.3,20.0,dapi,0
SCRAMBLE_KD,30min,10x-1,1254,578.0,775.9,67,6.16,8.0,1640.9,670.9,1021.48,0.6568,1.3,20.0,dapi,0
SCRAMBLE_KD,30min,10x-1,1255,579.7,88.7,85,27.34,35.54,1201.2,231.2,1180.33,0.1959,1.3,20.0,dapi,0
SCRAMBLE_KD,30min,10x-1,1256,579.8,80.1,55,31.26,40.64,1209.18,239.18,1199.33,0.1994,1.3,20.0,dapi,0
SCRAMBLE_KD,30min,10x-1,1257,580.2,229.0,73,4.31,5.61,1654.45,684.45,931.49,0.7348,1.3,20.0,dapi,0
SCRAMBLE_KD,30min,10x-1,1258,578.4,735.7,47,20.96,27.25,1391.83,421.83,1011.4,0.4171,1.3,20.0,dapi,0
SCRAMBLE_KD,30min,10x-1,1259,581.7,249.2,93,23.91,31.08,1445.6,475.6,987.04,0.4818,1.3,20.0,dapi,0
SCRAMBLE_KD,30min,10x-1,1260,582.2,455.8,103,17.37,22.58,1793.18,823.18,1127.01,0.7304,1.3,20.0,dapi,0
SCRAMBLE_KD,30min,10x-1,1261,579.6,498.9,77,6.2,8.06,1988.79,1018.79,1190.77,0.8556,1.3,20.0,dapi,0
SCRAMBLE_KD,30min,10x-1,1262,581.2,757.5,91,21.62,28.1,1505.93,535.93,1078.35,0.497,1.3,20.0,dapi,0
SCRAMBLE_KD,30min,10x-1,1263,582.7,322.1,91,24.93,32.4,1236.91,266.91,1063.31,0.251,1.3,20.0,dapi,0
SCRAMBLE_KD,30min,10x-1,1264,582.5,355.3,104,27.8,36.14,1249.94,279.94,1128.17,0.2481,1.3,20.0,dapi,0
SCRAMBLE_KD,30min,10x-1,1265,581.6,384.3,69,32.72,42.54,1240.16,270.16,1038.03,0.2603,1.3,20.0,dapi,0
SCRAMBLE_KD,30min,10x-1,1266,583.1,399.2,94,40.65,52.85,1141.21,171.21,1225.14,0.1397,1.3,20.0,dapi,0
SCRAMBLE_KD,30min,10x-1,1267,581.7,701.6,65,3.59,4.67,1634.46,664.46,877.92,0.7569,1.3,20.0,dapi,0
SCRAMBLE_KD,30min,10x-1,1268,582.1,266.8,64,21.95,28.54,1318.08,348.08,1037.86,0.3354,1.3,20.0,dapi,0
SCRAMBLE_KD,30min,10x-1,1269,583.7,34.9,95,6.46,8.39,2424.71,1454.71,1122.53,1.2959,1.3,20.0,dapi,0
SCRAMBLE_KD,30min,10x-1,1270,583.9,99.6,75,27.1,35.23,1302.99,332.99,1356.85,0.2454,1.3,20.0,dapi,0
SCRAMBLE_KD,30min,10x-1,1271,585.1,311.2,107,23.93,31.11,1695.36,725.36,1137.67,0.6376,1.3,20.0,dapi,0
SCRAMBLE_KD,30min,10x-1,1272,583.7,367.8,96,30.89,40.15,1365.34,395.34,1138.75,0.3472,1.3,20.0,dapi,0
SCRAMBLE_KD,30min,10x-1,1273,584.4,415.7,88,45.08,58.6,1131.08,161.08,1188.52,0.1355,1.3,20.0,dapi,0
SCRAMBLE_KD,30min,10x-1,1274,584.1,446.6,88,24.31,31.61,1549.43,579.43,1199.86,0.4829,1.3,20.0,dapi,0
SCRAMBLE_KD,30min,10x-1,1275,585.2,275.4,80,24.62,32.0,1412.25,442.25,1055.0,0.4192,1.3,20.0,dapi,0
SCRAMBLE_KD,30min,10x-1,1276,585.0,427.6,102,39.02,50.73,1145.07,175.07,1123.77,0.1558,1.3,20.0,dapi,0
SCRAMBLE_KD,30min,10x-1,1277,584.8,507.9,97,6.55,8.51,2043.2,1073.2,1153.75,0.9302,1.3,20.0,dapi,0
SCRAMBLE_KD,30min,10x-1,1278,585.8,714.1,85,3.85,5.01,1746.32,776.32,874.13,0.8881,1.3,20.0,dapi,0
SCRAMBLE_KD,30min,10x-1,1279,586.0,67.4,49,36.47,47.41,1592.45,622.45,1049.31,0.5932,1.3,20.0,dapi,0
SCRAMBLE_KD,30min,10x-1,1280,588.4,53.8,90,24.67,32.06,1725.38,755.38,1245.73,0.6064,1.3,20.0,dapi,0
SCRAMBLE_KD,30min,10x-1,1281,588.3,376.6,68,36.54,47.5,1170.6,200.6,977.28,0.2053,1.3,20.0,dapi,0
SCRAMBLE_KD,30min,10x-1,1282,587.7,469.4,61,18.82,24.47,1746.59,776.59,955.77,0.8125,1.3,20.0,dapi,0
SCRAMBLE_KD,30min,10x-1,1283,587.1,728.7,69,11.62,15.1,1634.39,664.39,878.16,0.7566,1.3,20.0,dapi,0
SCRAMBLE_KD,30min,10x-1,1284,588.0,746.3,106,14.63,19.02,1706.9,736.9,1015.5,0.7256,1.3,20.0,dapi,0
SCRAMBLE_KD,30min,10x-1,1285,591.4,241.5,186,20.13,26.16,1860.08,890.08,1026.56,0.867,1.3,20.0,dapi,0
SCRAMBLE_KD,30min,10x-1,1286,589.6,74.5,44,38.43,49.96,1210.45,240.45,1125.27,0.2137,1.3,20.0,dapi,0
SCRAMBLE_KD,30min,10x-1,1287,590.3,121.6,87,14.31,18.61,2197.4,1227.4,1276.85,0.9613,1.3,20.0,dapi,0
SCRAMBLE_KD,30min,10x-1,1288,594.2,136.2,125,10.25,13.32,2167.71,1197.71,1209.94,0.9899,1.3,20.0,dapi,0
SCRAMBLE_KD,30min,10x-1,1289,589.6,296.8,108,28.35,36.86,1163.31,193.31,1125.24,0.1718,1.3,20.0,dapi,0
SCRAMBLE_KD,30min,10x-1,1290,591.9,344.3,118,36.62,47.6,1179.13,209.13,1061.65,0.197,1.3,20.0,dapi,0
SCRAMBLE_KD,30min,10x-1,1291,589.7,109.6,62,23.73,30.85,1856.92,886.92,1114.48,0.7958,1.3,20.0,dapi,0
SCRAMBLE_KD,30min,10x-1,1292,590.7,387.1,74,42.2,54.86,1153.97,183.97,1009.88,0.1822,1.3,20.0,dapi,0
SCRAMBLE_KD,30min,10x-1,1293,591.8,129.2,59,11.54,15.0,2554.9,1584.9,1384.81,1.1445,1.3,20.0,dapi,0
SCRAMBLE_KD,30min,10x-1,1294,592.9,145.4,108,6.55,8.51,1834.98,864.98,1095.59,0.7895,1.3,20.0,dapi,0
SCRAMBLE_KD,30min,10x-1,1295,590.0,488.3,69,18.63,24.22,1755.9,785.9,1189.1,0.6609,1.3,20.0,dapi,0
SCRAMBLE_KD,30min,10x-1,1296,592.3,42.6,95,13.68,17.79,2338.35,1368.35,1266.6,1.0803,1.3,20.0,dapi,0
SCRAMBLE_KD,30min,10x-1,1297,591.3,218.0,95,4.86,6.32,1726.11,756.11,968.04,0.7811,1.3,20.0,dapi,0
SCRAMBLE_KD,30min,10x-1,1298,592.3,522.7,82,2.97,3.86,1707.74,737.74,883.39,0.8351,1.3,20.0,dapi,0
SCRAMBLE_KD,30min,10x-1,1299,592.1,279.8,59,30.51,39.66,1184.51,214.51,1047.47,0.2048,1.3,20.0,dapi,0
SCRAMBLE_KD,30min,10x-1,1300,593.5,319.7,70,34.62,45.0,1159.71,189.71,1243.53,0.1526,1.3,20.0,dapi,0
SCRAMBLE_KD,30min,10x-1,1301,593.8,437.8,86,37.77,49.1,1209.53,239.53,1217.34,0.1968,1.3,20.0,dapi,0
SCRAMBLE_KD,30min,10x-1,1302,592.6,59.9,33,26.63,34.62,1282.79,312.79,1225.18,0.2553,1.3,20.0,dapi,0
SCRAMBLE_KD,30min,10x-1,1303,593.8,201.5,105,5.99,7.79,1730.81,760.81,1091.14,0.6973,1.3,20.0,dapi,0
SCRAMBLE_KD,30min,10x-1,1304,593.3,505.0,100,13.68,17.79,1901.97,931.97,1104.78,0.8436,1.3,20.0,dapi,0
SCRAMBLE_KD,30min,10x-1,1305,594.1,725.7,85,4.54,5.9,1688.61,718.61,959.33,0.7491,1.3,20.0,dapi,0
SCRAMBLE_KD,30min,10x-1,1306,596.6,328.6,87,40.56,52.73,1129.4,159.4,1240.74,0.1285,1.3,20.0,dapi,0
SCRAMBLE_KD,30min,10x-1,1307,596.2,399.2,98,51.73,67.26,1151.48,181.48,1139.65,0.1592,1.3,20.0,dapi,0
SCRAMBLE_KD,30min,10x-1,1308,599.7,255.9,127,37.62,48.9,1219.73,249.73,1071.97,0.233,1.3,20.0,dapi,0
SCRAMBLE_KD,30min,10x-1,1309,598.4,267.3,90,37.85,49.21,1148.99,178.99,1084.39,0.1651,1.3,20.0,dapi,0
SCRAMBLE_KD,30min,10x-1,1310,596.7,357.3,95,41.93,54.51,1168.83,198.83,1156.49,0.1719,1.3,20.0,dapi,0
SCRAMBLE_KD,30min,10x-1,1311,598.7,745.5,106,5.13,6.67,1581.38,611.38,1025.67,0.5961,1.3,20.0,dapi,0
SCRAMBLE_KD,30min,10x-1,1312,598.2,113.9,66,25.63,33.32,1236.02,266.02,1159.48,0.2294,1.3,20.0,dapi,0
SCRAMBLE_KD,30min,10x-1,1313,599.2,168.6,87,5.99,7.79,1753.07,783.07,1131.76,0.6919,1.3,20.0,dapi,0
SCRAMBLE_KD,30min,10x-1,1314,600.0,179.8,93,7.64,9.93,1930.82,960.82,1177.17,0.8162,1.3,20.0,dapi,0
SCRAMBLE_KD,30min,10x-1,1315,599.6,293.5,96,37.77,49.1,1144.73,174.73,1168.56,0.1495,1.3,20.0,dapi,0
SCRAMBLE_KD,30min,10x-1,1316,599.3,338.1,76,43.62,56.7,1137.39,167.39,1047.53,0.1598,1.3,20.0,dapi,0
SCRAMBLE_KD,30min,10x-1,1317,599.5,476.1,105,29.17,37.92,1224.47,254.47,1148.93,0.2215,1.3,20.0,dapi,0
SCRAMBLE_KD,30min,10x-1,1318,599.2,35.0,85,6.82,8.86,2216.68,1246.68,1244.59,1.0017,1.3,20.0,dapi,0
SCRAMBLE_KD,30min,10x-1,1319,600.0,66.2,76,25.85,33.6,1440.12,470.12,1208.67,0.389,1.3,20.0,dapi,0
SCRAMBLE_KD,30min,10x-1,1320,599.9,234.1,94,20.85,27.11,2037.61,1067.61,1277.16,0.8359,1.3,20.0,dapi,0
SCRAMBLE_KD,30min,10x-1,1321,600.8,372.7,117,48.4,62.93,1153.32,183.32,1128.81,0.1624,1.3,20.0,dapi,0
SCRAMBLE_KD,30min,10x-1,1322,600.3,463.2,100,31.69,41.2,1346.32,376.32,1152.55,0.3265,1.3,20.0,dapi,0
SCRAMBLE_KD,30min,10x-1,1323,599.6,486.5,71,28.62,37.2,1274.03,304.03,1099.24,0.2766,1.3,20.0,dapi,0
SCRAMBLE_KD,30min,10x-1,1324,602.3,189.6,101,9.93,12.91,1995.14,1025.14,1137.92,0.9009,1.3,20.0,dapi,0
SCRAMBLE_KD,30min,10x-1,1325,599.9,311.1,74,38.85,50.5,1219.15,249.15,1159.65,0.2148,1.3,20.0,dapi,0
SCRAMBLE_KD,30min,10x-1,1326,600.0,417.2,51,56.96,74.05,1154.94,184.94,1019.98,0.1813,1.3,20.0,dapi,0
SCRAMBLE_KD,30min,10x-1,1327,601.0,208.3,58,12.62,16.4,1992.33,1022.33,1022.36,1.0,1.3,20.0,dapi,0
SCRAMBLE_KD,30min,10x-1,1328,601.3,448.4,80,37.85,49.21,1282.58,312.58,900.04,0.3473,1.3,20.0,dapi,0
SCRAMBLE_KD,30min,10x-1,1329,601.3,498.6,75,23.51,30.57,1334.31,364.31,1133.31,0.3215,1.3,20.0,dapi,0
SCRAMBLE_KD,30min,10x-1,1330,603.7,536.5,152,5.83,7.58,1696.38,726.38,923.26,0.7868,1.3,20.0,dapi,0
SCRAMBLE_KD,30min,10x-1,1331,600.2,53.3,30,16.82,21.86,2295.57,1325.57,1159.83,1.1429,1.3,20.0,dapi,0
SCRAMBLE_KD,30min,10x-1,1332,604.5,140.6,69,18.22,23.68,2043.86,1073.86,1030.2,1.0424,1.3,20.0,dapi,0
SCRAMBLE_KD,30min,10x-1,1333,602.5,283.3,98,40.94,53.22,1145.32,175.32,1197.6,0.1464,1.3,20.0,dapi,0
SCRAMBLE_KD,30min,10x-1,1334,602.8,429.7,99,49.81,64.75,1146.4,176.4,1131.13,0.156,1.3,20.0,dapi,0
SCRAMBLE_KD,30min,10x-1,1335,603.5,225.6,103,19.96,25.94,1971.69,1001.69,1180.61,0.8484,1.3,20.0,dapi,0
SCRAMBLE_KD,30min,10x-1,1336,604.0,512.8,114,17.72,23.04,1994.06,1024.06,1135.99,0.9015,1.3,20.0,dapi,0
SCRAMBLE_KD,30min,10x-1,1337,602.5,77.9,29,34.74,45.16,1193.07,223.07,1220.17,0.1828,1.3,20.0,dapi,0
SCRAMBLE_KD,30min,10x-1,1338,605.8,384.4,98,55.68,72.38,1415.98,445.98,1149.97,0.3878,1.3,20.0,dapi,0
SCRAMBLE_KD,30min,10x-1,1339,606.6,162.8,86,13.62,17.7,2031.01,1061.01,1236.76,0.8579,1.3,20.0,dapi,0
SCRAMBLE_KD,30min,10x-1,1340,607.2,348.5,68,51.62,67.1,1136.44,166.44,959.26,0.1735,1.3,20.0,dapi,0
SCRAMBLE_KD,30min,10x-1,1341,605.6,404.0,58,62.91,81.78,1156.07,186.07,1023.31,0.1818,1.3,20.0,dapi,0
SCRAMBLE_KD,30min,10x-1,1342,606.9,105.0,68,38.36,49.86,1373.12,403.12,1273.72,0.3165,1.3,20.0,dapi,0
SCRAMBLE_KD,30min,10x-1,1343,607.8,522.5,93,14.85,19.3,1950.85,980.85,1154.82,0.8494,1.3,20.0,dapi,0
SCRAMBLE_KD,30min,10x-1,1344,607.2,40.1,47,4.31,5.61,1957.6,987.6,1046.7,0.9435,1.3,20.0,dapi,0
SCRAMBLE_KD,30min,10x-1,1345,609.1,301.6,78,47.74,62.06,1138.44,168.44,962.35,0.175,1.3,20.0,dapi,0
SCRAMBLE_KD,30min,10x-1,1346,609.0,316.6,103,48.57,63.14,1169.94,199.94,1158.2,0.1726,1.3,20.0,dapi,0
SCRAMBLE_KD,30min,10x-1,1347,608.8,335.0,109,53.62,69.7,1150.5,180.5,1135.9,0.1589,1.3,20.0,dapi,0
SCRAMBLE_KD,30min,10x-1,1348,607.8,469.7,63,38.22,49.68,1143.41,173.41,1234.6,0.1405,1.3,20.0,dapi,0
SCRAMBLE_KD,30min,10x-1,1349,610.0,115.5,56,33.71,43.82,1216.29,246.29,1167.77,0.2109,1.3,20.0,dapi,0
SCRAMBLE_KD,30min,10x-1,1350,608.7,149.1,67,17.86,23.21,1810.63,840.63,1445.69,0.5815,1.3,20.0,dapi,0
SCRAMBLE_KD,30min,10x-1,1351,609.1,73.5,58,27.16,35.31,1274.78,304.78,1207.84,0.2523,1.3,20.0,dapi,0
SCRAMBLE_KD,30min,10x-1,1352,612.3,201.4,114,22.69,29.5,1525.96,555.96,1083.81,0.513,1.3,20.0,dapi,0
SCRAMBLE_KD,30min,10x-1,1353,611.1,215.4,98,23.25,30.23,1731.47,761.47,1171.83,0.6498,1.3,20.0,dapi,0
SCRAMBLE_KD,30min,10x-1,1354,610.4,370.6,97,57.06,74.18,1146.2,176.2,1104.7,0.1595,1.3,20.0,dapi,0
SCRAMBLE_KD,30min,10x-1,1355,610.2,495.4,87,32.78,42.62,1171.05,201.05,1187.44,0.1693,1.3,20.0,dapi,0
SCRAMBLE_KD,30min,10x-1,1356,611.8,244.0,74,36.47,47.41,1420.42,450.42,1238.2,0.3638,1.3,20.0,dapi,0
SCRAMBLE_KD,30min,10x-1,1357,611.3,259.7,82,47.24,61.41,1133.18,163.18,1123.5,0.1452,1.3,20.0,dapi,0
SCRAMBLE_KD,30min,10x-1,1358,611.3,399.4,66,65.24,84.81,1145.77,175.77,1021.91,0.172,1.3,20.0,dapi,0
SCRAMBLE_KD,30min,10x-1,1359,614.3,134.6,86,29.02,37.73,1747.83,777.83,955.15,0.8143,1.3,20.0,dapi,0
SCRAMBLE_KD,30min,10x-1,1360,613.0,274.7,88,52.08,67.71,1145.98,175.98,1194.81,0.1473,1.3,20.0,dapi,0
SCRAMBLE_KD,30min,10x-1,1361,613.5,442.2,69,51.26,66.64,1136.78,166.78,1443.87,0.1155,1.3,20.0,dapi,0
SCRAMBLE_KD,30min,10x-1,1362,614.7,356.3,83,59.78,77.72,1256.25,286.25,927.8,0.3085,1.3,20.0,dapi,0
SCRAMBLE_KD,30min,10x-1,1363,614.1,419.9,77,64.67,84.07,1124.38,154.38,1306.52,0.1182,1.3,20.0,dapi,0
SCRAMBLE_KD,30min,10x-1,1364,613.8,459.2,80,46.23,60.1,1204.2,234.2,996.08,0.2351,1.3,20.0,dapi,0
SCRAMBLE_KD,30min,10x-1,1365,613.5,98.4,43,47.55,61.82,1210.35,240.35,1058.91,0.227,1.3,20.0,dapi,0
SCRAMBLE_KD,30min,10x-1,1366,615.1,393.4,62,66.83,86.88,1179.44,209.44,992.87,0.2109,1.3,20.0,dapi,0
SCRAMBLE_KD,30min,10x-1,1367,615.5,485.3,95,44.01,57.22,1142.18,172.18,1168.79,0.1473,1.3,20.0,dapi,0
SCRAMBLE_KD,30min,10x-1,1368,613.5,509.7,50,27.75,36.08,1616.94,646.94,1151.84,0.5617,1.3,20.0,dapi,0
SCRAMBLE_KD,30min,10x-1,1369,616.7,125.7,106,35.31,45.9,1585.36,615.36,1162.29,0.5294,1.3,20.0,dapi,0
SCRAMBLE_KD,30min,10x-1,1370,616.2,328.9,81,58.3,75.79,1205.69,235.69,1260.89,0.1869,1.3,20.0,dapi,0
SCRAMBLE_KD,30min,10x-1,1371,615.3,532.0,87,13.25,17.23,1774.74,804.74,1056.53,0.7617,1.3,20.0,dapi,0
SCRAMBLE_KD,30min,10x-1,1372,616.9,306.9,100,55.62,72.31,1159.98,189.98,1176.62,0.1615,1.3,20.0,dapi,0
SCRAMBLE_KD,30min,10x-1,1373,617.4,543.2,88,5.13,6.67,1810.73,840.73,944.19,0.8904,1.3,20.0,dapi,0
SCRAMBLE_KD,30min,10x-1,1374,616.9,89.4,75,38.82,50.46,1179.88,209.88,1117.59,0.1878,1.3,20.0,dapi,0
SCRAMBLE_KD,30min,10x-1,1375,617.6,159.5,77,24.63,32.02,1970.1,1000.1,1194.23,0.8374,1.3,20.0,dapi,0
SCRAMBLE_KD,30min,10x-1,1376,617.8,183.8,81,25.62,33.3,1677.57,707.57,1265.56,0.5591,1.3,20.0,dapi,0
SCRAMBLE_KD,30min,10x-1,1377,620.5,192.9,120,28.18,36.64,1391.27,421.27,1081.92,0.3894,1.3,20.0,dapi,0
SCRAMBLE_KD,30min,10x-1,1378,616.6,518.8,75,24.58,31.95,1527.55,557.55,1191.59,0.4679,1.3,20.0,dapi,0
SCRAMBLE_KD,30min,10x-1,1379,618.9,232.0,60,36.09,46.92,1245.72,275.72,1161.65,0.2373,1.3,20.0,dapi,0
SCRAMBLE_KD,30min,10x-1,1380,620.6,382.4,127,69.76,90.69,1192.13,222.13,996.41,0.2229,1.3,20.0,dapi,0
SCRAMBLE_KD,30min,10x-1,1381,617.9,502.6,75,34.74,45.16,1181.09,211.09,1067.47,0.1978,1.3,20.0,dapi,0
SCRAMBLE_KD,30min,10x-1,1382,618.0,73.5,18,25.14,32.68,1982.0,1012.0,1156.83,0.8748,1.3,20.0,dapi,0
SCRAMBLE_KD,30min,10x-1,1383,627.2,281.2,215,65.01,84.52,1257.38,287.38,1134.69,0.2533,1.3,20.0,dapi,0
SCRAMBLE_KD,30min,10x-1,1384,622.8,293.0,123,60.72,78.94,1164.04,194.04,1048.72,0.185,1.3,20.0,dapi,0
SCRAMBLE_KD,30min,10x-1,1385,620.7,403.7,76,76.4,99.32,1148.04,178.04,921.66,0.1932,1.3,20.0,dapi,0
SCRAMBLE_KD,30min,10x-1,1386,620.4,464.2,75,51.11,66.44,1509.83,539.83,1324.39,0.4076,1.3,20.0,dapi,0
SCRAMBLE_KD,30min,10x-1,1387,621.3,215.1,74,33.12,43.06,1320.81,350.81,1223.3,0.2868,1.3,20.0,dapi,0
SCRAMBLE_KD,30min,10x-1,1388,622.2,430.6,106,64.54,83.9,1211.2,241.2,1060.69,0.2274,1.3,20.0,dapi,0
SCRAMBLE_KD,30min,10x-1,1389,620.9,117.5,51,42.75,55.58,1375.33,405.33,1165.9,0.3477,1.3,20.0,dapi,0
SCRAMBLE_KD,30min,10x-1,1390,622.1,268.2,44,60.44,78.57,1134.95,164.95,1422.73,0.1159,1.3,20.0,dapi,0
SCRAMBLE_KD,30min,10x-1,1391,623.6,445.8,130,59.64,77.53,1155.46,185.46,1159.6,0.1599,1.3,20.0,dapi,0
SCRAMBLE_KD,30min,10x-1,1392,623.1,101.0,51,43.65,56.74,1209.82,239.82,1157.49,0.2072,1.3,20.0,dapi,0
SCRAMBLE_KD,30min,10x-1,1393,624.8,144.7,87,34.26,44.54,1274.64,304.64,1053.59,0.2891,1.3,20.0,dapi,0
SCRAMBLE_KD,30min,10x-1,1394,623.4,81.7,50,29.79,38.73,1434.18,464.18,1091.72,0.4252,1.3,20.0,dapi,0
SCRAMBLE_KD,30min,10x-1,1395,624.8,169.3,75,31.79,41.32,1262.49,292.49,1029.76,0.284,1.3,20.0,dapi,0
SCRAMBLE_KD,30min,10x-1,1396,624.5,224.8,63,39.32,51.12,1641.54,671.54,994.59,0.6752,1.3,20.0,dapi,0
SCRAMBLE_KD,30min,10x-1,1397,626.3,322.3,100,66.2,86.06,1141.26,171.26,1131.92,0.1513,1.3,20.0,dapi,0
SCRAMBLE_KD,30min,10x-1,1398,624.2,414.7,79,75.52,98.18,1108.43,138.43,1120.51,0.1235,1.3,20.0,dapi,0
SCRAMBLE_KD,30min,10x-1,1399,626.1,177.6,73,33.71,43.82,1223.59,253.59,1182.93,0.2144,1.3,20.0,dapi,0
SCRAMBLE_KD,30min,10x-1,1400,624.8,489.9,60,47.62,61.91,1536.67,566.67,1134.23,0.4996,1.3,20.0,dapi,0
SCRAMBLE_KD,30min,10x-1,1401,625.1,205.1,59,36.24,47.11,1397.27,427.27,1203.03,0.3552,1.3,20.0,dapi,0
SCRAMBLE_KD,30min,10x-1,1402,626.0,510.9,81,36.48,47.42,1224.21,254.21,1333.57,0.1906,1.3,20.0,dapi,0
SCRAMBLE_KD,30min,10x-1,1403,625.6,525.1,37,24.84,32.29,1283.08,313.08,1261.14,0.2483,1.3,20.0,dapi,0
SCRAMBLE_KD,30min,10x-1,1404,626.8,543.7,71,10.79,14.02,1800.93,830.93,1084.49,0.7662,1.3,20.0,dapi,0
SCRAMBLE_KD,30min,10x-1,1405,627.1,127.1,78,44.26,57.53,1244.62,274.62,1196.83,0.2295,1.3,20.0,dapi,0
SCRAMBLE_KD,30min,10x-1,1406,625.9,254.5,32,53.64,69.74,1142.03,172.03,1353.66,0.1271,1.3,20.0,dapi,0
SCRAMBLE_KD,30min,10x-1,1407,625.9,530.7,35,20.08,26.11,1252.54,282.54,1325.11,0.2132,1.3,20.0,dapi,0
SCRAMBLE_KD,30min,10x-1,1408,628.8,58.2,100,6.55,8.51,1817.79,847.79,1083.17,0.7827,1.3,20.0,dapi,0
SCRAMBLE_KD,30min,10x-1,1409,626.9,93.0,41,34.94,45.43,1220.05,250.05,1107.61,0.2258,1.3,20.0,dapi,0
SCRAMBLE_KD,30min,10x-1,1410,627.9,115.7,58,49.46,64.3,1225.97,255.97,1147.16,0.2231,1.3,20.0,dapi,0
SCRAMBLE_KD,30min,10x-1,1411,628.3,309.6,80,66.71,86.73,1163.64,193.64,1130.5,0.1713,1.3,20.0,dapi,0
SCRAMBLE_KD,30min,10x-1,1412,628.4,336.0,53,71.93,93.51,1112.89,142.89,1491.91,0.0958,1.3,20.0,dapi,0
SCRAMBLE_KD,30min,10x-1,1413,631.8,371.1,154,78.76,102.39,1704.99,734.99,915.95,0.8024,1.3,20.0,dapi,0
SCRAMBLE_KD,30min,10x-1,1414,629.4,471.0,107,58.6,76.17,1166.44,196.44,1126.91,0.1743,1.3,20.0,dapi,0
SCRAMBLE_KD,30min,10x-1,1415,628.3,554.0,104,6.09,7.91,1741.61,771.61,1033.83,0.7464,1.3,20.0,dapi,0
SCRAMBLE_KD,30min,10x-1,1416,631.0,156.7,112,37.77,49.1,1181.85,211.85,1125.9,0.1882,1.3,20.0,dapi,0
SCRAMBLE_KD,30min,10x-1,1417,632.4,137.0,105,43.71,56.82,1255.66,285.66,1192.25,0.2396,1.3,20.0,dapi,0
SCRAMBLE_KD,30min,10x-1,1418,631.2,388.9,79,81.16,105.5,1243.2,273.2,951.13,0.2872,1.3,20.0,dapi,0
SCRAMBLE_KD,30min,10x-1,1419,631.8,456.9,98,64.24,83.51,1237.33,267.33,1129.04,0.2368,1.3,20.0,dapi,0
SCRAMBLE_KD,30min,10x-1,1420,632.3,506.3,68,44.16,57.4,1478.01,508.01,1114.09,0.456,1.3,20.0,dapi,0
SCRAMBLE_KD,30min,10x-1,1421,632.7,109.8,67,44.03,57.24,1236.76,266.76,1009.24,0.2643,1.3,20.0,dapi,0
SCRAMBLE_KD,30min,10x-1,1422,632.4,78.1,50,20.74,26.96,1732.46,762.46,1173.5,0.6497,1.3,20.0,dapi,0
SCRAMBLE_KD,30min,10x-1,1423,632.1,189.4,52,39.7,51.61,1291.5,321.5,1036.38,0.3102,1.3,20.0,dapi,0
SCRAMBLE_KD,30min,10x-1,1424,633.0,215.2,55,45.02,58.53,1327.47,357.47,1066.13,0.3353,1.3,20.0,dapi,0
SCRAMBLE_KD,30min,10x-1,1425,632.7,441.8,80,69.48,90.32,1132.24,162.24,1103.83,0.147,1.3,20.0,dapi,0
SCRAMBLE_KD,30min,10x-1,1426,633.0,493.0,71,52.71,68.52,1124.17,154.17,1227.92,0.1256,1.3,20.0,dapi,0
SCRAMBLE_KD,30min,10x-1,1427,635.9,301.0,111,74.42,96.75,1141.78,171.78,1085.5,0.1583,1.3,20.0,dapi,0
SCRAMBLE_KD,30min,10x-1,1428,637.2,238.8,112,55.39,72.01,1159.87,189.87,1225.08,0.155,1.3,20.0,dapi,0
SCRAMBLE_KD,30min,10x-1,1429,635.1,265.5,66,68.25,88.72,1167.38,197.38,1417.8,0.1392,1.3,20.0,dapi,0
SCRAMBLE_KD,30min,10x-1,1430,635.2,362.3,68,80.25,104.33,1861.49,891.49,972.78,0.9164,1.3,20.0,dapi,0
SCRAMBLE_KD,30min,10x-1,1431,635.9,412.9,104,86.22,112.09,1156.84,186.84,1071.57,0.1744,1.3,20.0,dapi,0
SCRAMBLE_KD,30min,10x-1,1432,634.9,521.4,103,33.44,43.47,1398.82,428.82,1123.7,0.3816,1.3,20.0,dapi,0
SCRAMBLE_KD,30min,10x-1,1433,636.8,90.9,65,27.34,35.54,1454.11,484.11,985.4,0.4913,1.3,20.0,dapi,0
SCRAMBLE_KD,30min,10x-1,1434,636.0,101.9,79,36.47,47.41,1301.99,331.99,1243.23,0.267,1.3,20.0,dapi,0
SCRAMBLE_KD,30min,10x-1,1435,636.9,204.4,96,47.26,61.43,1165.71,195.71,1203.79,0.1626,1.3,20.0,dapi,0
SCRAMBLE_KD,30min,10x-1,1436,635.2,224.8,56,48.9,63.57,1165.21,195.21,1061.8,0.1839,1.3,20.0,dapi,0
SCRAMBLE_KD,30min,10x-1,1437,636.6,427.9,104,79.03,102.74,1911.53,941.53,1099.29,0.8565,1.3,20.0,dapi,0
SCRAMBLE_KD,30min,10x-1,1438,635.3,476.5,55,63.49,82.54,1129.27,159.27,1096.05,0.1453,1.3,20.0,dapi,0
SCRAMBLE_KD,30min,10x-1,1439,636.1,557.6,108,8.66,11.25,1729.75,759.75,1037.61,0.7322,1.3,20.0,dapi,0
SCRAMBLE_KD,30min,10x-1,1440,636.6,145.7,52,45.49,59.14,1176.69,206.69,925.4,0.2234,1.3,20.0,dapi,0
SCRAMBLE_KD,30min,10x-1,1441,643.1,396.9,121,94.78,123.21,1591.76,621.76,997.79,0.6231,1.3,20.0,dapi,0
SCRAMBLE_KD,30min,10x-1,1442,639.4,167.7,58,45.69,59.4,1193.31,223.31,1048.28,0.213,1.3,20.0,dapi,0
SCRAMBLE_KD,30min,10x-1,1443,639.1,184.3,73,46.62,60.6,1169.42,199.42,1044.15,0.191,1.3,20.0,dapi,0
SCRAMBLE_KD,30min,10x-1,1444,640.7,314.6,90,80.04,104.05,1803.24,833.24,1212.98,0.6869,1.3,20.0,dapi,0
SCRAMBLE_KD,30min,10x-1,1445,639.7,347.7,79,84.62,110.0,1543.39,573.39,850.94,0.6738,1.3,20.0,dapi,0
SCRAMBLE_KD,30min,10x-1,1446,641.5,158.4,89,48.69,63.29,1163.57,193.57,1226.06,0.1579,1.3,20.0,dapi,0
SCRAMBLE_KD,30min,10x-1,1447,640.1,447.3,71,74.46,96.8,1148.73,178.73,1181.63,0.1513,1.3,20.0,dapi,0
SCRAMBLE_KD,30min,10x-1,1448,641.1,570.2,108,6.09,7.91,1875.14,905.14,1052.07,0.8603,1.3,20.0,dapi,0
SCRAMBLE_KD,30min,10x-1,1449,642.0,62.8,68,3.82,4.97,1738.82,768.82,910.34,0.8445,1.3,20.0,dapi,0
SCRAMBLE_KD,30min,10x-1,1450,642.2,82.2,114,17.07,22.18,1797.74,827.74,1087.88,0.7609,1.3,20.0,dapi,0
SCRAMBLE_KD,30min,10x-1,1451,641.0,490.7,72,60.54,78.71,1112.79,142.79,1070.15,0.1334,1.3,20.0,dapi,0
SCRAMBLE_KD,30min,10x-1,1452,642.1,527.0,97,33.41,43.43,1458.85,488.85,1099.28,0.4447,1.3,20.0,dapi,0
SCRAMBLE_KD,30min,10x-1,1453,643.3,592.0,115,5.01,6.51,1646.57,676.57,975.8,0.6934,1.3,20.0,dapi,0
SCRAMBLE_KD,30min,10x-1,1454,642.4,177.0,61,49.73,64.65,1196.26,226.26,1044.05,0.2167,1.3,20.0,dapi,0
SCRAMBLE_KD,30min,10x-1,1455,644.4,195.8,83,52.36,68.06,1181.27,211.27,1084.57,0.1948,1.3,20.0,dapi,0
SCRAMBLE_KD,30min,10x-1,1456,644.0,274.6,105,80.95,105.23,1232.5,262.5,1095.04,0.2397,1.3,20.0,dapi,0
SCRAMBLE_KD,30min,10x-1,1457,642.6,329.7,69,84.54,109.9,1138.0,168.0,934.39,0.1798,1.3,20.0,dapi,0
SCRAMBLE_KD,30min,10x-1,1458,641.6,504.8,60,50.42,65.54,1200.4,230.4,1166.73,0.1975,1.3,20.0,dapi,0
SCRAMBLE_KD,30min,10x-1,1459,644.1,114.7,62,39.77,51.7,1233.5,263.5,1101.52,0.2392,1.3,20.0,dapi,0
SCRAMBLE_KD,30min,10x-1,1460,644.0,362.3,72,89.2,115.95,1731.76,761.76,930.78,0.8184,1.3,20.0,dapi,0
SCRAMBLE_KD,30min,10x-1,1461,644.2,475.6,78,71.22,92.59,1131.05,161.05,1023.55,0.1573,1.3,20.0,dapi,0
SCRAMBLE_KD,30min,10x-1,1462,646.1,127.7,86,48.22,62.68,1165.14,195.14,1269.63,0.1537,1.3,20.0,dapi,0
SCRAMBLE_KD,30min,10x-1,1463,645.9,248.4,89,67.35,87.55,1148.45,178.45,1203.04,0.1483,1.3,20.0,dapi,0
SCRAMBLE_KD,30min,10x-1,1464,646.4,545.5,102,24.24,31.51,1408.4,438.4,1053.13,0.4163,1.3,20.0,dapi,0
SCRAMBLE_KD,30min,10x-1,1465,647.1,214.7,87,58.95,76.63,1168.53,198.53,1133.95,0.1751,1.3,20.0,dapi,0
SCRAMBLE_KD,30min,10x-1,1466,646.5,225.5,62,60.54,78.71,1178.05,208.05,1095.5,0.1899,1.3,20.0,dapi,0
SCRAMBLE_KD,30min,10x-1,1467,647.0,434.1,110,85.46,111.1,1251.06,281.06,1062.08,0.2646,1.3,20.0,dapi,0
SCRAMBLE_KD,30min,10x-1,1468,648.9,302.7,148,87.57,113.84,1202.82,232.82,973.5,0.2392,1.3,20.0,dapi,0
SCRAMBLE_KD,30min,10x-1,1469,647.5,452.2,75,80.93,105.21,1148.01,178.01,997.4,0.1785,1.3,20.0,dapi,0
SCRAMBLE_KD,30min,10x-1,1470,647.9,511.0,72,49.28,64.06,1148.61,178.61,1225.12,0.1458,1.3,20.0,dapi,0
SCRAMBLE_KD,30min,10x-1,1471,647.8,138.9,63,56.31,73.2,1361.17,391.17,1067.51,0.3664,1.3,20.0,dapi,0
SCRAMBLE_KD,30min,10x-1,1472,650.2,206.0,111,60.31,78.4,1150.49,180.49,1166.26,0.1548,1.3,20.0,dapi,0
SCRAMBLE_KD,30min,10x-1,1473,649.0,383.6,84,97.58,126.86,1158.83,188.83,1240.21,0.1523,1.3,20.0,dapi,0
SCRAMBLE_KD,30min,10x-1,1474,650.4,239.4,68,67.49,87.74,1148.16,178.16,988.1,0.1803,1.3,20.0,dapi,0
SCRAMBLE_KD,30min,10x-1,1475,651.2,402.4,66,103.87,135.03,1187.45,217.45,936.08,0.2323,1.3,20.0,dapi,0
SCRAMBLE_KD,30min,10x-1,1476,649.7,564.9,109,16.38,21.29,1745.88,775.88,1101.74,0.7042,1.3,20.0,dapi,0
SCRAMBLE_KD,30min,10x-1,1477,649.6,72.8,52,5.21,6.77,1759.42,789.42,952.31,0.829,1.3,20.0,dapi,0
SCRAMBLE_KD,30min,10x-1,1478,650.6,178.9,64,58.64,76.24,1225.77,255.77,987.12,0.2591,1.3,20.0,dapi,0
SCRAMBLE_KD,30min,10x-1,1479,651.6,415.7,77,97.99,127.38,1247.9,277.9,943.79,0.2944,1.3,20.0,dapi,0
SCRAMBLE_KD,30min,10x-1,1480,650.5,489.6,74,67.28,87.46,1129.11,159.11,1164.69,0.1366,1.3,20.0,dapi,0
SCRAMBLE_KD,30min,10x-1,1481,651.7,523.7,78,42.75,55.58,1194.88,224.88,1231.53,0.1826,1.3,20.0,dapi,0
SCRAMBLE_KD,30min,10x-1,1482,652.0,153.2,61,59.05,76.76,1222.28,252.28,1023.33,0.2465,1.3,20.0,dapi,0
SCRAMBLE_KD,30min,10x-1,1483,652.9,263.2,112,80.87,105.13,1333.38,363.38,1093.2,0.3324,1.3,20.0,dapi,0
SCRAMBLE_KD,30min,10x-1,1484,654.4,332.7,141,95.94,124.72,1152.45,182.45,989.56,0.1844,1.3,20.0,dapi,0
SCRAMBLE_KD,30min,10x-1,1485,653.2,109.3,89,29.17,37.92,1399.63,429.63,1200.11,0.358,1.3,20.0,dapi,0
SCRAMBLE_KD,30min,10x-1,1486,654.4,171.0,105,60.85,79.11,1194.03,224.03,1142.35,0.1961,1.3,20.0,dapi,0
SCRAMBLE_KD,30min,10x-1,1487,651.9,322.1,61,91.82,119.36,1129.07,159.07,982.69,0.1619,1.3,20.0,dapi,0
SCRAMBLE_KD,30min,10x-1,1488,653.7,458.2,80,85.62,111.3,1107.35,137.35,1163.88,0.118,1.3,20.0,dapi,0
SCRAMBLE_KD,30min,10x-1,1489,653.8,467.1,88,83.91,109.09,1114.5,144.5,1259.18,0.1148,1.3,20.0,dapi,0
SCRAMBLE_KD,30min,10x-1,1490,653.0,497.7,55,62.62,81.41,1142.93,172.93,1090.38,0.1586,1.3,20.0,dapi,0
SCRAMBLE_KD,30min,10x-1,1491,653.7,589.8,76,14.45,18.78,1948.57,978.57,987.75,0.9907,1.3,20.0,dapi,0
SCRAMBLE_KD,30min,10x-1,1492,653.7,161.4,62,60.62,78.8,1196.32,226.32,1147.39,0.1973,1.3,20.0,dapi,0
SCRAMBLE_KD,30min,10x-1,1493,653.9,228.2,64,68.05,88.46,1139.28,169.28,956.22,0.177,1.3,20.0,dapi,0
SCRAMBLE_KD,30min,10x-1,1494,653.8,476.9,63,78.96,102.64,1142.84,172.84,1022.29,0.1691,1.3,20.0,dapi,0
SCRAMBLE_KD,30min,10x-1,1495,654.8,578.6,67,16.76,21.78,1625.18,655.18,949.49,0.69,1.3,20.0,dapi,0
SCRAMBLE_KD,30min,10x-1,1496,654.4,603.2,98,5.71,7.42,1574.77,604.77,1006.07,0.6011,1.3,20.0,dapi,0
SCRAMBLE_KD,30min,10x-1,1497,655.7,91.1,50,14.31,18.61,1854.82,884.82,1599.38,0.5532,1.3,20.0,dapi,0
SCRAMBLE_KD,30min,10x-1,1498,654.5,133.7,46,49.03,63.74,1212.09,242.09,1108.22,0.2184,1.3,20.0,dapi,0
SCRAMBLE_KD,30min,10x-1,1499,657.0,283.1,133,94.78,123.21,1199.89,229.89,976.71,0.2354,1.3,20.0,dapi,0
SCRAMBLE_KD,30min,10x-1,1500,657.0,365.0,97,102.45,133.19,1620.12,650.12,1094.59,0.5939,1.3,20.0,dapi,0
SCRAMBLE_KD,30min,10x-1,1501,656.3,427.8,112,96.1,124.93,1129.21,159.21,1101.85,0.1445,1.3,20.0,dapi,0
SCRAMBLE_KD,30min,10x-1,1502,656.3,616.8,81,2.86,3.72,1711.69,741.69,844.38,0.8784,1.3,20.0,dapi,0
SCRAMBLE_KD,30min,10x-1,1503,655.9,143.2,51,56.17,73.02,1266.35,296.35,1174.78,0.2523,1.3,20.0,dapi,0
SCRAMBLE_KD,30min,10x-1,1504,655.6,193.9,70,64.02,83.23,1183.54,213.54,941.07,0.2269,1.3,20.0,dapi,0
SCRAMBLE_KD,30min,10x-1,1505,657.3,535.6,99,39.07,50.79,1189.11,219.11,1158.22,0.1892,1.3,20.0,dapi,0
SCRAMBLE_KD,30min,10x-1,1506,655.9,551.4,69,28.44,36.98,1174.8,204.8,1085.39,0.1887,1.3,20.0,dapi,0
SCRAMBLE_KD,30min,10x-1,1507,658.1,75.7,68,3.82,4.97,1610.63,640.63,895.35,0.7155,1.3,20.0,dapi,0
SCRAMBLE_KD,30min,10x-1,1508,661.2,343.1,153,105.42,137.05,1123.44,153.44,945.43,0.1623,1.3,20.0,dapi,0
SCRAMBLE_KD,30min,10x-1,1509,657.7,569.4,76,21.95,28.54,1589.14,619.14,1283.47,0.4824,1.3,20.0,dapi,0
SCRAMBLE_KD,30min,10x-1,1510,659.1,628.9,115,4.26,5.54,1652.68,682.68,890.05,0.767,1.3,20.0,dapi,0
SCRAMBLE_KD,30min,10x-1,1511,658.8,120.7,78,35.22,45.79,1202.62,232.62,1201.63,0.1936,1.3,20.0,dapi,0
SCRAMBLE_KD,30min,10x-1,1512,658.8,245.2,57,78.02,101.43,1215.88,245.88,993.65,0.2474,1.3,20.0,dapi,0
SCRAMBLE_KD,30min,10x-1,1513,660.2,380.9,113,107.94,140.32,1162.66,192.66,1071.48,0.1798,1.3,20.0,dapi,0
SCRAMBLE_KD,30min,10x-1,1514,660.0,393.3,77,110.25,143.32,1181.82,211.82,896.6,0.2362,1.3,20.0,dapi,0
SCRAMBLE_KD,30min,10x-1,1515,659.5,515.2,81,54.71,71.12,1183.96,213.96,949.65,0.2253,1.3,20.0,dapi,0
SCRAMBLE_KD,30min,10x-1,1516,659.5,560.6,60,26.21,34.07,1191.63,221.63,1240.12,0.1787,1.3,20.0,dapi,0
SCRAMBLE_KD,30min,10x-1,1517,660.7,310.6,78,99.72,129.64,1119.87,149.87,1261.19,0.1188,1.3,20.0,dapi,0
SCRAMBLE_KD,30min,10x-1,1518,663.7,354.1,103,108.65,141.25,1520.96,550.96,934.23,0.5897,1.3,20.0,dapi,0
SCRAMBLE_KD,30min,10x-1,1519,666.3,452.7,169,98.39,127.9,1094.07,124.07,1071.44,0.1158,1.3,20.0,dapi,0
SCRAMBLE_KD,30min,10x-1,1520,660.8,499.2,52,66.83,86.88,1135.19,165.19,1097.08,0.1506,1.3,20.0,dapi,0
SCRAMBLE_KD,30min,10x-1,1521,662.8,481.4,95,82.23,106.9,1191.36,221.36,1147.05,0.193,1.3,20.0,dapi,0
SCRAMBLE_KD,30min,10x-1,1522,661.9,165.1,52,68.62,89.2,1173.02,203.02,1143.42,0.1776,1.3,20.0,dapi,0
SCRAMBLE_KD,30min,10x-1,1523,662.9,270.7,71,93.62,121.7,1688.94,718.94,971.63,0.7399,1.3,20.0,dapi,0
SCRAMBLE_KD,30min,10x-1,1524,663.6,138.4,84,48.31,62.8,1613.48,643.48,1367.88,0.4704,1.3,20.0,dapi,0
SCRAMBLE_KD,30min,10x-1,1525,666.8,205.6,105,76.81,99.85,1173.05,203.05,1100.22,0.1846,1.3,20.0,dapi,0
SCRAMBLE_KD,30min,10x-1,1526,664.3,412.9,89,109.92,142.89,1129.91,159.91,971.15,0.1647,1.3,20.0,dapi,0
SCRAMBLE_KD,30min,10x-1,1527,664.3,595.0,52,18.45,23.99,1569.17,599.17,1028.31,0.5827,1.3,20.0,dapi,0
SCRAMBLE_KD,30min,10x-1,1528,665.1,87.1,54,5.13,6.67,1968.56,998.56,1120.91,0.8908,1.3,20.0,dapi,0
SCRAMBLE_KD,30min,10x-1,1529,667.4,182.3,117,74.62,97.0,1177.4,207.4,1067.2,0.1943,1.3,20.0,dapi,0
SCRAMBLE_KD,30min,10x-1,1530,666.4,218.8,94,78.26,101.74,1192.93,222.93,1122.15,0.1987,1.3,20.0,dapi,0
SCRAMBLE_KD,30min,10x-1,1531,666.8,465.4,96,96.39,125.3,1094.93,124.93,1162.58,0.1075,1.3,20.0,dapi,0
SCRAMBLE_KD,30min,10x-1,1532,668.2,506.1,128,66.69,86.7,1264.94,294.94,1124.15,0.2624,1.3,20.0,dapi,0
SCRAMBLE_KD,30min,10x-1,1533,665.9,540.1,97,43.03,55.94,1145.41,175.41,1110.28,0.158,1.3,20.0,dapi,0
SCRAMBLE_KD,30min,10x-1,1534,667.0,556.5,96,35.15,45.7,1147.54,177.54,1141.85,0.1555,1.3,20.0,dapi,0
SCRAMBLE_KD,30min,10x-1,1535,665.5,606.4,78,14.35,18.65,1745.15,775.15,1158.62,0.669,1.3,20.0,dapi,0
SCRAMBLE_KD,30min,10x-1,1536,667.3,634.8,125,7.24,9.42,1781.9,811.9,1004.78,0.808,1.3,20.0,dapi,0
SCRAMBLE_KD,30min,10x-1,1537,667.0,195.2,63,75.06,97.58,1188.05,218.05,954.84,0.2284,1.3,20.0,dapi,0
SCRAMBLE_KD,30min,10x-1,1538,668.5,264.5,96,95.15,123.7,1731.62,761.62,955.42,0.7972,1.3,20.0,dapi,0
SCRAMBLE_KD,30min,10x-1,1539,666.2,572.1,71,28.76,37.39,1285.27,315.27,1109.55,0.2841,1.3,20.0,dapi,0
SCRAMBLE_KD,30min,10x-1,1540,667.8,586.1,83,27.14,35.28,1208.16,238.16,1242.27,0.1917,1.3,20.0,dapi,0
SCRAMBLE_KD,30min,10x-1,1541,670.5,108.3,131,18.62,24.2,1972.3,1002.3,1419.14,0.7063,1.3,20.0,dapi,0
SCRAMBLE_KD,30min,10x-1,1542,667.6,235.5,62,83.38,108.39,1465.5,495.5,954.61,0.5191,1.3,20.0,dapi,0
SCRAMBLE_KD,30min,10x-1,1543,668.7,298.4,94,106.95,139.03,1194.26,224.26,919.93,0.2438,1.3,20.0,dapi,0
SCRAMBLE_KD,30min,10x-1,1544,668.4,433.0,116,105.43,137.06,1370.28,400.28,1031.86,0.3879,1.3,20.0,dapi,0
SCRAMBLE_KD,30min,10x-1,1545,669.5,158.6,82,66.62,86.6,1159.9,189.9,1066.56,0.1781,1.3,20.0,dapi,0
SCRAMBLE_KD,30min,10x-1,1546,670.3,250.1,104,90.09,117.12,1374.97,404.97,1078.6,0.3755,1.3,20.0,dapi,0
SCRAMBLE_KD,30min,10x-1,1547,668.8,522.6,105,56.75,73.78,1154.78,184.78,1102.75,0.1676,1.3,20.0,dapi,0
SCRAMBLE_KD,30min,10x-1,1548,669.7,120.9,51,30.31,39.4,1547.55,577.55,1075.82,0.5368,1.3,20.0,dapi,0
SCRAMBLE_KD,30min,10x-1,1549,670.0,373.2,65,116.46,151.4,1667.95,697.95,916.6,0.7615,1.3,20.0,dapi,0
SCRAMBLE_KD,30min,10x-1,1550,673.5,286.8,123,110.63,143.82,1515.09,545.09,1024.33,0.5321,1.3,20.0,dapi,0
SCRAMBLE_KD,30min,10x-1,1551,672.6,325.5,95,113.03,146.94,1160.52,190.52,972.27,0.1959,1.3,20.0,dapi,0
SCRAMBLE_KD,30min,10x-1,1552,672.5,133.1,67,40.94,53.22,1285.63,315.63,1038.28,0.304,1.3,20.0,dapi,0
SCRAMBLE_KD,30min,10x-1,1553,672.0,173.0,59,78.96,102.64,1657.1,687.1,1122.07,0.6124,1.3,20.0,dapi,0
SCRAMBLE_KD,30min,10x-1,1554,673.5,401.9,96,123.19,160.14,1273.86,303.86,1010.51,0.3007,1.3,20.0,dapi,0
SCRAMBLE_KD,30min,10x-1,1555,672.8,476.9,92,91.44,118.88,1112.1,142.1,1157.65,0.1227,1.3,20.0,dapi,0
SCRAMBLE_KD,30min,10x-1,1556,671.1,617.1,67,17.6,22.88,1469.84,499.84,965.04,0.5179,1.3,20.0,dapi,0
SCRAMBLE_KD,30min,10x-1,1557,672.1,653.1,97,4.03,5.24,1702.29,732.29,942.09,0.7773,1.3,20.0,dapi,0
SCRAMBLE_KD,30min,10x-1,1558,673.9,309.4,87,112.65,146.45,1154.66,184.66,951.63,0.194,1.3,20.0,dapi,0
SCRAMBLE_KD,30min,10x-1,1559,674.2,386.9,91,122.72,159.53,1758.49,788.49,1110.6,0.71,1.3,20.0,dapi,0
SCRAMBLE_KD,30min,10x-1,1560,673.0,492.2,59,80.1,104.13,1755.39,785.39,1101.19,0.7132,1.3,20.0,dapi,0
SCRAMBLE_KD,30min,10x-1,1561,675.3,96.4,71,5.64,7.33,2050.21,1080.21,1274.23,0.8477,1.3,20.0,dapi,0
SCRAMBLE_KD,30min,10x-1,1562,674.4,418.9,69,116.21,151.07,1134.62,164.62,975.17,0.1688,1.3,20.0,dapi,0
SCRAMBLE_KD,30min,10x-1,1563,674.5,358.6,81,118.85,154.51,1716.47,746.47,956.48,0.7804,1.3,20.0,dapi,0
SCRAMBLE_KD,30min,10x-1,1564,674.1,548.9,53,44.99,58.49,1121.66,151.66,1094.47,0.1386,1.3,20.0,dapi,0
SCRAMBLE_KD,30min,10x-1,1565,676.3,641.8,116,10.62,13.8,1826.78,856.78,1060.13,0.8082,1.3,20.0,dapi,0
SCRAMBLE_KD,30min,10x-1,1566,678.0,228.3,84,91.5,118.95,1169.06,199.06,974.37,0.2043,1.3,20.0,dapi,0
SCRAMBLE_KD,30min,10x-1,1567,676.1,529.6,59,57.09,74.21,1144.32,174.32,1152.51,0.1513,1.3,20.0,dapi,0
SCRAMBLE_KD,30min,10x-1,1568,675.1,593.3,68,28.91,37.58,1161.18,191.18,1342.29,0.1424,1.3,20.0,dapi,0
SCRAMBLE_KD,30min,10x-1,1569,675.8,573.3,55,38.37,49.89,1641.89,671.89,1031.69,0.6513,1.3,20.0,dapi,0
SCRAMBLE_KD,30min,10x-1,1570,678.2,606.8,86,26.59,34.57,1279.29,309.29,1155.62,0.2676,1.3,20.0,dapi,0
SCRAMBLE_KD,30min,10x-1,1571,678.5,213.1,71,89.16,115.91,1270.27,300.27,944.85,0.3178,1.3,20.0,dapi,0
SCRAMBLE_KD,30min,10x-1,1572,678.3,241.9,62,94.98,123.48,1264.31,294.31,948.44,0.3103,1.3,20.0,dapi,0
SCRAMBLE_KD,30min,10x-1,1573,677.6,521.2,57,64.55,83.91,1158.49,188.49,1068.14,0.1765,1.3,20.0,dapi,0
SCRAMBLE_KD,30min,10x-1,1574,678.3,621.3,67,23.82,30.97,1371.75,401.75,999.3,0.402,1.3,20.0,dapi,0
SCRAMBLE_KD,30min,10x-1,1575,678.8,161.6,87,68.1,88.53,1186.3,216.3,1225.32,0.1765,1.3,20.0,dapi,0
SCRAMBLE_KD,30min,10x-1,1576,681.6,366.9,109,127.51,165.77,1641.4,671.4,1012.19,0.6633,1.3,20.0,dapi,0
SCRAMBLE_KD,30min,10x-1,1577,680.9,447.0,69,114.25,148.52,1484.87,514.87,917.64,0.5611,1.3,20.0,dapi,0
SCRAMBLE_KD,30min,10x-1,1578,681.9,460.3,87,110.42,143.54,1095.48,125.48,1051.45,0.1193,1.3,20.0,dapi,0
SCRAMBLE_KD,30min,10x-1,1579,678.8,560.9,55,44.42,57.75,1285.78,315.78,1212.91,0.2604,1.3,20.0,dapi,0
SCRAMBLE_KD,30min,10x-1,1580,680.2,580.2,61,40.22,52.29,1525.98,555.98,1139.26,0.488,1.3,20.0,dapi,0
SCRAMBLE_KD,30min,10x-1,1581,680.1,123.2,34,29.34,38.14,1816.5,846.5,1069.29,0.7916,1.3,20.0,dapi,0
SCRAMBLE_KD,30min,10x-1,1582,682.0,177.8,81,83.8,108.94,1194.25,224.25,1032.46,0.2172,1.3,20.0,dapi,0
SCRAMBLE_KD,30min,10x-1,1583,682.9,194.0,108,90.92,118.19,1223.93,253.93,1106.8,0.2294,1.3,20.0,dapi,0
SCRAMBLE_KD,30min,10x-1,1584,681.6,257.2,69,103.85,135.0,1510.22,540.22,936.45,0.5769,1.3,20.0,dapi,0
SCRAMBLE_KD,30min,10x-1,1585,682.0,276.3,86,112.38,146.1,1236.16,266.16,974.67,0.2731,1.3,20.0,dapi,0
SCRAMBLE_KD,30min,10x-1,1586,681.0,484.9,65,90.69,117.9,1270.11,300.11,1194.63,0.2512,1.3,20.0,dapi,0
SCRAMBLE_KD,30min,10x-1,1587,680.8,500.4,45,80.39,104.51,1151.42,181.42,1131.11,0.1604,1.3,20.0,dapi,0
SCRAMBLE_KD,30min,10x-1,1588,680.9,659.6,92,6.82,8.86,2007.71,1037.71,1044.34,0.9937,1.3,20.0,dapi,0
SCRAMBLE_KD,30min,10x-1,1589,681.0,108.7,42,15.42,20.05,1891.48,921.48,1151.14,0.8005,1.3,20.0,dapi,0
SCRAMBLE_KD,30min,10x-1,1590,684.0,346.6,125,128.58,167.15,1090.06,120.06,965.08,0.1244,1.3,20.0,dapi,0
SCRAMBLE_KD,30min,10x-1,1591,683.5,431.5,101,119.97,155.97,1717.48,747.48,1089.6,0.686,1.3,20.0,dapi,0
SCRAMBLE_KD,30min,10x-1,1592,685.0,673.1,111,4.72,6.13,1640.75,670.75,908.83,0.738,1.3,20.0,dapi,0
SCRAMBLE_KD,30min,10x-1,1593,682.8,589.6,49,37.39,48.61,1166.41,196.41,1112.08,0.1766,1.3,20.0,dapi,0
SCRAMBLE_KD,30min,10x-1,1594,683.9,131.8,55,37.77,49.1,1616.0,646.0,1150.98,0.5613,1.3,20.0,dapi,0
SCRAMBLE_KD,30min,10x-1,1595,683.7,140.3,50,45.75,59.47,1316.46,346.46,1118.42,0.3098,1.3,20.0,dapi,0
SCRAMBLE_KD,30min,10x-1,1596,683.8,155.1,56,60.72,78.94,1270.98,300.98,1062.2,0.2834,1.3,20.0,dapi,0
SCRAMBLE_KD,30min,10x-1,1597,684.2,206.1,59,93.47,121.51,1269.19,299.19,988.07,0.3028,1.3,20.0,dapi,0
SCRAMBLE_KD,30min,10x-1,1598,684.7,402.0,86,133.62,173.7,1129.07,159.07,917.07,0.1735,1.3,20.0,dapi,0
SCRAMBLE_KD,30min,10x-1,1599,685.0,478.3,92,98.51,128.07,1159.61,189.61,1142.62,0.1659,1.3,20.0,dapi,0
SCRAMBLE_KD,30min,10x-1,1600,683.5,511.7,37,74.42,96.75,1119.59,149.59,1192.81,0.1254,1.3,20.0,dapi,0
SCRAMBLE_KD,30min,10x-1,1601,684.3,638.4,106,19.54,25.41,1597.41,627.41,1076.27,0.5829,1.3,20.0,dapi,0
SCRAMBLE_KD,30min,10x-1,1602,684.2,118.6,57,24.81,32.26,1813.72,843.72,1152.05,0.7324,1.3,20.0,dapi,0
SCRAMBLE_KD,30min,10x-1,1603,685.5,389.1,92,133.9,174.07,1156.26,186.26,984.95,0.1891,1.3,20.0,dapi,0
SCRAMBLE_KD,30min,10x-1,1604,683.1,546.8,31,53.93,70.11,1149.55,179.55,1388.55,0.1293,1.3,20.0,dapi,0
SCRAMBLE_KD,30min,10x-1,1605,686.4,263.6,59,110.33,143.43,1277.71,307.71,956.42,0.3217,1.3,20.0,dapi,0
SCRAMBLE_KD,30min,10x-1,1606,687.1,287.7,87,123.01,159.92,1174.08,204.08,991.37,0.2059,1.3,20.0,dapi,0
SCRAMBLE_KD,30min,10x-1,1607,685.9,566.2,75,49.62,64.5,1554.01,584.01,1239.17,0.4713,1.3,20.0,dapi,0
SCRAMBLE_KD,30min,10x-1,1608,687.6,496.0,77,88.33,114.82,1148.04,178.04,952.94,0.1868,1.3,20.0,dapi,0
SCRAMBLE_KD,30min,10x-1,1609,686.6,530.5,53,65.89,85.65,1168.38,198.38,1092.92,0.1815,1.3,20.0,dapi,0
SCRAMBLE_KD,30min,10x-1,1610,686.9,555.1,52,54.08,70.3,1367.92,397.92,1066.27,0.3732,1.3,20.0,dapi,0
SCRAMBLE_KD,30min,10x-1,1611,686.8,597.8,76,36.47,47.41,1148.91,178.91,1306.45,0.1369,1.3,20.0,dapi,0
SCRAMBLE_KD,30min,10x-1,1612,687.4,616.0,60,27.34,35.54,1169.3,199.3,1092.32,0.1825,1.3,20.0,dapi,0
SCRAMBLE_KD,30min,10x-1,1613,690.9,332.6,142,132.11,171.74,1188.44,218.44,954.96,0.2287,1.3,20.0,dapi,0
SCRAMBLE_KD,30min,10x-1,1614,688.4,520.1,72,72.71,94.52,1163.32,193.32,1240.01,0.1559,1.3,20.0,dapi,0
SCRAMBLE_KD,30min,10x-1,1615,687.9,231.1,70,101.89,132.46,1175.76,205.76,920.86,0.2234,1.3,20.0,dapi,0
SCRAMBLE_KD,30min,10x-1,1616,688.9,311.9,65,127.74,166.06,1086.65,116.65,1346.23,0.0866,1.3,20.0,dapi,0
SCRAMBLE_KD,30min,10x-1,1617,689.3,417.8,71,130.39,169.51,1545.32,575.32,892.77,0.6444,1.3,20.0,dapi,0
SCRAMBLE_KD,30min,10x-1,1618,689.2,442.6,85,122.91,159.78,1151.51,181.51,993.25,0.1827,1.3,20.0,dapi,0
SCRAMBLE_KD,30min,10x-1,1619,687.5,626.5,48,22.06,28.68,1239.73,269.73,1073.21,0.2513,1.3,20.0,dapi,0
SCRAMBLE_KD,30min,10x-1,1620,690.5,143.4,77,48.65,63.24,1169.01,199.01,1284.18,0.155,1.3,20.0,dapi,0
SCRAMBLE_KD,30min,10x-1,1621,691.0,185.2,78,90.63,117.82,1163.5,193.5,1065.79,0.1816,1.3,20.0,dapi,0
SCRAMBLE_KD,30min,10x-1,1622,690.8,472.1,80,107.0,139.09,1188.49,218.49,1122.16,0.1947,1.3,20.0,dapi,0
SCRAMBLE_KD,30min,10x-1,1623,692.4,169.3,100,74.67,97.06,1165.74,195.74,1099.15,0.1781,1.3,20.0,dapi,0
SCRAMBLE_KD,30min,10x-1,1624,692.0,460.3,98,116.62,151.61,1086.61,116.61,1119.85,0.1041,1.3,20.0,dapi,0
SCRAMBLE_KD,30min,10x-1,1625,691.8,658.1,109,5.5,7.14,1876.44,906.44,985.34,0.9199,1.3,20.0,dapi,0
SCRAMBLE_KD,30min,10x-1,1626,691.4,113.1,40,18.67,24.28,1715.85,745.85,1073.65,0.6947,1.3,20.0,dapi,0
SCRAMBLE_KD,30min,10x-1,1627,691.6,127.6,66,33.71,43.82,1234.88,264.88,1295.88,0.2044,1.3,20.0,dapi,0
SCRAMBLE_KD,30min,10x-1,1628,691.2,218.0,61,103.02,133.93,1220.36,250.36,962.59,0.2601,1.3,20.0,dapi,0
SCRAMBLE_KD,30min,10x-1,1629,691.7,509.2,53,82.97,107.86,1104.15,134.15,1032.6,0.1299,1.3,20.0,dapi,0
SCRAMBLE_KD,30min,10x-1,1630,691.6,580.5,54,45.49,59.14,1577.48,607.48,1011.3,0.6007,1.3,20.0,dapi,0
SCRAMBLE_KD,30min,10x-1,1631,693.9,295.2,94,131.74,171.26,1159.93,189.93,1173.99,0.1618,1.3,20.0,dapi,0
SCRAMBLE_KD,30min,10x-1,1632,693.5,357.2,82,138.73,180.35,1549.66,579.66,853.57,0.6791,1.3,20.0,dapi,0
SCRAMBLE_KD,30min,10x-1,1633,694.9,206.9,75,104.47,135.81,1165.67,195.67,891.97,0.2194,1.3,20.0,dapi,0
SCRAMBLE_KD,30min,10x-1,1634,693.6,253.6,65,113.97,148.16,1394.06,424.06,912.08,0.4649,1.3,20.0,dapi,0
SCRAMBLE_KD,30min,10x-1,1635,694.7,604.2,115,26.48,34.43,1168.08,198.08,1293.67,0.1531,1.3,20.0,dapi,0
SCRAMBLE_KD,30min,10x-1,1636,695.3,156.6,84,62.85,81.7,1180.29,210.29,1203.13,0.1748,1.3,20.0,dapi,0
SCRAMBLE_KD,30min,10x-1,1637,694.9,322.4,81,134.47,174.81,1118.68,148.68,968.4,0.1535,1.3,20.0,dapi,0
SCRAMBLE_KD,30min,10x-1,1638,695.4,432.2,63,131.46,170.89,1299.95,329.95,922.65,0.3576,1.3,20.0,dapi,0
SCRAMBLE_KD,30min,10x-1,1639,694.7,590.4,60,36.24,47.11,1178.0,208.0,1080.52,0.1925,1.3,20.0,dapi,0
SCRAMBLE_KD,30min,10x-1,1640,695.0,637.0,64,10.62,13.8,2174.8,1204.8,1265.16,0.9523,1.3,20.0,dapi,0
SCRAMBLE_KD,30min,10x-1,1641,696.0,372.2,81,142.02,184.63,1699.86,729.86,973.93,0.7494,1.3,20.0,dapi,0
SCRAMBLE_KD,30min,10x-1,1642,695.4,566.6,66,53.96,70.14,1237.3,267.3,953.41,0.2804,1.3,20.0,dapi,0
SCRAMBLE_KD,30min,10x-1,1643,697.2,627.0,84,14.35,18.65,2202.7,1232.7,1210.38,1.0184,1.3,20.0,dapi,0
SCRAMBLE_KD,30min,10x-1,1644,697.0,645.5,94,6.55,8.51,2085.91,1115.91,1110.09,1.0053,1.3,20.0,dapi,0
SCRAMBLE_KD,30min,10x-1,1645,696.0,237.6,59,111.22,144.59,1152.97,182.97,945.14,0.1936,1.3,20.0,dapi,0
SCRAMBLE_KD,30min,10x-1,1646,697.1,279.2,61,126.91,164.99,1426.56,456.56,928.84,0.4915,1.3,20.0,dapi,0
SCRAMBLE_KD,30min,10x-1,1647,700.5,384.0,146,147.97,192.36,1509.55,539.55,971.46,0.5554,1.3,20.0,dapi,0
SCRAMBLE_KD,30min,10x-1,1648,697.4,532.0,88,73.3,95.29,1154.77,184.77,1173.72,0.1574,1.3,20.0,dapi,0
SCRAMBLE_KD,30min,10x-1,1649,694.7,545.0,27,65.57,85.24,1127.89,157.89,1513.85,0.1043,1.3,20.0,dapi,0
SCRAMBLE_KD,30min,10x-1,1650,700.0,226.8,98,113.03,146.94,1310.52,340.52,1107.73,0.3074,1.3,20.0,dapi,0
SCRAMBLE_KD,30min,10x-1,1651,698.4,264.0,67,121.31,157.7,1461.7,491.7,884.48,0.5559,1.3,20.0,dapi,0
SCRAMBLE_KD,30min,10x-1,1652,699.4,414.8,82,140.79,183.02,1142.46,172.46,1015.6,0.1698,1.3,20.0,dapi,0
SCRAMBLE_KD,30min,10x-1,1653,698.6,453.2,65,126.49,164.44,1134.05,164.05,969.63,0.1692,1.3,20.0,dapi,0
SCRAMBLE_KD,30min,10x-1,1654,699.0,150.2,61,56.32,73.21,1171.15,201.15,1215.48,0.1655,1.3,20.0,dapi,0
SCRAMBLE_KD,30min,10x-1,1655,699.6,180.2,97,86.21,112.08,1168.48,198.48,1174.53,0.169,1.3,20.0,dapi,0
SCRAMBLE_KD,30min,10x-1,1656,700.1,342.4,101,142.77,185.6,1108.98,138.98,1029.21,0.135,1.3,20.0,dapi,0
SCRAMBLE_KD,30min,10x-1,1657,700.5,477.8,125,109.19,141.95,1580.0,610.0,1028.47,0.5931,1.3,20.0,dapi,0
SCRAMBLE_KD,30min,10x-1,1658,698.5,502.8,40,91.45,118.88,1138.62,168.62,1122.58,0.1502,1.3,20.0,dapi,0
SCRAMBLE_KD,30min,10x-1,1659,699.0,554.3,69,62.42,81.14,1159.2,189.2,1217.65,0.1554,1.3,20.0,dapi,0
SCRAMBLE_KD,30min,10x-1,1660,701.6,124.5,72,31.46,40.89,1226.43,256.43,1243.28,0.2063,1.3,20.0,dapi,0
SCRAMBLE_KD,30min,10x-1,1661,701.3,142.1,79,48.75,63.37,1175.57,205.57,1194.66,0.1721,1.3,20.0,dapi,0
SCRAMBLE_KD,30min,10x-1,1662,702.2,290.6,84,137.26,178.44,1129.19,159.19,983.23,0.1619,1.3,20.0,dapi,0
SCRAMBLE_KD,30min,10x-1,1663,700.7,491.0,43,101.62,132.11,1139.35,169.35,1061.51,0.1595,1.3,20.0,dapi,0
SCRAMBLE_KD,30min,10x-1,1664,702.2,520.4,90,83.91,109.09,1150.19,180.19,1170.2,0.154,1.3,20.0,dapi,0
SCRAMBLE_KD,30min,10x-1,1665,702.3,404.1,69,147.91,192.28,1126.71,156.71,900.03,0.1741,1.3,20.0,dapi,0
SCRAMBLE_KD,30min,10x-1,1666,701.9,617.1,68,13.27,17.25,1222.97,252.97,1636.46,0.1546,1.3,20.0,dapi,0
SCRAMBLE_KD,30min,10x-1,1667,704.5,112.3,81,21.02,27.32,1281.78,311.78,1157.83,0.2693,1.3,20.0,dapi,0
SCRAMBLE_KD,30min,10x-1,1668,704.5,196.6,97,103.56,134.63,1372.34,402.34,1112.08,0.3618,1.3,20.0,dapi,0
SCRAMBLE_KD,30min,10x-1,1669,704.4,363.3,87,149.05,193.77,1113.09,143.09,1032.07,0.1386,1.3,20.0,dapi,0
SCRAMBLE_KD,30min,10x-1,1670,703.8,441.6,89,137.79,179.12,1827.38,857.38,1115.98,0.7683,1.3,20.0,dapi,0
SCRAMBLE_KD,30min,10x-1,1671,704.5,563.3,87,52.24,67.91,1223.01,253.01,1236.16,0.2047,1.3,20.0,dapi,0
SCRAMBLE_KD,30min,10x-1,1672,702.9,580.7,53,37.87,49.23,1697.02,727.02,987.77,0.736,1.3,20.0,dapi,0
SCRAMBLE_KD,30min,10x-1,1673,705.6,594.8,129,24.98,32.47,1211.12,241.12,1163.16,0.2073,1.3,20.0,dapi,0
SCRAMBLE_KD,30min,10x-1,1674,704.1,318.1,44,143.07,185.99,1136.61,166.61,1125.43,0.148,1.3,20.0,dapi,0
SCRAMBLE_KD,30min,10x-1,1675,708.5,541.1,147,68.69,89.3,1131.18,161.18,1124.38,0.1433,1.3,20.0,dapi,0
SCRAMBLE_KD,30min,10x-1,1676,707.1,215.5,77,117.81,153.15,1143.16,173.16,1064.16,0.1627,1.3,20.0,dapi,0
SCRAMBLE_KD,30min,10x-1,1677,706.6,372.2,59,152.93,198.81,1147.66,177.66,961.24,0.1848,1.3,20.0,dapi,0
SCRAMBLE_KD,30min,10x-1,1678,709.1,93.7,165,7.96,10.35,2095.75,1125.75,1117.55,1.0073,1.3,20.0,dapi,0
SCRAMBLE_KD,30min,10x-1,1679,708.2,136.5,82,44.7,58.11,1193.8,223.8,1129.76,0.1981,1.3,20.0,dapi,0
SCRAMBLE_KD,30min,10x-1,1680,706.3,427.6,42,143.14,186.08,1235.43,265.43,1082.26,0.2453,1.3,20.0,dapi,0
SCRAMBLE_KD,30min,10x-1,1681,706.5,572.0,58,44.08,57.3,1578.67,608.67,1030.66,0.5906,1.3,20.0,dapi,0
SCRAMBLE_KD,30min,10x-1,1682,707.9,256.6,55,128.18,166.64,1434.78,464.78,1020.29,0.4555,1.3,20.0,dapi,0
SCRAMBLE_KD,30min,10x-1,1683,710.0,351.5,136,148.53,193.09,1119.94,149.94,973.21,0.1541,1.3,20.0,dapi,0
SCRAMBLE_KD,30min,10x-1,1684,709.2,505.3,94,98.47,128.01,1184.12,214.12,1151.46,0.186,1.3,20.0,dapi,0
SCRAMBLE_KD,30min,10x-1,1685,707.0,628.8,67,4.72,6.13,2095.0,1125.0,1230.76,0.9141,1.3,20.0,dapi,0
SCRAMBLE_KD,30min,10x-1,1686,709.2,155.8,56,64.17,83.42,1164.48,194.48,1027.36,0.1893,1.3,20.0,dapi,0
SCRAMBLE_KD,30min,10x-1,1687,709.5,245.2,57,126.52,164.48,1155.58,185.58,972.11,0.1909,1.3,20.0,dapi,0
SCRAMBLE_KD,30min,10x-1,1688,710.2,326.2,91,146.62,190.6,1241.47,271.47,1178.7,0.2303,1.3,20.0,dapi,0
SCRAMBLE_KD,30min,10x-1,1689,708.5,391.3,55,156.26,203.13,1164.55,194.55,979.09,0.1987,1.3,20.0,dapi,0
SCRAMBLE_KD,30min,10x-1,1690,710.7,482.5,98,114.62,149.0,1144.29,174.29,1128.77,0.1544,1.3,20.0,dapi,0
SCRAMBLE_KD,30min,10x-1,1691,712.0,118.9,99,30.23,39.3,1256.77,286.77,1207.41,0.2375,1.3,20.0,dapi,0
SCRAMBLE_KD,30min,10x-1,1692,712.6,167.7,116,76.79,99.83,1191.07,221.07,1182.74,0.1869,1.3,20.0,dapi,0
SCRAMBLE_KD,30min,10x-1,1693,709.8,268.6,63,134.31,174.6,1725.75,755.75,1034.65,0.7304,1.3,20.0,dapi,0
SCRAMBLE_KD,30min,10x-1,1694,712.9,277.4,119,140.3,182.39,1176.67,206.67,1064.34,0.1942,1.3,20.0,dapi,0
SCRAMBLE_KD,30min,10x-1,1695,710.2,451.2,68,135.31,175.9,1269.54,299.54,1060.96,0.2823,1.3,20.0,dapi,0
SCRAMBLE_KD,30min,10x-1,1696,712.4,495.2,85,106.41,138.33,1639.93,669.93,1125.75,0.5951,1.3,20.0,dapi,0
SCRAMBLE_KD,30min,10x-1,1697,710.2,528.5,51,78.15,101.6,1130.65,160.65,1027.96,0.1563,1.3,20.0,dapi,0
SCRAMBLE_KD,30min,10x-1,1698,712.5,128.4,84,38.85,50.5,1194.54,224.54,1308.87,0.1715,1.3,20.0,dapi,0
SCRAMBLE_KD,30min,10x-1,1699,711.0,174.9,30,83.1,108.04,1183.8,213.8,1082.0,0.1976,1.3,20.0,dapi,0
SCRAMBLE_KD,30min,10x-1,1700,711.8,462.9,59,126.1,163.93,1323.39,353.39,959.76,0.3682,1.3,20.0,dapi,0
SCRAMBLE_KD,30min,10x-1,1701,714.4,183.1,126,91.58,119.05,1178.81,208.81,1118.61,0.1867,1.3,20.0,dapi,0
SCRAMBLE_KD,30min,10x-1,1702,712.4,207.3,82,114.67,149.06,1212.38,242.38,960.72,0.2523,1.3,20.0,dapi,0
SCRAMBLE_KD,30min,10x-1,1703,712.9,227.1,74,125.9,163.67,1179.35,209.35,1040.8,0.2011,1.3,20.0,dapi,0
SCRAMBLE_KD,30min,10x-1,1704,712.9,516.4,89,88.49,115.03,1157.16,187.16,1184.75,0.158,1.3,20.0,dapi,0
SCRAMBLE_KD,30min,10x-1,1705,714.5,613.0,101,6.55,8.51,1704.3,734.3,993.1,0.7394,1.3,20.0,dapi,0
SCRAMBLE_KD,30min,10x-1,1706,714.6,145.8,72,56.4,73.32,1198.54,228.54,1218.11,0.1876,1.3,20.0,dapi,0
SCRAMBLE_KD,30min,10x-1,1707,713.3,290.3,65,146.24,190.11,1143.66,173.66,943.05,0.1841,1.3,20.0,dapi,0
SCRAMBLE_KD,30min,10x-1,1708,713.6,429.3,58,141.92,184.5,1133.93,163.93,957.17,0.1713,1.3,20.0,dapi,0
SCRAMBLE_KD,30min,10x-1,1709,715.0,584.7,76,28.46,36.99,1296.72,326.72,1080.01,0.3025,1.3,20.0,dapi,0
SCRAMBLE_KD,30min,10x-1,1710,714.4,308.8,31,143.42,186.45,1149.71,179.71,1277.9,0.1406,1.3,20.0,dapi,0
SCRAMBLE_KD,30min,10x-1,1711,715.3,441.9,70,136.4,177.33,1264.53,294.53,916.87,0.3212,1.3,20.0,dapi,0
SCRAMBLE_KD,30min,10x-1,1712,717.8,563.4,142,44.56,57.92,1136.8,166.8,1196.89,0.1394,1.3,20.0,dapi,0
SCRAMBLE_KD,30min,10x-1,1713,716.5,260.0,108,137.67,178.97,1831.52,861.52,1070.44,0.8048,1.3,20.0,dapi,0
SCRAMBLE_KD,30min,10x-1,1714,717.0,87.9,62,7.87,10.24,2347.13,1377.13,1350.44,1.0198,1.3,20.0,dapi,0
SCRAMBLE_KD,30min,10x-1,1715,717.9,200.5,80,110.01,143.02,1173.41,203.41,963.19,0.2112,1.3,20.0,dapi,0
SCRAMBLE_KD,30min,10x-1,1716,718.6,239.8,85,134.08,174.31,1213.34,243.34,1015.6,0.2396,1.3,20.0,dapi,0
SCRAMBLE_KD,30min,10x-1,1717,717.0,600.8,33,13.46,17.5,1320.48,350.48,1262.24,0.2777,1.3,20.0,dapi,0
SCRAMBLE_KD,30min,10x-1,1718,720.0,576.6,67,31.49,40.93,1222.99,252.99,1003.57,0.2521,1.3,20.0,dapi,0
SCRAMBLE_KD,30min,10x-1,1719,721.7,156.3,84,68.19,88.64,1181.38,211.38,1259.37,0.1678,1.3,20.0,dapi,0
SCRAMBLE_KD,30min,10x-1,1720,718.7,420.1,43,141.14,183.48,1258.79,288.79,1105.63,0.2612,1.3,20.0,dapi,0
SCRAMBLE_KD,30min,10x-1,1721,720.7,529.0,88,73.38,95.4,1116.78,146.78,1114.51,0.1317,1.3,20.0,dapi,0
SCRAMBLE_KD,30min,10x-1,1722,720.9,550.0,82,54.45,70.79,1116.61,146.61,1189.0,0.1233,1.3,20.0,dapi,0
SCRAMBLE_KD,30min,10x-1,1723,722.7,323.4,95,133.63,173.72,1125.69,155.69,1174.6,0.1326,1.3,20.0,dapi,0
SCRAMBLE_KD,30min,10x-1,1724,723.1,336.1,127,133.95,174.14,1125.8,155.8,999.66,0.1559,1.3,20.0,dapi,0
SCRAMBLE_KD,30min,10x-1,1725,720.2,465.4,90,118.97,154.66,1541.18,571.18,1128.37,0.5062,1.3,20.0,dapi,0
SCRAMBLE_KD,30min,10x-1,1726,722.7,125.1,87,40.92,53.19,1514.17,544.17,1272.89,0.4275,1.3,20.0,dapi,0
SCRAMBLE_KD,30min,10x-1,1727,722.2,228.6,88,135.09,175.61,1599.43,629.43,1223.34,0.5145,1.3,20.0,dapi,0
SCRAMBLE_KD,30min,10x-1,1728,722.6,282.9,77,139.42,181.25,1249.53,279.53,1004.44,0.2783,1.3,20.0,dapi,0
SCRAMBLE_KD,30min,10x-1,1729,723.4,354.4,87,136.22,177.09,1112.31,142.31,1227.51,0.1159,1.3,20.0,dapi,0
SCRAMBLE_KD,30min,10x-1,1730,724.2,299.7,54,134.71,175.13,1146.76,176.76,987.81,0.1789,1.3,20.0,dapi,0
SCRAMBLE_KD,30min,10x-1,1731,725.1,311.7,103,132.19,171.85,1171.07,201.07,1069.09,0.1881,1.3,20.0,dapi,0
SCRAMBLE_KD,30min,10x-1,1732,723.4,515.7,80,84.86,110.32,1117.65,147.65,1159.88,0.1273,1.3,20.0,dapi,0
SCRAMBLE_KD,30min,10x-1,1733,722.8,538.1,64,64.32,83.62,1110.91,140.91,1162.25,0.1212,1.3,20.0,dapi,0
SCRAMBLE_KD,30min,10x-1,1734,724.2,116.7,67,35.06,45.58,1335.21,365.21,1375.57,0.2655,1.3,20.0,dapi,0
SCRAMBLE_KD,30min,10x-1,1735,725.6,136.2,86,51.85,67.4,1200.52,230.52,1233.08,0.1869,1.3,20.0,dapi,0
SCRAMBLE_KD,30min,10x-1,1736,725.7,501.9,121,90.85,118.1,1130.4,160.4,1011.88,0.1585,1.3,20.0,dapi,0
SCRAMBLE_KD,30min,10x-1,1737,723.2,592.0,24,17.86,23.21,1288.38,318.38,1384.62,0.2299,1.3,20.0,dapi,0
SCRAMBLE_KD,30min,10x-1,1738,724.8,83.9,68,5.83,7.58,1852.87,882.87,1005.29,0.8782,1.3,20.0,dapi,0
SCRAMBLE_KD,30min,10x-1,1739,723.4,399.0,34,142.11,184.74,1103.06,133.06,1271.0,0.1047,1.3,20.0,dapi,0
SCRAMBLE_KD,30min,10x-1,1740,726.7,488.0,89,98.32,127.81,1113.44,143.44,1054.98,0.136,1.3,20.0,dapi,0
SCRAMBLE_KD,30min,10x-1,1741,726.0,146.1,70,60.64,78.83,1160.54,190.54,1291.11,0.1476,1.3,20.0,dapi,0
SCRAMBLE_KD,30min,10x-1,1742,728.4,183.2,106,95.62,124.3,1189.63,219.63,1164.71,0.1886,1.3,20.0,dapi,0
SCRAMBLE_KD,30min,10x-1,1743,726.6,273.6,81,138.32,179.82,1903.58,933.58,1066.98,0.875,1.3,20.0,dapi,0
SCRAMBLE_KD,30min,10x-1,1744,728.0,438.3,185,125.56,163.23,1128.22,158.22,1007.3,0.1571,1.3,20.0,dapi,0
SCRAMBLE_KD,30min,10x-1,1745,727.6,475.5,90,106.25,138.12,1180.2,210.2,1053.78,0.1995,1.3,20.0,dapi,0
SCRAMBLE_KD,30min,10x-1,1746,729.0,167.3,138,81.0,105.3,1181.27,211.27,1342.83,0.1573,1.3,20.0,dapi,0
SCRAMBLE_KD,30min,10x-1,1747,727.9,248.1,85,144.69,188.1,1499.92,529.92,861.95,0.6148,1.3,20.0,dapi,0
SCRAMBLE_KD,30min,10x-1,1748,727.4,453.1,55,121.7,158.21,1357.55,387.55,962.05,0.4028,1.3,20.0,dapi,0
SCRAMBLE_KD,30min,10x-1,1749,728.6,605.4,98,4.41,5.74,1688.0,718.0,944.64,0.7601,1.3,20.0,dapi,0
SCRAMBLE_KD,30min,10x-1,1750,729.2,213.0,106,124.46,161.8,1176.37,206.37,1109.51,0.186,1.3,20.0,dapi,0
SCRAMBLE_KD,30min,10x-1,1751,727.4,421.4,66,133.54,173.6,1180.18,210.18,943.85,0.2227,1.3,20.0,dapi,0
SCRAMBLE_KD,30min,10x-1,1752,728.5,577.9,94,26.24,34.12,1739.03,769.03,1109.71,0.693,1.3,20.0,dapi,0
SCRAMBLE_KD,30min,10x-1,1753,730.4,367.8,102,131.78,171.32,1175.97,205.97,1103.35,0.1867,1.3,20.0,dapi,0
SCRAMBLE_KD,30min,10x-1,1754,730.4,89.4,88,8.97,11.66,2082.16,1112.16,1187.01,0.9369,1.3,20.0,dapi,0
SCRAMBLE_KD,30min,10x-1,1755,730.8,194.3,101,107.0,139.09,1195.1,225.1,1123.62,0.2003,1.3,20.0,dapi,0
SCRAMBLE_KD,30min,10x-1,1756,729.0,236.8,47,143.29,186.27,1353.4,383.4,1074.28,0.3569,1.3,20.0,dapi,0
SCRAMBLE_KD,30min,10x-1,1757,730.9,410.1,101,132.26,171.94,1267.87,297.87,1068.28,0.2788,1.3,20.0,dapi,0
SCRAMBLE_KD,30min,10x-1,1758,730.2,522.2,81,77.06,100.18,1125.2,155.2,1227.93,0.1264,1.3,20.0,dapi,0
SCRAMBLE_KD,30min,10x-1,1759,730.9,560.8,81,40.08,52.1,1113.27,143.27,1201.99,0.1192,1.3,20.0,dapi,0
SCRAMBLE_KD,30min,10x-1,1760,733.3,112.4,97,30.89,40.15,1771.06,801.06,1225.29,0.6538,1.3,20.0,dapi,0
SCRAMBLE_KD,30min,10x-1,1761,731.9,290.4,92,128.92,167.6,1155.45,185.45,983.57,0.1885,1.3,20.0,dapi,0
SCRAMBLE_KD,30min,10x-1,1762,733.1,228.8,103,140.94,183.22,1161.64,191.64,1124.11,0.1705,1.3,20.0,dapi,0
SCRAMBLE_KD,30min,10x-1,1763,733.2,462.3,104,111.63,145.12,1576.42,606.42,1054.6,0.575,1.3,20.0,dapi,0
SCRAMBLE_KD,30min,10x-1,1764,732.8,547.2,75,52.29,67.98,1105.19,135.19,1052.12,0.1285,1.3,20.0,dapi,0
SCRAMBLE_KD,30min,10x-1,1765,736.1,202.5,88,116.19,151.05,1143.31,173.31,1051.47,0.1648,1.3,20.0,dapi,0
SCRAMBLE_KD,30min,10x-1,1766,733.8,156.8,60,74.09,96.31,1165.75,195.75,1163.28,0.1683,1.3,20.0,dapi,0
SCRAMBLE_KD,30min,10x-1,1767,736.2,336.8,79,121.06,157.38,1122.61,152.61,1010.7,0.151,1.3,20.0,dapi,0
SCRAMBLE_KD,30min,10x-1,1768,738.2,142.9,96,61.62,80.1,1164.18,194.18,1248.72,0.1555,1.3,20.0,dapi,0
SCRAMBLE_KD,30min,10x-1,1769,736.6,175.7,53,92.45,120.19,1536.36,566.36,1051.4,0.5387,1.3,20.0,dapi,0
SCRAMBLE_KD,30min,10x-1,1770,736.6,260.8,70,132.32,172.02,1829.57,859.57,929.61,0.9247,1.3,20.0,dapi,0
SCRAMBLE_KD,30min,10x-1,1771,737.5,314.8,106,118.99,154.68,1251.95,281.95,1059.58,0.2661,1.3,20.0,dapi,0
SCRAMBLE_KD,30min,10x-1,1772,738.0,360.3,69,122.49,159.24,1140.93,170.93,1024.16,0.1669,1.3,20.0,dapi,0
SCRAMBLE_KD,30min,10x-1,1773,738.0,392.9,97,127.25,165.43,1122.29,152.29,1127.84,0.135,1.3,20.0,dapi,0
SCRAMBLE_KD,30min,10x-1,1774,738.1,498.9,105,82.85,107.7,1104.46,134.46,1066.98,0.126,1.3,20.0,dapi,0
SCRAMBLE_KD,30min,10x-1,1775,737.1,536.8,89,60.77,79.01,1101.84,131.84,1017.02,0.1296,1.3,20.0,dapi,0
SCRAMBLE_KD,30min,10x-1,1776,738.1,570.2,72,29.0,37.7,1277.4,307.4,1079.1,0.2849,1.3,20.0,dapi,0
SCRAMBLE_KD,30min,10x-1,1777,738.5,595.6,102,5.81,7.55,1623.57,653.57,975.43,0.67,1.3,20.0,dapi,0
SCRAMBLE_KD,30min,10x-1,1778,738.9,127.4,55,45.62,59.31,1217.45,247.45,1118.16,0.2213,1.3,20.0,dapi,0
SCRAMBLE_KD,30min,10x-1,1779,738.8,349.9,102,119.76,155.69,1150.23,180.23,1082.5,0.1665,1.3,20.0,dapi,0
SCRAMBLE_KD,30min,10x-1,1780,740.1,378.8,64,122.79,159.63,1104.12,134.12,1390.34,0.0965,1.3,20.0,dapi,0
SCRAMBLE_KD,30min,10x-1,1781,737.4,423.7,73,123.14,160.08,1119.44,149.44,995.71,0.1501,1.3,20.0,dapi,0
SCRAMBLE_KD,30min,10x-1,1782,737.6,523.4,86,70.04,91.05,1138.36,168.36,1034.94,0.1627,1.3,20.0,dapi,0
SCRAMBLE_KD,30min,10x-1,1783,740.6,134.2,74,52.68,68.49,1173.47,203.47,1379.82,0.1475,1.3,20.0,dapi,0
SCRAMBLE_KD,30min,10x-1,1784,740.1,283.8,102,122.84,159.69,1237.28,267.28,963.39,0.2774,1.3,20.0,dapi,0
SCRAMBLE_KD,30min,10x-1,1785,740.0,299.9,83,118.96,154.65,1175.22,205.22,1010.01,0.2032,1.3,20.0,dapi,0
SCRAMBLE_KD,30min,10x-1,1786,741.3,152.6,77,71.67,93.17,1186.44,216.44,1362.14,0.1589,1.3,20.0,dapi,0
SCRAMBLE_KD,30min,10x-1,1787,741.2,219.6,96,134.83,175.28,1387.05,417.05,1161.82,0.359,1.3,20.0,dapi,0
SCRAMBLE_KD,30min,10x-1,1788,741.3,245.9,97,133.78,173.91,1173.03,203.03,1054.29,0.1926,1.3,20.0,dapi,0
SCRAMBLE_KD,30min,10x-1,1789,740.0,270.1,62,126.98,165.08,1691.71,721.71,958.24,0.7532,1.3,20.0,dapi,0
SCRAMBLE_KD,30min,10x-1,1790,741.1,484.4,91,90.68,117.89,1138.09,168.09,1128.97,0.1489,1.3,20.0,dapi,0
SCRAMBLE_KD,30min,10x-1,1791,742.9,473.5,71,96.28,125.16,1117.41,147.41,925.01,0.1594,1.3,20.0,dapi,0
SCRAMBLE_KD,30min,10x-1,1792,742.3,577.2,87,21.02,27.32,1497.7,527.7,1012.94,0.521,1.3,20.0,dapi,0
SCRAMBLE_KD,30min,10x-1,1793,743.7,118.5,85,36.96,48.05,1331.0,361.0,1266.92,0.2849,1.3,20.0,dapi,0
SCRAMBLE_KD,30min,10x-1,1794,743.0,532.0,64,61.15,79.5,1168.75,198.75,1162.95,0.1709,1.3,20.0,dapi,0
SCRAMBLE_KD,30min,10x-1,1795,745.4,188.6,106,107.62,139.91,1171.94,201.94,1080.31,0.1869,1.3,20.0,dapi,0
SCRAMBLE_KD,30min,10x-1,1796,746.3,405.3,122,118.37,153.88,1134.31,164.31,1040.71,0.1579,1.3,20.0,dapi,0
SCRAMBLE_KD,30min,10x-1,1797,745.1,446.4,131,106.81,138.86,1145.73,175.73,953.62,0.1843,1.3,20.0,dapi,0
SCRAMBLE_KD,30min,10x-1,1798,745.0,87.6,73,7.7,10.01,2289.42,1319.42,1278.22,1.0322,1.3,20.0,dapi,0
SCRAMBLE_KD,30min,10x-1,1799,745.6,463.6,61,100.05,130.06,1198.85,228.85,983.72,0.2326,1.3,20.0,dapi,0
SCRAMBLE_KD,30min,10x-1,1800,746.2,517.0,108,65.92,85.69,1133.16,163.16,1047.46,0.1558,1.3,20.0,dapi,0
SCRAMBLE_KD,30min,10x-1,1801,746.1,553.5,97,43.31,56.3,1126.15,156.15,1029.04,0.1517,1.3,20.0,dapi,0
SCRAMBLE_KD,30min,10x-1,1802,746.4,588.8,95,8.39,10.9,1775.62,805.62,1054.69,0.7638,1.3,20.0,dapi,0
SCRAMBLE_KD,30min,10x-1,1803,746.0,173.2,87,91.91,119.49,1620.6,650.6,1219.66,0.5334,1.3,20.0,dapi,0
SCRAMBLE_KD,30min,10x-1,1804,749.4,204.3,164,122.91,159.78,1160.9,190.9,1119.99,0.1704,1.3,20.0,dapi,0
SCRAMBLE_KD,30min,10x-1,1805,747.7,416.9,103,114.48,148.83,1125.15,155.15,1081.33,0.1435,1.3,20.0,dapi,0
SCRAMBLE_KD,30min,10x-1,1806,747.6,237.7,66,130.87,170.12,1664.27,694.27,1011.61,0.6863,1.3,20.0,dapi,0
SCRAMBLE_KD,30min,10x-1,1807,747.7,310.0,88,109.52,142.38,1152.53,182.53,1076.92,0.1695,1.3,20.0,dapi,0
SCRAMBLE_KD,30min,10x-1,1808,748.7,364.8,110,112.68,146.48,1127.78,157.78,1079.06,0.1462,1.3,20.0,dapi,0
SCRAMBLE_KD,30min,10x-1,1809,750.0,102.4,69,22.56,29.33,1338.62,368.62,1444.74,0.2551,1.3,20.0,dapi,0
SCRAMBLE_KD,30min,10x-1,1810,749.8,569.8,94,25.92,33.69,1255.2,285.2,1048.9,0.2719,1.3,20.0,dapi,0
SCRAMBLE_KD,30min,10x-1,1811,752.1,296.8,99,107.84,140.19,1167.25,197.25,1087.9,0.1813,1.3,20.0,dapi,0
SCRAMBLE_KD,30min,10x-1,1812,751.4,542.6,108,49.09,63.82,1233.96,263.96,992.35,0.266,1.3,20.0,dapi,0
SCRAMBLE_KD,30min,10x-1,1813,751.8,139.5,65,58.95,76.63,1238.82,268.82,1290.06,0.2084,1.3,20.0,dapi,0
SCRAMBLE_KD,30min,10x-1,1814,751.4,150.9,119,70.6,91.78,1648.26,678.26,1407.21,0.482,1.3,20.0,dapi,0
SCRAMBLE_KD,30min,10x-1,1815,751.0,161.8,47,81.49,105.94,1429.36,459.36,1108.96,0.4142,1.3,20.0,dapi,0
SCRAMBLE_KD,30min,10x-1,1816,752.4,230.4,98,131.25,170.62,1171.74,201.74,994.0,0.203,1.3,20.0,dapi,0
SCRAMBLE_KD,30min,10x-1,1817,752.2,393.6,85,113.61,147.69,1095.06,125.06,1147.61,0.109,1.3,20.0,dapi,0
SCRAMBLE_KD,30min,10x-1,1818,752.1,491.9,78,77.25,100.42,1106.4,136.4,1119.55,0.1218,1.3,20.0,dapi,0
SCRAMBLE_KD,30min,10x-1,1819,753.3,333.9,49,103.88,135.05,1125.33,155.33,1494.78,0.1039,1.3,20.0,dapi,0
SCRAMBLE_KD,30min,10x-1,1820,751.4,380.7,55,112.19,145.85,1126.96,156.96,1212.49,0.1295,1.3,20.0,dapi,0
SCRAMBLE_KD,30min,10x-1,1821,756.4,507.2,196,63.92,83.1,1157.08,187.08,1205.24,0.1552,1.3,20.0,dapi,0
SCRAMBLE_KD,30min,10x-1,1822,753.5,272.5,120,113.9,148.07,1375.71,405.71,1071.12,0.3788,1.3,20.0,dapi,0
SCRAMBLE_KD,30min,10x-1,1823,753.5,426.4,77,106.37,138.29,1270.69,300.69,1170.81,0.2568,1.3,20.0,dapi,0
SCRAMBLE_KD,30min,10x-1,1824,753.9,82.5,68,5.64,7.33,2054.15,1084.15,1255.32,0.8636,1.3,20.0,dapi,0
SCRAMBLE_KD,30min,10x-1,1825,754.9,221.2,73,131.94,171.53,1343.4,373.4,1072.56,0.3481,1.3,20.0,dapi,0
SCRAMBLE_KD,30min,10x-1,1826,755.1,257.9,77,116.29,151.18,1576.05,606.05,1288.27,0.4704,1.3,20.0,dapi,0
SCRAMBLE_KD,30min,10x-1,1827,755.1,286.8,98,107.63,139.92,1202.43,232.43,1116.92,0.2081,1.3,20.0,dapi,0
SCRAMBLE_KD,30min,10x-1,1828,753.7,352.7,67,105.45,137.09,1320.84,350.84,1010.99,0.347,1.3,20.0,dapi,0
SCRAMBLE_KD,30min,10x-1,1829,756.3,439.0,110,99.55,129.42,1142.37,172.37,1088.13,0.1584,1.3,20.0,dapi,0
SCRAMBLE_KD,30min,10x-1,1830,754.5,526.0,78,53.58,69.65,1498.1,528.1,1059.99,0.4982,1.3,20.0,dapi,0
SCRAMBLE_KD,30min,10x-1,1831,756.0,245.5,78,120.13,156.17,1720.99,750.99,1089.56,0.6893,1.3,20.0,dapi,0
SCRAMBLE_KD,30min,10x-1,1832,757.6,589.7,112,4.84,6.29,1598.47,628.47,975.78,0.6441,1.3,20.0,dapi,0
SCRAMBLE_KD,30min,10x-1,1833,759.8,124.5,100,44.16,57.4,1226.0,256.0,1137.77,0.225,1.3,20.0,dapi,0
SCRAMBLE_KD,30min,10x-1,1834,757.7,186.1,76,104.23,135.5,1212.7,242.7,1103.51,0.2199,1.3,20.0,dapi,0
SCRAMBLE_KD,30min,10x-1,1835,759.0,212.8,97,129.54,168.4,1160.77,190.77,1193.06,0.1599,1.3,20.0,dapi,0
SCRAMBLE_KD,30min,10x-1,1836,758.9,384.7,61,105.03,136.54,1129.2,159.2,1162.36,0.137,1.3,20.0,dapi,0
SCRAMBLE_KD,30min,10x-1,1837,760.7,307.4,95,97.07,126.18,1827.58,857.58,1165.25,0.736,1.3,20.0,dapi,0
SCRAMBLE_KD,30min,10x-1,1838,760.6,370.5,101,101.05,131.36,1171.51,201.51,1201.45,0.1677,1.3,20.0,dapi,0
SCRAMBLE_KD,30min,10x-1,1839,761.2,413.0,94,102.16,132.81,1168.7,198.7,1088.22,0.1826,1.3,20.0,dapi,0
SCRAMBLE_KD,30min,10x-1,1840,761.6,455.3,98,87.74,114.06,1118.88,148.88,1120.54,0.1329,1.3,20.0,dapi,0
SCRAMBLE_KD,30min,10x-1,1841,761.5,553.1,109,36.16,47.01,1261.01,291.01,1017.84,0.2859,1.3,20.0,dapi,0
SCRAMBLE_KD,30min,10x-1,1842,761.2,568.8,96,23.22,30.18,1367.8,397.8,1006.55,0.3952,1.3,20.0,dapi,0
SCRAMBLE_KD,30min,10x-1,1843,761.6,96.5,75,15.21,19.77,2166.84,1196.84,1274.91,0.9388,1.3,20.0,dapi,0
SCRAMBLE_KD,30min,10x-1,1844,761.5,166.1,71,84.15,109.4,1197.46,227.46,998.8,0.2277,1.3,20.0,dapi,0
SCRAMBLE_KD,30min,10x-1,1845,761.0,349.9,65,98.05,127.47,1182.23,212.23,1007.05,0.2107,1.3,20.0,dapi,0
SCRAMBLE_KD,30min,10x-1,1846,763.3,153.5,60,72.76,94.58,1164.02,194.02,1574.85,0.1232,1.3,20.0,dapi,0
SCRAMBLE_KD,30min,10x-1,1847,763.1,179.2,95,95.94,124.73,1546.23,576.23,1198.63,0.4807,1.3,20.0,dapi,0
SCRAMBLE_KD,30min,10x-1,1848,762.0,426.2,95,98.85,128.5,1870.69,900.69,1183.37,0.7611,1.3,20.0,dapi,0
SCRAMBLE_KD,30min,10x-1,1849,762.7,534.5,91,42.75,55.58,1134.62,164.62,1063.4,0.1548,1.3,20.0,dapi,0
SCRAMBLE_KD,30min,10x-1,1850,762.7,142.2,52,60.78,79.01,1192.63,222.63,1082.19,0.2057,1.3,20.0,dapi,0
SCRAMBLE_KD,30min,10x-1,1851,763.6,291.6,71,97.54,126.81,1523.86,553.86,1080.56,0.5126,1.3,20.0,dapi,0
SCRAMBLE_KD,30min,10x-1,1852,764.1,398.2,97,102.33,133.02,1135.18,165.18,1145.36,0.1442,1.3,20.0,dapi,0
SCRAMBLE_KD,30min,10x-1,1853,764.0,446.0,83,89.31,116.1,1133.36,163.36,1078.17,0.1515,1.3,20.0,dapi,0
SCRAMBLE_KD,30min,10x-1,1854,765.0,520.7,124,48.03,62.43,1160.14,190.14,1042.65,0.1824,1.3,20.0,dapi,0
SCRAMBLE_KD,30min,10x-1,1855,763.8,271.9,67,103.3,134.28,1167.01,197.01,1017.13,0.1937,1.3,20.0,dapi,0
SCRAMBLE_KD,30min,10x-1,1856,765.9,583.3,103,8.39,10.9,1660.93,690.93,1001.76,0.6897,1.3,20.0,dapi,0
SCRAMBLE_KD,30min,10x-1,1857,765.6,194.5,85,110.3,143.39,2290.29,1320.29,1278.54,1.0327,1.3,20.0,dapi,0
SCRAMBLE_KD,30min,10x-1,1858,766.1,241.3,89,113.61,147.69,1982.44,1012.44,1212.29,0.8351,1.3,20.0,dapi,0
SCRAMBLE_KD,30min,10x-1,1859,763.1,329.3,46,93.66,121.75,1478.98,508.98,1143.96,0.4449,1.3,20.0,dapi,0
SCRAMBLE_KD,30min,10x-1,1860,766.5,339.4,93,91.41,118.83,1168.98,198.98,1176.09,0.1692,1.3,20.0,dapi,0
SCRAMBLE_KD,30min,10x-1,1861,766.9,88.7,88,7.64,9.93,2111.56,1141.56,1177.93,0.9691,1.3,20.0,dapi,0
SCRAMBLE_KD,30min,10x-1,1862,768.0,109.2,124,27.62,35.9,1467.56,497.56,1232.78,0.4036,1.3,20.0,dapi,0
SCRAMBLE_KD,30min,10x-1,1863,768.4,135.1,79,53.49,69.54,1184.29,214.29,1281.43,0.1672,1.3,20.0,dapi,0
SCRAMBLE_KD,30min,10x-1,1864,765.4,478.7,55,75.88,98.64,1122.16,152.16,1062.82,0.1432,1.3,20.0,dapi,0
SCRAMBLE_KD,30min,10x-1,1865,767.0,487.4,81,69.57,90.45,1119.28,149.28,1187.35,0.1257,1.3,20.0,dapi,0
SCRAMBLE_KD,30min,10x-1,1866,766.9,319.0,67,89.79,116.72,1529.03,559.03,1085.48,0.515,1.3,20.0,dapi,0
SCRAMBLE_KD,30min,10x-1,1867,767.8,127.9,57,46.62,60.6,1324.51,354.51,1126.04,0.3148,1.3,20.0,dapi,0
SCRAMBLE_KD,30min,10x-1,1868,769.6,222.1,94,117.9,153.27,1211.82,241.82,1234.26,0.1959,1.3,20.0,dapi,0
SCRAMBLE_KD,30min,10x-1,1869,770.2,232.7,91,113.49,147.54,1183.32,213.32,1154.53,0.1848,1.3,20.0,dapi,0
SCRAMBLE_KD,30min,10x-1,1870,768.1,461.1,70,80.12,104.16,1127.69,157.69,1089.44,0.1447,1.3,20.0,dapi,0
SCRAMBLE_KD,30min,10x-1,1871,769.1,250.3,59,106.71,138.72,1769.69,799.69,1045.85,0.7646,1.3,20.0,dapi,0
SCRAMBLE_KD,30min,10x-1,1872,768.4,281.8,67,96.99,126.09,1160.06,190.06,1031.91,0.1842,1.3,20.0,dapi,0
SCRAMBLE_KD,30min,10x-1,1873,769.2,354.5,66,91.13,118.47,1292.14,322.14,975.59,0.3302,1.3,20.0,dapi,0
SCRAMBLE_KD,30min,10x-1,1874,768.7,368.2,63,92.84,120.69,1162.54,192.54,1073.02,0.1794,1.3,20.0,dapi,0
SCRAMBLE_KD,30min,10x-1,1875,769.6,501.8,63,57.72,75.04,1175.63,205.63,900.98,0.2282,1.3,20.0,dapi,0
SCRAMBLE_KD,30min,10x-1,1876,770.8,202.1,57,115.86,150.62,1230.96,260.96,1084.68,0.2406,1.3,20.0,dapi,0
SCRAMBLE_KD,30min,10x-1,1877,770.9,299.4,76,88.91,115.58,1182.63,212.63,1074.0,0.198,1.3,20.0,dapi,0
SCRAMBLE_KD,30min,10x-1,1878,772.1,329.4,87,84.66,110.06,1486.6,516.6,1215.34,0.4251,1.3,20.0,dapi,0
SCRAMBLE_KD,30min,10x-1,1879,772.6,378.1,70,90.0,116.99,1122.3,152.3,1027.4,0.1482,1.3,20.0,dapi,0
SCRAMBLE_KD,30min,10x-1,1880,771.8,173.5,66,88.46,115.0,2011.94,1041.94,1112.88,0.9363,1.3,20.0,dapi,0
SCRAMBLE_KD,30min,10x-1,1881,772.7,267.7,65,95.94,124.73,1167.06,197.06,990.97,0.1989,1.3,20.0,dapi,0
SCRAMBLE_KD,30min,10x-1,1882,772.7,387.2,69,91.82,119.36,1158.94,188.94,1007.74,0.1875,1.3,20.0,dapi,0
SCRAMBLE_KD,30min,10x-1,1883,771.9,549.6,86,27.1,35.23,1574.5,604.5,1082.42,0.5585,1.3,20.0,dapi,0
SCRAMBLE_KD,30min,10x-1,1884,773.1,145.8,64,61.51,79.96,1224.17,254.17,1063.72,0.2389,1.3,20.0,dapi,0
SCRAMBLE_KD,30min,10x-1,1885,773.3,428.7,95,87.5,113.75,1147.92,177.92,1086.05,0.1638,1.3,20.0,dapi,0
SCRAMBLE_KD,30min,10x-1,1886,773.8,575.7,109,14.68,19.09,1659.03,689.03,983.2,0.7008,1.3,20.0,dapi,0
SCRAMBLE_KD,30min,10x-1,1887,775.5,259.3,88,96.51,125.46,1567.11,597.11,996.85,0.599,1.3,20.0,dapi,0
SCRAMBLE_KD,30min,10x-1,1888,774.8,514.4,92,45.44,59.08,1151.66,181.66,1043.35,0.1741,1.3,20.0,dapi,0
SCRAMBLE_KD,30min,10x-1,1889,775.8,565.8,94,18.35,23.85,1703.47,733.47,1049.47,0.6989,1.3,20.0,dapi,0
SCRAMBLE_KD,30min,10x-1,1890,776.7,216.5,120,113.91,148.08,1243.18,273.18,1155.13,0.2365,1.3,20.0,dapi,0
SCRAMBLE_KD,30min,10x-1,1891,776.4,459.3,110,73.22,95.18,1249.15,279.15,1123.78,0.2484,1.3,20.0,dapi,0
SCRAMBLE_KD,30min,10x-1,1892,779.5,88.3,119,5.81,7.55,1845.22,875.22,1074.23,0.8147,1.3,20.0,dapi,0
SCRAMBLE_KD,30min,10x-1,1893,775.5,116.0,46,32.92,42.79,1232.39,262.39,1179.41,0.2225,1.3,20.0,dapi,0
SCRAMBLE_KD,30min,10x-1,1894,777.8,310.3,112,79.8,103.75,1217.14,247.14,1152.65,0.2144,1.3,20.0,dapi,0
SCRAMBLE_KD,30min,10x-1,1895,775.9,362.5,91,85.64,111.33,1279.67,309.67,1220.93,0.2536,1.3,20.0,dapi,0
SCRAMBLE_KD,30min,10x-1,1896,776.0,395.7,62,90.16,117.21,1177.53,207.53,1033.55,0.2008,1.3,20.0,dapi,0
SCRAMBLE_KD,30min,10x-1,1897,776.5,406.6,92,87.69,114.0,1137.34,167.34,1117.32,0.1498,1.3,20.0,dapi,0
SCRAMBLE_KD,30min,10x-1,1898,777.6,440.8,100,78.99,102.68,1183.38,213.38,1121.85,0.1902,1.3,20.0,dapi,0
SCRAMBLE_KD,30min,10x-1,1899,776.5,478.5,104,66.3,86.19,1123.55,153.55,1204.07,0.1275,1.3,20.0,dapi,0
SCRAMBLE_KD,30min,10x-1,1900,777.7,489.8,105,58.95,76.63,1113.97,143.97,1049.3,0.1372,1.3,20.0,dapi,0
SCRAMBLE_KD,30min,10x-1,1901,778.7,123.1,84,37.93,49.3,1275.4,305.4,1256.13,0.2431,1.3,20.0,dapi,0
SCRAMBLE_KD,30min,10x-1,1902,780.2,163.0,128,75.83,98.59,1182.1,212.1,1245.05,0.1704,1.3,20.0,dapi,0
SCRAMBLE_KD,30min,10x-1,1903,778.8,277.5,98,87.23,113.4,1261.64,291.64,1166.21,0.2501,1.3,20.0,dapi,0
SCRAMBLE_KD,30min,10x-1,1904,777.5,526.3,83,34.86,45.32,1307.76,337.76,1107.67,0.3049,1.3,20.0,dapi,0
SCRAMBLE_KD,30min,10x-1,1905,779.5,181.7,101,94.45,122.79,1968.39,998.39,1314.1,0.7597,1.3,20.0,dapi,0
SCRAMBLE_KD,30min,10x-1,1906,779.9,286.5,71,84.15,109.4,1161.17,191.17,991.61,0.1928,1.3,20.0,dapi,0
SCRAMBLE_KD,30min,10x-1,1907,780.6,136.4,80,49.46,64.3,1230.3,260.3,1057.6,0.2461,1.3,20.0,dapi,0
SCRAMBLE_KD,30min,10x-1,1908,781.5,249.8,93,95.25,123.83,1236.88,266.88,1165.53,0.229,1.3,20.0,dapi,0
SCRAMBLE_KD,30min,10x-1,1909,781.6,347.2,111,76.84,99.9,1446.58,476.58,1068.64,0.446,1.3,20.0,dapi,0
SCRAMBLE_KD,30min,10x-1,1910,780.5,555.6,92,16.4,21.31,1911.08,941.08,1147.14,0.8204,1.3,20.0,dapi,0
SCRAMBLE_KD,30min,10x-1,1911,783.4,197.0,123,107.55,139.81,1583.16,613.16,1128.8,0.5432,1.3,20.0,dapi,0
SCRAMBLE_KD,30min,10x-1,1912,782.7,209.6,93,112.24,145.91,1723.11,753.11,1228.39,0.6131,1.3,20.0,dapi,0
SCRAMBLE_KD,30min,10x-1,1913,782.2,105.3,70,20.39,26.51,1744.06,774.06,990.34,0.7816,1.3,20.0,dapi,0
SCRAMBLE_KD,30min,10x-1,1914,781.0,171.4,42,83.46,108.5,1210.12,240.12,1284.52,0.1869,1.3,20.0,dapi,0
SCRAMBLE_KD,30min,10x-1,1915,783.3,433.0,104,76.73,99.75,1119.62,149.62,1143.38,0.1309,1.3,20.0,dapi,0
SCRAMBLE_KD,30min,10x-1,1916,782.5,449.5,65,70.48,91.63,1188.18,218.18,1008.74,0.2163,1.3,20.0,dapi,0
SCRAMBLE_KD,30min,10x-1,1917,784.4,504.4,84,45.57,59.25,1166.43,196.43,1129.32,0.1739,1.3,20.0,dapi,0
SCRAMBLE_KD,30min,10x-1,1918,782.3,292.6,30,80.14,104.18,1139.87,169.87,1328.93,0.1278,1.3,20.0,dapi,0
SCRAMBLE_KD,30min,10x-1,1919,782.6,381.0,62,80.72,104.94,1163.44,193.44,1033.15,0.1872,1.3,20.0,dapi,0
SCRAMBLE_KD,30min,10x-1,1920,783.6,146.9,60,59.35,77.15,1180.57,210.57,1109.4,0.1898,1.3,20.0,dapi,0
SCRAMBLE_KD,30min,10x-1,1921,785.0,237.4,101,98.08,127.5,1214.84,244.84,1133.79,0.2159,1.3,20.0,dapi,0
SCRAMBLE_KD,30min,10x-1,1922,784.3,327.9,51,72.64,94.43,1517.84,547.84,1027.9,0.533,1.3,20.0,dapi,0
SCRAMBLE_KD,30min,10x-1,1923,784.9,539.6,109,20.67,26.87,1822.44,852.44,1015.94,0.8391,1.3,20.0,dapi,0
SCRAMBLE_KD,30min,10x-1,1924,786.5,593.8,179,2.73,3.54,1360.24,390.24,729.15,0.5352,1.3,20.0,dapi,0
SCRAMBLE_KD,30min,10x-1,1925,785.0,368.5,82,76.96,100.05,1282.09,312.09,1199.01,0.2603,1.3,20.0,dapi,0
SCRAMBLE_KD,30min,10x-1,1926,785.9,456.2,61,65.14,84.69,1295.26,325.26,1200.69,0.2709,1.3,20.0,dapi,0
SCRAMBLE_KD,30min,10x-1,1927,785.0,476.3,91,59.93,77.91,1132.56,162.56,1052.76,0.1544,1.3,20.0,dapi,0
SCRAMBLE_KD,30min,10x-1,1928,786.4,320.3,87,70.76,91.99,1333.18,363.18,1263.08,0.2875,1.3,20.0,dapi,0
SCRAMBLE_KD,30min,10x-1,1929,787.8,335.0,69,69.1,89.82,1268.48,298.48,959.84,0.311,1.3,20.0,dapi,0
SCRAMBLE_KD,30min,10x-1,1930,789.0,397.0,183,77.58,100.85,1201.02,231.02,1069.21,0.2161,1.3,20.0,dapi,0
SCRAMBLE_KD,30min,10x-1,1931,786.4,515.3,77,37.31,48.51,1261.64,291.64,1059.92,0.2751,1.3,20.0,dapi,0
SCRAMBLE_KD,30min,10x-1,1932,788.2,275.9,120,79.17,102.92,1167.58,197.58,1077.42,0.1834,1.3,20.0,dapi,0
SCRAMBLE_KD,30min,10x-1,1933,787.4,415.2,85,76.21,99.07,1180.88,210.88,1183.31,0.1782,1.3,20.0,dapi,0
SCRAMBLE_KD,30min,10x-1,1934,788.4,527.0,97,27.07,35.18,1476.88,506.88,1052.71,0.4815,1.3,20.0,dapi,0
SCRAMBLE_KD,30min,10x-1,1935,787.9,117.1,87,29.26,38.04,1565.53,595.53,1185.82,0.5022,1.3,20.0,dapi,0
SCRAMBLE_KD,30min,10x-1,1936,788.7,187.5,103,96.98,126.07,1932.17,962.17,1235.23,0.7789,1.3,20.0,dapi,0
SCRAMBLE_KD,30min,10x-1,1937,787.5,301.9,34,71.71,93.22,1153.62,183.62,1301.88,0.141,1.3,20.0,dapi,0
SCRAMBLE_KD,30min,10x-1,1938,790.2,137.5,115,48.4,62.93,1184.83,214.83,1132.86,0.1896,1.3,20.0,dapi,0
SCRAMBLE_KD,30min,10x-1,1939,789.4,569.2,94,5.01,6.51,1550.87,580.87,963.78,0.6027,1.3,20.0,dapi,0
SCRAMBLE_KD,30min,10x-1,1940,789.6,311.3,61,67.8,88.14,1178.98,208.98,1111.38,0.188,1.3,20.0,dapi,0
SCRAMBLE_KD,30min,10x-1,1941,790.4,462.4,71,59.08,76.8,1189.21,219.21,1113.82,0.1968,1.3,20.0,dapi,0
SCRAMBLE_KD,30min,10x-1,1942,791.2,100.3,86,12.13,15.77,2175.47,1205.47,1190.31,1.0127,1.3,20.0,dapi,0
SCRAMBLE_KD,30min,10x-1,1943,790.9,253.1,77,85.97,111.76,1743.97,773.97,1283.22,0.6031,1.3,20.0,dapi,0
SCRAMBLE_KD,30min,10x-1,1944,792.5,355.4,93,68.82,89.46,1229.49,259.49,1191.16,0.2179,1.3,20.0,dapi,0
SCRAMBLE_KD,30min,10x-1,1945,792.0,383.0,104,72.42,94.14,1287.63,317.63,1183.11,0.2685,1.3,20.0,dapi,0
SCRAMBLE_KD,30min,10x-1,1946,791.8,424.8,87,69.9,90.87,1147.93,177.93,1166.17,0.1526,1.3,20.0,dapi,0
SCRAMBLE_KD,30min,10x-1,1947,793.2,154.7,89,65.11,84.65,1212.75,242.75,1163.6,0.2086,1.3,20.0,dapi,0
SCRAMBLE_KD,30min,10x-1,1948,792.0,491.4,56,47.1,61.23,1149.0,179.0,930.21,0.1924,1.3,20.0,dapi,0
SCRAMBLE_KD,30min,10x-1,1949,792.9,554.8,88,6.55,8.51,1917.15,947.15,1041.99,0.909,1.3,20.0,dapi,0
SCRAMBLE_KD,30min,10x-1,1950,793.5,169.2,71,77.85,101.2,1195.38,225.38,1008.27,0.2235,1.3,20.0,dapi,0
SCRAMBLE_KD,30min,10x-1,1951,795.3,223.2,112,95.25,123.83,1180.64,210.64,1128.04,0.1867,1.3,20.0,dapi,0
SCRAMBLE_KD,30min,10x-1,1952,794.7,266.0,105,76.32,99.22,1734.38,764.38,1158.77,0.6596,1.3,20.0,dapi,0
SCRAMBLE_KD,30min,10x-1,1953,793.5,368.3,81,67.91,88.28,1132.8,162.8,1257.01,0.1295,1.3,20.0,dapi,0
SCRAMBLE_KD,30min,10x-1,1954,793.3,233.4,49,92.4,120.12,1358.04,388.04,1061.78,0.3655,1.3,20.0,dapi,0
SCRAMBLE_KD,30min,10x-1,1955,794.3,473.0,83,51.8,67.34,1117.47,147.47,1222.61,0.1206,1.3,20.0,dapi,0
SCRAMBLE_KD,30min,10x-1,1956,794.7,505.6,149,36.09,46.92,1180.27,210.27,1108.17,0.1897,1.3,20.0,dapi,0
SCRAMBLE_KD,30min,10x-1,1957,795.7,546.0,105,8.22,10.68,1739.4,769.4,1058.1,0.7271,1.3,20.0,dapi,0
SCRAMBLE_KD,30min,10x-1,1958,796.1,209.8,88,100.49,130.64,1923.41,953.41,1198.32,0.7956,1.3,20.0,dapi,0
SCRAMBLE_KD,30min,10x-1,1959,795.1,293.5,59,67.62,87.91,1171.83,201.83,1011.69,0.1995,1.3,20.0,dapi,0
SCRAMBLE_KD,30min,10x-1,1960,796.0,450.6,68,58.44,75.97,1410.72,440.72,1142.21,0.3859,1.3,20.0,dapi,0
SCRAMBLE_KD,30min,10x-1,1961,797.7,122.6,102,33.66,43.75,1288.8,318.8,1150.98,0.277,1.3,20.0,dapi,0
SCRAMBLE_KD,30min,10x-1,1962,796.8,145.4,57,54.39,70.7,1414.39,444.39,1173.84,0.3786,1.3,20.0,dapi,0
SCRAMBLE_KD,30min,10x-1,1963,796.1,314.6,54,61.27,79.65,1146.7,176.7,1070.7,0.165,1.3,20.0,dapi,0
SCRAMBLE_KD,30min,10x-1,1964,799.0,102.2,107,12.63,16.42,2021.57,1051.57,1084.08,0.97,1.3,20.0,dapi,0
SCRAMBLE_KD,30min,10x-1,1965,797.7,180.2,68,85.86,111.61,1268.56,298.56,1065.57,0.2802,1.3,20.0,dapi,0
SCRAMBLE_KD,30min,10x-1,1966,795.9,188.3,29,93.69,121.8,1673.72,703.72,1138.14,0.6183,1.3,20.0,dapi,0
SCRAMBLE_KD,30min,10x-1,1967,798.6,336.3,66,58.3,75.79,1185.03,215.03,1140.62,0.1885,1.3,20.0,dapi,0
SCRAMBLE_KD,30min,10x-1,1968,798.8,415.0,49,64.45,83.78,1161.51,191.51,1090.41,0.1756,1.3,20.0,dapi,0
SCRAMBLE_KD,30min,10x-1,1969,801.1,114.3,55,24.62,32.0,1544.04,574.04,994.76,0.5771,1.3,20.0,dapi,0
SCRAMBLE_KD,30min,10x-1,1970,799.7,135.0,63,44.16,57.4,1441.25,471.25,1233.46,0.3821,1.3,20.0,dapi,0
SCRAMBLE_KD,30min,10x-1,1971,800.7,164.6,91,71.26,92.64,1283.05,313.05,1177.92,0.2658,1.3,20.0,dapi,0
SCRAMBLE_KD,30min,10x-1,1972,801.2,240.8,85,81.79,106.32,1767.41,797.41,1186.98,0.6718,1.3,20.0,dapi,0
SCRAMBLE_KD,30min,10x-1,1973,800.7,253.0,93,77.19,100.35,1415.24,445.24,1160.81,0.3836,1.3,20.0,dapi,0
SCRAMBLE_KD,30min,10x-1,1974,800.1,273.2,61,68.92,89.6,1339.75,369.75,1013.97,0.3647,1.3,20.0,dapi,0
SCRAMBLE_KD,30min,10x-1,1975,800.9,347.1,73,58.16,75.61,1286.97,316.97,959.75,0.3303,1.3,20.0,dapi,0
SCRAMBLE_KD,30min,10x-1,1976,801.7,421.8,94,60.28,78.36,1235.35,265.35,1241.35,0.2138,1.3,20.0,dapi,0
SCRAMBLE_KD,30min,10x-1,1977,800.9,480.9,74,43.31,56.3,1173.0,203.0,1081.22,0.1878,1.3,20.0,dapi,0
SCRAMBLE_KD,30min,10x-1,1978,799.8,532.6,92,14.85,19.3,1907.58,937.58,1115.05,0.8408,1.3,20.0,dapi,0
SCRAMBLE_KD,30min,10x-1,1979,801.3,285.8,65,63.92,83.1,1207.49,237.49,972.49,0.2442,1.3,20.0,dapi,0
SCRAMBLE_KD,30min,10x-1,1980,802.9,193.0,68,94.47,122.82,1727.93,757.93,1234.37,0.614,1.3,20.0,dapi,0
SCRAMBLE_KD,30min,10x-1,1981,804.9,326.2,120,51.62,67.1,1139.03,169.03,1048.83,0.1612,1.3,20.0,dapi,0
SCRAMBLE_KD,30min,10x-1,1982,803.4,371.1,102,59.29,77.07,1134.34,164.34,1134.37,0.1449,1.3,20.0,dapi,0
SCRAMBLE_KD,30min,10x-1,1983,801.5,395.0,56,64.45,83.78,1169.59,199.59,1062.5,0.1878,1.3,20.0,dapi,0
SCRAMBLE_KD,30min,10x-1,1984,803.4,437.9,86,56.31,73.2,1151.53,181.53,1206.23,0.1505,1.3,20.0,dapi,0
SCRAMBLE_KD,30min,10x-1,1985,801.8,467.6,80,45.71,59.43,1127.47,157.47,1285.03,0.1225,1.3,20.0,dapi,0
SCRAMBLE_KD,30min,10x-1,1986,803.5,522.8,114,18.82,24.47,1438.66,468.66,986.19,0.4752,1.3,20.0,dapi,0
SCRAMBLE_KD,30min,10x-1,1987,803.1,148.8,63,55.55,72.22,1199.87,229.87,1139.97,0.2016,1.3,20.0,dapi,0
SCRAMBLE_KD,30min,10x-1,1988,803.4,405.1,88,63.39,82.4,1140.86,170.86,1139.08,0.15,1.3,20.0,dapi,0
SCRAMBLE_KD,30min,10x-1,1989,803.6,492.0,76,36.82,47.86,1147.37,177.37,1201.86,0.1476,1.3,20.0,dapi,0
SCRAMBLE_KD,30min,10x-1,1990,804.8,305.4,93,54.54,70.9,1293.66,323.66,1136.95,0.2847,1.3,20.0,dapi,0
SCRAMBLE_KD,30min,10x-1,1991,805.3,361.8,66,56.62,73.61,1187.52,217.52,975.26,0.223,1.3,20.0,dapi,0
SCRAMBLE_KD,30min,10x-1,1992,806.0,449.5,122,49.62,64.5,1221.65,251.65,1179.53,0.2133,1.3,20.0,dapi,0
SCRAMBLE_KD,30min,10x-1,1993,805.5,216.0,46,89.02,115.72,1196.35,226.35,1054.59,0.2146,1.3,20.0,dapi,0
SCRAMBLE_KD,30min,10x-1,1994,806.0,499.8,54,30.63,39.81,1212.41,242.41,1002.57,0.2418,1.3,20.0,dapi,0
SCRAMBLE_KD,30min,10x-1,1995,806.9,227.9,83,82.37,107.08,1309.19,339.19,1259.95,0.2692,1.3,20.0,dapi,0
SCRAMBLE_KD,30min,10x-1,1996,806.5,388.4,61,58.3,75.79,1188.97,218.97,937.13,0.2337,1.3,20.0,dapi,0
SCRAMBLE_KD,30min,10x-1,1997,808.4,427.7,83,53.73,69.85,1131.84,161.84,1059.66,0.1527,1.3,20.0,dapi,0
SCRAMBLE_KD,30min,10x-1,1998,808.5,202.1,62,91.95,119.53,1718.52,748.52,1013.31,0.7387,1.3,20.0,dapi,0
SCRAMBLE_KD,30min,10x-1,1999,809.7,341.8,138,48.4,62.93,1157.3,187.3,1106.08,0.1693,1.3,20.0,dapi,0
SCRAMBLE_KD,30min,10x-1,2000,811.5,94.1,131,4.86,6.32,1525.78,555.78,917.89,0.6055,1.3,20.0,dapi,0
SCRAMBLE_KD,30min,10x-1,2001,809.3,279.5,76,58.0,75.41,1175.09,205.09,934.17,0.2195,1.3,20.0,dapi,0
SCRAMBLE_KD,30min,10x-1,2002,809.5,294.6,99,54.34,70.64,1505.05,535.05,1128.06,0.4743,1.3,20.0,dapi,0
SCRAMBLE_KD,30min,10x-1,2003,809.6,474.2,69,36.16,47.01,1114.67,144.67,1173.32,0.1233,1.3,20.0,dapi,0
SCRAMBLE_KD,30min,10x-1,2004,808.8,507.6,45,23.22,30.18,1424.11,454.11,1006.73,0.4511,1.3,20.0,dapi,0
SCRAMBLE_KD,30min,10x-1,2005,811.8,117.4,108,22.63,29.42,1602.55,632.55,1062.16,0.5955,1.3,20.0,dapi,0
SCRAMBLE_KD,30min,10x-1,2006,811.5,185.7,72,84.18,109.44,1336.39,366.39,1161.49,0.3154,1.3,20.0,dapi,0
SCRAMBLE_KD,30min,10x-1,2007,809.3,257.2,52,68.25,88.72,1434.46,464.46,1085.33,0.4279,1.3,20.0,dapi,0
SCRAMBLE_KD,30min,10x-1,2008,810.4,537.3,123,5.81,7.55,1576.18,606.18,927.84,0.6533,1.3,20.0,dapi,0
SCRAMBLE_KD,30min,10x-1,2009,811.1,143.7,80,48.22,62.68,1160.9,190.9,1176.88,0.1622,1.3,20.0,dapi,0
SCRAMBLE_KD,30min,10x-1,2010,809.8,132.6,25,38.1,49.53,1134.44,164.44,1417.68,0.116,1.3,20.0,dapi,0
SCRAMBLE_KD,30min,10x-1,2011,812.4,312.5,68,46.01,59.81,1171.16,201.16,923.26,0.2179,1.3,20.0,dapi,0
SCRAMBLE_KD,30min,10x-1,2012,811.4,520.3,46,15.23,19.79,1459.26,489.26,942.39,0.5192,1.3,20.0,dapi,0
SCRAMBLE_KD,30min,10x-1,2013,813.0,158.4,73,59.24,77.01,1765.84,795.84,1052.42,0.7562,1.3,20.0,dapi,0
SCRAMBLE_KD,30min,10x-1,2014,814.3,208.6,82,84.36,109.67,1391.26,421.26,1212.83,0.3473,1.3,20.0,dapi,0
SCRAMBLE_KD,30min,10x-1,2015,811.9,238.7,50,72.72,94.53,1460.92,490.92,1036.54,0.4736,1.3,20.0,dapi,0
SCRAMBLE_KD,30min,10x-1,2016,814.1,417.1,110,49.38,64.19,1136.22,166.22,1052.47,0.1579,1.3,20.0,dapi,0
SCRAMBLE_KD,30min,10x-1,2017,814.1,466.0,78,35.61,46.29,1154.88,184.88,1065.15,0.1736,1.3,20.0,dapi,0
SCRAMBLE_KD,30min,10x-1,2018,811.9,484.1,43,32.0,41.6,1152.63,182.63,959.84,0.1903,1.3,20.0,dapi,0
SCRAMBLE_KD,30min,10x-1,2019,815.0,106.6,97,12.4,16.12,1666.11,696.11,991.74,0.7019,1.3,20.0,dapi,0
SCRAMBLE_KD,30min,10x-1,2020,816.1,268.7,170,56.31,73.2,1212.99,242.99,1054.39,0.2305,1.3,20.0,dapi,0
SCRAMBLE_KD,30min,10x-1,2021,814.9,377.7,89,48.9,63.57,1199.7,229.7,1150.57,0.1996,1.3,20.0,dapi,0
SCRAMBLE_KD,30min,10x-1,2022,816.3,166.1,82,64.68,84.08,1335.83,365.83,1247.21,0.2933,1.3,20.0,dapi,0
SCRAMBLE_KD,30min,10x-1,2023,814.7,389.1,56,50.54,65.7,1194.11,224.11,1005.55,0.2229,1.3,20.0,dapi,0
SCRAMBLE_KD,30min,10x-1,2024,816.0,405.4,100,50.62,65.81,1149.3,179.3,1074.01,0.1669,1.3,20.0,dapi,0
SCRAMBLE_KD,30min,10x-1,2025,816.5,494.9,97,24.54,31.9,1338.22,368.22,998.7,0.3687,1.3,20.0,dapi,0
SCRAMBLE_KD,30min,10x-1,2026,815.8,195.0,45,87.86,114.22,1222.8,252.8,1094.24,0.231,1.3,20.0,dapi,0
SCRAMBLE_KD,30min,10x-1,2027,815.5,443.1,46,42.39,55.11,1165.67,195.67,1045.8,0.1871,1.3,20.0,dapi,0
SCRAMBLE_KD,30min,10x-1,2028,817.0,223.8,77,76.01,98.81,1171.51,201.51,1156.91,0.1742,1.3,20.0,dapi,0
SCRAMBLE_KD,30min,10x-1,2029,816.7,251.0,89,63.16,82.11,1229.04,259.04,1204.12,0.2151,1.3,20.0,dapi,0
SCRAMBLE_KD,30min,10x-1,2030,818.3,363.4,116,43.65,56.74,1299.93,329.93,1012.99,0.3257,1.3,20.0,dapi,0
SCRAMBLE_KD,30min,10x-1,2031,817.1,456.1,97,37.57,48.84,1318.04,348.04,1052.72,0.3306,1.3,20.0,dapi,0
SCRAMBLE_KD,30min,10x-1,2032,818.7,178.8,73,73.97,96.17,1199.95,229.95,1084.34,0.2121,1.3,20.0,dapi,0
SCRAMBLE_KD,30min,10x-1,2033,818.3,294.8,88,45.44,59.08,1225.57,255.57,1241.72,0.2058,1.3,20.0,dapi,0
SCRAMBLE_KD,30min,10x-1,2034,817.8,321.9,44,38.7,50.31,1190.16,220.16,1032.68,0.2132,1.3,20.0,dapi,0
SCRAMBLE_KD,30min,10x-1,2035,818.4,330.2,46,38.76,50.39,1434.35,464.35,969.17,0.4791,1.3,20.0,dapi,0
SCRAMBLE_KD,30min,10x-1,2036,821.2,349.5,146,39.32,51.12,1487.82,517.82,1198.37,0.4321,1.3,20.0,dapi,0
SCRAMBLE_KD,30min,10x-1,2037,820.7,510.4,95,12.9,16.77,1717.55,747.55,1014.02,0.7372,1.3,20.0,dapi,0
SCRAMBLE_KD,30min,10x-1,2038,820.3,524.0,140,5.81,7.55,1685.94,715.94,910.96,0.7859,1.3,20.0,dapi,0
SCRAMBLE_KD,30min,10x-1,2039,820.1,397.7,55,47.13,61.27,1173.25,203.25,1016.35,0.2,1.3,20.0,dapi,0
SCRAMBLE_KD,30min,10x-1,2040,820.0,477.5,55,25.42,33.05,1179.53,209.53,911.91,0.2298,1.3,20.0,dapi,0
SCRAMBLE_KD,30min,10x-1,2041,822.0,431.5,74,39.62,51.5,1173.73,203.73,1112.04,0.1832,1.3,20.0,dapi,0
SCRAMBLE_KD,30min,10x-1,2042,822.3,119.6,86,22.27,28.95,1841.4,871.4,1087.4,0.8014,1.3,20.0,dapi,0
SCRAMBLE_KD,30min,10x-1,2043,820.9,148.2,29,46.53,60.48,1145.66,175.66,1285.48,0.1366,1.3,20.0,dapi,0
SCRAMBLE_KD,30min,10x-1,2044,822.9,239.4,79,63.01,81.91,1702.23,732.23,1142.58,0.6409,1.3,20.0,dapi,0
SCRAMBLE_KD,30min,10x-1,2045,822.4,285.8,65,43.75,56.88,1699.34,729.34,1002.18,0.7277,1.3,20.0,dapi,0
SCRAMBLE_KD,30min,10x-1,2046,823.6,186.6,83,76.55,99.52,1169.16,199.16,1221.04,0.1631,1.3,20.0,dapi,0
SCRAMBLE_KD,30min,10x-1,2047,822.2,132.7,31,33.66,43.75,1146.0,176.0,1304.52,0.1349,1.3,20.0,dapi,0
SCRAMBLE_KD,30min,10x-1,2048,823.7,153.1,43,49.46,64.3,1167.0,197.0,1305.35,0.1509,1.3,20.0,dapi,0
SCRAMBLE_KD,30min,10x-1,2049,823.7,208.5,61,75.4,98.02,1237.44,267.44,993.52,0.2692,1.3,20.0,dapi,0
SCRAMBLE_KD,30min,10x-1,2050,825.8,274.6,89,44.65,58.04,1295.7,325.7,1164.29,0.2797,1.3,20.0,dapi,0
SCRAMBLE_KD,30min,10x-1,2051,824.3,305.1,62,36.62,47.6,1291.1,321.1,974.97,0.3293,1.3,20.0,dapi,0
SCRAMBLE_KD,30min,10x-1,2052,824.2,315.3,65,33.65,43.74,1211.34,241.34,1020.74,0.2364,1.3,20.0,dapi,0
SCRAMBLE_KD,30min,10x-1,2053,824.2,441.0,66,36.04,46.85,1625.5,655.5,914.98,0.7164,1.3,20.0,dapi,0
SCRAMBLE_KD,30min,10x-1,2054,826.1,104.4,118,5.83,7.58,1724.25,754.25,962.93,0.7833,1.3,20.0,dapi,0
SCRAMBLE_KD,30min,10x-1,2055,826.7,341.3,117,31.49,40.93,1543.42,573.42,1042.26,0.5502,1.3,20.0,dapi,0
SCRAMBLE_KD,30min,10x-1,2056,827.2,226.4,85,65.89,85.65,1220.34,250.34,1223.74,0.2046,1.3,20.0,dapi,0
SCRAMBLE_KD,30min,10x-1,2057,825.9,248.8,47,55.73,72.45,1196.98,226.98,1136.17,0.1998,1.3,20.0,dapi,0
SCRAMBLE_KD,30min,10x-1,2058,826.5,375.9,91,36.82,47.86,2037.11,1067.11,1184.4,0.901,1.3,20.0,dapi,0
SCRAMBLE_KD,30min,10x-1,2059,825.3,388.2,60,40.52,52.67,1230.42,260.42,965.33,0.2698,1.3,20.0,dapi,0
SCRAMBLE_KD,30min,10x-1,2060,825.9,457.0,48,28.55,37.11,1221.79,251.79,1026.58,0.2453,1.3,20.0,dapi,0
SCRAMBLE_KD,30min,10x-1,2061,826.4,197.4,45,78.53,102.09,1190.62,220.62,1059.53,0.2082,1.3,20.0,dapi,0
SCRAMBLE_KD,30min,10x-1,2062,826.7,493.8,68,14.7,19.11,1494.63,524.63,909.97,0.5765,1.3,20.0,dapi,0
SCRAMBLE_KD,30min,10x-1,2063,827.7,169.5,66,60.77,79.01,1146.35,176.35,1057.42,0.1668,1.3,20.0,dapi,0
SCRAMBLE_KD,30min,10x-1,2064,828.7,400.4,56,37.95,49.34,1288.64,318.64,968.79,0.3289,1.3,20.0,dapi,0
SCRAMBLE_KD,30min,10x-1,2065,829.9,417.9,100,33.66,43.75,1310.75,340.75,1084.01,0.3143,1.3,20.0,dapi,0
SCRAMBLE_KD,30min,10x-1,2066,829.8,218.0,45,66.05,85.87,1187.69,217.69,1134.07,0.192,1.3,20.0,dapi,0
SCRAMBLE_KD,30min,10x-1,2067,830.8,262.3,69,46.3,60.19,1190.55,220.55,1410.36,0.1564,1.3,20.0,dapi,0
SCRAMBLE_KD,30min,10x-1,2068,832.4,330.5,96,24.93,32.4,1709.44,739.44,1095.44,0.675,1.3,20.0,dapi,0
SCRAMBLE_KD,30min,10x-1,2069,832.2,465.7,100,19.84,25.8,1632.04,662.04,1002.28,0.6605,1.3,20.0,dapi,0
SCRAMBLE_KD,30min,10x-1,2070,830.2,235.9,38,58.68,76.28,1251.0,281.0,1376.5,0.2041,1.3,20.0,dapi,0
SCRAMBLE_KD,30min,10x-1,2071,831.3,433.7,66,30.62,39.8,1248.88,278.88,1070.94,0.2604,1.3,20.0,dapi,0
SCRAMBLE_KD,30min,10x-1,2072,830.4,135.8,48,31.63,41.11,1282.65,312.65,1040.31,0.3005,1.3,20.0,dapi,0
SCRAMBLE_KD,30min,10x-1,2073,832.5,157.0,57,48.43,62.96,1514.0,544.0,1235.42,0.4403,1.3,20.0,dapi,0
SCRAMBLE_KD,30min,10x-1,2074,833.6,176.9,62,62.41,81.13,1192.26,222.26,1073.05,0.2071,1.3,20.0,dapi,0
SCRAMBLE_KD,30min,10x-1,2075,833.6,305.7,86,27.1,35.23,1516.78,546.78,1130.92,0.4835,1.3,20.0,dapi,0
SCRAMBLE_KD,30min,10x-1,2076,832.8,321.6,66,23.73,30.85,1863.94,893.94,949.2,0.9418,1.3,20.0,dapi,0
SCRAMBLE_KD,30min,10x-1,2077,833.8,383.2,62,30.89,40.15,1630.23,660.23,1098.45,0.6011,1.3,20.0,dapi,0
SCRAMBLE_KD,30min,10x-1,2078,836.3,108.9,130,6.02,7.82,1551.48,581.48,934.8,0.622,1.3,20.0,dapi,0
SCRAMBLE_KD,30min,10x-1,2079,835.9,210.6,78,63.54,82.6,1146.09,176.09,1288.85,0.1366,1.3,20.0,dapi,0
SCRAMBLE_KD,30min,10x-1,2080,834.9,292.6,107,29.26,38.04,1217.15,247.15,1064.3,0.2322,1.3,20.0,dapi,0
SCRAMBLE_KD,30min,10x-1,2081,836.2,407.6,96,30.66,39.86,1985.22,1015.22,1161.46,0.8741,1.3,20.0,dapi,0
SCRAMBLE_KD,30min,10x-1,2082,835.2,450.4,126,22.19,28.85,1754.58,784.58,974.17,0.8054,1.3,20.0,dapi,0
SCRAMBLE_KD,30min,10x-1,2083,834.5,502.7,60,3.93,5.11,1666.58,696.58,967.53,0.72,1.3,20.0,dapi,0
SCRAMBLE_KD,30min,10x-1,2084,835.8,188.2,58,69.12,89.86,1144.95,174.95,1021.28,0.1713,1.3,20.0,dapi,0
SCRAMBLE_KD,30min,10x-1,2085,837.5,203.0,92,65.11,84.65,1195.88,225.88,1309.62,0.1725,1.3,20.0,dapi,0
SCRAMBLE_KD,30min,10x-1,2086,836.3,374.5,72,27.94,36.32,1851.38,881.38,1027.9,0.8574,1.3,20.0,dapi,0
SCRAMBLE_KD,30min,10x-1,2087,837.0,422.8,49,25.62,33.3,1829.1,859.1,1034.82,0.8302,1.3,20.0,dapi,0
SCRAMBLE_KD,30min,10x-1,2088,837.6,137.6,67,29.44,38.27,1347.06,377.06,1137.21,0.3316,1.3,20.0,dapi,0
SCRAMBLE_KD,30min,10x-1,2089,838.2,147.4,86,36.77,47.8,1177.78,207.78,1081.01,0.1922,1.3,20.0,dapi,0
SCRAMBLE_KD,30min,10x-1,2090,839.0,242.7,83,47.3,61.49,1149.78,179.78,1271.8,0.1414,1.3,20.0,dapi,0
SCRAMBLE_KD,30min,10x-1,2091,837.3,282.8,91,31.14,40.49,1348.58,378.58,1107.52,0.3418,1.3,20.0,dapi,0
SCRAMBLE_KD,30min,10x-1,2092,838.7,125.9,100,18.63,24.22,1560.98,590.98,965.9,0.6118,1.3,20.0,dapi,0
SCRAMBLE_KD,30min,10x-1,2093,837.6,225.0,27,55.92,72.7,1137.11,167.11,1428.26,0.117,1.3,20.0,dapi,0
SCRAMBLE_KD,30min,10x-1,2094,838.4,395.2,62,29.93,38.9,1909.97,939.97,1035.24,0.908,1.3,20.0,dapi,0
SCRAMBLE_KD,30min,10x-1,2095,839.6,169.2,109,52.56,68.32,1153.19,183.19,1314.78,0.1393,1.3,20.0,dapi,0
SCRAMBLE_KD,30min,10x-1,2096,840.6,478.5,94,5.64,7.33,1598.51,628.51,963.03,0.6526,1.3,20.0,dapi,0
SCRAMBLE_KD,30min,10x-1,2097,840.4,389.1,36,26.1,33.93,1677.22,707.22,1126.11,0.628,1.3,20.0,dapi,0
SCRAMBLE_KD,30min,10x-1,2098,842.0,314.7,68,16.24,21.11,1863.72,893.72,1053.72,0.8482,1.3,20.0,dapi,0
SCRAMBLE_KD,30min,10x-1,2099,846.0,341.8,169,13.41,17.43,1669.89,699.89,1056.24,0.6626,1.3,20.0,dapi,0
SCRAMBLE_KD,30min,10x-1,2100,842.2,413.8,49,23.97,31.16,2092.49,1122.49,1133.33,0.9904,1.3,20.0,dapi,0
SCRAMBLE_KD,30min,10x-1,2101,843.7,430.8,90,17.63,22.92,1967.66,997.66,1107.67,0.9007,1.3,20.0,dapi,0
SCRAMBLE_KD,30min,10x-1,2102,845.8,199.0,88,60.09,78.11,1253.17,283.17,1180.16,0.2399,1.3,20.0,dapi,0
SCRAMBLE_KD,30min,10x-1,2103,846.1,180.6,85,57.42,74.64,1162.6,192.6,1310.16,0.147,1.3,20.0,dapi,0
SCRAMBLE_KD,30min,10x-1,2104,844.6,441.2,62,15.42,20.05,1870.55,900.55,1052.68,0.8555,1.3,20.0,dapi,0
SCRAMBLE_KD,30min,10x-1,2105,847.4,281.0,78,23.82,30.97,1310.74,340.74,1165.74,0.2923,1.3,20.0,dapi,0
SCRAMBLE_KD,30min,10x-1,2106,847.6,188.6,66,62.85,81.7,1196.95,226.95,1343.65,0.1689,1.3,20.0,dapi,0
SCRAMBLE_KD,30min,10x-1,2107,849.2,217.2,103,49.24,64.01,1145.74,175.74,1069.57,0.1643,1.3,20.0,dapi,0
SCRAMBLE_KD,30min,10x-1,2108,847.7,230.4,69,44.78,58.22,1169.61,199.61,1165.91,0.1712,1.3,20.0,dapi,0
SCRAMBLE_KD,30min,10x-1,2109,848.1,301.7,99,14.77,19.19,1916.05,946.05,1115.37,0.8482,1.3,20.0,dapi,0
SCRAMBLE_KD,30min,10x-1,2110,849.6,115.3,103,4.31,5.61,1438.91,468.91,909.03,0.5158,1.3,20.0,dapi,0
SCRAMBLE_KD,30min,10x-1,2111,847.1,248.2,51,37.87,49.23,1181.27,211.27,1141.8,0.185,1.3,20.0,dapi,0
SCRAMBLE_KD,30min,10x-1,2112,847.3,379.0,44,17.63,22.92,2096.84,1126.84,1253.2,0.8992,1.3,20.0,dapi,0
SCRAMBLE_KD,30min,10x-1,2113,850.9,452.1,118,6.98,9.07,1701.56,731.56,1057.47,0.6918,1.3,20.0,dapi,0
SCRAMBLE_KD,30min,10x-1,2114,848.8,470.4,89,3.59,4.67,1683.75,713.75,855.83,0.834,1.3,20.0,dapi,0
SCRAMBLE_KD,30min,10x-1,2115,849.3,136.1,92,21.74,28.26,1802.83,832.83,1116.38,0.746,1.3,20.0,dapi,0
SCRAMBLE_KD,30min,10x-1,2116,849.3,167.2,87,44.76,58.18,1203.48,233.48,1233.74,0.1892,1.3,20.0,dapi,0
SCRAMBLE_KD,30min,10x-1,2117,848.5,405.9,41,18.62,24.2,1787.34,817.34,989.56,0.826,1.3,20.0,dapi,0
SCRAMBLE_KD,30min,10x-1,2118,850.2,255.4,65,31.63,41.11,1225.22,255.22,1264.55,0.2018,1.3,20.0,dapi,0
SCRAMBLE_KD,30min,10x-1,2119,850.3,151.9,61,34.02,44.23,1301.34,331.34,981.46,0.3376,1.3,20.0,dapi,0
SCRAMBLE_KD,30min,10x-1,2120,850.9,443.8,36,8.95,11.63,1733.64,763.64,1097.22,0.696,1.3,20.0,dapi,0
SCRAMBLE_KD,30min,10x-1,2121,856.0,370.6,102,7.87,10.24,1879.87,909.87,1104.74,0.8236,1.3,20.0,dapi,0
SCRAMBLE_KD,30min,10x-1,2122,856.2,202.2,108,50.08,65.1,1170.56,200.56,1162.35,0.1726,1.3,20.0,dapi,0
SCRAMBLE_KD,30min,10x-1,2123,855.5,398.9,78,11.54,15.0,1724.76,754.76,1041.19,0.7249,1.3,20.0,dapi,0
SCRAMBLE_KD,30min,10x-1,2124,855.2,161.0,57,36.28,47.16,1374.46,404.46,1135.3,0.3563,1.3,20.0,dapi,0
SCRAMBLE_KD,30min,10x-1,2125,854.2,328.7,59,2.86,3.72,1569.88,599.88,835.39,0.7181,1.3,20.0,dapi,0
SCRAMBLE_KD,30min,10x-1,2126,855.8,356.2,108,5.99,7.79,1662.31,692.31,958.9,0.722,1.3,20.0,dapi,0
SCRAMBLE_KD,30min,10x-1,2127,854.9,389.0,45,11.93,15.51,1791.16,821.16,985.31,0.8334,1.3,20.0,dapi,0
SCRAMBLE_KD,30min,10x-1,2128,856.8,302.9,87,5.71,7.42,1705.61,735.61,1028.26,0.7154,1.3,20.0,dapi,0
SCRAMBLE_KD,30min,10x-1,2129,855.0,379.5,47,9.64,12.53,2069.19,1099.19,1165.83,0.9428,1.3,20.0,dapi,0
SCRAMBLE_KD,30min,10x-1,2130,859.4,412.9,186,8.66,11.25,1741.68,771.68,1076.19,0.717,1.3,20.0,dapi,0
SCRAMBLE_KD,30min,10x-1,2131,856.1,426.4,53,6.46,8.39,1628.85,658.85,839.43,0.7849,1.3,20.0,dapi,0
SCRAMBLE_KD,30min,10x-1,2132,856.3,184.4,44,54.45,70.79,1271.36,301.36,1105.52,0.2726,1.3,20.0,dapi,0
SCRAMBLE_KD,30min,10x-1,2133,859.0,232.3,61,33.86,44.02,1297.34,327.34,1275.11,0.2567,1.3,20.0,dapi,0
SCRAMBLE_KD,30min,10x-1,2134,856.7,314.6,38,2.5,3.26,1661.58,691.58,895.32,0.7724,1.3,20.0,dapi,0
SCRAMBLE_KD,30min,10x-1,2135,860.9,124.0,113,6.09,7.91,1640.16,670.16,966.95,0.6931,1.3,20.0,dapi,0
SCRAMBLE_KD,30min,10x-1,2136,860.9,176.2,87,45.03,58.54,1199.64,229.64,1196.95,0.1919,1.3,20.0,dapi,0
SCRAMBLE_KD,30min,10x-1,2137,860.4,269.8,82,16.24,21.11,1961.11,991.11,1152.7,0.8598,1.3,20.0,dapi,0
SCRAMBLE_KD,30min,10x-1,2138,859.0,344.8,38,2.73,3.54,1519.03,549.03,891.47,0.6159,1.3,20.0,dapi,0
SCRAMBLE_KD,30min,10x-1,2139,860.2,438.2,65,1.88,2.44,1475.29,505.29,796.65,0.6343,1.3,20.0,dapi,0
SCRAMBLE_KD,30min,10x-1,2140,861.2,222.9,66,35.88,46.64,1263.35,293.35,1320.27,0.2222,1.3,20.0,dapi,0
SCRAMBLE_KD,30min,10x-1,2141,861.0,239.9,71,29.26,38.04,1885.17,915.17,1371.87,0.6671,1.3,20.0,dapi,0
SCRAMBLE_KD,30min,10x-1,2142,863.0,249.1,97,24.93,32.4,2085.63,1115.63,1223.68,0.9117,1.3,20.0,dapi,0
SCRAMBLE_KD,30min,10x-1,2143,862.0,290.4,84,6.55,8.51,1631.86,661.86,1075.58,0.6153,1.3,20.0,dapi,0
SCRAMBLE_KD,30min,10x-1,2144,864.2,157.1,80,27.42,35.64,1586.34,616.34,1060.5,0.5812,1.3,20.0,dapi,0
SCRAMBLE_KD,30min,10x-1,2145,862.2,165.7,75,35.93,46.71,1193.53,223.53,1286.41,0.1738,1.3,20.0,dapi,0
SCRAMBLE_KD,30min,10x-1,2146,861.6,257.3,50,20.42,26.55,1893.06,923.06,1191.96,0.7744,1.3,20.0,dapi,0
SCRAMBLE_KD,30min,10x-1,2147,864.2,392.6,115,5.99,7.79,1585.38,615.38,968.56,0.6354,1.3,20.0,dapi,0
SCRAMBLE_KD,30min,10x-1,2148,864.5,190.5,81,51.08,66.41,1211.85,241.85,1182.96,0.2044,1.3,20.0,dapi,0
SCRAMBLE_KD,30min,10x-1,2149,864.9,212.8,67,36.59,47.56,1293.97,323.97,1364.45,0.2374,1.3,20.0,dapi,0
SCRAMBLE_KD,30min,10x-1,2150,867.3,148.8,96,19.33,25.13,1544.16,574.16,1109.03,0.5177,1.3,20.0,dapi,0
SCRAMBLE_KD,30min,10x-1,2151,865.8,282.2,44,6.09,7.91,1842.39,872.39,1027.0,0.8495,1.3,20.0,dapi,0
SCRAMBLE_KD,30min,10x-1,2152,868.3,136.9,78,10.69,13.9,1851.24,881.24,1058.53,0.8325,1.3,20.0,dapi,0
SCRAMBLE_KD,30min,10x-1,2153,867.9,205.4,54,38.65,50.25,1763.31,793.31,1116.57,0.7105,1.3,20.0,dapi,0
SCRAMBLE_KD,30min,10x-1,2154,868.2,273.6,87,7.42,9.64,1959.22,989.22,1151.11,0.8594,1.3,20.0,dapi,0
SCRAMBLE_KD,30min,10x-1,2155,870.8,129.7,93,4.74,6.16,1624.78,654.78,945.69,0.6924,1.3,20.0,dapi,0
SCRAMBLE_KD,30min,10x-1,2156,871.5,238.4,67,19.54,25.41,1809.9,839.9,1335.36,0.629,1.3,20.0,dapi,0
SCRAMBLE_KD,30min,10x-1,2157,871.9,251.6,77,16.62,21.6,2291.94,1321.94,1251.69,1.0561,1.3,20.0,dapi,0
SCRAMBLE_KD,30min,10x-1,2158,871.0,164.8,53,30.68,39.88,1241.45,271.45,1284.17,0.2114,1.3,20.0,dapi,0
SCRAMBLE_KD,30min,10x-1,2159,870.4,174.9,54,40.16,52.21,1263.72,293.72,1224.43,0.2399,1.3,20.0,dapi,0
SCRAMBLE_KD,30min,10x-1,2160,870.0,226.7,34,26.05,33.87,1526.97,556.97,1244.03,0.4477,1.3,20.0,dapi,0
SCRAMBLE_KD,30min,10x-1,2161,876.9,181.1,68,40.48,52.63,1236.63,266.63,1151.9,0.2315,1.3,20.0,dapi,0
SCRAMBLE_KD,30min,10x-1,2162,875.1,191.0,55,43.65,56.74,1330.82,360.82,1112.98,0.3242,1.3,20.0,dapi,0
SCRAMBLE_KD,30min,10x-1,2163,879.0,197.4,70,36.47,47.41,1575.56,605.56,1239.71,0.4885,1.3,20.0,dapi,0
SCRAMBLE_KD,30min,10x-1,2164,879.2,254.4,85,9.35,12.16,2144.51,1174.51,1215.93,0.9659,1.3,20.0,dapi,0
SCRAMBLE_KD,30min,10x-1,2165,878.6,209.1,36,27.75,36.08,2429.78,1459.78,1379.33,1.0583,1.3,20.0,dapi,0
SCRAMBLE_KD,30min,10x-1,2166,881.0,172.8,83,32.12,41.76,1345.96,375.96,1205.89,0.3118,1.3,20.0,dapi,0
SCRAMBLE_KD,30min,10x-1,2167,882.5,155.1,124,17.19,22.34,1929.01,959.01,1306.36,0.7341,1.3,20.0,dapi,0
SCRAMBLE_KD,30min,10x-1,2168,883.9,204.2,69,27.89,36.26,1931.86,961.86,1398.9,0.6876,1.3,20.0,dapi,0
SCRAMBLE_KD,30min,10x-1,2169,886.0,143.7,103,5.5,7.14,1724.61,754.61,1025.34,0.736,1.3,20.0,dapi,0
SCRAMBLE_KD,30min,10x-1,2170,885.3,239.0,117,7.44,9.67,2212.71,1242.71,1267.37,0.9805,1.3,20.0,dapi,0
SCRAMBLE_KD,30min,10x-1,2171,888.1,184.8,74,36.23,47.1,1219.64,249.64,1164.97,0.2143,1.3,20.0,dapi,0
SCRAMBLE_KD,30min,10x-1,2172,889.1,220.7,82,12.27,15.96,2296.43,1326.43,1410.3,0.9405,1.3,20.0,dapi,0
SCRAMBLE_KD,30min,10x-1,2173,890.7,196.3,49,29.27,38.05,1677.35,707.35,1220.55,0.5795,1.3,20.0,dapi,0
SCRAMBLE_KD,30min,10x-1,2174,892.8,169.1,75,20.68,26.89,1955.08,985.08,1230.01,0.8009,1.3,20.0,dapi,0
SCRAMBLE_KD,30min,10x-1,2175,894.8,190.9,69,29.21,37.98,1369.64,399.64,1297.57,0.308,1.3,20.0,dapi,0
SCRAMBLE_KD,30min,10x-1,2176,896.5,150.3,86,5.64,7.33,1665.33,695.33,1145.38,0.6071,1.3,20.0,dapi,0
SCRAMBLE_KD,30min,10x-1,2177,897.3,178.0,77,25.43,33.06,1465.64,495.64,1308.27,0.3788,1.3,20.0,dapi,0
SCRAMBLE_KD,30min,10x-1,2178,899.9,159.9,90,9.37,12.19,1947.84,977.84,1207.13,0.8101,1.3,20.0,dapi,0
SCRAMBLE_KD,30min,10x-1,2179,905.3,185.4,69,27.34,35.54,1552.0,582.0,1284.91,0.4529,1.3,20.0,dapi,0
SCRAMBLE_KD,30min,10x-1,2180,905.4,164.3,63,9.31,12.11,1809.52,839.52,989.76,0.8482,1.3,20.0,dapi,0
SCRAMBLE_KD,30min,10x-1,2181,906.9,200.7,102,13.62,17.7,2008.58,1038.58,1285.75,0.8078,1.3,20.0,dapi,0
SCRAMBLE_KD,30min,10x-1,2182,909.3,178.1,67,20.75,26.98,1398.46,428.46,1347.82,0.3179,1.3,20.0,dapi,0
SCRAMBLE_KD,30min,10x-1,2183,910.3,190.9,53,19.6,25.48,1738.58,768.58,1142.15,0.6729,1.3,20.0,dapi,0
SCRAMBLE_KD,30min,10x-1,2184,916.2,170.5,95,12.69,16.49,1869.28,899.28,1169.22,0.7691,1.3,20.0,dapi,0
SCRAMBLE_KD,30min,10x-1,2185,919.6,198.3,103,8.97,11.66,2079.1,1109.1,1158.1,0.9577,1.3,20.0,dapi,0
SCRAMBLE_KD,30min,10x-1,2186,920.0,185.6,53,20.52,26.67,1720.87,750.87,1064.64,0.7053,1.3,20.0,dapi,0
SCRAMBLE_KD,30min,10x-1,2187,924.3,163.4,81,4.84,6.29,1923.0,953.0,1086.78,0.8769,1.3,20.0,dapi,0
SCRAMBLE_KD,30min,10x-1,2188,926.2,176.6,58,18.98,24.68,1783.24,813.24,1236.1,0.6579,1.3,20.0,dapi,0
SCRAMBLE_KD,30min,10x-1,2189,930.7,166.9,45,8.15,10.6,2184.02,1214.02,1227.18,0.9893,1.3,20.0,dapi,0
SCRAMBLE_KD,30min,10x-1,2190,932.8,199.6,78,4.84,6.29,1839.53,869.53,1016.49,0.8554,1.3,20.0,dapi,0
SCRAMBLE_KD,30min,10x-1,2191,932.2,187.8,72,15.73,20.45,2096.35,1126.35,1221.22,0.9223,1.3,20.0,dapi,0
SCRAMBLE_KD,30min,10x-1,2192,938.2,179.7,66,17.14,22.28,2094.91,1124.91,1308.36,0.8598,1.3,20.0,dapi,0
SCRAMBLE_KD,30min,10x-1,2193,941.9,172.4,78,12.63,16.42,2137.58,1167.58,1216.42,0.9598,1.3,20.0,dapi,0
SCRAMBLE_KD,30min,10x-1,2194,941.7,193.0,66,5.13,6.67,1894.33,924.33,1134.44,0.8148,1.3,20.0,dapi,0
SCRAMBLE_KD,30min,10x-1,2195,947.1,163.2,83,4.54,5.9,1864.49,894.49,1056.35,0.8468,1.3,20.0,dapi,0
SCRAMBLE_KD,30min,10x-1,2196,950.7,183.4,77,6.25,8.12,1951.48,981.48,1130.16,0.8684,1.3,20.0,dapi,0
SCRAMBLE_KD,30min,10x-1,2197,958.4,177.4,84,7.24,9.42,1907.08,937.08,1143.77,0.8193,1.3,20.0,dapi,0
SCRAMBLE_KD,30min,10x-1,2198,958.8,169.5,87,5.81,7.55,1872.14,902.14,1075.05,0.8392,1.3,20.0,dapi,0
SCRAMBLE_KD,30min,10x-1,2199,975.3,169.4,76,3.59,4.67,1747.64,777.64,907.36,0.857,1.3,20.0,dapi,0
BMPR1A_KD,30min,10x-1,1,85.2,469.1,75,-15.38,-20.0,1150.21,169.21,811.27,0.2086,1.3,20.0,dapi,1
BMPR1A_KD,30min,10x-1,2,94.0,460.7,105,-15.38,-20.0,1594.34,613.34,879.92,0.697,1.3,20.0,dapi,1
BMPR1A_KD,30min,10x-1,3,95.4,494.5,156,-15.38,-20.0,1241.58,260.58,895.79,0.2909,1.3,20.0,dapi,1
BMPR1A_KD,30min,10x-1,4,93.1,476.6,56,-15.38,-20.0,1146.07,165.07,1138.43,0.145,1.3,20.0,dapi,1
BMPR1A_KD,30min,10x-1,5,98.2,447.6,118,-15.38,-20.0,1110.47,129.47,905.99,0.1429,1.3,20.0,dapi,1
BMPR1A_KD,30min,10x-1,6,99.6,487.0,55,-15.38,-20.0,1262.49,281.49,1009.84,0.2787,1.3,20.0,dapi,1
BMPR1A_KD,30min,10x-1,7,101.7,468.5,57,-15.38,-20.0,1183.75,202.75,1005.98,0.2015,1.3,20.0,dapi,1
BMPR1A_KD,30min,10x-1,8,105.2,508.4,85,-15.38,-20.0,1086.74,105.74,874.34,0.1209,1.3,20.0,dapi,1
BMPR1A_KD,30min,10x-1,9,106.6,519.4,91,-15.38,-20.0,1129.01,148.01,836.35,0.177,1.3,20.0,dapi,1
BMPR1A_KD,30min,10x-1,10,105.8,458.8,68,-15.38,-20.0,1182.38,201.38,985.68,0.2043,1.3,20.0,dapi,1
BMPR1A_KD,30min,10x-1,11,107.4,473.9,71,-15.38,-20.0,1142.49,161.49,1205.11,0.134,1.3,20.0,dapi,1
BMPR1A_KD,30min,10x-1,12,106.6,481.5,56,-15.38,-20.0,1245.79,264.79,1003.48,0.2639,1.3,20.0,dapi,1
BMPR1A_KD,30min,10x-1,13,110.4,448.2,94,-15.38,-20.0,1334.5,353.5,1110.27,0.3184,1.3,20.0,dapi,1
BMPR1A_KD,30min,10x-1,14,110.5,488.3,74,-15.38,-20.0,1189.82,208.82,1092.2,0.1912,1.3,20.0,dapi,1
BMPR1A_KD,30min,10x-1,15,115.2,439.5,73,-15.38,-20.0,1336.41,355.41,958.52,0.3708,1.3,20.0,dapi,1
BMPR1A_KD,30min,10x-1,16,115.1,497.1,61,-15.38,-20.0,1222.41,241.41,933.89,0.2585,1.3,20.0,dapi,1
BMPR1A_KD,30min,10x-1,17,114.9,511.4,94,-15.38,-20.0,1168.15,187.15,1053.43,0.1777,1.3,20.0,dapi,1
BMPR1A_KD,30min,10x-1,18,116.7,466.0,65,-15.38,-20.0,1168.45,187.45,1380.74,0.1358,1.3,20.0,dapi,1
BMPR1A_KD,30min,10x-1,19,119.4,529.1,100,-15.38,-20.0,1528.15,547.15,1089.32,0.5023,1.3,20.0,dapi,1
BMPR1A_KD,30min,10x-1,20,121.3,537.6,106,-15.38,-20.0,1139.41,158.41,917.63,0.1726,1.3,20.0,dapi,1
BMPR1A_KD,30min,10x-1,21,120.5,476.6,76,-15.38,-20.0,1121.22,140.22,1271.91,0.1102,1.3,20.0,dapi,1
BMPR1A_KD,30min,10x-1,22,121.0,488.2,74,-15.38,-20.0,1140.8,159.8,1283.41,0.1245,1.3,20.0,dapi,1
BMPR1A_KD,30min,10x-1,23,122.3,455.8,77,-15.38,-20.0,1137.18,156.18,1136.1,0.1375,1.3,20.0,dapi,1
BMPR1A_KD,30min,10x-1,24,124.7,439.1,75,-15.38,-20.0,1211.97,230.97,1123.2,0.2056,1.3,20.0,dapi,1
BMPR1A_KD,30min,10x-1,25,124.8,422.2,100,-15.38,-20.0,1066.85,85.85,877.25,0.0979,1.3,20.0,dapi,1
BMPR1A_KD,30min,10x-1,26,125.7,515.1,108,-15.38,-20.0,1226.18,245.18,1038.92,0.236,1.3,20.0,dapi,1
BMPR1A_KD,30min,10x-1,27,129.2,432.4,85,-15.38,-20.0,1651.06,670.06,1189.94,0.5631,1.3,20.0,dapi,1
BMPR1A_KD,30min,10x-1,28,128.5,448.0,101,-15.38,-20.0,1173.82,192.82,1105.04,0.1745,1.3,20.0,dapi,1
BMPR1A_KD,30min,10x-1,29,128.1,469.4,86,-15.38,-20.0,1137.66,156.66,1308.45,0.1197,1.3,20.0,dapi,1
BMPR1A_KD,30min,10x-1,30,129.7,500.9,97,-15.38,-20.0,1136.68,155.68,1097.37,0.1419,1.3,20.0,dapi,1
BMPR1A_KD,30min,10x-1,31,130.4,490.2,42,-15.38,-20.0,1148.55,167.55,1175.55,0.1425,1.3,20.0,dapi,1
BMPR1A_KD,30min,10x-1,32,134.8,521.0,87,-15.38,-20.0,1135.82,154.82,1117.69,0.1385,1.3,20.0,dapi,1
BMPR1A_KD,30min,10x-1,33,136.8,462.6,100,-15.38,-20.0,1138.76,157.76,1550.46,0.1018,1.3,20.0,dapi,1
BMPR1A_KD,30min,10x-1,34,135.2,545.5,70,-15.38,-20.0,1254.67,273.67,857.11,0.3193,1.3,20.0,dapi,1
BMPR1A_KD,30min,10x-1,35,136.4,481.7,67,-15.38,-20.0,1137.01,156.01,1271.64,0.1227,1.3,20.0,dapi,1
BMPR1A_KD,30min,10x-1,36,138.0,424.9,97,-15.38,-20.0,1317.12,336.12,1111.27,0.3025,1.3,20.0,dapi,1
BMPR1A_KD,30min,10x-1,37,139.6,511.7,87,-15.38,-20.0,1127.75,146.75,1187.16,0.1236,1.3,20.0,dapi,1
BMPR1A_KD,30min,10x-1,38,142.8,452.4,87,-15.38,-20.0,1185.29,204.29,1210.34,0.1688,1.3,20.0,dapi,1
BMPR1A_KD,30min,10x-1,39,142.1,490.2,78,-15.38,-20.0,1115.73,134.73,1283.87,0.1049,1.3,20.0,dapi,1
BMPR1A_KD,30min,10x-1,40,142.7,540.6,101,-15.38,-20.0,1380.41,399.41,1081.34,0.3694,1.3,20.0,dapi,1
BMPR1A_KD,30min,10x-1,41,142.9,439.7,91,-15.38,-20.0,1109.45,128.45,1074.11,0.1196,1.3,20.0,dapi,1
BMPR1A_KD,30min,10x-1,42,143.4,501.7,51,-15.38,-20.0,1101.84,120.84,1133.02,0.1067,1.3,20.0,dapi,1
BMPR1A_KD,30min,10x-1,43,145.8,532.7,79,-15.38,-20.0,1114.59,133.59,1222.3,0.1093,1.3,20.0,dapi,1
BMPR1A_KD,30min,10x-1,44,144.9,479.2,65,-15.38,-20.0,1126.58,145.58,1144.78,0.1272,1.3,20.0,dapi,1
BMPR1A_KD,30min,10x-1,45,145.8,568.9,78,-15.38,-20.0,1113.05,132.05,840.74,0.1571,1.3,20.0,dapi,1
BMPR1A_KD,30min,10x-1,46,148.0,471.8,76,-15.38,-20.0,1118.13,137.13,1328.8,0.1032,1.3,20.0,dapi,1
BMPR1A_KD,30min,10x-1,47,147.3,521.5,90,-15.38,-20.0,1130.73,149.73,1143.34,0.131,1.3,20.0,dapi,1
BMPR1A_KD,30min,10x-1,48,149.5,550.5,93,-15.38,-20.0,1155.46,174.46,1095.3,0.1593,1.3,20.0,dapi,1
BMPR1A_KD,30min,10x-1,49,150.9,410.8,105,-15.38,-20.0,1141.7,160.7,1068.03,0.1505,1.3,20.0,dapi,1
BMPR1A_KD,30min,10x-1,50,151.1,419.2,98,-15.38,-20.0,1184.67,203.67,1170.51,0.174,1.3,20.0,dapi,1
BMPR1A_KD,30min,10x-1,51,151.0,445.4,82,-15.38,-20.0,1116.79,135.79,1263.56,0.1075,1.3,20.0,dapi,1
BMPR1A_KD,30min,10x-1,52,149.0,560.5,60,-15.38,-20.0,1174.43,193.43,956.88,0.2021,1.3,20.0,dapi,1
BMPR1A_KD,30min,10x-1,53,149.9,462.2,56,-15.38,-20.0,1112.7,131.7,1101.3,0.1196,1.3,20.0,dapi,1
BMPR1A_KD,30min,10x-1,54,152.1,429.4,73,-15.38,-20.0,1105.74,124.74,1191.59,0.1047,1.3,20.0,dapi,1
BMPR1A_KD,30min,10x-1,55,152.7,494.4,78,-15.38,-20.0,1111.99,130.99,1174.9,0.1115,1.3,20.0,dapi,1
BMPR1A_KD,30min,10x-1,56,152.7,505.9,78,-15.38,-20.0,1124.18,143.18,1142.54,0.1253,1.3,20.0,dapi,1
BMPR1A_KD,30min,10x-1,57,156.1,400.3,79,-15.38,-20.0,1063.25,82.25,849.71,0.0968,1.3,20.0,dapi,1
BMPR1A_KD,30min,10x-1,58,154.8,487.2,66,-15.38,-20.0,1111.48,130.48,1179.17,0.1107,1.3,20.0,dapi,1
BMPR1A_KD,30min,10x-1,59,155.8,457.1,69,-15.38,-20.0,1119.04,138.04,1291.36,0.1069,1.3,20.0,dapi,1
BMPR1A_KD,30min,10x-1,60,159.2,520.5,109,-15.38,-20.0,1111.44,130.44,1015.45,0.1285,1.3,20.0,dapi,1
BMPR1A_KD,30min,10x-1,61,160.0,568.8,111,-15.38,-20.0,1080.64,99.64,1029.88,0.0967,1.3,20.0,dapi,1
BMPR1A_KD,30min,10x-1,62,159.2,437.8,52,-15.38,-20.0,1098.19,117.19,1016.31,0.1153,1.3,20.0,dapi,1
BMPR1A_KD,30min,10x-1,63,158.7,480.3,48,-15.38,-20.0,1156.69,175.69,1071.85,0.1639,1.3,20.0,dapi,1
BMPR1A_KD,30min,10x-1,64,163.9,580.1,139,-15.38,-20.0,1106.01,125.01,926.56,0.1349,1.3,20.0,dapi,1
BMPR1A_KD,30min,10x-1,65,162.3,451.3,79,-15.38,-20.0,1127.61,146.61,1291.92,0.1135,1.3,20.0,dapi,1
BMPR1A_KD,30min,10x-1,66,164.7,465.7,86,-15.38,-20.0,1108.94,127.94,1215.36,0.1053,1.3,20.0,dapi,1
BMPR1A_KD,30min,10x-1,67,162.6,507.3,64,-15.38,-20.0,1137.66,156.66,997.58,0.157,1.3,20.0,dapi,1
BMPR1A_KD,30min,10x-1,68,162.2,532.5,63,-15.38,-20.0,1113.51,132.51,1089.05,0.1217,1.3,20.0,dapi,1
BMPR1A_KD,30min,10x-1,69,163.4,539.5,67,-15.38,-20.0,1148.84,167.84,943.87,0.1778,1.3,20.0,dapi,1
BMPR1A_KD,30min,10x-1,70,164.2,553.5,113,-15.38,-20.0,1315.89,334.89,1007.67,0.3323,1.3,20.0,dapi,1
BMPR1A_KD,30min,10x-1,71,168.0,366.4,144,-15.38,-20.0,1215.99,234.99,809.23,0.2904,1.3,20.0,dapi,1
BMPR1A_KD,30min,10x-1,72,165.1,389.6,103,-15.38,-20.0,1158.89,177.89,884.31,0.2012,1.3,20.0,dapi,1
BMPR1A_KD,30min,10x-1,73,166.5,475.2,77,-15.38,-20.0,1122.49,141.49,1288.66,0.1098,1.3,20.0,dapi,1
BMPR1A_KD,30min,10x-1,74,166.6,407.2,87,-15.38,-20.0,1114.14,133.14,958.51,0.1389,1.3,20.0,dapi,1
BMPR1A_KD,30min,10x-1,75,167.6,498.8,59,-15.38,-20.0,1206.03,225.03,1026.58,0.2192,1.3,20.0,dapi,1
BMPR1A_KD,30min,10x-1,76,169.9,377.8,114,-15.38,-20.0,1058.93,77.93,901.8,0.0864,1.3,20.0,dapi,1
BMPR1A_KD,30min,10x-1,77,169.1,418.6,56,-15.38,-20.0,1082.18,101.18,1128.46,0.0897,1.3,20.0,dapi,1
BMPR1A_KD,30min,10x-1,78,168.1,432.2,45,-15.38,-20.0,1084.58,103.58,1167.96,0.0887,1.3,20.0,dapi,1
BMPR1A_KD,30min,10x-1,79,168.4,487.2,59,-15.38,-20.0,1291.58,310.58,964.32,0.3221,1.3,20.0,dapi,1
BMPR1A_KD,30min,10x-1,80,169.6,591.6,95,-15.38,-20.0,1035.39,54.39,1089.13,0.0499,1.3,20.0,dapi,1
BMPR1A_KD,30min,10x-1,81,170.3,425.3,67,-15.38,-20.0,1084.58,103.58,1087.51,0.0952,1.3,20.0,dapi,1
BMPR1A_KD,30min,10x-1,82,171.5,514.0,80,-15.38,-20.0,1137.55,156.55,1254.76,0.1248,1.3,20.0,dapi,1
BMPR1A_KD,30min,10x-1,83,171.6,525.4,92,-15.38,-20.0,1123.75,142.75,1150.42,0.1241,1.3,20.0,dapi,1
BMPR1A_KD,30min,10x-1,84,173.5,398.8,111,-15.38,-20.0,1114.33,133.33,1008.98,0.1321,1.3,20.0,dapi,1
BMPR1A_KD,30min,10x-1,85,172.0,454.4,80,-15.38,-20.0,1092.69,111.69,1172.28,0.0953,1.3,20.0,dapi,1
BMPR1A_KD,30min,10x-1,86,172.4,541.8,44,-15.38,-20.0,1227.02,246.02,1161.23,0.2119,1.3,20.0,dapi,1
BMPR1A_KD,30min,10x-1,87,172.8,563.3,74,-15.38,-20.0,1105.3,124.3,1249.64,0.0995,1.3,20.0,dapi,1
BMPR1A_KD,30min,10x-1,88,174.7,605.4,104,-15.38,-20.0,1105.55,124.55,863.12,0.1443,1.3,20.0,dapi,1
BMPR1A_KD,30min,10x-1,89,175.3,619.0,121,-15.38,-20.0,1493.6,512.6,979.86,0.5231,1.3,20.0,dapi,1
BMPR1A_KD,30min,10x-1,90,177.0,409.8,99,-15.38,-20.0,1105.69,124.69,1179.71,0.1057,1.3,20.0,dapi,1
BMPR1A_KD,30min,10x-1,91,176.2,462.8,72,-15.38,-20.0,1130.39,149.39,1339.12,0.1116,1.3,20.0,dapi,1
BMPR1A_KD,30min,10x-1,92,175.3,500.5,54,-15.38,-20.0,1159.91,178.91,1269.39,0.1409,1.3,20.0,dapi,1
BMPR1A_KD,30min,10x-1,93,179.0,450.4,55,-15.38,-20.0,1115.95,134.95,1174.64,0.1149,1.3,20.0,dapi,1
BMPR1A_KD,30min,10x-1,94,183.2,385.2,125,-15.38,-20.0,1186.49,205.49,1008.48,0.2038,1.3,20.0,dapi,1
BMPR1A_KD,30min,10x-1,95,181.0,543.8,92,-15.38,-20.0,1104.84,123.84,1160.17,0.1067,1.3,20.0,dapi,1
BMPR1A_KD,30min,10x-1,96,181.1,555.0,92,-15.38,-20.0,1105.17,124.17,1131.47,0.1097,1.3,20.0,dapi,1
BMPR1A_KD,30min,10x-1,97,181.0,421.6,76,-15.38,-20.0,1096.47,115.47,1026.37,0.1125,1.3,20.0,dapi,1
BMPR1A_KD,30min,10x-1,98,181.1,442.5,54,-15.38,-20.0,1125.43,144.43,1072.43,0.1347,1.3,20.0,dapi,1
BMPR1A_KD,30min,10x-1,99,182.8,485.5,86,-15.38,-20.0,1166.42,185.42,1243.59,0.1491,1.3,20.0,dapi,1
BMPR1A_KD,30min,10x-1,100,181.1,529.8,60,-15.38,-20.0,1122.98,141.98,992.7,0.143,1.3,20.0,dapi,1
BMPR1A_KD,30min,10x-1,101,183.1,433.6,71,-15.38,-20.0,1099.01,118.01,1070.66,0.1102,1.3,20.0,dapi,1
BMPR1A_KD,30min,10x-1,102,182.2,503.8,58,-15.38,-20.0,1222.9,241.9,1052.47,0.2298,1.3,20.0,dapi,1
BMPR1A_KD,30min,10x-1,103,183.8,575.0,93,-15.38,-20.0,1117.62,136.62,1149.34,0.1189,1.3,20.0,dapi,1
BMPR1A_KD,30min,10x-1,104,184.7,370.4,109,-15.38,-20.0,1142.85,161.85,1042.47,0.1553,1.3,20.0,dapi,1
BMPR1A_KD,30min,10x-1,105,184.5,476.4,100,-15.38,-20.0,1123.53,142.53,1138.2,0.1252,1.3,20.0,dapi,1
BMPR1A_KD,30min,10x-1,106,182.8,494.5,57,-15.38,-20.0,1176.6,195.6,1099.98,0.1778,1.3,20.0,dapi,1
BMPR1A_KD,30min,10x-1,107,182.4,517.5,59,-15.38,-20.0,1188.9,207.9,986.75,0.2107,1.3,20.0,dapi,1
BMPR1A_KD,30min,10x-1,108,183.2,594.6,90,-15.38,-20.0,1103.3,122.3,1168.49,0.1047,1.3,20.0,dapi,1
BMPR1A_KD,30min,10x-1,109,184.9,623.5,109,-15.38,-20.0,1162.32,181.32,1021.28,0.1775,1.3,20.0,dapi,1
BMPR1A_KD,30min,10x-1,110,185.1,393.8,64,-15.38,-20.0,1109.86,128.86,979.06,0.1316,1.3,20.0,dapi,1
BMPR1A_KD,30min,10x-1,111,186.6,455.0,82,-15.38,-20.0,1134.96,153.96,1140.62,0.135,1.3,20.0,dapi,1
BMPR1A_KD,30min,10x-1,112,187.8,607.5,122,-15.38,-20.0,1078.92,97.92,1022.21,0.0958,1.3,20.0,dapi,1
BMPR1A_KD,30min,10x-1,113,187.8,406.5,68,-15.38,-20.0,1084.31,103.31,1001.37,0.1032,1.3,20.0,dapi,1
BMPR1A_KD,30min,10x-1,114,189.9,426.7,67,-15.38,-20.0,1101.55,120.55,1140.21,0.1057,1.3,20.0,dapi,1
BMPR1A_KD,30min,10x-1,115,189.8,467.1,84,-15.38,-20.0,1112.87,131.87,1104.11,0.1194,1.3,20.0,dapi,1
BMPR1A_KD,30min,10x-1,116,191.4,528.2,97,-15.38,-20.0,1141.39,160.39,1127.49,0.1423,1.3,20.0,dapi,1
BMPR1A_KD,30min,10x-1,117,192.3,584.7,93,-15.38,-20.0,1096.53,115.53,1127.35,0.1025,1.3,20.0,dapi,1
BMPR1A_KD,30min,10x-1,118,191.2,649.1,149,-15.38,-20.0,1071.27,90.27,807.83,0.1117,1.3,20.0,dapi,1
BMPR1A_KD,30min,10x-1,119,191.4,489.2,58,-15.38,-20.0,1313.24,332.24,997.34,0.3331,1.3,20.0,dapi,1
BMPR1A_KD,30min,10x-1,120,191.4,500.6,74,-15.38,-20.0,1185.62,204.62,920.08,0.2224,1.3,20.0,dapi,1
BMPR1A_KD,30min,10x-1,121,193.5,592.7,91,-15.38,-20.0,1084.22,103.22,1061.51,0.0972,1.3,20.0,dapi,1
BMPR1A_KD,30min,10x-1,122,193.4,358.2,82,-15.38,-20.0,1239.65,258.65,969.95,0.2667,1.3,20.0,dapi,1
BMPR1A_KD,30min,10x-1,123,192.4,516.0,85,-15.38,-20.0,1127.96,146.96,1233.11,0.1192,1.3,20.0,dapi,1
BMPR1A_KD,30min,10x-1,124,193.2,415.0,69,-15.38,-20.0,1094.93,113.93,1056.8,0.1078,1.3,20.0,dapi,1
BMPR1A_KD,30min,10x-1,125,193.0,569.1,69,-15.38,-20.0,1047.86,66.86,1369.09,0.0488,1.3,20.0,dapi,1
BMPR1A_KD,30min,10x-1,126,194.6,620.6,101,-15.38,-20.0,1123.26,142.26,891.13,0.1596,1.3,20.0,dapi,1
BMPR1A_KD,30min,10x-1,127,194.6,633.6,75,-15.38,-20.0,1153.57,172.57,1175.49,0.1468,1.3,20.0,dapi,1
BMPR1A_KD,30min,10x-1,128,196.4,400.1,116,-15.38,-20.0,1072.07,91.07,1050.03,0.0867,1.3,20.0,dapi,1
BMPR1A_KD,30min,10x-1,129,198.5,442.7,141,-15.38,-20.0,1124.95,143.95,1015.74,0.1417,1.3,20.0,dapi,1
BMPR1A_KD,30min,10x-1,130,196.6,377.6,77,-15.38,-20.0,1078.55,97.55,953.87,0.1023,1.3,20.0,dapi,1
BMPR1A_KD,30min,10x-1,131,196.4,559.1,105,-15.38,-20.0,1053.37,72.37,1122.04,0.0645,1.3,20.0,dapi,1
BMPR1A_KD,30min,10x-1,132,197.5,458.0,89,-15.38,-20.0,1098.03,117.03,1089.56,0.1074,1.3,20.0,dapi,1
BMPR1A_KD,30min,10x-1,133,198.1,601.9,75,-15.38,-20.0,1119.95,138.95,1294.83,0.1073,1.3,20.0,dapi,1
BMPR1A_KD,30min,10x-1,134,200.2,481.8,115,-15.38,-20.0,1115.14,134.14,1019.03,0.1316,1.3,20.0,dapi,1
BMPR1A_KD,30min,10x-1,135,202.8,351.1,125,-15.38,-20.0,1072.66,91.66,954.57,0.096,1.3,20.0,dapi,1
BMPR1A_KD,30min,10x-1,136,201.3,505.2,109,-15.38,-20.0,1151.28,170.28,1173.66,0.1451,1.3,20.0,dapi,1
BMPR1A_KD,30min,10x-1,137,200.2,573.6,76,-15.38,-20.0,1061.7,80.7,1025.68,0.0787,1.3,20.0,dapi,1
BMPR1A_KD,30min,10x-1,138,200.6,610.5,69,-15.38,-20.0,1104.99,123.99,1207.75,0.1027,1.3,20.0,dapi,1
BMPR1A_KD,30min,10x-1,139,202.9,368.0,103,-15.38,-20.0,1111.56,130.56,992.84,0.1315,1.3,20.0,dapi,1
BMPR1A_KD,30min,10x-1,140,203.1,422.0,86,-15.38,-20.0,1082.53,101.53,1135.99,0.0894,1.3,20.0,dapi,1
BMPR1A_KD,30min,10x-1,141,201.0,550.4,50,-15.38,-20.0,1053.98,72.98,1055.74,0.0691,1.3,20.0,dapi,1
BMPR1A_KD,30min,10x-1,142,203.4,531.8,87,-15.38,-20.0,1106.52,125.52,1186.53,0.1058,1.3,20.0,dapi,1
BMPR1A_KD,30min,10x-1,143,205.1,340.5,92,-15.38,-20.0,1174.85,193.85,925.22,0.2095,1.3,20.0,dapi,1
BMPR1A_KD,30min,10x-1,144,201.9,411.1,57,-15.38,-20.0,1088.07,107.07,1116.4,0.0959,1.3,20.0,dapi,1
BMPR1A_KD,30min,10x-1,145,203.3,521.1,70,-15.38,-20.0,1123.8,142.8,921.84,0.1549,1.3,20.0,dapi,1
BMPR1A_KD,30min,10x-1,146,206.1,542.3,90,-15.38,-20.0,1073.64,92.64,1136.98,0.0815,1.3,20.0,dapi,1
BMPR1A_KD,30min,10x-1,147,204.4,637.5,81,-15.38,-20.0,1106.11,125.11,1195.69,0.1046,1.3,20.0,dapi,1
BMPR1A_KD,30min,10x-1,148,204.7,385.9,101,-15.38,-20.0,1057.26,76.26,1108.82,0.0688,1.3,20.0,dapi,1
BMPR1A_KD,30min,10x-1,149,204.2,470.9,59,-15.38,-20.0,1111.47,130.47,975.63,0.1337,1.3,20.0,dapi,1
BMPR1A_KD,30min,10x-1,150,205.5,663.7,105,-15.38,-20.0,1148.06,167.06,907.05,0.1842,1.3,20.0,dapi,1
BMPR1A_KD,30min,10x-1,151,207.7,429.1,99,-15.38,-20.0,1094.04,113.04,1046.7,0.108,1.3,20.0,dapi,1
BMPR1A_KD,30min,10x-1,152,206.5,647.9,96,-15.38,-20.0,1091.55,110.55,936.16,0.1181,1.3,20.0,dapi,1
BMPR1A_KD,30min,10x-1,153,207.6,581.4,50,-15.38,-20.0,1073.46,92.46,1106.98,0.0835,1.3,20.0,dapi,1
BMPR1A_KD,30min,10x-1,154,209.0,619.8,120,-15.38,-20.0,1269.58,288.58,1043.73,0.2765,1.3,20.0,dapi,1
BMPR1A_KD,30min,10x-1,155,210.5,498.9,111,-15.38,-20.0,1130.71,149.71,1139.5,0.1314,1.3,20.0,dapi,1
BMPR1A_KD,30min,10x-1,156,208.2,562.9,97,-15.38,-20.0,1047.21,66.21,1154.24,0.0574,1.3,20.0,dapi,1
BMPR1A_KD,30min,10x-1,157,211.6,589.1,82,-15.38,-20.0,1069.54,88.54,1250.82,0.0708,1.3,20.0,dapi,1
BMPR1A_KD,30min,10x-1,158,210.1,411.5,73,-15.38,-20.0,1092.74,111.74,1084.48,0.103,1.3,20.0,dapi,1
BMPR1A_KD,30min,10x-1,159,211.8,604.4,102,-15.38,-20.0,1122.73,141.73,1119.65,0.1266,1.3,20.0,dapi,1
BMPR1A_KD,30min,10x-1,160,211.7,628.4,93,-15.38,-20.0,1131.76,150.76,1159.58,0.13,1.3,20.0,dapi,1
BMPR1A_KD,30min,10x-1,161,211.8,397.0,93,-15.38,-20.0,1076.14,95.14,1185.23,0.0803,1.3,20.0,dapi,1
BMPR1A_KD,30min,10x-1,162,211.5,449.5,78,-15.38,-20.0,1135.77,154.77,1275.47,0.1213,1.3,20.0,dapi,1
BMPR1A_KD,30min,10x-1,163,215.9,326.1,120,-15.38,-20.0,1100.52,119.52,1014.76,0.1178,1.3,20.0,dapi,1
BMPR1A_KD,30min,10x-1,164,215.8,337.8,121,-15.38,-20.0,1090.21,109.21,1018.4,0.1072,1.3,20.0,dapi,1
BMPR1A_KD,30min,10x-1,165,213.8,575.7,75,-15.38,-20.0,1067.88,86.88,937.8,0.0926,1.3,20.0,dapi,1
BMPR1A_KD,30min,10x-1,166,215.2,534.7,89,-15.38,-20.0,1090.11,109.11,1140.83,0.0956,1.3,20.0,dapi,1
BMPR1A_KD,30min,10x-1,167,215.4,373.9,74,-15.38,-20.0,1073.42,92.42,936.64,0.0987,1.3,20.0,dapi,1
BMPR1A_KD,30min,10x-1,168,213.9,553.6,48,-15.38,-20.0,1050.62,69.62,1134.85,0.0614,1.3,20.0,dapi,1
BMPR1A_KD,30min,10x-1,169,215.2,597.5,53,-15.38,-20.0,1115.94,134.94,1061.87,0.1271,1.3,20.0,dapi,1
BMPR1A_KD,30min,10x-1,170,216.7,488.2,95,-15.38,-20.0,1097.74,116.74,1124.57,0.1038,1.3,20.0,dapi,1
BMPR1A_KD,30min,10x-1,171,217.2,511.8,94,-15.38,-20.0,1104.63,123.63,1123.6,0.11,1.3,20.0,dapi,1
BMPR1A_KD,30min,10x-1,172,215.7,649.9,115,-15.38,-20.0,1101.13,120.13,1047.22,0.1147,1.3,20.0,dapi,1
BMPR1A_KD,30min,10x-1,173,219.8,311.9,123,-15.38,-20.0,1070.32,89.32,938.8,0.0951,1.3,20.0,dapi,1
BMPR1A_KD,30min,10x-1,174,217.8,405.1,81,-15.38,-20.0,1074.78,93.78,996.72,0.0941,1.3,20.0,dapi,1
BMPR1A_KD,30min,10x-1,175,216.0,439.0,68,-15.38,-20.0,1117.43,136.43,1125.87,0.1212,1.3,20.0,dapi,1
BMPR1A_KD,30min,10x-1,176,221.6,354.1,132,-15.38,-20.0,1108.28,127.28,973.72,0.1307,1.3,20.0,dapi,1
BMPR1A_KD,30min,10x-1,177,221.0,661.1,113,-15.38,-20.0,1061.21,80.21,1072.73,0.0748,1.3,20.0,dapi,1
BMPR1A_KD,30min,10x-1,178,221.7,522.4,102,-15.38,-20.0,1119.99,138.99,1086.22,0.128,1.3,20.0,dapi,1
BMPR1A_KD,30min,10x-1,179,221.3,563.6,101,-15.38,-20.0,1038.2,57.2,1121.33,0.051,1.3,20.0,dapi,1
BMPR1A_KD,30min,10x-1,180,222.0,420.1,68,-15.38,-20.0,1072.56,91.56,1086.76,0.0842,1.3,20.0,dapi,1
BMPR1A_KD,30min,10x-1,181,224.1,433.7,104,-15.38,-20.0,1125.91,144.91,1117.7,0.1297,1.3,20.0,dapi,1
BMPR1A_KD,30min,10x-1,182,222.2,459.6,60,-15.38,-20.0,1081.28,100.28,1001.05,0.1002,1.3,20.0,dapi,1
BMPR1A_KD,30min,10x-1,183,223.6,620.0,80,-15.38,-20.0,1105.44,124.44,1284.06,0.0969,1.3,20.0,dapi,1
BMPR1A_KD,30min,10x-1,184,224.7,671.1,129,-15.38,-20.0,1044.37,63.37,866.38,0.0731,1.3,20.0,dapi,1
BMPR1A_KD,30min,10x-1,185,224.8,363.9,99,-15.38,-20.0,1092.48,111.48,979.75,0.1138,1.3,20.0,dapi,1
BMPR1A_KD,30min,10x-1,186,224.7,388.9,103,-15.38,-20.0,1070.11,89.11,1155.34,0.0771,1.3,20.0,dapi,1
BMPR1A_KD,30min,10x-1,187,223.3,481.1,68,-15.38,-20.0,1092.65,111.65,923.56,0.1209,1.3,20.0,dapi,1
BMPR1A_KD,30min,10x-1,188,222.8,592.0,51,-15.38,-20.0,1085.65,104.65,1122.35,0.0932,1.3,20.0,dapi,1
BMPR1A_KD,30min,10x-1,189,223.5,638.2,77,-15.38,-20.0,1102.16,121.16,944.75,0.1282,1.3,20.0,dapi,1
BMPR1A_KD,30min,10x-1,190,225.6,323.8,95,-15.38,-20.0,1113.84,132.84,1045.98,0.127,1.3,20.0,dapi,1
BMPR1A_KD,30min,10x-1,191,225.7,448.2,66,-15.38,-20.0,1144.61,163.61,962.11,0.17,1.3,20.0,dapi,1
BMPR1A_KD,30min,10x-1,192,225.8,531.3,99,-15.38,-20.0,1109.56,128.56,1181.84,0.1088,1.3,20.0,dapi,1
BMPR1A_KD,30min,10x-1,193,225.0,547.6,58,-15.38,-20.0,1078.78,97.78,1123.5,0.087,1.3,20.0,dapi,1
BMPR1A_KD,30min,10x-1,194,227.3,338.8,94,-15.38,-20.0,1093.77,112.77,1025.6,0.11,1.3,20.0,dapi,1
BMPR1A_KD,30min,10x-1,195,226.6,466.8,58,-15.38,-20.0,1093.83,112.83,1104.6,0.1021,1.3,20.0,dapi,1
BMPR1A_KD,30min,10x-1,196,226.8,493.5,72,-15.38,-20.0,1101.31,120.31,1249.64,0.0963,1.3,20.0,dapi,1
BMPR1A_KD,30min,10x-1,197,226.5,649.4,78,-15.38,-20.0,1102.24,121.24,1172.81,0.1034,1.3,20.0,dapi,1
BMPR1A_KD,30min,10x-1,198,229.2,381.8,92,-15.38,-20.0,1076.27,95.27,1146.59,0.0831,1.3,20.0,dapi,1
BMPR1A_KD,30min,10x-1,199,228.2,578.8,70,-15.38,-20.0,1068.34,87.34,942.61,0.0927,1.3,20.0,dapi,1
BMPR1A_KD,30min,10x-1,200,228.5,599.4,61,-15.38,-20.0,1072.1,91.1,1055.66,0.0863,1.3,20.0,dapi,1
BMPR1A_KD,30min,10x-1,201,229.1,626.2,81,-15.38,-20.0,1109.67,128.67,1238.16,0.1039,1.3,20.0,dapi,1
BMPR1A_KD,30min,10x-1,202,229.5,612.1,56,-15.38,-20.0,1160.55,179.55,1069.73,0.1678,1.3,20.0,dapi,1
BMPR1A_KD,30min,10x-1,203,230.8,401.1,93,-15.38,-20.0,1073.09,92.09,1159.27,0.0794,1.3,20.0,dapi,1
BMPR1A_KD,30min,10x-1,204,230.5,416.4,100,-15.38,-20.0,1098.47,117.47,1123.77,0.1045,1.3,20.0,dapi,1
BMPR1A_KD,30min,10x-1,205,232.0,501.3,100,-15.38,-20.0,1098.66,117.66,1142.85,0.103,1.3,20.0,dapi,1
BMPR1A_KD,30min,10x-1,206,232.2,512.3,99,-15.38,-20.0,1110.19,129.19,1116.89,0.1157,1.3,20.0,dapi,1
BMPR1A_KD,30min,10x-1,207,231.2,539.2,63,-15.38,-20.0,1105.4,124.4,1033.75,0.1203,1.3,20.0,dapi,1
BMPR1A_KD,30min,10x-1,208,231.5,589.2,73,-15.38,-20.0,1068.14,87.14,1308.29,0.0666,1.3,20.0,dapi,1
BMPR1A_KD,30min,10x-1,209,234.5,308.7,133,-15.38,-20.0,1133.62,152.62,1006.35,0.1517,1.3,20.0,dapi,1
BMPR1A_KD,30min,10x-1,210,233.1,319.3,86,-15.38,-20.0,1120.0,139.0,1175.51,0.1182,1.3,20.0,dapi,1
BMPR1A_KD,30min,10x-1,211,234.5,551.9,124,-15.38,-20.0,1089.63,108.63,1150.61,0.0944,1.3,20.0,dapi,1
BMPR1A_KD,30min,10x-1,212,232.0,565.0,63,-15.38,-20.0,1075.97,94.97,1064.84,0.0892,1.3,20.0,dapi,1
BMPR1A_KD,30min,10x-1,213,232.9,636.4,73,-15.38,-20.0,1096.78,115.78,1049.32,0.1103,1.3,20.0,dapi,1
BMPR1A_KD,30min,10x-1,214,236.1,672.7,92,-15.38,-20.0,1030.63,49.63,1011.0,0.0491,1.3,20.0,dapi,1
BMPR1A_KD,30min,10x-1,215,239.5,300.5,93,-15.38,-20.0,1093.63,112.63,1087.62,0.1036,1.3,20.0,dapi,1
BMPR1A_KD,30min,10x-1,216,237.3,372.8,118,-15.38,-20.0,1088.27,107.27,1018.96,0.1053,1.3,20.0,dapi,1
BMPR1A_KD,30min,10x-1,217,236.0,440.5,89,-15.38,-20.0,1126.61,145.61,1178.96,0.1235,1.3,20.0,dapi,1
BMPR1A_KD,30min,10x-1,218,236.1,478.5,63,-15.38,-20.0,1120.25,139.25,979.46,0.1422,1.3,20.0,dapi,1
BMPR1A_KD,30min,10x-1,219,236.0,569.8,56,-15.38,-20.0,1074.93,93.93,1118.7,0.084,1.3,20.0,dapi,1
BMPR1A_KD,30min,10x-1,220,236.8,606.6,92,-15.38,-20.0,1114.91,133.91,1163.5,0.1151,1.3,20.0,dapi,1
BMPR1A_KD,30min,10x-1,221,235.7,645.6,45,-15.38,-20.0,1151.18,170.18,1096.33,0.1552,1.3,20.0,dapi,1
BMPR1A_KD,30min,10x-1,222,238.7,335.4,80,-15.38,-20.0,1118.21,137.21,1253.55,0.1095,1.3,20.0,dapi,1
BMPR1A_KD,30min,10x-1,223,238.3,357.2,103,-15.38,-20.0,1102.81,121.81,1082.78,0.1125,1.3,20.0,dapi,1
BMPR1A_KD,30min,10x-1,224,236.0,459.7,51,-15.38,-20.0,1112.41,131.41,1099.08,0.1196,1.3,20.0,dapi,1
BMPR1A_KD,30min,10x-1,225,237.8,470.2,62,-15.38,-20.0,1089.05,108.05,1017.35,0.1062,1.3,20.0,dapi,1
BMPR1A_KD,30min,10x-1,226,238.7,657.8,87,-15.38,-20.0,1079.98,98.98,1133.74,0.0873,1.3,20.0,dapi,1
BMPR1A_KD,30min,10x-1,227,242.3,283.0,118,-15.38,-20.0,1039.16,58.16,910.69,0.0639,1.3,20.0,dapi,1
BMPR1A_KD,30min,10x-1,228,239.1,409.5,66,-15.38,-20.0,1107.89,126.89,1006.73,0.126,1.3,20.0,dapi,1
BMPR1A_KD,30min,10x-1,229,239.4,516.9,58,-15.38,-20.0,1093.38,112.38,992.45,0.1132,1.3,20.0,dapi,1
BMPR1A_KD,30min,10x-1,230,240.6,346.0,68,-15.38,-20.0,1077.78,96.78,1139.19,0.085,1.3,20.0,dapi,1
BMPR1A_KD,30min,10x-1,231,241.4,534.2,100,-15.38,-20.0,1101.61,120.61,1155.44,0.1044,1.3,20.0,dapi,1
BMPR1A_KD,30min,10x-1,232,242.8,326.1,85,-15.38,-20.0,1136.89,155.89,1067.0,0.1461,1.3,20.0,dapi,1
BMPR1A_KD,30min,10x-1,233,240.0,581.9,59,-15.38,-20.0,1057.66,76.66,1059.88,0.0723,1.3,20.0,dapi,1
BMPR1A_KD,30min,10x-1,234,240.6,595.5,52,-15.38,-20.0,1076.08,95.08,1067.73,0.089,1.3,20.0,dapi,1
BMPR1A_KD,30min,10x-1,235,243.9,291.9,99,-15.38,-20.0,1070.16,89.16,965.63,0.0923,1.3,20.0,dapi,1
BMPR1A_KD,30min,10x-1,236,245.4,427.6,120,-15.38,-20.0,1118.72,137.72,1036.78,0.1328,1.3,20.0,dapi,1
BMPR1A_KD,30min,10x-1,237,241.6,449.5,53,-15.38,-20.0,1150.6,169.6,1030.51,0.1646,1.3,20.0,dapi,1
BMPR1A_KD,30min,10x-1,238,242.5,483.8,65,-15.38,-20.0,1080.58,99.58,1086.15,0.0917,1.3,20.0,dapi,1
BMPR1A_KD,30min,10x-1,239,244.5,389.5,123,-15.38,-20.0,1114.11,133.11,1003.92,0.1326,1.3,20.0,dapi,1
BMPR1A_KD,30min,10x-1,240,243.8,571.5,75,-15.38,-20.0,1064.72,83.72,1155.6,0.0724,1.3,20.0,dapi,1
BMPR1A_KD,30min,10x-1,241,243.0,621.2,67,-15.38,-20.0,1099.9,118.9,955.88,0.1244,1.3,20.0,dapi,1
BMPR1A_KD,30min,10x-1,242,244.3,666.2,72,-15.38,-20.0,1067.79,86.79,984.28,0.0882,1.3,20.0,dapi,1
BMPR1A_KD,30min,10x-1,243,244.6,541.8,57,-15.38,-20.0,1122.16,141.16,980.11,0.144,1.3,20.0,dapi,1
BMPR1A_KD,30min,10x-1,244,244.9,464.8,71,-15.38,-20.0,1117.65,136.65,1215.04,0.1125,1.3,20.0,dapi,1
BMPR1A_KD,30min,10x-1,245,245.5,493.4,62,-15.38,-20.0,1076.68,95.68,1086.77,0.088,1.3,20.0,dapi,1
BMPR1A_KD,30min,10x-1,246,244.5,638.4,51,-15.38,-20.0,1136.63,155.63,1088.71,0.1429,1.3,20.0,dapi,1
BMPR1A_KD,30min,10x-1,247,246.0,604.5,59,-15.38,-20.0,1105.75,124.75,1082.88,0.1152,1.3,20.0,dapi,1
BMPR1A_KD,30min,10x-1,248,246.6,678.3,77,-15.38,-20.0,1277.86,296.86,962.95,0.3083,1.3,20.0,dapi,1
BMPR1A_KD,30min,10x-1,249,249.5,315.5,113,-15.38,-20.0,1112.21,131.21,1082.11,0.1213,1.3,20.0,dapi,1
BMPR1A_KD,30min,10x-1,250,247.5,645.8,66,-15.38,-20.0,1080.97,99.97,1070.62,0.0934,1.3,20.0,dapi,1
BMPR1A_KD,30min,10x-1,251,250.0,441.6,105,-15.38,-20.0,1114.15,133.15,1099.27,0.1211,1.3,20.0,dapi,1
BMPR1A_KD,30min,10x-1,252,248.8,502.6,73,-15.38,-20.0,1094.38,113.38,1229.73,0.0922,1.3,20.0,dapi,1
BMPR1A_KD,30min,10x-1,253,249.7,350.8,96,-15.38,-20.0,1104.43,123.43,1142.81,0.108,1.3,20.0,dapi,1
BMPR1A_KD,30min,10x-1,254,249.1,626.7,61,-15.38,-20.0,1106.28,125.28,1120.49,0.1118,1.3,20.0,dapi,1
BMPR1A_KD,30min,10x-1,255,251.8,331.2,114,-15.38,-20.0,1144.09,163.09,1101.26,0.1481,1.3,20.0,dapi,1
BMPR1A_KD,30min,10x-1,256,249.3,375.0,49,-15.38,-20.0,1097.71,116.71,1099.49,0.1062,1.3,20.0,dapi,1
BMPR1A_KD,30min,10x-1,257,249.7,519.8,86,-15.38,-20.0,1080.44,99.44,1227.52,0.081,1.3,20.0,dapi,1
BMPR1A_KD,30min,10x-1,258,250.2,580.6,59,-15.38,-20.0,1068.31,87.31,1047.76,0.0833,1.3,20.0,dapi,1
BMPR1A_KD,30min,10x-1,259,250.8,657.9,94,-15.38,-20.0,1089.32,108.32,1061.24,0.1021,1.3,20.0,dapi,1
BMPR1A_KD,30min,10x-1,260,252.2,304.8,87,-15.38,-20.0,1127.6,146.6,1189.83,0.1232,1.3,20.0,dapi,1
BMPR1A_KD,30min,10x-1,261,250.4,416.0,53,-15.38,-20.0,1089.43,108.43,1330.21,0.0815,1.3,20.0,dapi,1
BMPR1A_KD,30min,10x-1,262,252.5,399.5,80,-15.38,-20.0,1098.72,117.72,1021.01,0.1153,1.3,20.0,dapi,1
BMPR1A_KD,30min,10x-1,263,252.0,469.9,67,-15.38,-20.0,1103.58,122.58,1065.18,0.1151,1.3,20.0,dapi,1
BMPR1A_KD,30min,10x-1,264,252.3,592.1,63,-15.38,-20.0,1059.02,78.02,1026.24,0.076,1.3,20.0,dapi,1
BMPR1A_KD,30min,10x-1,265,253.9,633.0,80,-15.38,-20.0,1092.04,111.04,1073.39,0.1034,1.3,20.0,dapi,1
BMPR1A_KD,30min,10x-1,266,252.6,479.0,44,-15.38,-20.0,1113.68,132.68,1128.57,0.1176,1.3,20.0,dapi,1
BMPR1A_KD,30min,10x-1,267,254.3,548.6,98,-15.38,-20.0,1099.8,118.8,1114.84,0.1066,1.3,20.0,dapi,1
BMPR1A_KD,30min,10x-1,268,254.2,615.5,96,-15.38,-20.0,1113.53,132.53,1149.66,0.1153,1.3,20.0,dapi,1
BMPR1A_KD,30min,10x-1,269,257.8,288.2,109,-15.38,-20.0,1169.55,188.55,958.61,0.1967,1.3,20.0,dapi,1
BMPR1A_KD,30min,10x-1,270,255.1,365.9,79,-15.38,-20.0,1075.67,94.67,997.03,0.095,1.3,20.0,dapi,1
BMPR1A_KD,30min,10x-1,271,254.8,508.8,73,-15.38,-20.0,1072.21,91.21,1063.05,0.0858,1.3,20.0,dapi,1
BMPR1A_KD,30min,10x-1,272,254.3,678.0,80,-15.38,-20.0,1064.6,83.6,1032.35,0.081,1.3,20.0,dapi,1
BMPR1A_KD,30min,10x-1,273,256.8,457.2,81,-15.38,-20.0,1121.16,140.16,926.53,0.1513,1.3,20.0,dapi,1
BMPR1A_KD,30min,10x-1,274,255.2,559.3,58,-15.38,-20.0,1106.36,125.36,1088.52,0.1152,1.3,20.0,dapi,1
BMPR1A_KD,30min,10x-1,275,257.4,568.2,89,-15.38,-20.0,1096.3,115.3,1180.81,0.0976,1.3,20.0,dapi,1
BMPR1A_KD,30min,10x-1,276,256.1,575.7,61,-15.38,-20.0,1071.23,90.23,1120.85,0.0805,1.3,20.0,dapi,1
BMPR1A_KD,30min,10x-1,277,256.0,490.4,62,-15.38,-20.0,1087.94,106.94,1248.82,0.0856,1.3,20.0,dapi,1
BMPR1A_KD,30min,10x-1,278,256.5,602.7,66,-15.38,-20.0,1102.64,121.64,1140.76,0.1066,1.3,20.0,dapi,1
BMPR1A_KD,30min,10x-1,279,258.6,385.1,110,-15.38,-20.0,1097.23,116.23,1081.05,0.1075,1.3,20.0,dapi,1
BMPR1A_KD,30min,10x-1,280,257.7,437.0,67,-15.38,-20.0,1106.73,125.73,979.09,0.1284,1.3,20.0,dapi,1
BMPR1A_KD,30min,10x-1,281,261.1,526.9,90,-15.38,-20.0,1101.36,120.36,1256.47,0.0958,1.3,20.0,dapi,1
BMPR1A_KD,30min,10x-1,282,259.0,596.5,46,-15.38,-20.0,1081.89,100.89,989.15,0.102,1.3,20.0,dapi,1
BMPR1A_KD,30min,10x-1,283,258.9,299.3,84,-15.38,-20.0,1106.77,125.77,1061.52,0.1185,1.3,20.0,dapi,1
BMPR1A_KD,30min,10x-1,284,261.1,356.6,130,-15.38,-20.0,1088.05,107.05,1022.77,0.1047,1.3,20.0,dapi,1
BMPR1A_KD,30min,10x-1,285,259.2,536.4,68,-15.38,-20.0,1115.97,134.97,1127.57,0.1197,1.3,20.0,dapi,1
BMPR1A_KD,30min,10x-1,286,260.2,337.7,73,-15.38,-20.0,1106.14,125.14,1049.47,0.1192,1.3,20.0,dapi,1
BMPR1A_KD,30min,10x-1,287,260.1,640.1,63,-15.38,-20.0,1099.35,118.35,1060.03,0.1116,1.3,20.0,dapi,1
BMPR1A_KD,30min,10x-1,288,259.8,649.0,63,-15.38,-20.0,1076.59,95.59,1010.4,0.0946,1.3,20.0,dapi,1
BMPR1A_KD,30min,10x-1,289,261.5,663.7,100,-15.38,-20.0,1060.25,79.25,1128.51,0.0702,1.3,20.0,dapi,1
BMPR1A_KD,30min,10x-1,290,260.5,681.8,89,-15.38,-20.0,1157.66,176.66,1153.11,0.1532,1.3,20.0,dapi,1
BMPR1A_KD,30min,10x-1,291,261.6,519.2,62,-15.38,-20.0,1102.63,121.63,1027.05,0.1184,1.3,20.0,dapi,1
BMPR1A_KD,30min,10x-1,292,262.8,279.8,77,-15.38,-20.0,1140.29,159.29,876.04,0.1818,1.3,20.0,dapi,1
BMPR1A_KD,30min,10x-1,293,263.7,446.9,99,-15.38,-20.0,1081.17,100.17,1173.39,0.0854,1.3,20.0,dapi,1
BMPR1A_KD,30min,10x-1,294,261.2,483.5,48,-15.38,-20.0,1116.48,135.48,1087.77,0.1245,1.3,20.0,dapi,1
BMPR1A_KD,30min,10x-1,295,262.6,504.1,66,-15.38,-20.0,1092.98,111.98,1073.44,0.1043,1.3,20.0,dapi,1
BMPR1A_KD,30min,10x-1,296,264.5,324.5,99,-15.38,-20.0,1126.75,145.75,1099.18,0.1326,1.3,20.0,dapi,1
BMPR1A_KD,30min,10x-1,297,264.7,463.4,87,-15.38,-20.0,1101.02,120.02,1191.1,0.1008,1.3,20.0,dapi,1
BMPR1A_KD,30min,10x-1,298,263.3,512.2,57,-15.38,-20.0,1082.81,101.81,1031.89,0.0987,1.3,20.0,dapi,1
BMPR1A_KD,30min,10x-1,299,264.3,555.6,86,-15.38,-20.0,1095.48,114.48,1191.63,0.0961,1.3,20.0,dapi,1
BMPR1A_KD,30min,10x-1,300,264.1,313.5,67,-15.38,-20.0,1123.7,142.7,1046.91,0.1363,1.3,20.0,dapi,1
BMPR1A_KD,30min,10x-1,301,265.3,604.4,84,-15.38,-20.0,1085.62,104.62,1193.26,0.0877,1.3,20.0,dapi,1
BMPR1A_KD,30min,10x-1,302,264.3,632.9,58,-15.38,-20.0,1093.34,112.34,965.72,0.1163,1.3,20.0,dapi,1
BMPR1A_KD,30min,10x-1,303,266.1,656.0,74,-15.38,-20.0,1072.97,91.97,1020.66,0.0901,1.3,20.0,dapi,1
BMPR1A_KD,30min,10x-1,304,266.3,542.8,82,-15.38,-20.0,1100.9,119.9,1254.83,0.0956,1.3,20.0,dapi,1
BMPR1A_KD,30min,10x-1,305,266.4,367.4,53,-15.38,-20.0,1084.04,103.04,1053.64,0.0978,1.3,20.0,dapi,1
BMPR1A_KD,30min,10x-1,306,269.1,382.1,104,-15.38,-20.0,1074.94,93.94,1140.36,0.0824,1.3,20.0,dapi,1
BMPR1A_KD,30min,10x-1,307,268.2,580.7,118,-15.38,-20.0,1086.37,105.37,1011.24,0.1042,1.3,20.0,dapi,1
BMPR1A_KD,30min,10x-1,308,267.5,616.9,73,-15.38,-20.0,1129.27,148.27,936.18,0.1584,1.3,20.0,dapi,1
BMPR1A_KD,30min,10x-1,309,269.9,394.6,106,-15.38,-20.0,1081.68,100.68,1096.18,0.0918,1.3,20.0,dapi,1
BMPR1A_KD,30min,10x-1,310,268.9,592.3,73,-15.38,-20.0,1080.34,99.34,1041.1,0.0954,1.3,20.0,dapi,1
BMPR1A_KD,30min,10x-1,311,269.3,304.2,72,-15.38,-20.0,1106.81,125.81,1136.04,0.1107,1.3,20.0,dapi,1
BMPR1A_KD,30min,10x-1,312,269.9,338.3,76,-15.38,-20.0,1124.74,143.74,930.01,0.1546,1.3,20.0,dapi,1
BMPR1A_KD,30min,10x-1,313,271.1,451.2,87,-15.38,-20.0,1089.38,108.38,1279.4,0.0847,1.3,20.0,dapi,1
BMPR1A_KD,30min,10x-1,314,272.7,497.7,116,-15.38,-20.0,1099.48,118.48,1054.72,0.1123,1.3,20.0,dapi,1
BMPR1A_KD,30min,10x-1,315,269.1,682.7,69,-15.38,-20.0,1100.9,119.9,977.75,0.1226,1.3,20.0,dapi,1
BMPR1A_KD,30min,10x-1,316,271.4,428.3,77,-15.38,-20.0,1053.96,72.96,987.21,0.0739,1.3,20.0,dapi,1
BMPR1A_KD,30min,10x-1,317,271.9,488.2,58,-15.38,-20.0,1132.1,151.1,1092.64,0.1383,1.3,20.0,dapi,1
BMPR1A_KD,30min,10x-1,318,272.7,566.0,96,-15.38,-20.0,1086.26,105.26,1069.24,0.0984,1.3,20.0,dapi,1
BMPR1A_KD,30min,10x-1,319,270.7,628.3,66,-15.38,-20.0,1098.68,117.68,1081.23,0.1088,1.3,20.0,dapi,1
BMPR1A_KD,30min,10x-1,320,274.1,405.6,92,-15.38,-20.0,1063.34,82.34,1001.03,0.0823,1.3,20.0,dapi,1
BMPR1A_KD,30min,10x-1,321,272.4,645.1,74,-15.38,-20.0,1055.16,74.16,1225.64,0.0605,1.3,20.0,dapi,1
BMPR1A_KD,30min,10x-1,322,272.5,668.0,70,-15.38,-20.0,1120.19,139.19,1023.9,0.1359,1.3,20.0,dapi,1
BMPR1A_KD,30min,10x-1,323,272.5,349.2,56,-15.38,-20.0,1085.3,104.3,1004.52,0.1038,1.3,20.0,dapi,1
BMPR1A_KD,30min,10x-1,324,274.3,373.4,92,-15.38,-20.0,1075.22,94.22,996.29,0.0946,1.3,20.0,dapi,1
BMPR1A_KD,30min,10x-1,325,273.0,470.8,67,-15.38,-20.0,1100.31,119.31,1308.06,0.0912,1.3,20.0,dapi,1
BMPR1A_KD,30min,10x-1,326,272.8,525.9,86,-15.38,-20.0,1075.88,94.88,1237.22,0.0767,1.3,20.0,dapi,1
BMPR1A_KD,30min,10x-1,327,276.9,285.7,83,-15.38,-20.0,1108.65,127.65,1164.14,0.1097,1.3,20.0,dapi,1
BMPR1A_KD,30min,10x-1,328,274.8,548.0,48,-15.38,-20.0,1073.56,92.56,1227.29,0.0754,1.3,20.0,dapi,1
BMPR1A_KD,30min,10x-1,329,276.3,301.5,67,-15.38,-20.0,1089.4,108.4,1012.04,0.1071,1.3,20.0,dapi,1
BMPR1A_KD,30min,10x-1,330,276.1,506.8,54,-15.38,-20.0,1121.67,140.67,1052.02,0.1337,1.3,20.0,dapi,1
BMPR1A_KD,30min,10x-1,331,277.1,588.4,99,-15.38,-20.0,1094.66,113.66,1179.98,0.0963,1.3,20.0,dapi,1
BMPR1A_KD,30min,10x-1,332,278.1,614.1,115,-15.38,-20.0,1103.66,122.66,1048.17,0.117,1.3,20.0,dapi,1
BMPR1A_KD,30min,10x-1,333,276.7,277.9,74,-15.38,-20.0,1083.41,102.41,1209.55,0.0847,1.3,20.0,dapi,1
BMPR1A_KD,30min,10x-1,334,277.0,315.6,73,-15.38,-20.0,1117.74,136.74,1373.11,0.0996,1.3,20.0,dapi,1
BMPR1A_KD,30min,10x-1,335,278.4,328.4,73,-15.38,-20.0,1105.4,124.4,1036.62,0.12,1.3,20.0,dapi,1
BMPR1A_KD,30min,10x-1,336,279.4,438.9,121,-15.38,-20.0,1069.25,88.25,1041.08,0.0848,1.3,20.0,dapi,1
BMPR1A_KD,30min,10x-1,337,279.0,461.7,91,-15.38,-20.0,1095.03,114.03,1217.08,0.0937,1.3,20.0,dapi,1
BMPR1A_KD,30min,10x-1,338,278.0,631.5,71,-15.38,-20.0,1064.89,83.89,1160.35,0.0723,1.3,20.0,dapi,1
BMPR1A_KD,30min,10x-1,339,278.2,679.8,69,-15.38,-20.0,1116.93,135.93,1218.81,0.1115,1.3,20.0,dapi,1
BMPR1A_KD,30min,10x-1,340,279.4,537.1,80,-15.38,-20.0,1076.06,95.06,1256.95,0.0756,1.3,20.0,dapi,1
BMPR1A_KD,30min,10x-1,341,279.3,603.4,54,-15.38,-20.0,1074.63,93.63,995.52,0.0941,1.3,20.0,dapi,1
BMPR1A_KD,30min,10x-1,342,281.2,576.8,89,-15.38,-20.0,1082.58,101.58,1166.89,0.0871,1.3,20.0,dapi,1
BMPR1A_KD,30min,10x-1,343,281.0,652.9,92,-15.38,-20.0,1069.07,88.07,1172.41,0.0751,1.3,20.0,dapi,1
BMPR1A_KD,30min,10x-1,344,281.7,271.1,91,-15.38,-20.0,1107.58,126.58,1031.92,0.1227,1.3,20.0,dapi,1
BMPR1A_KD,30min,10x-1,345,283.6,423.6,121,-15.38,-20.0,1040.84,59.84,1000.79,0.0598,1.3,20.0,dapi,1
BMPR1A_KD,30min,10x-1,346,282.2,670.2,80,-15.38,-20.0,1121.08,140.08,1069.12,0.131,1.3,20.0,dapi,1
BMPR1A_KD,30min,10x-1,347,282.6,359.9,94,-15.38,-20.0,1089.5,108.5,1191.97,0.091,1.3,20.0,dapi,1
BMPR1A_KD,30min,10x-1,348,282.0,451.0,57,-15.38,-20.0,1085.86,104.86,1108.44,0.0946,1.3,20.0,dapi,1
BMPR1A_KD,30min,10x-1,349,285.6,690.2,158,-15.38,-20.0,1399.65,418.65,912.8,0.4586,1.3,20.0,dapi,1
BMPR1A_KD,30min,10x-1,350,284.1,347.5,71,-15.38,-20.0,1088.23,107.23,1292.87,0.0829,1.3,20.0,dapi,1
BMPR1A_KD,30min,10x-1,351,285.3,388.1,118,-15.38,-20.0,1065.24,84.24,1077.09,0.0782,1.3,20.0,dapi,1
BMPR1A_KD,30min,10x-1,352,283.8,509.9,101,-15.38,-20.0,1102.65,121.65,1136.29,0.1071,1.3,20.0,dapi,1
BMPR1A_KD,30min,10x-1,353,283.1,551.8,77,-15.38,-20.0,1074.21,93.21,1256.84,0.0742,1.3,20.0,dapi,1
BMPR1A_KD,30min,10x-1,354,283.9,308.3,64,-15.38,-20.0,1089.17,108.17,1007.14,0.1074,1.3,20.0,dapi,1
BMPR1A_KD,30min,10x-1,355,284.7,336.3,95,-15.38,-20.0,1103.14,122.14,1178.37,0.1036,1.3,20.0,dapi,1
BMPR1A_KD,30min,10x-1,356,283.6,643.4,58,-15.38,-20.0,1066.84,85.84,1031.26,0.0832,1.3,20.0,dapi,1
BMPR1A_KD,30min,10x-1,357,285.6,411.7,89,-15.38,-20.0,1043.65,62.65,984.0,0.0637,1.3,20.0,dapi,1
BMPR1A_KD,30min,10x-1,358,284.6,526.3,74,-15.38,-20.0,1085.68,104.68,1337.77,0.0782,1.3,20.0,dapi,1
BMPR1A_KD,30min,10x-1,359,289.1,298.3,81,-15.38,-20.0,1074.84,93.84,1201.69,0.0781,1.3,20.0,dapi,1
BMPR1A_KD,30min,10x-1,360,287.0,371.3,86,-15.38,-20.0,1082.99,101.99,955.87,0.1067,1.3,20.0,dapi,1
BMPR1A_KD,30min,10x-1,361,286.1,569.2,63,-15.38,-20.0,1067.78,86.78,1011.24,0.0858,1.3,20.0,dapi,1
BMPR1A_KD,30min,10x-1,362,285.3,585.9,55,-15.38,-20.0,1129.89,148.89,1051.78,0.1416,1.3,20.0,dapi,1
BMPR1A_KD,30min,10x-1,363,286.3,627.1,78,-15.38,-20.0,1089.55,108.55,964.87,0.1125,1.3,20.0,dapi,1
BMPR1A_KD,30min,10x-1,364,289.0,289.1,111,-15.38,-20.0,1081.71,100.71,1101.69,0.0914,1.3,20.0,dapi,1
BMPR1A_KD,30min,10x-1,365,287.9,467.8,75,-15.38,-20.0,1091.47,110.47,1042.95,0.1059,1.3,20.0,dapi,1
BMPR1A_KD,30min,10x-1,366,289.1,661.8,86,-15.38,-20.0,1085.08,104.08,1053.02,0.0988,1.3,20.0,dapi,1
BMPR1A_KD,30min,10x-1,367,289.5,324.5,80,-15.38,-20.0,1083.61,102.61,1117.35,0.0918,1.3,20.0,dapi,1
BMPR1A_KD,30min,10x-1,368,291.1,402.4,93,-15.38,-20.0,1063.4,82.4,962.19,0.0856,1.3,20.0,dapi,1
BMPR1A_KD,30min,10x-1,369,289.2,498.2,55,-15.38,-20.0,1127.2,146.2,1079.02,0.1355,1.3,20.0,dapi,1
BMPR1A_KD,30min,10x-1,370,288.7,544.0,40,-15.38,-20.0,1074.53,93.53,1204.33,0.0777,1.3,20.0,dapi,1
BMPR1A_KD,30min,10x-1,371,289.6,678.8,74,-15.38,-20.0,1117.51,136.51,1001.96,0.1362,1.3,20.0,dapi,1
BMPR1A_KD,30min,10x-1,372,290.9,635.5,80,-15.38,-20.0,1080.1,99.1,1000.65,0.099,1.3,20.0,dapi,1
BMPR1A_KD,30min,10x-1,373,290.4,532.9,48,-15.38,-20.0,1069.56,88.56,1069.35,0.0828,1.3,20.0,dapi,1
BMPR1A_KD,30min,10x-1,374,290.4,595.5,55,-15.38,-20.0,1077.31,96.31,1033.07,0.0932,1.3,20.0,dapi,1
BMPR1A_KD,30min,10x-1,375,293.7,703.1,127,-15.38,-20.0,1056.64,75.64,982.61,0.077,1.3,20.0,dapi,1
BMPR1A_KD,30min,10x-1,376,291.8,268.4,67,-15.38,-20.0,1114.24,133.24,903.7,0.1474,1.3,20.0,dapi,1
BMPR1A_KD,30min,10x-1,377,291.6,309.5,62,-15.38,-20.0,1115.32,134.32,1043.74,0.1287,1.3,20.0,dapi,1
BMPR1A_KD,30min,10x-1,378,291.4,474.0,45,-15.38,-20.0,1088.89,107.89,1137.29,0.0949,1.3,20.0,dapi,1
BMPR1A_KD,30min,10x-1,379,291.0,610.4,48,-15.38,-20.0,1076.5,95.5,1047.94,0.0911,1.3,20.0,dapi,1
BMPR1A_KD,30min,10x-1,380,295.8,360.4,136,-15.38,-20.0,1107.72,126.72,1149.18,0.1103,1.3,20.0,dapi,1
BMPR1A_KD,30min,10x-1,381,294.4,379.4,93,-15.38,-20.0,1063.35,82.35,1055.74,0.078,1.3,20.0,dapi,1
BMPR1A_KD,30min,10x-1,382,293.2,520.1,66,-15.38,-20.0,1085.52,104.52,1288.47,0.0811,1.3,20.0,dapi,1
BMPR1A_KD,30min,10x-1,383,295.7,436.3,94,-15.38,-20.0,1074.33,93.33,949.79,0.0983,1.3,20.0,dapi,1
BMPR1A_KD,30min,10x-1,384,296.7,337.7,95,-15.38,-20.0,1106.23,125.23,1193.03,0.105,1.3,20.0,dapi,1
BMPR1A_KD,30min,10x-1,385,296.2,508.3,94,-15.38,-20.0,1119.13,138.13,1137.34,0.1214,1.3,20.0,dapi,1
BMPR1A_KD,30min,10x-1,386,296.5,348.9,75,-15.38,-20.0,1099.95,118.95,1166.64,0.102,1.3,20.0,dapi,1
BMPR1A_KD,30min,10x-1,387,297.1,447.1,109,-15.38,-20.0,1075.26,94.26,1095.15,0.0861,1.3,20.0,dapi,1
BMPR1A_KD,30min,10x-1,388,295.0,584.5,71,-15.38,-20.0,1064.61,83.61,1004.82,0.0832,1.3,20.0,dapi,1
BMPR1A_KD,30min,10x-1,389,295.7,648.4,77,-15.38,-20.0,1066.68,85.68,896.52,0.0956,1.3,20.0,dapi,1
BMPR1A_KD,30min,10x-1,390,298.3,393.2,117,-15.38,-20.0,1066.11,85.11,1088.48,0.0782,1.3,20.0,dapi,1
BMPR1A_KD,30min,10x-1,391,296.2,490.5,51,-15.38,-20.0,1111.8,130.8,1261.8,0.1037,1.3,20.0,dapi,1
BMPR1A_KD,30min,10x-1,392,297.8,545.5,93,-15.38,-20.0,1074.26,93.26,1180.01,0.079,1.3,20.0,dapi,1
BMPR1A_KD,30min,10x-1,393,297.6,669.6,87,-15.38,-20.0,1069.9,88.9,1187.46,0.0749,1.3,20.0,dapi,1
BMPR1A_KD,30min,10x-1,394,298.1,619.3,53,-15.38,-20.0,1076.49,95.49,1040.06,0.0918,1.3,20.0,dapi,1
BMPR1A_KD,30min,10x-1,395,298.4,305.3,62,-15.38,-20.0,1167.81,186.81,1095.77,0.1705,1.3,20.0,dapi,1
BMPR1A_KD,30min,10x-1,396,299.4,601.6,87,-15.38,-20.0,1067.8,86.8,1145.07,0.0758,1.3,20.0,dapi,1
BMPR1A_KD,30min,10x-1,397,299.5,423.2,73,-15.38,-20.0,1076.9,95.9,919.23,0.1043,1.3,20.0,dapi,1
BMPR1A_KD,30min,10x-1,398,302.2,462.1,111,-15.38,-20.0,1111.95,130.95,1084.65,0.1207,1.3,20.0,dapi,1
BMPR1A_KD,30min,10x-1,399,303.0,699.4,111,-15.38,-20.0,1055.57,74.57,945.29,0.0789,1.3,20.0,dapi,1
BMPR1A_KD,30min,10x-1,400,303.6,276.7,100,-15.38,-20.0,1095.74,114.74,1144.32,0.1003,1.3,20.0,dapi,1
BMPR1A_KD,30min,10x-1,401,302.3,319.9,78,-15.38,-20.0,1090.23,109.23,1009.53,0.1082,1.3,20.0,dapi,1
BMPR1A_KD,30min,10x-1,402,301.8,495.7,42,-15.38,-20.0,1091.12,110.12,1275.02,0.0864,1.3,20.0,dapi,1
BMPR1A_KD,30min,10x-1,403,302.4,630.3,69,-15.38,-20.0,1072.32,91.32,1012.16,0.0902,1.3,20.0,dapi,1
BMPR1A_KD,30min,10x-1,404,303.4,680.3,90,-15.38,-20.0,1074.78,93.78,909.29,0.1031,1.3,20.0,dapi,1
BMPR1A_KD,30min,10x-1,405,303.7,580.9,69,-15.38,-20.0,1086.57,105.57,1139.13,0.0927,1.3,20.0,dapi,1
BMPR1A_KD,30min,10x-1,406,304.5,290.5,70,-15.38,-20.0,1083.96,102.96,1003.03,0.1026,1.3,20.0,dapi,1
BMPR1A_KD,30min,10x-1,407,304.9,331.4,75,-15.38,-20.0,1104.53,123.53,1070.96,0.1153,1.3,20.0,dapi,1
BMPR1A_KD,30min,10x-1,408,305.3,384.0,106,-15.38,-20.0,1050.28,69.28,1095.71,0.0632,1.3,20.0,dapi,1
BMPR1A_KD,30min,10x-1,409,304.9,500.7,49,-15.38,-20.0,1105.71,124.71,1202.14,0.1037,1.3,20.0,dapi,1
BMPR1A_KD,30min,10x-1,410,304.6,659.5,95,-15.38,-20.0,1062.92,81.92,996.76,0.0822,1.3,20.0,dapi,1
BMPR1A_KD,30min,10x-1,411,306.5,258.9,118,-15.38,-20.0,1059.07,78.07,1006.18,0.0776,1.3,20.0,dapi,1
BMPR1A_KD,30min,10x-1,412,305.8,521.0,69,-15.38,-20.0,1105.54,124.54,1445.61,0.0861,1.3,20.0,dapi,1
BMPR1A_KD,30min,10x-1,413,304.7,592.5,62,-15.38,-20.0,1083.6,102.6,976.71,0.105,1.3,20.0,dapi,1
BMPR1A_KD,30min,10x-1,414,307.2,298.2,73,-15.38,-20.0,1081.66,100.66,1104.12,0.0912,1.3,20.0,dapi,1
BMPR1A_KD,30min,10x-1,415,304.9,307.4,64,-15.38,-20.0,1099.61,118.61,1195.78,0.0992,1.3,20.0,dapi,1
BMPR1A_KD,30min,10x-1,416,308.0,425.6,72,-15.38,-20.0,1084.06,103.06,1011.12,0.1019,1.3,20.0,dapi,1
BMPR1A_KD,30min,10x-1,417,307.6,533.9,69,-15.38,-20.0,1127.16,146.16,1289.43,0.1134,1.3,20.0,dapi,1
BMPR1A_KD,30min,10x-1,418,306.7,638.9,68,-15.38,-20.0,1021.54,40.54,1163.25,0.0349,1.3,20.0,dapi,1
BMPR1A_KD,30min,10x-1,419,306.7,348.7,72,-15.38,-20.0,1081.17,100.17,1200.32,0.0835,1.3,20.0,dapi,1
BMPR1A_KD,30min,10x-1,420,308.3,405.7,143,-15.38,-20.0,1068.84,87.84,949.21,0.0925,1.3,20.0,dapi,1
BMPR1A_KD,30min,10x-1,421,307.5,508.2,79,-15.38,-20.0,1109.41,128.41,1305.35,0.0984,1.3,20.0,dapi,1
BMPR1A_KD,30min,10x-1,422,308.9,454.4,69,-15.38,-20.0,1158.57,177.57,1048.67,0.1693,1.3,20.0,dapi,1
BMPR1A_KD,30min,10x-1,423,306.1,571.1,32,-15.38,-20.0,1081.69,100.69,1215.34,0.0828,1.3,20.0,dapi,1
BMPR1A_KD,30min,10x-1,424,306.7,610.4,54,-15.38,-20.0,1084.44,103.44,1022.33,0.1012,1.3,20.0,dapi,1
BMPR1A_KD,30min,10x-1,425,309.1,670.8,76,-15.38,-20.0,1056.91,75.91,1086.57,0.0699,1.3,20.0,dapi,1
BMPR1A_KD,30min,10x-1,426,308.4,690.3,92,-15.38,-20.0,1083.55,102.55,1153.42,0.0889,1.3,20.0,dapi,1
BMPR1A_KD,30min,10x-1,427,311.6,471.7,124,-15.38,-20.0,1090.44,109.44,1033.05,0.1059,1.3,20.0,dapi,1
BMPR1A_KD,30min,10x-1,428,309.4,489.4,57,-15.38,-20.0,1094.32,113.32,1150.63,0.0985,1.3,20.0,dapi,1
BMPR1A_KD,30min,10x-1,429,309.0,649.2,44,-15.38,-20.0,1040.55,59.55,1211.05,0.0492,1.3,20.0,dapi,1
BMPR1A_KD,30min,10x-1,430,310.8,541.9,63,-15.38,-20.0,1079.4,98.4,1097.0,0.0897,1.3,20.0,dapi,1
BMPR1A_KD,30min,10x-1,431,309.7,551.0,65,-15.38,-20.0,1074.71,93.71,1100.83,0.0851,1.3,20.0,dapi,1
BMPR1A_KD,30min,10x-1,432,311.0,318.3,57,-15.38,-20.0,1092.98,111.98,1093.19,0.1024,1.3,20.0,dapi,1
BMPR1A_KD,30min,10x-1,433,311.5,625.9,64,-15.38,-20.0,1057.23,76.23,1033.09,0.0738,1.3,20.0,dapi,1
BMPR1A_KD,30min,10x-1,434,313.8,602.1,106,-15.38,-20.0,1076.77,95.77,1062.49,0.0901,1.3,20.0,dapi,1
BMPR1A_KD,30min,10x-1,435,314.4,339.6,90,-15.38,-20.0,1098.82,117.82,1188.03,0.0992,1.3,20.0,dapi,1
BMPR1A_KD,30min,10x-1,436,315.8,283.3,89,-15.38,-20.0,1091.16,110.16,894.16,0.1232,1.3,20.0,dapi,1
BMPR1A_KD,30min,10x-1,437,315.3,483.6,68,-15.38,-20.0,1117.65,136.65,1087.9,0.1256,1.3,20.0,dapi,1
BMPR1A_KD,30min,10x-1,438,314.2,515.4,55,-15.38,-20.0,1114.87,133.87,1278.35,0.1047,1.3,20.0,dapi,1
BMPR1A_KD,30min,10x-1,439,313.1,578.0,55,-15.38,-20.0,1074.65,93.65,1064.11,0.088,1.3,20.0,dapi,1
BMPR1A_KD,30min,10x-1,440,315.5,590.3,71,-15.38,-20.0,1091.7,110.7,1185.15,0.0934,1.3,20.0,dapi,1
BMPR1A_KD,30min,10x-1,441,315.6,656.1,77,-15.38,-20.0,1044.96,63.96,963.27,0.0664,1.3,20.0,dapi,1
BMPR1A_KD,30min,10x-1,442,317.1,714.9,94,-15.38,-20.0,1049.59,68.59,808.2,0.0849,1.3,20.0,dapi,1
BMPR1A_KD,30min,10x-1,443,317.8,329.5,86,-15.38,-20.0,1111.37,130.37,1183.86,0.1101,1.3,20.0,dapi,1
BMPR1A_KD,30min,10x-1,444,316.6,434.1,82,-15.38,-20.0,1081.93,100.93,1015.72,0.0994,1.3,20.0,dapi,1
BMPR1A_KD,30min,10x-1,445,316.8,620.0,74,-15.38,-20.0,1052.96,71.96,1107.11,0.065,1.3,20.0,dapi,1
BMPR1A_KD,30min,10x-1,446,317.4,268.4,59,-15.38,-20.0,1121.31,140.31,1063.42,0.1319,1.3,20.0,dapi,1
BMPR1A_KD,30min,10x-1,447,318.5,301.6,89,-15.38,-20.0,1105.57,124.57,1190.37,0.1047,1.3,20.0,dapi,1
BMPR1A_KD,30min,10x-1,448,316.7,350.6,56,-15.38,-20.0,1099.02,118.02,1137.75,0.1037,1.3,20.0,dapi,1
BMPR1A_KD,30min,10x-1,449,319.3,360.2,108,-15.38,-20.0,1206.77,225.77,1109.58,0.2035,1.3,20.0,dapi,1
BMPR1A_KD,30min,10x-1,450,316.0,639.4,56,-15.38,-20.0,1059.18,78.18,1037.0,0.0754,1.3,20.0,dapi,1
BMPR1A_KD,30min,10x-1,451,315.4,690.5,52,-15.38,-20.0,1080.08,99.08,1150.81,0.0861,1.3,20.0,dapi,1
BMPR1A_KD,30min,10x-1,452,318.9,372.6,81,-15.38,-20.0,1064.23,83.23,1118.38,0.0744,1.3,20.0,dapi,1
BMPR1A_KD,30min,10x-1,453,317.4,386.4,68,-15.38,-20.0,1035.03,54.03,1007.81,0.0536,1.3,20.0,dapi,1
BMPR1A_KD,30min,10x-1,454,319.5,701.7,103,-15.38,-20.0,1081.53,100.53,1035.47,0.0971,1.3,20.0,dapi,1
BMPR1A_KD,30min,10x-1,455,318.7,257.5,102,-15.38,-20.0,1080.25,99.25,1030.37,0.0963,1.3,20.0,dapi,1
BMPR1A_KD,30min,10x-1,456,320.5,447.7,97,-15.38,-20.0,1078.79,97.79,1099.16,0.089,1.3,20.0,dapi,1
BMPR1A_KD,30min,10x-1,457,318.8,524.9,57,-15.38,-20.0,1094.49,113.49,1068.6,0.1062,1.3,20.0,dapi,1
BMPR1A_KD,30min,10x-1,458,320.6,552.1,96,-15.38,-20.0,1074.57,93.57,1146.6,0.0816,1.3,20.0,dapi,1
BMPR1A_KD,30min,10x-1,459,319.9,670.2,58,-15.38,-20.0,1052.81,71.81,1129.95,0.0636,1.3,20.0,dapi,1
BMPR1A_KD,30min,10x-1,460,321.4,681.6,117,-15.38,-20.0,1058.99,77.99,1066.66,0.0731,1.3,20.0,dapi,1
BMPR1A_KD,30min,10x-1,461,321.1,323.6,55,-15.38,-20.0,1129.87,148.87,1238.22,0.1202,1.3,20.0,dapi,1
BMPR1A_KD,30min,10x-1,462,322.8,403.5,134,-15.38,-20.0,1056.44,75.44,974.95,0.0774,1.3,20.0,dapi,1
BMPR1A_KD,30min,10x-1,463,319.2,564.3,30,-15.38,-20.0,1090.63,109.63,1384.63,0.0792,1.3,20.0,dapi,1
BMPR1A_KD,30min,10x-1,464,322.3,314.5,70,-15.38,-20.0,1173.26,192.26,1256.3,0.153,1.3,20.0,dapi,1
BMPR1A_KD,30min,10x-1,465,322.8,421.7,110,-15.38,-20.0,1055.98,74.98,1026.15,0.0731,1.3,20.0,dapi,1
BMPR1A_KD,30min,10x-1,466,323.5,506.9,95,-15.38,-20.0,1119.29,138.29,1156.69,0.1196,1.3,20.0,dapi,1
BMPR1A_KD,30min,10x-1,467,322.0,582.1,76,-15.38,-20.0,1082.51,101.51,1156.33,0.0878,1.3,20.0,dapi,1
BMPR1A_KD,30min,10x-1,468,324.2,573.2,65,-15.38,-20.0,1086.32,105.32,1045.62,0.1007,1.3,20.0,dapi,1
BMPR1A_KD,30min,10x-1,469,325.2,643.1,115,-15.38,-20.0,1130.51,149.51,1045.72,0.143,1.3,20.0,dapi,1
BMPR1A_KD,30min,10x-1,470,323.9,658.7,72,-15.38,-20.0,1111.07,130.07,1055.17,0.1233,1.3,20.0,dapi,1
BMPR1A_KD,30min,10x-1,471,325.9,267.7,83,-15.38,-20.0,1089.8,108.8,1070.76,0.1016,1.3,20.0,dapi,1
BMPR1A_KD,30min,10x-1,472,328.0,390.8,100,-15.38,-20.0,1045.57,64.57,895.09,0.0721,1.3,20.0,dapi,1
BMPR1A_KD,30min,10x-1,473,327.6,472.4,94,-15.38,-20.0,1073.41,92.41,1115.22,0.0829,1.3,20.0,dapi,1
BMPR1A_KD,30min,10x-1,474,325.5,604.2,32,-15.38,-20.0,1058.91,77.91,1383.91,0.0563,1.3,20.0,dapi,1
BMPR1A_KD,30min,10x-1,475,327.3,486.0,75,-15.38,-20.0,1060.83,79.83,1251.12,0.0638,1.3,20.0,dapi,1
BMPR1A_KD,30min,10x-1,476,327.0,692.1,68,-15.38,-20.0,1083.15,102.15,937.96,0.1089,1.3,20.0,dapi,1
BMPR1A_KD,30min,10x-1,477,329.6,289.3,102,-15.38,-20.0,1066.98,85.98,1110.47,0.0774,1.3,20.0,dapi,1
BMPR1A_KD,30min,10x-1,478,327.7,340.4,52,-15.38,-20.0,1110.69,129.69,1072.56,0.1209,1.3,20.0,dapi,1
BMPR1A_KD,30min,10x-1,479,329.7,379.3,107,-15.38,-20.0,1060.66,79.66,1089.24,0.0731,1.3,20.0,dapi,1
BMPR1A_KD,30min,10x-1,480,328.8,431.8,84,-15.38,-20.0,1277.33,296.33,940.58,0.3151,1.3,20.0,dapi,1
BMPR1A_KD,30min,10x-1,481,329.6,562.9,92,-15.38,-20.0,1081.52,100.52,1189.48,0.0845,1.3,20.0,dapi,1
BMPR1A_KD,30min,10x-1,482,328.0,714.9,95,-15.38,-20.0,1070.32,89.32,1016.54,0.0879,1.3,20.0,dapi,1
BMPR1A_KD,30min,10x-1,483,329.0,254.7,77,-15.38,-20.0,1603.86,622.86,1073.05,0.5805,1.3,20.0,dapi,1
BMPR1A_KD,30min,10x-1,484,330.0,278.6,81,-15.38,-20.0,1067.42,86.42,1067.21,0.081,1.3,20.0,dapi,1
BMPR1A_KD,30min,10x-1,485,328.8,352.8,64,-15.38,-20.0,1058.34,77.34,1161.75,0.0666,1.3,20.0,dapi,1
BMPR1A_KD,30min,10x-1,486,328.9,514.9,50,-15.38,-20.0,1064.64,83.64,1054.36,0.0793,1.3,20.0,dapi,1
BMPR1A_KD,30min,10x-1,487,328.6,618.6,32,-15.38,-20.0,1057.97,76.97,1330.34,0.0579,1.3,20.0,dapi,1
BMPR1A_KD,30min,10x-1,488,331.1,304.2,103,-15.38,-20.0,1095.71,114.71,1132.84,0.1013,1.3,20.0,dapi,1
BMPR1A_KD,30min,10x-1,489,329.6,497.0,53,-15.38,-20.0,1085.23,104.23,1158.02,0.09,1.3,20.0,dapi,1
BMPR1A_KD,30min,10x-1,490,330.7,631.9,99,-15.38,-20.0,1060.93,79.93,1069.13,0.0748,1.3,20.0,dapi,1
BMPR1A_KD,30min,10x-1,491,332.1,333.5,73,-15.38,-20.0,1087.41,106.41,978.75,0.1087,1.3,20.0,dapi,1
BMPR1A_KD,30min,10x-1,492,330.4,578.5,55,-15.38,-20.0,1064.44,83.44,1128.33,0.0739,1.3,20.0,dapi,1
BMPR1A_KD,30min,10x-1,493,331.0,677.4,71,-15.38,-20.0,1066.99,85.99,1118.11,0.0769,1.3,20.0,dapi,1
BMPR1A_KD,30min,10x-1,494,333.9,364.2,110,-15.38,-20.0,1049.71,68.71,1079.33,0.0637,1.3,20.0,dapi,1
BMPR1A_KD,30min,10x-1,495,335.2,664.1,132,-15.38,-20.0,1108.52,127.52,959.47,0.1329,1.3,20.0,dapi,1
BMPR1A_KD,30min,10x-1,496,334.6,459.6,129,-15.38,-20.0,1080.81,99.81,1012.66,0.0986,1.3,20.0,dapi,1
BMPR1A_KD,30min,10x-1,497,333.3,555.2,62,-15.38,-20.0,1075.63,94.63,1042.79,0.0907,1.3,20.0,dapi,1
BMPR1A_KD,30min,10x-1,498,333.9,593.5,76,-15.38,-20.0,1040.79,59.79,1332.79,0.0449,1.3,20.0,dapi,1
BMPR1A_KD,30min,10x-1,499,333.3,609.3,73,-15.38,-20.0,1045.0,64.0,983.6,0.0651,1.3,20.0,dapi,1
BMPR1A_KD,30min,10x-1,500,334.5,480.2,63,-15.38,-20.0,1053.41,72.41,1337.22,0.0542,1.3,20.0,dapi,1
BMPR1A_KD,30min,10x-1,501,333.8,545.5,68,-15.38,-20.0,1079.12,98.12,1184.57,0.0828,1.3,20.0,dapi,1
BMPR1A_KD,30min,10x-1,502,336.1,443.9,89,-15.38,-20.0,1053.94,72.94,886.72,0.0823,1.3,20.0,dapi,1
BMPR1A_KD,30min,10x-1,503,334.6,261.3,50,-15.38,-20.0,1177.1,196.1,1089.06,0.1801,1.3,20.0,dapi,1
BMPR1A_KD,30min,10x-1,504,337.6,274.6,88,-15.38,-20.0,1091.41,110.41,1003.08,0.1101,1.3,20.0,dapi,1
BMPR1A_KD,30min,10x-1,505,336.3,316.6,60,-15.38,-20.0,1113.9,132.9,986.98,0.1347,1.3,20.0,dapi,1
BMPR1A_KD,30min,10x-1,506,337.7,398.6,106,-15.38,-20.0,1079.22,98.22,948.25,0.1036,1.3,20.0,dapi,1
BMPR1A_KD,30min,10x-1,507,336.1,645.6,79,-15.38,-20.0,1065.8,84.8,873.0,0.0971,1.3,20.0,dapi,1
BMPR1A_KD,30min,10x-1,508,336.1,696.7,103,-15.38,-20.0,1056.71,75.71,863.97,0.0876,1.3,20.0,dapi,1
BMPR1A_KD,30min,10x-1,509,336.5,714.3,73,-15.38,-20.0,1077.44,96.44,936.18,0.103,1.3,20.0,dapi,1
BMPR1A_KD,30min,10x-1,510,336.3,727.9,103,-15.38,-20.0,1059.28,78.28,866.91,0.0903,1.3,20.0,dapi,1
BMPR1A_KD,30min,10x-1,511,339.4,343.7,79,-15.38,-20.0,1064.38,83.38,1153.8,0.0723,1.3,20.0,dapi,1
BMPR1A_KD,30min,10x-1,512,339.9,385.5,88,-15.38,-20.0,1072.53,91.53,886.2,0.1033,1.3,20.0,dapi,1
BMPR1A_KD,30min,10x-1,513,341.7,415.2,134,-15.38,-20.0,1060.54,79.54,987.84,0.0805,1.3,20.0,dapi,1
BMPR1A_KD,30min,10x-1,514,339.0,515.3,60,-15.38,-20.0,1089.72,108.72,1046.85,0.1039,1.3,20.0,dapi,1
BMPR1A_KD,30min,10x-1,515,339.2,524.4,68,-15.38,-20.0,1097.91,116.91,1080.16,0.1082,1.3,20.0,dapi,1
BMPR1A_KD,30min,10x-1,516,339.5,623.4,70,-15.38,-20.0,1062.39,81.39,917.27,0.0887,1.3,20.0,dapi,1
BMPR1A_KD,30min,10x-1,517,339.6,676.4,91,-15.38,-20.0,1085.46,104.46,986.47,0.1059,1.3,20.0,dapi,1
BMPR1A_KD,30min,10x-1,518,340.9,290.5,87,-15.38,-20.0,1090.64,109.64,1003.33,0.1093,1.3,20.0,dapi,1
BMPR1A_KD,30min,10x-1,519,342.6,491.0,102,-15.38,-20.0,1116.17,135.17,1100.19,0.1229,1.3,20.0,dapi,1
BMPR1A_KD,30min,10x-1,520,342.4,534.5,82,-15.38,-20.0,1068.93,87.93,1164.62,0.0755,1.3,20.0,dapi,1
BMPR1A_KD,30min,10x-1,521,341.5,585.3,64,-15.38,-20.0,1072.88,91.88,942.62,0.0975,1.3,20.0,dapi,1
BMPR1A_KD,30min,10x-1,522,342.4,635.3,107,-15.38,-20.0,1150.19,169.19,969.32,0.1745,1.3,20.0,dapi,1
BMPR1A_KD,30min,10x-1,523,342.2,575.6,68,-15.38,-20.0,1068.04,87.04,916.18,0.095,1.3,20.0,dapi,1
BMPR1A_KD,30min,10x-1,524,343.7,302.0,92,-15.38,-20.0,1085.83,104.83,1091.72,0.096,1.3,20.0,dapi,1
BMPR1A_KD,30min,10x-1,525,343.3,331.7,95,-15.38,-20.0,1071.0,90.0,1190.63,0.0756,1.3,20.0,dapi,1
BMPR1A_KD,30min,10x-1,526,343.6,474.6,59,-15.38,-20.0,1080.75,99.75,1050.51,0.0949,1.3,20.0,dapi,1
BMPR1A_KD,30min,10x-1,527,344.3,608.1,109,-15.38,-20.0,1116.86,135.86,1088.74,0.1248,1.3,20.0,dapi,1
BMPR1A_KD,30min,10x-1,528,344.3,710.5,98,-15.38,-20.0,1090.55,109.55,930.79,0.1177,1.3,20.0,dapi,1
BMPR1A_KD,30min,10x-1,529,346.0,505.7,108,-15.38,-20.0,1055.62,74.62,973.08,0.0767,1.3,20.0,dapi,1
BMPR1A_KD,30min,10x-1,530,345.3,564.0,82,-15.38,-20.0,1084.2,103.2,1112.65,0.0927,1.3,20.0,dapi,1
BMPR1A_KD,30min,10x-1,531,345.2,654.6,111,-15.38,-20.0,1114.27,133.27,798.31,0.1669,1.3,20.0,dapi,1
BMPR1A_KD,30min,10x-1,532,345.1,265.4,86,-15.38,-20.0,1088.34,107.34,1123.52,0.0955,1.3,20.0,dapi,1
BMPR1A_KD,30min,10x-1,533,348.6,467.4,82,-15.38,-20.0,1115.33,134.33,1148.2,0.117,1.3,20.0,dapi,1
BMPR1A_KD,30min,10x-1,534,345.0,548.1,80,-15.38,-20.0,1057.5,76.5,1172.66,0.0652,1.3,20.0,dapi,1
BMPR1A_KD,30min,10x-1,535,345.6,730.2,104,-15.38,-20.0,1050.46,69.46,947.72,0.0733,1.3,20.0,dapi,1
BMPR1A_KD,30min,10x-1,536,352.3,451.1,140,-15.38,-20.0,1086.14,105.14,1127.81,0.0932,1.3,20.0,dapi,1
BMPR1A_KD,30min,10x-1,537,347.5,312.0,67,-15.38,-20.0,1116.31,135.31,993.82,0.1362,1.3,20.0,dapi,1
BMPR1A_KD,30min,10x-1,538,348.3,256.0,87,-15.38,-20.0,1035.24,54.24,1047.39,0.0518,1.3,20.0,dapi,1
BMPR1A_KD,30min,10x-1,539,349.1,345.9,96,-15.38,-20.0,1046.66,65.66,1190.25,0.0552,1.3,20.0,dapi,1
BMPR1A_KD,30min,10x-1,540,349.3,363.8,83,-15.38,-20.0,1053.93,72.93,1119.41,0.0651,1.3,20.0,dapi,1
BMPR1A_KD,30min,10x-1,541,348.5,396.2,103,-15.38,-20.0,1062.75,81.75,1015.4,0.0805,1.3,20.0,dapi,1
BMPR1A_KD,30min,10x-1,542,349.9,597.0,88,-15.38,-20.0,1052.06,71.06,973.53,0.073,1.3,20.0,dapi,1
BMPR1A_KD,30min,10x-1,543,349.9,442.5,79,-15.38,-20.0,1078.9,97.9,1227.54,0.0798,1.3,20.0,dapi,1
BMPR1A_KD,30min,10x-1,544,348.7,520.0,63,-15.38,-20.0,1068.6,87.6,996.08,0.0879,1.3,20.0,dapi,1
BMPR1A_KD,30min,10x-1,545,352.5,429.8,183,-15.38,-20.0,1069.07,88.07,892.28,0.0987,1.3,20.0,dapi,1
BMPR1A_KD,30min,10x-1,546,352.3,282.4,96,-15.38,-20.0,1122.03,141.03,1115.3,0.1265,1.3,20.0,dapi,1
BMPR1A_KD,30min,10x-1,547,349.7,458.9,36,-15.38,-20.0,1088.53,107.53,1315.58,0.0817,1.3,20.0,dapi,1
BMPR1A_KD,30min,10x-1,548,351.5,542.1,55,-15.38,-20.0,1098.27,117.27,1155.76,0.1015,1.3,20.0,dapi,1
BMPR1A_KD,30min,10x-1,549,352.7,578.4,75,-15.38,-20.0,1050.53,69.53,886.2,0.0785,1.3,20.0,dapi,1
BMPR1A_KD,30min,10x-1,550,353.8,612.5,112,-15.38,-20.0,1031.92,50.92,954.71,0.0533,1.3,20.0,dapi,1
BMPR1A_KD,30min,10x-1,551,353.1,627.2,104,-15.38,-20.0,1083.0,102.0,826.56,0.1234,1.3,20.0,dapi,1
BMPR1A_KD,30min,10x-1,552,353.7,297.7,64,-15.38,-20.0,1091.48,110.48,984.11,0.1123,1.3,20.0,dapi,1
BMPR1A_KD,30min,10x-1,553,354.8,403.4,91,-15.38,-20.0,1077.38,96.38,935.9,0.103,1.3,20.0,dapi,1
BMPR1A_KD,30min,10x-1,554,354.9,353.3,86,-15.38,-20.0,1055.81,74.81,1098.72,0.0681,1.3,20.0,dapi,1
BMPR1A_KD,30min,10x-1,555,355.1,382.6,91,-15.38,-20.0,1051.31,70.31,893.46,0.0787,1.3,20.0,dapi,1
BMPR1A_KD,30min,10x-1,556,353.4,493.3,70,-15.38,-20.0,1048.19,67.19,1018.77,0.0659,1.3,20.0,dapi,1
BMPR1A_KD,30min,10x-1,557,355.7,266.2,77,-15.38,-20.0,1067.51,86.51,1081.94,0.08,1.3,20.0,dapi,1
BMPR1A_KD,30min,10x-1,558,356.1,317.1,59,-15.38,-20.0,1059.9,78.9,1018.47,0.0775,1.3,20.0,dapi,1
BMPR1A_KD,30min,10x-1,559,355.9,329.0,75,-15.38,-20.0,1045.17,64.17,903.31,0.071,1.3,20.0,dapi,1
BMPR1A_KD,30min,10x-1,560,358.3,372.2,118,-15.38,-20.0,1053.11,72.11,1061.94,0.0679,1.3,20.0,dapi,1
BMPR1A_KD,30min,10x-1,561,355.7,417.6,87,-15.38,-20.0,1060.08,79.08,922.91,0.0857,1.3,20.0,dapi,1
BMPR1A_KD,30min,10x-1,562,355.3,477.2,78,-15.38,-20.0,1132.35,151.35,1160.31,0.1304,1.3,20.0,dapi,1
BMPR1A_KD,30min,10x-1,563,355.4,565.5,81,-15.38,-20.0,1050.74,69.74,902.17,0.0773,1.3,20.0,dapi,1
BMPR1A_KD,30min,10x-1,564,356.5,533.9,86,-15.38,-20.0,1066.0,85.0,977.45,0.087,1.3,20.0,dapi,1
BMPR1A_KD,30min,10x-1,565,358.5,308.1,87,-15.38,-20.0,1072.48,91.48,1130.79,0.0809,1.3,20.0,dapi,1
BMPR1A_KD,30min,10x-1,566,358.0,340.2,68,-15.38,-20.0,1100.32,119.32,1024.54,0.1165,1.3,20.0,dapi,1
BMPR1A_KD,30min,10x-1,567,358.6,592.9,73,-15.38,-20.0,1131.38,150.38,937.68,0.1604,1.3,20.0,dapi,1
BMPR1A_KD,30min,10x-1,568,361.5,550.7,86,-15.38,-20.0,1048.24,67.24,1128.31,0.0596,1.3,20.0,dapi,1
BMPR1A_KD,30min,10x-1,569,363.8,387.7,72,-15.38,-20.0,1054.18,73.18,951.49,0.0769,1.3,20.0,dapi,1
BMPR1A_KD,30min,10x-1,570,365.0,252.7,118,-15.38,-20.0,1155.58,174.58,1045.98,0.1669,1.3,20.0,dapi,1
BMPR1A_KD,30min,10x-1,571,363.8,278.6,93,-15.38,-20.0,1048.24,67.24,1163.91,0.0578,1.3,20.0,dapi,1
BMPR1A_KD,30min,10x-1,572,364.9,292.3,96,-15.38,-20.0,1079.51,98.51,1143.51,0.0861,1.3,20.0,dapi,1
BMPR1A_KD,30min,10x-1,573,361.0,443.8,19,-15.38,-20.0,1066.63,85.63,1045.05,0.0819,1.3,20.0,dapi,1
BMPR1A_KD,30min,10x-1,574,364.9,468.5,130,-15.38,-20.0,1114.73,133.73,1008.68,0.1326,1.3,20.0,dapi,1
BMPR1A_KD,30min,10x-1,575,362.4,578.1,71,-15.38,-20.0,1035.35,54.35,936.25,0.0581,1.3,20.0,dapi,1
BMPR1A_KD,30min,10x-1,576,366.3,263.7,97,-15.38,-20.0,1121.34,140.34,1086.91,0.1291,1.3,20.0,dapi,1
BMPR1A_KD,30min,10x-1,577,365.7,403.2,125,-15.38,-20.0,1072.42,91.42,1073.25,0.0852,1.3,20.0,dapi,1
BMPR1A_KD,30min,10x-1,578,365.7,499.6,81,-15.38,-20.0,1054.09,73.09,1076.75,0.0679,1.3,20.0,dapi,1
BMPR1A_KD,30min,10x-1,579,366.3,426.7,111,-15.38,-20.0,1058.36,77.36,1076.73,0.0718,1.3,20.0,dapi,1
BMPR1A_KD,30min,10x-1,580,367.7,492.1,86,-15.38,-20.0,1065.85,84.85,1113.09,0.0762,1.3,20.0,dapi,1
BMPR1A_KD,30min,10x-1,581,365.8,333.1,67,-15.38,-20.0,1051.43,70.43,1180.04,0.0597,1.3,20.0,dapi,1
BMPR1A_KD,30min,10x-1,582,367.6,569.0,103,-15.38,-20.0,1050.25,69.25,900.74,0.0769,1.3,20.0,dapi,1
BMPR1A_KD,30min,10x-1,583,367.9,454.0,123,-15.38,-20.0,1069.15,88.15,1062.46,0.083,1.3,20.0,dapi,1
BMPR1A_KD,30min,10x-1,584,368.5,309.3,83,-15.38,-20.0,1076.27,95.27,1127.2,0.0845,1.3,20.0,dapi,1
BMPR1A_KD,30min,10x-1,585,370.2,559.0,81,-15.38,-20.0,1058.51,77.51,921.33,0.0841,1.3,20.0,dapi,1
BMPR1A_KD,30min,10x-1,586,370.1,593.8,135,-15.38,-20.0,1028.72,47.72,834.71,0.0572,1.3,20.0,dapi,1
BMPR1A_KD,30min,10x-1,587,371.1,440.2,91,-15.38,-20.0,1082.18,101.18,995.52,0.1016,1.3,20.0,dapi,1
BMPR1A_KD,30min,10x-1,588,370.2,529.4,59,-15.38,-20.0,1071.42,90.42,914.39,0.0989,1.3,20.0,dapi,1
BMPR1A_KD,30min,10x-1,589,371.2,342.4,75,-15.38,-20.0,1078.67,97.67,1123.16,0.087,1.3,20.0,dapi,1
BMPR1A_KD,30min,10x-1,590,370.4,517.3,59,-15.38,-20.0,1103.14,122.14,1013.44,0.1205,1.3,20.0,dapi,1
BMPR1A_KD,30min,10x-1,591,374.3,376.9,115,-15.38,-20.0,1086.4,105.4,1079.23,0.0977,1.3,20.0,dapi,1
BMPR1A_KD,30min,10x-1,592,373.5,486.3,78,-15.38,-20.0,1064.58,83.58,1008.45,0.0829,1.3,20.0,dapi,1
BMPR1A_KD,30min,10x-1,593,373.3,275.6,63,-15.38,-20.0,1086.54,105.54,998.0,0.1058,1.3,20.0,dapi,1
BMPR1A_KD,30min,10x-1,594,374.2,288.2,76,-15.38,-20.0,1086.86,105.86,1061.74,0.0997,1.3,20.0,dapi,1
BMPR1A_KD,30min,10x-1,595,375.0,298.6,67,-15.38,-20.0,1068.84,87.84,957.4,0.0917,1.3,20.0,dapi,1
BMPR1A_KD,30min,10x-1,596,375.6,321.3,71,-15.38,-20.0,1054.11,73.11,950.83,0.0769,1.3,20.0,dapi,1
BMPR1A_KD,30min,10x-1,597,374.4,403.8,60,-15.38,-20.0,1066.28,85.28,1050.55,0.0812,1.3,20.0,dapi,1
BMPR1A_KD,30min,10x-1,598,377.8,418.5,123,-15.38,-20.0,1065.07,84.07,1058.62,0.0794,1.3,20.0,dapi,1
BMPR1A_KD,30min,10x-1,599,377.3,254.6,95,-15.38,-20.0,1403.77,422.77,1162.43,0.3637,1.3,20.0,dapi,1
BMPR1A_KD,30min,10x-1,600,375.7,536.2,57,-15.38,-20.0,1038.0,57.0,1044.39,0.0546,1.3,20.0,dapi,1
BMPR1A_KD,30min,10x-1,601,376.4,578.9,106,-15.38,-20.0,1041.29,60.29,867.16,0.0695,1.3,20.0,dapi,1
BMPR1A_KD,30min,10x-1,602,378.7,390.9,101,-15.38,-20.0,1040.04,59.04,1071.77,0.0551,1.3,20.0,dapi,1
BMPR1A_KD,30min,10x-1,603,377.1,330.2,52,-15.38,-20.0,1064.5,83.5,1080.08,0.0773,1.3,20.0,dapi,1
BMPR1A_KD,30min,10x-1,604,378.3,544.7,69,-15.38,-20.0,1060.23,79.23,1014.67,0.0781,1.3,20.0,dapi,1
BMPR1A_KD,30min,10x-1,605,380.5,367.3,97,-15.38,-20.0,1075.58,94.58,1163.98,0.0813,1.3,20.0,dapi,1
BMPR1A_KD,30min,10x-1,606,380.1,454.4,98,-15.38,-20.0,1084.84,103.84,1166.16,0.089,1.3,20.0,dapi,1
BMPR1A_KD,30min,10x-1,607,381.0,481.5,92,-15.38,-20.0,1079.99,98.99,1145.98,0.0864,1.3,20.0,dapi,1
BMPR1A_KD,30min,10x-1,608,379.9,504.2,89,-15.38,-20.0,1086.29,105.29,1138.46,0.0925,1.3,20.0,dapi,1
BMPR1A_KD,30min,10x-1,609,379.2,514.6,55,-15.38,-20.0,1085.71,104.71,962.45,0.1088,1.3,20.0,dapi,1
BMPR1A_KD,30min,10x-1,610,378.9,554.2,79,-15.38,-20.0,1044.08,63.08,1083.47,0.0582,1.3,20.0,dapi,1
BMPR1A_KD,30min,10x-1,611,380.2,340.4,63,-15.38,-20.0,1068.17,87.17,1045.98,0.0833,1.3,20.0,dapi,1
BMPR1A_KD,30min,10x-1,612,381.3,305.9,70,-15.38,-20.0,1054.09,73.09,1188.21,0.0615,1.3,20.0,dapi,1
BMPR1A_KD,30min,10x-1,613,381.2,524.6,62,-15.38,-20.0,1085.5,104.5,1060.82,0.0985,1.3,20.0,dapi,1
BMPR1A_KD,30min,10x-1,614,382.0,272.9,72,-15.38,-20.0,1106.36,125.36,1165.44,0.1076,1.3,20.0,dapi,1
BMPR1A_KD,30min,10x-1,615,383.7,288.2,67,-15.38,-20.0,1085.99,104.99,1109.01,0.0947,1.3,20.0,dapi,1
BMPR1A_KD,30min,10x-1,616,385.9,314.6,75,-15.38,-20.0,1051.64,70.64,967.27,0.073,1.3,20.0,dapi,1
BMPR1A_KD,30min,10x-1,617,385.5,406.3,113,-15.38,-20.0,1062.1,81.1,1047.0,0.0775,1.3,20.0,dapi,1
BMPR1A_KD,30min,10x-1,618,386.0,437.6,121,-15.38,-20.0,1063.31,82.31,1010.55,0.0814,1.3,20.0,dapi,1
BMPR1A_KD,30min,10x-1,619,385.5,471.1,68,-15.38,-20.0,1067.63,86.63,1067.5,0.0812,1.3,20.0,dapi,1
BMPR1A_KD,30min,10x-1,620,385.5,532.4,71,-15.38,-20.0,1049.65,68.65,1005.21,0.0683,1.3,20.0,dapi,1
BMPR1A_KD,30min,10x-1,621,386.1,352.5,55,-15.38,-20.0,1083.16,102.16,998.2,0.1023,1.3,20.0,dapi,1
BMPR1A_KD,30min,10x-1,622,387.9,251.0,80,-15.38,-20.0,1080.3,99.3,1123.94,0.0884,1.3,20.0,dapi,1
BMPR1A_KD,30min,10x-1,623,388.8,570.7,125,-15.38,-20.0,1339.05,358.05,939.18,0.3812,1.3,20.0,dapi,1
BMPR1A_KD,30min,10x-1,624,389.2,264.3,80,-15.38,-20.0,1098.74,117.74,1145.58,0.1028,1.3,20.0,dapi,1
BMPR1A_KD,30min,10x-1,625,391.8,342.8,94,-15.38,-20.0,1068.05,87.05,953.66,0.0913,1.3,20.0,dapi,1
BMPR1A_KD,30min,10x-1,626,391.3,423.9,99,-15.38,-20.0,1058.41,77.41,1111.67,0.0696,1.3,20.0,dapi,1
BMPR1A_KD,30min,10x-1,627,389.8,552.8,71,-15.38,-20.0,1028.55,47.55,1338.03,0.0355,1.3,20.0,dapi,1
BMPR1A_KD,30min,10x-1,628,392.9,333.3,84,-15.38,-20.0,1058.12,77.12,1010.88,0.0763,1.3,20.0,dapi,1
BMPR1A_KD,30min,10x-1,629,393.7,375.7,130,-15.38,-20.0,1071.61,90.61,1032.32,0.0878,1.3,20.0,dapi,1
BMPR1A_KD,30min,10x-1,630,390.0,518.7,43,-15.38,-20.0,1080.6,99.6,1135.93,0.0877,1.3,20.0,dapi,1
BMPR1A_KD,30min,10x-1,631,391.7,293.7,53,-15.38,-20.0,1086.7,105.7,1050.53,0.1006,1.3,20.0,dapi,1
BMPR1A_KD,30min,10x-1,632,393.6,359.5,91,-15.38,-20.0,1071.82,90.82,1162.55,0.0781,1.3,20.0,dapi,1
BMPR1A_KD,30min,10x-1,633,392.9,280.3,55,-15.38,-20.0,1082.93,101.93,1106.44,0.0921,1.3,20.0,dapi,1
BMPR1A_KD,30min,10x-1,634,393.5,320.1,61,-15.38,-20.0,1078.03,97.03,990.72,0.0979,1.3,20.0,dapi,1
BMPR1A_KD,30min,10x-1,635,394.7,446.2,98,-15.38,-20.0,1060.8,79.8,1048.16,0.0761,1.3,20.0,dapi,1
BMPR1A_KD,30min,10x-1,636,394.7,511.3,89,-15.38,-20.0,1076.24,95.24,1142.61,0.0833,1.3,20.0,dapi,1
BMPR1A_KD,30min,10x-1,637,396.0,391.3,118,-15.38,-20.0,1045.08,64.08,1019.44,0.0629,1.3,20.0,dapi,1
BMPR1A_KD,30min,10x-1,638,394.9,500.9,89,-15.38,-20.0,1061.73,80.73,1150.52,0.0702,1.3,20.0,dapi,1
BMPR1A_KD,30min,10x-1,639,394.1,534.6,76,-15.38,-20.0,1064.67,83.67,1035.84,0.0808,1.3,20.0,dapi,1
BMPR1A_KD,30min,10x-1,640,396.0,306.0,102,-15.38,-20.0,1084.89,103.89,1147.27,0.0906,1.3,20.0,dapi,1
BMPR1A_KD,30min,10x-1,641,396.0,402.3,81,-15.38,-20.0,1074.58,93.58,905.81,0.1033,1.3,20.0,dapi,1
BMPR1A_KD,30min,10x-1,642,396.8,479.2,113,-15.38,-20.0,1078.49,97.49,1039.39,0.0938,1.3,20.0,dapi,1
BMPR1A_KD,30min,10x-1,643,396.7,489.8,89,-15.38,-20.0,1114.72,133.72,1186.53,0.1127,1.3,20.0,dapi,1
BMPR1A_KD,30min,10x-1,644,401.2,381.5,82,-15.38,-20.0,1049.95,68.95,1114.38,0.0619,1.3,20.0,dapi,1
BMPR1A_KD,30min,10x-1,645,399.7,414.4,90,-15.38,-20.0,1088.31,107.31,1027.1,0.1045,1.3,20.0,dapi,1
BMPR1A_KD,30min,10x-1,646,400.0,269.3,53,-15.38,-20.0,1121.79,140.79,1078.49,0.1305,1.3,20.0,dapi,1
BMPR1A_KD,30min,10x-1,647,401.1,290.0,75,-15.38,-20.0,1088.79,107.79,1182.51,0.0912,1.3,20.0,dapi,1
BMPR1A_KD,30min,10x-1,648,401.6,542.5,88,-15.38,-20.0,1039.2,58.2,1200.16,0.0485,1.3,20.0,dapi,1
BMPR1A_KD,30min,10x-1,649,406.6,338.9,94,-15.38,-20.0,1106.85,125.85,1156.54,0.1088,1.3,20.0,dapi,1
BMPR1A_KD,30min,10x-1,650,404.4,430.3,86,-15.38,-20.0,1061.19,80.19,1011.5,0.0793,1.3,20.0,dapi,1
BMPR1A_KD,30min,10x-1,651,404.9,468.0,97,-15.38,-20.0,1095.31,114.31,1109.99,0.103,1.3,20.0,dapi,1
BMPR1A_KD,30min,10x-1,652,403.3,522.7,47,-15.38,-20.0,1078.68,97.68,1060.36,0.0921,1.3,20.0,dapi,1
BMPR1A_KD,30min,10x-1,653,404.5,278.6,57,-15.38,-20.0,1079.96,98.96,1193.12,0.0829,1.3,20.0,dapi,1
BMPR1A_KD,30min,10x-1,654,405.9,317.2,67,-15.38,-20.0,1088.6,107.6,1035.15,0.1039,1.3,20.0,dapi,1
BMPR1A_KD,30min,10x-1,655,405.8,503.5,73,-15.38,-20.0,1057.79,76.79,1164.77,0.0659,1.3,20.0,dapi,1
BMPR1A_KD,30min,10x-1,656,407.0,550.4,112,-15.38,-20.0,1023.29,42.29,1003.54,0.0421,1.3,20.0,dapi,1
BMPR1A_KD,30min,10x-1,657,405.4,260.0,67,-15.38,-20.0,1137.88,156.88,1227.07,0.1278,1.3,20.0,dapi,1
BMPR1A_KD,30min,10x-1,658,407.7,574.7,106,-15.38,-20.0,1109.24,128.24,839.61,0.1527,1.3,20.0,dapi,1
BMPR1A_KD,30min,10x-1,659,407.7,348.3,54,-15.38,-20.0,1086.3,105.3,1028.02,0.1024,1.3,20.0,dapi,1
BMPR1A_KD,30min,10x-1,660,407.0,445.8,65,-15.38,-20.0,1066.26,85.26,950.4,0.0897,1.3,20.0,dapi,1
BMPR1A_KD,30min,10x-1,661,409.3,559.0,108,-15.38,-20.0,1047.84,66.84,976.3,0.0685,1.3,20.0,dapi,1
BMPR1A_KD,30min,10x-1,662,408.1,301.0,92,-15.38,-20.0,1081.01,100.01,1173.57,0.0852,1.3,20.0,dapi,1
BMPR1A_KD,30min,10x-1,663,409.0,330.4,66,-15.38,-20.0,1115.35,134.35,1032.24,0.1302,1.3,20.0,dapi,1
BMPR1A_KD,30min,10x-1,664,411.9,322.6,108,-15.38,-20.0,1104.52,123.52,1220.54,0.1012,1.3,20.0,dapi,1
BMPR1A_KD,30min,10x-1,665,410.6,456.2,116,-15.38,-20.0,1069.59,88.59,1069.46,0.0828,1.3,20.0,dapi,1
BMPR1A_KD,30min,10x-1,666,409.3,485.9,61,-15.38,-20.0,1063.08,82.08,943.79,0.087,1.3,20.0,dapi,1
BMPR1A_KD,30min,10x-1,667,410.6,360.9,76,-15.38,-20.0,1087.5,106.5,1095.03,0.0973,1.3,20.0,dapi,1
BMPR1A_KD,30min,10x-1,668,412.1,373.9,106,-15.38,-20.0,1095.48,114.48,1102.01,0.1039,1.3,20.0,dapi,1
BMPR1A_KD,30min,10x-1,669,412.3,410.2,103,-15.38,-20.0,1079.17,98.17,1083.83,0.0906,1.3,20.0,dapi,1
BMPR1A_KD,30min,10x-1,670,412.4,495.5,86,-15.38,-20.0,1043.0,62.0,1198.79,0.0517,1.3,20.0,dapi,1
BMPR1A_KD,30min,10x-1,671,412.4,513.9,93,-15.38,-20.0,1066.61,85.61,1095.42,0.0782,1.3,20.0,dapi,1
BMPR1A_KD,30min,10x-1,672,413.4,286.8,64,-15.38,-20.0,1070.03,89.03,1025.61,0.0868,1.3,20.0,dapi,1
BMPR1A_KD,30min,10x-1,673,413.4,389.0,91,-15.38,-20.0,1076.14,95.14,1136.85,0.0837,1.3,20.0,dapi,1
BMPR1A_KD,30min,10x-1,674,414.1,531.8,99,-15.38,-20.0,1069.89,88.89,1101.91,0.0807,1.3,20.0,dapi,1
BMPR1A_KD,30min,10x-1,675,415.6,297.2,92,-15.38,-20.0,1082.29,101.29,1196.63,0.0846,1.3,20.0,dapi,1
BMPR1A_KD,30min,10x-1,676,414.8,437.5,75,-15.38,-20.0,1076.47,95.47,943.81,0.1011,1.3,20.0,dapi,1
BMPR1A_KD,30min,10x-1,677,414.9,267.5,69,-15.38,-20.0,1122.54,141.54,1234.74,0.1146,1.3,20.0,dapi,1
BMPR1A_KD,30min,10x-1,678,416.7,420.1,110,-15.38,-20.0,1080.54,99.54,1078.34,0.0923,1.3,20.0,dapi,1
BMPR1A_KD,30min,10x-1,679,416.7,476.6,99,-15.38,-20.0,1064.85,83.85,992.89,0.0844,1.3,20.0,dapi,1
BMPR1A_KD,30min,10x-1,680,416.2,571.8,101,-15.38,-20.0,1027.64,46.64,828.56,0.0563,1.3,20.0,dapi,1
BMPR1A_KD,30min,10x-1,681,418.2,402.9,80,-15.38,-20.0,1074.46,93.46,1174.74,0.0796,1.3,20.0,dapi,1
BMPR1A_KD,30min,10x-1,682,418.6,276.7,70,-15.38,-20.0,1092.06,111.06,1101.47,0.1008,1.3,20.0,dapi,1
BMPR1A_KD,30min,10x-1,683,419.6,309.8,58,-15.38,-20.0,1078.02,97.02,1099.41,0.0882,1.3,20.0,dapi,1
BMPR1A_KD,30min,10x-1,684,421.2,350.1,91,-15.38,-20.0,1095.87,114.87,1328.93,0.0864,1.3,20.0,dapi,1
BMPR1A_KD,30min,10x-1,685,419.9,257.1,61,-15.38,-20.0,1110.41,129.41,1040.51,0.1244,1.3,20.0,dapi,1
BMPR1A_KD,30min,10x-1,686,419.3,331.9,54,-15.38,-20.0,1090.69,109.69,1007.7,0.1088,1.3,20.0,dapi,1
BMPR1A_KD,30min,10x-1,687,423.2,539.4,91,-15.38,-20.0,1041.0,60.0,1103.07,0.0544,1.3,20.0,dapi,1
BMPR1A_KD,30min,10x-1,688,422.6,362.9,84,-15.38,-20.0,1085.83,104.83,1175.68,0.0892,1.3,20.0,dapi,1
BMPR1A_KD,30min,10x-1,689,423.2,432.2,83,-15.38,-20.0,1061.93,80.93,1166.94,0.0694,1.3,20.0,dapi,1
BMPR1A_KD,30min,10x-1,690,421.7,247.1,52,-15.38,-20.0,1123.42,142.42,1167.98,0.1219,1.3,20.0,dapi,1
BMPR1A_KD,30min,10x-1,691,423.1,317.5,56,-15.38,-20.0,1101.5,120.5,1192.11,0.1011,1.3,20.0,dapi,1
BMPR1A_KD,30min,10x-1,692,423.8,341.7,67,-15.38,-20.0,1142.25,161.25,1028.43,0.1568,1.3,20.0,dapi,1
BMPR1A_KD,30min,10x-1,693,422.6,455.8,93,-15.38,-20.0,1076.49,95.49,1061.24,0.09,1.3,20.0,dapi,1
BMPR1A_KD,30min,10x-1,694,424.1,290.1,79,-15.38,-20.0,1064.16,83.16,1204.59,0.069,1.3,20.0,dapi,1
BMPR1A_KD,30min,10x-1,695,425.2,523.3,88,-15.38,-20.0,1043.73,62.73,1042.99,0.0601,1.3,20.0,dapi,1
BMPR1A_KD,30min,10x-1,696,425.7,547.8,94,-15.38,-20.0,1072.38,91.38,934.68,0.0978,1.3,20.0,dapi,1
BMPR1A_KD,30min,10x-1,697,426.4,389.5,121,-15.38,-20.0,1105.98,124.98,1034.9,0.1208,1.3,20.0,dapi,1
BMPR1A_KD,30min,10x-1,698,426.2,470.3,98,-15.38,-20.0,1084.06,103.06,1005.84,0.1025,1.3,20.0,dapi,1
BMPR1A_KD,30min,10x-1,699,423.9,501.5,47,-15.38,-20.0,1059.23,78.23,1054.55,0.0742,1.3,20.0,dapi,1
BMPR1A_KD,30min,10x-1,700,427.3,513.9,104,-15.38,-20.0,1058.21,77.21,1098.45,0.0703,1.3,20.0,dapi,1
BMPR1A_KD,30min,10x-1,701,425.8,561.1,65,-15.38,-20.0,1027.4,46.4,1363.8,0.034,1.3,20.0,dapi,1
BMPR1A_KD,30min,10x-1,702,426.4,440.6,63,-15.38,-20.0,1088.22,107.22,993.97,0.1079,1.3,20.0,dapi,1
BMPR1A_KD,30min,10x-1,703,427.2,241.5,81,-15.38,-20.0,1158.04,177.04,1210.74,0.1462,1.3,20.0,dapi,1
BMPR1A_KD,30min,10x-1,704,427.9,328.5,61,-15.38,-20.0,1095.97,114.97,995.7,0.1155,1.3,20.0,dapi,1
BMPR1A_KD,30min,10x-1,705,427.6,265.5,70,-15.38,-20.0,1108.01,127.01,1218.67,0.1042,1.3,20.0,dapi,1
BMPR1A_KD,30min,10x-1,706,428.5,375.1,90,-15.38,-20.0,1085.54,104.54,1239.82,0.0843,1.3,20.0,dapi,1
BMPR1A_KD,30min,10x-1,707,429.5,297.3,59,-15.38,-20.0,1084.08,103.08,1455.53,0.0708,1.3,20.0,dapi,1
BMPR1A_KD,30min,10x-1,708,430.6,400.6,97,-15.38,-20.0,1076.96,95.96,1093.48,0.0878,1.3,20.0,dapi,1
BMPR1A_KD,30min,10x-1,709,429.2,417.4,68,-15.38,-20.0,1075.91,94.91,971.96,0.0977,1.3,20.0,dapi,1
BMPR1A_KD,30min,10x-1,710,430.9,491.3,69,-15.38,-20.0,1135.3,154.3,970.94,0.1589,1.3,20.0,dapi,1
BMPR1A_KD,30min,10x-1,711,432.5,305.9,87,-15.38,-20.0,1122.45,141.45,1186.69,0.1192,1.3,20.0,dapi,1
BMPR1A_KD,30min,10x-1,712,434.0,244.8,104,-15.38,-20.0,1088.34,107.34,1101.53,0.0974,1.3,20.0,dapi,1
BMPR1A_KD,30min,10x-1,713,432.3,282.1,63,-15.38,-20.0,1081.98,100.98,1305.43,0.0774,1.3,20.0,dapi,1
BMPR1A_KD,30min,10x-1,714,432.4,336.9,73,-15.38,-20.0,1116.9,135.9,1086.21,0.1251,1.3,20.0,dapi,1
BMPR1A_KD,30min,10x-1,715,432.2,456.3,100,-15.38,-20.0,1082.62,101.62,1159.13,0.0877,1.3,20.0,dapi,1
BMPR1A_KD,30min,10x-1,716,433.1,482.0,80,-15.38,-20.0,1062.78,81.78,1012.36,0.0808,1.3,20.0,dapi,1
BMPR1A_KD,30min,10x-1,717,433.0,273.7,58,-15.38,-20.0,1099.29,118.29,1199.07,0.0987,1.3,20.0,dapi,1
BMPR1A_KD,30min,10x-1,718,434.0,352.4,89,-15.38,-20.0,1085.69,104.69,1327.97,0.0788,1.3,20.0,dapi,1
BMPR1A_KD,30min,10x-1,719,435.4,527.9,88,-15.38,-20.0,1051.34,70.34,1010.25,0.0696,1.3,20.0,dapi,1
BMPR1A_KD,30min,10x-1,720,435.4,360.7,62,-15.38,-20.0,1091.5,110.5,1104.53,0.1,1.3,20.0,dapi,1
BMPR1A_KD,30min,10x-1,721,436.6,261.0,90,-15.38,-20.0,1152.5,171.5,1210.98,0.1416,1.3,20.0,dapi,1
BMPR1A_KD,30min,10x-1,722,439.2,506.9,88,-15.38,-20.0,1046.18,65.18,847.41,0.0769,1.3,20.0,dapi,1
BMPR1A_KD,30min,10x-1,723,438.7,410.1,69,-15.38,-20.0,1078.14,97.14,1164.74,0.0834,1.3,20.0,dapi,1
BMPR1A_KD,30min,10x-1,724,439.1,420.9,62,-15.38,-20.0,1075.31,94.31,1050.68,0.0898,1.3,20.0,dapi,1
BMPR1A_KD,30min,10x-1,725,440.6,333.9,60,-15.38,-20.0,1112.47,131.47,1033.25,0.1272,1.3,20.0,dapi,1
BMPR1A_KD,30min,10x-1,726,442.7,428.0,115,-15.38,-20.0,1099.83,118.83,1088.78,0.1091,1.3,20.0,dapi,1
BMPR1A_KD,30min,10x-1,727,441.1,455.5,142,-15.38,-20.0,1079.53,98.53,1057.18,0.0932,1.3,20.0,dapi,1
BMPR1A_KD,30min,10x-1,728,442.2,323.0,49,-15.38,-20.0,1092.41,111.41,1059.65,0.1051,1.3,20.0,dapi,1
BMPR1A_KD,30min,10x-1,729,440.7,469.8,69,-15.38,-20.0,1053.52,72.52,931.14,0.0779,1.3,20.0,dapi,1
BMPR1A_KD,30min,10x-1,730,441.1,496.0,61,-15.38,-20.0,1061.02,80.02,946.18,0.0846,1.3,20.0,dapi,1
BMPR1A_KD,30min,10x-1,731,442.5,545.2,108,-15.38,-20.0,1040.4,59.4,1007.92,0.0589,1.3,20.0,dapi,1
BMPR1A_KD,30min,10x-1,732,443.2,402.0,64,-15.38,-20.0,1083.69,102.69,1032.0,0.0995,1.3,20.0,dapi,1
BMPR1A_KD,30min,10x-1,733,443.4,244.3,47,-15.38,-20.0,1091.83,110.83,1062.17,0.1043,1.3,20.0,dapi,1
BMPR1A_KD,30min,10x-1,734,442.0,253.7,42,-15.38,-20.0,1097.19,116.19,1185.17,0.098,1.3,20.0,dapi,1
BMPR1A_KD,30min,10x-1,735,441.8,279.0,41,-15.38,-20.0,1114.27,133.27,1223.85,0.1089,1.3,20.0,dapi,1
BMPR1A_KD,30min,10x-1,736,443.0,293.8,50,-15.38,-20.0,1095.86,114.86,1433.2,0.0801,1.3,20.0,dapi,1
BMPR1A_KD,30min,10x-1,737,442.9,364.6,78,-15.38,-20.0,1063.97,82.97,1307.38,0.0635,1.3,20.0,dapi,1
BMPR1A_KD,30min,10x-1,738,443.9,378.6,69,-15.38,-20.0,1068.97,87.97,1295.22,0.0679,1.3,20.0,dapi,1
BMPR1A_KD,30min,10x-1,739,442.6,393.2,74,-15.38,-20.0,1089.26,108.26,1305.03,0.083,1.3,20.0,dapi,1
BMPR1A_KD,30min,10x-1,740,445.1,519.5,86,-15.38,-20.0,1058.99,77.99,1205.19,0.0647,1.3,20.0,dapi,1
BMPR1A_KD,30min,10x-1,741,445.1,271.6,40,-15.38,-20.0,1093.1,112.1,1274.25,0.088,1.3,20.0,dapi,1
BMPR1A_KD,30min,10x-1,742,447.3,447.8,84,-15.38,-20.0,1079.08,98.08,1290.1,0.076,1.3,20.0,dapi,1
BMPR1A_KD,30min,10x-1,743,449.0,534.9,90,-15.38,-20.0,1065.72,84.72,904.44,0.0937,1.3,20.0,dapi,1
BMPR1A_KD,30min,10x-1,744,447.2,346.1,66,-15.38,-20.0,1073.88,92.88,1081.8,0.0859,1.3,20.0,dapi,1
BMPR1A_KD,30min,10x-1,745,448.5,434.9,71,-15.38,-20.0,1106.08,125.08,985.01,0.127,1.3,20.0,dapi,1
BMPR1A_KD,30min,10x-1,746,448.3,483.2,91,-15.38,-20.0,1083.58,102.58,1044.3,0.0982,1.3,20.0,dapi,1
BMPR1A_KD,30min,10x-1,747,448.3,261.2,59,-15.38,-20.0,1157.07,176.07,1381.08,0.1275,1.3,20.0,dapi,1
BMPR1A_KD,30min,10x-1,748,449.2,284.1,51,-15.38,-20.0,1125.14,144.14,1133.04,0.1272,1.3,20.0,dapi,1
BMPR1A_KD,30min,10x-1,749,451.2,414.7,84,-15.38,-20.0,1078.3,97.3,1036.69,0.0939,1.3,20.0,dapi,1
BMPR1A_KD,30min,10x-1,750,452.0,270.5,59,-15.38,-20.0,1122.76,141.76,1301.39,0.1089,1.3,20.0,dapi,1
BMPR1A_KD,30min,10x-1,751,452.8,359.6,91,-15.38,-20.0,1074.71,93.71,1191.69,0.0786,1.3,20.0,dapi,1
BMPR1A_KD,30min,10x-1,752,453.7,546.7,113,-15.38,-20.0,1318.39,337.39,839.89,0.4017,1.3,20.0,dapi,1
BMPR1A_KD,30min,10x-1,753,454.1,331.9,90,-15.38,-20.0,1078.54,97.54,1225.01,0.0796,1.3,20.0,dapi,1
BMPR1A_KD,30min,10x-1,754,454.8,499.3,115,-15.38,-20.0,1083.49,102.49,1001.79,0.1023,1.3,20.0,dapi,1
BMPR1A_KD,30min,10x-1,755,454.3,319.6,64,-15.38,-20.0,1099.55,118.55,1247.88,0.095,1.3,20.0,dapi,1
BMPR1A_KD,30min,10x-1,756,456.2,248.2,70,-15.38,-20.0,1134.23,153.23,1168.47,0.1311,1.3,20.0,dapi,1
BMPR1A_KD,30min,10x-1,757,456.8,372.2,84,-15.38,-20.0,1087.76,106.76,1133.19,0.0942,1.3,20.0,dapi,1
BMPR1A_KD,30min,10x-1,758,458.0,454.8,81,-15.38,-20.0,1104.56,123.56,1108.33,0.1115,1.3,20.0,dapi,1
BMPR1A_KD,30min,10x-1,759,458.6,399.2,80,-15.38,-20.0,1078.47,97.47,922.51,0.1057,1.3,20.0,dapi,1
BMPR1A_KD,30min,10x-1,760,459.1,516.9,141,-15.38,-20.0,1152.07,171.07,890.62,0.1921,1.3,20.0,dapi,1
BMPR1A_KD,30min,10x-1,761,457.5,440.5,76,-15.38,-20.0,1087.99,106.99,1070.71,0.0999,1.3,20.0,dapi,1
BMPR1A_KD,30min,10x-1,762,458.9,288.2,77,-15.38,-20.0,1102.96,121.96,1222.65,0.0998,1.3,20.0,dapi,1
BMPR1A_KD,30min,10x-1,763,460.6,463.7,108,-15.38,-20.0,1129.56,148.56,1098.88,0.1352,1.3,20.0,dapi,1
BMPR1A_KD,30min,10x-1,764,462.0,475.8,115,-15.38,-20.0,1055.18,74.18,1014.85,0.0731,1.3,20.0,dapi,1
BMPR1A_KD,30min,10x-1,765,462.6,250.8,96,-15.38,-20.0,1106.48,125.48,1462.42,0.0858,1.3,20.0,dapi,1
BMPR1A_KD,30min,10x-1,766,459.7,339.0,63,-15.38,-20.0,1114.75,133.75,1118.32,0.1196,1.3,20.0,dapi,1
BMPR1A_KD,30min,10x-1,767,461.8,484.7,97,-15.38,-20.0,1050.81,69.81,971.52,0.0719,1.3,20.0,dapi,1
BMPR1A_KD,30min,10x-1,768,461.3,268.8,71,-15.38,-20.0,1116.14,135.14,1399.01,0.0966,1.3,20.0,dapi,1
BMPR1A_KD,30min,10x-1,769,462.4,407.9,124,-15.38,-20.0,1126.62,145.62,1055.25,0.138,1.3,20.0,dapi,1
BMPR1A_KD,30min,10x-1,770,461.8,427.1,88,-15.38,-20.0,1082.16,101.16,1172.14,0.0863,1.3,20.0,dapi,1
BMPR1A_KD,30min,10x-1,771,465.5,300.1,104,-15.38,-20.0,1097.18,116.18,1168.72,0.0994,1.3,20.0,dapi,1
BMPR1A_KD,30min,10x-1,772,465.2,278.6,73,-15.38,-20.0,1125.38,144.38,1412.47,0.1022,1.3,20.0,dapi,1
BMPR1A_KD,30min,10x-1,773,464.3,367.6,81,-15.38,-20.0,1082.1,101.1,1172.36,0.0862,1.3,20.0,dapi,1
BMPR1A_KD,30min,10x-1,774,467.3,309.4,75,-15.38,-20.0,1089.75,108.75,1209.72,0.0899,1.3,20.0,dapi,1
BMPR1A_KD,30min,10x-1,775,467.0,317.9,51,-15.38,-20.0,1099.16,118.16,1212.88,0.0974,1.3,20.0,dapi,1
BMPR1A_KD,30min,10x-1,776,466.9,502.5,95,-15.38,-20.0,1083.21,102.21,858.98,0.119,1.3,20.0,dapi,1
BMPR1A_KD,30min,10x-1,777,467.6,439.0,91,-15.38,-20.0,1300.91,319.91,1136.91,0.2814,1.3,20.0,dapi,1
BMPR1A_KD,30min,10x-1,778,469.4,254.4,80,-15.38,-20.0,1176.41,195.41,1329.33,0.147,1.3,20.0,dapi,1
BMPR1A_KD,30min,10x-1,779,468.3,333.0,73,-15.38,-20.0,1075.51,94.51,1330.08,0.0711,1.3,20.0,dapi,1
BMPR1A_KD,30min,10x-1,780,468.2,354.1,57,-15.38,-20.0,1092.18,111.18,1090.25,0.102,1.3,20.0,dapi,1
BMPR1A_KD,30min,10x-1,781,469.2,387.0,89,-15.38,-20.0,1069.15,88.15,1173.99,0.0751,1.3,20.0,dapi,1
BMPR1A_KD,30min,10x-1,782,471.2,415.4,147,-15.38,-20.0,1093.01,112.01,975.4,0.1148,1.3,20.0,dapi,1
BMPR1A_KD,30min,10x-1,783,470.9,490.1,103,-15.38,-20.0,1019.05,38.05,873.73,0.0435,1.3,20.0,dapi,1
BMPR1A_KD,30min,10x-1,784,471.8,361.2,83,-15.38,-20.0,1075.01,94.01,1250.73,0.0752,1.3,20.0,dapi,1
BMPR1A_KD,30min,10x-1,785,472.6,323.7,67,-15.38,-20.0,1068.93,87.93,1175.58,0.0748,1.3,20.0,dapi,1
BMPR1A_KD,30min,10x-1,786,470.7,266.2,39,-15.38,-20.0,1206.36,225.36,1225.95,0.1838,1.3,20.0,dapi,1
BMPR1A_KD,30min,10x-1,787,473.3,280.4,86,-15.38,-20.0,1136.55,155.55,1171.83,0.1327,1.3,20.0,dapi,1
BMPR1A_KD,30min,10x-1,788,471.7,344.2,57,-15.38,-20.0,1092.65,111.65,1246.39,0.0896,1.3,20.0,dapi,1
BMPR1A_KD,30min,10x-1,789,475.6,444.6,98,-15.38,-20.0,1087.81,106.81,1110.2,0.0962,1.3,20.0,dapi,1
BMPR1A_KD,30min,10x-1,790,474.5,370.3,63,-15.38,-20.0,1072.22,91.22,1074.67,0.0849,1.3,20.0,dapi,1
BMPR1A_KD,30min,10x-1,791,475.9,458.0,77,-15.38,-20.0,1413.75,432.75,952.45,0.4544,1.3,20.0,dapi,1
BMPR1A_KD,30min,10x-1,792,479.6,467.1,123,-15.38,-20.0,1032.41,51.41,943.29,0.0545,1.3,20.0,dapi,1
BMPR1A_KD,30min,10x-1,793,478.8,296.1,83,-15.38,-20.0,1108.47,127.47,1193.14,0.1068,1.3,20.0,dapi,1
BMPR1A_KD,30min,10x-1,794,479.6,429.9,124,-15.38,-20.0,1095.5,114.5,1018.52,0.1124,1.3,20.0,dapi,1
BMPR1A_KD,30min,10x-1,795,479.1,333.0,68,-15.38,-20.0,1109.96,128.96,1197.13,0.1077,1.3,20.0,dapi,1
BMPR1A_KD,30min,10x-1,796,478.1,265.6,54,-15.38,-20.0,1162.93,181.93,1481.87,0.1228,1.3,20.0,dapi,1
BMPR1A_KD,30min,10x-1,797,480.4,347.4,73,-15.38,-20.0,1082.88,101.88,1157.79,0.088,1.3,20.0,dapi,1
BMPR1A_KD,30min,10x-1,798,480.7,390.4,109,-15.38,-20.0,1068.01,87.01,1082.69,0.0804,1.3,20.0,dapi,1
BMPR1A_KD,30min,10x-1,799,480.6,314.2,82,-15.38,-20.0,1080.02,99.02,1298.41,0.0763,1.3,20.0,dapi,1
BMPR1A_KD,30min,10x-1,800,480.0,377.8,50,-15.38,-20.0,1075.72,94.72,1050.9,0.0901,1.3,20.0,dapi,1
BMPR1A_KD,30min,10x-1,801,480.5,245.9,68,-15.38,-20.0,1068.18,87.18,911.18,0.0957,1.3,20.0,dapi,1
BMPR1A_KD,30min,10x-1,802,483.6,258.4,98,-15.38,-20.0,1114.63,133.63,1177.63,0.1135,1.3,20.0,dapi,1
BMPR1A_KD,30min,10x-1,803,480.3,287.1,54,-15.38,-20.0,1103.72,122.72,1196.26,0.1026,1.3,20.0,dapi,1
BMPR1A_KD,30min,10x-1,804,482.6,303.4,60,-15.38,-20.0,1095.6,114.6,1061.08,0.108,1.3,20.0,dapi,1
BMPR1A_KD,30min,10x-1,805,483.6,401.6,96,-15.38,-20.0,1108.48,127.48,990.28,0.1287,1.3,20.0,dapi,1
BMPR1A_KD,30min,10x-1,806,484.4,363.8,95,-15.38,-20.0,1077.56,96.56,1132.98,0.0852,1.3,20.0,dapi,1
BMPR1A_KD,30min,10x-1,807,486.4,452.6,119,-15.38,-20.0,1043.53,62.53,997.18,0.0627,1.3,20.0,dapi,1
BMPR1A_KD,30min,10x-1,808,484.1,420.6,62,-15.38,-20.0,1251.81,270.81,1024.84,0.2642,1.3,20.0,dapi,1
BMPR1A_KD,30min,10x-1,809,487.1,319.6,85,-15.38,-20.0,1116.25,135.25,1209.84,0.1118,1.3,20.0,dapi,1
BMPR1A_KD,30min,10x-1,810,487.6,339.0,94,-15.38,-20.0,1109.51,128.51,1184.6,0.1085,1.3,20.0,dapi,1
BMPR1A_KD,30min,10x-1,811,490.1,440.5,122,-15.38,-20.0,1062.35,81.35,1025.57,0.0793,1.3,20.0,dapi,1
BMPR1A_KD,30min,10x-1,812,489.5,295.7,62,-15.38,-20.0,1115.08,134.08,1224.37,0.1095,1.3,20.0,dapi,1
BMPR1A_KD,30min,10x-1,813,495.6,248.2,105,-15.38,-20.0,1100.46,119.46,997.56,0.1197,1.3,20.0,dapi,1
BMPR1A_KD,30min,10x-1,814,492.8,353.8,77,-15.38,-20.0,1093.06,112.06,1062.83,0.1054,1.3,20.0,dapi,1
BMPR1A_KD,30min,10x-1,815,495.9,400.9,91,-15.38,-20.0,1421.32,440.32,1017.36,0.4328,1.3,20.0,dapi,1
BMPR1A_KD,30min,10x-1,816,493.5,412.7,82,-15.38,-20.0,1119.13,138.13,1012.04,0.1365,1.3,20.0,dapi,1
BMPR1A_KD,30min,10x-1,817,492.8,373.7,48,-15.38,-20.0,1119.42,138.42,1082.5,0.1279,1.3,20.0,dapi,1
BMPR1A_KD,30min,10x-1,818,497.8,427.1,113,-15.38,-20.0,1085.73,104.73,1054.57,0.0993,1.3,20.0,dapi,1
BMPR1A_KD,30min,10x-1,819,498.1,393.9,91,-15.38,-20.0,1133.35,152.35,975.4,0.1562,1.3,20.0,dapi,1
BMPR1A_KD,30min,10x-1,820,498.0,288.2,71,-15.38,-20.0,1135.1,154.1,1035.2,0.1489,1.3,20.0,dapi,1
BMPR1A_KD,30min,10x-1,821,497.9,337.4,57,-15.38,-20.0,1105.82,124.82,1361.89,0.0917,1.3,20.0,dapi,1
BMPR1A_KD,30min,10x-1,822,496.1,380.7,46,-15.38,-20.0,1068.17,87.17,1140.39,0.0764,1.3,20.0,dapi,1
BMPR1A_KD,30min,10x-1,823,499.5,258.0,90,-15.38,-20.0,1207.42,226.42,1177.61,0.1923,1.3,20.0,dapi,1
BMPR1A_KD,30min,10x-1,824,498.2,300.2,71,-15.38,-20.0,1105.66,124.66,1086.85,0.1147,1.3,20.0,dapi,1
BMPR1A_KD,30min,10x-1,825,499.9,308.0,64,-15.38,-20.0,1137.66,156.66,1151.41,0.1361,1.3,20.0,dapi,1
BMPR1A_KD,30min,10x-1,826,499.0,316.8,58,-15.38,-20.0,1113.17,132.17,997.31,0.1325,1.3,20.0,dapi,1
BMPR1A_KD,30min,10x-1,827,498.8,361.9,62,-15.38,-20.0,1126.56,145.56,1056.74,0.1377,1.3,20.0,dapi,1
BMPR1A_KD,30min,10x-1,828,499.0,325.8,57,-15.38,-20.0,1199.89,218.89,1140.42,0.1919,1.3,20.0,dapi,1
BMPR1A_KD,30min,10x-1,829,503.4,438.7,117,-15.38,-20.0,1099.94,118.94,1006.1,0.1182,1.3,20.0,dapi,1
BMPR1A_KD,30min,10x-1,830,501.6,268.9,117,-15.38,-20.0,1634.98,653.98,1416.5,0.4617,1.3,20.0,dapi,1
BMPR1A_KD,30min,10x-1,831,501.5,342.7,49,-15.38,-20.0,1180.9,199.9,1105.69,0.1808,1.3,20.0,dapi,1
BMPR1A_KD,30min,10x-1,832,504.0,369.7,89,-15.38,-20.0,1318.53,337.53,1157.75,0.2915,1.3,20.0,dapi,1
BMPR1A_KD,30min,10x-1,833,505.0,412.0,82,-15.38,-20.0,1166.56,185.56,901.94,0.2057,1.3,20.0,dapi,1
BMPR1A_KD,30min,10x-1,834,503.7,383.9,62,-15.38,-20.0,1138.03,157.03,991.0,0.1585,1.3,20.0,dapi,1
BMPR1A_KD,30min,10x-1,835,507.6,326.4,88,-15.38,-20.0,1536.23,555.23,1189.94,0.4666,1.3,20.0,dapi,1
BMPR1A_KD,30min,10x-1,836,510.5,276.8,184,-15.38,-20.0,1333.04,352.04,1251.76,0.2812,1.3,20.0,dapi,1
BMPR1A_KD,30min,10x-1,837,510.5,335.2,89,-15.38,-20.0,1098.07,117.07,1198.67,0.0977,1.3,20.0,dapi,1
BMPR1A_KD,30min,10x-1,838,512.0,346.7,97,-15.38,-20.0,1195.27,214.27,1120.55,0.1912,1.3,20.0,dapi,1
BMPR1A_KD,30min,10x-1,839,511.4,354.5,66,-15.38,-20.0,1223.33,242.33,1026.8,0.236,1.3,20.0,dapi,1
BMPR1A_KD,30min,10x-1,840,512.8,297.0,97,-15.38,-20.0,1279.87,298.87,1133.67,0.2636,1.3,20.0,dapi,1
BMPR1A_KD,30min,10x-1,841,512.6,315.7,60,-15.38,-20.0,1113.43,132.43,1152.02,0.115,1.3,20.0,dapi,1
BMPR1A_KD,30min,10x-1,842,512.9,388.6,93,-15.38,-20.0,1061.47,80.47,896.59,0.0898,1.3,20.0,dapi,1
BMPR1A_KD,30min,10x-1,843,515.8,375.8,119,-15.38,-20.0,1060.03,79.03,1011.03,0.0782,1.3,20.0,dapi,1
BMPR1A_KD,30min,10x-1,844,515.4,401.4,122,-15.38,-20.0,1052.4,71.4,874.29,0.0817,1.3,20.0,dapi,1
BMPR1A_KD,30min,10x-1,845,516.4,306.1,81,-15.38,-20.0,1330.99,349.99,1079.15,0.3243,1.3,20.0,dapi,1
BMPR1A_KD,30min,10x-1,846,518.3,361.8,109,-15.38,-20.0,1045.09,64.09,976.25,0.0657,1.3,20.0,dapi,1
BMPR1A_KD,30min,10x-1,847,519.1,283.7,87,-15.38,-20.0,1092.41,111.41,1145.51,0.0973,1.3,20.0,dapi,1
BMPR1A_KD,30min,10x-1,848,523.7,295.1,71,-15.38,-20.0,1190.48,209.48,932.9,0.2245,1.3,20.0,dapi,1
BMPR1A_KD,30min,10x-1,849,532.7,280.6,104,-15.38,-20.0,1222.26,241.26,839.41,0.2874,1.3,20.0,dapi,1
BMPR1A_KD,30min,10x-1,850,728.7,752.3,104,-15.38,-20.0,1058.83,77.83,938.57,0.0829,1.3,20.0,dapi,1
BMPR1A_KD,30min,10x-1,851,732.3,741.5,101,-15.38,-20.0,1017.49,36.49,961.14,0.038,1.3,20.0,dapi,1
BMPR1A_KD,30min,10x-1,852,742.8,643.8,114,-15.38,-20.0,1091.48,110.48,972.54,0.1136,1.3,20.0,dapi,1
BMPR1A_KD,30min,10x-1,853,745.4,731.1,87,-15.38,-20.0,1043.57,62.57,955.03,0.0655,1.3,20.0,dapi,1
BMPR1A_KD,30min,10x-1,854,745.9,745.9,90,-15.38,-20.0,1084.74,103.74,1064.98,0.0974,1.3,20.0,dapi,1
BMPR1A_KD,30min,10x-1,855,748.4,658.7,92,-15.38,-20.0,1788.84,807.84,1131.61,0.7139,1.3,20.0,dapi,1
BMPR1A_KD,30min,10x-1,856,748.4,669.2,95,-15.38,-20.0,1131.39,150.39,1094.92,0.1374,1.3,20.0,dapi,1
BMPR1A_KD,30min,10x-1,857,749.7,756.6,80,-15.38,-20.0,1388.21,407.21,1147.88,0.3548,1.3,20.0,dapi,1
BMPR1A_KD,30min,10x-1,858,750.5,638.5,52,-15.38,-20.0,1064.15,83.15,1023.52,0.0812,1.3,20.0,dapi,1
BMPR1A_KD,30min,10x-1,859,751.2,651.5,73,-15.38,-20.0,1123.0,142.0,1089.3,0.1304,1.3,20.0,dapi,1
BMPR1A_KD,30min,10x-1,860,751.8,700.8,114,-15.38,-20.0,1041.04,60.04,969.72,0.0619,1.3,20.0,dapi,1
BMPR1A_KD,30min,10x-1,861,753.5,713.1,94,-15.38,-20.0,1141.19,160.19,972.53,0.1647,1.3,20.0,dapi,1
BMPR1A_KD,30min,10x-1,862,754.8,741.1,77,-15.38,-20.0,1166.75,185.75,1285.7,0.1445,1.3,20.0,dapi,1
BMPR1A_KD,30min,10x-1,863,757.9,632.2,92,-15.38,-20.0,1066.78,85.78,910.49,0.0942,1.3,20.0,dapi,1
BMPR1A_KD,30min,10x-1,864,756.6,621.0,60,-15.38,-20.0,1073.72,92.72,914.67,0.1014,1.3,20.0,dapi,1
BMPR1A_KD,30min,10x-1,865,759.3,645.3,76,-15.38,-20.0,1088.14,107.14,1087.88,0.0985,1.3,20.0,dapi,1
BMPR1A_KD,30min,10x-1,866,758.2,665.7,29,-15.38,-20.0,1334.83,353.83,1104.48,0.3204,1.3,20.0,dapi,1
BMPR1A_KD,30min,10x-1,867,759.9,733.1,53,-15.38,-20.0,1112.74,131.74,1020.17,0.1291,1.3,20.0,dapi,1
BMPR1A_KD,30min,10x-1,868,761.8,719.3,73,-15.38,-20.0,1054.05,73.05,932.92,0.0783,1.3,20.0,dapi,1
BMPR1A_KD,30min,10x-1,869,761.6,765.1,69,-15.38,-20.0,1158.33,177.33,1180.84,0.1502,1.3,20.0,dapi,1
BMPR1A_KD,30min,10x-1,870,766.8,654.8,133,-15.38,-20.0,1135.21,154.21,1121.37,0.1375,1.3,20.0,dapi,1
BMPR1A_KD,30min,10x-1,871,765.0,700.9,98,-15.38,-20.0,1073.07,92.07,1097.78,0.0839,1.3,20.0,dapi,1
BMPR1A_KD,30min,10x-1,872,766.7,681.3,85,-15.38,-20.0,1806.11,825.11,1187.73,0.6947,1.3,20.0,dapi,1
BMPR1A_KD,30min,10x-1,873,769.9,620.4,140,-15.38,-20.0,1071.3,90.3,1024.46,0.0881,1.3,20.0,dapi,1
BMPR1A_KD,30min,10x-1,874,767.7,722.9,71,-15.38,-20.0,1077.72,96.72,1132.93,0.0854,1.3,20.0,dapi,1
BMPR1A_KD,30min,10x-1,875,768.8,710.9,84,-15.38,-20.0,1092.0,111.0,1086.6,0.1022,1.3,20.0,dapi,1
BMPR1A_KD,30min,10x-1,876,771.4,606.8,96,-15.38,-20.0,1058.24,77.24,904.94,0.0854,1.3,20.0,dapi,1
BMPR1A_KD,30min,10x-1,877,771.0,775.5,62,-15.38,-20.0,1373.4,392.4,859.37,0.4566,1.3,20.0,dapi,1
BMPR1A_KD,30min,10x-1,878,773.0,636.0,84,-15.38,-20.0,1816.0,835.0,1164.69,0.7169,1.3,20.0,dapi,1
BMPR1A_KD,30min,10x-1,879,773.8,692.2,85,-15.38,-20.0,1093.86,112.86,1168.46,0.0966,1.3,20.0,dapi,1
BMPR1A_KD,30min,10x-1,880,770.6,734.4,27,-15.38,-20.0,1107.67,126.67,1364.19,0.0929,1.3,20.0,dapi,1
BMPR1A_KD,30min,10x-1,881,773.5,645.1,57,-15.38,-20.0,1101.28,120.28,997.86,0.1205,1.3,20.0,dapi,1
BMPR1A_KD,30min,10x-1,882,776.4,394.9,100,-15.38,-20.0,1603.55,622.55,989.36,0.6292,1.3,20.0,dapi,1
BMPR1A_KD,30min,10x-1,883,775.9,764.0,105,-15.38,-20.0,1203.22,222.22,1047.08,0.2122,1.3,20.0,dapi,1
BMPR1A_KD,30min,10x-1,884,775.9,681.7,57,-15.38,-20.0,1653.23,672.23,1147.88,0.5856,1.3,20.0,dapi,1
BMPR1A_KD,30min,10x-1,885,782.8,661.6,163,-15.38,-20.0,1089.71,108.71,1094.25,0.0993,1.3,20.0,dapi,1
BMPR1A_KD,30min,10x-1,886,779.4,603.9,58,-15.38,-20.0,1095.86,114.86,985.22,0.1166,1.3,20.0,dapi,1
BMPR1A_KD,30min,10x-1,887,783.4,673.9,121,-15.38,-20.0,1193.23,212.23,1119.31,0.1896,1.3,20.0,dapi,1
BMPR1A_KD,30min,10x-1,888,779.4,748.5,82,-15.38,-20.0,1088.79,107.79,1071.39,0.1006,1.3,20.0,dapi,1
BMPR1A_KD,30min,10x-1,889,783.1,439.1,119,-15.38,-20.0,1160.27,179.27,939.05,0.1909,1.3,20.0,dapi,1
BMPR1A_KD,30min,10x-1,890,782.2,450.6,104,-15.38,-20.0,1591.26,610.26,988.47,0.6174,1.3,20.0,dapi,1
BMPR1A_KD,30min,10x-1,891,781.1,695.8,82,-15.38,-20.0,1069.02,88.02,1200.01,0.0734,1.3,20.0,dapi,1
BMPR1A_KD,30min,10x-1,892,780.6,776.5,61,-15.38,-20.0,1333.89,352.89,854.49,0.413,1.3,20.0,dapi,1
BMPR1A_KD,30min,10x-1,893,783.1,418.6,76,-15.38,-20.0,1131.34,150.34,1153.18,0.1304,1.3,20.0,dapi,1
BMPR1A_KD,30min,10x-1,894,783.4,427.6,84,-15.38,-20.0,1114.1,133.1,1007.02,0.1322,1.3,20.0,dapi,1
BMPR1A_KD,30min,10x-1,895,782.6,617.3,74,-15.38,-20.0,1080.14,99.14,1114.72,0.0889,1.3,20.0,dapi,1
BMPR1A_KD,30min,10x-1,896,784.0,504.2,94,-15.38,-20.0,1041.39,60.39,887.91,0.068,1.3,20.0,dapi,1
BMPR1A_KD,30min,10x-1,897,784.7,650.2,101,-15.38,-20.0,1074.21,93.21,1078.23,0.0864,1.3,20.0,dapi,1
BMPR1A_KD,30min,10x-1,898,784.5,715.8,91,-15.38,-20.0,1089.01,108.01,1126.74,0.0959,1.3,20.0,dapi,1
BMPR1A_KD,30min,10x-1,899,781.8,726.6,35,-15.38,-20.0,1115.51,134.51,1236.23,0.1088,1.3,20.0,dapi,1
BMPR1A_KD,30min,10x-1,900,786.6,390.8,90,-15.38,-20.0,1607.2,626.2,1063.34,0.5889,1.3,20.0,dapi,1
BMPR1A_KD,30min,10x-1,901,786.4,611.4,49,-15.38,-20.0,1225.2,244.2,1179.31,0.2071,1.3,20.0,dapi,1
BMPR1A_KD,30min,10x-1,902,787.4,738.5,83,-15.38,-20.0,1086.9,105.9,1117.87,0.0947,1.3,20.0,dapi,1
BMPR1A_KD,30min,10x-1,903,785.0,763.5,40,-15.38,-20.0,1256.35,275.35,1050.3,0.2622,1.3,20.0,dapi,1
BMPR1A_KD,30min,10x-1,904,789.1,412.4,104,-15.38,-20.0,1084.14,103.14,1140.49,0.0904,1.3,20.0,dapi,1
BMPR1A_KD,30min,10x-1,905,788.5,493.8,107,-15.38,-20.0,1100.64,119.64,1049.5,0.114,1.3,20.0,dapi,1
BMPR1A_KD,30min,10x-1,906,788.5,630.4,73,-15.38,-20.0,1074.62,93.62,1071.78,0.0873,1.3,20.0,dapi,1
BMPR1A_KD,30min,10x-1,907,788.4,697.8,52,-15.38,-20.0,1088.75,107.75,1088.62,0.099,1.3,20.0,dapi,1
BMPR1A_KD,30min,10x-1,908,790.2,707.4,83,-15.38,-20.0,1077.9,96.9,1198.69,0.0808,1.3,20.0,dapi,1
BMPR1A_KD,30min,10x-1,909,792.1,405.7,98,-15.38,-20.0,1108.9,127.9,1172.62,0.1091,1.3,20.0,dapi,1
BMPR1A_KD,30min,10x-1,910,791.4,636.2,57,-15.38,-20.0,1086.53,105.53,991.96,0.1064,1.3,20.0,dapi,1
BMPR1A_KD,30min,10x-1,911,789.2,729.0,46,-15.38,-20.0,1087.61,106.61,1048.89,0.1016,1.3,20.0,dapi,1
BMPR1A_KD,30min,10x-1,912,790.9,753.0,68,-15.38,-20.0,1106.94,125.94,1143.31,0.1102,1.3,20.0,dapi,1
BMPR1A_KD,30min,10x-1,913,789.8,768.9,59,-15.38,-20.0,1105.53,124.53,968.75,0.1285,1.3,20.0,dapi,1
BMPR1A_KD,30min,10x-1,914,794.2,485.9,100,-15.38,-20.0,1722.98,741.98,1080.95,0.6864,1.3,20.0,dapi,1
BMPR1A_KD,30min,10x-1,915,794.0,516.1,102,-15.38,-20.0,1085.44,104.44,943.48,0.1107,1.3,20.0,dapi,1
BMPR1A_KD,30min,10x-1,916,793.4,450.5,81,-15.38,-20.0,1848.28,867.28,1152.36,0.7526,1.3,20.0,dapi,1
BMPR1A_KD,30min,10x-1,917,794.9,538.1,108,-15.38,-20.0,1047.77,66.77,897.14,0.0744,1.3,20.0,dapi,1
BMPR1A_KD,30min,10x-1,918,796.1,596.7,141,-15.38,-20.0,1181.31,200.31,1327.9,0.1508,1.3,20.0,dapi,1
BMPR1A_KD,30min,10x-1,919,793.7,683.6,75,-15.38,-20.0,1075.2,94.2,1123.05,0.0839,1.3,20.0,dapi,1
BMPR1A_KD,30min,10x-1,920,795.3,474.5,91,-15.38,-20.0,1097.86,116.86,1167.86,0.1001,1.3,20.0,dapi,1
BMPR1A_KD,30min,10x-1,921,793.8,619.8,44,-15.38,-20.0,1102.14,121.14,1028.36,0.1178,1.3,20.0,dapi,1
BMPR1A_KD,30min,10x-1,922,796.8,607.7,89,-15.38,-20.0,1095.61,114.61,1084.94,0.1056,1.3,20.0,dapi,1
BMPR1A_KD,30min,10x-1,923,796.0,642.6,76,-15.38,-20.0,1099.32,118.32,1010.22,0.1171,1.3,20.0,dapi,1
BMPR1A_KD,30min,10x-1,924,796.9,435.7,104,-15.38,-20.0,1603.41,622.41,1041.15,0.5978,1.3,20.0,dapi,1
BMPR1A_KD,30min,10x-1,925,797.0,467.5,50,-15.38,-20.0,1257.38,276.38,1159.64,0.2383,1.3,20.0,dapi,1
BMPR1A_KD,30min,10x-1,926,798.4,530.4,88,-15.38,-20.0,1065.76,84.76,967.57,0.0876,1.3,20.0,dapi,1
BMPR1A_KD,30min,10x-1,927,796.1,715.6,69,-15.38,-20.0,1092.91,111.91,935.77,0.1196,1.3,20.0,dapi,1
BMPR1A_KD,30min,10x-1,928,796.1,775.3,86,-15.38,-20.0,1062.84,81.84,1080.47,0.0757,1.3,20.0,dapi,1
BMPR1A_KD,30min,10x-1,929,796.7,727.8,78,-15.38,-20.0,1080.87,99.87,1173.94,0.0851,1.3,20.0,dapi,1
BMPR1A_KD,30min,10x-1,930,798.6,381.5,83,-15.38,-20.0,1127.1,146.1,965.76,0.1513,1.3,20.0,dapi,1
BMPR1A_KD,30min,10x-1,931,799.8,498.3,82,-15.38,-20.0,1094.57,113.57,1065.65,0.1066,1.3,20.0,dapi,1
BMPR1A_KD,30min,10x-1,932,799.0,506.2,82,-15.38,-20.0,1078.43,97.43,980.71,0.0993,1.3,20.0,dapi,1
BMPR1A_KD,30min,10x-1,933,797.1,747.3,38,-15.38,-20.0,1073.58,92.58,1037.11,0.0893,1.3,20.0,dapi,1
BMPR1A_KD,30min,10x-1,934,798.7,392.2,73,-15.38,-20.0,1314.23,333.23,1231.97,0.2705,1.3,20.0,dapi,1
BMPR1A_KD,30min,10x-1,935,800.6,423.2,81,-15.38,-20.0,1136.59,155.59,1228.77,0.1266,1.3,20.0,dapi,1
BMPR1A_KD,30min,10x-1,936,801.0,462.5,85,-15.38,-20.0,1766.75,785.75,1139.85,0.6893,1.3,20.0,dapi,1
BMPR1A_KD,30min,10x-1,937,800.0,659.8,75,-15.38,-20.0,1154.51,173.51,1214.47,0.1429,1.3,20.0,dapi,1
BMPR1A_KD,30min,10x-1,938,799.8,669.0,80,-15.38,-20.0,1062.79,81.79,1136.49,0.072,1.3,20.0,dapi,1
BMPR1A_KD,30min,10x-1,939,798.8,698.4,61,-15.38,-20.0,1089.7,108.7,958.79,0.1134,1.3,20.0,dapi,1
BMPR1A_KD,30min,10x-1,940,802.6,407.5,71,-15.38,-20.0,1141.18,160.18,1302.11,0.123,1.3,20.0,dapi,1
BMPR1A_KD,30min,10x-1,941,803.9,374.0,103,-15.38,-20.0,1055.5,74.5,1032.94,0.0721,1.3,20.0,dapi,1
BMPR1A_KD,30min,10x-1,942,803.0,587.7,90,-15.38,-20.0,1084.04,103.04,1219.3,0.0845,1.3,20.0,dapi,1
BMPR1A_KD,30min,10x-1,943,805.7,650.9,74,-15.38,-20.0,1080.47,99.47,1133.41,0.0878,1.3,20.0,dapi,1
BMPR1A_KD,30min,10x-1,944,802.9,688.9,60,-15.38,-20.0,1079.52,98.52,965.0,0.1021,1.3,20.0,dapi,1
BMPR1A_KD,30min,10x-1,945,803.6,766.8,86,-15.38,-20.0,1220.97,239.97,1083.03,0.2216,1.3,20.0,dapi,1
BMPR1A_KD,30min,10x-1,946,805.3,614.7,66,-15.38,-20.0,1104.05,123.05,1048.42,0.1174,1.3,20.0,dapi,1
BMPR1A_KD,30min,10x-1,947,803.4,740.7,69,-15.38,-20.0,1069.75,88.75,1194.72,0.0743,1.3,20.0,dapi,1
BMPR1A_KD,30min,10x-1,948,806.4,713.2,95,-15.38,-20.0,1088.48,107.48,1045.01,0.1029,1.3,20.0,dapi,1
BMPR1A_KD,30min,10x-1,949,806.7,401.8,70,-15.38,-20.0,1188.43,207.43,1436.56,0.1444,1.3,20.0,dapi,1
BMPR1A_KD,30min,10x-1,950,805.6,551.5,30,-15.38,-20.0,1429.4,448.4,911.8,0.4918,1.3,20.0,dapi,1
BMPR1A_KD,30min,10x-1,951,807.3,436.8,76,-15.38,-20.0,1124.16,143.16,1236.26,0.1158,1.3,20.0,dapi,1
BMPR1A_KD,30min,10x-1,952,806.2,783.0,52,-15.38,-20.0,1101.21,120.21,945.02,0.1272,1.3,20.0,dapi,1
BMPR1A_KD,30min,10x-1,953,809.2,491.5,57,-15.38,-20.0,1103.6,122.6,1069.56,0.1146,1.3,20.0,dapi,1
BMPR1A_KD,30min,10x-1,954,808.8,627.3,84,-15.38,-20.0,1078.12,97.12,1166.11,0.0833,1.3,20.0,dapi,1
BMPR1A_KD,30min,10x-1,955,807.8,722.9,52,-15.38,-20.0,1086.17,105.17,940.0,0.1119,1.3,20.0,dapi,1
BMPR1A_KD,30min,10x-1,956,809.5,755.6,83,-15.38,-20.0,1099.25,118.25,1109.01,0.1066,1.3,20.0,dapi,1
BMPR1A_KD,30min,10x-1,957,810.9,418.9,73,-15.38,-20.0,1115.41,134.41,1291.38,0.1041,1.3,20.0,dapi,1
BMPR1A_KD,30min,10x-1,958,810.0,563.3,92,-15.38,-20.0,1134.2,153.2,1049.39,0.146,1.3,20.0,dapi,1
BMPR1A_KD,30min,10x-1,959,808.9,698.8,77,-15.38,-20.0,1073.71,92.71,1157.53,0.0801,1.3,20.0,dapi,1
BMPR1A_KD,30min,10x-1,960,808.6,734.1,48,-15.38,-20.0,1086.88,105.88,1029.96,0.1028,1.3,20.0,dapi,1
BMPR1A_KD,30min,10x-1,961,810.2,445.9,56,-15.38,-20.0,1125.14,144.14,1208.46,0.1193,1.3,20.0,dapi,1
BMPR1A_KD,30min,10x-1,962,809.4,477.4,32,-15.38,-20.0,1092.72,111.72,1363.41,0.0819,1.3,20.0,dapi,1
BMPR1A_KD,30min,10x-1,963,811.5,513.2,88,-15.38,-20.0,1107.22,126.22,861.42,0.1465,1.3,20.0,dapi,1
BMPR1A_KD,30min,10x-1,964,810.4,635.0,63,-15.38,-20.0,1137.21,156.21,1306.9,0.1195,1.3,20.0,dapi,1
BMPR1A_KD,30min,10x-1,965,812.2,677.6,90,-15.38,-20.0,1122.02,141.02,1116.72,0.1263,1.3,20.0,dapi,1
BMPR1A_KD,30min,10x-1,966,813.2,524.7,91,-15.38,-20.0,1147.33,166.33,1123.37,0.1481,1.3,20.0,dapi,1
BMPR1A_KD,30min,10x-1,967,810.2,747.1,46,-15.38,-20.0,1077.48,96.48,1053.26,0.0916,1.3,20.0,dapi,1
BMPR1A_KD,30min,10x-1,968,812.2,385.3,61,-15.38,-20.0,1157.26,176.26,1069.89,0.1647,1.3,20.0,dapi,1
BMPR1A_KD,30min,10x-1,969,812.7,395.0,71,-15.38,-20.0,1171.06,190.06,1386.86,0.137,1.3,20.0,dapi,1
BMPR1A_KD,30min,10x-1,970,813.2,550.2,66,-15.38,-20.0,1288.7,307.7,1249.44,0.2463,1.3,20.0,dapi,1
BMPR1A_KD,30min,10x-1,971,812.7,689.0,49,-15.38,-20.0,1076.63,95.63,1079.2,0.0886,1.3,20.0,dapi,1
BMPR1A_KD,30min,10x-1,972,813.6,779.9,115,-15.38,-20.0,1133.28,152.28,1073.68,0.1418,1.3,20.0,dapi,1
BMPR1A_KD,30min,10x-1,973,815.3,429.0,67,-15.38,-20.0,1100.1,119.1,1281.6,0.0929,1.3,20.0,dapi,1
BMPR1A_KD,30min,10x-1,974,814.8,541.5,116,-15.38,-20.0,1249.84,268.84,1125.01,0.239,1.3,20.0,dapi,1
BMPR1A_KD,30min,10x-1,975,814.9,604.7,55,-15.38,-20.0,1105.98,124.98,1007.58,0.124,1.3,20.0,dapi,1
BMPR1A_KD,30min,10x-1,976,816.2,368.6,89,-15.38,-20.0,1186.35,205.35,1132.38,0.1813,1.3,20.0,dapi,1
BMPR1A_KD,30min,10x-1,977,818.6,455.1,74,-15.38,-20.0,1124.36,143.36,1275.2,0.1124,1.3,20.0,dapi,1
BMPR1A_KD,30min,10x-1,978,819.2,562.7,111,-15.38,-20.0,1179.89,198.89,1190.51,0.1671,1.3,20.0,dapi,1
BMPR1A_KD,30min,10x-1,979,816.1,616.0,79,-15.38,-20.0,1084.16,103.16,1170.62,0.0881,1.3,20.0,dapi,1
BMPR1A_KD,30min,10x-1,980,817.0,642.8,65,-15.38,-20.0,1073.83,92.83,1063.97,0.0872,1.3,20.0,dapi,1
BMPR1A_KD,30min,10x-1,981,816.6,651.8,76,-15.38,-20.0,1095.76,114.76,1144.8,0.1002,1.3,20.0,dapi,1
BMPR1A_KD,30min,10x-1,982,817.0,408.5,51,-15.38,-20.0,1138.73,157.73,1276.35,0.1236,1.3,20.0,dapi,1
BMPR1A_KD,30min,10x-1,983,816.4,734.5,68,-15.38,-20.0,1107.74,126.74,1130.4,0.1121,1.3,20.0,dapi,1
BMPR1A_KD,30min,10x-1,984,819.6,473.7,77,-15.38,-20.0,1119.82,138.82,1233.4,0.1125,1.3,20.0,dapi,1
BMPR1A_KD,30min,10x-1,985,819.6,666.6,87,-15.38,-20.0,1089.16,108.16,1207.84,0.0895,1.3,20.0,dapi,1
BMPR1A_KD,30min,10x-1,986,820.2,360.2,85,-15.38,-20.0,1640.06,659.06,1054.94,0.6247,1.3,20.0,dapi,1
BMPR1A_KD,30min,10x-1,987,820.2,462.6,71,-15.38,-20.0,1829.9,848.9,924.41,0.9183,1.3,20.0,dapi,1
BMPR1A_KD,30min,10x-1,988,820.6,531.3,74,-15.38,-20.0,1096.18,115.18,1185.36,0.0972,1.3,20.0,dapi,1
BMPR1A_KD,30min,10x-1,989,820.3,381.3,72,-15.38,-20.0,1143.08,162.08,1201.39,0.1349,1.3,20.0,dapi,1
BMPR1A_KD,30min,10x-1,990,820.4,443.6,62,-15.38,-20.0,1093.5,112.5,1437.98,0.0782,1.3,20.0,dapi,1
BMPR1A_KD,30min,10x-1,991,821.1,658.6,74,-15.38,-20.0,1073.28,92.28,1187.58,0.0777,1.3,20.0,dapi,1
BMPR1A_KD,30min,10x-1,992,820.5,693.4,73,-15.38,-20.0,1065.84,84.84,1195.36,0.071,1.3,20.0,dapi,1
BMPR1A_KD,30min,10x-1,993,818.5,748.4,62,-15.38,-20.0,1101.16,120.16,1113.31,0.1079,1.3,20.0,dapi,1
BMPR1A_KD,30min,10x-1,994,821.2,403.0,61,-15.38,-20.0,1115.49,134.49,1428.9,0.0941,1.3,20.0,dapi,1
BMPR1A_KD,30min,10x-1,995,822.6,707.0,73,-15.38,-20.0,1105.99,124.99,1223.51,0.1022,1.3,20.0,dapi,1
BMPR1A_KD,30min,10x-1,996,822.6,725.5,92,-15.38,-20.0,1076.54,95.54,1031.48,0.0926,1.3,20.0,dapi,1
BMPR1A_KD,30min,10x-1,997,822.1,679.1,75,-15.38,-20.0,1090.63,109.63,1114.4,0.0984,1.3,20.0,dapi,1
BMPR1A_KD,30min,10x-1,998,824.4,539.7,114,-15.38,-20.0,1199.34,218.34,1235.77,0.1767,1.3,20.0,dapi,1
BMPR1A_KD,30min,10x-1,999,823.5,610.9,69,-15.38,-20.0,1117.43,136.43,1156.7,0.118,1.3,20.0,dapi,1
BMPR1A_KD,30min,10x-1,1000,823.8,635.0,81,-15.38,-20.0,1072.11,91.11,1187.63,0.0767,1.3,20.0,dapi,1
BMPR1A_KD,30min,10x-1,1001,824.0,419.2,81,-15.38,-20.0,1118.52,137.52,1236.22,0.1112,1.3,20.0,dapi,1
BMPR1A_KD,30min,10x-1,1002,823.4,504.9,52,-15.38,-20.0,1072.0,91.0,1365.33,0.0667,1.3,20.0,dapi,1
BMPR1A_KD,30min,10x-1,1003,824.1,430.8,43,-15.38,-20.0,1104.26,123.26,1115.65,0.1105,1.3,20.0,dapi,1
BMPR1A_KD,30min,10x-1,1004,826.5,485.1,87,-15.38,-20.0,1088.76,107.76,1085.1,0.0993,1.3,20.0,dapi,1
BMPR1A_KD,30min,10x-1,1005,825.2,738.0,80,-15.38,-20.0,1087.62,106.62,1154.26,0.0924,1.3,20.0,dapi,1
BMPR1A_KD,30min,10x-1,1006,827.5,780.8,97,-15.38,-20.0,1073.67,92.67,1140.96,0.0812,1.3,20.0,dapi,1
BMPR1A_KD,30min,10x-1,1007,826.2,395.8,83,-15.38,-20.0,1130.13,149.13,1222.92,0.1219,1.3,20.0,dapi,1
BMPR1A_KD,30min,10x-1,1008,826.9,520.9,67,-15.38,-20.0,1078.76,97.76,886.66,0.1103,1.3,20.0,dapi,1
BMPR1A_KD,30min,10x-1,1009,825.7,597.7,55,-15.38,-20.0,1066.62,85.62,977.89,0.0876,1.3,20.0,dapi,1
BMPR1A_KD,30min,10x-1,1010,828.3,697.2,90,-15.38,-20.0,1073.7,92.7,1175.71,0.0788,1.3,20.0,dapi,1
BMPR1A_KD,30min,10x-1,1011,825.3,751.5,53,-15.38,-20.0,1094.42,113.42,1002.28,0.1132,1.3,20.0,dapi,1
BMPR1A_KD,30min,10x-1,1012,829.2,470.8,68,-15.38,-20.0,1145.22,164.22,1219.57,0.1347,1.3,20.0,dapi,1
BMPR1A_KD,30min,10x-1,1013,829.0,494.7,99,-15.38,-20.0,987.64,6.64,1087.06,0.0061,1.3,20.0,dapi,1
BMPR1A_KD,30min,10x-1,1014,827.4,647.0,78,-15.38,-20.0,1083.42,102.42,1074.0,0.0954,1.3,20.0,dapi,1
BMPR1A_KD,30min,10x-1,1015,826.3,712.8,47,-15.38,-20.0,1092.49,111.49,1071.34,0.1041,1.3,20.0,dapi,1
BMPR1A_KD,30min,10x-1,1016,828.1,569.7,54,-15.38,-20.0,1132.61,151.61,1095.5,0.1384,1.3,20.0,dapi,1
BMPR1A_KD,30min,10x-1,1017,828.2,369.6,54,-15.38,-20.0,1227.44,246.44,1180.39,0.2088,1.3,20.0,dapi,1
BMPR1A_KD,30min,10x-1,1018,828.9,382.7,68,-15.38,-20.0,1130.63,149.63,1156.97,0.1293,1.3,20.0,dapi,1
BMPR1A_KD,30min,10x-1,1019,830.6,439.0,72,-15.38,-20.0,1131.1,150.1,1236.71,0.1214,1.3,20.0,dapi,1
BMPR1A_KD,30min,10x-1,1020,832.5,544.8,93,-15.38,-20.0,1106.22,125.22,930.35,0.1346,1.3,20.0,dapi,1
BMPR1A_KD,30min,10x-1,1021,830.3,556.0,65,-15.38,-20.0,1111.57,130.57,874.28,0.1493,1.3,20.0,dapi,1
BMPR1A_KD,30min,10x-1,1022,833.0,450.3,84,-15.38,-20.0,1118.08,137.08,1247.25,0.1099,1.3,20.0,dapi,1
BMPR1A_KD,30min,10x-1,1023,831.8,625.3,100,-15.38,-20.0,1079.43,98.43,1066.71,0.0923,1.3,20.0,dapi,1
BMPR1A_KD,30min,10x-1,1024,832.5,405.5,78,-15.38,-20.0,1122.74,141.74,1218.14,0.1164,1.3,20.0,dapi,1
BMPR1A_KD,30min,10x-1,1025,832.9,418.8,85,-15.38,-20.0,1117.68,136.68,1366.74,0.1,1.3,20.0,dapi,1
BMPR1A_KD,30min,10x-1,1026,834.9,458.6,81,-15.38,-20.0,1111.54,130.54,1160.77,0.1125,1.3,20.0,dapi,1
BMPR1A_KD,30min,10x-1,1027,833.2,588.6,84,-15.38,-20.0,1087.25,106.25,1058.24,0.1004,1.3,20.0,dapi,1
BMPR1A_KD,30min,10x-1,1028,833.2,602.3,59,-15.38,-20.0,1075.9,94.9,927.34,0.1023,1.3,20.0,dapi,1
BMPR1A_KD,30min,10x-1,1029,832.8,663.6,98,-15.38,-20.0,1091.52,110.52,1024.18,0.1079,1.3,20.0,dapi,1
BMPR1A_KD,30min,10x-1,1030,835.6,510.3,75,-15.38,-20.0,1082.61,101.61,977.23,0.104,1.3,20.0,dapi,1
BMPR1A_KD,30min,10x-1,1031,835.8,677.4,127,-15.38,-20.0,1094.21,113.21,930.69,0.1216,1.3,20.0,dapi,1
BMPR1A_KD,30min,10x-1,1032,833.8,728.0,62,-15.38,-20.0,1082.95,101.95,929.32,0.1097,1.3,20.0,dapi,1
BMPR1A_KD,30min,10x-1,1033,833.6,753.2,61,-15.38,-20.0,1104.41,123.41,1110.9,0.1111,1.3,20.0,dapi,1
BMPR1A_KD,30min,10x-1,1034,836.3,431.2,71,-15.38,-20.0,1121.34,140.34,1280.03,0.1096,1.3,20.0,dapi,1
BMPR1A_KD,30min,10x-1,1035,836.3,525.4,68,-15.38,-20.0,1098.57,117.57,1071.19,0.1098,1.3,20.0,dapi,1
BMPR1A_KD,30min,10x-1,1036,836.7,614.5,84,-15.38,-20.0,1095.0,114.0,1155.1,0.0987,1.3,20.0,dapi,1
BMPR1A_KD,30min,10x-1,1037,836.8,700.8,91,-15.38,-20.0,1067.58,86.58,1119.32,0.0774,1.3,20.0,dapi,1
BMPR1A_KD,30min,10x-1,1038,837.6,761.8,115,-15.38,-20.0,1134.42,153.42,1150.28,0.1334,1.3,20.0,dapi,1
BMPR1A_KD,30min,10x-1,1039,837.1,388.5,68,-15.38,-20.0,1124.37,143.37,1069.0,0.1341,1.3,20.0,dapi,1
BMPR1A_KD,30min,10x-1,1040,837.9,478.9,100,-15.38,-20.0,1147.35,166.35,1014.96,0.1639,1.3,20.0,dapi,1
BMPR1A_KD,30min,10x-1,1041,838.2,646.1,93,-15.38,-20.0,1091.41,110.41,1078.09,0.1024,1.3,20.0,dapi,1
BMPR1A_KD,30min,10x-1,1042,837.1,737.3,69,-15.38,-20.0,1090.78,109.78,1002.0,0.1096,1.3,20.0,dapi,1
BMPR1A_KD,30min,10x-1,1043,838.5,498.7,81,-15.38,-20.0,1038.85,57.85,964.99,0.06,1.3,20.0,dapi,1
BMPR1A_KD,30min,10x-1,1044,837.1,563.5,63,-15.38,-20.0,1085.63,104.63,909.67,0.115,1.3,20.0,dapi,1
BMPR1A_KD,30min,10x-1,1045,838.6,580.2,63,-15.38,-20.0,1077.84,96.84,976.22,0.0992,1.3,20.0,dapi,1
BMPR1A_KD,30min,10x-1,1046,839.7,636.2,87,-15.38,-20.0,1086.75,105.75,1120.01,0.0944,1.3,20.0,dapi,1
BMPR1A_KD,30min,10x-1,1047,840.2,748.2,72,-15.38,-20.0,1094.53,113.53,1062.76,0.1068,1.3,20.0,dapi,1
BMPR1A_KD,30min,10x-1,1048,842.5,398.6,62,-15.38,-20.0,1115.74,134.74,1232.94,0.1093,1.3,20.0,dapi,1
BMPR1A_KD,30min,10x-1,1049,842.1,533.2,74,-15.38,-20.0,1087.72,106.72,862.45,0.1237,1.3,20.0,dapi,1
BMPR1A_KD,30min,10x-1,1050,842.0,443.6,64,-15.38,-20.0,1104.75,123.75,1361.3,0.0909,1.3,20.0,dapi,1
BMPR1A_KD,30min,10x-1,1051,843.0,713.4,135,-15.38,-20.0,1065.53,84.53,911.6,0.0927,1.3,20.0,dapi,1
BMPR1A_KD,30min,10x-1,1052,841.1,777.5,79,-15.38,-20.0,1071.25,90.25,1144.47,0.0789,1.3,20.0,dapi,1
BMPR1A_KD,30min,10x-1,1053,845.0,411.0,115,-15.38,-20.0,1175.54,194.54,1244.45,0.1563,1.3,20.0,dapi,1
BMPR1A_KD,30min,10x-1,1054,842.2,419.9,52,-15.38,-20.0,1123.27,142.27,1177.02,0.1209,1.3,20.0,dapi,1
BMPR1A_KD,30min,10x-1,1055,844.4,518.0,81,-15.38,-20.0,1063.52,82.52,1093.83,0.0754,1.3,20.0,dapi,1
BMPR1A_KD,30min,10x-1,1056,843.6,686.8,91,-15.38,-20.0,1052.04,71.04,1100.9,0.0645,1.3,20.0,dapi,1
BMPR1A_KD,30min,10x-1,1057,843.9,551.5,76,-15.38,-20.0,1107.99,126.99,1190.72,0.1066,1.3,20.0,dapi,1
BMPR1A_KD,30min,10x-1,1058,844.3,574.3,67,-15.38,-20.0,1086.81,105.81,889.34,0.119,1.3,20.0,dapi,1
BMPR1A_KD,30min,10x-1,1059,844.1,725.2,71,-15.38,-20.0,1057.3,76.3,1078.08,0.0708,1.3,20.0,dapi,1
BMPR1A_KD,30min,10x-1,1060,844.6,428.6,46,-15.38,-20.0,1082.54,101.54,1124.93,0.0903,1.3,20.0,dapi,1
BMPR1A_KD,30min,10x-1,1061,846.4,600.3,101,-15.38,-20.0,1067.85,86.85,1048.39,0.0828,1.3,20.0,dapi,1
BMPR1A_KD,30min,10x-1,1062,846.4,470.1,67,-15.38,-20.0,1092.84,111.84,980.88,0.114,1.3,20.0,dapi,1
BMPR1A_KD,30min,10x-1,1063,846.9,563.1,72,-15.38,-20.0,1077.39,96.39,1107.4,0.087,1.3,20.0,dapi,1
BMPR1A_KD,30min,10x-1,1064,847.0,624.9,94,-15.38,-20.0,1060.68,79.68,1090.29,0.0731,1.3,20.0,dapi,1
BMPR1A_KD,30min,10x-1,1065,847.2,660.1,112,-15.38,-20.0,1079.85,98.85,1100.67,0.0898,1.3,20.0,dapi,1
BMPR1A_KD,30min,10x-1,1066,848.7,586.9,95,-15.38,-20.0,1190.99,209.99,1063.28,0.1975,1.3,20.0,dapi,1
BMPR1A_KD,30min,10x-1,1067,848.1,651.3,50,-15.38,-20.0,1065.2,84.2,965.54,0.0872,1.3,20.0,dapi,1
BMPR1A_KD,30min,10x-1,1068,848.6,733.9,79,-15.38,-20.0,1081.71,100.71,938.03,0.1074,1.3,20.0,dapi,1
BMPR1A_KD,30min,10x-1,1069,846.5,768.2,71,-15.38,-20.0,1090.51,109.51,1211.07,0.0904,1.3,20.0,dapi,1
BMPR1A_KD,30min,10x-1,1070,850.6,461.0,92,-15.38,-20.0,1143.05,162.05,1175.22,0.1379,1.3,20.0,dapi,1
BMPR1A_KD,30min,10x-1,1071,848.2,482.5,50,-15.38,-20.0,1056.66,75.66,935.44,0.0809,1.3,20.0,dapi,1
BMPR1A_KD,30min,10x-1,1072,849.6,495.8,100,-15.38,-20.0,1065.43,84.43,979.68,0.0862,1.3,20.0,dapi,1
BMPR1A_KD,30min,10x-1,1073,848.5,675.8,52,-15.38,-20.0,1057.58,76.58,989.04,0.0774,1.3,20.0,dapi,1
BMPR1A_KD,30min,10x-1,1074,850.6,747.8,93,-15.38,-20.0,1102.75,121.75,1041.81,0.1169,1.3,20.0,dapi,1
BMPR1A_KD,30min,10x-1,1075,853.8,540.5,92,-15.38,-20.0,1160.0,179.0,1092.61,0.1638,1.3,20.0,dapi,1
BMPR1A_KD,30min,10x-1,1076,852.6,614.6,71,-15.38,-20.0,1058.93,77.93,911.75,0.0855,1.3,20.0,dapi,1
BMPR1A_KD,30min,10x-1,1077,852.2,403.7,63,-15.38,-20.0,1098.83,117.83,1077.67,0.1093,1.3,20.0,dapi,1
BMPR1A_KD,30min,10x-1,1078,853.7,443.6,63,-15.38,-20.0,1101.44,120.44,1159.81,0.1038,1.3,20.0,dapi,1
BMPR1A_KD,30min,10x-1,1079,854.2,507.1,73,-15.38,-20.0,1075.11,94.11,914.19,0.1029,1.3,20.0,dapi,1
BMPR1A_KD,30min,10x-1,1080,854.0,516.2,86,-15.38,-20.0,1079.38,98.38,1170.52,0.0841,1.3,20.0,dapi,1
BMPR1A_KD,30min,10x-1,1081,853.2,530.3,76,-15.38,-20.0,1094.11,113.11,912.18,0.124,1.3,20.0,dapi,1
BMPR1A_KD,30min,10x-1,1082,854.4,577.1,89,-15.38,-20.0,1080.65,99.65,1046.91,0.0952,1.3,20.0,dapi,1
BMPR1A_KD,30min,10x-1,1083,852.7,693.9,87,-15.38,-20.0,1074.25,93.25,1099.91,0.0848,1.3,20.0,dapi,1
BMPR1A_KD,30min,10x-1,1084,854.2,429.1,59,-15.38,-20.0,1123.54,142.54,1207.64,0.118,1.3,20.0,dapi,1
BMPR1A_KD,30min,10x-1,1085,855.4,552.4,86,-15.38,-20.0,1100.0,119.0,1113.6,0.1069,1.3,20.0,dapi,1
BMPR1A_KD,30min,10x-1,1086,854.5,637.6,81,-15.38,-20.0,1056.52,75.52,1184.33,0.0638,1.3,20.0,dapi,1
BMPR1A_KD,30min,10x-1,1087,853.7,767.4,89,-15.38,-20.0,1153.09,172.09,1025.57,0.1678,1.3,20.0,dapi,1
BMPR1A_KD,30min,10x-1,1088,856.6,421.9,82,-15.38,-20.0,1114.63,133.63,1252.82,0.1067,1.3,20.0,dapi,1
BMPR1A_KD,30min,10x-1,1089,855.1,452.9,58,-15.38,-20.0,1137.59,156.59,1001.55,0.1563,1.3,20.0,dapi,1
BMPR1A_KD,30min,10x-1,1090,855.6,667.2,107,-15.38,-20.0,1098.35,117.35,1090.77,0.1076,1.3,20.0,dapi,1
BMPR1A_KD,30min,10x-1,1091,854.2,710.4,91,-15.38,-20.0,1060.3,79.3,1040.41,0.0762,1.3,20.0,dapi,1
BMPR1A_KD,30min,10x-1,1092,858.3,467.2,76,-15.38,-20.0,1093.66,112.66,1054.93,0.1068,1.3,20.0,dapi,1
BMPR1A_KD,30min,10x-1,1093,857.8,646.6,108,-15.38,-20.0,1079.08,98.08,1038.19,0.0945,1.3,20.0,dapi,1
BMPR1A_KD,30min,10x-1,1094,858.6,371.9,68,-15.38,-20.0,1306.12,325.12,1160.51,0.2801,1.3,20.0,dapi,1
BMPR1A_KD,30min,10x-1,1095,857.9,398.9,38,-15.38,-20.0,1117.58,136.58,1140.76,0.1197,1.3,20.0,dapi,1
BMPR1A_KD,30min,10x-1,1096,858.8,488.8,63,-15.38,-20.0,1068.97,87.97,1046.59,0.0841,1.3,20.0,dapi,1
BMPR1A_KD,30min,10x-1,1097,859.4,568.2,73,-15.38,-20.0,1063.67,82.67,945.15,0.0875,1.3,20.0,dapi,1
BMPR1A_KD,30min,10x-1,1098,859.7,606.7,93,-15.38,-20.0,1056.86,75.86,1110.01,0.0683,1.3,20.0,dapi,1
BMPR1A_KD,30min,10x-1,1099,857.6,731.4,60,-15.38,-20.0,1077.37,96.37,1149.62,0.0838,1.3,20.0,dapi,1
BMPR1A_KD,30min,10x-1,1100,859.7,393.1,45,-15.38,-20.0,1118.38,137.38,1182.98,0.1161,1.3,20.0,dapi,1
BMPR1A_KD,30min,10x-1,1101,860.8,473.9,78,-15.38,-20.0,1109.05,128.05,1234.38,0.1037,1.3,20.0,dapi,1
BMPR1A_KD,30min,10x-1,1102,861.1,590.8,99,-15.38,-20.0,1061.82,80.82,1070.1,0.0755,1.3,20.0,dapi,1
BMPR1A_KD,30min,10x-1,1103,861.5,678.2,77,-15.38,-20.0,1089.36,108.36,1014.58,0.1068,1.3,20.0,dapi,1
BMPR1A_KD,30min,10x-1,1104,860.1,689.8,72,-15.38,-20.0,1064.21,83.21,950.18,0.0876,1.3,20.0,dapi,1
BMPR1A_KD,30min,10x-1,1105,858.6,755.0,48,-15.38,-20.0,1107.88,126.88,1019.25,0.1245,1.3,20.0,dapi,1
BMPR1A_KD,30min,10x-1,1106,862.1,384.3,74,-15.38,-20.0,1123.76,142.76,1437.95,0.0993,1.3,20.0,dapi,1
BMPR1A_KD,30min,10x-1,1107,860.8,524.8,60,-15.38,-20.0,1085.6,104.6,931.93,0.1122,1.3,20.0,dapi,1
BMPR1A_KD,30min,10x-1,1108,862.3,618.8,75,-15.38,-20.0,1081.97,100.97,1092.76,0.0924,1.3,20.0,dapi,1
BMPR1A_KD,30min,10x-1,1109,863.2,413.0,75,-15.38,-20.0,1125.39,144.39,1165.56,0.1239,1.3,20.0,dapi,1
BMPR1A_KD,30min,10x-1,1110,862.2,434.2,69,-15.38,-20.0,1075.06,94.06,1186.94,0.0792,1.3,20.0,dapi,1
BMPR1A_KD,30min,10x-1,1111,862.3,703.3,76,-15.38,-20.0,1074.17,93.17,1139.83,0.0817,1.3,20.0,dapi,1
BMPR1A_KD,30min,10x-1,1112,862.5,626.6,59,-15.38,-20.0,1075.03,94.03,1012.27,0.0929,1.3,20.0,dapi,1
BMPR1A_KD,30min,10x-1,1113,865.5,747.6,146,-15.38,-20.0,1173.73,192.73,1010.71,0.1907,1.3,20.0,dapi,1
BMPR1A_KD,30min,10x-1,1114,865.8,502.0,93,-15.38,-20.0,1075.98,94.98,1096.45,0.0866,1.3,20.0,dapi,1
BMPR1A_KD,30min,10x-1,1115,864.8,668.9,114,-15.38,-20.0,1079.89,98.89,1135.04,0.0871,1.3,20.0,dapi,1
BMPR1A_KD,30min,10x-1,1116,866.5,450.3,94,-15.38,-20.0,1082.6,101.6,1108.71,0.0916,1.3,20.0,dapi,1
BMPR1A_KD,30min,10x-1,1117,865.6,510.4,67,-15.38,-20.0,1094.37,113.37,904.51,0.1253,1.3,20.0,dapi,1
BMPR1A_KD,30min,10x-1,1118,866.6,534.2,93,-15.38,-20.0,1072.74,91.74,1014.35,0.0904,1.3,20.0,dapi,1
BMPR1A_KD,30min,10x-1,1119,864.0,720.6,50,-15.38,-20.0,1090.38,109.38,983.5,0.1112,1.3,20.0,dapi,1
BMPR1A_KD,30min,10x-1,1120,867.4,372.0,87,-15.38,-20.0,1061.2,80.2,1147.48,0.0699,1.3,20.0,dapi,1
BMPR1A_KD,30min,10x-1,1121,867.2,399.6,77,-15.38,-20.0,1110.73,129.73,1245.1,0.1042,1.3,20.0,dapi,1
BMPR1A_KD,30min,10x-1,1122,865.8,547.3,46,-15.38,-20.0,1066.78,85.78,989.96,0.0867,1.3,20.0,dapi,1
BMPR1A_KD,30min,10x-1,1123,867.8,564.3,102,-15.38,-20.0,1070.58,89.58,1043.93,0.0858,1.3,20.0,dapi,1
BMPR1A_KD,30min,10x-1,1124,866.4,575.6,52,-15.38,-20.0,1054.54,73.54,924.08,0.0796,1.3,20.0,dapi,1
BMPR1A_KD,30min,10x-1,1125,867.4,727.4,77,-15.38,-20.0,1099.64,118.64,1039.61,0.1141,1.3,20.0,dapi,1
BMPR1A_KD,30min,10x-1,1126,865.9,738.1,35,-15.38,-20.0,1088.03,107.03,1048.26,0.1021,1.3,20.0,dapi,1
BMPR1A_KD,30min,10x-1,1127,869.2,483.2,93,-15.38,-20.0,1082.74,101.74,1134.45,0.0897,1.3,20.0,dapi,1
BMPR1A_KD,30min,10x-1,1128,871.3,492.9,82,-15.38,-20.0,1099.17,118.17,1039.68,0.1137,1.3,20.0,dapi,1
BMPR1A_KD,30min,10x-1,1129,871.9,629.1,93,-15.38,-20.0,1072.33,91.33,1087.3,0.084,1.3,20.0,dapi,1
BMPR1A_KD,30min,10x-1,1130,870.4,649.6,96,-15.38,-20.0,1078.28,97.28,1061.73,0.0916,1.3,20.0,dapi,1
BMPR1A_KD,30min,10x-1,1131,870.7,710.3,87,-15.38,-20.0,1091.09,110.09,1062.8,0.1036,1.3,20.0,dapi,1
BMPR1A_KD,30min,10x-1,1132,873.5,462.0,99,-15.38,-20.0,1091.18,110.18,1122.28,0.0982,1.3,20.0,dapi,1
BMPR1A_KD,30min,10x-1,1133,873.2,521.0,134,-15.38,-20.0,1077.12,96.12,958.99,0.1002,1.3,20.0,dapi,1
BMPR1A_KD,30min,10x-1,1134,871.4,587.5,97,-15.38,-20.0,1073.59,92.59,1087.54,0.0851,1.3,20.0,dapi,1
BMPR1A_KD,30min,10x-1,1135,871.0,606.4,93,-15.38,-20.0,1060.11,79.11,1095.99,0.0722,1.3,20.0,dapi,1
BMPR1A_KD,30min,10x-1,1136,873.3,431.8,72,-15.38,-20.0,1086.74,105.74,1246.39,0.0848,1.3,20.0,dapi,1
BMPR1A_KD,30min,10x-1,1137,873.2,471.4,91,-15.38,-20.0,1091.49,110.49,1107.71,0.0998,1.3,20.0,dapi,1
BMPR1A_KD,30min,10x-1,1138,871.5,639.2,44,-15.38,-20.0,1089.16,108.16,1026.14,0.1054,1.3,20.0,dapi,1
BMPR1A_KD,30min,10x-1,1139,873.1,690.6,100,-15.38,-20.0,1165.48,184.48,1046.64,0.1763,1.3,20.0,dapi,1
BMPR1A_KD,30min,10x-1,1140,873.4,387.1,87,-15.38,-20.0,1114.99,133.99,1139.07,0.1176,1.3,20.0,dapi,1
BMPR1A_KD,30min,10x-1,1141,874.3,422.4,96,-15.38,-20.0,1136.91,155.91,1176.72,0.1325,1.3,20.0,dapi,1
BMPR1A_KD,30min,10x-1,1142,872.4,548.6,62,-15.38,-20.0,1110.65,129.65,988.02,0.1312,1.3,20.0,dapi,1
BMPR1A_KD,30min,10x-1,1143,872.8,664.2,58,-15.38,-20.0,1057.72,76.72,1039.55,0.0738,1.3,20.0,dapi,1
BMPR1A_KD,30min,10x-1,1144,872.5,738.2,99,-15.38,-20.0,1079.28,98.28,1128.52,0.0871,1.3,20.0,dapi,1
BMPR1A_KD,30min,10x-1,1145,875.1,444.2,108,-15.38,-20.0,1098.45,117.45,1045.98,0.1123,1.3,20.0,dapi,1
BMPR1A_KD,30min,10x-1,1146,874.9,673.2,91,-15.38,-20.0,1057.16,76.16,1155.55,0.0659,1.3,20.0,dapi,1
BMPR1A_KD,30min,10x-1,1147,875.6,755.6,64,-15.38,-20.0,1025.12,44.12,826.59,0.0534,1.3,20.0,dapi,1
BMPR1A_KD,30min,10x-1,1148,879.8,378.1,174,-15.38,-20.0,1103.94,122.94,1205.32,0.102,1.3,20.0,dapi,1
BMPR1A_KD,30min,10x-1,1149,876.7,593.5,50,-15.38,-20.0,1068.24,87.24,1019.94,0.0855,1.3,20.0,dapi,1
BMPR1A_KD,30min,10x-1,1150,877.3,412.5,51,-15.38,-20.0,1121.53,140.53,1063.47,0.1321,1.3,20.0,dapi,1
BMPR1A_KD,30min,10x-1,1151,880.7,402.6,106,-15.38,-20.0,1101.14,120.14,1124.45,0.1068,1.3,20.0,dapi,1
BMPR1A_KD,30min,10x-1,1152,882.8,535.8,98,-15.38,-20.0,1058.35,77.35,949.69,0.0814,1.3,20.0,dapi,1
BMPR1A_KD,30min,10x-1,1153,879.6,557.9,89,-15.38,-20.0,1370.38,389.38,1144.66,0.3402,1.3,20.0,dapi,1
BMPR1A_KD,30min,10x-1,1154,879.4,681.5,55,-15.38,-20.0,1091.38,110.38,978.36,0.1128,1.3,20.0,dapi,1
BMPR1A_KD,30min,10x-1,1155,880.6,700.5,56,-15.38,-20.0,1066.36,85.36,912.71,0.0935,1.3,20.0,dapi,1
BMPR1A_KD,30min,10x-1,1156,880.3,715.1,97,-15.38,-20.0,1076.21,95.21,969.27,0.0982,1.3,20.0,dapi,1
BMPR1A_KD,30min,10x-1,1157,879.9,737.6,59,-15.38,-20.0,1077.63,96.63,1211.32,0.0798,1.3,20.0,dapi,1
BMPR1A_KD,30min,10x-1,1158,881.2,601.1,83,-15.38,-20.0,1066.67,85.67,1046.89,0.0818,1.3,20.0,dapi,1
BMPR1A_KD,30min,10x-1,1159,883.0,653.1,103,-15.38,-20.0,1055.04,74.04,1027.66,0.072,1.3,20.0,dapi,1
BMPR1A_KD,30min,10x-1,1160,882.6,502.3,105,-15.38,-20.0,1078.42,97.42,1003.44,0.0971,1.3,20.0,dapi,1
BMPR1A_KD,30min,10x-1,1161,882.3,640.7,78,-15.38,-20.0,1354.87,373.87,1172.05,0.319,1.3,20.0,dapi,1
BMPR1A_KD,30min,10x-1,1162,880.9,485.1,28,-15.38,-20.0,1092.18,111.18,1291.96,0.0861,1.3,20.0,dapi,1
BMPR1A_KD,30min,10x-1,1163,881.4,522.6,42,-15.38,-20.0,1099.52,118.52,946.62,0.1252,1.3,20.0,dapi,1
BMPR1A_KD,30min,10x-1,1164,882.3,618.4,77,-15.38,-20.0,1061.16,80.16,1193.47,0.0672,1.3,20.0,dapi,1
BMPR1A_KD,30min,10x-1,1165,884.5,421.4,84,-15.38,-20.0,1213.14,232.14,1297.61,0.1789,1.3,20.0,dapi,1
BMPR1A_KD,30min,10x-1,1166,885.6,461.2,109,-15.38,-20.0,1080.48,99.48,1002.06,0.0993,1.3,20.0,dapi,1
BMPR1A_KD,30min,10x-1,1167,885.0,577.1,85,-15.38,-20.0,1451.01,470.01,1027.48,0.4574,1.3,20.0,dapi,1
BMPR1A_KD,30min,10x-1,1168,885.7,741.3,114,-15.38,-20.0,1059.7,78.7,1066.24,0.0738,1.3,20.0,dapi,1
BMPR1A_KD,30min,10x-1,1169,887.3,545.7,101,-15.38,-20.0,1072.36,91.36,992.54,0.092,1.3,20.0,dapi,1
BMPR1A_KD,30min,10x-1,1170,887.1,689.1,85,-15.38,-20.0,1059.78,78.78,1110.0,0.071,1.3,20.0,dapi,1
BMPR1A_KD,30min,10x-1,1171,884.3,429.5,35,-15.38,-20.0,1082.26,101.26,1192.91,0.0849,1.3,20.0,dapi,1
BMPR1A_KD,30min,10x-1,1172,885.8,587.0,82,-15.38,-20.0,1085.7,104.7,993.07,0.1054,1.3,20.0,dapi,1
BMPR1A_KD,30min,10x-1,1173,887.0,397.0,67,-15.38,-20.0,1092.9,111.9,1235.78,0.0905,1.3,20.0,dapi,1
BMPR1A_KD,30min,10x-1,1174,886.9,516.7,77,-15.38,-20.0,1074.56,93.56,1038.71,0.0901,1.3,20.0,dapi,1
BMPR1A_KD,30min,10x-1,1175,886.4,559.3,60,-15.38,-20.0,1093.15,112.15,1051.4,0.1067,1.3,20.0,dapi,1
BMPR1A_KD,30min,10x-1,1176,887.9,635.0,61,-15.38,-20.0,1074.62,93.62,1001.51,0.0935,1.3,20.0,dapi,1
BMPR1A_KD,30min,10x-1,1177,885.9,675.8,78,-15.38,-20.0,1066.72,85.72,1187.88,0.0722,1.3,20.0,dapi,1
BMPR1A_KD,30min,10x-1,1178,888.5,723.5,103,-15.38,-20.0,1047.45,66.45,1000.5,0.0664,1.3,20.0,dapi,1
BMPR1A_KD,30min,10x-1,1179,887.9,474.8,65,-15.38,-20.0,1086.57,105.57,870.42,0.1213,1.3,20.0,dapi,1
BMPR1A_KD,30min,10x-1,1180,890.6,449.8,98,-15.38,-20.0,1098.76,117.76,1052.47,0.1119,1.3,20.0,dapi,1
BMPR1A_KD,30min,10x-1,1181,890.2,493.0,37,-15.38,-20.0,1080.05,99.05,1256.05,0.0789,1.3,20.0,dapi,1
BMPR1A_KD,30min,10x-1,1182,891.6,695.4,66,-15.38,-20.0,1055.77,74.77,970.47,0.077,1.3,20.0,dapi,1
BMPR1A_KD,30min,10x-1,1183,892.3,712.8,90,-15.38,-20.0,1064.0,83.0,1041.59,0.0797,1.3,20.0,dapi,1
BMPR1A_KD,30min,10x-1,1184,892.2,382.0,71,-15.38,-20.0,1121.04,140.04,1313.55,0.1066,1.3,20.0,dapi,1
BMPR1A_KD,30min,10x-1,1185,891.3,603.9,61,-15.38,-20.0,1097.44,116.44,981.77,0.1186,1.3,20.0,dapi,1
BMPR1A_KD,30min,10x-1,1186,892.9,431.3,81,-15.38,-20.0,1081.84,100.84,1161.1,0.0868,1.3,20.0,dapi,1
BMPR1A_KD,30min,10x-1,1187,894.1,661.2,107,-15.38,-20.0,1098.21,117.21,1023.08,0.1146,1.3,20.0,dapi,1
BMPR1A_KD,30min,10x-1,1188,895.6,371.0,91,-15.38,-20.0,1611.12,630.12,1120.36,0.5624,1.3,20.0,dapi,1
BMPR1A_KD,30min,10x-1,1189,894.2,558.3,92,-15.38,-20.0,1063.96,82.96,1079.41,0.0769,1.3,20.0,dapi,1
BMPR1A_KD,30min,10x-1,1190,894.3,593.8,84,-15.38,-20.0,1072.36,91.36,1098.46,0.0832,1.3,20.0,dapi,1
BMPR1A_KD,30min,10x-1,1191,894.0,626.2,81,-15.38,-20.0,1065.9,84.9,1134.06,0.0749,1.3,20.0,dapi,1
BMPR1A_KD,30min,10x-1,1192,895.5,741.5,110,-15.38,-20.0,1051.79,70.79,915.71,0.0773,1.3,20.0,dapi,1
BMPR1A_KD,30min,10x-1,1193,897.6,396.2,115,-15.38,-20.0,1099.18,118.18,1089.73,0.1085,1.3,20.0,dapi,1
BMPR1A_KD,30min,10x-1,1194,895.6,418.0,59,-15.38,-20.0,1108.12,127.12,979.63,0.1298,1.3,20.0,dapi,1
BMPR1A_KD,30min,10x-1,1195,896.4,611.7,85,-15.38,-20.0,1070.2,89.2,1122.28,0.0795,1.3,20.0,dapi,1
BMPR1A_KD,30min,10x-1,1196,898.9,645.3,119,-15.38,-20.0,1081.95,100.95,1042.15,0.0969,1.3,20.0,dapi,1
BMPR1A_KD,30min,10x-1,1197,895.9,672.7,75,-15.38,-20.0,1049.79,68.79,1004.23,0.0685,1.3,20.0,dapi,1
BMPR1A_KD,30min,10x-1,1198,896.7,684.3,77,-15.38,-20.0,1065.73,84.73,1134.44,0.0747,1.3,20.0,dapi,1
BMPR1A_KD,30min,10x-1,1199,898.9,407.5,86,-15.38,-20.0,1106.01,125.01,1198.65,0.1043,1.3,20.0,dapi,1
BMPR1A_KD,30min,10x-1,1200,894.5,483.9,27,-15.38,-20.0,1084.7,103.7,1273.22,0.0814,1.3,20.0,dapi,1
BMPR1A_KD,30min,10x-1,1201,897.5,499.6,89,-15.38,-20.0,1076.04,95.04,1049.74,0.0905,1.3,20.0,dapi,1
BMPR1A_KD,30min,10x-1,1202,898.3,539.9,101,-15.38,-20.0,1046.17,65.17,1016.29,0.0641,1.3,20.0,dapi,1
BMPR1A_KD,30min,10x-1,1203,899.3,581.1,105,-15.38,-20.0,1063.74,82.74,1000.42,0.0827,1.3,20.0,dapi,1
BMPR1A_KD,30min,10x-1,1204,898.3,440.0,75,-15.38,-20.0,1089.81,108.81,1079.91,0.1008,1.3,20.0,dapi,1
BMPR1A_KD,30min,10x-1,1205,896.9,520.6,60,-15.38,-20.0,1071.92,90.92,904.12,0.1006,1.3,20.0,dapi,1
BMPR1A_KD,30min,10x-1,1206,899.2,569.1,55,-15.38,-20.0,1059.89,78.89,972.8,0.0811,1.3,20.0,dapi,1
BMPR1A_KD,30min,10x-1,1207,900.1,636.0,67,-15.38,-20.0,1094.69,113.69,1179.15,0.0964,1.3,20.0,dapi,1
BMPR1A_KD,30min,10x-1,1208,900.4,654.1,62,-15.38,-20.0,1068.29,87.29,1028.69,0.0849,1.3,20.0,dapi,1
BMPR1A_KD,30min,10x-1,1209,900.5,462.1,46,-15.38,-20.0,1091.02,110.02,949.26,0.1159,1.3,20.0,dapi,1
BMPR1A_KD,30min,10x-1,1210,901.7,720.9,73,-15.38,-20.0,1065.67,84.67,867.15,0.0976,1.3,20.0,dapi,1
BMPR1A_KD,30min,10x-1,1211,901.6,472.4,49,-15.38,-20.0,1091.96,110.96,942.94,0.1177,1.3,20.0,dapi,1
BMPR1A_KD,30min,10x-1,1212,903.7,511.9,61,-15.38,-20.0,1092.69,111.69,899.02,0.1242,1.3,20.0,dapi,1
BMPR1A_KD,30min,10x-1,1213,902.6,746.2,61,-15.38,-20.0,1082.85,101.85,860.36,0.1184,1.3,20.0,dapi,1
BMPR1A_KD,30min,10x-1,1214,904.5,426.1,59,-15.38,-20.0,1092.86,111.86,964.76,0.116,1.3,20.0,dapi,1
BMPR1A_KD,30min,10x-1,1215,903.8,447.6,70,-15.38,-20.0,1084.96,103.96,1024.2,0.1015,1.3,20.0,dapi,1
BMPR1A_KD,30min,10x-1,1216,903.8,550.8,66,-15.38,-20.0,1082.8,101.8,881.88,0.1154,1.3,20.0,dapi,1
BMPR1A_KD,30min,10x-1,1217,904.5,708.0,126,-15.38,-20.0,1063.06,82.06,1091.48,0.0752,1.3,20.0,dapi,1
BMPR1A_KD,30min,10x-1,1218,905.1,673.8,71,-15.38,-20.0,1051.23,70.23,992.54,0.0708,1.3,20.0,dapi,1
BMPR1A_KD,30min,10x-1,1219,907.3,376.4,87,-15.38,-20.0,1137.97,156.97,1331.41,0.1179,1.3,20.0,dapi,1
BMPR1A_KD,30min,10x-1,1220,907.7,392.0,106,-15.38,-20.0,1108.83,127.83,1190.88,0.1073,1.3,20.0,dapi,1
BMPR1A_KD,30min,10x-1,1221,905.8,402.6,64,-15.38,-20.0,1112.0,131.0,1185.62,0.1105,1.3,20.0,dapi,1
BMPR1A_KD,30min,10x-1,1222,906.1,566.1,92,-15.38,-20.0,1042.4,61.4,994.32,0.0618,1.3,20.0,dapi,1
BMPR1A_KD,30min,10x-1,1223,907.0,607.6,100,-15.38,-20.0,1072.07,91.07,1081.9,0.0842,1.3,20.0,dapi,1
BMPR1A_KD,30min,10x-1,1224,904.9,623.7,52,-15.38,-20.0,1071.9,90.9,964.73,0.0942,1.3,20.0,dapi,1
BMPR1A_KD,30min,10x-1,1225,905.9,695.8,55,-15.38,-20.0,1060.45,79.45,965.33,0.0823,1.3,20.0,dapi,1
BMPR1A_KD,30min,10x-1,1226,908.5,728.7,119,-15.38,-20.0,1079.73,98.73,924.69,0.1068,1.3,20.0,dapi,1
BMPR1A_KD,30min,10x-1,1227,906.9,498.9,97,-15.38,-20.0,1068.4,87.4,1018.63,0.0858,1.3,20.0,dapi,1
BMPR1A_KD,30min,10x-1,1228,909.3,519.4,103,-15.38,-20.0,1108.45,127.45,1020.72,0.1249,1.3,20.0,dapi,1
BMPR1A_KD,30min,10x-1,1229,908.8,597.5,113,-15.38,-20.0,1079.55,98.55,1018.02,0.0968,1.3,20.0,dapi,1
BMPR1A_KD,30min,10x-1,1230,908.5,417.4,89,-15.38,-20.0,1093.34,112.34,1148.89,0.0978,1.3,20.0,dapi,1
BMPR1A_KD,30min,10x-1,1231,908.0,454.1,55,-15.38,-20.0,1072.96,91.96,959.36,0.0959,1.3,20.0,dapi,1
BMPR1A_KD,30min,10x-1,1232,910.5,685.4,138,-15.38,-20.0,1074.01,93.01,931.03,0.0999,1.3,20.0,dapi,1
BMPR1A_KD,30min,10x-1,1233,907.1,486.6,39,-15.38,-20.0,1062.72,81.72,1111.05,0.0736,1.3,20.0,dapi,1
BMPR1A_KD,30min,10x-1,1234,909.0,655.8,91,-15.38,-20.0,1048.96,67.96,1093.31,0.0622,1.3,20.0,dapi,1
BMPR1A_KD,30min,10x-1,1235,911.5,742.3,103,-15.38,-20.0,1477.42,496.42,963.86,0.515,1.3,20.0,dapi,1
BMPR1A_KD,30min,10x-1,1236,912.2,434.1,87,-15.38,-20.0,1072.77,91.77,1022.85,0.0897,1.3,20.0,dapi,1
BMPR1A_KD,30min,10x-1,1237,910.4,471.0,56,-15.38,-20.0,1050.41,69.41,950.23,0.073,1.3,20.0,dapi,1
BMPR1A_KD,30min,10x-1,1238,915.0,532.3,147,-15.38,-20.0,1080.53,99.53,1005.58,0.099,1.3,20.0,dapi,1
BMPR1A_KD,30min,10x-1,1239,910.5,543.6,85,-15.38,-20.0,1080.28,99.28,1047.99,0.0947,1.3,20.0,dapi,1
BMPR1A_KD,30min,10x-1,1240,910.5,634.8,84,-15.38,-20.0,1064.92,83.92,1104.55,0.076,1.3,20.0,dapi,1
BMPR1A_KD,30min,10x-1,1241,913.6,385.1,75,-15.38,-20.0,1101.96,120.96,1217.19,0.0994,1.3,20.0,dapi,1
BMPR1A_KD,30min,10x-1,1242,915.9,565.4,95,-15.38,-20.0,1030.95,49.95,1058.29,0.0472,1.3,20.0,dapi,1
BMPR1A_KD,30min,10x-1,1243,918.3,593.5,103,-15.38,-20.0,1063.29,82.29,1023.21,0.0804,1.3,20.0,dapi,1
BMPR1A_KD,30min,10x-1,1244,915.6,709.9,100,-15.38,-20.0,1064.68,83.68,1005.84,0.0832,1.3,20.0,dapi,1
BMPR1A_KD,30min,10x-1,1245,916.1,354.4,82,-15.38,-20.0,1051.2,70.2,960.49,0.0731,1.3,20.0,dapi,1
BMPR1A_KD,30min,10x-1,1246,919.0,583.1,118,-15.38,-20.0,1054.53,73.53,1003.69,0.0733,1.3,20.0,dapi,1
BMPR1A_KD,30min,10x-1,1247,916.7,616.9,94,-15.38,-20.0,1081.35,100.35,1080.41,0.0929,1.3,20.0,dapi,1
BMPR1A_KD,30min,10x-1,1248,916.2,673.6,80,-15.38,-20.0,1042.67,61.67,1109.41,0.0556,1.3,20.0,dapi,1
BMPR1A_KD,30min,10x-1,1249,918.2,467.1,105,-15.38,-20.0,1043.46,62.46,1022.36,0.0611,1.3,20.0,dapi,1
BMPR1A_KD,30min,10x-1,1250,917.8,646.2,94,-15.38,-20.0,1064.19,83.19,986.95,0.0843,1.3,20.0,dapi,1
BMPR1A_KD,30min,10x-1,1251,918.6,418.3,90,-15.38,-20.0,1099.91,118.91,1107.53,0.1074,1.3,20.0,dapi,1
BMPR1A_KD,30min,10x-1,1252,917.5,446.8,63,-15.38,-20.0,1081.78,100.78,1232.95,0.0817,1.3,20.0,dapi,1
BMPR1A_KD,30min,10x-1,1253,919.7,486.6,122,-15.38,-20.0,1056.48,75.48,923.3,0.0817,1.3,20.0,dapi,1
BMPR1A_KD,30min,10x-1,1254,918.8,629.6,95,-15.38,-20.0,1077.15,96.15,1100.89,0.0873,1.3,20.0,dapi,1
BMPR1A_KD,30min,10x-1,1255,918.3,699.2,92,-15.38,-20.0,1057.39,76.39,1060.05,0.0721,1.3,20.0,dapi,1
BMPR1A_KD,30min,10x-1,1256,919.4,665.9,69,-15.38,-20.0,1084.8,103.8,1066.3,0.0973,1.3,20.0,dapi,1
BMPR1A_KD,30min,10x-1,1257,919.9,519.4,63,-15.38,-20.0,1139.35,158.35,909.14,0.1742,1.3,20.0,dapi,1
BMPR1A_KD,30min,10x-1,1258,920.7,574.8,62,-15.38,-20.0,1081.55,100.55,993.16,0.1012,1.3,20.0,dapi,1
BMPR1A_KD,30min,10x-1,1259,922.5,545.8,121,-15.38,-20.0,1452.34,471.34,1057.12,0.4459,1.3,20.0,dapi,1
BMPR1A_KD,30min,10x-1,1260,923.8,608.6,103,-15.38,-20.0,1047.17,66.17,1038.2,0.0637,1.3,20.0,dapi,1
BMPR1A_KD,30min,10x-1,1261,921.6,736.0,84,-15.38,-20.0,1137.7,156.7,1012.52,0.1548,1.3,20.0,dapi,1
BMPR1A_KD,30min,10x-1,1262,925.1,498.5,88,-15.38,-20.0,1091.28,110.28,1041.58,0.1059,1.3,20.0,dapi,1
BMPR1A_KD,30min,10x-1,1263,925.3,507.7,100,-15.38,-20.0,1050.9,69.9,1004.73,0.0696,1.3,20.0,dapi,1
BMPR1A_KD,30min,10x-1,1264,924.9,657.9,107,-15.38,-20.0,1055.74,74.74,1048.06,0.0713,1.3,20.0,dapi,1
BMPR1A_KD,30min,10x-1,1265,924.6,691.3,87,-15.38,-20.0,1042.36,61.36,1073.45,0.0572,1.3,20.0,dapi,1
BMPR1A_KD,30min,10x-1,1266,926.3,360.0,105,-15.38,-20.0,1423.03,442.03,1061.63,0.4164,1.3,20.0,dapi,1
BMPR1A_KD,30min,10x-1,1267,926.0,377.3,101,-15.38,-20.0,1119.66,138.66,1158.48,0.1197,1.3,20.0,dapi,1
BMPR1A_KD,30min,10x-1,1268,926.7,429.5,77,-15.38,-20.0,1084.83,103.83,1302.44,0.0797,1.3,20.0,dapi,1
BMPR1A_KD,30min,10x-1,1269,926.6,439.1,82,-15.38,-20.0,1061.82,80.82,1125.46,0.0718,1.3,20.0,dapi,1
BMPR1A_KD,30min,10x-1,1270,927.1,459.5,85,-15.38,-20.0,1055.35,74.35,1046.32,0.0711,1.3,20.0,dapi,1
BMPR1A_KD,30min,10x-1,1271,926.2,705.5,67,-15.38,-20.0,1067.46,86.46,963.15,0.0898,1.3,20.0,dapi,1
BMPR1A_KD,30min,10x-1,1272,928.8,728.0,102,-15.38,-20.0,1050.19,69.19,1002.55,0.069,1.3,20.0,dapi,1
BMPR1A_KD,30min,10x-1,1273,928.7,409.8,57,-15.38,-20.0,1091.65,110.65,1206.05,0.0917,1.3,20.0,dapi,1
BMPR1A_KD,30min,10x-1,1274,930.4,638.3,103,-15.38,-20.0,1056.89,75.89,1000.66,0.0758,1.3,20.0,dapi,1
BMPR1A_KD,30min,10x-1,1275,930.5,526.0,87,-15.38,-20.0,1059.39,78.39,988.9,0.0793,1.3,20.0,dapi,1
BMPR1A_KD,30min,10x-1,1276,931.4,551.6,61,-15.38,-20.0,1098.85,117.85,964.57,0.1222,1.3,20.0,dapi,1
BMPR1A_KD,30min,10x-1,1277,931.5,561.0,102,-15.38,-20.0,1064.52,83.52,1080.17,0.0773,1.3,20.0,dapi,1
BMPR1A_KD,30min,10x-1,1278,931.2,621.2,78,-15.38,-20.0,1029.24,48.24,1023.31,0.0471,1.3,20.0,dapi,1
BMPR1A_KD,30min,10x-1,1279,930.4,670.6,78,-15.38,-20.0,1066.58,85.58,987.47,0.0867,1.3,20.0,dapi,1
BMPR1A_KD,30min,10x-1,1280,931.7,601.8,77,-15.38,-20.0,1058.0,77.0,984.23,0.0782,1.3,20.0,dapi,1
BMPR1A_KD,30min,10x-1,1281,933.0,652.2,97,-15.38,-20.0,1069.4,88.4,1002.32,0.0882,1.3,20.0,dapi,1
BMPR1A_KD,30min,10x-1,1282,932.2,585.6,108,-15.38,-20.0,1041.66,60.66,979.77,0.0619,1.3,20.0,dapi,1
BMPR1A_KD,30min,10x-1,1283,933.4,424.6,58,-15.38,-20.0,1089.41,108.41,1284.14,0.0844,1.3,20.0,dapi,1
BMPR1A_KD,30min,10x-1,1284,932.8,488.3,53,-15.38,-20.0,1102.66,121.66,899.19,0.1353,1.3,20.0,dapi,1
BMPR1A_KD,30min,10x-1,1285,934.2,394.2,80,-15.38,-20.0,1079.36,98.36,1118.09,0.088,1.3,20.0,dapi,1
BMPR1A_KD,30min,10x-1,1286,936.2,477.0,103,-15.38,-20.0,1056.17,75.17,957.85,0.0785,1.3,20.0,dapi,1
BMPR1A_KD,30min,10x-1,1287,933.8,570.8,85,-15.38,-20.0,1065.99,84.99,941.44,0.0903,1.3,20.0,dapi,1
BMPR1A_KD,30min,10x-1,1288,935.5,717.3,96,-15.38,-20.0,1040.64,59.64,1013.05,0.0589,1.3,20.0,dapi,1
BMPR1A_KD,30min,10x-1,1289,935.0,749.7,86,-15.38,-20.0,1082.09,101.09,1023.21,0.0988,1.3,20.0,dapi,1
BMPR1A_KD,30min,10x-1,1290,934.6,415.8,52,-15.38,-20.0,1111.79,130.79,1258.04,0.104,1.3,20.0,dapi,1
BMPR1A_KD,30min,10x-1,1291,934.6,690.4,85,-15.38,-20.0,1045.19,64.19,1057.0,0.0607,1.3,20.0,dapi,1
BMPR1A_KD,30min,10x-1,1292,935.3,705.2,85,-15.38,-20.0,1062.91,81.91,1061.76,0.0771,1.3,20.0,dapi,1
BMPR1A_KD,30min,10x-1,1293,936.5,433.0,64,-15.38,-20.0,1078.09,97.09,1153.23,0.0842,1.3,20.0,dapi,1
BMPR1A_KD,30min,10x-1,1294,937.4,541.6,94,-15.38,-20.0,1044.19,63.19,1046.68,0.0604,1.3,20.0,dapi,1
BMPR1A_KD,30min,10x-1,1295,936.0,678.5,80,-15.38,-20.0,1054.29,73.29,1090.8,0.0672,1.3,20.0,dapi,1
BMPR1A_KD,30min,10x-1,1296,938.0,463.8,85,-15.38,-20.0,1079.39,98.39,1108.93,0.0887,1.3,20.0,dapi,1
BMPR1A_KD,30min,10x-1,1297,937.8,630.2,102,-15.38,-20.0,1045.84,64.84,1041.12,0.0623,1.3,20.0,dapi,1
BMPR1A_KD,30min,10x-1,1298,938.5,741.5,93,-15.38,-20.0,1057.88,76.88,997.86,0.077,1.3,20.0,dapi,1
BMPR1A_KD,30min,10x-1,1299,938.2,608.9,75,-15.38,-20.0,1042.76,61.76,950.91,0.0649,1.3,20.0,dapi,1
BMPR1A_KD,30min,10x-1,1300,940.9,387.4,108,-15.38,-20.0,1108.8,127.8,1143.76,0.1117,1.3,20.0,dapi,1
BMPR1A_KD,30min,10x-1,1301,942.3,499.9,111,-15.38,-20.0,1054.62,73.62,953.23,0.0772,1.3,20.0,dapi,1
BMPR1A_KD,30min,10x-1,1302,942.2,454.1,99,-15.38,-20.0,1061.31,80.31,968.91,0.0829,1.3,20.0,dapi,1
BMPR1A_KD,30min,10x-1,1303,941.9,531.0,54,-15.38,-20.0,1033.44,52.44,923.28,0.0568,1.3,20.0,dapi,1
BMPR1A_KD,30min,10x-1,1304,944.4,664.6,96,-15.38,-20.0,1045.39,64.39,1023.26,0.0629,1.3,20.0,dapi,1
BMPR1A_KD,30min,10x-1,1305,943.4,686.5,100,-15.38,-20.0,1042.13,61.13,1025.76,0.0596,1.3,20.0,dapi,1
BMPR1A_KD,30min,10x-1,1306,941.9,729.3,75,-15.38,-20.0,1047.28,66.28,947.75,0.0699,1.3,20.0,dapi,1
BMPR1A_KD,30min,10x-1,1307,944.5,511.8,103,-15.38,-20.0,1168.66,187.66,1008.29,0.1861,1.3,20.0,dapi,1
BMPR1A_KD,30min,10x-1,1308,945.5,423.0,86,-15.38,-20.0,1098.24,117.24,1151.07,0.1019,1.3,20.0,dapi,1
BMPR1A_KD,30min,10x-1,1309,945.8,591.7,106,-15.38,-20.0,1051.87,70.87,955.94,0.0741,1.3,20.0,dapi,1
BMPR1A_KD,30min,10x-1,1310,946.1,618.7,99,-15.38,-20.0,1049.14,68.14,1070.65,0.0636,1.3,20.0,dapi,1
BMPR1A_KD,30min,10x-1,1311,945.0,753.4,76,-15.38,-20.0,1064.86,83.86,1070.96,0.0783,1.3,20.0,dapi,1
BMPR1A_KD,30min,10x-1,1312,945.7,707.9,72,-15.38,-20.0,1045.17,64.17,1165.08,0.0551,1.3,20.0,dapi,1
BMPR1A_KD,30min,10x-1,1313,948.1,629.3,89,-15.38,-20.0,1059.49,78.49,1031.2,0.0761,1.3,20.0,dapi,1
BMPR1A_KD,30min,10x-1,1314,947.4,647.3,103,-15.38,-20.0,1081.07,100.07,1141.8,0.0876,1.3,20.0,dapi,1
BMPR1A_KD,30min,10x-1,1315,948.5,443.1,72,-15.38,-20.0,1062.47,81.47,1033.96,0.0788,1.3,20.0,dapi,1
BMPR1A_KD,30min,10x-1,1316,949.7,485.5,105,-15.38,-20.0,1052.5,71.5,996.57,0.0718,1.3,20.0,dapi,1
BMPR1A_KD,30min,10x-1,1317,950.7,657.5,79,-15.38,-20.0,1056.41,75.41,967.1,0.078,1.3,20.0,dapi,1
BMPR1A_KD,30min,10x-1,1318,951.0,431.6,101,-15.38,-20.0,1062.23,81.23,1045.52,0.0777,1.3,20.0,dapi,1
BMPR1A_KD,30min,10x-1,1319,949.8,528.3,96,-15.38,-20.0,1061.93,80.93,1044.91,0.0774,1.3,20.0,dapi,1
BMPR1A_KD,30min,10x-1,1320,949.2,573.2,90,-15.38,-20.0,1036.82,55.82,1017.72,0.0549,1.3,20.0,dapi,1
BMPR1A_KD,30min,10x-1,1321,950.5,364.0,67,-15.38,-20.0,1121.93,140.93,1077.24,0.1308,1.3,20.0,dapi,1
BMPR1A_KD,30min,10x-1,1322,951.0,604.9,81,-15.38,-20.0,1038.88,57.88,1059.14,0.0546,1.3,20.0,dapi,1
BMPR1A_KD,30min,10x-1,1323,951.2,672.8,91,-15.38,-20.0,1038.84,57.84,1024.04,0.0565,1.3,20.0,dapi,1
BMPR1A_KD,30min,10x-1,1324,950.0,389.8,64,-15.38,-20.0,1156.98,175.98,1206.69,0.1458,1.3,20.0,dapi,1
BMPR1A_KD,30min,10x-1,1325,951.2,467.7,54,-15.38,-20.0,1086.76,105.76,868.28,0.1218,1.3,20.0,dapi,1
BMPR1A_KD,30min,10x-1,1326,953.6,538.6,103,-15.38,-20.0,1046.46,65.46,998.68,0.0655,1.3,20.0,dapi,1
BMPR1A_KD,30min,10x-1,1327,951.7,734.7,97,-15.38,-20.0,1065.81,84.81,1014.36,0.0836,1.3,20.0,dapi,1
BMPR1A_KD,30min,10x-1,1328,953.2,516.9,79,-15.38,-20.0,1054.81,73.81,976.75,0.0756,1.3,20.0,dapi,1
BMPR1A_KD,30min,10x-1,1329,953.8,554.4,70,-15.38,-20.0,1028.0,47.0,846.19,0.0555,1.3,20.0,dapi,1
BMPR1A_KD,30min,10x-1,1330,954.8,705.5,131,-15.38,-20.0,1048.5,67.5,1221.63,0.0553,1.3,20.0,dapi,1
BMPR1A_KD,30min,10x-1,1331,953.5,750.6,97,-15.38,-20.0,1037.94,56.94,1007.13,0.0565,1.3,20.0,dapi,1
BMPR1A_KD,30min,10x-1,1332,954.3,412.3,92,-15.38,-20.0,1089.11,108.11,1083.66,0.0998,1.3,20.0,dapi,1
BMPR1A_KD,30min,10x-1,1333,955.2,638.2,57,-15.38,-20.0,1050.37,69.37,1354.54,0.0512,1.3,20.0,dapi,1
BMPR1A_KD,30min,10x-1,1334,954.0,762.4,71,-15.38,-20.0,1000.34,19.34,968.18,0.02,1.3,20.0,dapi,1
BMPR1A_KD,30min,10x-1,1335,956.2,478.9,56,-15.38,-20.0,1046.79,65.79,889.39,0.074,1.3,20.0,dapi,1
BMPR1A_KD,30min,10x-1,1336,958.2,727.5,171,-15.38,-20.0,1062.22,81.22,923.94,0.0879,1.3,20.0,dapi,1
BMPR1A_KD,30min,10x-1,1337,956.6,452.9,65,-15.38,-20.0,1056.32,75.32,982.37,0.0767,1.3,20.0,dapi,1
BMPR1A_KD,30min,10x-1,1338,957.2,497.5,99,-15.38,-20.0,1055.8,74.8,1012.76,0.0739,1.3,20.0,dapi,1
BMPR1A_KD,30min,10x-1,1339,958.0,583.7,91,-15.38,-20.0,1042.16,61.16,1024.9,0.0597,1.3,20.0,dapi,1
BMPR1A_KD,30min,10x-1,1340,956.8,597.0,74,-15.38,-20.0,1031.11,50.11,1062.31,0.0472,1.3,20.0,dapi,1
BMPR1A_KD,30min,10x-1,1341,958.4,442.8,121,-15.38,-20.0,1065.99,84.99,1128.76,0.0753,1.3,20.0,dapi,1
BMPR1A_KD,30min,10x-1,1342,959.3,563.1,131,-15.38,-20.0,1031.6,50.6,905.17,0.0559,1.3,20.0,dapi,1
BMPR1A_KD,30min,10x-1,1343,956.5,695.7,49,-15.38,-20.0,1047.06,66.06,968.94,0.0682,1.3,20.0,dapi,1
BMPR1A_KD,30min,10x-1,1344,957.5,387.6,56,-15.38,-20.0,1174.61,193.61,1158.02,0.1672,1.3,20.0,dapi,1
BMPR1A_KD,30min,10x-1,1345,958.4,687.2,88,-15.38,-20.0,1031.56,50.56,1050.19,0.0481,1.3,20.0,dapi,1
BMPR1A_KD,30min,10x-1,1346,960.5,403.2,127,-15.38,-20.0,1151.09,170.09,1062.05,0.1601,1.3,20.0,dapi,1
BMPR1A_KD,30min,10x-1,1347,959.9,508.8,108,-15.38,-20.0,1061.96,80.96,979.22,0.0827,1.3,20.0,dapi,1
BMPR1A_KD,30min,10x-1,1348,961.1,462.4,71,-15.38,-20.0,1051.61,70.61,994.07,0.071,1.3,20.0,dapi,1
BMPR1A_KD,30min,10x-1,1349,959.7,355.3,36,-15.38,-20.0,1084.83,103.83,1039.36,0.0999,1.3,20.0,dapi,1
BMPR1A_KD,30min,10x-1,1350,960.9,745.8,88,-15.38,-20.0,1030.66,49.66,1037.1,0.0479,1.3,20.0,dapi,1
BMPR1A_KD,30min,10x-1,1351,962.5,427.3,66,-15.38,-20.0,1080.64,99.64,891.85,0.1117,1.3,20.0,dapi,1
BMPR1A_KD,30min,10x-1,1352,964.5,609.4,99,-15.38,-20.0,1034.69,53.69,995.3,0.0539,1.3,20.0,dapi,1
BMPR1A_KD,30min,10x-1,1353,963.8,670.9,73,-15.38,-20.0,1055.78,74.78,1069.38,0.0699,1.3,20.0,dapi,1
BMPR1A_KD,30min,10x-1,1354,965.4,626.4,94,-15.38,-20.0,1064.73,83.73,1037.56,0.0807,1.3,20.0,dapi,1
BMPR1A_KD,30min,10x-1,1355,967.8,471.0,89,-15.38,-20.0,1066.11,85.11,1017.81,0.0836,1.3,20.0,dapi,1
BMPR1A_KD,30min,10x-1,1356,966.9,576.0,96,-15.38,-20.0,1041.33,60.33,941.99,0.064,1.3,20.0,dapi,1
BMPR1A_KD,30min,10x-1,1357,966.4,648.0,101,-15.38,-20.0,1039.57,58.57,1039.07,0.0564,1.3,20.0,dapi,1
BMPR1A_KD,30min,10x-1,1358,967.3,735.8,91,-15.38,-20.0,1071.41,90.41,1151.03,0.0785,1.3,20.0,dapi,1
BMPR1A_KD,30min,10x-1,1359,966.7,354.4,74,-15.38,-20.0,1114.95,133.95,1152.38,0.1162,1.3,20.0,dapi,1
BMPR1A_KD,30min,10x-1,1360,968.6,547.2,99,-15.38,-20.0,1037.59,56.59,953.27,0.0594,1.3,20.0,dapi,1
BMPR1A_KD,30min,10x-1,1361,968.5,662.4,96,-15.38,-20.0,1039.82,58.82,1039.35,0.0566,1.3,20.0,dapi,1
BMPR1A_KD,30min,10x-1,1362,968.4,412.1,80,-15.38,-20.0,1072.6,91.6,1043.83,0.0878,1.3,20.0,dapi,1
BMPR1A_KD,30min,10x-1,1363,968.0,446.1,76,-15.38,-20.0,1045.49,64.49,1029.25,0.0627,1.3,20.0,dapi,1
BMPR1A_KD,30min,10x-1,1364,969.6,531.9,106,-15.38,-20.0,1181.35,200.35,970.2,0.2065,1.3,20.0,dapi,1
BMPR1A_KD,30min,10x-1,1365,970.3,585.4,108,-15.38,-20.0,1053.38,72.38,996.94,0.0726,1.3,20.0,dapi,1
BMPR1A_KD,30min,10x-1,1366,968.6,618.0,73,-15.38,-20.0,1054.45,73.45,1021.27,0.0719,1.3,20.0,dapi,1
BMPR1A_KD,30min,10x-1,1367,967.7,700.5,58,-15.38,-20.0,1066.64,85.64,877.38,0.0976,1.3,20.0,dapi,1
BMPR1A_KD,30min,10x-1,1368,969.5,393.2,86,-15.38,-20.0,1097.77,116.77,1128.98,0.1034,1.3,20.0,dapi,1
BMPR1A_KD,30min,10x-1,1369,971.3,486.4,106,-15.38,-20.0,1015.05,34.05,942.9,0.0361,1.3,20.0,dapi,1
BMPR1A_KD,30min,10x-1,1370,969.2,681.5,56,-15.38,-20.0,1037.98,56.98,956.59,0.0596,1.3,20.0,dapi,1
BMPR1A_KD,30min,10x-1,1371,971.2,720.3,98,-15.38,-20.0,1053.95,72.95,999.46,0.073,1.3,20.0,dapi,1
BMPR1A_KD,30min,10x-1,1372,973.5,689.7,102,-15.38,-20.0,1032.76,51.76,997.48,0.0519,1.3,20.0,dapi,1
BMPR1A_KD,30min,10x-1,1373,972.9,436.4,51,-15.38,-20.0,1068.9,87.9,974.76,0.0902,1.3,20.0,dapi,1
BMPR1A_KD,30min,10x-1,1374,973.0,459.1,60,-15.38,-20.0,1061.28,80.28,894.78,0.0897,1.3,20.0,dapi,1
BMPR1A_KD,30min,10x-1,1375,975.5,518.3,185,-15.38,-20.0,1038.96,57.96,890.92,0.0651,1.3,20.0,dapi,1
BMPR1A_KD,30min,10x-1,1376,974.0,637.0,85,-15.38,-20.0,1030.94,49.94,1078.84,0.0463,1.3,20.0,dapi,1
BMPR1A_KD,30min,10x-1,1377,973.9,378.3,94,-15.38,-20.0,1155.31,174.31,1167.68,0.1493,1.3,20.0,dapi,1
BMPR1A_KD,30min,10x-1,1378,973.5,418.8,48,-15.38,-20.0,1051.44,70.44,993.0,0.0709,1.3,20.0,dapi,1
BMPR1A_KD,30min,10x-1,1379,975.7,566.0,61,-15.38,-20.0,1025.56,44.56,1212.25,0.0368,1.3,20.0,dapi,1
BMPR1A_KD,30min,10x-1,1380,976.9,702.5,97,-15.38,-20.0,1043.29,62.29,967.37,0.0644,1.3,20.0,dapi,1
BMPR1A_KD,30min,10x-1,1381,976.3,365.3,50,-15.38,-20.0,1246.18,265.18,1286.62,0.2061,1.3,20.0,dapi,1
BMPR1A_KD,30min,10x-1,1382,977.2,608.9,50,-15.38,-20.0,1030.52,49.52,909.98,0.0544,1.3,20.0,dapi,1
BMPR1A_KD,30min,10x-1,1383,977.0,651.2,71,-15.38,-20.0,1035.69,54.69,1116.08,0.049,1.3,20.0,dapi,1
BMPR1A_KD,30min,10x-1,1384,979.8,473.4,119,-15.38,-20.0,1057.53,76.53,937.93,0.0816,1.3,20.0,dapi,1
BMPR1A_KD,30min,10x-1,1385,980.1,540.2,122,-15.38,-20.0,1032.84,51.84,900.97,0.0575,1.3,20.0,dapi,1
BMPR1A_KD,30min,10x-1,1386,977.2,596.7,23,-15.38,-20.0,1049.87,68.87,1347.57,0.0511,1.3,20.0,dapi,1
BMPR1A_KD,30min,10x-1,1387,979.9,447.9,87,-15.38,-20.0,1066.8,85.8,1069.6,0.0802,1.3,20.0,dapi,1
BMPR1A_KD,30min,10x-1,1388,979.7,735.8,63,-15.38,-20.0,1033.84,52.84,959.84,0.0551,1.3,20.0,dapi,1
BMPR1A_KD,30min,10x-1,1389,979.7,632.4,57,-15.38,-20.0,1045.86,64.86,929.58,0.0698,1.3,20.0,dapi,1
BMPR1A_KD,30min,10x-1,1390,981.1,660.0,94,-15.38,-20.0,1046.64,65.64,1074.02,0.0611,1.3,20.0,dapi,1
BMPR1A_KD,30min,10x-1,1391,979.9,673.4,48,-15.38,-20.0,1044.54,63.54,967.67,0.0657,1.3,20.0,dapi,1
BMPR1A_KD,30min,10x-1,1392,981.6,683.9,77,-15.38,-20.0,1041.88,60.88,1079.44,0.0564,1.3,20.0,dapi,1
BMPR1A_KD,30min,10x-1,1393,979.5,715.4,54,-15.38,-20.0,1046.31,65.31,878.91,0.0743,1.3,20.0,dapi,1
BMPR1A_KD,30min,10x-1,1394,982.8,394.1,95,-15.38,-20.0,1100.75,119.75,1182.04,0.1013,1.3,20.0,dapi,1
BMPR1A_KD,30min,10x-1,1395,981.7,416.3,76,-15.38,-20.0,1055.01,74.01,1139.24,0.065,1.3,20.0,dapi,1
BMPR1A_KD,30min,10x-1,1396,983.2,364.4,81,-15.38,-20.0,1369.43,388.43,1222.21,0.3178,1.3,20.0,dapi,1
BMPR1A_KD,30min,10x-1,1397,983.6,379.4,78,-15.38,-20.0,1267.68,286.68,1126.51,0.2545,1.3,20.0,dapi,1
BMPR1A_KD,30min,10x-1,1398,983.9,491.4,54,-15.38,-20.0,1021.52,40.52,882.54,0.0459,1.3,20.0,dapi,1
BMPR1A_KD,30min,10x-1,1399,985.1,615.1,72,-15.38,-20.0,1045.25,64.25,974.04,0.066,1.3,20.0,dapi,1
BMPR1A_KD,30min,10x-1,1400,984.7,624.5,82,-15.38,-20.0,1043.59,62.59,1141.33,0.0548,1.3,20.0,dapi,1
BMPR1A_KD,30min,10x-1,1401,985.0,436.2,79,-15.38,-20.0,1100.23,119.23,1125.56,0.1059,1.3,20.0,dapi,1
BMPR1A_KD,30min,10x-1,1402,985.2,668.7,41,-15.38,-20.0,1036.85,55.85,1191.37,0.0469,1.3,20.0,dapi,1
BMPR1A_KD,30min,10x-1,1403,986.5,457.6,87,-15.38,-20.0,1054.21,73.21,1075.33,0.0681,1.3,20.0,dapi,1
BMPR1A_KD,30min,10x-1,1404,986.7,554.4,88,-15.38,-20.0,1031.33,50.33,1023.91,0.0492,1.3,20.0,dapi,1
BMPR1A_KD,30min,10x-1,1405,987.4,587.8,100,-15.38,-20.0,1030.79,49.79,918.9,0.0542,1.3,20.0,dapi,1
BMPR1A_KD,30min,10x-1,1406,989.0,710.2,111,-15.38,-20.0,1014.86,33.86,933.2,0.0363,1.3,20.0,dapi,1
BMPR1A_KD,30min,10x-1,1407,987.3,426.5,69,-15.38,-20.0,1065.8,84.8,1090.45,0.0778,1.3,20.0,dapi,1
BMPR1A_KD,30min,10x-1,1408,988.8,699.8,91,-15.38,-20.0,1047.35,66.35,1036.43,0.064,1.3,20.0,dapi,1
BMPR1A_KD,30min,10x-1,1409,989.9,502.1,65,-15.38,-20.0,1030.0,49.0,806.26,0.0608,1.3,20.0,dapi,1
BMPR1A_KD,30min,10x-1,1410,989.1,654.7,52,-15.38,-20.0,1050.88,69.88,1018.94,0.0686,1.3,20.0,dapi,1
BMPR1A_KD,30min,10x-1,1411,991.7,484.6,96,-15.38,-20.0,1046.31,65.31,983.24,0.0664,1.3,20.0,dapi,1
BMPR1A_KD,30min,10x-1,1412,990.8,608.7,75,-15.38,-20.0,1044.43,63.43,930.36,0.0682,1.3,20.0,dapi,1
BMPR1A_KD,30min,10x-1,1413,991.2,389.1,76,-15.38,-20.0,1125.88,144.88,1184.26,0.1223,1.3,20.0,dapi,1
BMPR1A_KD,30min,10x-1,1414,991.0,633.1,61,-15.38,-20.0,1023.36,42.36,938.21,0.0452,1.3,20.0,dapi,1
BMPR1A_KD,30min,10x-1,1415,991.7,641.4,57,-15.38,-20.0,1039.49,58.49,923.32,0.0633,1.3,20.0,dapi,1
BMPR1A_KD,30min,10x-1,1416,992.4,365.4,88,-15.38,-20.0,1328.82,347.82,1166.26,0.2982,1.3,20.0,dapi,1
BMPR1A_KD,30min,10x-1,1417,993.1,545.4,83,-15.38,-20.0,1026.52,45.52,1071.41,0.0425,1.3,20.0,dapi,1
BMPR1A_KD,30min,10x-1,1418,994.1,473.7,78,-15.38,-20.0,1048.85,67.85,1017.94,0.0667,1.3,20.0,dapi,1
BMPR1A_KD,30min,10x-1,1419,994.9,579.4,83,-15.38,-20.0,1025.34,44.34,925.86,0.0479,1.3,20.0,dapi,1
BMPR1A_KD,30min,10x-1,1420,993.3,620.9,74,-15.38,-20.0,1054.34,73.34,1082.28,0.0678,1.3,20.0,dapi,1
BMPR1A_KD,30min,10x-1,1421,994.4,444.5,87,-15.38,-20.0,1061.33,80.33,1045.36,0.0768,1.3,20.0,dapi,1
BMPR1A_KD,30min,10x-1,1422,995.8,650.3,93,-15.38,-20.0,1028.37,47.37,1052.32,0.045,1.3,20.0,dapi,1
BMPR1A_KD,30min,10x-1,1423,996.1,425.8,83,-15.38,-20.0,1072.78,91.78,1115.64,0.0823,1.3,20.0,dapi,1
BMPR1A_KD,30min,10x-1,1424,994.2,685.2,52,-15.38,-20.0,1054.1,73.1,1478.85,0.0494,1.3,20.0,dapi,1
BMPR1A_KD,30min,10x-1,1425,996.7,465.1,84,-15.38,-20.0,1064.88,83.88,1135.24,0.0739,1.3,20.0,dapi,1
BMPR1A_KD,30min,10x-1,1426,997.0,512.3,98,-15.38,-20.0,1082.73,101.73,922.97,0.1102,1.3,20.0,dapi,1
BMPR1A_KD,30min,10x-1,1427,998.6,695.4,80,-15.38,-20.0,1054.67,73.67,1073.33,0.0686,1.3,20.0,dapi,1
BMPR1A_KD,30min,10x-1,1428,996.7,397.1,72,-15.38,-20.0,1110.28,129.28,1189.43,0.1087,1.3,20.0,dapi,1
BMPR1A_KD,30min,10x-1,1429,997.7,530.2,101,-15.38,-20.0,1018.84,37.84,913.23,0.0414,1.3,20.0,dapi,1
BMPR1A_KD,30min,10x-1,1430,997.9,373.5,104,-15.38,-20.0,1907.38,926.38,1325.72,0.6988,1.3,20.0,dapi,1
BMPR1A_KD,30min,10x-1,1431,999.9,599.1,100,-15.38,-20.0,1043.85,62.85,1003.33,0.0626,1.3,20.0,dapi,1
BMPR1A_KD,30min,10x-1,1432,998.6,414.7,51,-15.38,-20.0,1092.0,111.0,1116.92,0.0994,1.3,20.0,dapi,1
BMPR1A_KD,30min,10x-1,1433,998.9,456.7,54,-15.38,-20.0,1063.46,82.46,984.83,0.0837,1.3,20.0,dapi,1
BMPR1A_KD,30min,10x-1,1434,1004.0,383.3,107,-15.38,-20.0,1129.64,148.64,1333.48,0.1115,1.3,20.0,dapi,1
BMPR1A_KD,30min,10x-1,1435,1002.0,616.1,43,-15.38,-20.0,1027.67,46.67,1058.88,0.0441,1.3,20.0,dapi,1
BMPR1A_KD,30min,10x-1,1436,1002.4,704.0,71,-15.38,-20.0,1011.49,30.49,954.69,0.0319,1.3,20.0,dapi,1
BMPR1A_KD,30min,10x-1,1437,1004.3,495.6,99,-15.38,-20.0,1023.25,42.25,980.18,0.0431,1.3,20.0,dapi,1
BMPR1A_KD,30min,10x-1,1438,1004.5,572.3,93,-15.38,-20.0,1019.89,38.89,905.16,0.043,1.3,20.0,dapi,1
BMPR1A_KD,30min,10x-1,1439,1006.0,607.2,91,-15.38,-20.0,1086.0,105.0,1057.22,0.0993,1.3,20.0,dapi,1
BMPR1A_KD,30min,10x-1,1440,1003.6,626.5,52,-15.38,-20.0,1086.9,105.9,939.48,0.1127,1.3,20.0,dapi,1
BMPR1A_KD,30min,10x-1,1441,1005.1,656.5,86,-15.38,-20.0,1038.02,57.02,1031.02,0.0553,1.3,20.0,dapi,1
BMPR1A_KD,30min,10x-1,1442,1005.1,432.6,56,-15.38,-20.0,1075.91,94.91,977.7,0.0971,1.3,20.0,dapi,1
BMPR1A_KD,30min,10x-1,1443,1007.2,442.5,103,-15.38,-20.0,1071.41,90.41,1045.77,0.0865,1.3,20.0,dapi,1
BMPR1A_KD,30min,10x-1,1444,1007.5,505.0,114,-15.38,-20.0,1025.03,44.03,968.86,0.0454,1.3,20.0,dapi,1
BMPR1A_KD,30min,10x-1,1445,1005.1,644.1,65,-15.38,-20.0,1054.74,73.74,1067.92,0.069,1.3,20.0,dapi,1
BMPR1A_KD,30min,10x-1,1446,1008.7,395.2,121,-15.38,-20.0,1121.29,140.29,1361.93,0.103,1.3,20.0,dapi,1
BMPR1A_KD,30min,10x-1,1447,1005.0,405.7,37,-15.38,-20.0,1098.62,117.62,1218.11,0.0966,1.3,20.0,dapi,1
BMPR1A_KD,30min,10x-1,1448,1006.6,421.2,99,-15.38,-20.0,1067.06,86.06,1104.1,0.0779,1.3,20.0,dapi,1
BMPR1A_KD,30min,10x-1,1449,1006.4,476.2,69,-15.38,-20.0,1049.12,68.12,1121.77,0.0607,1.3,20.0,dapi,1
BMPR1A_KD,30min,10x-1,1450,1008.2,559.1,114,-15.38,-20.0,1074.01,93.01,929.6,0.1001,1.3,20.0,dapi,1
BMPR1A_KD,30min,10x-1,1451,1008.8,592.0,80,-15.38,-20.0,1033.91,52.91,1049.38,0.0504,1.3,20.0,dapi,1
BMPR1A_KD,30min,10x-1,1452,1009.5,544.4,102,-15.38,-20.0,1012.77,31.77,920.64,0.0345,1.3,20.0,dapi,1
BMPR1A_KD,30min,10x-1,1453,1009.0,636.3,76,-15.38,-20.0,1044.68,63.68,1123.29,0.0567,1.3,20.0,dapi,1
BMPR1A_KD,30min,10x-1,1454,1010.0,452.0,41,-15.38,-20.0,1068.05,87.05,1027.15,0.0847,1.3,20.0,dapi,1
BMPR1A_KD,30min,10x-1,1455,1011.5,530.0,95,-15.38,-20.0,1043.61,62.61,892.98,0.0701,1.3,20.0,dapi,1
BMPR1A_KD,30min,10x-1,1456,1013.9,460.2,111,-15.38,-20.0,1060.17,79.17,1026.72,0.0771,1.3,20.0,dapi,1
BMPR1A_KD,30min,10x-1,1457,1014.3,656.2,120,-15.38,-20.0,1079.88,98.88,1061.54,0.0931,1.3,20.0,dapi,1
BMPR1A_KD,30min,10x-1,1458,1014.8,617.8,96,-15.38,-20.0,1052.69,71.69,1014.93,0.0706,1.3,20.0,dapi,1
BMPR1A_KD,30min,10x-1,1459,1013.8,384.8,58,-15.38,-20.0,1267.05,286.05,1291.62,0.2215,1.3,20.0,dapi,1
BMPR1A_KD,30min,10x-1,1460,1017.3,579.7,110,-15.38,-20.0,1024.36,43.36,980.77,0.0442,1.3,20.0,dapi,1
BMPR1A_KD,30min,10x-1,1461,1016.7,498.5,50,-15.38,-20.0,1024.48,43.48,875.72,0.0497,1.3,20.0,dapi,1
BMPR1A_KD,30min,10x-1,1462,1017.0,628.6,90,-15.38,-20.0,1048.64,67.64,1069.49,0.0632,1.3,20.0,dapi,1
BMPR1A_KD,30min,10x-1,1463,1018.2,468.4,85,-15.38,-20.0,1039.33,58.33,1088.0,0.0536,1.3,20.0,dapi,1
BMPR1A_KD,30min,10x-1,1464,1017.8,512.8,64,-15.38,-20.0,1020.05,39.05,851.92,0.0458,1.3,20.0,dapi,1
BMPR1A_KD,30min,10x-1,1465,1018.0,410.9,78,-15.38,-20.0,1107.73,126.73,1182.87,0.1071,1.3,20.0,dapi,1
BMPR1A_KD,30min,10x-1,1466,1017.0,425.1,50,-15.38,-20.0,1089.56,108.56,999.1,0.1087,1.3,20.0,dapi,1
BMPR1A_KD,30min,10x-1,1467,1019.0,488.7,59,-15.38,-20.0,1014.37,33.37,821.97,0.0406,1.3,20.0,dapi,1
BMPR1A_KD,30min,10x-1,1468,1020.3,522.0,83,-15.38,-20.0,1003.95,22.95,943.49,0.0243,1.3,20.0,dapi,1
BMPR1A_KD,30min,10x-1,1469,1021.5,640.6,48,-15.38,-20.0,1064.1,83.1,1116.77,0.0744,1.3,20.0,dapi,1
BMPR1A_KD,30min,10x-1,1470,1021.6,648.4,48,-15.38,-20.0,1047.38,66.38,1232.27,0.0539,1.3,20.0,dapi,1
BMPR1A_KD,30min,10x-1,1471,1022.1,396.2,51,-15.38,-20.0,1273.9,292.9,1079.76,0.2713,1.3,20.0,dapi,1
BMPR1A_KD,30min,10x-1,1472,1021.7,433.5,40,-15.38,-20.0,1060.95,79.95,895.92,0.0892,1.3,20.0,dapi,1
BMPR1A_KD,30min,10x-1,1473,1021.9,543.0,58,-15.38,-20.0,1064.71,83.71,965.72,0.0867,1.3,20.0,dapi,1
BMPR1A_KD,30min,10x-1,1474,1022.6,608.0,40,-15.38,-20.0,1046.65,65.65,1029.9,0.0637,1.3,20.0,dapi,1
BMPR1A_KD,30min,10x-1,1475,1022.8,555.3,33,-15.38,-20.0,982.03,1.03,962.12,0.0011,1.3,20.0,dapi,1
BMPR1A_KD,30min,10x-1,1476,1023.2,477.0,17,-15.38,-20.0,1047.06,66.06,887.41,0.0744,1.3,20.0,dapi,1
BMPR1A_KD,no_BMP,10x-1,1,14.9,374.6,141,36.82,47.86,1366.9,309.9,1348.36,0.2298,1.3,20.0,dapi,1
BMPR1A_KD,no_BMP,10x-1,2,24.3,439.5,103,7.18,9.33,1312.84,255.84,1159.5,0.2206,1.3,20.0,dapi,1
BMPR1A_KD,no_BMP,10x-1,3,28.4,392.8,61,42.32,55.02,1389.95,332.95,1318.84,0.2525,1.3,20.0,dapi,1
BMPR1A_KD,no_BMP,10x-1,4,30.8,385.5,87,50.8,66.05,1403.23,346.23,1392.89,0.2486,1.3,20.0,dapi,1
BMPR1A_KD,no_BMP,10x-1,5,30.5,425.8,72,18.45,23.99,1361.93,304.93,1290.99,0.2362,1.3,20.0,dapi,1
BMPR1A_KD,no_BMP,10x-1,6,30.0,447.9,69,6.55,8.51,1328.81,271.81,1080.17,0.2516,1.3,20.0,dapi,1
BMPR1A_KD,no_BMP,10x-1,7,34.9,458.8,42,5.99,7.79,1310.88,253.88,1197.0,0.2121,1.3,20.0,dapi,1
BMPR1A_KD,no_BMP,10x-1,8,35.5,467.2,68,6.2,8.06,1301.84,244.84,1253.99,0.1952,1.3,20.0,dapi,1
BMPR1A_KD,no_BMP,10x-1,9,36.8,364.8,84,39.1,50.84,1377.13,320.13,1437.11,0.2228,1.3,20.0,dapi,1
BMPR1A_KD,no_BMP,10x-1,10,39.7,417.2,77,31.82,41.36,1354.4,297.4,1319.04,0.2255,1.3,20.0,dapi,1
BMPR1A_KD,no_BMP,10x-1,11,37.9,480.6,102,6.09,7.91,1303.22,246.22,1099.15,0.224,1.3,20.0,dapi,1
BMPR1A_KD,no_BMP,10x-1,12,39.3,450.2,50,12.79,16.63,1343.54,286.54,1187.26,0.2413,1.3,20.0,dapi,1
BMPR1A_KD,no_BMP,10x-1,13,44.0,436.4,147,24.98,32.47,1359.95,302.95,1141.73,0.2653,1.3,20.0,dapi,1
BMPR1A_KD,no_BMP,10x-1,14,45.8,409.1,122,41.47,53.91,1349.05,292.05,1261.85,0.2314,1.3,20.0,dapi,1
BMPR1A_KD,no_BMP,10x-1,15,41.4,425.0,45,28.44,36.98,1355.29,298.29,1114.69,0.2676,1.3,20.0,dapi,1
BMPR1A_KD,no_BMP,10x-1,16,42.5,392.4,48,51.46,66.9,1345.69,288.69,1087.92,0.2654,1.3,20.0,dapi,1
BMPR1A_KD,no_BMP,10x-1,17,47.1,446.7,95,21.29,27.68,1360.56,303.56,1224.93,0.2478,1.3,20.0,dapi,1
BMPR1A_KD,no_BMP,10x-1,18,44.7,496.6,67,5.83,7.58,1286.24,229.24,1299.73,0.1764,1.3,20.0,dapi,1
BMPR1A_KD,no_BMP,10x-1,19,46.3,359.8,81,42.42,55.14,1379.27,322.27,1314.53,0.2452,1.3,20.0,dapi,1
BMPR1A_KD,no_BMP,10x-1,20,45.3,474.1,56,13.68,17.79,1332.09,275.09,1124.14,0.2447,1.3,20.0,dapi,1
BMPR1A_KD,no_BMP,10x-1,21,46.0,462.0,83,16.63,21.62,1325.7,268.7,1141.13,0.2355,1.3,20.0,dapi,1
BMPR1A_KD,no_BMP,10x-1,22,48.0,294.6,88,7.87,10.24,1309.19,252.19,1152.9,0.2187,1.3,20.0,dapi,1
BMPR1A_KD,no_BMP,10x-1,23,47.5,398.1,47,49.67,64.57,1346.77,289.77,1083.57,0.2674,1.3,20.0,dapi,1
BMPR1A_KD,no_BMP,10x-1,24,51.3,487.1,96,14.35,18.65,1320.16,263.16,1109.1,0.2373,1.3,20.0,dapi,1
BMPR1A_KD,no_BMP,10x-1,25,49.3,316.8,37,21.41,27.84,1351.08,294.08,1236.35,0.2379,1.3,20.0,dapi,1
BMPR1A_KD,no_BMP,10x-1,26,50.6,341.0,65,38.07,49.49,1359.78,302.78,1242.54,0.2437,1.3,20.0,dapi,1
BMPR1A_KD,no_BMP,10x-1,27,49.3,504.6,28,3.85,5.01,1299.43,242.43,1098.43,0.2207,1.3,20.0,dapi,1
BMPR1A_KD,no_BMP,10x-1,28,52.6,515.1,66,4.84,6.29,1318.03,261.03,1001.55,0.2606,1.3,20.0,dapi,1
BMPR1A_KD,no_BMP,10x-1,29,53.5,584.6,100,5.23,6.8,1290.01,233.01,1097.5,0.2123,1.3,20.0,dapi,1
BMPR1A_KD,no_BMP,10x-1,30,51.5,603.9,64,4.72,6.13,1256.41,199.41,1045.47,0.1907,1.3,20.0,dapi,1
BMPR1A_KD,no_BMP,10x-1,31,52.0,332.8,40,35.7,46.41,1339.92,282.92,1203.17,0.2351,1.3,20.0,dapi,1
BMPR1A_KD,no_BMP,10x-1,32,56.1,575.4,82,7.09,9.21,1298.09,241.09,1134.45,0.2125,1.3,20.0,dapi,1
BMPR1A_KD,no_BMP,10x-1,33,54.3,596.0,65,5.83,7.58,1274.14,217.14,1125.69,0.1929,1.3,20.0,dapi,1
BMPR1A_KD,no_BMP,10x-1,34,52.8,476.0,39,21.24,27.61,1329.82,272.82,1064.51,0.2563,1.3,20.0,dapi,1
BMPR1A_KD,no_BMP,10x-1,35,54.7,617.0,77,6.64,8.63,1288.56,231.56,1307.96,0.177,1.3,20.0,dapi,1
BMPR1A_KD,no_BMP,10x-1,36,55.4,625.6,80,5.83,7.58,1278.86,221.86,1218.46,0.1821,1.3,20.0,dapi,1
BMPR1A_KD,no_BMP,10x-1,37,57.2,386.1,115,65.24,84.81,1334.32,277.32,1351.41,0.2052,1.3,20.0,dapi,1
BMPR1A_KD,no_BMP,10x-1,38,56.9,468.3,61,26.39,34.31,1334.46,277.46,1089.93,0.2546,1.3,20.0,dapi,1
BMPR1A_KD,no_BMP,10x-1,39,57.7,564.8,92,6.71,8.72,1294.27,237.27,1109.72,0.2138,1.3,20.0,dapi,1
BMPR1A_KD,no_BMP,10x-1,40,57.9,459.3,81,28.8,37.44,1338.46,281.46,1261.86,0.223,1.3,20.0,dapi,1
BMPR1A_KD,no_BMP,10x-1,41,59.2,321.6,86,32.0,41.6,1338.15,281.15,1180.52,0.2382,1.3,20.0,dapi,1
BMPR1A_KD,no_BMP,10x-1,42,59.3,288.4,67,5.64,7.33,1296.13,239.13,1121.82,0.2132,1.3,20.0,dapi,1
BMPR1A_KD,no_BMP,10x-1,43,61.1,302.2,114,19.05,24.77,1331.64,274.64,1274.33,0.2155,1.3,20.0,dapi,1
BMPR1A_KD,no_BMP,10x-1,44,59.1,352.2,65,49.5,64.35,1365.28,308.28,1148.65,0.2684,1.3,20.0,dapi,1
BMPR1A_KD,no_BMP,10x-1,45,60.2,371.6,82,60.83,79.08,1340.28,283.28,1190.34,0.238,1.3,20.0,dapi,1
BMPR1A_KD,no_BMP,10x-1,46,58.6,500.6,60,14.58,18.96,1331.1,274.1,1204.57,0.2276,1.3,20.0,dapi,1
BMPR1A_KD,no_BMP,10x-1,47,60.4,536.1,69,6.46,8.39,1312.03,255.03,1320.74,0.1931,1.3,20.0,dapi,1
BMPR1A_KD,no_BMP,10x-1,48,60.3,554.2,64,6.46,8.39,1296.38,239.38,1337.3,0.179,1.3,20.0,dapi,1
BMPR1A_KD,no_BMP,10x-1,49,59.8,693.0,93,5.64,7.33,1256.18,199.18,1101.29,0.1809,1.3,20.0,dapi,1
BMPR1A_KD,no_BMP,10x-1,50,62.9,443.0,121,37.54,48.8,1360.9,303.9,1262.95,0.2406,1.3,20.0,dapi,1
BMPR1A_KD,no_BMP,10x-1,51,60.1,518.8,79,8.78,11.42,1332.68,275.68,1163.78,0.2369,1.3,20.0,dapi,1
BMPR1A_KD,no_BMP,10x-1,52,61.0,528.1,73,7.64,9.93,1311.6,254.6,1275.49,0.1996,1.3,20.0,dapi,1
BMPR1A_KD,no_BMP,10x-1,53,58.2,602.6,32,10.79,14.02,1297.59,240.59,1277.91,0.1883,1.3,20.0,dapi,1
BMPR1A_KD,no_BMP,10x-1,54,61.4,411.3,78,52.71,68.52,1333.44,276.44,1082.82,0.2553,1.3,20.0,dapi,1
BMPR1A_KD,no_BMP,10x-1,55,62.1,429.0,121,43.44,56.47,1356.59,299.59,1077.07,0.2781,1.3,20.0,dapi,1
BMPR1A_KD,no_BMP,10x-1,56,61.5,477.9,68,27.1,35.23,1335.22,278.22,1368.75,0.2033,1.3,20.0,dapi,1
BMPR1A_KD,no_BMP,10x-1,57,61.9,609.4,75,13.68,17.79,1279.88,222.88,1295.41,0.1721,1.3,20.0,dapi,1
BMPR1A_KD,no_BMP,10x-1,58,61.8,331.2,51,40.52,52.67,1331.71,274.71,1205.31,0.2279,1.3,20.0,dapi,1
BMPR1A_KD,no_BMP,10x-1,59,62.4,678.7,85,4.84,6.29,1265.41,208.41,1115.44,0.1868,1.3,20.0,dapi,1
BMPR1A_KD,no_BMP,10x-1,60,63.9,704.8,65,6.09,7.91,1278.62,221.62,1316.35,0.1684,1.3,20.0,dapi,1
BMPR1A_KD,no_BMP,10x-1,61,64.1,454.9,57,35.25,45.83,1345.02,288.02,1193.67,0.2413,1.3,20.0,dapi,1
BMPR1A_KD,no_BMP,10x-1,62,67.5,483.9,110,31.46,40.89,1364.18,307.18,1221.32,0.2515,1.3,20.0,dapi,1
BMPR1A_KD,no_BMP,10x-1,63,63.5,543.8,63,8.62,11.2,1304.46,247.46,1253.83,0.1974,1.3,20.0,dapi,1
BMPR1A_KD,no_BMP,10x-1,64,64.1,634.2,71,7.87,10.24,1286.11,229.11,1170.48,0.1957,1.3,20.0,dapi,1
BMPR1A_KD,no_BMP,10x-1,65,63.6,311.6,43,29.39,38.21,1337.84,280.84,1160.7,0.242,1.3,20.0,dapi,1
BMPR1A_KD,no_BMP,10x-1,66,65.5,585.2,90,17.0,22.1,1329.01,272.01,1204.33,0.2259,1.3,20.0,dapi,1
BMPR1A_KD,no_BMP,10x-1,67,65.4,641.2,71,6.09,7.91,1265.59,208.59,1044.68,0.1997,1.3,20.0,dapi,1
BMPR1A_KD,no_BMP,10x-1,68,65.0,338.2,60,47.74,62.06,1343.98,286.98,1225.53,0.2342,1.3,20.0,dapi,1
BMPR1A_KD,no_BMP,10x-1,69,64.0,346.3,60,51.97,67.56,1353.3,296.3,1202.55,0.2464,1.3,20.0,dapi,1
BMPR1A_KD,no_BMP,10x-1,70,69.1,468.0,162,38.22,49.68,1344.15,287.15,1207.21,0.2379,1.3,20.0,dapi,1
BMPR1A_KD,no_BMP,10x-1,71,67.7,593.8,74,19.63,25.52,1306.09,249.09,1346.54,0.185,1.3,20.0,dapi,1
BMPR1A_KD,no_BMP,10x-1,72,68.4,626.6,91,14.85,19.3,1301.65,244.65,1316.62,0.1858,1.3,20.0,dapi,1
BMPR1A_KD,no_BMP,10x-1,73,68.9,696.5,75,13.74,17.86,1305.97,248.97,1357.05,0.1835,1.3,20.0,dapi,1
BMPR1A_KD,no_BMP,10x-1,74,67.0,383.2,83,73.23,95.2,1320.43,263.43,1208.53,0.218,1.3,20.0,dapi,1
BMPR1A_KD,no_BMP,10x-1,75,67.5,403.8,71,61.47,79.91,1330.83,273.83,1366.7,0.2004,1.3,20.0,dapi,1
BMPR1A_KD,no_BMP,10x-1,76,68.2,653.2,43,4.72,6.13,1234.95,177.95,1124.09,0.1583,1.3,20.0,dapi,1
BMPR1A_KD,no_BMP,10x-1,77,69.2,662.2,65,4.72,6.13,1261.77,204.77,983.6,0.2082,1.3,20.0,dapi,1
BMPR1A_KD,no_BMP,10x-1,78,71.5,277.9,97,5.5,7.14,1291.0,234.0,1019.21,0.2296,1.3,20.0,dapi,1
BMPR1A_KD,no_BMP,10x-1,79,69.3,287.6,99,11.49,14.93,1325.53,268.53,1148.91,0.2337,1.3,20.0,dapi,1
BMPR1A_KD,no_BMP,10x-1,80,67.8,361.0,72,61.56,80.02,1318.89,261.89,1122.43,0.2333,1.3,20.0,dapi,1
BMPR1A_KD,no_BMP,10x-1,81,68.7,374.5,50,69.83,90.77,1326.46,269.46,1130.86,0.2383,1.3,20.0,dapi,1
BMPR1A_KD,no_BMP,10x-1,82,67.6,492.7,24,26.29,34.18,1380.96,323.96,1540.25,0.2103,1.3,20.0,dapi,1
BMPR1A_KD,no_BMP,10x-1,83,70.1,517.5,68,18.45,23.99,1360.51,303.51,1110.19,0.2734,1.3,20.0,dapi,1
BMPR1A_KD,no_BMP,10x-1,84,68.9,555.2,50,15.42,20.05,1335.7,278.7,1140.86,0.2443,1.3,20.0,dapi,1
BMPR1A_KD,no_BMP,10x-1,85,69.9,616.6,84,21.63,28.12,1289.61,232.61,1191.58,0.1952,1.3,20.0,dapi,1
BMPR1A_KD,no_BMP,10x-1,86,72.0,645.7,88,10.25,13.32,1260.12,203.12,1217.47,0.1668,1.3,20.0,dapi,1
BMPR1A_KD,no_BMP,10x-1,87,68.7,506.9,22,22.26,28.94,1357.18,300.18,1531.0,0.1961,1.3,20.0,dapi,1
BMPR1A_KD,no_BMP,10x-1,88,70.6,686.7,69,14.77,19.19,1296.87,239.87,1339.71,0.179,1.3,20.0,dapi,1
BMPR1A_KD,no_BMP,10x-1,89,72.4,427.1,75,52.88,68.74,1339.93,282.93,1244.84,0.2273,1.3,20.0,dapi,1
BMPR1A_KD,no_BMP,10x-1,90,72.5,499.1,76,27.34,35.54,1338.79,281.79,1471.71,0.1915,1.3,20.0,dapi,1
BMPR1A_KD,no_BMP,10x-1,91,71.0,600.3,45,23.25,30.23,1276.24,219.24,1128.76,0.1942,1.3,20.0,dapi,1
BMPR1A_KD,no_BMP,10x-1,92,72.1,303.6,75,25.96,33.74,1340.27,283.27,1179.33,0.2402,1.3,20.0,dapi,1
BMPR1A_KD,no_BMP,10x-1,93,72.6,314.4,91,35.15,45.7,1317.96,260.96,1272.21,0.2051,1.3,20.0,dapi,1
BMPR1A_KD,no_BMP,10x-1,94,74.1,333.3,83,50.47,65.61,1358.66,301.66,1253.64,0.2406,1.3,20.0,dapi,1
BMPR1A_KD,no_BMP,10x-1,95,73.4,418.4,92,58.82,76.46,1330.59,273.59,1163.2,0.2352,1.3,20.0,dapi,1
BMPR1A_KD,no_BMP,10x-1,96,73.6,446.0,103,46.98,61.07,1360.01,303.01,1112.03,0.2725,1.3,20.0,dapi,1
BMPR1A_KD,no_BMP,10x-1,97,71.9,535.8,44,18.16,23.6,1357.36,300.36,1096.61,0.2739,1.3,20.0,dapi,1
BMPR1A_KD,no_BMP,10x-1,98,72.1,570.0,70,21.29,27.68,1340.04,283.04,1291.54,0.2192,1.3,20.0,dapi,1
BMPR1A_KD,no_BMP,10x-1,99,74.7,709.3,75,10.23,13.3,1263.89,206.89,1275.35,0.1622,1.3,20.0,dapi,1
BMPR1A_KD,no_BMP,10x-1,100,73.0,716.2,48,3.85,5.01,1265.21,208.21,1038.9,0.2004,1.3,20.0,dapi,1
BMPR1A_KD,no_BMP,10x-1,101,74.0,350.8,107,63.05,81.97,1328.78,271.78,1128.32,0.2409,1.3,20.0,dapi,1
BMPR1A_KD,no_BMP,10x-1,102,73.2,543.8,50,18.62,24.2,1366.1,309.1,1122.7,0.2753,1.3,20.0,dapi,1
BMPR1A_KD,no_BMP,10x-1,103,73.2,395.7,42,70.88,92.15,1347.81,290.81,1152.74,0.2523,1.3,20.0,dapi,1
BMPR1A_KD,no_BMP,10x-1,104,74.5,411.0,54,64.01,83.22,1343.37,286.37,1108.63,0.2583,1.3,20.0,dapi,1
BMPR1A_KD,no_BMP,10x-1,105,73.6,435.2,51,50.83,66.08,1341.75,284.75,1097.67,0.2594,1.3,20.0,dapi,1
BMPR1A_KD,no_BMP,10x-1,106,74.9,527.1,75,21.67,28.17,1335.91,278.91,1265.45,0.2204,1.3,20.0,dapi,1
BMPR1A_KD,no_BMP,10x-1,107,76.3,370.1,75,72.94,94.82,1297.65,240.65,1175.67,0.2047,1.3,20.0,dapi,1
BMPR1A_KD,no_BMP,10x-1,108,74.7,558.3,66,21.95,28.54,1349.06,292.06,1401.97,0.2083,1.3,20.0,dapi,1
BMPR1A_KD,no_BMP,10x-1,109,75.5,487.5,36,35.72,46.44,1347.56,290.56,1210.94,0.2399,1.3,20.0,dapi,1
BMPR1A_KD,no_BMP,10x-1,110,74.8,583.1,39,27.19,35.35,1318.05,261.05,1132.44,0.2305,1.3,20.0,dapi,1
BMPR1A_KD,no_BMP,10x-1,111,77.7,652.9,84,14.45,18.78,1284.62,227.62,1178.25,0.1932,1.3,20.0,dapi,1
BMPR1A_KD,no_BMP,10x-1,112,77.4,325.6,68,47.68,61.98,1325.72,268.72,1272.72,0.2111,1.3,20.0,dapi,1
BMPR1A_KD,no_BMP,10x-1,113,77.0,384.7,67,80.66,104.86,1279.48,222.48,1441.42,0.1543,1.3,20.0,dapi,1
BMPR1A_KD,no_BMP,10x-1,114,79.5,592.8,77,31.62,41.1,1299.68,242.68,1156.03,0.2099,1.3,20.0,dapi,1
BMPR1A_KD,no_BMP,10x-1,115,79.3,702.6,64,17.17,22.32,1309.8,252.8,1420.98,0.1779,1.3,20.0,dapi,1
BMPR1A_KD,no_BMP,10x-1,116,79.6,286.2,79,12.69,16.49,1334.35,277.35,1272.67,0.2179,1.3,20.0,dapi,1
BMPR1A_KD,no_BMP,10x-1,117,79.6,397.5,51,76.2,99.06,1335.9,278.9,1310.43,0.2128,1.3,20.0,dapi,1
BMPR1A_KD,no_BMP,10x-1,118,80.0,458.2,87,50.8,66.05,1333.08,276.08,1207.26,0.2287,1.3,20.0,dapi,1
BMPR1A_KD,no_BMP,10x-1,119,81.1,607.9,159,32.71,42.52,1298.27,241.27,1297.28,0.186,1.3,20.0,dapi,1
BMPR1A_KD,no_BMP,10x-1,120,80.6,630.1,124,24.93,32.4,1316.31,259.31,1042.95,0.2486,1.3,20.0,dapi,1
BMPR1A_KD,no_BMP,10x-1,121,80.8,660.4,71,16.62,21.6,1310.73,253.73,1287.61,0.1971,1.3,20.0,dapi,1
BMPR1A_KD,no_BMP,10x-1,122,80.6,695.5,63,23.51,30.57,1306.41,249.41,1553.49,0.1605,1.3,20.0,dapi,1
BMPR1A_KD,no_BMP,10x-1,123,81.4,406.0,70,72.58,94.36,1323.36,266.36,1134.66,0.2347,1.3,20.0,dapi,1
BMPR1A_KD,no_BMP,10x-1,124,80.1,519.4,88,27.79,36.13,1343.97,286.97,1283.26,0.2236,1.3,20.0,dapi,1
BMPR1A_KD,no_BMP,10x-1,125,80.6,573.3,65,30.71,39.93,1326.2,269.2,1415.66,0.1902,1.3,20.0,dapi,1
BMPR1A_KD,no_BMP,10x-1,126,83.0,620.1,77,31.26,40.64,1306.75,249.75,1246.01,0.2004,1.3,20.0,dapi,1
BMPR1A_KD,no_BMP,10x-1,127,82.5,298.2,77,24.81,32.26,1338.71,281.71,1322.38,0.213,1.3,20.0,dapi,1
BMPR1A_KD,no_BMP,10x-1,128,82.4,307.6,76,34.78,45.21,1340.93,283.93,1178.3,0.241,1.3,20.0,dapi,1
BMPR1A_KD,no_BMP,10x-1,129,83.3,357.3,84,73.57,95.64,1301.73,244.73,1309.07,0.1869,1.3,20.0,dapi,1
BMPR1A_KD,no_BMP,10x-1,130,82.3,427.9,61,61.09,79.42,1329.54,272.54,1083.0,0.2517,1.3,20.0,dapi,1
BMPR1A_KD,no_BMP,10x-1,131,82.5,471.5,75,48.69,63.3,1349.48,292.48,1196.05,0.2445,1.3,20.0,dapi,1
BMPR1A_KD,no_BMP,10x-1,132,83.0,580.2,78,34.34,44.65,1325.14,268.14,1304.51,0.2055,1.3,20.0,dapi,1
BMPR1A_KD,no_BMP,10x-1,133,83.2,639.5,58,22.69,29.5,1299.1,242.1,1382.41,0.1751,1.3,20.0,dapi,1
BMPR1A_KD,no_BMP,10x-1,134,83.5,345.5,88,66.65,86.65,1319.88,262.88,1236.06,0.2127,1.3,20.0,dapi,1
BMPR1A_KD,no_BMP,10x-1,135,82.0,480.7,49,44.52,57.88,1324.27,267.27,1137.96,0.2349,1.3,20.0,dapi,1
BMPR1A_KD,no_BMP,10x-1,136,81.8,536.3,44,28.03,36.44,1346.68,289.68,1226.48,0.2362,1.3,20.0,dapi,1
BMPR1A_KD,no_BMP,10x-1,137,83.6,563.3,58,31.69,41.2,1353.79,296.79,1117.5,0.2656,1.3,20.0,dapi,1
BMPR1A_KD,no_BMP,10x-1,138,83.8,681.9,84,25.32,32.92,1330.9,273.9,1374.51,0.1993,1.3,20.0,dapi,1
BMPR1A_KD,no_BMP,10x-1,139,83.3,717.1,68,7.42,9.64,1290.43,233.43,1108.29,0.2106,1.3,20.0,dapi,1
BMPR1A_KD,no_BMP,10x-1,140,84.4,437.2,60,59.29,77.07,1331.52,274.52,1067.62,0.2571,1.3,20.0,dapi,1
BMPR1A_KD,no_BMP,10x-1,141,85.0,322.9,78,48.97,63.66,1342.69,285.69,1225.29,0.2332,1.3,20.0,dapi,1
BMPR1A_KD,no_BMP,10x-1,142,86.0,369.1,90,81.22,105.58,1303.07,246.07,1183.41,0.2079,1.3,20.0,dapi,1
BMPR1A_KD,no_BMP,10x-1,143,85.2,392.8,46,82.56,107.33,1335.35,278.35,1101.96,0.2526,1.3,20.0,dapi,1
BMPR1A_KD,no_BMP,10x-1,144,84.7,277.0,45,4.72,6.13,1299.29,242.29,1020.47,0.2374,1.3,20.0,dapi,1
BMPR1A_KD,no_BMP,10x-1,145,88.7,417.9,94,72.08,93.7,1331.64,274.64,1198.14,0.2292,1.3,20.0,dapi,1
BMPR1A_KD,no_BMP,10x-1,146,89.0,726.9,95,5.88,7.64,1220.12,163.12,1091.16,0.1495,1.3,20.0,dapi,1
BMPR1A_KD,no_BMP,10x-1,147,89.1,446.8,108,61.3,79.69,1318.49,261.49,1115.51,0.2344,1.3,20.0,dapi,1
BMPR1A_KD,no_BMP,10x-1,148,87.4,523.6,48,33.87,44.03,1323.46,266.46,1063.88,0.2505,1.3,20.0,dapi,1
BMPR1A_KD,no_BMP,10x-1,149,89.8,645.1,65,27.79,36.13,1300.55,243.55,1098.95,0.2216,1.3,20.0,dapi,1
BMPR1A_KD,no_BMP,10x-1,150,89.8,535.2,76,36.09,46.92,1328.37,271.37,1380.68,0.1965,1.3,20.0,dapi,1
BMPR1A_KD,no_BMP,10x-1,151,88.7,597.4,65,40.76,52.99,1322.28,265.28,1234.31,0.2149,1.3,20.0,dapi,1
BMPR1A_KD,no_BMP,10x-1,152,90.6,288.8,80,16.76,21.78,1323.95,266.95,1194.45,0.2235,1.3,20.0,dapi,1
BMPR1A_KD,no_BMP,10x-1,153,90.0,463.2,61,59.75,77.67,1292.74,235.74,1238.41,0.1904,1.3,20.0,dapi,1
BMPR1A_KD,no_BMP,10x-1,154,90.2,693.5,60,30.68,39.88,1284.27,227.27,1297.02,0.1752,1.3,20.0,dapi,1
BMPR1A_KD,no_BMP,10x-1,155,90.8,332.5,54,59.68,77.58,1363.83,306.83,1060.59,0.2893,1.3,20.0,dapi,1
BMPR1A_KD,no_BMP,10x-1,156,91.5,473.5,66,55.9,72.67,1313.89,256.89,1144.71,0.2244,1.3,20.0,dapi,1
BMPR1A_KD,no_BMP,10x-1,157,91.5,587.6,77,42.65,55.44,1327.84,270.84,1354.99,0.1999,1.3,20.0,dapi,1
BMPR1A_KD,no_BMP,10x-1,158,91.3,652.0,60,27.37,35.58,1305.65,248.65,1075.35,0.2312,1.3,20.0,dapi,1
BMPR1A_KD,no_BMP,10x-1,159,91.5,276.7,53,4.84,6.29,1281.0,224.0,1064.64,0.2104,1.3,20.0,dapi,1
BMPR1A_KD,no_BMP,10x-1,160,91.5,299.2,78,26.72,34.74,1325.82,268.82,1372.94,0.1958,1.3,20.0,dapi,1
BMPR1A_KD,no_BMP,10x-1,161,92.8,396.8,89,87.5,113.75,1296.27,239.27,1214.38,0.197,1.3,20.0,dapi,1
BMPR1A_KD,no_BMP,10x-1,162,92.6,717.2,74,14.62,19.0,1265.65,208.65,1262.34,0.1653,1.3,20.0,dapi,1
BMPR1A_KD,no_BMP,10x-1,163,93.1,344.1,73,71.07,92.39,1295.92,238.92,1176.53,0.2031,1.3,20.0,dapi,1
BMPR1A_KD,no_BMP,10x-1,164,92.7,355.3,66,79.38,103.19,1284.73,227.73,1059.61,0.2149,1.3,20.0,dapi,1
BMPR1A_KD,no_BMP,10x-1,165,93.9,426.1,86,72.76,94.58,1311.94,254.94,1233.69,0.2067,1.3,20.0,dapi,1
BMPR1A_KD,no_BMP,10x-1,166,93.1,483.3,59,53.04,68.95,1320.92,263.92,1026.75,0.257,1.3,20.0,dapi,1
BMPR1A_KD,no_BMP,10x-1,167,95.4,661.1,80,30.63,39.81,1300.31,243.31,1310.58,0.1857,1.3,20.0,dapi,1
BMPR1A_KD,no_BMP,10x-1,168,94.4,704.0,103,24.44,31.77,1284.97,227.97,1054.66,0.2162,1.3,20.0,dapi,1
BMPR1A_KD,no_BMP,10x-1,169,93.7,741.9,93,4.84,6.29,1207.51,150.51,1023.01,0.1471,1.3,20.0,dapi,1
BMPR1A_KD,no_BMP,10x-1,170,93.1,315.8,65,43.62,56.71,1323.75,266.75,1262.71,0.2113,1.3,20.0,dapi,1
BMPR1A_KD,no_BMP,10x-1,171,94.7,512.9,85,43.82,56.96,1325.39,268.39,1263.31,0.2124,1.3,20.0,dapi,1
BMPR1A_KD,no_BMP,10x-1,172,94.6,573.2,70,44.46,57.79,1310.2,253.2,1428.41,0.1773,1.3,20.0,dapi,1
BMPR1A_KD,no_BMP,10x-1,173,94.9,325.5,57,52.62,68.4,1339.21,282.21,1210.67,0.2331,1.3,20.0,dapi,1
BMPR1A_KD,no_BMP,10x-1,174,96.7,363.5,107,87.85,114.21,1296.27,239.27,1220.96,0.196,1.3,20.0,dapi,1
BMPR1A_KD,no_BMP,10x-1,175,96.8,374.5,111,93.74,121.87,1283.22,226.22,1201.66,0.1883,1.3,20.0,dapi,1
BMPR1A_KD,no_BMP,10x-1,176,96.9,630.4,88,39.62,51.51,1303.82,246.82,1225.09,0.2015,1.3,20.0,dapi,1
BMPR1A_KD,no_BMP,10x-1,177,95.7,435.0,55,71.26,92.64,1309.4,252.4,1107.18,0.228,1.3,20.0,dapi,1
BMPR1A_KD,no_BMP,10x-1,178,96.3,494.0,55,51.67,67.17,1312.96,255.96,1216.76,0.2104,1.3,20.0,dapi,1
BMPR1A_KD,no_BMP,10x-1,179,96.2,543.9,59,41.62,54.1,1318.44,261.44,1126.2,0.2321,1.3,20.0,dapi,1
BMPR1A_KD,no_BMP,10x-1,180,97.6,521.5,64,45.02,58.53,1325.09,268.09,1395.31,0.1921,1.3,20.0,dapi,1
BMPR1A_KD,no_BMP,10x-1,181,97.7,529.7,72,44.62,58.0,1341.4,284.4,1115.97,0.2548,1.3,20.0,dapi,1
BMPR1A_KD,no_BMP,10x-1,182,98.5,580.4,63,48.9,63.57,1327.78,270.78,1207.87,0.2242,1.3,20.0,dapi,1
BMPR1A_KD,no_BMP,10x-1,183,97.8,607.4,70,49.74,64.66,1340.0,283.0,1392.5,0.2032,1.3,20.0,dapi,1
BMPR1A_KD,no_BMP,10x-1,184,98.1,637.3,56,37.76,49.08,1311.54,254.54,1092.07,0.2331,1.3,20.0,dapi,1
BMPR1A_KD,no_BMP,10x-1,185,97.3,677.9,100,35.86,46.62,1308.41,251.41,1186.91,0.2118,1.3,20.0,dapi,1
BMPR1A_KD,no_BMP,10x-1,186,98.7,388.7,76,96.62,125.61,1297.71,240.71,1176.03,0.2047,1.3,20.0,dapi,1
BMPR1A_KD,no_BMP,10x-1,187,99.5,404.8,85,87.52,113.77,1284.18,227.18,1312.93,0.173,1.3,20.0,dapi,1
BMPR1A_KD,no_BMP,10x-1,188,97.3,502.0,40,49.5,64.35,1324.12,267.12,1257.92,0.2124,1.3,20.0,dapi,1
BMPR1A_KD,no_BMP,10x-1,189,100.0,600.6,65,52.09,67.72,1335.97,278.97,1284.78,0.2171,1.3,20.0,dapi,1
BMPR1A_KD,no_BMP,10x-1,190,99.5,615.4,80,48.57,63.14,1299.92,242.92,1309.49,0.1855,1.3,20.0,dapi,1
BMPR1A_KD,no_BMP,10x-1,191,98.6,729.4,76,13.25,17.23,1252.8,195.8,989.53,0.1979,1.3,20.0,dapi,1
BMPR1A_KD,no_BMP,10x-1,192,99.2,280.8,77,8.7,11.31,1309.16,252.16,1169.84,0.2155,1.3,20.0,dapi,1
BMPR1A_KD,no_BMP,10x-1,193,99.3,444.7,63,71.5,92.95,1320.0,263.0,1019.89,0.2579,1.3,20.0,dapi,1
BMPR1A_KD,no_BMP,10x-1,194,98.7,562.8,43,46.43,60.36,1321.28,264.28,1500.72,0.1761,1.3,20.0,dapi,1
BMPR1A_KD,no_BMP,10x-1,195,98.6,593.9,51,50.62,65.81,1330.0,273.0,1149.35,0.2375,1.3,20.0,dapi,1
BMPR1A_KD,no_BMP,10x-1,196,102.1,623.4,89,47.01,61.11,1301.48,244.48,1221.57,0.2001,1.3,20.0,dapi,1
BMPR1A_KD,no_BMP,10x-1,197,101.8,458.3,80,72.48,94.22,1327.08,270.08,919.44,0.2937,1.3,20.0,dapi,1
BMPR1A_KD,no_BMP,10x-1,198,101.1,668.0,79,37.23,48.4,1305.05,248.05,1051.56,0.2359,1.3,20.0,dapi,1
BMPR1A_KD,no_BMP,10x-1,199,100.5,323.0,62,50.68,65.89,1331.76,274.76,1351.48,0.2033,1.3,20.0,dapi,1
BMPR1A_KD,no_BMP,10x-1,200,101.7,411.8,64,86.33,112.22,1287.66,230.66,1140.41,0.2023,1.3,20.0,dapi,1
BMPR1A_KD,no_BMP,10x-1,201,102.0,548.4,80,47.62,61.9,1321.16,264.16,1294.5,0.2041,1.3,20.0,dapi,1
BMPR1A_KD,no_BMP,10x-1,202,101.3,568.9,54,49.55,64.42,1318.35,261.35,1227.04,0.213,1.3,20.0,dapi,1
BMPR1A_KD,no_BMP,10x-1,203,101.8,652.2,92,38.22,49.68,1313.33,256.33,1190.13,0.2154,1.3,20.0,dapi,1
BMPR1A_KD,no_BMP,10x-1,204,102.7,297.6,80,26.05,33.87,1336.14,279.14,1162.62,0.2401,1.3,20.0,dapi,1
BMPR1A_KD,no_BMP,10x-1,205,100.9,469.4,58,66.99,87.09,1302.28,245.28,1132.71,0.2165,1.3,20.0,dapi,1
BMPR1A_KD,no_BMP,10x-1,206,103.0,309.1,87,36.96,48.05,1337.94,280.94,1269.67,0.2213,1.3,20.0,dapi,1
BMPR1A_KD,no_BMP,10x-1,207,103.5,689.7,79,41.02,53.32,1278.84,221.84,1365.34,0.1625,1.3,20.0,dapi,1
BMPR1A_KD,no_BMP,10x-1,208,105.6,381.8,98,104.97,136.46,1314.19,257.19,1258.8,0.2043,1.3,20.0,dapi,1
BMPR1A_KD,no_BMP,10x-1,209,104.5,495.2,79,58.86,76.52,1322.9,265.9,1369.34,0.1942,1.3,20.0,dapi,1
BMPR1A_KD,no_BMP,10x-1,210,105.0,535.0,78,50.99,66.28,1311.33,254.33,1317.13,0.1931,1.3,20.0,dapi,1
BMPR1A_KD,no_BMP,10x-1,211,104.7,643.3,63,42.86,55.72,1318.38,261.38,1045.95,0.2499,1.3,20.0,dapi,1
BMPR1A_KD,no_BMP,10x-1,212,106.2,681.2,87,45.34,58.95,1279.95,222.95,1250.13,0.1783,1.3,20.0,dapi,1
BMPR1A_KD,no_BMP,10x-1,213,104.7,712.2,68,27.34,35.54,1274.59,217.59,1407.76,0.1546,1.3,20.0,dapi,1
BMPR1A_KD,no_BMP,10x-1,214,104.7,505.9,60,55.45,72.09,1308.73,251.73,1391.78,0.1809,1.3,20.0,dapi,1
BMPR1A_KD,no_BMP,10x-1,215,105.6,557.0,60,52.22,67.88,1316.35,259.35,1285.35,0.2018,1.3,20.0,dapi,1
BMPR1A_KD,no_BMP,10x-1,216,105.3,586.7,55,56.68,73.68,1311.62,254.62,1171.33,0.2174,1.3,20.0,dapi,1
BMPR1A_KD,no_BMP,10x-1,217,103.4,745.6,57,5.71,7.42,1247.72,190.72,1193.89,0.1597,1.3,20.0,dapi,1
BMPR1A_KD,no_BMP,10x-1,218,104.4,342.7,28,70.9,92.17,1311.14,254.14,1609.5,0.1579,1.3,20.0,dapi,1
BMPR1A_KD,no_BMP,10x-1,219,106.4,703.9,69,32.89,42.75,1270.45,213.45,1314.58,0.1624,1.3,20.0,dapi,1
BMPR1A_KD,no_BMP,10x-1,220,108.0,417.0,94,89.27,116.05,1284.38,227.38,1294.04,0.1757,1.3,20.0,dapi,1
BMPR1A_KD,no_BMP,10x-1,221,107.9,609.9,88,57.97,75.36,1298.34,241.34,1154.57,0.209,1.3,20.0,dapi,1
BMPR1A_KD,no_BMP,10x-1,222,108.0,276.3,80,5.99,7.79,1287.59,230.59,1262.88,0.1826,1.3,20.0,dapi,1
BMPR1A_KD,no_BMP,10x-1,223,108.5,315.1,65,43.65,56.74,1358.8,301.8,1172.92,0.2573,1.3,20.0,dapi,1
BMPR1A_KD,no_BMP,10x-1,224,109.9,427.0,92,87.14,113.29,1296.68,239.68,1209.27,0.1982,1.3,20.0,dapi,1
BMPR1A_KD,no_BMP,10x-1,225,108.6,481.6,85,68.0,88.4,1303.75,246.75,1261.6,0.1956,1.3,20.0,dapi,1
BMPR1A_KD,no_BMP,10x-1,226,108.2,521.9,68,54.96,71.45,1312.46,255.46,1312.15,0.1947,1.3,20.0,dapi,1
BMPR1A_KD,no_BMP,10x-1,227,109.5,695.3,62,41.9,54.46,1289.05,232.05,1067.4,0.2174,1.3,20.0,dapi,1
BMPR1A_KD,no_BMP,10x-1,228,108.6,719.1,57,26.81,34.85,1301.7,244.7,943.91,0.2592,1.3,20.0,dapi,1
BMPR1A_KD,no_BMP,10x-1,229,108.3,367.9,43,96.16,125.01,1303.81,246.81,1188.88,0.2076,1.3,20.0,dapi,1
BMPR1A_KD,no_BMP,10x-1,230,110.7,441.0,55,84.08,109.3,1297.0,240.0,1614.56,0.1486,1.3,20.0,dapi,1
BMPR1A_KD,no_BMP,10x-1,231,109.3,471.0,62,72.81,94.65,1313.29,256.29,1079.84,0.2373,1.3,20.0,dapi,1
BMPR1A_KD,no_BMP,10x-1,232,109.5,564.1,55,57.4,74.61,1318.11,261.11,1087.75,0.24,1.3,20.0,dapi,1
BMPR1A_KD,no_BMP,10x-1,233,110.7,730.2,98,23.56,30.63,1275.59,218.59,1130.45,0.1934,1.3,20.0,dapi,1
BMPR1A_KD,no_BMP,10x-1,234,111.0,358.7,62,87.57,113.84,1326.23,269.23,1069.58,0.2517,1.3,20.0,dapi,1
BMPR1A_KD,no_BMP,10x-1,235,109.7,630.8,51,51.1,66.43,1304.02,247.02,1123.47,0.2199,1.3,20.0,dapi,1
BMPR1A_KD,no_BMP,10x-1,236,112.5,672.4,99,49.73,64.65,1298.16,241.16,1152.42,0.2093,1.3,20.0,dapi,1
BMPR1A_KD,no_BMP,10x-1,237,110.2,745.9,85,10.07,13.09,1264.95,207.95,1167.0,0.1782,1.3,20.0,dapi,1
BMPR1A_KD,no_BMP,10x-1,238,111.3,295.2,59,25.11,32.65,1325.93,268.93,1134.24,0.2371,1.3,20.0,dapi,1
BMPR1A_KD,no_BMP,10x-1,239,111.2,387.7,47,107.23,139.4,1307.72,250.72,1296.66,0.1934,1.3,20.0,dapi,1
BMPR1A_KD,no_BMP,10x-1,240,111.4,511.6,56,59.57,77.44,1309.41,252.41,1138.3,0.2217,1.3,20.0,dapi,1
BMPR1A_KD,no_BMP,10x-1,241,114.2,451.9,118,85.22,110.78,1314.84,257.84,1125.72,0.229,1.3,20.0,dapi,1
BMPR1A_KD,no_BMP,10x-1,242,114.5,661.5,96,50.62,65.81,1291.26,234.26,1183.01,0.198,1.3,20.0,dapi,1
BMPR1A_KD,no_BMP,10x-1,243,113.8,394.9,77,105.55,137.21,1294.19,237.19,1175.78,0.2017,1.3,20.0,dapi,1
BMPR1A_KD,no_BMP,10x-1,244,112.7,597.9,51,64.77,84.2,1312.71,255.71,1143.63,0.2236,1.3,20.0,dapi,1
BMPR1A_KD,no_BMP,10x-1,245,112.9,283.4,43,13.63,17.72,1308.93,251.93,1178.23,0.2138,1.3,20.0,dapi,1
BMPR1A_KD,no_BMP,10x-1,246,114.5,333.4,89,62.49,81.24,1311.07,254.07,1234.53,0.2058,1.3,20.0,dapi,1
BMPR1A_KD,no_BMP,10x-1,247,114.5,497.7,90,66.69,86.7,1299.33,242.33,1182.59,0.2049,1.3,20.0,dapi,1
BMPR1A_KD,no_BMP,10x-1,248,113.2,544.1,52,58.62,76.2,1313.63,256.63,1071.67,0.2395,1.3,20.0,dapi,1
BMPR1A_KD,no_BMP,10x-1,249,114.0,770.9,82,5.5,7.14,1248.63,191.63,1157.71,0.1655,1.3,20.0,dapi,1
BMPR1A_KD,no_BMP,10x-1,250,116.2,342.5,66,72.69,94.5,1327.32,270.32,1112.95,0.2429,1.3,20.0,dapi,1
BMPR1A_KD,no_BMP,10x-1,251,115.4,636.3,59,54.26,70.53,1294.8,237.8,1095.97,0.217,1.3,20.0,dapi,1
BMPR1A_KD,no_BMP,10x-1,252,118.1,405.6,104,103.21,134.17,1291.86,234.86,1174.81,0.1999,1.3,20.0,dapi,1
BMPR1A_KD,no_BMP,10x-1,253,116.8,577.6,69,66.99,87.09,1294.54,237.54,1323.65,0.1795,1.3,20.0,dapi,1
BMPR1A_KD,no_BMP,10x-1,254,117.7,322.1,84,52.88,68.74,1332.08,275.08,1192.58,0.2307,1.3,20.0,dapi,1
BMPR1A_KD,no_BMP,10x-1,255,116.8,375.4,62,104.3,135.59,1319.19,262.19,1007.24,0.2603,1.3,20.0,dapi,1
BMPR1A_KD,no_BMP,10x-1,256,116.9,531.7,75,63.25,82.23,1296.73,239.73,1168.05,0.2052,1.3,20.0,dapi,1
BMPR1A_KD,no_BMP,10x-1,257,118.5,605.3,98,69.15,89.89,1273.98,216.98,1171.26,0.1853,1.3,20.0,dapi,1
BMPR1A_KD,no_BMP,10x-1,258,117.4,643.9,54,54.47,70.81,1305.19,248.19,1092.67,0.2271,1.3,20.0,dapi,1
BMPR1A_KD,no_BMP,10x-1,259,118.4,652.9,93,53.97,70.16,1306.18,249.18,1215.72,0.205,1.3,20.0,dapi,1
BMPR1A_KD,no_BMP,10x-1,260,118.5,699.1,89,45.42,59.04,1268.96,211.96,1210.64,0.1751,1.3,20.0,dapi,1
BMPR1A_KD,no_BMP,10x-1,261,116.5,802.9,66,2.73,3.54,1243.86,186.86,882.67,0.2117,1.3,20.0,dapi,1
BMPR1A_KD,no_BMP,10x-1,262,116.0,313.2,31,43.75,56.88,1343.26,286.26,1167.13,0.2453,1.3,20.0,dapi,1
BMPR1A_KD,no_BMP,10x-1,263,118.7,420.9,91,97.7,127.01,1279.55,222.55,1232.9,0.1805,1.3,20.0,dapi,1
BMPR1A_KD,no_BMP,10x-1,264,118.1,481.2,93,76.73,99.75,1302.05,245.05,1215.14,0.2017,1.3,20.0,dapi,1
BMPR1A_KD,no_BMP,10x-1,265,118.6,555.8,70,65.01,84.52,1322.26,265.26,1084.33,0.2446,1.3,20.0,dapi,1
BMPR1A_KD,no_BMP,10x-1,266,118.5,618.0,71,64.67,84.07,1287.63,230.63,1016.59,0.2269,1.3,20.0,dapi,1
BMPR1A_KD,no_BMP,10x-1,267,118.6,683.9,92,56.04,72.85,1290.93,233.93,1177.38,0.1987,1.3,20.0,dapi,1
BMPR1A_KD,no_BMP,10x-1,268,117.3,759.6,84,9.13,11.87,1289.52,232.52,1384.07,0.168,1.3,20.0,dapi,1
BMPR1A_KD,no_BMP,10x-1,269,119.8,277.1,104,8.97,11.66,1288.66,231.66,1263.28,0.1834,1.3,20.0,dapi,1
BMPR1A_KD,no_BMP,10x-1,270,119.8,465.0,79,85.34,110.94,1302.59,245.59,1154.76,0.2127,1.3,20.0,dapi,1
BMPR1A_KD,no_BMP,10x-1,271,120.8,515.7,92,68.63,89.22,1327.25,270.25,1239.37,0.2181,1.3,20.0,dapi,1
BMPR1A_KD,no_BMP,10x-1,272,118.2,628.5,48,59.29,77.07,1280.71,223.71,1135.94,0.1969,1.3,20.0,dapi,1
BMPR1A_KD,no_BMP,10x-1,273,117.2,748.8,26,13.46,17.5,1291.04,234.04,1072.46,0.2182,1.3,20.0,dapi,1
BMPR1A_KD,no_BMP,10x-1,274,120.5,365.2,66,95.25,123.82,1311.92,254.92,1021.94,0.2495,1.3,20.0,dapi,1
BMPR1A_KD,no_BMP,10x-1,275,119.8,567.5,53,67.98,88.37,1325.91,268.91,1312.57,0.2049,1.3,20.0,dapi,1
BMPR1A_KD,no_BMP,10x-1,276,119.1,785.7,36,2.86,3.72,1284.22,227.22,1067.44,0.2129,1.3,20.0,dapi,1
BMPR1A_KD,no_BMP,10x-1,277,122.2,455.7,80,91.69,119.19,1298.56,241.56,1396.06,0.173,1.3,20.0,dapi,1
BMPR1A_KD,no_BMP,10x-1,278,121.1,593.8,58,72.62,94.41,1287.52,230.52,1285.28,0.1794,1.3,20.0,dapi,1
BMPR1A_KD,no_BMP,10x-1,279,125.2,704.2,147,48.44,62.97,1280.74,223.74,1142.71,0.1958,1.3,20.0,dapi,1
BMPR1A_KD,no_BMP,10x-1,280,121.4,718.4,80,37.84,49.19,1269.61,212.61,1243.92,0.1709,1.3,20.0,dapi,1
BMPR1A_KD,no_BMP,10x-1,281,123.7,584.9,80,75.32,97.92,1296.44,239.44,1244.05,0.1925,1.3,20.0,dapi,1
BMPR1A_KD,no_BMP,10x-1,282,122.5,352.4,47,82.85,107.7,1312.64,255.64,1130.23,0.2262,1.3,20.0,dapi,1
BMPR1A_KD,no_BMP,10x-1,283,123.9,384.6,85,115.43,150.06,1287.56,230.56,1211.68,0.1903,1.3,20.0,dapi,1
BMPR1A_KD,no_BMP,10x-1,284,122.2,396.1,54,111.71,145.22,1295.28,238.28,1323.87,0.18,1.3,20.0,dapi,1
BMPR1A_KD,no_BMP,10x-1,285,121.9,544.2,54,67.62,87.9,1297.22,240.22,1344.11,0.1787,1.3,20.0,dapi,1
BMPR1A_KD,no_BMP,10x-1,286,124.6,736.6,88,27.14,35.28,1286.05,229.05,1233.45,0.1857,1.3,20.0,dapi,1
BMPR1A_KD,no_BMP,10x-1,287,123.1,772.0,59,12.07,15.7,1297.2,240.2,1158.73,0.2073,1.3,20.0,dapi,1
BMPR1A_KD,no_BMP,10x-1,288,124.3,310.8,71,42.86,55.72,1324.9,267.9,1343.3,0.1994,1.3,20.0,dapi,1
BMPR1A_KD,no_BMP,10x-1,289,126.0,505.8,86,75.57,98.24,1341.86,284.86,1268.98,0.2245,1.3,20.0,dapi,1
BMPR1A_KD,no_BMP,10x-1,290,125.1,673.6,69,61.89,80.46,1290.16,233.16,1044.04,0.2233,1.3,20.0,dapi,1
BMPR1A_KD,no_BMP,10x-1,291,125.7,800.3,92,6.2,8.06,1277.33,220.33,1107.4,0.199,1.3,20.0,dapi,1
BMPR1A_KD,no_BMP,10x-1,292,127.1,271.2,97,5.99,7.79,1276.61,219.61,1119.35,0.1962,1.3,20.0,dapi,1
BMPR1A_KD,no_BMP,10x-1,293,125.3,290.8,45,23.83,30.98,1320.91,263.91,1156.84,0.2281,1.3,20.0,dapi,1
BMPR1A_KD,no_BMP,10x-1,294,126.1,744.7,70,23.2,30.16,1301.54,244.54,1328.41,0.1841,1.3,20.0,dapi,1
BMPR1A_KD,no_BMP,10x-1,295,128.4,296.5,86,30.5,39.64,1336.22,279.22,1268.84,0.2201,1.3,20.0,dapi,1
BMPR1A_KD,no_BMP,10x-1,296,128.9,498.7,94,80.43,104.56,1326.05,269.05,1272.41,0.2115,1.3,20.0,dapi,1
BMPR1A_KD,no_BMP,10x-1,297,127.9,728.2,74,35.53,46.19,1257.07,200.07,1358.04,0.1473,1.3,20.0,dapi,1
BMPR1A_KD,no_BMP,10x-1,298,128.8,440.3,95,101.89,132.46,1293.37,236.37,1226.62,0.1927,1.3,20.0,dapi,1
BMPR1A_KD,no_BMP,10x-1,299,128.0,489.6,51,82.7,107.51,1309.98,252.98,1095.14,0.231,1.3,20.0,dapi,1
BMPR1A_KD,no_BMP,10x-1,300,128.3,535.1,62,73.89,96.06,1293.03,236.03,1397.15,0.1689,1.3,20.0,dapi,1
BMPR1A_KD,no_BMP,10x-1,301,128.2,549.0,70,73.62,95.71,1302.56,245.56,1448.83,0.1695,1.3,20.0,dapi,1
BMPR1A_KD,no_BMP,10x-1,302,127.8,566.5,72,75.42,98.04,1297.93,240.93,1601.96,0.1504,1.3,20.0,dapi,1
BMPR1A_KD,no_BMP,10x-1,303,129.0,685.4,108,62.72,81.53,1300.44,243.44,1096.89,0.2219,1.3,20.0,dapi,1
BMPR1A_KD,no_BMP,10x-1,304,129.7,322.0,86,54.96,71.44,1297.58,240.58,1250.41,0.1924,1.3,20.0,dapi,1
BMPR1A_KD,no_BMP,10x-1,305,129.3,333.9,47,66.4,86.32,1268.28,211.28,1126.91,0.1875,1.3,20.0,dapi,1
BMPR1A_KD,no_BMP,10x-1,306,129.6,346.2,103,78.36,101.87,1303.17,246.17,1166.11,0.2111,1.3,20.0,dapi,1
BMPR1A_KD,no_BMP,10x-1,307,129.1,421.9,81,106.71,138.72,1276.04,219.04,1384.63,0.1582,1.3,20.0,dapi,1
BMPR1A_KD,no_BMP,10x-1,308,130.7,473.1,87,91.77,119.3,1296.69,239.69,1235.94,0.1939,1.3,20.0,dapi,1
BMPR1A_KD,no_BMP,10x-1,309,128.6,634.0,55,68.29,88.78,1265.18,208.18,1045.35,0.1992,1.3,20.0,dapi,1
BMPR1A_KD,no_BMP,10x-1,310,129.4,645.7,80,65.83,85.58,1294.94,237.94,1084.45,0.2194,1.3,20.0,dapi,1
BMPR1A_KD,no_BMP,10x-1,311,129.9,655.9,65,65.71,85.43,1294.11,237.11,1058.35,0.224,1.3,20.0,dapi,1
BMPR1A_KD,no_BMP,10x-1,312,129.6,280.6,56,16.4,21.31,1319.36,262.36,1136.18,0.2309,1.3,20.0,dapi,1
BMPR1A_KD,no_BMP,10x-1,313,130.0,361.2,54,93.12,121.05,1288.98,231.98,1108.11,0.2093,1.3,20.0,dapi,1
BMPR1A_KD,no_BMP,10x-1,314,131.5,604.9,72,81.7,106.21,1243.1,186.1,1087.19,0.1712,1.3,20.0,dapi,1
BMPR1A_KD,no_BMP,10x-1,315,129.3,768.0,40,19.29,25.07,1289.35,232.35,1383.62,0.1679,1.3,20.0,dapi,1
BMPR1A_KD,no_BMP,10x-1,316,131.4,782.5,77,15.42,20.05,1289.99,232.99,1328.77,0.1753,1.3,20.0,dapi,1
BMPR1A_KD,no_BMP,10x-1,317,132.6,613.9,88,78.99,102.68,1236.28,179.28,1144.62,0.1566,1.3,20.0,dapi,1
BMPR1A_KD,no_BMP,10x-1,318,131.7,715.3,76,47.87,62.23,1278.24,221.24,1249.38,0.1771,1.3,20.0,dapi,1
BMPR1A_KD,no_BMP,10x-1,319,131.8,392.2,83,122.33,159.03,1302.46,245.46,1080.75,0.2271,1.3,20.0,dapi,1
BMPR1A_KD,no_BMP,10x-1,320,133.8,415.2,104,113.86,148.02,1294.54,237.54,1140.74,0.2082,1.3,20.0,dapi,1
BMPR1A_KD,no_BMP,10x-1,321,134.0,369.5,64,102.68,133.49,1302.44,245.44,1128.25,0.2175,1.3,20.0,dapi,1
BMPR1A_KD,no_BMP,10x-1,322,133.5,378.0,66,110.55,143.72,1299.74,242.74,1133.83,0.2141,1.3,20.0,dapi,1
BMPR1A_KD,no_BMP,10x-1,323,133.8,483.6,68,90.64,117.83,1290.29,233.29,1247.44,0.187,1.3,20.0,dapi,1
BMPR1A_KD,no_BMP,10x-1,324,132.3,556.2,50,77.96,101.35,1289.5,232.5,1256.46,0.185,1.3,20.0,dapi,1
BMPR1A_KD,no_BMP,10x-1,325,133.3,625.1,57,74.75,97.18,1248.95,191.95,1025.07,0.1873,1.3,20.0,dapi,1
BMPR1A_KD,no_BMP,10x-1,326,133.4,662.7,68,68.67,89.27,1287.01,230.01,1209.99,0.1901,1.3,20.0,dapi,1
BMPR1A_KD,no_BMP,10x-1,327,133.3,307.7,58,42.56,55.32,1339.14,282.14,1077.26,0.2619,1.3,20.0,dapi,1
BMPR1A_KD,no_BMP,10x-1,328,134.9,433.0,99,109.28,142.06,1287.54,230.54,1192.35,0.1933,1.3,20.0,dapi,1
BMPR1A_KD,no_BMP,10x-1,329,135.5,451.3,99,106.21,138.07,1300.01,243.01,1201.75,0.2022,1.3,20.0,dapi,1
BMPR1A_KD,no_BMP,10x-1,330,138.0,579.8,88,87.98,114.38,1249.89,192.89,1247.01,0.1547,1.3,20.0,dapi,1
BMPR1A_KD,no_BMP,10x-1,331,134.9,746.3,46,30.71,39.93,1282.61,225.61,1105.52,0.2041,1.3,20.0,dapi,1
BMPR1A_KD,no_BMP,10x-1,332,135.6,768.5,73,24.86,32.32,1306.45,249.45,1211.74,0.2059,1.3,20.0,dapi,1
BMPR1A_KD,no_BMP,10x-1,333,135.4,338.5,65,72.67,94.47,1285.97,228.97,1079.55,0.2121,1.3,20.0,dapi,1
BMPR1A_KD,no_BMP,10x-1,334,136.6,399.6,99,122.81,159.65,1303.0,246.0,1240.71,0.1983,1.3,20.0,dapi,1
BMPR1A_KD,no_BMP,10x-1,335,135.7,515.7,66,83.47,108.52,1317.0,260.0,1278.14,0.2034,1.3,20.0,dapi,1
BMPR1A_KD,no_BMP,10x-1,336,137.8,588.9,101,89.62,116.51,1244.25,187.25,1148.79,0.163,1.3,20.0,dapi,1
BMPR1A_KD,no_BMP,10x-1,337,135.8,788.0,52,14.7,19.11,1295.67,238.67,1145.48,0.2084,1.3,20.0,dapi,1
BMPR1A_KD,no_BMP,10x-1,338,136.0,798.4,55,5.5,7.14,1261.56,204.56,1202.93,0.1701,1.3,20.0,dapi,1
BMPR1A_KD,no_BMP,10x-1,339,137.6,296.9,74,33.95,44.14,1337.58,280.58,1138.77,0.2464,1.3,20.0,dapi,1
BMPR1A_KD,no_BMP,10x-1,340,138.5,597.7,58,90.73,117.95,1217.43,160.43,1110.14,0.1445,1.3,20.0,dapi,1
BMPR1A_KD,no_BMP,10x-1,341,137.9,641.8,85,75.42,98.04,1287.32,230.32,928.58,0.248,1.3,20.0,dapi,1
BMPR1A_KD,no_BMP,10x-1,342,136.4,691.5,71,64.23,83.5,1268.99,211.99,966.79,0.2193,1.3,20.0,dapi,1
BMPR1A_KD,no_BMP,10x-1,343,137.3,278.2,68,15.92,20.7,1325.87,268.87,1022.31,0.263,1.3,20.0,dapi,1
BMPR1A_KD,no_BMP,10x-1,344,137.2,525.4,62,83.7,108.81,1330.81,273.81,1121.35,0.2442,1.3,20.0,dapi,1
BMPR1A_KD,no_BMP,10x-1,345,139.1,501.8,83,89.16,115.91,1307.1,250.1,1314.23,0.1903,1.3,20.0,dapi,1
BMPR1A_KD,no_BMP,10x-1,346,137.8,726.5,48,44.16,57.41,1263.83,206.83,1167.69,0.1771,1.3,20.0,dapi,1
BMPR1A_KD,no_BMP,10x-1,347,138.2,737.0,39,37.62,48.9,1254.82,197.82,1019.23,0.1941,1.3,20.0,dapi,1
BMPR1A_KD,no_BMP,10x-1,348,138.0,755.4,45,30.71,39.93,1289.4,232.4,1077.58,0.2157,1.3,20.0,dapi,1
BMPR1A_KD,no_BMP,10x-1,349,141.1,261.4,101,5.5,7.14,1226.94,169.94,1104.33,0.1539,1.3,20.0,dapi,1
BMPR1A_KD,no_BMP,10x-1,350,138.8,322.8,60,58.71,76.32,1283.13,226.13,1161.0,0.1948,1.3,20.0,dapi,1
BMPR1A_KD,no_BMP,10x-1,351,141.5,459.7,97,107.16,139.3,1296.64,239.64,1239.98,0.1933,1.3,20.0,dapi,1
BMPR1A_KD,no_BMP,10x-1,352,140.5,469.9,61,102.16,132.81,1285.07,228.07,1042.18,0.2188,1.3,20.0,dapi,1
BMPR1A_KD,no_BMP,10x-1,353,140.3,536.2,104,85.79,111.53,1304.88,247.88,1120.14,0.2213,1.3,20.0,dapi,1
BMPR1A_KD,no_BMP,10x-1,354,140.1,705.3,70,60.67,78.88,1204.54,147.54,1004.16,0.1469,1.3,20.0,dapi,1
BMPR1A_KD,no_BMP,10x-1,355,139.5,490.7,44,92.53,120.29,1288.07,231.07,1201.34,0.1923,1.3,20.0,dapi,1
BMPR1A_KD,no_BMP,10x-1,356,141.3,563.6,57,87.86,114.22,1275.86,218.86,1506.53,0.1453,1.3,20.0,dapi,1
BMPR1A_KD,no_BMP,10x-1,357,141.8,715.6,53,53.91,70.09,1213.42,156.42,1083.51,0.1444,1.3,20.0,dapi,1
BMPR1A_KD,no_BMP,10x-1,358,142.7,312.2,91,49.76,64.69,1307.02,250.02,1246.02,0.2007,1.3,20.0,dapi,1
BMPR1A_KD,no_BMP,10x-1,359,142.8,482.6,107,99.25,129.02,1269.91,212.91,1159.38,0.1836,1.3,20.0,dapi,1
BMPR1A_KD,no_BMP,10x-1,360,144.1,616.9,111,87.86,114.22,1222.03,165.03,1124.41,0.1468,1.3,20.0,dapi,1
BMPR1A_KD,no_BMP,10x-1,361,141.9,628.9,73,82.14,106.79,1246.99,189.99,961.04,0.1977,1.3,20.0,dapi,1
BMPR1A_KD,no_BMP,10x-1,362,142.7,665.3,75,78.75,102.37,1293.83,236.83,935.16,0.2532,1.3,20.0,dapi,1
BMPR1A_KD,no_BMP,10x-1,363,141.8,773.7,59,26.91,34.99,1331.32,274.32,1229.78,0.2231,1.3,20.0,dapi,1
BMPR1A_KD,no_BMP,10x-1,364,143.1,414.9,74,122.26,158.93,1288.31,231.31,1025.22,0.2256,1.3,20.0,dapi,1
BMPR1A_KD,no_BMP,10x-1,365,142.6,352.5,39,87.4,113.62,1270.08,213.08,1253.72,0.17,1.3,20.0,dapi,1
BMPR1A_KD,no_BMP,10x-1,366,143.9,361.9,55,97.26,126.43,1263.45,206.45,1266.25,0.163,1.3,20.0,dapi,1
BMPR1A_KD,no_BMP,10x-1,367,144.0,547.8,64,89.62,116.5,1303.75,246.75,995.05,0.248,1.3,20.0,dapi,1
BMPR1A_KD,no_BMP,10x-1,368,145.1,653.7,81,80.8,105.04,1284.49,227.49,1138.68,0.1998,1.3,20.0,dapi,1
BMPR1A_KD,no_BMP,10x-1,369,144.2,673.8,68,80.64,104.83,1277.06,220.06,1052.28,0.2091,1.3,20.0,dapi,1
BMPR1A_KD,no_BMP,10x-1,370,142.8,792.2,38,8.95,11.63,1292.63,235.63,1271.03,0.1854,1.3,20.0,dapi,1
BMPR1A_KD,no_BMP,10x-1,371,145.6,289.5,90,30.76,39.98,1309.07,252.07,1227.48,0.2054,1.3,20.0,dapi,1
BMPR1A_KD,no_BMP,10x-1,372,145.2,339.4,76,75.8,98.54,1264.07,207.07,1167.05,0.1774,1.3,20.0,dapi,1
BMPR1A_KD,no_BMP,10x-1,373,146.1,694.1,91,71.44,92.87,1240.11,183.11,1177.64,0.1555,1.3,20.0,dapi,1
BMPR1A_KD,no_BMP,10x-1,374,146.4,728.3,82,49.25,64.03,1233.15,176.15,1294.23,0.1361,1.3,20.0,dapi,1
BMPR1A_KD,no_BMP,10x-1,375,146.4,737.8,71,44.1,57.33,1265.97,208.97,1368.11,0.1527,1.3,20.0,dapi,1
BMPR1A_KD,no_BMP,10x-1,376,146.5,747.9,68,41.23,53.6,1274.53,217.53,1396.25,0.1558,1.3,20.0,dapi,1
BMPR1A_KD,no_BMP,10x-1,377,148.0,277.2,82,20.62,26.8,1281.17,224.17,1232.28,0.1819,1.3,20.0,dapi,1
BMPR1A_KD,no_BMP,10x-1,378,146.5,324.8,54,63.36,82.37,1274.52,217.52,1114.91,0.1951,1.3,20.0,dapi,1
BMPR1A_KD,no_BMP,10x-1,379,147.4,397.5,94,132.65,172.44,1290.36,233.36,1197.05,0.1949,1.3,20.0,dapi,1
BMPR1A_KD,no_BMP,10x-1,380,147.6,508.8,85,96.42,125.34,1289.73,232.73,1221.15,0.1906,1.3,20.0,dapi,1
BMPR1A_KD,no_BMP,10x-1,381,146.9,719.6,59,54.91,71.38,1183.81,126.81,1135.59,0.1117,1.3,20.0,dapi,1
BMPR1A_KD,no_BMP,10x-1,382,148.8,443.7,81,120.95,157.23,1268.68,211.68,1328.96,0.1593,1.3,20.0,dapi,1
BMPR1A_KD,no_BMP,10x-1,383,149.1,579.3,82,98.57,128.14,1225.91,168.91,1305.35,0.1294,1.3,20.0,dapi,1
BMPR1A_KD,no_BMP,10x-1,384,150.2,600.3,82,100.17,130.22,1206.16,149.16,1102.62,0.1353,1.3,20.0,dapi,1
BMPR1A_KD,no_BMP,10x-1,385,148.7,640.6,102,86.4,112.33,1264.01,207.01,1120.84,0.1847,1.3,20.0,dapi,1
BMPR1A_KD,no_BMP,10x-1,386,148.1,681.4,68,80.31,104.4,1254.15,197.15,1019.66,0.1933,1.3,20.0,dapi,1
BMPR1A_KD,no_BMP,10x-1,387,146.3,783.1,24,17.6,22.88,1309.12,252.12,1044.71,0.2413,1.3,20.0,dapi,1
BMPR1A_KD,no_BMP,10x-1,388,148.3,371.6,54,107.98,140.38,1288.11,231.11,1049.72,0.2202,1.3,20.0,dapi,1
BMPR1A_KD,no_BMP,10x-1,389,149.1,383.6,61,119.78,155.71,1287.74,230.74,1126.84,0.2048,1.3,20.0,dapi,1
BMPR1A_KD,no_BMP,10x-1,390,150.6,434.9,62,124.45,161.78,1264.82,207.82,1120.47,0.1855,1.3,20.0,dapi,1
BMPR1A_KD,no_BMP,10x-1,391,149.0,527.7,82,95.5,124.15,1298.15,241.15,1125.0,0.2144,1.3,20.0,dapi,1
BMPR1A_KD,no_BMP,10x-1,392,151.2,296.8,72,39.32,51.12,1312.32,255.32,993.6,0.257,1.3,20.0,dapi,1
BMPR1A_KD,no_BMP,10x-1,393,150.9,350.3,91,88.23,114.71,1274.07,217.07,1235.86,0.1756,1.3,20.0,dapi,1
BMPR1A_KD,no_BMP,10x-1,394,150.5,424.0,83,126.1,163.93,1258.52,201.52,1001.65,0.2012,1.3,20.0,dapi,1
BMPR1A_KD,no_BMP,10x-1,395,150.3,308.6,61,49.5,64.35,1306.46,249.46,1226.82,0.2033,1.3,20.0,dapi,1
BMPR1A_KD,no_BMP,10x-1,396,151.7,452.9,60,119.23,155.0,1252.53,195.53,1173.1,0.1667,1.3,20.0,dapi,1
BMPR1A_KD,no_BMP,10x-1,397,150.0,468.8,58,110.9,144.18,1284.55,227.55,1076.48,0.2114,1.3,20.0,dapi,1
BMPR1A_KD,no_BMP,10x-1,398,152.0,552.8,86,97.73,127.04,1281.49,224.49,1086.23,0.2067,1.3,20.0,dapi,1
BMPR1A_KD,no_BMP,10x-1,399,149.4,775.4,32,24.18,31.43,1300.75,243.75,1306.88,0.1865,1.3,20.0,dapi,1
BMPR1A_KD,no_BMP,10x-1,400,151.7,794.0,75,5.64,7.33,1294.95,237.95,1218.89,0.1952,1.3,20.0,dapi,1
BMPR1A_KD,no_BMP,10x-1,401,150.9,484.2,60,106.25,138.12,1266.28,209.28,1071.83,0.1953,1.3,20.0,dapi,1
BMPR1A_KD,no_BMP,10x-1,402,153.0,623.0,89,94.38,122.7,1216.9,159.9,927.37,0.1724,1.3,20.0,dapi,1
BMPR1A_KD,no_BMP,10x-1,403,153.3,263.2,91,6.82,8.86,1249.3,192.3,1172.93,0.1639,1.3,20.0,dapi,1
BMPR1A_KD,no_BMP,10x-1,404,153.8,588.2,78,105.23,136.81,1203.0,146.0,1002.03,0.1457,1.3,20.0,dapi,1
BMPR1A_KD,no_BMP,10x-1,405,154.8,610.5,104,100.31,130.4,1210.74,153.74,1141.58,0.1347,1.3,20.0,dapi,1
BMPR1A_KD,no_BMP,10x-1,406,153.1,706.3,62,68.76,89.39,1179.27,122.27,1102.63,0.1109,1.3,20.0,dapi,1
BMPR1A_KD,no_BMP,10x-1,407,153.8,330.4,101,70.41,91.54,1308.49,251.49,1245.49,0.2019,1.3,20.0,dapi,1
BMPR1A_KD,no_BMP,10x-1,408,154.0,410.2,76,134.31,174.61,1291.21,234.21,1257.63,0.1862,1.3,20.0,dapi,1
BMPR1A_KD,no_BMP,10x-1,409,153.8,501.7,61,103.72,134.83,1265.11,208.11,1089.67,0.191,1.3,20.0,dapi,1
BMPR1A_KD,no_BMP,10x-1,410,157.4,516.3,109,104.32,135.62,1296.46,239.46,1080.82,0.2216,1.3,20.0,dapi,1
BMPR1A_KD,no_BMP,10x-1,411,155.0,673.1,62,90.63,117.82,1263.27,206.27,1024.98,0.2012,1.3,20.0,dapi,1
BMPR1A_KD,no_BMP,10x-1,412,154.9,284.9,50,28.9,37.57,1318.66,261.66,1265.34,0.2068,1.3,20.0,dapi,1
BMPR1A_KD,no_BMP,10x-1,413,157.3,389.2,80,126.92,164.99,1299.86,242.86,1368.0,0.1775,1.3,20.0,dapi,1
BMPR1A_KD,no_BMP,10x-1,414,154.7,660.9,62,90.62,117.81,1267.94,210.94,1051.21,0.2007,1.3,20.0,dapi,1
BMPR1A_KD,no_BMP,10x-1,415,154.8,696.3,58,77.31,100.51,1226.4,169.4,1181.55,0.1434,1.3,20.0,dapi,1
BMPR1A_KD,no_BMP,10x-1,416,155.6,732.7,55,55.28,71.86,1236.2,179.2,1063.85,0.1684,1.3,20.0,dapi,1
BMPR1A_KD,no_BMP,10x-1,417,157.5,567.7,66,105.28,136.87,1241.3,184.3,979.62,0.1881,1.3,20.0,dapi,1
BMPR1A_KD,no_BMP,10x-1,418,156.0,781.4,45,16.4,21.31,1378.71,321.71,1217.76,0.2642,1.3,20.0,dapi,1
BMPR1A_KD,no_BMP,10x-1,419,157.7,468.4,65,118.75,154.37,1301.37,244.37,1042.05,0.2345,1.3,20.0,dapi,1
BMPR1A_KD,no_BMP,10x-1,420,159.6,645.4,107,96.62,125.61,1272.89,215.89,1104.87,0.1954,1.3,20.0,dapi,1
BMPR1A_KD,no_BMP,10x-1,421,161.0,756.3,131,40.65,52.85,1289.08,232.08,1005.58,0.2308,1.3,20.0,dapi,1
BMPR1A_KD,no_BMP,10x-1,422,157.8,303.9,46,48.12,62.56,1292.02,235.02,1176.13,0.1998,1.3,20.0,dapi,1
BMPR1A_KD,no_BMP,10x-1,423,159.8,360.2,60,100.67,130.87,1302.48,245.48,1146.48,0.2141,1.3,20.0,dapi,1
BMPR1A_KD,no_BMP,10x-1,424,159.1,375.2,107,114.42,148.75,1268.38,211.38,1156.5,0.1828,1.3,20.0,dapi,1
BMPR1A_KD,no_BMP,10x-1,425,159.4,537.3,87,104.72,136.14,1271.18,214.18,984.11,0.2176,1.3,20.0,dapi,1
BMPR1A_KD,no_BMP,10x-1,426,158.5,745.6,51,50.8,66.05,1295.71,238.71,1081.35,0.2207,1.3,20.0,dapi,1
BMPR1A_KD,no_BMP,10x-1,427,159.6,277.8,74,22.94,29.83,1327.78,270.78,1430.04,0.1894,1.3,20.0,dapi,1
BMPR1A_KD,no_BMP,10x-1,428,159.4,316.3,50,59.8,77.73,1298.88,241.88,1123.82,0.2152,1.3,20.0,dapi,1
BMPR1A_KD,no_BMP,10x-1,429,160.3,485.1,84,114.31,148.6,1256.38,199.38,1114.88,0.1788,1.3,20.0,dapi,1
BMPR1A_KD,no_BMP,10x-1,430,160.8,504.2,73,110.13,143.17,1281.95,224.95,1031.89,0.218,1.3,20.0,dapi,1
BMPR1A_KD,no_BMP,10x-1,431,160.4,719.8,65,65.32,84.92,1228.72,171.72,1021.65,0.1681,1.3,20.0,dapi,1
BMPR1A_KD,no_BMP,10x-1,432,160.4,448.7,69,128.17,166.63,1249.65,192.65,1198.07,0.1608,1.3,20.0,dapi,1
BMPR1A_KD,no_BMP,10x-1,433,161.9,547.4,75,107.62,139.9,1278.72,221.72,1038.59,0.2135,1.3,20.0,dapi,1
BMPR1A_KD,no_BMP,10x-1,434,162.5,557.4,85,108.94,141.62,1263.94,206.94,1046.27,0.1978,1.3,20.0,dapi,1
BMPR1A_KD,no_BMP,10x-1,435,161.5,709.1,71,73.48,95.52,1225.59,168.59,1057.08,0.1595,1.3,20.0,dapi,1
BMPR1A_KD,no_BMP,10x-1,436,163.1,737.5,91,58.62,76.2,1257.54,200.54,1232.34,0.1627,1.3,20.0,dapi,1
BMPR1A_KD,no_BMP,10x-1,437,162.3,335.6,72,79.05,102.76,1283.06,226.06,1348.26,0.1677,1.3,20.0,dapi,1
BMPR1A_KD,no_BMP,10x-1,438,162.9,404.2,76,143.05,185.96,1255.87,198.87,1272.24,0.1563,1.3,20.0,dapi,1
BMPR1A_KD,no_BMP,10x-1,439,162.2,417.1,98,139.6,181.48,1260.69,203.69,1236.63,0.1647,1.3,20.0,dapi,1
BMPR1A_KD,no_BMP,10x-1,440,162.2,436.8,66,134.88,175.35,1242.27,185.27,1089.39,0.1701,1.3,20.0,dapi,1
BMPR1A_KD,no_BMP,10x-1,441,162.1,661.7,62,97.63,126.92,1286.45,229.45,1044.98,0.2196,1.3,20.0,dapi,1
BMPR1A_KD,no_BMP,10x-1,442,161.5,689.9,72,86.48,112.42,1237.72,180.72,1113.18,0.1623,1.3,20.0,dapi,1
BMPR1A_KD,no_BMP,10x-1,443,162.0,787.1,71,9.64,12.53,1333.61,276.61,1330.86,0.2078,1.3,20.0,dapi,1
BMPR1A_KD,no_BMP,10x-1,444,163.0,323.0,57,67.64,87.93,1258.65,201.65,1170.46,0.1723,1.3,20.0,dapi,1
BMPR1A_KD,no_BMP,10x-1,445,165.7,365.1,63,107.39,139.61,1278.81,221.81,1294.25,0.1714,1.3,20.0,dapi,1
BMPR1A_KD,no_BMP,10x-1,446,163.5,629.4,78,103.49,134.54,1213.44,156.44,976.94,0.1601,1.3,20.0,dapi,1
BMPR1A_KD,no_BMP,10x-1,447,164.0,267.4,47,14.15,18.39,1319.15,262.15,1079.3,0.2429,1.3,20.0,dapi,1
BMPR1A_KD,no_BMP,10x-1,448,163.7,347.5,82,89.92,116.9,1289.39,232.39,1209.18,0.1922,1.3,20.0,dapi,1
BMPR1A_KD,no_BMP,10x-1,449,164.9,523.5,79,111.76,145.28,1263.86,206.86,930.58,0.2223,1.3,20.0,dapi,1
BMPR1A_KD,no_BMP,10x-1,450,163.6,296.3,38,41.37,53.78,1294.82,237.82,1319.53,0.1802,1.3,20.0,dapi,1
BMPR1A_KD,no_BMP,10x-1,451,165.7,580.1,126,115.43,150.06,1216.37,159.37,1049.63,0.1518,1.3,20.0,dapi,1
BMPR1A_KD,no_BMP,10x-1,452,166.6,282.9,89,29.93,38.9,1327.74,270.74,1276.82,0.212,1.3,20.0,dapi,1
BMPR1A_KD,no_BMP,10x-1,453,166.5,680.1,70,96.67,125.68,1280.7,223.7,1028.77,0.2174,1.3,20.0,dapi,1
BMPR1A_KD,no_BMP,10x-1,454,165.2,726.7,36,66.03,85.84,1222.89,165.89,872.36,0.1902,1.3,20.0,dapi,1
BMPR1A_KD,no_BMP,10x-1,455,166.1,251.2,54,3.48,4.53,1284.96,227.96,1055.3,0.216,1.3,20.0,dapi,1
BMPR1A_KD,no_BMP,10x-1,456,166.8,304.3,79,49.87,64.83,1286.59,229.59,1309.76,0.1753,1.3,20.0,dapi,1
BMPR1A_KD,no_BMP,10x-1,457,166.7,387.6,84,129.46,168.3,1271.15,214.15,1328.3,0.1612,1.3,20.0,dapi,1
BMPR1A_KD,no_BMP,10x-1,458,167.8,430.0,69,142.11,184.74,1248.33,191.33,1227.39,0.1559,1.3,20.0,dapi,1
BMPR1A_KD,no_BMP,10x-1,459,167.7,465.4,104,129.17,167.93,1264.28,207.28,1144.91,0.181,1.3,20.0,dapi,1
BMPR1A_KD,no_BMP,10x-1,460,168.9,669.8,113,103.88,135.05,1266.89,209.89,1098.17,0.1911,1.3,20.0,dapi,1
BMPR1A_KD,no_BMP,10x-1,461,169.4,498.8,103,119.01,154.71,1274.94,217.94,988.64,0.2204,1.3,20.0,dapi,1
BMPR1A_KD,no_BMP,10x-1,462,168.4,782.0,53,14.88,19.35,1352.02,295.02,1447.32,0.2038,1.3,20.0,dapi,1
BMPR1A_KD,no_BMP,10x-1,463,170.1,598.5,114,118.85,154.51,1187.53,130.53,1058.46,0.1233,1.3,20.0,dapi,1
BMPR1A_KD,no_BMP,10x-1,464,170.3,328.3,75,73.88,96.05,1255.37,198.37,1158.25,0.1713,1.3,20.0,dapi,1
BMPR1A_KD,no_BMP,10x-1,465,171.6,516.5,126,119.24,155.02,1273.52,216.52,1036.41,0.2089,1.3,20.0,dapi,1
BMPR1A_KD,no_BMP,10x-1,466,172.7,620.0,116,114.42,148.75,1213.18,156.18,1096.97,0.1424,1.3,20.0,dapi,1
BMPR1A_KD,no_BMP,10x-1,467,171.0,712.3,94,78.92,102.59,1230.23,173.23,1032.9,0.1677,1.3,20.0,dapi,1
BMPR1A_KD,no_BMP,10x-1,468,172.6,790.4,103,8.39,10.9,1301.53,244.53,1130.44,0.2163,1.3,20.0,dapi,1
BMPR1A_KD,no_BMP,10x-1,469,172.7,255.9,78,9.93,12.91,1320.09,263.09,1335.96,0.1969,1.3,20.0,dapi,1
BMPR1A_KD,no_BMP,10x-1,470,172.2,479.1,93,127.64,165.93,1266.31,209.31,1207.57,0.1733,1.3,20.0,dapi,1
BMPR1A_KD,no_BMP,10x-1,471,172.6,645.5,87,109.4,142.22,1247.53,190.53,1084.57,0.1757,1.3,20.0,dapi,1
BMPR1A_KD,no_BMP,10x-1,472,173.6,743.9,81,53.35,69.35,1270.74,213.74,1276.41,0.1675,1.3,20.0,dapi,1
BMPR1A_KD,no_BMP,10x-1,473,171.6,369.5,49,114.23,148.5,1266.43,209.43,1236.22,0.1694,1.3,20.0,dapi,1
BMPR1A_KD,no_BMP,10x-1,474,172.0,441.2,60,142.5,185.26,1267.47,210.47,1079.8,0.1949,1.3,20.0,dapi,1
BMPR1A_KD,no_BMP,10x-1,475,173.6,450.1,81,140.37,182.48,1249.09,192.09,1150.96,0.1669,1.3,20.0,dapi,1
BMPR1A_KD,no_BMP,10x-1,476,172.6,689.2,59,94.96,123.45,1253.2,196.2,1079.8,0.1817,1.3,20.0,dapi,1
BMPR1A_KD,no_BMP,10x-1,477,171.1,732.4,58,64.92,84.4,1241.59,184.59,1037.9,0.1778,1.3,20.0,dapi,1
BMPR1A_KD,no_BMP,10x-1,478,172.6,294.7,55,43.31,56.3,1320.82,263.82,1103.07,0.2392,1.3,20.0,dapi,1
BMPR1A_KD,no_BMP,10x-1,479,175.3,377.9,96,122.77,159.61,1276.02,219.02,1201.94,0.1822,1.3,20.0,dapi,1
BMPR1A_KD,no_BMP,10x-1,480,175.2,399.3,87,142.43,185.16,1249.79,192.79,1118.21,0.1724,1.3,20.0,dapi,1
BMPR1A_KD,no_BMP,10x-1,481,173.9,411.6,74,152.55,198.31,1256.68,199.68,1058.46,0.1886,1.3,20.0,dapi,1
BMPR1A_KD,no_BMP,10x-1,482,173.4,267.9,63,20.08,26.11,1307.95,250.95,1156.05,0.2171,1.3,20.0,dapi,1
BMPR1A_KD,no_BMP,10x-1,483,174.2,344.3,65,90.37,117.49,1293.35,236.35,1174.65,0.2012,1.3,20.0,dapi,1
BMPR1A_KD,no_BMP,10x-1,484,173.8,353.3,81,99.16,128.91,1304.56,247.56,1388.09,0.1783,1.3,20.0,dapi,1
BMPR1A_KD,no_BMP,10x-1,485,173.7,539.2,66,119.65,155.54,1265.95,208.95,1024.67,0.2039,1.3,20.0,dapi,1
BMPR1A_KD,no_BMP,10x-1,486,175.1,577.2,124,123.67,160.77,1232.62,175.62,1085.45,0.1618,1.3,20.0,dapi,1
BMPR1A_KD,no_BMP,10x-1,487,174.6,313.9,56,61.78,80.31,1262.73,205.73,1294.91,0.1589,1.3,20.0,dapi,1
BMPR1A_KD,no_BMP,10x-1,488,174.9,425.2,64,150.04,195.05,1232.08,175.08,1135.34,0.1542,1.3,20.0,dapi,1
BMPR1A_KD,no_BMP,10x-1,489,175.7,491.9,72,127.49,165.74,1269.89,212.89,1136.93,0.1872,1.3,20.0,dapi,1
BMPR1A_KD,no_BMP,10x-1,490,174.8,283.4,57,33.49,43.54,1326.58,269.58,1304.18,0.2067,1.3,20.0,dapi,1
BMPR1A_KD,no_BMP,10x-1,491,177.5,698.4,90,92.85,120.7,1227.83,170.83,1171.31,0.1458,1.3,20.0,dapi,1
BMPR1A_KD,no_BMP,10x-1,492,178.3,304.4,79,53.56,69.62,1321.47,264.47,1306.75,0.2024,1.3,20.0,dapi,1
BMPR1A_KD,no_BMP,10x-1,493,176.5,555.0,75,121.79,158.33,1246.68,189.68,970.63,0.1954,1.3,20.0,dapi,1
BMPR1A_KD,no_BMP,10x-1,494,179.8,601.4,125,127.23,165.4,1203.81,146.81,1044.75,0.1405,1.3,20.0,dapi,1
BMPR1A_KD,no_BMP,10x-1,495,178.6,719.3,113,78.82,102.46,1216.88,159.88,1082.96,0.1476,1.3,20.0,dapi,1
BMPR1A_KD,no_BMP,10x-1,496,179.8,626.7,80,119.55,155.42,1231.35,174.35,991.16,0.1759,1.3,20.0,dapi,1
BMPR1A_KD,no_BMP,10x-1,497,176.9,751.9,34,46.01,59.81,1254.06,197.06,1306.38,0.1508,1.3,20.0,dapi,1
BMPR1A_KD,no_BMP,10x-1,498,180.2,781.2,69,19.5,25.35,1279.86,222.86,1219.14,0.1828,1.3,20.0,dapi,1
BMPR1A_KD,no_BMP,10x-1,499,181.2,795.4,107,8.32,10.82,1262.44,205.44,1100.19,0.1867,1.3,20.0,dapi,1
BMPR1A_KD,no_BMP,10x-1,500,179.2,322.8,69,71.59,93.07,1257.7,200.7,1215.13,0.1652,1.3,20.0,dapi,1
BMPR1A_KD,no_BMP,10x-1,501,180.8,420.1,60,157.06,204.18,1274.58,217.58,1140.33,0.1908,1.3,20.0,dapi,1
BMPR1A_KD,no_BMP,10x-1,502,181.3,456.2,85,144.51,187.86,1263.34,206.34,1072.78,0.1923,1.3,20.0,dapi,1
BMPR1A_KD,no_BMP,10x-1,503,183.8,547.1,84,129.62,168.5,1242.15,185.15,945.56,0.1958,1.3,20.0,dapi,1
BMPR1A_KD,no_BMP,10x-1,504,180.2,772.0,53,27.7,36.01,1276.21,219.21,1155.94,0.1896,1.3,20.0,dapi,1
BMPR1A_KD,no_BMP,10x-1,505,182.9,338.4,70,87.08,113.2,1307.41,250.41,1212.9,0.2065,1.3,20.0,dapi,1
BMPR1A_KD,no_BMP,10x-1,506,181.4,359.9,71,107.59,139.86,1296.07,239.07,1008.3,0.2371,1.3,20.0,dapi,1
BMPR1A_KD,no_BMP,10x-1,507,183.2,434.6,108,155.03,201.54,1247.52,190.52,1157.77,0.1646,1.3,20.0,dapi,1
BMPR1A_KD,no_BMP,10x-1,508,182.0,472.4,70,139.49,181.33,1290.71,233.71,1158.21,0.2018,1.3,20.0,dapi,1
BMPR1A_KD,no_BMP,10x-1,509,182.5,568.0,85,130.0,169.0,1223.01,166.01,937.11,0.1772,1.3,20.0,dapi,1
BMPR1A_KD,no_BMP,10x-1,510,182.8,636.5,96,120.75,156.97,1231.91,174.91,1034.97,0.169,1.3,20.0,dapi,1
BMPR1A_KD,no_BMP,10x-1,511,182.2,649.6,76,117.99,153.39,1249.82,192.82,1003.64,0.1921,1.3,20.0,dapi,1
BMPR1A_KD,no_BMP,10x-1,512,184.1,663.2,91,119.65,155.54,1265.02,208.02,939.78,0.2214,1.3,20.0,dapi,1
BMPR1A_KD,no_BMP,10x-1,513,183.2,260.5,75,16.82,21.86,1338.68,281.68,1504.03,0.1873,1.3,20.0,dapi,1
BMPR1A_KD,no_BMP,10x-1,514,185.2,330.7,92,81.18,105.54,1288.64,231.64,1224.59,0.1892,1.3,20.0,dapi,1
BMPR1A_KD,no_BMP,10x-1,515,184.1,506.9,148,132.26,171.94,1265.39,208.39,955.82,0.218,1.3,20.0,dapi,1
BMPR1A_KD,no_BMP,10x-1,516,185.5,538.4,80,130.67,169.87,1279.49,222.49,1004.33,0.2215,1.3,20.0,dapi,1
BMPR1A_KD,no_BMP,10x-1,517,183.7,688.2,78,103.82,134.97,1246.17,189.17,1243.03,0.1522,1.3,20.0,dapi,1
BMPR1A_KD,no_BMP,10x-1,518,182.2,763.2,29,36.82,47.86,1263.62,206.62,1333.86,0.1549,1.3,20.0,dapi,1
BMPR1A_KD,no_BMP,10x-1,519,183.4,251.0,60,9.03,11.74,1351.0,294.0,1367.38,0.215,1.3,20.0,dapi,1
BMPR1A_KD,no_BMP,10x-1,520,184.0,269.0,66,25.47,33.11,1329.15,272.15,1378.58,0.1974,1.3,20.0,dapi,1
BMPR1A_KD,no_BMP,10x-1,521,182.6,282.2,40,37.25,48.42,1373.45,316.45,1342.1,0.2358,1.3,20.0,dapi,1
BMPR1A_KD,no_BMP,10x-1,522,182.9,391.1,36,137.85,179.21,1262.61,205.61,1344.31,0.1529,1.3,20.0,dapi,1
BMPR1A_KD,no_BMP,10x-1,523,187.4,672.3,133,116.85,151.9,1252.35,195.35,1015.52,0.1924,1.3,20.0,dapi,1
BMPR1A_KD,no_BMP,10x-1,524,187.7,376.8,129,125.82,163.57,1275.27,218.27,1035.88,0.2107,1.3,20.0,dapi,1
BMPR1A_KD,no_BMP,10x-1,525,185.5,297.9,59,51.5,66.95,1321.44,264.44,1386.68,0.1907,1.3,20.0,dapi,1
BMPR1A_KD,no_BMP,10x-1,526,187.1,404.3,81,151.38,196.8,1260.02,203.02,1040.77,0.1951,1.3,20.0,dapi,1
BMPR1A_KD,no_BMP,10x-1,527,184.4,528.6,37,130.2,169.26,1249.73,192.73,1249.84,0.1542,1.3,20.0,dapi,1
BMPR1A_KD,no_BMP,10x-1,528,185.9,802.3,70,4.54,5.9,1225.44,168.44,928.64,0.1814,1.3,20.0,dapi,1
BMPR1A_KD,no_BMP,10x-1,529,190.1,464.9,121,149.54,194.4,1300.26,243.26,1100.12,0.2211,1.3,20.0,dapi,1
BMPR1A_KD,no_BMP,10x-1,530,188.9,583.6,120,138.76,180.39,1227.84,170.84,1036.39,0.1648,1.3,20.0,dapi,1
BMPR1A_KD,no_BMP,10x-1,531,186.6,753.2,62,47.94,62.32,1259.45,202.45,1028.08,0.1969,1.3,20.0,dapi,1
BMPR1A_KD,no_BMP,10x-1,532,189.5,240.9,95,7.42,9.64,1304.32,247.32,1194.37,0.2071,1.3,20.0,dapi,1
BMPR1A_KD,no_BMP,10x-1,533,186.4,320.0,39,71.43,92.86,1262.79,205.79,1310.54,0.157,1.3,20.0,dapi,1
BMPR1A_KD,no_BMP,10x-1,534,189.6,419.2,87,166.03,215.84,1251.23,194.23,1109.16,0.1751,1.3,20.0,dapi,1
BMPR1A_KD,no_BMP,10x-1,535,189.0,477.8,63,144.0,187.19,1272.13,215.13,1055.95,0.2037,1.3,20.0,dapi,1
BMPR1A_KD,no_BMP,10x-1,536,189.5,702.2,81,97.42,126.65,1204.32,147.32,1134.88,0.1298,1.3,20.0,dapi,1
BMPR1A_KD,no_BMP,10x-1,537,186.7,784.0,33,20.85,27.11,1287.18,230.18,1091.82,0.2108,1.3,20.0,dapi,1
BMPR1A_KD,no_BMP,10x-1,538,190.3,275.6,72,34.27,44.56,1315.08,258.08,1397.12,0.1847,1.3,20.0,dapi,1
BMPR1A_KD,no_BMP,10x-1,539,189.9,603.4,108,135.84,176.59,1231.45,174.45,1130.52,0.1543,1.3,20.0,dapi,1
BMPR1A_KD,no_BMP,10x-1,540,189.8,285.5,70,42.56,55.32,1324.33,267.33,1425.26,0.1876,1.3,20.0,dapi,1
BMPR1A_KD,no_BMP,10x-1,541,188.9,344.8,27,95.69,124.39,1280.63,223.63,1646.52,0.1358,1.3,20.0,dapi,1
BMPR1A_KD,no_BMP,10x-1,542,190.6,389.4,85,138.19,179.65,1255.98,198.98,1198.96,0.166,1.3,20.0,dapi,1
BMPR1A_KD,no_BMP,10x-1,543,191.0,313.4,60,67.47,87.71,1284.73,227.73,1510.47,0.1508,1.3,20.0,dapi,1
BMPR1A_KD,no_BMP,10x-1,544,190.2,358.6,28,109.21,141.97,1290.68,233.68,1586.54,0.1473,1.3,20.0,dapi,1
BMPR1A_KD,no_BMP,10x-1,545,192.3,682.1,95,113.81,147.95,1226.53,169.53,1208.02,0.1403,1.3,20.0,dapi,1
BMPR1A_KD,no_BMP,10x-1,546,190.3,260.5,52,20.42,26.55,1319.98,262.98,1554.81,0.1691,1.3,20.0,dapi,1
BMPR1A_KD,no_BMP,10x-1,547,191.2,303.8,44,59.78,77.72,1308.41,251.41,1295.32,0.1941,1.3,20.0,dapi,1
BMPR1A_KD,no_BMP,10x-1,548,193.1,451.4,82,157.5,204.75,1255.59,198.59,1111.87,0.1786,1.3,20.0,dapi,1
BMPR1A_KD,no_BMP,10x-1,549,191.6,564.0,73,138.45,179.98,1181.25,124.25,1056.9,0.1176,1.3,20.0,dapi,1
BMPR1A_KD,no_BMP,10x-1,550,190.8,768.9,38,35.39,46.01,1269.37,212.37,1165.55,0.1822,1.3,20.0,dapi,1
BMPR1A_KD,no_BMP,10x-1,551,193.8,433.9,82,165.29,214.88,1252.46,195.46,1052.33,0.1857,1.3,20.0,dapi,1
BMPR1A_KD,no_BMP,10x-1,552,194.6,442.5,63,162.81,211.65,1266.25,209.25,1052.6,0.1988,1.3,20.0,dapi,1
BMPR1A_KD,no_BMP,10x-1,553,194.0,494.2,70,144.49,187.84,1287.24,230.24,997.51,0.2308,1.3,20.0,dapi,1
BMPR1A_KD,no_BMP,10x-1,554,195.1,519.3,102,141.93,184.51,1258.97,201.97,1073.85,0.1881,1.3,20.0,dapi,1
BMPR1A_KD,no_BMP,10x-1,555,192.0,641.3,69,128.87,167.53,1239.55,182.55,1140.22,0.1601,1.3,20.0,dapi,1
BMPR1A_KD,no_BMP,10x-1,556,193.7,347.5,59,99.38,129.2,1283.1,226.1,1114.64,0.2028,1.3,20.0,dapi,1
BMPR1A_KD,no_BMP,10x-1,557,194.3,482.4,63,147.54,191.8,1278.92,221.92,1033.41,0.2147,1.3,20.0,dapi,1
BMPR1A_KD,no_BMP,10x-1,558,191.4,530.0,34,137.09,178.21,1244.82,187.82,1315.18,0.1428,1.3,20.0,dapi,1
BMPR1A_KD,no_BMP,10x-1,559,195.2,549.2,118,140.62,182.8,1227.93,170.93,1066.4,0.1603,1.3,20.0,dapi,1
BMPR1A_KD,no_BMP,10x-1,560,195.4,296.1,68,54.62,71.01,1331.56,274.56,1454.56,0.1888,1.3,20.0,dapi,1
BMPR1A_KD,no_BMP,10x-1,561,195.8,410.3,112,159.76,207.69,1256.46,199.46,1030.24,0.1936,1.3,20.0,dapi,1
BMPR1A_KD,no_BMP,10x-1,562,197.4,652.3,127,132.83,172.68,1250.39,193.39,1051.66,0.1839,1.3,20.0,dapi,1
BMPR1A_KD,no_BMP,10x-1,563,196.4,708.7,88,92.47,120.21,1182.56,125.56,1133.75,0.1107,1.3,20.0,dapi,1
BMPR1A_KD,no_BMP,10x-1,564,197.1,722.2,125,80.47,104.62,1209.86,152.86,1041.0,0.1468,1.3,20.0,dapi,1
BMPR1A_KD,no_BMP,10x-1,565,195.8,264.0,33,27.25,35.43,1369.06,312.06,1239.64,0.2517,1.3,20.0,dapi,1
BMPR1A_KD,no_BMP,10x-1,566,199.1,629.5,95,137.59,178.86,1247.4,190.4,1029.89,0.1849,1.3,20.0,dapi,1
BMPR1A_KD,no_BMP,10x-1,567,197.7,757.3,127,49.28,64.06,1263.2,206.2,1215.02,0.1697,1.3,20.0,dapi,1
BMPR1A_KD,no_BMP,10x-1,568,197.6,783.8,48,25.76,33.49,1243.38,186.38,1618.71,0.1151,1.3,20.0,dapi,1
BMPR1A_KD,no_BMP,10x-1,569,200.8,798.5,141,15.03,19.54,1254.88,197.88,1053.69,0.1878,1.3,20.0,dapi,1
BMPR1A_KD,no_BMP,10x-1,570,196.9,809.7,76,4.86,6.32,1227.59,170.59,914.21,0.1866,1.3,20.0,dapi,1
BMPR1A_KD,no_BMP,10x-1,571,198.6,325.3,67,81.86,106.42,1266.91,209.91,1421.57,0.1477,1.3,20.0,dapi,1
BMPR1A_KD,no_BMP,10x-1,572,199.3,666.8,109,128.98,167.67,1237.27,180.27,1137.65,0.1585,1.3,20.0,dapi,1
BMPR1A_KD,no_BMP,10x-1,573,198.1,306.4,47,65.03,84.53,1300.55,243.55,1183.3,0.2058,1.3,20.0,dapi,1
BMPR1A_KD,no_BMP,10x-1,574,200.8,505.9,115,149.23,194.0,1271.19,214.19,1051.4,0.2037,1.3,20.0,dapi,1
BMPR1A_KD,no_BMP,10x-1,575,199.8,579.8,136,148.76,193.39,1196.61,139.61,1040.66,0.1342,1.3,20.0,dapi,1
BMPR1A_KD,no_BMP,10x-1,576,200.1,744.8,98,60.67,78.88,1255.11,198.11,1137.94,0.1741,1.3,20.0,dapi,1
BMPR1A_KD,no_BMP,10x-1,577,198.9,286.8,56,48.14,62.59,1327.32,270.32,1362.55,0.1984,1.3,20.0,dapi,1
BMPR1A_KD,no_BMP,10x-1,578,201.7,366.7,91,120.92,157.2,1288.19,231.19,1263.82,0.1829,1.3,20.0,dapi,1
BMPR1A_KD,no_BMP,10x-1,579,199.3,392.0,77,143.37,186.38,1258.65,201.65,1096.56,0.1839,1.3,20.0,dapi,1
BMPR1A_KD,no_BMP,10x-1,580,199.9,231.9,69,6.55,8.51,1261.62,204.62,1364.54,0.15,1.3,20.0,dapi,1
BMPR1A_KD,no_BMP,10x-1,581,200.5,351.0,68,105.45,137.08,1286.74,229.74,1287.28,0.1785,1.3,20.0,dapi,1
BMPR1A_KD,no_BMP,10x-1,582,202.2,604.1,108,146.84,190.89,1248.03,191.03,1121.74,0.1703,1.3,20.0,dapi,1
BMPR1A_KD,no_BMP,10x-1,583,201.8,335.7,60,92.92,120.79,1273.02,216.02,1062.77,0.2033,1.3,20.0,dapi,1
BMPR1A_KD,no_BMP,10x-1,584,202.3,421.4,75,171.98,223.57,1245.73,188.73,1023.11,0.1845,1.3,20.0,dapi,1
BMPR1A_KD,no_BMP,10x-1,585,203.2,473.2,94,158.86,206.52,1255.26,198.26,1120.81,0.1769,1.3,20.0,dapi,1
BMPR1A_KD,no_BMP,10x-1,586,204.8,590.7,117,154.16,200.41,1229.62,172.62,1088.03,0.1587,1.3,20.0,dapi,1
BMPR1A_KD,no_BMP,10x-1,587,204.6,613.2,112,147.14,191.28,1239.25,182.25,1144.46,0.1592,1.3,20.0,dapi,1
BMPR1A_KD,no_BMP,10x-1,588,204.1,696.6,108,106.37,138.29,1182.48,125.48,1082.21,0.1159,1.3,20.0,dapi,1
BMPR1A_KD,no_BMP,10x-1,589,201.7,769.2,57,41.08,53.4,1264.35,207.35,1048.79,0.1977,1.3,20.0,dapi,1
BMPR1A_KD,no_BMP,10x-1,590,202.1,817.7,90,6.16,8.0,1249.48,192.48,1153.61,0.1668,1.3,20.0,dapi,1
BMPR1A_KD,no_BMP,10x-1,591,203.3,263.4,81,31.28,40.67,1343.48,286.48,1309.0,0.2189,1.3,20.0,dapi,1
BMPR1A_KD,no_BMP,10x-1,592,203.3,685.9,66,116.51,151.47,1193.09,136.09,991.55,0.1373,1.3,20.0,dapi,1
BMPR1A_KD,no_BMP,10x-1,593,203.6,734.3,71,72.27,93.96,1270.04,213.04,963.37,0.2211,1.3,20.0,dapi,1
BMPR1A_KD,no_BMP,10x-1,594,203.8,243.4,48,18.04,23.45,1334.58,277.58,1292.69,0.2147,1.3,20.0,dapi,1
BMPR1A_KD,no_BMP,10x-1,595,203.7,312.5,52,73.77,95.9,1274.6,217.6,1136.13,0.1915,1.3,20.0,dapi,1
BMPR1A_KD,no_BMP,10x-1,596,205.3,492.0,67,155.67,202.36,1268.48,211.48,978.49,0.2161,1.3,20.0,dapi,1
BMPR1A_KD,no_BMP,10x-1,597,205.4,275.7,58,42.24,54.92,1322.14,265.14,1077.71,0.246,1.3,20.0,dapi,1
BMPR1A_KD,no_BMP,10x-1,598,207.1,376.0,97,131.16,170.5,1264.64,207.64,1298.26,0.1599,1.3,20.0,dapi,1
BMPR1A_KD,no_BMP,10x-1,599,206.6,538.5,161,152.64,198.43,1253.5,196.5,953.44,0.2061,1.3,20.0,dapi,1
BMPR1A_KD,no_BMP,10x-1,600,205.6,561.7,96,152.2,197.86,1182.59,125.59,1053.5,0.1192,1.3,20.0,dapi,1
BMPR1A_KD,no_BMP,10x-1,601,208.4,826.8,132,4.54,5.9,1206.33,149.33,939.63,0.1589,1.3,20.0,dapi,1
BMPR1A_KD,no_BMP,10x-1,602,207.4,717.3,101,88.89,115.56,1227.13,170.13,1138.66,0.1494,1.3,20.0,dapi,1
BMPR1A_KD,no_BMP,10x-1,603,208.8,249.2,61,25.76,33.49,1336.51,279.51,1552.1,0.1801,1.3,20.0,dapi,1
BMPR1A_KD,no_BMP,10x-1,604,207.5,352.5,96,110.74,143.96,1282.27,225.27,1134.98,0.1985,1.3,20.0,dapi,1
BMPR1A_KD,no_BMP,10x-1,605,208.3,384.1,84,138.93,180.61,1262.48,205.48,1209.11,0.1699,1.3,20.0,dapi,1
BMPR1A_KD,no_BMP,10x-1,606,207.4,451.7,78,170.27,221.36,1255.78,198.78,999.72,0.1988,1.3,20.0,dapi,1
BMPR1A_KD,no_BMP,10x-1,607,207.8,525.0,125,154.47,200.81,1255.26,198.26,1065.52,0.1861,1.3,20.0,dapi,1
BMPR1A_KD,no_BMP,10x-1,608,207.5,676.9,71,126.6,164.59,1248.06,191.06,1056.38,0.1809,1.3,20.0,dapi,1
BMPR1A_KD,no_BMP,10x-1,609,205.9,761.0,48,50.01,65.01,1289.52,232.52,1183.81,0.1964,1.3,20.0,dapi,1
BMPR1A_KD,no_BMP,10x-1,610,206.8,288.0,53,53.12,69.06,1320.23,263.23,1084.96,0.2426,1.3,20.0,dapi,1
BMPR1A_KD,no_BMP,10x-1,611,207.8,301.8,70,65.62,85.31,1302.4,245.4,1541.17,0.1592,1.3,20.0,dapi,1
BMPR1A_KD,no_BMP,10x-1,612,208.1,319.3,59,80.87,105.13,1274.95,217.95,1201.73,0.1814,1.3,20.0,dapi,1
BMPR1A_KD,no_BMP,10x-1,613,208.8,412.6,73,166.45,216.39,1255.73,198.73,1027.79,0.1934,1.3,20.0,dapi,1
BMPR1A_KD,no_BMP,10x-1,614,208.0,432.8,82,178.36,231.87,1261.28,204.28,984.23,0.2076,1.3,20.0,dapi,1
BMPR1A_KD,no_BMP,10x-1,615,210.5,402.8,118,157.72,205.04,1237.81,180.81,1089.24,0.166,1.3,20.0,dapi,1
BMPR1A_KD,no_BMP,10x-1,616,208.4,464.7,72,166.26,216.14,1248.68,191.68,986.19,0.1944,1.3,20.0,dapi,1
BMPR1A_KD,no_BMP,10x-1,617,208.8,781.9,99,33.22,43.18,1257.15,200.15,1142.6,0.1752,1.3,20.0,dapi,1
BMPR1A_KD,no_BMP,10x-1,618,209.5,328.9,82,90.46,117.6,1257.29,200.29,1069.93,0.1872,1.3,20.0,dapi,1
BMPR1A_KD,no_BMP,10x-1,619,210.8,573.0,118,158.42,205.95,1183.54,126.54,1067.31,0.1186,1.3,20.0,dapi,1
BMPR1A_KD,no_BMP,10x-1,620,211.6,628.7,89,150.54,195.7,1249.19,192.19,1071.49,0.1794,1.3,20.0,dapi,1
BMPR1A_KD,no_BMP,10x-1,621,210.7,236.4,70,15.14,19.69,1330.63,273.63,1402.27,0.1951,1.3,20.0,dapi,1
BMPR1A_KD,no_BMP,10x-1,622,212.0,620.5,78,152.1,197.73,1237.74,180.74,1016.53,0.1778,1.3,20.0,dapi,1
BMPR1A_KD,no_BMP,10x-1,623,211.5,803.4,76,20.46,26.6,1264.26,207.26,945.32,0.2193,1.3,20.0,dapi,1
BMPR1A_KD,no_BMP,10x-1,624,213.3,485.5,111,164.82,214.27,1242.12,185.12,1085.71,0.1705,1.3,20.0,dapi,1
BMPR1A_KD,no_BMP,10x-1,625,212.7,641.4,99,149.71,194.63,1255.95,198.95,953.24,0.2087,1.3,20.0,dapi,1
BMPR1A_KD,no_BMP,10x-1,626,213.7,766.5,104,48.43,62.96,1261.24,204.24,1118.26,0.1826,1.3,20.0,dapi,1
BMPR1A_KD,no_BMP,10x-1,627,214.0,221.6,97,6.82,8.86,1291.12,234.12,1189.91,0.1968,1.3,20.0,dapi,1
BMPR1A_KD,no_BMP,10x-1,628,212.3,282.4,54,51.32,66.72,1329.54,272.54,1195.02,0.2281,1.3,20.0,dapi,1
BMPR1A_KD,no_BMP,10x-1,629,213.0,442.8,76,179.04,232.76,1248.43,191.43,1062.86,0.1801,1.3,20.0,dapi,1
BMPR1A_KD,no_BMP,10x-1,630,213.8,663.7,101,140.83,183.08,1233.79,176.79,933.69,0.1893,1.3,20.0,dapi,1
BMPR1A_KD,no_BMP,10x-1,631,215.2,266.2,89,42.24,54.92,1353.27,296.27,1394.22,0.2125,1.3,20.0,dapi,1
BMPR1A_KD,no_BMP,10x-1,632,214.2,298.5,53,65.32,84.92,1290.19,233.19,1180.6,0.1975,1.3,20.0,dapi,1
BMPR1A_KD,no_BMP,10x-1,633,215.7,707.3,102,101.79,132.32,1224.36,167.36,1155.26,0.1449,1.3,20.0,dapi,1
BMPR1A_KD,no_BMP,10x-1,634,214.4,739.2,56,73.1,95.03,1250.29,193.29,1516.07,0.1275,1.3,20.0,dapi,1
BMPR1A_KD,no_BMP,10x-1,635,214.9,813.9,58,11.04,14.35,1237.52,180.52,991.34,0.1821,1.3,20.0,dapi,1
BMPR1A_KD,no_BMP,10x-1,636,216.0,273.8,51,48.27,62.75,1333.06,276.06,1501.2,0.1839,1.3,20.0,dapi,1
BMPR1A_KD,no_BMP,10x-1,637,217.0,501.6,98,165.64,215.33,1260.79,203.79,1082.07,0.1883,1.3,20.0,dapi,1
BMPR1A_KD,no_BMP,10x-1,638,216.9,516.6,99,164.02,213.22,1248.41,191.41,1072.77,0.1784,1.3,20.0,dapi,1
BMPR1A_KD,no_BMP,10x-1,639,216.8,249.3,85,29.39,38.21,1366.51,309.51,1400.69,0.221,1.3,20.0,dapi,1
BMPR1A_KD,no_BMP,10x-1,640,217.7,387.5,80,146.58,190.56,1250.55,193.55,1053.09,0.1838,1.3,20.0,dapi,1
BMPR1A_KD,no_BMP,10x-1,641,217.5,433.0,86,187.49,243.73,1269.21,212.21,1038.24,0.2044,1.3,20.0,dapi,1
BMPR1A_KD,no_BMP,10x-1,642,216.4,459.1,70,175.88,228.65,1251.09,194.09,1029.16,0.1886,1.3,20.0,dapi,1
BMPR1A_KD,no_BMP,10x-1,643,217.8,538.6,109,163.64,212.73,1236.34,179.34,1087.5,0.1649,1.3,20.0,dapi,1
BMPR1A_KD,no_BMP,10x-1,644,217.0,792.6,77,27.56,35.82,1248.35,191.35,955.75,0.2002,1.3,20.0,dapi,1
BMPR1A_KD,no_BMP,10x-1,645,218.8,419.2,113,175.52,228.18,1256.88,199.88,1125.73,0.1776,1.3,20.0,dapi,1
BMPR1A_KD,no_BMP,10x-1,646,221.0,606.7,158,164.15,213.4,1236.91,179.91,951.96,0.189,1.3,20.0,dapi,1
BMPR1A_KD,no_BMP,10x-1,647,217.9,234.1,67,17.86,23.21,1333.76,276.76,1339.09,0.2067,1.3,20.0,dapi,1
BMPR1A_KD,no_BMP,10x-1,648,218.0,287.7,51,59.78,77.72,1309.35,252.35,1162.29,0.2171,1.3,20.0,dapi,1
BMPR1A_KD,no_BMP,10x-1,649,218.5,325.2,68,91.09,118.41,1271.5,214.5,1353.26,0.1585,1.3,20.0,dapi,1
BMPR1A_KD,no_BMP,10x-1,650,220.4,348.1,119,112.25,145.92,1274.62,217.62,1091.81,0.1993,1.3,20.0,dapi,1
BMPR1A_KD,no_BMP,10x-1,651,220.5,360.4,77,122.68,159.48,1285.44,228.44,1072.84,0.2129,1.3,20.0,dapi,1
BMPR1A_KD,no_BMP,10x-1,652,221.2,371.6,103,133.62,173.7,1262.6,205.6,1163.84,0.1767,1.3,20.0,dapi,1
BMPR1A_KD,no_BMP,10x-1,653,220.0,589.9,94,168.49,219.03,1208.77,151.77,1111.21,0.1366,1.3,20.0,dapi,1
BMPR1A_KD,no_BMP,10x-1,654,219.0,685.1,72,123.01,159.92,1226.92,169.92,1010.25,0.1682,1.3,20.0,dapi,1
BMPR1A_KD,no_BMP,10x-1,655,219.9,696.0,80,113.43,147.45,1213.84,156.84,934.26,0.1679,1.3,20.0,dapi,1
BMPR1A_KD,no_BMP,10x-1,656,219.6,777.0,87,41.23,53.6,1251.46,194.46,1266.09,0.1536,1.3,20.0,dapi,1
BMPR1A_KD,no_BMP,10x-1,657,220.6,305.8,73,75.88,98.64,1287.75,230.75,1327.59,0.1738,1.3,20.0,dapi,1
BMPR1A_KD,no_BMP,10x-1,658,222.7,475.9,99,177.06,230.17,1279.56,222.56,1207.94,0.1842,1.3,20.0,dapi,1
BMPR1A_KD,no_BMP,10x-1,659,220.1,207.5,82,5.81,7.55,1267.23,210.23,1242.62,0.1692,1.3,20.0,dapi,1
BMPR1A_KD,no_BMP,10x-1,660,219.8,256.0,43,36.97,48.06,1359.28,302.28,1412.51,0.214,1.3,20.0,dapi,1
BMPR1A_KD,no_BMP,10x-1,661,222.7,643.2,87,159.44,207.28,1250.48,193.48,1094.85,0.1767,1.3,20.0,dapi,1
BMPR1A_KD,no_BMP,10x-1,662,221.4,818.6,73,3.85,5.01,1204.44,147.44,969.78,0.152,1.3,20.0,dapi,1
BMPR1A_KD,no_BMP,10x-1,663,222.0,560.5,79,168.01,218.41,1182.99,125.99,942.13,0.1337,1.3,20.0,dapi,1
BMPR1A_KD,no_BMP,10x-1,664,221.9,573.3,85,169.32,220.11,1180.66,123.66,945.32,0.1308,1.3,20.0,dapi,1
BMPR1A_KD,no_BMP,10x-1,665,221.2,666.7,62,140.42,182.54,1216.35,159.35,1051.5,0.1516,1.3,20.0,dapi,1
BMPR1A_KD,no_BMP,10x-1,666,223.7,716.0,98,97.82,127.17,1228.27,171.27,1151.51,0.1487,1.3,20.0,dapi,1
BMPR1A_KD,no_BMP,10x-1,667,223.9,167.7,106,4.84,6.29,1254.25,197.25,1019.43,0.1935,1.3,20.0,dapi,1
BMPR1A_KD,no_BMP,10x-1,668,222.5,226.6,50,16.24,21.11,1314.06,257.06,1204.78,0.2134,1.3,20.0,dapi,1
BMPR1A_KD,no_BMP,10x-1,669,225.4,400.8,88,161.32,209.72,1234.02,177.02,1120.59,0.158,1.3,20.0,dapi,1
BMPR1A_KD,no_BMP,10x-1,670,224.7,675.2,74,134.58,174.96,1210.88,153.88,1270.01,0.1212,1.3,20.0,dapi,1
BMPR1A_KD,no_BMP,10x-1,671,226.1,459.4,77,185.22,240.79,1246.84,189.84,963.21,0.1971,1.3,20.0,dapi,1
BMPR1A_KD,no_BMP,10x-1,672,229.3,515.5,232,176.06,228.87,1253.86,196.86,825.98,0.2383,1.3,20.0,dapi,1
BMPR1A_KD,no_BMP,10x-1,673,227.6,615.7,132,168.79,219.43,1230.95,173.95,1025.46,0.1696,1.3,20.0,dapi,1
BMPR1A_KD,no_BMP,10x-1,674,226.4,651.7,100,156.21,203.07,1237.03,180.03,1163.54,0.1547,1.3,20.0,dapi,1
BMPR1A_KD,no_BMP,10x-1,675,224.3,802.0,66,16.4,21.31,1256.03,199.03,966.68,0.2059,1.3,20.0,dapi,1
BMPR1A_KD,no_BMP,10x-1,676,224.4,273.4,54,53.64,69.74,1313.2,256.2,1374.83,0.1864,1.3,20.0,dapi,1
BMPR1A_KD,no_BMP,10x-1,677,225.7,330.5,60,98.85,128.51,1255.08,198.08,1103.33,0.1795,1.3,20.0,dapi,1
BMPR1A_KD,no_BMP,10x-1,678,227.3,733.6,86,81.16,105.5,1253.58,196.58,1029.2,0.191,1.3,20.0,dapi,1
BMPR1A_KD,no_BMP,10x-1,679,226.1,783.2,83,33.86,44.02,1238.16,181.16,1221.11,0.1484,1.3,20.0,dapi,1
BMPR1A_KD,no_BMP,10x-1,680,225.9,255.1,76,39.26,51.04,1328.95,271.95,1446.66,0.188,1.3,20.0,dapi,1
BMPR1A_KD,no_BMP,10x-1,681,227.9,291.8,105,69.48,90.32,1276.67,219.67,1195.91,0.1837,1.3,20.0,dapi,1
BMPR1A_KD,no_BMP,10x-1,682,227.9,682.6,71,128.62,167.2,1207.89,150.89,1313.85,0.1148,1.3,20.0,dapi,1
BMPR1A_KD,no_BMP,10x-1,683,227.3,758.7,75,57.04,74.15,1236.08,179.08,1187.57,0.1508,1.3,20.0,dapi,1
BMPR1A_KD,no_BMP,10x-1,684,228.5,184.3,109,5.64,7.33,1279.27,222.27,1085.71,0.2047,1.3,20.0,dapi,1
BMPR1A_KD,no_BMP,10x-1,685,226.6,209.2,68,12.78,16.61,1294.74,237.74,1263.31,0.1882,1.3,20.0,dapi,1
BMPR1A_KD,no_BMP,10x-1,686,227.6,487.8,78,178.99,232.69,1245.99,188.99,993.97,0.1901,1.3,20.0,dapi,1
BMPR1A_KD,no_BMP,10x-1,687,228.8,744.8,74,69.99,90.99,1214.57,157.57,1361.82,0.1157,1.3,20.0,dapi,1
BMPR1A_KD,no_BMP,10x-1,688,228.4,310.6,53,84.02,109.22,1283.17,226.17,1137.21,0.1989,1.3,20.0,dapi,1
BMPR1A_KD,no_BMP,10x-1,689,229.9,319.5,74,92.51,120.27,1282.88,225.88,1391.64,0.1623,1.3,20.0,dapi,1
BMPR1A_KD,no_BMP,10x-1,690,228.8,345.1,63,113.44,147.47,1262.32,205.32,1062.84,0.1932,1.3,20.0,dapi,1
BMPR1A_KD,no_BMP,10x-1,691,230.1,380.6,93,145.86,189.62,1247.91,190.91,990.1,0.1928,1.3,20.0,dapi,1
BMPR1A_KD,no_BMP,10x-1,692,231.1,468.9,122,186.73,242.74,1253.32,196.32,1105.25,0.1776,1.3,20.0,dapi,1
BMPR1A_KD,no_BMP,10x-1,693,229.2,227.9,56,22.42,29.14,1317.86,260.86,1358.18,0.1921,1.3,20.0,dapi,1
BMPR1A_KD,no_BMP,10x-1,694,231.6,251.2,128,39.84,51.79,1336.66,279.66,1341.65,0.2084,1.3,20.0,dapi,1
BMPR1A_KD,no_BMP,10x-1,695,229.4,391.7,60,155.03,201.54,1239.73,182.73,1091.03,0.1675,1.3,20.0,dapi,1
BMPR1A_KD,no_BMP,10x-1,696,231.5,411.7,96,174.26,226.54,1256.07,199.07,1114.28,0.1787,1.3,20.0,dapi,1
BMPR1A_KD,no_BMP,10x-1,697,230.9,543.5,86,176.62,229.6,1240.77,183.77,1044.99,0.1759,1.3,20.0,dapi,1
BMPR1A_KD,no_BMP,10x-1,698,231.5,596.7,103,176.59,229.56,1204.21,147.21,1066.58,0.138,1.3,20.0,dapi,1
BMPR1A_KD,no_BMP,10x-1,699,232.3,724.5,107,90.0,116.99,1235.76,178.76,1116.43,0.1601,1.3,20.0,dapi,1
BMPR1A_KD,no_BMP,10x-1,700,231.2,771.1,91,44.39,57.71,1219.04,162.04,1203.01,0.1347,1.3,20.0,dapi,1
BMPR1A_KD,no_BMP,10x-1,701,230.8,199.1,63,10.62,13.8,1321.03,264.03,1015.06,0.2601,1.3,20.0,dapi,1
BMPR1A_KD,no_BMP,10x-1,702,230.9,267.5,65,52.88,68.74,1352.09,295.09,1392.11,0.212,1.3,20.0,dapi,1
BMPR1A_KD,no_BMP,10x-1,703,231.3,426.2,94,186.57,242.54,1261.61,204.61,1211.96,0.1688,1.3,20.0,dapi,1
BMPR1A_KD,no_BMP,10x-1,704,230.9,533.2,79,176.83,229.87,1246.32,189.32,979.44,0.1933,1.3,20.0,dapi,1
BMPR1A_KD,no_BMP,10x-1,705,233.9,302.1,85,80.88,105.14,1290.65,233.65,1330.25,0.1756,1.3,20.0,dapi,1
BMPR1A_KD,no_BMP,10x-1,706,233.1,446.7,64,196.15,255.0,1271.44,214.44,1004.05,0.2136,1.3,20.0,dapi,1
BMPR1A_KD,no_BMP,10x-1,707,233.3,436.9,70,197.47,256.7,1264.89,207.89,1101.6,0.1887,1.3,20.0,dapi,1
BMPR1A_KD,no_BMP,10x-1,708,232.6,555.0,46,178.74,232.36,1234.65,177.65,1166.24,0.1523,1.3,20.0,dapi,1
BMPR1A_KD,no_BMP,10x-1,709,234.8,582.6,69,183.72,238.83,1196.57,139.57,952.25,0.1466,1.3,20.0,dapi,1
BMPR1A_KD,no_BMP,10x-1,710,233.1,637.8,74,169.93,220.9,1250.22,193.22,1027.89,0.188,1.3,20.0,dapi,1
BMPR1A_KD,no_BMP,10x-1,711,234.0,703.9,104,109.52,142.38,1235.38,178.38,1092.62,0.1633,1.3,20.0,dapi,1
BMPR1A_KD,no_BMP,10x-1,712,234.8,801.5,111,13.48,17.52,1240.65,183.65,1077.6,0.1704,1.3,20.0,dapi,1
BMPR1A_KD,no_BMP,10x-1,713,234.1,278.8,78,63.87,83.04,1300.46,243.46,1385.55,0.1757,1.3,20.0,dapi,1
BMPR1A_KD,no_BMP,10x-1,714,233.6,364.3,63,132.65,172.44,1255.63,198.63,1056.86,0.1879,1.3,20.0,dapi,1
BMPR1A_KD,no_BMP,10x-1,715,234.3,662.7,81,149.24,194.01,1192.1,135.1,1266.69,0.1067,1.3,20.0,dapi,1
BMPR1A_KD,no_BMP,10x-1,716,235.4,329.7,103,103.6,134.68,1274.33,217.33,1158.66,0.1876,1.3,20.0,dapi,1
BMPR1A_KD,no_BMP,10x-1,717,235.0,570.7,36,181.96,236.55,1203.78,146.78,1282.53,0.1144,1.3,20.0,dapi,1
BMPR1A_KD,no_BMP,10x-1,718,237.3,625.3,94,175.85,228.6,1257.79,200.79,967.04,0.2076,1.3,20.0,dapi,1
BMPR1A_KD,no_BMP,10x-1,719,237.9,161.9,130,6.46,8.39,1211.65,154.65,992.96,0.1558,1.3,20.0,dapi,1
BMPR1A_KD,no_BMP,10x-1,720,238.0,193.8,113,16.02,20.82,1291.76,234.76,1096.62,0.2141,1.3,20.0,dapi,1
BMPR1A_KD,no_BMP,10x-1,721,235.3,221.5,70,24.43,31.76,1363.8,306.8,1328.6,0.2309,1.3,20.0,dapi,1
BMPR1A_KD,no_BMP,10x-1,722,234.9,483.9,66,186.69,242.7,1257.15,200.15,1089.06,0.1838,1.3,20.0,dapi,1
BMPR1A_KD,no_BMP,10x-1,723,235.4,674.6,70,138.25,179.73,1210.7,153.7,991.69,0.155,1.3,20.0,dapi,1
BMPR1A_KD,no_BMP,10x-1,724,235.9,790.4,64,24.78,32.21,1228.73,171.73,996.89,0.1723,1.3,20.0,dapi,1
BMPR1A_KD,no_BMP,10x-1,725,236.0,240.1,45,35.22,45.79,1347.89,290.89,1265.44,0.2299,1.3,20.0,dapi,1
BMPR1A_KD,no_BMP,10x-1,726,237.8,288.5,56,73.68,95.79,1278.43,221.43,1310.21,0.169,1.3,20.0,dapi,1
BMPR1A_KD,no_BMP,10x-1,727,238.7,401.3,91,167.7,218.01,1256.2,199.2,1223.96,0.1627,1.3,20.0,dapi,1
BMPR1A_KD,no_BMP,10x-1,728,237.8,461.5,64,195.54,254.2,1253.78,196.78,1065.69,0.1847,1.3,20.0,dapi,1
BMPR1A_KD,no_BMP,10x-1,729,240.0,696.7,119,115.92,150.7,1225.76,168.76,1141.36,0.1479,1.3,20.0,dapi,1
BMPR1A_KD,no_BMP,10x-1,730,238.8,733.8,85,79.15,102.89,1243.75,186.75,1152.71,0.162,1.3,20.0,dapi,1
BMPR1A_KD,no_BMP,10x-1,731,238.1,750.1,82,63.39,82.4,1210.0,153.0,1091.15,0.1402,1.3,20.0,dapi,1
BMPR1A_KD,no_BMP,10x-1,732,238.6,765.4,68,48.4,62.93,1208.44,151.44,1104.38,0.1371,1.3,20.0,dapi,1
BMPR1A_KD,no_BMP,10x-1,733,239.4,811.9,69,2.86,3.72,1198.58,141.58,917.23,0.1544,1.3,20.0,dapi,1
BMPR1A_KD,no_BMP,10x-1,734,239.8,250.6,67,45.44,59.08,1346.46,289.46,1446.16,0.2002,1.3,20.0,dapi,1
BMPR1A_KD,no_BMP,10x-1,735,240.4,347.4,85,120.62,156.8,1258.04,201.04,1314.36,0.153,1.3,20.0,dapi,1
BMPR1A_KD,no_BMP,10x-1,736,240.3,498.6,73,188.83,245.48,1235.99,178.99,961.32,0.1862,1.3,20.0,dapi,1
BMPR1A_KD,no_BMP,10x-1,737,241.8,181.0,84,19.62,25.5,1283.43,226.43,1207.42,0.1875,1.3,20.0,dapi,1
BMPR1A_KD,no_BMP,10x-1,738,239.1,263.7,40,54.27,70.55,1343.8,286.8,1344.88,0.2133,1.3,20.0,dapi,1
BMPR1A_KD,no_BMP,10x-1,739,242.4,357.2,81,130.23,169.31,1267.75,210.75,1035.69,0.2035,1.3,20.0,dapi,1
BMPR1A_KD,no_BMP,10x-1,740,241.9,652.5,72,159.76,207.68,1237.6,180.6,1272.32,0.1419,1.3,20.0,dapi,1
BMPR1A_KD,no_BMP,10x-1,741,243.2,378.3,89,149.19,193.95,1262.78,205.78,1052.18,0.1956,1.3,20.0,dapi,1
BMPR1A_KD,no_BMP,10x-1,742,241.5,530.8,38,187.91,244.29,1248.89,191.89,1280.84,0.1498,1.3,20.0,dapi,1
BMPR1A_KD,no_BMP,10x-1,743,242.7,640.9,95,171.71,223.23,1240.21,183.21,1234.35,0.1484,1.3,20.0,dapi,1
BMPR1A_KD,no_BMP,10x-1,744,244.7,783.7,108,28.8,37.44,1199.04,142.04,872.7,0.1628,1.3,20.0,dapi,1
BMPR1A_KD,no_BMP,10x-1,745,240.6,211.3,26,25.11,32.65,1338.77,281.77,1560.54,0.1806,1.3,20.0,dapi,1
BMPR1A_KD,no_BMP,10x-1,746,241.9,278.3,50,67.28,87.46,1293.56,236.56,1385.86,0.1707,1.3,20.0,dapi,1
BMPR1A_KD,no_BMP,10x-1,747,242.3,301.8,64,86.44,112.37,1301.14,244.14,1142.34,0.2137,1.3,20.0,dapi,1
BMPR1A_KD,no_BMP,10x-1,748,245.4,442.7,87,207.84,270.19,1272.48,215.48,1230.44,0.1751,1.3,20.0,dapi,1
BMPR1A_KD,no_BMP,10x-1,749,241.8,544.7,28,187.62,243.9,1236.25,179.25,1448.82,0.1237,1.3,20.0,dapi,1
BMPR1A_KD,no_BMP,10x-1,750,243.2,715.6,65,96.78,125.81,1250.86,193.86,1129.58,0.1716,1.3,20.0,dapi,1
BMPR1A_KD,no_BMP,10x-1,751,243.5,774.1,68,38.95,50.63,1187.94,130.94,1161.19,0.1128,1.3,20.0,dapi,1
BMPR1A_KD,no_BMP,10x-1,752,245.0,368.3,71,141.28,183.67,1238.94,181.94,1102.76,0.165,1.3,20.0,dapi,1
BMPR1A_KD,no_BMP,10x-1,753,245.3,390.2,92,160.85,209.1,1265.82,208.82,1078.62,0.1936,1.3,20.0,dapi,1
BMPR1A_KD,no_BMP,10x-1,754,246.2,420.6,88,188.62,245.2,1282.8,225.8,1087.17,0.2077,1.3,20.0,dapi,1
BMPR1A_KD,no_BMP,10x-1,755,243.1,432.8,66,197.95,257.34,1274.76,217.76,1257.86,0.1731,1.3,20.0,dapi,1
BMPR1A_KD,no_BMP,10x-1,756,246.2,507.9,109,193.67,251.77,1241.9,184.9,1098.84,0.1683,1.3,20.0,dapi,1
BMPR1A_KD,no_BMP,10x-1,757,244.5,480.5,72,196.13,254.97,1267.43,210.43,1062.32,0.1981,1.3,20.0,dapi,1
BMPR1A_KD,no_BMP,10x-1,758,245.5,322.9,77,104.59,135.96,1277.3,220.3,1201.12,0.1834,1.3,20.0,dapi,1
BMPR1A_KD,no_BMP,10x-1,759,246.5,338.3,69,117.03,152.14,1255.93,198.93,1022.87,0.1945,1.3,20.0,dapi,1
BMPR1A_KD,no_BMP,10x-1,760,248.5,455.6,116,206.94,269.02,1270.24,213.24,1110.46,0.192,1.3,20.0,dapi,1
BMPR1A_KD,no_BMP,10x-1,761,248.2,487.7,97,198.58,258.15,1244.97,187.97,1273.81,0.1476,1.3,20.0,dapi,1
BMPR1A_KD,no_BMP,10x-1,762,246.1,597.7,69,190.66,247.85,1195.68,138.68,1032.59,0.1343,1.3,20.0,dapi,1
BMPR1A_KD,no_BMP,10x-1,763,246.0,660.3,62,152.64,198.43,1224.37,167.37,1069.47,0.1565,1.3,20.0,dapi,1
BMPR1A_KD,no_BMP,10x-1,764,246.2,799.5,116,12.78,16.61,1220.56,163.56,1053.03,0.1553,1.3,20.0,dapi,1
BMPR1A_KD,no_BMP,10x-1,765,246.7,235.6,73,41.76,54.28,1357.51,300.51,1463.55,0.2053,1.3,20.0,dapi,1
BMPR1A_KD,no_BMP,10x-1,766,247.7,406.0,115,176.52,229.48,1287.4,230.4,1158.54,0.1989,1.3,20.0,dapi,1
BMPR1A_KD,no_BMP,10x-1,767,247.5,469.4,79,202.06,262.67,1270.75,213.75,1123.58,0.1902,1.3,20.0,dapi,1
BMPR1A_KD,no_BMP,10x-1,768,247.4,569.5,82,193.67,251.77,1210.13,153.13,907.35,0.1688,1.3,20.0,dapi,1
BMPR1A_KD,no_BMP,10x-1,769,248.9,581.7,128,197.35,256.55,1191.6,134.6,1030.3,0.1306,1.3,20.0,dapi,1
BMPR1A_KD,no_BMP,10x-1,770,249.9,608.4,106,192.01,249.61,1229.41,172.41,1155.47,0.1492,1.3,20.0,dapi,1
BMPR1A_KD,no_BMP,10x-1,771,249.3,673.4,123,139.62,181.5,1204.42,147.42,1091.13,0.1351,1.3,20.0,dapi,1
BMPR1A_KD,no_BMP,10x-1,772,247.3,748.4,113,64.64,84.03,1206.11,149.11,1121.87,0.1329,1.3,20.0,dapi,1
BMPR1A_KD,no_BMP,10x-1,773,249.0,258.1,56,56.8,73.83,1367.27,310.27,1381.27,0.2246,1.3,20.0,dapi,1
BMPR1A_KD,no_BMP,10x-1,774,246.4,265.0,44,59.62,77.51,1344.23,287.23,1412.57,0.2033,1.3,20.0,dapi,1
BMPR1A_KD,no_BMP,10x-1,775,247.1,298.1,50,86.83,112.88,1288.34,231.34,1197.92,0.1931,1.3,20.0,dapi,1
BMPR1A_KD,no_BMP,10x-1,776,250.0,555.2,115,195.73,254.45,1230.21,173.21,1073.62,0.1613,1.3,20.0,dapi,1
BMPR1A_KD,no_BMP,10x-1,777,248.7,626.1,90,186.62,242.6,1275.59,218.59,1259.26,0.1736,1.3,20.0,dapi,1
BMPR1A_KD,no_BMP,10x-1,778,248.9,248.6,74,51.02,66.32,1353.97,296.97,1475.85,0.2012,1.3,20.0,dapi,1
BMPR1A_KD,no_BMP,10x-1,779,248.6,271.9,50,66.83,86.88,1321.82,264.82,1275.94,0.2075,1.3,20.0,dapi,1
BMPR1A_KD,no_BMP,10x-1,780,248.9,283.3,73,75.42,98.04,1291.97,234.97,1363.77,0.1723,1.3,20.0,dapi,1
BMPR1A_KD,no_BMP,10x-1,781,250.4,690.6,103,121.62,158.1,1202.23,145.23,1101.27,0.1319,1.3,20.0,dapi,1
BMPR1A_KD,no_BMP,10x-1,782,249.1,732.1,76,80.62,104.8,1211.25,154.25,1114.18,0.1384,1.3,20.0,dapi,1
BMPR1A_KD,no_BMP,10x-1,783,250.5,160.9,62,4.03,5.24,1217.35,160.35,979.85,0.1637,1.3,20.0,dapi,1
BMPR1A_KD,no_BMP,10x-1,784,252.7,515.2,131,200.07,260.09,1225.87,168.87,1043.55,0.1618,1.3,20.0,dapi,1
BMPR1A_KD,no_BMP,10x-1,785,252.7,525.3,104,199.29,259.08,1223.61,166.61,940.38,0.1772,1.3,20.0,dapi,1
BMPR1A_KD,no_BMP,10x-1,786,251.8,635.3,77,177.63,230.91,1243.4,186.4,970.1,0.1921,1.3,20.0,dapi,1
BMPR1A_KD,no_BMP,10x-1,787,250.7,710.2,78,102.62,133.41,1207.95,150.95,1019.59,0.148,1.3,20.0,dapi,1
BMPR1A_KD,no_BMP,10x-1,788,251.1,329.7,53,113.16,147.11,1270.23,213.23,1156.26,0.1844,1.3,20.0,dapi,1
BMPR1A_KD,no_BMP,10x-1,789,253.6,384.6,103,160.52,208.67,1264.46,207.46,1261.89,0.1644,1.3,20.0,dapi,1
BMPR1A_KD,no_BMP,10x-1,790,250.9,434.6,69,203.33,264.33,1254.39,197.39,1192.48,0.1655,1.3,20.0,dapi,1
BMPR1A_KD,no_BMP,10x-1,791,253.4,535.5,116,198.73,258.35,1234.65,177.65,1081.84,0.1642,1.3,20.0,dapi,1
BMPR1A_KD,no_BMP,10x-1,792,250.4,172.6,41,15.76,20.49,1270.68,213.68,1003.71,0.2129,1.3,20.0,dapi,1
BMPR1A_KD,no_BMP,10x-1,793,254.7,413.5,90,185.91,241.68,1279.41,222.41,1104.68,0.2013,1.3,20.0,dapi,1
BMPR1A_KD,no_BMP,10x-1,794,256.0,614.6,100,196.43,255.35,1241.86,184.86,1141.12,0.162,1.3,20.0,dapi,1
BMPR1A_KD,no_BMP,10x-1,795,253.3,766.2,99,46.69,60.69,1209.06,152.06,1179.36,0.1289,1.3,20.0,dapi,1
BMPR1A_KD,no_BMP,10x-1,796,255.2,315.9,70,105.53,137.19,1278.23,221.23,1076.37,0.2055,1.3,20.0,dapi,1
BMPR1A_KD,no_BMP,10x-1,797,254.2,231.3,40,45.45,59.09,1344.3,287.3,1398.55,0.2054,1.3,20.0,dapi,1
BMPR1A_KD,no_BMP,10x-1,798,254.7,292.1,67,86.22,112.09,1274.46,217.46,1097.27,0.1982,1.3,20.0,dapi,1
BMPR1A_KD,no_BMP,10x-1,799,255.3,594.3,99,200.42,260.54,1195.22,138.22,1146.69,0.1205,1.3,20.0,dapi,1
BMPR1A_KD,no_BMP,10x-1,800,255.6,648.1,72,164.72,214.13,1223.12,166.12,949.25,0.175,1.3,20.0,dapi,1
BMPR1A_KD,no_BMP,10x-1,801,255.5,809.4,72,4.26,5.54,1186.18,129.18,910.89,0.1418,1.3,20.0,dapi,1
BMPR1A_KD,no_BMP,10x-1,802,255.7,239.9,70,51.5,66.95,1375.4,318.4,1416.46,0.2248,1.3,20.0,dapi,1
BMPR1A_KD,no_BMP,10x-1,803,256.7,344.2,71,127.84,166.19,1267.17,210.17,1125.13,0.1868,1.3,20.0,dapi,1
BMPR1A_KD,no_BMP,10x-1,804,255.8,396.1,58,171.15,222.49,1268.33,211.33,1126.33,0.1876,1.3,20.0,dapi,1
BMPR1A_KD,no_BMP,10x-1,805,256.1,722.4,89,90.79,118.02,1209.92,152.92,1019.16,0.15,1.3,20.0,dapi,1
BMPR1A_KD,no_BMP,10x-1,806,257.0,304.5,60,97.22,126.39,1271.83,214.83,1043.55,0.2059,1.3,20.0,dapi,1
BMPR1A_KD,no_BMP,10x-1,807,256.7,488.8,76,207.24,269.41,1247.57,190.57,1075.12,0.1773,1.3,20.0,dapi,1
BMPR1A_KD,no_BMP,10x-1,808,257.9,700.1,86,112.87,146.72,1199.36,142.36,1059.41,0.1344,1.3,20.0,dapi,1
BMPR1A_KD,no_BMP,10x-1,809,257.0,779.8,64,33.12,43.06,1217.59,160.59,1012.61,0.1586,1.3,20.0,dapi,1
BMPR1A_KD,no_BMP,10x-1,810,257.4,796.0,83,17.37,22.58,1190.13,133.13,953.72,0.1396,1.3,20.0,dapi,1
BMPR1A_KD,no_BMP,10x-1,811,256.9,250.9,39,58.64,76.24,1378.79,321.79,1340.85,0.24,1.3,20.0,dapi,1
BMPR1A_KD,no_BMP,10x-1,812,257.2,260.8,54,64.77,84.2,1333.35,276.35,1243.35,0.2223,1.3,20.0,dapi,1
BMPR1A_KD,no_BMP,10x-1,813,258.2,280.6,63,79.54,103.4,1313.24,256.24,1322.94,0.1937,1.3,20.0,dapi,1
BMPR1A_KD,no_BMP,10x-1,814,259.9,373.3,108,153.27,199.25,1250.93,193.93,1168.67,0.1659,1.3,20.0,dapi,1
BMPR1A_KD,no_BMP,10x-1,815,258.5,658.6,67,153.85,200.01,1209.7,152.7,965.69,0.1581,1.3,20.0,dapi,1
BMPR1A_KD,no_BMP,10x-1,816,258.4,742.1,76,70.99,92.28,1211.28,154.28,1236.57,0.1248,1.3,20.0,dapi,1
BMPR1A_KD,no_BMP,10x-1,817,258.0,224.7,31,46.91,60.99,1341.81,284.81,1311.19,0.2172,1.3,20.0,dapi,1
BMPR1A_KD,no_BMP,10x-1,818,263.4,431.5,221,205.6,267.29,1269.67,212.67,848.82,0.2506,1.3,20.0,dapi,1
BMPR1A_KD,no_BMP,10x-1,819,257.8,450.6,52,218.03,283.44,1275.58,218.58,1146.9,0.1906,1.3,20.0,dapi,1
BMPR1A_KD,no_BMP,10x-1,820,260.8,471.3,110,215.03,279.54,1249.51,192.51,1188.25,0.162,1.3,20.0,dapi,1
BMPR1A_KD,no_BMP,10x-1,821,259.6,571.2,75,206.81,268.85,1217.08,160.08,935.33,0.1711,1.3,20.0,dapi,1
BMPR1A_KD,no_BMP,10x-1,822,261.4,356.5,107,139.82,181.77,1264.53,207.53,1164.59,0.1782,1.3,20.0,dapi,1
BMPR1A_KD,no_BMP,10x-1,823,260.6,626.2,77,186.91,242.99,1259.01,202.01,972.12,0.2078,1.3,20.0,dapi,1
BMPR1A_KD,no_BMP,10x-1,824,258.6,672.4,65,140.87,183.14,1187.17,130.17,1023.4,0.1272,1.3,20.0,dapi,1
BMPR1A_KD,no_BMP,10x-1,825,259.8,762.2,75,51.37,66.78,1218.04,161.04,1293.21,0.1245,1.3,20.0,dapi,1
BMPR1A_KD,no_BMP,10x-1,826,261.6,497.6,73,210.75,273.98,1243.29,186.29,1021.1,0.1824,1.3,20.0,dapi,1
BMPR1A_KD,no_BMP,10x-1,827,263.2,558.3,113,208.84,271.49,1225.38,168.38,1101.22,0.1529,1.3,20.0,dapi,1
BMPR1A_KD,no_BMP,10x-1,828,263.8,325.0,83,118.26,153.74,1270.53,213.53,1240.24,0.1722,1.3,20.0,dapi,1
BMPR1A_KD,no_BMP,10x-1,829,262.2,335.0,77,124.13,161.37,1259.95,202.95,1311.62,0.1547,1.3,20.0,dapi,1
BMPR1A_KD,no_BMP,10x-1,830,262.7,546.6,79,208.62,271.2,1231.73,174.73,917.92,0.1904,1.3,20.0,dapi,1
BMPR1A_KD,no_BMP,10x-1,831,262.8,270.0,72,75.22,97.79,1324.67,267.67,1439.67,0.1859,1.3,20.0,dapi,1
BMPR1A_KD,no_BMP,10x-1,832,263.8,455.4,85,222.42,289.15,1259.8,202.8,1258.8,0.1611,1.3,20.0,dapi,1
BMPR1A_KD,no_BMP,10x-1,833,264.2,581.7,101,212.17,275.82,1187.03,130.03,1138.25,0.1142,1.3,20.0,dapi,1
BMPR1A_KD,no_BMP,10x-1,834,264.2,604.8,91,206.33,268.22,1208.04,151.04,1185.9,0.1274,1.3,20.0,dapi,1
BMPR1A_KD,no_BMP,10x-1,835,263.8,689.0,123,124.32,161.61,1222.99,165.99,1051.12,0.1579,1.3,20.0,dapi,1
BMPR1A_KD,no_BMP,10x-1,836,264.3,416.1,61,192.58,250.36,1256.1,199.1,1020.61,0.1951,1.3,20.0,dapi,1
BMPR1A_KD,no_BMP,10x-1,837,263.6,482.6,68,215.25,279.82,1261.46,204.46,988.07,0.2069,1.3,20.0,dapi,1
BMPR1A_KD,no_BMP,10x-1,838,265.4,284.1,56,86.48,112.42,1319.2,262.2,1222.21,0.2145,1.3,20.0,dapi,1
BMPR1A_KD,no_BMP,10x-1,839,266.3,295.1,92,95.37,123.98,1293.1,236.1,1271.16,0.1857,1.3,20.0,dapi,1
BMPR1A_KD,no_BMP,10x-1,840,265.1,312.9,94,109.15,141.9,1300.24,243.24,1233.26,0.1972,1.3,20.0,dapi,1
BMPR1A_KD,no_BMP,10x-1,841,264.8,391.8,61,172.06,223.68,1255.44,198.44,1148.74,0.1727,1.3,20.0,dapi,1
BMPR1A_KD,no_BMP,10x-1,842,266.4,507.8,93,213.58,277.65,1240.58,183.58,1210.88,0.1516,1.3,20.0,dapi,1
BMPR1A_KD,no_BMP,10x-1,843,266.6,641.3,73,172.39,224.1,1212.41,155.41,936.05,0.166,1.3,20.0,dapi,1
BMPR1A_KD,no_BMP,10x-1,844,264.4,812.4,70,5.21,6.77,1171.61,114.61,980.5,0.1169,1.3,20.0,dapi,1
BMPR1A_KD,no_BMP,10x-1,845,267.2,154.2,69,4.86,6.32,1258.94,201.94,974.91,0.2071,1.3,20.0,dapi,1
BMPR1A_KD,no_BMP,10x-1,846,266.5,162.7,49,11.82,15.36,1262.37,205.37,1163.65,0.1765,1.3,20.0,dapi,1
BMPR1A_KD,no_BMP,10x-1,847,266.0,247.2,68,63.69,82.8,1380.18,323.18,1485.84,0.2175,1.3,20.0,dapi,1
BMPR1A_KD,no_BMP,10x-1,848,264.1,255.5,34,67.23,87.41,1370.29,313.29,1345.56,0.2328,1.3,20.0,dapi,1
BMPR1A_KD,no_BMP,10x-1,849,267.9,522.9,110,214.4,278.72,1192.88,135.88,1109.94,0.1224,1.3,20.0,dapi,1
BMPR1A_KD,no_BMP,10x-1,850,265.4,779.4,69,35.86,46.62,1223.38,166.38,1006.77,0.1653,1.3,20.0,dapi,1
BMPR1A_KD,no_BMP,10x-1,851,268.0,664.6,104,148.61,193.19,1211.48,154.48,1171.71,0.1318,1.3,20.0,dapi,1
BMPR1A_KD,no_BMP,10x-1,852,267.2,722.4,77,91.97,119.56,1255.95,198.95,978.12,0.2034,1.3,20.0,dapi,1
BMPR1A_KD,no_BMP,10x-1,853,265.8,747.5,61,66.2,86.06,1250.84,193.84,1032.25,0.1878,1.3,20.0,dapi,1
BMPR1A_KD,no_BMP,10x-1,854,267.4,795.4,85,21.74,28.26,1182.58,125.58,1142.21,0.1099,1.3,20.0,dapi,1
BMPR1A_KD,no_BMP,10x-1,855,268.0,238.5,26,61.1,79.43,1365.31,308.31,1556.81,0.198,1.3,20.0,dapi,1
BMPR1A_KD,no_BMP,10x-1,856,268.9,591.8,59,214.42,278.75,1206.05,149.05,1019.12,0.1463,1.3,20.0,dapi,1
BMPR1A_KD,no_BMP,10x-1,857,269.0,616.9,74,196.47,255.41,1233.43,176.43,955.0,0.1847,1.3,20.0,dapi,1
BMPR1A_KD,no_BMP,10x-1,858,270.8,703.8,79,110.38,143.5,1229.85,172.85,1063.76,0.1625,1.3,20.0,dapi,1
BMPR1A_KD,no_BMP,10x-1,859,270.8,769.7,99,46.3,60.19,1221.23,164.23,1160.76,0.1415,1.3,20.0,dapi,1
BMPR1A_KD,no_BMP,10x-1,860,272.9,166.1,93,17.92,23.29,1324.56,267.56,1213.59,0.2205,1.3,20.0,dapi,1
BMPR1A_KD,no_BMP,10x-1,861,269.8,215.2,44,52.77,68.6,1316.23,259.23,1445.0,0.1794,1.3,20.0,dapi,1
BMPR1A_KD,no_BMP,10x-1,862,269.1,262.7,71,75.42,98.04,1343.93,286.93,1455.8,0.1971,1.3,20.0,dapi,1
BMPR1A_KD,no_BMP,10x-1,863,269.2,464.3,71,224.59,291.96,1258.23,201.23,1193.34,0.1686,1.3,20.0,dapi,1
BMPR1A_KD,no_BMP,10x-1,864,271.9,734.1,111,81.16,105.5,1246.54,189.54,1091.42,0.1737,1.3,20.0,dapi,1
BMPR1A_KD,no_BMP,10x-1,865,272.3,340.0,95,134.58,174.96,1255.75,198.75,1227.55,0.1619,1.3,20.0,dapi,1
BMPR1A_KD,no_BMP,10x-1,866,270.3,396.7,71,178.93,232.61,1263.08,206.08,1030.75,0.1999,1.3,20.0,dapi,1
BMPR1A_KD,no_BMP,10x-1,867,272.0,652.1,79,161.99,210.58,1229.51,172.51,949.9,0.1816,1.3,20.0,dapi,1
BMPR1A_KD,no_BMP,10x-1,868,272.8,353.5,93,145.69,189.4,1238.51,181.51,1209.89,0.15,1.3,20.0,dapi,1
BMPR1A_KD,no_BMP,10x-1,869,272.2,378.5,112,164.93,214.41,1226.58,169.58,1125.85,0.1506,1.3,20.0,dapi,1
BMPR1A_KD,no_BMP,10x-1,870,270.9,675.7,66,138.06,179.48,1207.71,150.71,1011.02,0.1491,1.3,20.0,dapi,1
BMPR1A_KD,no_BMP,10x-1,871,273.0,760.2,81,56.4,73.32,1233.44,176.44,1085.95,0.1625,1.3,20.0,dapi,1
BMPR1A_KD,no_BMP,10x-1,872,271.2,813.6,60,6.09,7.91,1183.68,126.68,1015.83,0.1247,1.3,20.0,dapi,1
BMPR1A_KD,no_BMP,10x-1,873,275.5,561.6,119,222.03,288.64,1216.2,159.2,1064.17,0.1496,1.3,20.0,dapi,1
BMPR1A_KD,no_BMP,10x-1,874,273.9,710.7,72,104.05,135.27,1237.74,180.74,954.01,0.1894,1.3,20.0,dapi,1
BMPR1A_KD,no_BMP,10x-1,875,272.9,780.4,67,37.84,49.19,1251.66,194.66,1004.21,0.1938,1.3,20.0,dapi,1
BMPR1A_KD,no_BMP,10x-1,876,273.6,149.8,41,5.42,7.05,1266.51,209.51,1120.49,0.187,1.3,20.0,dapi,1
BMPR1A_KD,no_BMP,10x-1,877,273.0,311.6,61,113.02,146.93,1280.82,223.82,1243.18,0.18,1.3,20.0,dapi,1
BMPR1A_KD,no_BMP,10x-1,878,274.8,491.6,91,224.49,291.83,1238.62,181.62,1109.31,0.1637,1.3,20.0,dapi,1
BMPR1A_KD,no_BMP,10x-1,879,274.0,546.5,74,219.62,285.5,1209.09,152.09,948.57,0.1603,1.3,20.0,dapi,1
BMPR1A_KD,no_BMP,10x-1,880,275.6,748.4,104,68.73,89.35,1220.0,163.0,1113.93,0.1463,1.3,20.0,dapi,1
BMPR1A_KD,no_BMP,10x-1,881,275.5,290.6,88,99.17,128.92,1311.55,254.55,1336.24,0.1905,1.3,20.0,dapi,1
BMPR1A_KD,no_BMP,10x-1,882,275.2,366.9,65,157.05,204.16,1256.6,199.6,1099.88,0.1815,1.3,20.0,dapi,1
BMPR1A_KD,no_BMP,10x-1,883,275.0,441.0,92,219.85,285.81,1262.64,205.64,1054.18,0.1951,1.3,20.0,dapi,1
BMPR1A_KD,no_BMP,10x-1,884,274.7,468.7,65,229.09,297.82,1260.12,203.12,1049.05,0.1936,1.3,20.0,dapi,1
BMPR1A_KD,no_BMP,10x-1,885,276.5,481.3,66,228.39,296.9,1257.24,200.24,1022.7,0.1958,1.3,20.0,dapi,1
BMPR1A_KD,no_BMP,10x-1,886,275.4,530.3,92,220.92,287.2,1176.71,119.71,937.73,0.1277,1.3,20.0,dapi,1
BMPR1A_KD,no_BMP,10x-1,887,276.6,172.6,70,25.85,33.6,1323.0,266.0,1290.74,0.2061,1.3,20.0,dapi,1
BMPR1A_KD,no_BMP,10x-1,888,275.8,232.4,55,65.92,85.69,1369.75,312.75,1366.33,0.2289,1.3,20.0,dapi,1
BMPR1A_KD,no_BMP,10x-1,889,276.0,257.1,68,77.53,100.79,1353.22,296.22,1209.56,0.2449,1.3,20.0,dapi,1
BMPR1A_KD,no_BMP,10x-1,890,276.7,586.1,72,223.78,290.92,1214.79,157.79,945.53,0.1669,1.3,20.0,dapi,1
BMPR1A_KD,no_BMP,10x-1,891,275.9,599.8,71,214.09,278.32,1220.18,163.18,945.92,0.1725,1.3,20.0,dapi,1
BMPR1A_KD,no_BMP,10x-1,892,277.4,623.1,78,191.39,248.8,1237.05,180.05,942.72,0.191,1.3,20.0,dapi,1
BMPR1A_KD,no_BMP,10x-1,893,277.0,412.7,63,196.25,255.12,1239.57,182.57,1170.4,0.156,1.3,20.0,dapi,1
BMPR1A_KD,no_BMP,10x-1,894,276.5,423.5,73,204.91,266.38,1259.9,202.9,964.27,0.2104,1.3,20.0,dapi,1
BMPR1A_KD,no_BMP,10x-1,895,276.2,683.2,45,131.93,171.51,1240.76,183.76,1210.04,0.1519,1.3,20.0,dapi,1
BMPR1A_KD,no_BMP,10x-1,896,275.5,791.7,63,28.27,36.76,1217.41,160.41,999.51,0.1605,1.3,20.0,dapi,1
BMPR1A_KD,no_BMP,10x-1,897,277.9,243.8,80,72.72,94.53,1361.44,304.44,1369.55,0.2223,1.3,20.0,dapi,1
BMPR1A_KD,no_BMP,10x-1,898,278.8,274.5,80,90.04,117.05,1327.85,270.85,1350.05,0.2006,1.3,20.0,dapi,1
BMPR1A_KD,no_BMP,10x-1,899,279.8,301.7,91,109.87,142.83,1260.64,203.64,1283.26,0.1587,1.3,20.0,dapi,1
BMPR1A_KD,no_BMP,10x-1,900,278.2,452.4,86,231.03,300.34,1280.95,223.95,1078.83,0.2076,1.3,20.0,dapi,1
BMPR1A_KD,no_BMP,10x-1,901,278.7,499.8,73,227.35,295.56,1228.58,171.58,962.77,0.1782,1.3,20.0,dapi,1
BMPR1A_KD,no_BMP,10x-1,902,279.2,510.0,79,226.36,294.27,1243.59,186.59,1141.58,0.1635,1.3,20.0,dapi,1
BMPR1A_KD,no_BMP,10x-1,903,278.1,575.6,75,225.25,292.82,1198.87,141.87,923.32,0.1536,1.3,20.0,dapi,1
BMPR1A_KD,no_BMP,10x-1,904,280.1,691.2,100,124.86,162.32,1226.55,169.55,1215.89,0.1394,1.3,20.0,dapi,1
BMPR1A_KD,no_BMP,10x-1,905,280.1,720.9,137,95.74,124.46,1217.57,160.57,1006.39,0.1596,1.3,20.0,dapi,1
BMPR1A_KD,no_BMP,10x-1,906,278.6,821.3,81,3.85,5.01,1150.32,93.32,911.58,0.1024,1.3,20.0,dapi,1
BMPR1A_KD,no_BMP,10x-1,907,280.0,283.8,66,97.23,126.39,1316.11,259.11,1248.98,0.2075,1.3,20.0,dapi,1
BMPR1A_KD,no_BMP,10x-1,908,279.8,331.4,70,132.49,172.23,1269.89,212.89,1128.7,0.1886,1.3,20.0,dapi,1
BMPR1A_KD,no_BMP,10x-1,909,279.5,392.8,73,180.43,234.56,1224.48,167.48,1199.58,0.1396,1.3,20.0,dapi,1
BMPR1A_KD,no_BMP,10x-1,910,278.4,637.7,113,176.67,229.67,1223.1,166.1,1106.84,0.1501,1.3,20.0,dapi,1
BMPR1A_KD,no_BMP,10x-1,911,280.3,315.8,96,120.49,156.63,1256.67,199.67,1302.38,0.1533,1.3,20.0,dapi,1
BMPR1A_KD,no_BMP,10x-1,912,282.4,141.4,78,5.64,7.33,1269.28,212.28,960.01,0.2211,1.3,20.0,dapi,1
BMPR1A_KD,no_BMP,10x-1,913,281.9,223.2,47,66.96,87.05,1356.72,299.72,1243.34,0.2411,1.3,20.0,dapi,1
BMPR1A_KD,no_BMP,10x-1,914,281.1,659.2,84,156.44,203.37,1240.01,183.01,946.06,0.1934,1.3,20.0,dapi,1
BMPR1A_KD,no_BMP,10x-1,915,282.1,675.1,76,140.93,183.2,1245.92,188.92,1051.88,0.1796,1.3,20.0,dapi,1
BMPR1A_KD,no_BMP,10x-1,916,281.7,809.9,102,15.21,19.77,1192.48,135.48,1031.84,0.1313,1.3,20.0,dapi,1
BMPR1A_KD,no_BMP,10x-1,917,284.1,406.7,64,194.86,253.31,1245.12,188.12,1084.97,0.1734,1.3,20.0,dapi,1
BMPR1A_KD,no_BMP,10x-1,918,282.0,546.3,85,227.62,295.9,1213.67,156.67,983.39,0.1593,1.3,20.0,dapi,1
BMPR1A_KD,no_BMP,10x-1,919,285.1,134.1,76,5.64,7.33,1260.29,203.29,968.17,0.21,1.3,20.0,dapi,1
BMPR1A_KD,no_BMP,10x-1,920,283.3,462.8,64,238.35,309.85,1245.88,188.88,1142.33,0.1653,1.3,20.0,dapi,1
BMPR1A_KD,no_BMP,10x-1,921,283.6,233.3,50,73.3,95.29,1336.08,279.08,1622.82,0.172,1.3,20.0,dapi,1
BMPR1A_KD,no_BMP,10x-1,922,285.2,363.8,74,161.09,209.42,1252.42,195.42,1145.57,0.1706,1.3,20.0,dapi,1
BMPR1A_KD,no_BMP,10x-1,923,285.0,399.2,77,188.77,245.4,1220.44,163.44,1252.88,0.1305,1.3,20.0,dapi,1
BMPR1A_KD,no_BMP,10x-1,924,283.4,472.6,64,235.93,306.71,1256.12,199.12,1079.86,0.1844,1.3,20.0,dapi,1
BMPR1A_KD,no_BMP,10x-1,925,285.2,514.8,93,232.01,301.62,1236.35,179.35,1117.03,0.1606,1.3,20.0,dapi,1
BMPR1A_KD,no_BMP,10x-1,926,284.6,612.5,91,203.43,264.46,1203.34,146.34,885.01,0.1654,1.3,20.0,dapi,1
BMPR1A_KD,no_BMP,10x-1,927,283.8,798.5,61,26.29,34.18,1211.7,154.7,1225.03,0.1263,1.3,20.0,dapi,1
BMPR1A_KD,no_BMP,10x-1,928,286.4,125.5,69,3.4,4.42,1231.91,174.91,912.91,0.1916,1.3,20.0,dapi,1
BMPR1A_KD,no_BMP,10x-1,929,285.8,191.5,66,46.47,60.41,1309.36,252.36,1133.59,0.2226,1.3,20.0,dapi,1
BMPR1A_KD,no_BMP,10x-1,930,284.1,240.6,40,76.92,100.0,1341.35,284.35,1465.0,0.1941,1.3,20.0,dapi,1
BMPR1A_KD,no_BMP,10x-1,931,284.2,267.3,43,89.82,116.77,1330.23,273.23,1424.21,0.1918,1.3,20.0,dapi,1
BMPR1A_KD,no_BMP,10x-1,932,285.6,423.7,83,210.31,273.4,1256.95,199.95,1013.49,0.1973,1.3,20.0,dapi,1
BMPR1A_KD,no_BMP,10x-1,933,285.4,487.6,62,235.0,305.49,1266.42,209.42,1143.81,0.1831,1.3,20.0,dapi,1
BMPR1A_KD,no_BMP,10x-1,934,287.4,697.5,136,119.78,155.71,1222.88,165.88,1054.6,0.1573,1.3,20.0,dapi,1
BMPR1A_KD,no_BMP,10x-1,935,285.4,730.5,75,87.74,114.06,1210.99,153.99,1147.35,0.1342,1.3,20.0,dapi,1
BMPR1A_KD,no_BMP,10x-1,936,285.0,784.1,78,39.18,50.93,1248.22,191.22,953.97,0.2004,1.3,20.0,dapi,1
BMPR1A_KD,no_BMP,10x-1,937,287.0,150.8,49,15.23,19.79,1294.69,237.69,1668.73,0.1424,1.3,20.0,dapi,1
BMPR1A_KD,no_BMP,10x-1,938,287.4,160.8,96,22.15,28.8,1311.18,254.18,1163.5,0.2185,1.3,20.0,dapi,1
BMPR1A_KD,no_BMP,10x-1,939,284.7,251.9,37,82.62,107.41,1329.43,272.43,1333.38,0.2043,1.3,20.0,dapi,1
BMPR1A_KD,no_BMP,10x-1,940,287.7,325.9,60,133.29,173.28,1247.1,190.1,1107.53,0.1716,1.3,20.0,dapi,1
BMPR1A_KD,no_BMP,10x-1,941,287.0,344.9,72,147.98,192.38,1250.35,193.35,1168.19,0.1655,1.3,20.0,dapi,1
BMPR1A_KD,no_BMP,10x-1,942,287.6,434.1,93,219.92,285.9,1251.81,194.81,1254.37,0.1553,1.3,20.0,dapi,1
BMPR1A_KD,no_BMP,10x-1,943,286.9,773.3,68,50.01,65.01,1228.15,171.15,1099.74,0.1556,1.3,20.0,dapi,1
BMPR1A_KD,no_BMP,10x-1,944,288.2,174.2,82,33.16,43.11,1288.37,231.37,1294.84,0.1787,1.3,20.0,dapi,1
BMPR1A_KD,no_BMP,10x-1,945,287.0,290.9,72,107.11,139.24,1299.68,242.68,1226.85,0.1978,1.3,20.0,dapi,1
BMPR1A_KD,no_BMP,10x-1,946,288.6,387.5,105,181.43,235.86,1236.07,179.07,1197.64,0.1495,1.3,20.0,dapi,1
BMPR1A_KD,no_BMP,10x-1,947,288.0,596.8,100,218.72,284.34,1205.24,148.24,1123.5,0.1319,1.3,20.0,dapi,1
BMPR1A_KD,no_BMP,10x-1,948,285.7,642.4,72,174.07,226.29,1213.96,156.96,985.75,0.1592,1.3,20.0,dapi,1
BMPR1A_KD,no_BMP,10x-1,949,288.1,261.8,67,90.3,117.39,1342.96,285.96,1396.73,0.2047,1.3,20.0,dapi,1
BMPR1A_KD,no_BMP,10x-1,950,289.5,373.4,87,171.18,222.53,1226.8,169.8,1135.46,0.1495,1.3,20.0,dapi,1
BMPR1A_KD,no_BMP,10x-1,951,287.1,581.2,57,234.37,304.68,1174.56,117.56,1012.75,0.1161,1.3,20.0,dapi,1
BMPR1A_KD,no_BMP,10x-1,952,288.0,667.2,77,150.04,195.05,1217.99,160.99,995.52,0.1617,1.3,20.0,dapi,1
BMPR1A_KD,no_BMP,10x-1,953,289.0,684.5,64,132.84,172.69,1249.75,192.75,1043.5,0.1847,1.3,20.0,dapi,1
BMPR1A_KD,no_BMP,10x-1,954,291.4,532.5,113,236.78,307.81,1192.57,135.57,1061.79,0.1277,1.3,20.0,dapi,1
BMPR1A_KD,no_BMP,10x-1,955,289.5,443.9,54,229.58,298.46,1248.15,191.15,1314.56,0.1454,1.3,20.0,dapi,1
BMPR1A_KD,no_BMP,10x-1,956,290.6,452.5,71,237.05,308.17,1249.41,192.41,985.55,0.1952,1.3,20.0,dapi,1
BMPR1A_KD,no_BMP,10x-1,957,290.8,497.2,89,239.63,311.52,1252.55,195.55,1053.79,0.1856,1.3,20.0,dapi,1
BMPR1A_KD,no_BMP,10x-1,958,290.7,560.6,119,236.95,308.04,1203.65,146.65,1065.81,0.1376,1.3,20.0,dapi,1
BMPR1A_KD,no_BMP,10x-1,959,292.5,183.1,85,43.44,56.47,1288.79,231.79,1250.09,0.1854,1.3,20.0,dapi,1
BMPR1A_KD,no_BMP,10x-1,960,292.1,204.7,106,60.62,78.81,1325.69,268.69,1198.76,0.2241,1.3,20.0,dapi,1
BMPR1A_KD,no_BMP,10x-1,961,290.7,310.3,83,123.24,160.21,1264.25,207.25,1317.23,0.1573,1.3,20.0,dapi,1
BMPR1A_KD,no_BMP,10x-1,962,292.6,358.5,82,162.11,210.75,1246.67,189.67,996.24,0.1904,1.3,20.0,dapi,1
BMPR1A_KD,no_BMP,10x-1,963,295.7,629.5,152,187.89,244.26,1197.76,140.76,980.14,0.1436,1.3,20.0,dapi,1
BMPR1A_KD,no_BMP,10x-1,964,292.2,733.9,108,87.57,113.84,1217.75,160.75,1099.33,0.1462,1.3,20.0,dapi,1
BMPR1A_KD,no_BMP,10x-1,965,289.6,757.9,50,65.03,84.53,1200.96,143.96,1600.34,0.09,1.3,20.0,dapi,1
BMPR1A_KD,no_BMP,10x-1,966,291.6,251.9,70,88.82,115.46,1351.07,294.07,1502.83,0.1957,1.3,20.0,dapi,1
BMPR1A_KD,no_BMP,10x-1,967,292.4,276.8,81,102.23,132.9,1307.31,250.31,1368.93,0.1829,1.3,20.0,dapi,1
BMPR1A_KD,no_BMP,10x-1,968,292.5,333.3,68,141.88,184.45,1247.99,190.99,1242.65,0.1537,1.3,20.0,dapi,1
BMPR1A_KD,no_BMP,10x-1,969,296.3,477.3,90,247.8,322.14,1261.69,204.69,1014.33,0.2018,1.3,20.0,dapi,1
BMPR1A_KD,no_BMP,10x-1,970,292.3,546.5,80,237.62,308.9,1208.29,151.29,917.64,0.1649,1.3,20.0,dapi,1
BMPR1A_KD,no_BMP,10x-1,971,291.4,806.0,63,20.52,26.67,1196.4,139.4,1016.3,0.1372,1.3,20.0,dapi,1
BMPR1A_KD,no_BMP,10x-1,972,292.3,821.1,111,6.55,8.51,1193.84,136.84,996.43,0.1373,1.3,20.0,dapi,1
BMPR1A_KD,no_BMP,10x-1,973,293.3,285.5,54,108.46,141.0,1287.72,230.72,1161.31,0.1987,1.3,20.0,dapi,1
BMPR1A_KD,no_BMP,10x-1,974,295.0,415.2,90,207.62,269.91,1220.84,163.84,1175.54,0.1394,1.3,20.0,dapi,1
BMPR1A_KD,no_BMP,10x-1,975,293.8,615.6,87,201.13,261.47,1204.8,147.8,1078.85,0.137,1.3,20.0,dapi,1
BMPR1A_KD,no_BMP,10x-1,976,294.0,661.9,80,156.35,203.25,1191.83,134.83,1016.92,0.1326,1.3,20.0,dapi,1
BMPR1A_KD,no_BMP,10x-1,977,292.8,785.5,73,41.5,53.95,1230.6,173.6,998.03,0.1739,1.3,20.0,dapi,1
BMPR1A_KD,no_BMP,10x-1,978,296.1,233.0,94,83.9,109.07,1355.88,298.88,1483.3,0.2015,1.3,20.0,dapi,1
BMPR1A_KD,no_BMP,10x-1,979,294.3,319.3,63,131.86,171.42,1255.0,198.0,1083.7,0.1827,1.3,20.0,dapi,1
BMPR1A_KD,no_BMP,10x-1,980,295.2,718.6,85,102.54,133.3,1185.59,128.59,1054.11,0.122,1.3,20.0,dapi,1
BMPR1A_KD,no_BMP,10x-1,981,296.9,144.5,72,20.46,26.6,1298.42,241.42,983.24,0.2455,1.3,20.0,dapi,1
BMPR1A_KD,no_BMP,10x-1,982,296.5,399.4,75,195.82,254.57,1241.09,184.09,1071.56,0.1718,1.3,20.0,dapi,1
BMPR1A_KD,no_BMP,10x-1,983,296.6,468.5,103,250.47,325.62,1261.86,204.86,1229.66,0.1666,1.3,20.0,dapi,1
BMPR1A_KD,no_BMP,10x-1,984,296.4,486.3,84,246.17,320.03,1244.81,187.81,1289.15,0.1457,1.3,20.0,dapi,1
BMPR1A_KD,no_BMP,10x-1,985,297.1,513.4,119,244.11,317.34,1253.97,196.97,1059.51,0.1859,1.3,20.0,dapi,1
BMPR1A_KD,no_BMP,10x-1,986,297.4,601.6,94,215.45,280.09,1218.89,161.89,994.23,0.1628,1.3,20.0,dapi,1
BMPR1A_KD,no_BMP,10x-1,987,298.9,650.5,136,168.27,218.75,1182.55,125.55,1004.24,0.125,1.3,20.0,dapi,1
BMPR1A_KD,no_BMP,10x-1,988,297.7,134.6,83,15.29,19.88,1299.59,242.59,959.06,0.2529,1.3,20.0,dapi,1
BMPR1A_KD,no_BMP,10x-1,989,297.0,346.0,89,154.62,201.0,1254.07,197.07,1286.7,0.1532,1.3,20.0,dapi,1
BMPR1A_KD,no_BMP,10x-1,990,296.9,795.3,66,32.7,42.51,1248.59,191.59,987.64,0.194,1.3,20.0,dapi,1
BMPR1A_KD,no_BMP,10x-1,991,298.3,166.0,64,33.41,43.43,1296.64,239.64,1082.34,0.2214,1.3,20.0,dapi,1
BMPR1A_KD,no_BMP,10x-1,992,299.5,197.8,74,59.78,77.72,1300.32,243.32,1277.62,0.1905,1.3,20.0,dapi,1
BMPR1A_KD,no_BMP,10x-1,993,298.9,296.9,90,120.09,156.12,1280.24,223.24,1281.0,0.1743,1.3,20.0,dapi,1
BMPR1A_KD,no_BMP,10x-1,994,298.3,407.6,65,203.64,264.73,1241.4,184.4,1129.91,0.1632,1.3,20.0,dapi,1
BMPR1A_KD,no_BMP,10x-1,995,299.6,442.3,94,232.97,302.87,1246.03,189.03,1255.35,0.1506,1.3,20.0,dapi,1
BMPR1A_KD,no_BMP,10x-1,996,299.1,524.8,80,245.17,318.72,1205.33,148.33,999.59,0.1484,1.3,20.0,dapi,1
BMPR1A_KD,no_BMP,10x-1,997,298.4,572.3,121,244.72,318.14,1213.12,156.12,894.37,0.1746,1.3,20.0,dapi,1
BMPR1A_KD,no_BMP,10x-1,998,299.7,671.9,124,148.43,192.96,1207.43,150.43,1065.42,0.1412,1.3,20.0,dapi,1
BMPR1A_KD,no_BMP,10x-1,999,298.2,703.6,85,117.58,152.86,1194.55,137.55,962.92,0.1429,1.3,20.0,dapi,1
BMPR1A_KD,no_BMP,10x-1,1000,298.2,256.7,48,96.44,125.37,1308.94,251.94,1279.44,0.1969,1.3,20.0,dapi,1
BMPR1A_KD,no_BMP,10x-1,1001,298.8,265.0,46,101.23,131.6,1329.04,272.04,1210.7,0.2247,1.3,20.0,dapi,1
BMPR1A_KD,no_BMP,10x-1,1002,299.9,155.8,67,28.72,37.33,1301.99,244.99,1036.15,0.2364,1.3,20.0,dapi,1
BMPR1A_KD,no_BMP,10x-1,1003,299.2,753.9,61,72.28,93.96,1222.51,165.51,1125.92,0.147,1.3,20.0,dapi,1
BMPR1A_KD,no_BMP,10x-1,1004,299.9,775.4,58,52.77,68.6,1263.76,206.76,1048.4,0.1972,1.3,20.0,dapi,1
BMPR1A_KD,no_BMP,10x-1,1005,302.4,124.4,96,6.98,9.07,1256.34,199.34,1157.17,0.1723,1.3,20.0,dapi,1
BMPR1A_KD,no_BMP,10x-1,1006,302.4,178.4,92,44.82,58.27,1304.17,247.17,1271.86,0.1943,1.3,20.0,dapi,1
BMPR1A_KD,no_BMP,10x-1,1007,302.2,208.8,76,69.62,90.5,1310.01,253.01,1369.49,0.1848,1.3,20.0,dapi,1
BMPR1A_KD,no_BMP,10x-1,1008,301.8,357.8,68,167.24,217.42,1230.31,173.31,1032.29,0.1679,1.3,20.0,dapi,1
BMPR1A_KD,no_BMP,10x-1,1009,302.7,729.3,124,96.78,125.81,1189.46,132.46,1060.23,0.1249,1.3,20.0,dapi,1
BMPR1A_KD,no_BMP,10x-1,1010,301.2,742.8,71,83.1,108.04,1197.13,140.13,1073.28,0.1306,1.3,20.0,dapi,1
BMPR1A_KD,no_BMP,10x-1,1011,302.0,766.0,79,61.98,80.58,1236.46,179.46,1252.28,0.1433,1.3,20.0,dapi,1
BMPR1A_KD,no_BMP,10x-1,1012,300.9,275.0,44,108.32,140.82,1317.5,260.5,1163.84,0.2238,1.3,20.0,dapi,1
BMPR1A_KD,no_BMP,10x-1,1013,302.5,314.2,78,133.82,173.96,1252.31,195.31,1237.96,0.1578,1.3,20.0,dapi,1
BMPR1A_KD,no_BMP,10x-1,1014,304.1,380.8,112,186.42,242.35,1195.42,138.42,1173.71,0.1179,1.3,20.0,dapi,1
BMPR1A_KD,no_BMP,10x-1,1015,302.2,455.5,64,245.98,319.78,1242.98,185.98,1031.42,0.1803,1.3,20.0,dapi,1
BMPR1A_KD,no_BMP,10x-1,1016,302.5,614.8,123,204.11,265.34,1197.64,140.64,1068.27,0.1317,1.3,20.0,dapi,1
BMPR1A_KD,no_BMP,10x-1,1017,303.3,688.2,117,134.31,174.61,1198.56,141.56,1077.02,0.1314,1.3,20.0,dapi,1
BMPR1A_KD,no_BMP,10x-1,1018,301.5,810.3,79,20.08,26.11,1249.29,192.29,995.7,0.1931,1.3,20.0,dapi,1
BMPR1A_KD,no_BMP,10x-1,1019,303.2,433.5,81,227.02,295.13,1228.11,171.11,1317.4,0.1299,1.3,20.0,dapi,1
BMPR1A_KD,no_BMP,10x-1,1020,302.5,821.8,73,9.85,12.81,1259.23,202.23,983.53,0.2056,1.3,20.0,dapi,1
BMPR1A_KD,no_BMP,10x-1,1021,305.5,191.3,81,57.42,74.64,1318.12,261.12,1357.28,0.1924,1.3,20.0,dapi,1
BMPR1A_KD,no_BMP,10x-1,1022,303.6,288.1,68,118.42,153.95,1293.44,236.44,1311.03,0.1803,1.3,20.0,dapi,1
BMPR1A_KD,no_BMP,10x-1,1023,304.6,420.3,98,217.46,282.7,1226.79,169.79,1226.93,0.1384,1.3,20.0,dapi,1
BMPR1A_KD,no_BMP,10x-1,1024,302.9,502.1,65,250.99,326.28,1228.0,171.0,1041.29,0.1642,1.3,20.0,dapi,1
BMPR1A_KD,no_BMP,10x-1,1025,304.4,555.6,70,249.74,324.66,1190.54,133.54,979.93,0.1363,1.3,20.0,dapi,1
BMPR1A_KD,no_BMP,10x-1,1026,306.6,583.7,121,235.18,305.74,1206.36,149.36,862.37,0.1732,1.3,20.0,dapi,1
BMPR1A_KD,no_BMP,10x-1,1027,304.4,781.7,63,47.24,61.41,1255.25,198.25,1147.32,0.1728,1.3,20.0,dapi,1
BMPR1A_KD,no_BMP,10x-1,1028,305.4,832.4,95,4.31,5.61,1237.26,180.26,929.15,0.194,1.3,20.0,dapi,1
BMPR1A_KD,no_BMP,10x-1,1029,304.8,343.0,74,157.21,204.37,1232.8,175.8,1330.93,0.1321,1.3,20.0,dapi,1
BMPR1A_KD,no_BMP,10x-1,1030,306.2,370.1,76,179.35,233.15,1203.87,146.87,1125.93,0.1304,1.3,20.0,dapi,1
BMPR1A_KD,no_BMP,10x-1,1031,306.0,467.4,84,257.5,334.75,1247.77,190.77,1222.61,0.156,1.3,20.0,dapi,1
BMPR1A_KD,no_BMP,10x-1,1032,306.7,533.8,116,252.73,328.56,1211.09,154.09,1082.78,0.1423,1.3,20.0,dapi,1
BMPR1A_KD,no_BMP,10x-1,1033,305.8,546.6,85,251.62,327.1,1201.38,144.38,944.56,0.1528,1.3,20.0,dapi,1
BMPR1A_KD,no_BMP,10x-1,1034,304.5,792.4,69,38.33,49.83,1263.01,206.01,1065.88,0.1933,1.3,20.0,dapi,1
BMPR1A_KD,no_BMP,10x-1,1035,304.9,242.9,38,96.51,125.46,1313.95,256.95,1340.63,0.1917,1.3,20.0,dapi,1
BMPR1A_KD,no_BMP,10x-1,1036,305.6,249.6,39,100.69,130.9,1306.44,249.44,1397.79,0.1784,1.3,20.0,dapi,1
BMPR1A_KD,no_BMP,10x-1,1037,304.6,257.1,48,102.68,133.49,1304.79,247.79,1254.9,0.1975,1.3,20.0,dapi,1
BMPR1A_KD,no_BMP,10x-1,1038,308.2,391.1,92,196.56,255.53,1230.14,173.14,1207.6,0.1434,1.3,20.0,dapi,1
BMPR1A_KD,no_BMP,10x-1,1039,308.8,141.7,109,26.21,34.07,1308.65,251.65,1144.02,0.22,1.3,20.0,dapi,1
BMPR1A_KD,no_BMP,10x-1,1040,307.7,270.4,55,111.52,144.98,1299.62,242.62,1122.73,0.2161,1.3,20.0,dapi,1
BMPR1A_KD,no_BMP,10x-1,1041,309.2,324.9,94,146.54,190.51,1245.2,188.2,1285.57,0.1464,1.3,20.0,dapi,1
BMPR1A_KD,no_BMP,10x-1,1042,307.4,708.4,53,117.46,152.7,1173.38,116.38,1503.19,0.0774,1.3,20.0,dapi,1
BMPR1A_KD,no_BMP,10x-1,1043,308.5,152.2,60,33.81,43.95,1284.38,227.38,1082.47,0.2101,1.3,20.0,dapi,1
BMPR1A_KD,no_BMP,10x-1,1044,308.8,166.8,58,42.42,55.14,1292.45,235.45,1066.14,0.2208,1.3,20.0,dapi,1
BMPR1A_KD,no_BMP,10x-1,1045,309.3,184.6,45,54.71,71.12,1278.76,221.76,1245.2,0.1781,1.3,20.0,dapi,1
BMPR1A_KD,no_BMP,10x-1,1046,310.1,223.3,81,85.64,111.33,1311.09,254.09,1382.19,0.1838,1.3,20.0,dapi,1
BMPR1A_KD,no_BMP,10x-1,1047,307.9,282.6,54,118.65,154.24,1305.48,248.48,1316.28,0.1888,1.3,20.0,dapi,1
BMPR1A_KD,no_BMP,10x-1,1048,309.5,406.2,78,208.72,271.34,1231.37,174.37,1120.15,0.1557,1.3,20.0,dapi,1
BMPR1A_KD,no_BMP,10x-1,1049,309.2,496.7,73,257.5,334.75,1230.93,173.93,1231.33,0.1413,1.3,20.0,dapi,1
BMPR1A_KD,no_BMP,10x-1,1050,310.7,512.1,123,258.14,335.59,1274.69,217.69,1044.52,0.2084,1.3,20.0,dapi,1
BMPR1A_KD,no_BMP,10x-1,1051,309.5,570.7,94,248.53,323.08,1200.14,143.14,1009.39,0.1418,1.3,20.0,dapi,1
BMPR1A_KD,no_BMP,10x-1,1052,309.8,599.0,92,221.35,287.75,1201.52,144.52,921.55,0.1568,1.3,20.0,dapi,1
BMPR1A_KD,no_BMP,10x-1,1053,310.5,121.0,99,7.44,9.67,1259.73,202.73,1184.69,0.1711,1.3,20.0,dapi,1
BMPR1A_KD,no_BMP,10x-1,1054,310.5,236.0,76,96.45,125.38,1319.43,262.43,1320.7,0.1987,1.3,20.0,dapi,1
BMPR1A_KD,no_BMP,10x-1,1055,310.1,302.3,86,131.74,171.26,1262.33,205.33,924.05,0.2222,1.3,20.0,dapi,1
BMPR1A_KD,no_BMP,10x-1,1056,311.5,476.1,62,262.71,341.53,1244.32,187.32,1177.79,0.159,1.3,20.0,dapi,1
BMPR1A_KD,no_BMP,10x-1,1057,311.1,658.0,80,165.23,214.8,1164.3,107.3,945.79,0.1135,1.3,20.0,dapi,1
BMPR1A_KD,no_BMP,10x-1,1058,309.9,735.9,54,93.03,120.94,1184.33,127.33,1067.65,0.1193,1.3,20.0,dapi,1
BMPR1A_KD,no_BMP,10x-1,1059,313.2,333.9,88,155.79,202.52,1259.39,202.39,1116.01,0.1813,1.3,20.0,dapi,1
BMPR1A_KD,no_BMP,10x-1,1060,312.4,484.6,75,262.13,340.76,1268.75,211.75,1120.4,0.189,1.3,20.0,dapi,1
BMPR1A_KD,no_BMP,10x-1,1061,312.9,754.7,90,75.7,98.41,1223.33,166.33,1191.01,0.1397,1.3,20.0,dapi,1
BMPR1A_KD,no_BMP,10x-1,1062,312.1,260.2,67,110.29,143.38,1277.0,220.0,1228.79,0.179,1.3,20.0,dapi,1
BMPR1A_KD,no_BMP,10x-1,1063,311.9,352.6,82,169.38,220.19,1216.07,159.07,1266.24,0.1256,1.3,20.0,dapi,1
BMPR1A_KD,no_BMP,10x-1,1064,311.9,431.0,58,230.48,299.62,1235.31,178.31,1165.72,0.153,1.3,20.0,dapi,1
BMPR1A_KD,no_BMP,10x-1,1065,312.0,617.6,121,203.58,264.65,1180.21,123.21,934.03,0.1319,1.3,20.0,dapi,1
BMPR1A_KD,no_BMP,10x-1,1066,312.4,634.6,72,187.33,243.53,1179.9,122.9,942.5,0.1304,1.3,20.0,dapi,1
BMPR1A_KD,no_BMP,10x-1,1067,311.8,792.2,52,40.98,53.27,1264.67,207.67,1085.85,0.1913,1.3,20.0,dapi,1
BMPR1A_KD,no_BMP,10x-1,1068,311.9,441.4,61,238.68,310.28,1274.8,217.8,1154.07,0.1887,1.3,20.0,dapi,1
BMPR1A_KD,no_BMP,10x-1,1069,313.1,648.5,80,175.32,227.92,1163.38,106.38,990.15,0.1074,1.3,20.0,dapi,1
BMPR1A_KD,no_BMP,10x-1,1070,315.0,683.1,102,143.52,186.57,1185.45,128.45,995.83,0.129,1.3,20.0,dapi,1
BMPR1A_KD,no_BMP,10x-1,1071,311.0,808.2,28,26.5,34.45,1248.43,191.43,1368.71,0.1399,1.3,20.0,dapi,1
BMPR1A_KD,no_BMP,10x-1,1072,312.9,828.0,77,10.86,14.12,1262.71,205.71,1225.83,0.1678,1.3,20.0,dapi,1
BMPR1A_KD,no_BMP,10x-1,1073,315.4,175.5,78,52.73,68.55,1301.03,244.03,1366.56,0.1786,1.3,20.0,dapi,1
BMPR1A_KD,no_BMP,10x-1,1074,315.2,208.0,88,76.45,99.39,1296.73,239.73,1255.61,0.1909,1.3,20.0,dapi,1
BMPR1A_KD,no_BMP,10x-1,1075,313.7,315.8,55,143.9,187.08,1249.67,192.67,1168.89,0.1648,1.3,20.0,dapi,1
BMPR1A_KD,no_BMP,10x-1,1076,314.5,745.6,65,84.55,109.91,1216.18,159.18,1033.68,0.154,1.3,20.0,dapi,1
BMPR1A_KD,no_BMP,10x-1,1077,313.4,766.3,50,65.39,85.01,1242.56,185.56,1075.64,0.1725,1.3,20.0,dapi,1
BMPR1A_KD,no_BMP,10x-1,1078,313.4,781.4,54,51.47,66.91,1273.74,216.74,1087.56,0.1993,1.3,20.0,dapi,1
BMPR1A_KD,no_BMP,10x-1,1079,315.0,246.2,72,106.73,138.75,1282.19,225.19,1431.21,0.1573,1.3,20.0,dapi,1
BMPR1A_KD,no_BMP,10x-1,1080,313.9,280.5,63,121.91,158.48,1272.49,215.49,1504.71,0.1432,1.3,20.0,dapi,1
BMPR1A_KD,no_BMP,10x-1,1081,315.5,492.4,58,264.08,343.3,1231.38,174.38,1169.36,0.1491,1.3,20.0,dapi,1
BMPR1A_KD,no_BMP,10x-1,1082,314.7,813.2,41,24.98,32.47,1282.85,225.85,1231.71,0.1834,1.3,20.0,dapi,1
BMPR1A_KD,no_BMP,10x-1,1083,315.9,159.2,66,44.1,57.33,1273.71,216.71,1128.09,0.1921,1.3,20.0,dapi,1
BMPR1A_KD,no_BMP,10x-1,1084,315.3,196.2,59,66.94,87.03,1280.07,223.07,1065.86,0.2093,1.3,20.0,dapi,1
BMPR1A_KD,no_BMP,10x-1,1085,316.7,463.9,110,260.65,338.84,1246.25,189.25,1123.67,0.1684,1.3,20.0,dapi,1
BMPR1A_KD,no_BMP,10x-1,1086,317.1,561.2,102,259.89,337.86,1199.9,142.9,1127.62,0.1267,1.3,20.0,dapi,1
BMPR1A_KD,no_BMP,10x-1,1087,316.5,140.7,70,28.0,36.4,1304.4,247.4,1123.91,0.2201,1.3,20.0,dapi,1
BMPR1A_KD,no_BMP,10x-1,1088,316.8,218.8,59,86.69,112.7,1303.63,246.63,1156.86,0.2132,1.3,20.0,dapi,1
BMPR1A_KD,no_BMP,10x-1,1089,317.9,344.0,101,166.51,216.46,1230.75,173.75,1141.65,0.1522,1.3,20.0,dapi,1
BMPR1A_KD,no_BMP,10x-1,1090,317.7,369.7,96,186.43,242.36,1219.41,162.41,1137.39,0.1428,1.3,20.0,dapi,1
BMPR1A_KD,no_BMP,10x-1,1091,316.9,425.7,63,229.42,298.25,1242.0,185.0,1104.89,0.1674,1.3,20.0,dapi,1
BMPR1A_KD,no_BMP,10x-1,1092,317.4,453.4,50,251.43,326.85,1250.22,193.22,1129.22,0.1711,1.3,20.0,dapi,1
BMPR1A_KD,no_BMP,10x-1,1093,316.7,577.7,62,243.44,316.47,1191.1,134.1,1008.66,0.1329,1.3,20.0,dapi,1
BMPR1A_KD,no_BMP,10x-1,1094,318.8,674.7,90,152.45,198.19,1165.34,108.34,1237.32,0.0876,1.3,20.0,dapi,1
BMPR1A_KD,no_BMP,10x-1,1095,317.6,693.4,66,135.77,176.51,1189.11,132.11,980.8,0.1347,1.3,20.0,dapi,1
BMPR1A_KD,no_BMP,10x-1,1096,316.6,802.7,55,34.02,44.23,1273.55,216.55,1099.15,0.197,1.3,20.0,dapi,1
BMPR1A_KD,no_BMP,10x-1,1097,318.4,837.0,76,4.74,6.16,1232.76,175.76,1092.59,0.1609,1.3,20.0,dapi,1
BMPR1A_KD,no_BMP,10x-1,1098,317.0,115.9,80,6.25,8.12,1265.42,208.42,954.29,0.2184,1.3,20.0,dapi,1
BMPR1A_KD,no_BMP,10x-1,1099,318.2,391.7,98,203.98,265.18,1226.27,169.27,949.37,0.1783,1.3,20.0,dapi,1
BMPR1A_KD,no_BMP,10x-1,1100,318.7,413.4,82,220.46,286.6,1234.37,177.37,1206.61,0.147,1.3,20.0,dapi,1
BMPR1A_KD,no_BMP,10x-1,1101,318.3,775.0,52,58.94,76.62,1274.21,217.21,1101.38,0.1972,1.3,20.0,dapi,1
BMPR1A_KD,no_BMP,10x-1,1102,317.5,273.3,53,121.67,158.18,1259.06,202.06,1212.81,0.1666,1.3,20.0,dapi,1
BMPR1A_KD,no_BMP,10x-1,1103,319.8,502.5,73,267.9,348.28,1245.55,188.55,946.7,0.1992,1.3,20.0,dapi,1
BMPR1A_KD,no_BMP,10x-1,1104,321.8,534.9,119,267.7,348.01,1239.6,182.6,1051.45,0.1737,1.3,20.0,dapi,1
BMPR1A_KD,no_BMP,10x-1,1105,319.0,710.2,84,120.47,156.61,1208.67,151.67,1004.04,0.1511,1.3,20.0,dapi,1
BMPR1A_KD,no_BMP,10x-1,1106,319.7,186.5,52,63.13,82.07,1293.12,236.12,1249.06,0.189,1.3,20.0,dapi,1
BMPR1A_KD,no_BMP,10x-1,1107,320.2,259.9,79,117.53,152.79,1254.92,197.92,1445.14,0.137,1.3,20.0,dapi,1
BMPR1A_KD,no_BMP,10x-1,1108,319.9,444.0,65,245.71,319.42,1256.72,199.72,1020.17,0.1958,1.3,20.0,dapi,1
BMPR1A_KD,no_BMP,10x-1,1109,319.5,788.0,58,48.25,62.72,1303.47,246.47,1055.43,0.2335,1.3,20.0,dapi,1
BMPR1A_KD,no_BMP,10x-1,1110,321.8,129.7,78,20.85,27.11,1277.55,220.55,938.33,0.235,1.3,20.0,dapi,1
BMPR1A_KD,no_BMP,10x-1,1111,322.8,172.7,95,57.29,74.47,1294.15,237.15,1317.46,0.18,1.3,20.0,dapi,1
BMPR1A_KD,no_BMP,10x-1,1112,320.9,226.4,59,94.73,123.15,1296.36,239.36,1132.68,0.2113,1.3,20.0,dapi,1
BMPR1A_KD,no_BMP,10x-1,1113,321.0,307.2,54,143.45,186.49,1273.89,216.89,1097.59,0.1976,1.3,20.0,dapi,1
BMPR1A_KD,no_BMP,10x-1,1114,321.0,725.0,57,106.68,138.69,1215.81,158.81,1023.3,0.1552,1.3,20.0,dapi,1
BMPR1A_KD,no_BMP,10x-1,1115,321.9,297.5,64,138.22,179.68,1282.42,225.42,1065.84,0.2115,1.3,20.0,dapi,1
BMPR1A_KD,no_BMP,10x-1,1116,322.0,512.6,64,269.07,349.79,1236.89,179.89,1011.25,0.1779,1.3,20.0,dapi,1
BMPR1A_KD,no_BMP,10x-1,1117,325.4,615.2,112,210.43,273.56,1178.86,121.86,1104.74,0.1103,1.3,20.0,dapi,1
BMPR1A_KD,no_BMP,10x-1,1118,323.2,549.6,85,268.62,349.21,1206.0,149.0,1032.14,0.1444,1.3,20.0,dapi,1
BMPR1A_KD,no_BMP,10x-1,1119,323.5,602.4,85,222.42,289.15,1172.26,115.26,946.52,0.1218,1.3,20.0,dapi,1
BMPR1A_KD,no_BMP,10x-1,1120,324.2,199.3,45,75.17,97.72,1282.51,225.51,1178.93,0.1913,1.3,20.0,dapi,1
BMPR1A_KD,no_BMP,10x-1,1121,323.9,315.6,62,151.45,196.88,1250.82,193.82,1133.66,0.171,1.3,20.0,dapi,1
BMPR1A_KD,no_BMP,10x-1,1122,325.1,655.8,134,172.26,223.93,1160.87,103.87,1027.73,0.1011,1.3,20.0,dapi,1
BMPR1A_KD,no_BMP,10x-1,1123,325.0,811.4,61,31.13,40.47,1272.31,215.31,1007.82,0.2136,1.3,20.0,dapi,1
BMPR1A_KD,no_BMP,10x-1,1124,325.6,110.9,108,6.55,8.51,1257.15,200.15,1122.27,0.1783,1.3,20.0,dapi,1
BMPR1A_KD,no_BMP,10x-1,1125,326.4,236.9,74,106.44,138.37,1266.77,209.77,1252.09,0.1675,1.3,20.0,dapi,1
BMPR1A_KD,no_BMP,10x-1,1126,325.8,246.9,66,114.47,148.8,1266.0,209.0,1125.98,0.1856,1.3,20.0,dapi,1
BMPR1A_KD,no_BMP,10x-1,1127,325.1,428.3,84,235.9,306.67,1241.01,184.01,1172.81,0.1569,1.3,20.0,dapi,1
BMPR1A_KD,no_BMP,10x-1,1128,325.5,490.1,97,275.24,357.82,1247.27,190.27,1179.98,0.1612,1.3,20.0,dapi,1
BMPR1A_KD,no_BMP,10x-1,1129,325.4,637.6,94,188.88,245.55,1164.17,107.17,1003.76,0.1068,1.3,20.0,dapi,1
BMPR1A_KD,no_BMP,10x-1,1130,325.5,794.9,58,45.84,59.59,1277.16,220.16,1011.24,0.2177,1.3,20.0,dapi,1
BMPR1A_KD,no_BMP,10x-1,1131,325.5,145.8,61,36.94,48.02,1289.2,232.2,1034.23,0.2245,1.3,20.0,dapi,1
BMPR1A_KD,no_BMP,10x-1,1132,328.2,160.2,107,50.36,65.46,1298.68,241.68,1299.27,0.186,1.3,20.0,dapi,1
BMPR1A_KD,no_BMP,10x-1,1133,325.9,269.6,68,127.28,165.47,1242.49,185.49,1128.35,0.1644,1.3,20.0,dapi,1
BMPR1A_KD,no_BMP,10x-1,1134,326.5,375.0,67,195.3,253.88,1197.31,140.31,1014.18,0.1384,1.3,20.0,dapi,1
BMPR1A_KD,no_BMP,10x-1,1135,326.7,385.7,111,204.62,266.0,1202.81,145.81,1205.23,0.121,1.3,20.0,dapi,1
BMPR1A_KD,no_BMP,10x-1,1136,325.6,462.5,64,263.92,343.09,1239.05,182.05,1079.47,0.1686,1.3,20.0,dapi,1
BMPR1A_KD,no_BMP,10x-1,1137,327.5,577.4,87,247.46,321.69,1202.66,145.66,1244.2,0.1171,1.3,20.0,dapi,1
BMPR1A_KD,no_BMP,10x-1,1138,329.7,628.5,134,200.02,260.03,1164.35,107.35,1026.77,0.1046,1.3,20.0,dapi,1
BMPR1A_KD,no_BMP,10x-1,1139,327.5,733.5,63,101.62,132.1,1232.73,175.73,1010.98,0.1738,1.3,20.0,dapi,1
BMPR1A_KD,no_BMP,10x-1,1140,325.9,743.7,77,90.66,117.86,1242.09,185.09,969.17,0.191,1.3,20.0,dapi,1
BMPR1A_KD,no_BMP,10x-1,1141,326.2,757.4,71,78.64,102.23,1238.59,181.59,1267.48,0.1433,1.3,20.0,dapi,1
BMPR1A_KD,no_BMP,10x-1,1142,327.3,821.9,58,22.19,28.85,1251.14,194.14,1400.26,0.1386,1.3,20.0,dapi,1
BMPR1A_KD,no_BMP,10x-1,1143,326.5,214.4,49,88.47,115.01,1288.82,231.82,1164.16,0.1991,1.3,20.0,dapi,1
BMPR1A_KD,no_BMP,10x-1,1144,327.7,280.4,74,133.83,173.98,1255.22,198.22,1098.76,0.1804,1.3,20.0,dapi,1
BMPR1A_KD,no_BMP,10x-1,1145,327.4,327.9,85,161.6,210.07,1238.41,181.41,1123.79,0.1614,1.3,20.0,dapi,1
BMPR1A_KD,no_BMP,10x-1,1146,327.0,412.5,80,225.63,293.32,1223.25,166.25,1104.79,0.1505,1.3,20.0,dapi,1
BMPR1A_KD,no_BMP,10x-1,1147,327.0,475.6,61,276.14,358.99,1246.02,189.02,1033.36,0.1829,1.3,20.0,dapi,1
BMPR1A_KD,no_BMP,10x-1,1148,328.0,686.5,75,146.02,189.82,1198.11,141.11,980.41,0.1439,1.3,20.0,dapi,1
BMPR1A_KD,no_BMP,10x-1,1149,326.4,699.0,60,132.98,172.88,1200.82,143.82,1039.8,0.1383,1.3,20.0,dapi,1
BMPR1A_KD,no_BMP,10x-1,1150,326.4,802.9,58,38.85,50.5,1246.55,189.55,1117.12,0.1697,1.3,20.0,dapi,1
BMPR1A_KD,no_BMP,10x-1,1151,327.0,167.5,35,56.2,73.07,1313.66,256.66,1233.86,0.208,1.3,20.0,dapi,1
BMPR1A_KD,no_BMP,10x-1,1152,329.0,357.5,100,183.52,238.58,1182.19,125.19,1180.2,0.1061,1.3,20.0,dapi,1
BMPR1A_KD,no_BMP,10x-1,1153,328.6,566.8,71,257.31,334.5,1192.37,135.37,970.11,0.1395,1.3,20.0,dapi,1
BMPR1A_KD,no_BMP,10x-1,1154,327.7,766.3,44,71.39,92.8,1284.77,227.77,1130.93,0.2014,1.3,20.0,dapi,1
BMPR1A_KD,no_BMP,10x-1,1155,329.2,772.0,77,66.6,86.58,1250.48,193.48,1257.91,0.1538,1.3,20.0,dapi,1
BMPR1A_KD,no_BMP,10x-1,1156,329.8,780.6,79,59.5,77.35,1277.53,220.53,1060.14,0.208,1.3,20.0,dapi,1
BMPR1A_KD,no_BMP,10x-1,1157,327.3,841.4,57,6.55,8.51,1250.68,193.68,988.0,0.196,1.3,20.0,dapi,1
BMPR1A_KD,no_BMP,10x-1,1158,328.5,189.2,56,71.07,92.39,1282.86,225.86,1056.11,0.2139,1.3,20.0,dapi,1
BMPR1A_KD,no_BMP,10x-1,1159,328.8,206.1,53,83.7,108.81,1283.32,226.32,1166.75,0.194,1.3,20.0,dapi,1
BMPR1A_KD,no_BMP,10x-1,1160,328.5,258.9,68,125.27,162.85,1249.09,192.09,1144.75,0.1678,1.3,20.0,dapi,1
BMPR1A_KD,no_BMP,10x-1,1161,329.9,586.2,84,239.5,311.34,1188.74,131.74,1262.95,0.1043,1.3,20.0,dapi,1
BMPR1A_KD,no_BMP,10x-1,1162,331.1,288.2,75,140.54,182.7,1265.61,208.61,1082.63,0.1927,1.3,20.0,dapi,1
BMPR1A_KD,no_BMP,10x-1,1163,330.4,342.9,78,174.12,226.36,1203.05,146.05,985.88,0.1481,1.3,20.0,dapi,1
BMPR1A_KD,no_BMP,10x-1,1164,329.6,444.0,50,251.62,327.1,1252.52,195.52,1201.48,0.1627,1.3,20.0,dapi,1
BMPR1A_KD,no_BMP,10x-1,1165,330.7,509.6,98,278.23,361.7,1206.76,149.76,1147.11,0.1305,1.3,20.0,dapi,1
BMPR1A_KD,no_BMP,10x-1,1166,329.3,715.9,61,117.81,153.15,1230.31,173.31,1035.3,0.1674,1.3,20.0,dapi,1
BMPR1A_KD,no_BMP,10x-1,1167,332.6,116.8,96,12.69,16.49,1265.31,208.31,1229.23,0.1695,1.3,20.0,dapi,1
BMPR1A_KD,no_BMP,10x-1,1168,330.1,393.9,32,212.83,276.68,1200.81,143.81,1463.84,0.0982,1.3,20.0,dapi,1
BMPR1A_KD,no_BMP,10x-1,1169,332.8,438.0,69,248.71,323.32,1234.2,177.2,1096.41,0.1616,1.3,20.0,dapi,1
BMPR1A_KD,no_BMP,10x-1,1170,331.6,453.9,58,260.84,339.09,1237.45,180.45,1075.38,0.1678,1.3,20.0,dapi,1
BMPR1A_KD,no_BMP,10x-1,1171,333.4,522.7,98,279.23,363.0,1217.95,160.95,1179.07,0.1365,1.3,20.0,dapi,1
BMPR1A_KD,no_BMP,10x-1,1172,334.1,541.8,108,279.62,363.5,1211.42,154.42,1118.1,0.1381,1.3,20.0,dapi,1
BMPR1A_KD,no_BMP,10x-1,1173,332.3,703.2,82,131.06,170.37,1215.73,158.73,962.93,0.1648,1.3,20.0,dapi,1
BMPR1A_KD,no_BMP,10x-1,1174,332.8,753.8,71,84.35,109.65,1264.18,207.18,1099.99,0.1884,1.3,20.0,dapi,1
BMPR1A_KD,no_BMP,10x-1,1175,333.1,858.9,97,4.03,5.24,1204.96,147.96,986.04,0.1501,1.3,20.0,dapi,1
BMPR1A_KD,no_BMP,10x-1,1176,333.1,304.3,95,151.22,196.59,1247.38,190.38,916.01,0.2078,1.3,20.0,dapi,1
BMPR1A_KD,no_BMP,10x-1,1177,333.1,486.2,85,282.73,367.55,1222.19,165.19,1225.52,0.1348,1.3,20.0,dapi,1
BMPR1A_KD,no_BMP,10x-1,1178,333.0,788.2,61,55.39,72.01,1236.05,179.05,1027.46,0.1743,1.3,20.0,dapi,1
BMPR1A_KD,no_BMP,10x-1,1179,335.1,473.0,100,278.08,361.5,1220.64,163.64,1234.25,0.1326,1.3,20.0,dapi,1
BMPR1A_KD,no_BMP,10x-1,1180,334.1,593.1,85,234.18,304.43,1195.02,138.02,1291.09,0.1069,1.3,20.0,dapi,1
BMPR1A_KD,no_BMP,10x-1,1181,334.9,669.1,100,164.3,213.6,1183.16,126.16,980.93,0.1286,1.3,20.0,dapi,1
BMPR1A_KD,no_BMP,10x-1,1182,336.0,723.2,70,113.86,148.02,1236.5,179.5,1002.26,0.1791,1.3,20.0,dapi,1
BMPR1A_KD,no_BMP,10x-1,1183,336.3,132.9,79,28.9,37.57,1279.77,222.77,1333.13,0.1671,1.3,20.0,dapi,1
BMPR1A_KD,no_BMP,10x-1,1184,336.3,152.0,93,46.88,60.95,1296.37,239.37,1285.87,0.1862,1.3,20.0,dapi,1
BMPR1A_KD,no_BMP,10x-1,1185,338.7,181.6,169,74.95,97.44,1277.95,220.95,929.74,0.2376,1.3,20.0,dapi,1
BMPR1A_KD,no_BMP,10x-1,1186,336.7,228.4,87,105.65,137.35,1277.67,220.67,1282.86,0.172,1.3,20.0,dapi,1
BMPR1A_KD,no_BMP,10x-1,1187,336.0,235.9,60,111.44,144.87,1276.67,219.67,1168.73,0.188,1.3,20.0,dapi,1
BMPR1A_KD,no_BMP,10x-1,1188,334.2,270.6,59,134.89,175.35,1244.0,187.0,1168.81,0.16,1.3,20.0,dapi,1
BMPR1A_KD,no_BMP,10x-1,1189,336.3,317.3,96,161.43,209.86,1251.9,194.9,1089.72,0.1788,1.3,20.0,dapi,1
BMPR1A_KD,no_BMP,10x-1,1190,334.6,412.4,75,230.21,299.27,1213.11,156.11,1000.39,0.156,1.3,20.0,dapi,1
BMPR1A_KD,no_BMP,10x-1,1191,336.0,556.4,110,269.89,350.85,1203.04,146.04,1119.57,0.1304,1.3,20.0,dapi,1
BMPR1A_KD,no_BMP,10x-1,1192,333.6,831.6,37,17.86,23.21,1271.27,214.27,1090.51,0.1965,1.3,20.0,dapi,1
BMPR1A_KD,no_BMP,10x-1,1193,335.5,212.7,55,92.92,120.79,1261.47,204.47,1103.73,0.1853,1.3,20.0,dapi,1
BMPR1A_KD,no_BMP,10x-1,1194,336.3,331.6,60,170.97,222.26,1226.3,169.3,1099.95,0.1539,1.3,20.0,dapi,1
BMPR1A_KD,no_BMP,10x-1,1195,337.6,368.4,112,197.72,257.03,1188.72,131.72,1155.57,0.114,1.3,20.0,dapi,1
BMPR1A_KD,no_BMP,10x-1,1196,336.4,447.9,52,258.44,335.97,1244.63,187.63,1249.15,0.1502,1.3,20.0,dapi,1
BMPR1A_KD,no_BMP,10x-1,1197,335.9,799.7,65,45.89,59.65,1242.09,185.09,1236.77,0.1497,1.3,20.0,dapi,1
BMPR1A_KD,no_BMP,10x-1,1198,336.6,200.3,63,85.11,110.65,1268.73,211.73,1116.81,0.1896,1.3,20.0,dapi,1
BMPR1A_KD,no_BMP,10x-1,1199,336.2,260.5,63,131.67,171.17,1241.06,184.06,1188.76,0.1548,1.3,20.0,dapi,1
BMPR1A_KD,no_BMP,10x-1,1200,337.7,500.8,65,285.92,371.69,1199.58,142.58,1002.78,0.1422,1.3,20.0,dapi,1
BMPR1A_KD,no_BMP,10x-1,1201,337.4,731.2,56,106.87,138.92,1251.73,194.73,1064.71,0.1829,1.3,20.0,dapi,1
BMPR1A_KD,no_BMP,10x-1,1202,339.7,647.9,131,185.78,241.51,1185.4,128.4,1013.2,0.1267,1.3,20.0,dapi,1
BMPR1A_KD,no_BMP,10x-1,1203,338.4,750.0,57,90.2,117.27,1230.39,173.39,1081.95,0.1603,1.3,20.0,dapi,1
BMPR1A_KD,no_BMP,10x-1,1204,337.8,821.3,66,28.82,37.47,1264.64,207.64,978.71,0.2122,1.3,20.0,dapi,1
BMPR1A_KD,no_BMP,10x-1,1205,339.5,611.1,73,219.54,285.4,1186.59,129.59,1098.44,0.118,1.3,20.0,dapi,1
BMPR1A_KD,no_BMP,10x-1,1206,340.6,694.9,136,141.71,184.23,1202.49,145.49,1034.01,0.1407,1.3,20.0,dapi,1
BMPR1A_KD,no_BMP,10x-1,1207,341.7,141.7,94,38.74,50.37,1301.8,244.8,1280.49,0.1912,1.3,20.0,dapi,1
BMPR1A_KD,no_BMP,10x-1,1208,340.8,164.0,85,59.8,77.73,1291.46,234.46,1277.2,0.1836,1.3,20.0,dapi,1
BMPR1A_KD,no_BMP,10x-1,1209,340.8,343.1,88,182.05,236.67,1208.81,151.81,974.47,0.1558,1.3,20.0,dapi,1
BMPR1A_KD,no_BMP,10x-1,1210,343.7,352.4,120,190.41,247.54,1209.46,152.46,1134.67,0.1344,1.3,20.0,dapi,1
BMPR1A_KD,no_BMP,10x-1,1211,340.8,387.4,64,214.06,278.28,1218.0,161.0,1019.61,0.1579,1.3,20.0,dapi,1
BMPR1A_KD,no_BMP,10x-1,1212,341.5,427.5,114,245.38,319.0,1224.53,167.53,1121.82,0.1493,1.3,20.0,dapi,1
BMPR1A_KD,no_BMP,10x-1,1213,342.0,576.4,103,252.88,328.75,1195.01,138.01,1146.67,0.1204,1.3,20.0,dapi,1
BMPR1A_KD,no_BMP,10x-1,1214,341.4,741.6,82,98.68,128.28,1228.45,171.45,1140.61,0.1503,1.3,20.0,dapi,1
BMPR1A_KD,no_BMP,10x-1,1215,340.2,806.0,56,42.42,55.14,1258.43,201.43,1145.57,0.1758,1.3,20.0,dapi,1
BMPR1A_KD,no_BMP,10x-1,1216,342.5,250.2,92,126.92,164.99,1247.12,190.12,1231.22,0.1544,1.3,20.0,dapi,1
BMPR1A_KD,no_BMP,10x-1,1217,341.5,287.7,66,149.09,193.82,1253.67,196.67,1140.21,0.1725,1.3,20.0,dapi,1
BMPR1A_KD,no_BMP,10x-1,1218,340.4,490.2,44,289.12,375.86,1225.39,168.39,1292.84,0.1302,1.3,20.0,dapi,1
BMPR1A_KD,no_BMP,10x-1,1219,343.7,507.4,105,291.41,378.83,1184.26,127.26,1173.18,0.1085,1.3,20.0,dapi,1
BMPR1A_KD,no_BMP,10x-1,1220,345.1,660.8,127,174.99,227.49,1196.02,139.02,1052.34,0.1321,1.3,20.0,dapi,1
BMPR1A_KD,no_BMP,10x-1,1221,341.1,832.9,51,22.26,28.94,1287.92,230.92,1099.73,0.21,1.3,20.0,dapi,1
BMPR1A_KD,no_BMP,10x-1,1222,346.4,109.0,135,9.62,12.5,1263.36,206.36,978.23,0.211,1.3,20.0,dapi,1
BMPR1A_KD,no_BMP,10x-1,1223,342.2,119.4,49,16.57,21.54,1274.67,217.67,1177.43,0.1849,1.3,20.0,dapi,1
BMPR1A_KD,no_BMP,10x-1,1224,343.3,195.0,75,86.44,112.38,1254.75,197.75,1394.64,0.1418,1.3,20.0,dapi,1
BMPR1A_KD,no_BMP,10x-1,1225,342.3,299.3,67,155.74,202.47,1265.61,208.61,1159.58,0.1799,1.3,20.0,dapi,1
BMPR1A_KD,no_BMP,10x-1,1226,343.4,462.6,114,274.62,357.0,1223.29,166.29,1143.78,0.1454,1.3,20.0,dapi,1
BMPR1A_KD,no_BMP,10x-1,1227,342.2,520.8,51,288.34,374.84,1198.37,141.37,1157.94,0.1221,1.3,20.0,dapi,1
BMPR1A_KD,no_BMP,10x-1,1228,343.6,590.2,102,240.51,312.66,1209.04,152.04,1210.83,0.1256,1.3,20.0,dapi,1
BMPR1A_KD,no_BMP,10x-1,1229,344.7,627.9,109,206.03,267.84,1192.73,135.73,1143.49,0.1187,1.3,20.0,dapi,1
BMPR1A_KD,no_BMP,10x-1,1230,342.1,772.2,66,73.67,95.77,1266.03,209.03,1035.97,0.2018,1.3,20.0,dapi,1
BMPR1A_KD,no_BMP,10x-1,1231,344.2,546.8,54,280.92,365.2,1192.09,135.09,1042.85,0.1295,1.3,20.0,dapi,1
BMPR1A_KD,no_BMP,10x-1,1232,344.6,784.2,52,64.22,83.49,1256.38,199.38,1081.29,0.1844,1.3,20.0,dapi,1
BMPR1A_KD,no_BMP,10x-1,1233,344.8,209.0,57,97.1,126.23,1251.89,194.89,1099.02,0.1773,1.3,20.0,dapi,1
BMPR1A_KD,no_BMP,10x-1,1234,347.1,222.2,98,107.68,139.99,1248.02,191.02,1170.9,0.1631,1.3,20.0,dapi,1
BMPR1A_KD,no_BMP,10x-1,1235,344.9,276.3,96,146.96,191.05,1242.08,185.08,1182.02,0.1566,1.3,20.0,dapi,1
BMPR1A_KD,no_BMP,10x-1,1236,349.1,405.7,180,233.88,304.04,1225.3,168.3,933.92,0.1802,1.3,20.0,dapi,1
BMPR1A_KD,no_BMP,10x-1,1237,345.8,563.9,84,265.53,345.19,1191.11,134.11,1115.52,0.1202,1.3,20.0,dapi,1
BMPR1A_KD,no_BMP,10x-1,1238,346.0,318.2,63,170.03,221.04,1234.02,177.02,1131.7,0.1564,1.3,20.0,dapi,1
BMPR1A_KD,no_BMP,10x-1,1239,344.1,395.3,29,222.16,288.8,1220.07,163.07,1456.03,0.112,1.3,20.0,dapi,1
BMPR1A_KD,no_BMP,10x-1,1240,347.5,608.3,99,225.46,293.09,1197.67,140.67,1277.24,0.1101,1.3,20.0,dapi,1
BMPR1A_KD,no_BMP,10x-1,1241,349.9,717.1,123,125.04,162.56,1224.8,167.8,1174.07,0.1429,1.3,20.0,dapi,1
BMPR1A_KD,no_BMP,10x-1,1242,347.7,150.0,85,47.94,62.32,1285.34,228.34,1289.12,0.1771,1.3,20.0,dapi,1
BMPR1A_KD,no_BMP,10x-1,1243,347.5,327.6,81,176.87,229.93,1199.86,142.86,1037.14,0.1377,1.3,20.0,dapi,1
BMPR1A_KD,no_BMP,10x-1,1244,348.5,377.0,78,211.11,274.44,1207.62,150.62,967.77,0.1556,1.3,20.0,dapi,1
BMPR1A_KD,no_BMP,10x-1,1245,348.5,446.3,103,264.38,343.69,1232.97,175.97,1181.65,0.1489,1.3,20.0,dapi,1
BMPR1A_KD,no_BMP,10x-1,1246,347.4,793.2,55,57.18,74.33,1253.4,196.4,1053.36,0.1865,1.3,20.0,dapi,1
BMPR1A_KD,no_BMP,10x-1,1247,347.5,818.7,83,36.94,48.02,1262.83,205.83,1123.4,0.1832,1.3,20.0,dapi,1
BMPR1A_KD,no_BMP,10x-1,1248,347.6,162.3,53,59.57,77.44,1302.81,245.81,1231.34,0.1996,1.3,20.0,dapi,1
BMPR1A_KD,no_BMP,10x-1,1249,348.3,479.8,86,291.28,378.66,1206.21,149.21,1301.84,0.1146,1.3,20.0,dapi,1
BMPR1A_KD,no_BMP,10x-1,1250,348.5,530.5,65,293.81,381.95,1183.78,126.78,1008.26,0.1257,1.3,20.0,dapi,1
BMPR1A_KD,no_BMP,10x-1,1251,348.3,730.7,86,111.67,145.18,1231.24,174.24,1011.41,0.1723,1.3,20.0,dapi,1
BMPR1A_KD,no_BMP,10x-1,1252,346.4,806.1,57,45.65,59.34,1274.53,217.53,1153.7,0.1885,1.3,20.0,dapi,1
BMPR1A_KD,no_BMP,10x-1,1253,349.4,844.5,93,22.26,28.94,1264.85,207.85,1374.54,0.1512,1.3,20.0,dapi,1
BMPR1A_KD,no_BMP,10x-1,1254,351.1,99.0,124,5.83,7.58,1239.57,182.57,1033.16,0.1767,1.3,20.0,dapi,1
BMPR1A_KD,no_BMP,10x-1,1255,347.8,124.9,64,24.43,31.76,1314.14,257.14,1060.33,0.2425,1.3,20.0,dapi,1
BMPR1A_KD,no_BMP,10x-1,1256,349.4,241.8,76,124.08,161.3,1247.95,190.95,1137.68,0.1678,1.3,20.0,dapi,1
BMPR1A_KD,no_BMP,10x-1,1257,349.3,669.3,68,168.84,219.5,1196.53,139.53,1021.46,0.1366,1.3,20.0,dapi,1
BMPR1A_KD,no_BMP,10x-1,1258,347.9,682.4,56,156.39,203.31,1186.62,129.62,1038.61,0.1248,1.3,20.0,dapi,1
BMPR1A_KD,no_BMP,10x-1,1259,349.2,710.6,49,130.03,169.04,1216.76,159.76,1019.27,0.1567,1.3,20.0,dapi,1
BMPR1A_KD,no_BMP,10x-1,1260,348.5,759.5,72,87.5,113.75,1249.61,192.61,1074.71,0.1792,1.3,20.0,dapi,1
BMPR1A_KD,no_BMP,10x-1,1261,353.3,858.4,204,12.07,15.7,1272.12,215.12,1298.1,0.1657,1.3,20.0,dapi,1
BMPR1A_KD,no_BMP,10x-1,1262,350.9,358.7,69,200.31,260.41,1204.3,147.3,1060.93,0.1388,1.3,20.0,dapi,1
BMPR1A_KD,no_BMP,10x-1,1263,352.0,136.3,92,36.09,46.92,1286.17,229.17,1213.77,0.1888,1.3,20.0,dapi,1
BMPR1A_KD,no_BMP,10x-1,1264,352.9,298.7,87,165.04,214.55,1250.49,193.49,1233.55,0.1569,1.3,20.0,dapi,1
BMPR1A_KD,no_BMP,10x-1,1265,351.7,600.9,90,233.48,303.52,1199.02,142.02,1164.0,0.122,1.3,20.0,dapi,1
BMPR1A_KD,no_BMP,10x-1,1266,351.3,694.5,42,145.47,189.11,1191.93,134.93,1221.93,0.1104,1.3,20.0,dapi,1
BMPR1A_KD,no_BMP,10x-1,1267,349.4,776.2,40,73.16,95.11,1252.3,195.3,1191.62,0.1639,1.3,20.0,dapi,1
BMPR1A_KD,no_BMP,10x-1,1268,351.4,195.7,66,92.84,120.69,1248.68,191.68,1229.8,0.1559,1.3,20.0,dapi,1
BMPR1A_KD,no_BMP,10x-1,1269,351.9,273.4,76,150.82,196.07,1231.45,174.45,1109.82,0.1572,1.3,20.0,dapi,1
BMPR1A_KD,no_BMP,10x-1,1270,352.4,289.1,67,159.16,206.9,1264.34,207.34,1137.52,0.1823,1.3,20.0,dapi,1
BMPR1A_KD,no_BMP,10x-1,1271,351.7,391.8,75,224.98,292.47,1210.33,153.33,988.52,0.1551,1.3,20.0,dapi,1
BMPR1A_KD,no_BMP,10x-1,1272,352.2,439.1,64,261.66,340.16,1227.28,170.28,1213.2,0.1404,1.3,20.0,dapi,1
BMPR1A_KD,no_BMP,10x-1,1273,352.3,535.9,68,293.92,382.09,1178.97,121.97,1013.96,0.1203,1.3,20.0,dapi,1
BMPR1A_KD,no_BMP,10x-1,1274,354.2,260.2,94,141.44,183.87,1236.07,179.07,1204.3,0.1487,1.3,20.0,dapi,1
BMPR1A_KD,no_BMP,10x-1,1275,353.6,309.9,96,171.83,223.38,1227.86,170.86,1266.48,0.1349,1.3,20.0,dapi,1
BMPR1A_KD,no_BMP,10x-1,1276,353.4,469.8,71,286.24,372.11,1225.17,168.17,1194.38,0.1408,1.3,20.0,dapi,1
BMPR1A_KD,no_BMP,10x-1,1277,353.2,517.3,71,299.61,389.49,1197.39,140.39,962.07,0.1459,1.3,20.0,dapi,1
BMPR1A_KD,no_BMP,10x-1,1278,352.1,582.9,53,250.0,325.0,1193.43,136.43,1098.68,0.1242,1.3,20.0,dapi,1
BMPR1A_KD,no_BMP,10x-1,1279,353.1,619.2,62,217.39,282.61,1200.5,143.5,1040.11,0.138,1.3,20.0,dapi,1
BMPR1A_KD,no_BMP,10x-1,1280,354.3,649.0,109,189.32,246.12,1205.65,148.65,1016.59,0.1462,1.3,20.0,dapi,1
BMPR1A_KD,no_BMP,10x-1,1281,354.2,208.7,53,103.82,134.97,1255.55,198.55,1159.43,0.1712,1.3,20.0,dapi,1
BMPR1A_KD,no_BMP,10x-1,1282,355.7,233.9,90,122.59,159.37,1245.73,188.73,1235.93,0.1527,1.3,20.0,dapi,1
BMPR1A_KD,no_BMP,10x-1,1283,355.7,368.3,110,210.18,273.24,1184.7,127.7,1175.78,0.1086,1.3,20.0,dapi,1
BMPR1A_KD,no_BMP,10x-1,1284,353.7,545.2,57,286.12,371.96,1200.07,143.07,1076.51,0.1329,1.3,20.0,dapi,1
BMPR1A_KD,no_BMP,10x-1,1285,356.2,553.7,90,278.4,361.93,1209.72,152.72,1035.58,0.1475,1.3,20.0,dapi,1
BMPR1A_KD,no_BMP,10x-1,1286,352.8,806.0,50,49.91,64.89,1239.06,182.06,1083.16,0.1681,1.3,20.0,dapi,1
BMPR1A_KD,no_BMP,10x-1,1287,354.5,824.7,69,37.42,48.64,1267.3,210.3,1121.91,0.1875,1.3,20.0,dapi,1
BMPR1A_KD,no_BMP,10x-1,1288,356.5,632.2,134,206.33,268.23,1212.34,155.34,1059.34,0.1466,1.3,20.0,dapi,1
BMPR1A_KD,no_BMP,10x-1,1289,355.5,738.1,58,109.17,141.92,1229.02,172.02,1055.21,0.163,1.3,20.0,dapi,1
BMPR1A_KD,no_BMP,10x-1,1290,355.3,753.2,84,96.42,125.34,1228.93,171.93,1259.0,0.1366,1.3,20.0,dapi,1
BMPR1A_KD,no_BMP,10x-1,1291,355.0,769.1,62,82.11,106.74,1271.21,214.21,1060.42,0.202,1.3,20.0,dapi,1
BMPR1A_KD,no_BMP,10x-1,1292,356.8,421.5,104,251.43,326.85,1204.39,147.39,1104.61,0.1334,1.3,20.0,dapi,1
BMPR1A_KD,no_BMP,10x-1,1293,357.8,482.1,106,298.82,388.46,1224.04,167.04,1160.73,0.1439,1.3,20.0,dapi,1
BMPR1A_KD,no_BMP,10x-1,1294,354.5,495.2,45,303.43,394.46,1209.93,152.93,1154.56,0.1325,1.3,20.0,dapi,1
BMPR1A_KD,no_BMP,10x-1,1295,359.5,337.8,136,192.49,250.23,1187.77,130.77,1042.46,0.1254,1.3,20.0,dapi,1
BMPR1A_KD,no_BMP,10x-1,1296,358.4,409.1,80,241.85,314.41,1206.81,149.81,1058.78,0.1415,1.3,20.0,dapi,1
BMPR1A_KD,no_BMP,10x-1,1297,357.2,148.0,59,49.09,63.82,1288.54,231.54,1146.93,0.2019,1.3,20.0,dapi,1
BMPR1A_KD,no_BMP,10x-1,1298,357.9,168.7,79,69.05,89.76,1280.76,223.76,969.94,0.2307,1.3,20.0,dapi,1
BMPR1A_KD,no_BMP,10x-1,1299,360.1,180.2,98,80.12,104.16,1255.78,198.78,1180.61,0.1684,1.3,20.0,dapi,1
BMPR1A_KD,no_BMP,10x-1,1300,358.4,192.3,59,91.1,118.42,1250.54,193.54,1075.54,0.1799,1.3,20.0,dapi,1
BMPR1A_KD,no_BMP,10x-1,1301,358.2,245.7,68,132.89,172.76,1227.07,170.07,1335.91,0.1273,1.3,20.0,dapi,1
BMPR1A_KD,no_BMP,10x-1,1302,359.2,509.9,91,306.18,398.03,1202.25,145.25,968.34,0.15,1.3,20.0,dapi,1
BMPR1A_KD,no_BMP,10x-1,1303,359.6,745.1,70,105.81,137.56,1218.47,161.47,1136.04,0.1421,1.3,20.0,dapi,1
BMPR1A_KD,no_BMP,10x-1,1304,359.0,795.8,120,61.45,79.89,1243.35,186.35,1137.99,0.1638,1.3,20.0,dapi,1
BMPR1A_KD,no_BMP,10x-1,1305,358.8,109.5,52,17.86,23.21,1272.02,215.02,1063.44,0.2022,1.3,20.0,dapi,1
BMPR1A_KD,no_BMP,10x-1,1306,358.5,130.5,55,33.71,43.82,1270.8,213.8,1107.64,0.193,1.3,20.0,dapi,1
BMPR1A_KD,no_BMP,10x-1,1307,359.5,388.6,66,228.06,296.48,1186.44,129.44,1058.88,0.1222,1.3,20.0,dapi,1
BMPR1A_KD,no_BMP,10x-1,1308,361.0,458.2,95,281.92,366.5,1230.19,173.19,1200.04,0.1443,1.3,20.0,dapi,1
BMPR1A_KD,no_BMP,10x-1,1309,361.5,563.4,90,272.31,354.0,1190.67,133.67,1194.19,0.1119,1.3,20.0,dapi,1
BMPR1A_KD,no_BMP,10x-1,1310,359.2,579.9,82,255.51,332.17,1228.91,171.91,1058.56,0.1624,1.3,20.0,dapi,1
BMPR1A_KD,no_BMP,10x-1,1311,359.1,595.7,85,240.95,313.23,1211.84,154.84,1107.39,0.1398,1.3,20.0,dapi,1
BMPR1A_KD,no_BMP,10x-1,1312,358.8,680.8,92,161.49,209.94,1158.54,101.54,1054.45,0.0963,1.3,20.0,dapi,1
BMPR1A_KD,no_BMP,10x-1,1313,360.7,701.5,119,144.28,187.56,1186.97,129.97,1066.31,0.1219,1.3,20.0,dapi,1
BMPR1A_KD,no_BMP,10x-1,1314,360.6,779.5,91,75.59,98.26,1261.24,204.24,1276.76,0.16,1.3,20.0,dapi,1
BMPR1A_KD,no_BMP,10x-1,1315,358.8,815.9,56,46.99,61.08,1272.73,215.73,1098.46,0.1964,1.3,20.0,dapi,1
BMPR1A_KD,no_BMP,10x-1,1316,359.4,222.5,55,116.89,151.96,1233.65,176.65,1212.44,0.1457,1.3,20.0,dapi,1
BMPR1A_KD,no_BMP,10x-1,1317,360.6,320.6,61,183.86,239.02,1196.64,139.64,1060.7,0.1316,1.3,20.0,dapi,1
BMPR1A_KD,no_BMP,10x-1,1318,360.2,122.7,44,29.3,38.09,1268.16,211.16,1132.23,0.1865,1.3,20.0,dapi,1
BMPR1A_KD,no_BMP,10x-1,1319,360.4,160.5,54,62.24,80.91,1269.63,212.63,1145.81,0.1856,1.3,20.0,dapi,1
BMPR1A_KD,no_BMP,10x-1,1320,361.1,643.8,75,196.5,255.44,1204.19,147.19,997.92,0.1475,1.3,20.0,dapi,1
BMPR1A_KD,no_BMP,10x-1,1321,364.1,282.0,77,165.18,214.74,1236.55,179.55,1079.49,0.1663,1.3,20.0,dapi,1
BMPR1A_KD,no_BMP,10x-1,1322,363.4,311.2,94,179.89,233.86,1205.85,148.85,1120.5,0.1328,1.3,20.0,dapi,1
BMPR1A_KD,no_BMP,10x-1,1323,362.4,429.4,72,260.02,338.03,1218.06,161.06,1072.07,0.1502,1.3,20.0,dapi,1
BMPR1A_KD,no_BMP,10x-1,1324,361.9,617.4,73,222.14,288.78,1220.41,163.41,995.08,0.1642,1.3,20.0,dapi,1
BMPR1A_KD,no_BMP,10x-1,1325,363.1,761.0,63,92.92,120.79,1219.87,162.87,997.76,0.1632,1.3,20.0,dapi,1
BMPR1A_KD,no_BMP,10x-1,1326,364.7,96.9,121,6.98,9.07,1235.46,178.46,1056.55,0.1689,1.3,20.0,dapi,1
BMPR1A_KD,no_BMP,10x-1,1327,362.5,206.9,81,106.62,138.61,1266.58,209.58,992.14,0.2112,1.3,20.0,dapi,1
BMPR1A_KD,no_BMP,10x-1,1328,363.6,443.9,82,273.26,355.24,1191.83,134.83,1306.51,0.1032,1.3,20.0,dapi,1
BMPR1A_KD,no_BMP,10x-1,1329,363.8,532.8,83,300.88,391.14,1189.31,132.31,945.16,0.14,1.3,20.0,dapi,1
BMPR1A_KD,no_BMP,10x-1,1330,365.1,725.6,116,124.68,162.08,1191.0,134.0,1096.09,0.1223,1.3,20.0,dapi,1
BMPR1A_KD,no_BMP,10x-1,1331,364.2,473.6,67,296.18,385.04,1218.19,161.19,1096.04,0.1471,1.3,20.0,dapi,1
BMPR1A_KD,no_BMP,10x-1,1332,366.6,503.0,107,314.64,409.03,1185.06,128.06,1137.36,0.1126,1.3,20.0,dapi,1
BMPR1A_KD,no_BMP,10x-1,1333,363.6,827.6,57,43.65,56.74,1267.79,210.79,1068.3,0.1973,1.3,20.0,dapi,1
BMPR1A_KD,no_BMP,10x-1,1334,362.9,845.0,61,28.44,36.98,1270.61,213.61,1048.1,0.2038,1.3,20.0,dapi,1
BMPR1A_KD,no_BMP,10x-1,1335,365.0,875.0,100,9.45,12.29,1228.15,171.15,1099.5,0.1557,1.3,20.0,dapi,1
BMPR1A_KD,no_BMP,10x-1,1336,364.1,886.5,74,3.3,4.29,1196.81,139.81,900.12,0.1553,1.3,20.0,dapi,1
BMPR1A_KD,no_BMP,10x-1,1337,365.6,153.2,82,57.56,74.83,1278.79,221.79,1273.3,0.1742,1.3,20.0,dapi,1
BMPR1A_KD,no_BMP,10x-1,1338,365.8,381.2,65,226.45,294.38,1185.71,128.71,1007.26,0.1278,1.3,20.0,dapi,1
BMPR1A_KD,no_BMP,10x-1,1339,365.4,523.9,81,309.64,402.53,1180.62,123.62,1023.04,0.1208,1.3,20.0,dapi,1
BMPR1A_KD,no_BMP,10x-1,1340,367.1,548.5,98,288.08,374.5,1180.71,123.71,1016.15,0.1217,1.3,20.0,dapi,1
BMPR1A_KD,no_BMP,10x-1,1341,366.5,664.2,121,179.87,233.83,1189.74,132.74,1107.81,0.1198,1.3,20.0,dapi,1
BMPR1A_KD,no_BMP,10x-1,1342,366.9,190.4,75,91.84,119.39,1298.43,241.43,1029.93,0.2344,1.3,20.0,dapi,1
BMPR1A_KD,no_BMP,10x-1,1343,367.5,290.8,78,174.24,226.51,1232.62,175.62,1202.26,0.1461,1.3,20.0,dapi,1
BMPR1A_KD,no_BMP,10x-1,1344,367.2,491.7,75,312.22,405.89,1203.32,146.32,1061.68,0.1378,1.3,20.0,dapi,1
BMPR1A_KD,no_BMP,10x-1,1345,368.1,675.3,114,170.69,221.9,1157.96,100.96,1123.04,0.0899,1.3,20.0,dapi,1
BMPR1A_KD,no_BMP,10x-1,1346,368.3,254.7,113,146.23,190.1,1243.88,186.88,1104.0,0.1693,1.3,20.0,dapi,1
BMPR1A_KD,no_BMP,10x-1,1347,369.6,322.6,105,192.38,250.09,1176.53,119.53,1113.67,0.1073,1.3,20.0,dapi,1
BMPR1A_KD,no_BMP,10x-1,1348,368.2,365.5,93,216.82,281.87,1194.37,137.37,1070.52,0.1283,1.3,20.0,dapi,1
BMPR1A_KD,no_BMP,10x-1,1349,367.2,602.7,59,237.0,308.11,1205.56,148.56,1055.03,0.1408,1.3,20.0,dapi,1
BMPR1A_KD,no_BMP,10x-1,1350,367.3,711.2,75,138.45,179.98,1193.25,136.25,1081.95,0.1259,1.3,20.0,dapi,1
BMPR1A_KD,no_BMP,10x-1,1351,367.3,737.3,76,116.1,150.93,1207.75,150.75,1031.57,0.1461,1.3,20.0,dapi,1
BMPR1A_KD,no_BMP,10x-1,1352,366.8,788.1,49,72.71,94.52,1243.69,186.69,1169.08,0.1597,1.3,20.0,dapi,1
BMPR1A_KD,no_BMP,10x-1,1353,367.0,835.9,67,38.15,49.6,1247.03,190.03,1262.7,0.1505,1.3,20.0,dapi,1
BMPR1A_KD,no_BMP,10x-1,1354,368.6,115.0,98,25.11,32.65,1281.03,224.03,1184.24,0.1892,1.3,20.0,dapi,1
BMPR1A_KD,no_BMP,10x-1,1355,369.1,230.0,82,128.98,167.67,1231.33,174.33,1353.33,0.1288,1.3,20.0,dapi,1
BMPR1A_KD,no_BMP,10x-1,1356,368.9,272.4,82,160.03,208.04,1221.48,164.48,962.44,0.1709,1.3,20.0,dapi,1
BMPR1A_KD,no_BMP,10x-1,1357,372.7,419.2,118,259.14,336.88,1217.87,160.87,1055.5,0.1524,1.3,20.0,dapi,1
BMPR1A_KD,no_BMP,10x-1,1358,369.4,571.0,97,267.83,348.18,1200.6,143.6,1159.06,0.1239,1.3,20.0,dapi,1
BMPR1A_KD,no_BMP,10x-1,1359,368.3,752.3,63,103.21,134.17,1230.97,173.97,1018.02,0.1709,1.3,20.0,dapi,1
BMPR1A_KD,no_BMP,10x-1,1360,366.2,815.1,46,53.03,68.93,1241.0,184.0,1133.8,0.1623,1.3,20.0,dapi,1
BMPR1A_KD,no_BMP,10x-1,1361,369.1,219.6,54,121.02,157.32,1224.65,167.65,1133.17,0.1479,1.3,20.0,dapi,1
BMPR1A_KD,no_BMP,10x-1,1362,368.9,240.6,69,136.64,177.64,1238.88,181.88,1265.58,0.1437,1.3,20.0,dapi,1
BMPR1A_KD,no_BMP,10x-1,1363,371.2,357.1,102,213.81,277.95,1174.02,117.02,1043.84,0.1121,1.3,20.0,dapi,1
BMPR1A_KD,no_BMP,10x-1,1364,370.5,299.9,68,180.23,234.3,1219.56,162.56,1052.69,0.1544,1.3,20.0,dapi,1
BMPR1A_KD,no_BMP,10x-1,1365,371.5,582.9,80,257.53,334.8,1202.47,145.47,1027.28,0.1416,1.3,20.0,dapi,1
BMPR1A_KD,no_BMP,10x-1,1366,370.2,765.7,65,92.23,119.9,1218.15,161.15,1088.23,0.1481,1.3,20.0,dapi,1
BMPR1A_KD,no_BMP,10x-1,1367,369.6,778.0,61,82.42,107.14,1226.93,169.93,1117.62,0.152,1.3,20.0,dapi,1
BMPR1A_KD,no_BMP,10x-1,1368,368.7,798.4,43,66.64,86.63,1222.98,165.98,1171.37,0.1417,1.3,20.0,dapi,1
BMPR1A_KD,no_BMP,10x-1,1369,370.4,210.2,61,111.75,145.27,1235.2,178.2,1081.56,0.1648,1.3,20.0,dapi,1
BMPR1A_KD,no_BMP,10x-1,1370,372.4,409.4,79,250.94,326.22,1199.03,142.03,1089.24,0.1304,1.3,20.0,dapi,1
BMPR1A_KD,no_BMP,10x-1,1371,371.1,449.3,72,281.43,365.85,1207.28,150.28,1057.21,0.1421,1.3,20.0,dapi,1
BMPR1A_KD,no_BMP,10x-1,1372,371.0,518.9,66,316.46,411.4,1196.58,139.58,976.83,0.1429,1.3,20.0,dapi,1
BMPR1A_KD,no_BMP,10x-1,1373,372.2,628.1,98,215.44,280.07,1212.64,155.64,1062.35,0.1465,1.3,20.0,dapi,1
BMPR1A_KD,no_BMP,10x-1,1374,373.6,692.4,113,158.39,205.9,1171.31,114.31,1122.58,0.1018,1.3,20.0,dapi,1
BMPR1A_KD,no_BMP,10x-1,1375,372.4,401.2,77,245.02,318.52,1188.68,131.68,964.04,0.1366,1.3,20.0,dapi,1
BMPR1A_KD,no_BMP,10x-1,1376,373.0,432.2,86,269.16,349.91,1202.01,145.01,1152.47,0.1258,1.3,20.0,dapi,1
BMPR1A_KD,no_BMP,10x-1,1377,372.6,592.9,72,248.44,322.97,1182.11,125.11,973.17,0.1286,1.3,20.0,dapi,1
BMPR1A_KD,no_BMP,10x-1,1378,371.7,810.7,51,60.22,78.29,1255.75,198.75,1081.96,0.1837,1.3,20.0,dapi,1
BMPR1A_KD,no_BMP,10x-1,1379,371.2,844.0,61,34.19,44.45,1255.61,198.61,1300.03,0.1528,1.3,20.0,dapi,1
BMPR1A_KD,no_BMP,10x-1,1380,370.5,857.9,35,24.62,32.0,1262.54,205.54,1167.83,0.176,1.3,20.0,dapi,1
BMPR1A_KD,no_BMP,10x-1,1381,371.4,172.9,27,77.65,100.95,1233.41,176.41,1514.52,0.1165,1.3,20.0,dapi,1
BMPR1A_KD,no_BMP,10x-1,1382,374.8,389.3,97,238.47,310.01,1199.23,142.23,882.78,0.1611,1.3,20.0,dapi,1
BMPR1A_KD,no_BMP,10x-1,1383,374.5,538.6,126,299.49,389.34,1196.02,139.02,1010.87,0.1375,1.3,20.0,dapi,1
BMPR1A_KD,no_BMP,10x-1,1384,375.4,556.1,116,283.96,369.15,1168.43,111.43,1051.98,0.1059,1.3,20.0,dapi,1
BMPR1A_KD,no_BMP,10x-1,1385,371.7,821.6,52,52.71,68.52,1250.29,193.29,1062.23,0.182,1.3,20.0,dapi,1
BMPR1A_KD,no_BMP,10x-1,1386,374.6,88.4,82,4.03,5.24,1226.13,169.13,914.94,0.1849,1.3,20.0,dapi,1
BMPR1A_KD,no_BMP,10x-1,1387,373.7,127.8,60,39.04,50.75,1278.23,221.23,1082.83,0.2043,1.3,20.0,dapi,1
BMPR1A_KD,no_BMP,10x-1,1388,375.2,333.4,106,202.24,262.91,1173.86,116.86,988.13,0.1183,1.3,20.0,dapi,1
BMPR1A_KD,no_BMP,10x-1,1389,376.7,471.2,120,302.21,392.87,1221.17,164.17,1086.83,0.1511,1.3,20.0,dapi,1
BMPR1A_KD,no_BMP,10x-1,1390,376.6,620.4,76,224.72,292.14,1206.53,149.53,1000.53,0.1494,1.3,20.0,dapi,1
BMPR1A_KD,no_BMP,10x-1,1391,376.7,652.8,95,194.43,252.76,1202.41,145.41,1179.14,0.1233,1.3,20.0,dapi,1
BMPR1A_KD,no_BMP,10x-1,1392,375.6,888.2,101,7.42,9.64,1220.25,163.25,1156.67,0.1411,1.3,20.0,dapi,1
BMPR1A_KD,no_BMP,10x-1,1393,376.1,102.6,65,16.86,21.92,1300.91,243.91,1149.29,0.2122,1.3,20.0,dapi,1
BMPR1A_KD,no_BMP,10x-1,1394,378.7,203.3,128,108.31,140.8,1239.12,182.12,1069.34,0.1703,1.3,20.0,dapi,1
BMPR1A_KD,no_BMP,10x-1,1395,374.8,790.6,57,75.83,98.59,1220.67,163.67,1373.93,0.1191,1.3,20.0,dapi,1
BMPR1A_KD,no_BMP,10x-1,1396,375.9,860.4,63,27.66,35.96,1267.63,210.63,1041.05,0.2023,1.3,20.0,dapi,1
BMPR1A_KD,no_BMP,10x-1,1397,376.8,497.5,52,323.07,419.99,1183.87,126.87,1072.48,0.1183,1.3,20.0,dapi,1
BMPR1A_KD,no_BMP,10x-1,1398,377.3,602.3,65,241.44,313.87,1238.88,181.88,1055.42,0.1723,1.3,20.0,dapi,1
BMPR1A_KD,no_BMP,10x-1,1399,377.5,662.2,76,186.31,242.21,1172.03,115.03,1088.59,0.1057,1.3,20.0,dapi,1
BMPR1A_KD,no_BMP,10x-1,1400,376.2,715.7,69,138.9,180.58,1181.51,124.51,991.9,0.1255,1.3,20.0,dapi,1
BMPR1A_KD,no_BMP,10x-1,1401,379.1,112.7,87,27.1,35.23,1300.26,243.26,1092.71,0.2226,1.3,20.0,dapi,1
BMPR1A_KD,no_BMP,10x-1,1402,378.2,193.5,64,99.65,129.55,1238.25,181.25,1064.52,0.1703,1.3,20.0,dapi,1
BMPR1A_KD,no_BMP,10x-1,1403,377.7,235.5,91,138.95,180.63,1247.12,190.12,1164.24,0.1633,1.3,20.0,dapi,1
BMPR1A_KD,no_BMP,10x-1,1404,378.6,379.0,82,234.39,304.71,1171.46,114.46,928.82,0.1232,1.3,20.0,dapi,1
BMPR1A_KD,no_BMP,10x-1,1405,378.5,451.0,97,287.83,374.17,1208.78,151.78,1016.15,0.1494,1.3,20.0,dapi,1
BMPR1A_KD,no_BMP,10x-1,1406,380.6,611.6,122,233.63,303.72,1204.72,147.72,1093.9,0.135,1.3,20.0,dapi,1
BMPR1A_KD,no_BMP,10x-1,1407,379.3,683.2,84,168.68,219.29,1161.93,104.93,1138.58,0.0922,1.3,20.0,dapi,1
BMPR1A_KD,no_BMP,10x-1,1408,378.3,733.1,71,124.68,162.08,1192.35,135.35,1124.0,0.1204,1.3,20.0,dapi,1
BMPR1A_KD,no_BMP,10x-1,1409,379.7,146.4,95,58.0,75.41,1282.09,225.09,1221.01,0.1844,1.3,20.0,dapi,1
BMPR1A_KD,no_BMP,10x-1,1410,378.6,159.9,65,70.32,91.41,1277.92,220.92,985.83,0.2241,1.3,20.0,dapi,1
BMPR1A_KD,no_BMP,10x-1,1411,382.8,246.4,125,150.0,195.0,1245.89,188.89,1098.14,0.172,1.3,20.0,dapi,1
BMPR1A_KD,no_BMP,10x-1,1412,378.4,298.6,79,186.8,242.83,1214.44,157.44,1027.68,0.1532,1.3,20.0,dapi,1
BMPR1A_KD,no_BMP,10x-1,1413,380.4,632.2,80,214.8,279.24,1195.81,138.81,1117.16,0.1243,1.3,20.0,dapi,1
BMPR1A_KD,no_BMP,10x-1,1414,378.4,185.3,30,91.5,118.95,1238.63,181.63,1531.9,0.1186,1.3,20.0,dapi,1
BMPR1A_KD,no_BMP,10x-1,1415,379.1,220.7,50,125.07,162.59,1232.18,175.18,1162.74,0.1507,1.3,20.0,dapi,1
BMPR1A_KD,no_BMP,10x-1,1416,381.9,278.1,111,172.83,224.68,1217.79,160.79,1131.4,0.1421,1.3,20.0,dapi,1
BMPR1A_KD,no_BMP,10x-1,1417,382.7,348.1,117,217.62,282.9,1189.91,132.91,1093.72,0.1215,1.3,20.0,dapi,1
BMPR1A_KD,no_BMP,10x-1,1418,380.6,516.5,92,323.0,419.9,1195.21,138.21,1045.48,0.1322,1.3,20.0,dapi,1
BMPR1A_KD,no_BMP,10x-1,1419,382.9,642.8,113,206.03,267.84,1190.0,133.0,1149.4,0.1157,1.3,20.0,dapi,1
BMPR1A_KD,no_BMP,10x-1,1420,380.6,747.1,75,114.16,148.4,1203.72,146.72,1083.0,0.1355,1.3,20.0,dapi,1
BMPR1A_KD,no_BMP,10x-1,1421,380.9,760.4,63,103.43,134.45,1213.83,156.83,1070.43,0.1465,1.3,20.0,dapi,1
BMPR1A_KD,no_BMP,10x-1,1422,380.2,772.0,77,93.32,121.32,1230.12,173.12,1071.64,0.1615,1.3,20.0,dapi,1
BMPR1A_KD,no_BMP,10x-1,1423,380.4,798.2,92,74.64,97.04,1255.72,198.72,1091.4,0.1821,1.3,20.0,dapi,1
BMPR1A_KD,no_BMP,10x-1,1424,379.4,822.5,60,56.46,73.4,1238.32,181.32,1078.18,0.1682,1.3,20.0,dapi,1
BMPR1A_KD,no_BMP,10x-1,1425,380.1,136.2,44,48.69,63.3,1273.68,216.68,1175.57,0.1843,1.3,20.0,dapi,1
BMPR1A_KD,no_BMP,10x-1,1426,381.6,312.1,92,196.6,255.58,1187.62,130.62,993.82,0.1314,1.3,20.0,dapi,1
BMPR1A_KD,no_BMP,10x-1,1427,382.2,564.1,81,278.78,362.41,1163.46,106.46,1070.62,0.0994,1.3,20.0,dapi,1
BMPR1A_KD,no_BMP,10x-1,1428,380.9,900.9,48,3.72,4.84,1213.0,156.0,1006.46,0.155,1.3,20.0,dapi,1
BMPR1A_KD,no_BMP,10x-1,1429,383.5,85.4,117,7.29,9.47,1238.18,181.18,1086.58,0.1667,1.3,20.0,dapi,1
BMPR1A_KD,no_BMP,10x-1,1430,383.3,98.0,93,16.82,21.86,1278.77,221.77,1204.19,0.1842,1.3,20.0,dapi,1
BMPR1A_KD,no_BMP,10x-1,1431,384.8,414.0,113,263.39,342.41,1187.16,130.16,1091.75,0.1192,1.3,20.0,dapi,1
BMPR1A_KD,no_BMP,10x-1,1432,382.6,527.6,75,312.78,406.61,1180.99,123.99,1027.8,0.1206,1.3,20.0,dapi,1
BMPR1A_KD,no_BMP,10x-1,1433,382.2,834.9,78,48.27,62.75,1253.79,196.79,1287.35,0.1529,1.3,20.0,dapi,1
BMPR1A_KD,no_BMP,10x-1,1434,385.4,255.0,101,157.86,205.22,1245.36,188.36,1221.09,0.1543,1.3,20.0,dapi,1
BMPR1A_KD,no_BMP,10x-1,1435,383.5,268.4,91,166.57,216.55,1246.08,189.08,1296.87,0.1458,1.3,20.0,dapi,1
BMPR1A_KD,no_BMP,10x-1,1436,382.9,719.2,72,139.38,181.2,1187.14,130.14,1020.75,0.1275,1.3,20.0,dapi,1
BMPR1A_KD,no_BMP,10x-1,1437,383.9,873.9,73,23.45,30.48,1283.95,226.95,1217.9,0.1863,1.3,20.0,dapi,1
BMPR1A_KD,no_BMP,10x-1,1438,382.8,883.7,68,15.03,19.54,1268.99,211.99,1569.94,0.135,1.3,20.0,dapi,1
BMPR1A_KD,no_BMP,10x-1,1439,385.3,127.3,86,42.31,55.01,1270.81,213.81,1237.09,0.1728,1.3,20.0,dapi,1
BMPR1A_KD,no_BMP,10x-1,1440,386.3,177.6,109,89.24,116.01,1250.86,193.86,1124.91,0.1723,1.3,20.0,dapi,1
BMPR1A_KD,no_BMP,10x-1,1441,385.6,215.3,116,122.1,158.73,1236.12,179.12,1123.09,0.1595,1.3,20.0,dapi,1
BMPR1A_KD,no_BMP,10x-1,1442,383.8,457.1,104,295.63,384.32,1193.2,136.2,1224.08,0.1113,1.3,20.0,dapi,1
BMPR1A_KD,no_BMP,10x-1,1443,383.5,504.0,63,330.52,429.68,1199.79,142.79,964.41,0.1481,1.3,20.0,dapi,1
BMPR1A_KD,no_BMP,10x-1,1444,384.7,544.4,65,298.64,388.24,1184.14,127.14,970.88,0.131,1.3,20.0,dapi,1
BMPR1A_KD,no_BMP,10x-1,1445,385.1,706.9,108,150.98,196.27,1186.32,129.32,1161.69,0.1113,1.3,20.0,dapi,1
BMPR1A_KD,no_BMP,10x-1,1446,384.7,781.3,64,89.98,116.97,1229.55,172.55,1048.7,0.1645,1.3,20.0,dapi,1
BMPR1A_KD,no_BMP,10x-1,1447,384.4,805.0,51,73.43,95.46,1258.22,201.22,1125.84,0.1787,1.3,20.0,dapi,1
BMPR1A_KD,no_BMP,10x-1,1448,385.7,852.7,124,39.79,51.72,1283.4,226.4,1441.72,0.157,1.3,20.0,dapi,1
BMPR1A_KD,no_BMP,10x-1,1449,382.8,331.9,30,208.19,270.65,1167.9,110.9,1073.97,0.1033,1.3,20.0,dapi,1
BMPR1A_KD,no_BMP,10x-1,1450,385.7,363.7,108,229.82,298.77,1193.51,136.51,972.23,0.1404,1.3,20.0,dapi,1
BMPR1A_KD,no_BMP,10x-1,1451,388.0,403.4,123,257.56,334.83,1166.31,109.31,1083.68,0.1009,1.3,20.0,dapi,1
BMPR1A_KD,no_BMP,10x-1,1452,387.4,667.7,104,185.68,241.38,1191.12,134.12,1163.33,0.1153,1.3,20.0,dapi,1
BMPR1A_KD,no_BMP,10x-1,1453,386.8,692.4,94,165.18,214.73,1178.49,121.49,1029.48,0.118,1.3,20.0,dapi,1
BMPR1A_KD,no_BMP,10x-1,1454,385.6,816.0,74,65.42,85.04,1209.97,152.97,1259.58,0.1214,1.3,20.0,dapi,1
BMPR1A_KD,no_BMP,10x-1,1455,388.4,73.1,104,3.72,4.84,1208.77,151.77,900.27,0.1686,1.3,20.0,dapi,1
BMPR1A_KD,no_BMP,10x-1,1456,387.6,189.3,86,99.72,129.64,1222.29,165.29,1264.4,0.1307,1.3,20.0,dapi,1
BMPR1A_KD,no_BMP,10x-1,1457,387.0,234.5,64,140.05,182.07,1216.72,159.72,1031.44,0.1549,1.3,20.0,dapi,1
BMPR1A_KD,no_BMP,10x-1,1458,389.5,323.9,144,209.65,272.55,1183.51,126.51,1045.17,0.121,1.3,20.0,dapi,1
BMPR1A_KD,no_BMP,10x-1,1459,387.8,471.7,113,310.03,403.04,1201.88,144.88,919.12,0.1576,1.3,20.0,dapi,1
BMPR1A_KD,no_BMP,10x-1,1460,389.0,491.9,104,325.97,423.76,1178.61,121.61,1031.58,0.1179,1.3,20.0,dapi,1
BMPR1A_KD,no_BMP,10x-1,1461,387.9,652.1,119,200.21,260.27,1207.45,150.45,1067.84,0.1409,1.3,20.0,dapi,1
BMPR1A_KD,no_BMP,10x-1,1462,386.8,791.1,77,84.52,109.88,1252.57,195.57,1219.44,0.1604,1.3,20.0,dapi,1
BMPR1A_KD,no_BMP,10x-1,1463,386.5,864.7,42,32.12,41.76,1258.45,201.45,1164.38,0.173,1.3,20.0,dapi,1
BMPR1A_KD,no_BMP,10x-1,1464,388.8,114.0,80,33.22,43.18,1272.6,215.6,1202.42,0.1793,1.3,20.0,dapi,1
BMPR1A_KD,no_BMP,10x-1,1465,388.0,161.1,76,74.87,97.32,1249.07,192.07,1069.47,0.1796,1.3,20.0,dapi,1
BMPR1A_KD,no_BMP,10x-1,1466,387.6,298.6,84,193.02,250.92,1213.83,156.83,980.71,0.1599,1.3,20.0,dapi,1
BMPR1A_KD,no_BMP,10x-1,1467,390.5,568.4,101,277.84,361.19,1182.14,125.14,1119.16,0.1118,1.3,20.0,dapi,1
BMPR1A_KD,no_BMP,10x-1,1468,386.6,583.7,53,261.86,340.42,1186.66,129.66,1562.13,0.083,1.3,20.0,dapi,1
BMPR1A_KD,no_BMP,10x-1,1469,390.2,150.1,102,65.39,85.01,1261.58,204.58,1199.25,0.1706,1.3,20.0,dapi,1
BMPR1A_KD,no_BMP,10x-1,1470,389.9,391.8,99,251.31,326.7,1195.93,138.93,957.94,0.145,1.3,20.0,dapi,1
BMPR1A_KD,no_BMP,10x-1,1471,391.0,599.9,127,248.54,323.11,1209.05,152.05,1064.24,0.1429,1.3,20.0,dapi,1
BMPR1A_KD,no_BMP,10x-1,1472,389.0,762.2,66,106.76,138.79,1234.15,177.15,1121.77,0.1579,1.3,20.0,dapi,1
BMPR1A_KD,no_BMP,10x-1,1473,388.6,886.9,89,17.63,22.92,1253.54,196.54,1168.17,0.1682,1.3,20.0,dapi,1
BMPR1A_KD,no_BMP,10x-1,1474,387.5,914.7,48,2.73,3.54,1212.25,155.25,1008.06,0.154,1.3,20.0,dapi,1
BMPR1A_KD,no_BMP,10x-1,1475,390.3,733.7,75,129.96,168.95,1194.85,137.85,943.69,0.1461,1.3,20.0,dapi,1
BMPR1A_KD,no_BMP,10x-1,1476,388.9,827.7,50,58.17,75.62,1243.22,186.22,1097.2,0.1697,1.3,20.0,dapi,1
BMPR1A_KD,no_BMP,10x-1,1477,389.6,902.4,38,10.17,13.22,1216.58,159.58,1209.26,0.132,1.3,20.0,dapi,1
BMPR1A_KD,no_BMP,10x-1,1478,392.6,170.3,87,85.08,110.6,1239.89,182.89,1149.77,0.1591,1.3,20.0,dapi,1
BMPR1A_KD,no_BMP,10x-1,1479,392.2,263.2,105,168.46,219.0,1231.71,174.71,1242.25,0.1406,1.3,20.0,dapi,1
BMPR1A_KD,no_BMP,10x-1,1480,394.1,450.4,98,296.39,385.3,1220.66,163.66,1251.13,0.1308,1.3,20.0,dapi,1
BMPR1A_KD,no_BMP,10x-1,1481,392.1,612.1,79,237.95,309.33,1207.35,150.35,1028.84,0.1461,1.3,20.0,dapi,1
BMPR1A_KD,no_BMP,10x-1,1482,393.1,627.3,94,224.78,292.22,1200.48,143.48,970.56,0.1478,1.3,20.0,dapi,1
BMPR1A_KD,no_BMP,10x-1,1483,392.4,720.4,67,142.91,185.78,1194.66,137.66,1071.31,0.1285,1.3,20.0,dapi,1
BMPR1A_KD,no_BMP,10x-1,1484,392.8,744.8,108,122.62,159.4,1194.03,137.03,1149.03,0.1193,1.3,20.0,dapi,1
BMPR1A_KD,no_BMP,10x-1,1485,393.1,224.2,61,133.17,173.12,1188.41,131.41,1045.16,0.1257,1.3,20.0,dapi,1
BMPR1A_KD,no_BMP,10x-1,1486,393.9,426.0,76,278.31,361.8,1211.29,154.29,1003.05,0.1538,1.3,20.0,dapi,1
BMPR1A_KD,no_BMP,10x-1,1487,394.9,441.6,87,290.92,378.2,1190.6,133.6,1220.94,0.1094,1.3,20.0,dapi,1
BMPR1A_KD,no_BMP,10x-1,1488,394.6,500.9,93,336.72,437.73,1181.91,124.91,957.45,0.1305,1.3,20.0,dapi,1
BMPR1A_KD,no_BMP,10x-1,1489,394.6,523.1,82,321.76,418.29,1179.84,122.84,976.61,0.1258,1.3,20.0,dapi,1
BMPR1A_KD,no_BMP,10x-1,1490,396.6,85.7,105,13.68,17.79,1248.87,191.87,1121.96,0.171,1.3,20.0,dapi,1
BMPR1A_KD,no_BMP,10x-1,1491,395.0,457.7,68,303.21,394.18,1193.38,136.38,1068.82,0.1276,1.3,20.0,dapi,1
BMPR1A_KD,no_BMP,10x-1,1492,393.5,537.6,83,307.31,399.5,1186.35,129.35,894.05,0.1447,1.3,20.0,dapi,1
BMPR1A_KD,no_BMP,10x-1,1493,394.1,703.3,86,158.68,206.28,1184.55,127.55,1033.69,0.1234,1.3,20.0,dapi,1
BMPR1A_KD,no_BMP,10x-1,1494,394.1,776.1,66,99.88,129.84,1198.53,141.53,973.17,0.1454,1.3,20.0,dapi,1
BMPR1A_KD,no_BMP,10x-1,1495,393.1,850.0,74,46.99,61.08,1250.51,193.51,1323.18,0.1462,1.3,20.0,dapi,1
BMPR1A_KD,no_BMP,10x-1,1496,394.8,380.9,82,247.65,321.94,1179.55,122.55,953.55,0.1285,1.3,20.0,dapi,1
BMPR1A_KD,no_BMP,10x-1,1497,395.4,674.3,90,184.64,240.03,1173.27,116.27,940.06,0.1237,1.3,20.0,dapi,1
BMPR1A_KD,no_BMP,10x-1,1498,394.8,810.8,71,74.89,97.35,1241.41,184.41,1167.39,0.158,1.3,20.0,dapi,1
BMPR1A_KD,no_BMP,10x-1,1499,393.4,908.4,68,10.25,13.32,1234.82,177.82,1205.0,0.1476,1.3,20.0,dapi,1
BMPR1A_KD,no_BMP,10x-1,1500,394.8,97.6,56,24.93,32.4,1231.89,174.89,1049.8,0.1666,1.3,20.0,dapi,1
BMPR1A_KD,no_BMP,10x-1,1501,396.1,134.7,92,54.59,70.96,1265.73,208.73,1215.8,0.1717,1.3,20.0,dapi,1
BMPR1A_KD,no_BMP,10x-1,1502,395.5,298.5,98,197.17,256.33,1213.01,156.01,997.58,0.1564,1.3,20.0,dapi,1
BMPR1A_KD,no_BMP,10x-1,1503,396.4,336.7,69,221.75,288.28,1192.68,135.68,988.68,0.1372,1.3,20.0,dapi,1
BMPR1A_KD,no_BMP,10x-1,1504,396.7,360.1,92,236.02,306.82,1205.95,148.95,926.04,0.1608,1.3,20.0,dapi,1
BMPR1A_KD,no_BMP,10x-1,1505,397.8,370.5,85,242.93,315.81,1193.52,136.52,948.12,0.144,1.3,20.0,dapi,1
BMPR1A_KD,no_BMP,10x-1,1506,395.2,579.3,69,269.47,350.32,1215.8,158.8,957.36,0.1659,1.3,20.0,dapi,1
BMPR1A_KD,no_BMP,10x-1,1507,397.2,790.0,81,92.85,120.7,1249.59,192.59,997.37,0.1931,1.3,20.0,dapi,1
BMPR1A_KD,no_BMP,10x-1,1508,394.4,796.9,43,85.57,111.24,1225.05,168.05,1190.07,0.1412,1.3,20.0,dapi,1
BMPR1A_KD,no_BMP,10x-1,1509,398.0,281.4,103,185.61,241.3,1216.0,159.0,973.91,0.1633,1.3,20.0,dapi,1
BMPR1A_KD,no_BMP,10x-1,1510,400.4,432.7,135,287.52,373.78,1193.73,136.73,1086.51,0.1258,1.3,20.0,dapi,1
BMPR1A_KD,no_BMP,10x-1,1511,397.5,655.1,90,202.43,263.16,1182.53,125.53,993.81,0.1263,1.3,20.0,dapi,1
BMPR1A_KD,no_BMP,10x-1,1512,399.2,757.5,121,117.07,152.19,1197.97,140.97,1059.84,0.133,1.3,20.0,dapi,1
BMPR1A_KD,no_BMP,10x-1,1513,396.6,879.1,75,28.82,37.47,1247.85,190.85,1319.6,0.1446,1.3,20.0,dapi,1
BMPR1A_KD,no_BMP,10x-1,1514,398.8,194.8,91,110.55,143.72,1221.95,164.95,1015.75,0.1624,1.3,20.0,dapi,1
BMPR1A_KD,no_BMP,10x-1,1515,400.0,472.7,105,318.07,413.49,1187.99,130.99,991.69,0.1321,1.3,20.0,dapi,1
BMPR1A_KD,no_BMP,10x-1,1516,400.4,480.7,103,324.42,421.74,1176.17,119.17,1175.39,0.1014,1.3,20.0,dapi,1
BMPR1A_KD,no_BMP,10x-1,1517,397.8,820.8,74,69.47,90.31,1225.93,168.93,1320.46,0.1279,1.3,20.0,dapi,1
BMPR1A_KD,no_BMP,10x-1,1518,398.4,887.4,64,25.32,32.92,1273.77,216.77,1293.8,0.1675,1.3,20.0,dapi,1
BMPR1A_KD,no_BMP,10x-1,1519,395.6,919.3,25,4.46,5.8,1215.04,158.04,973.72,0.1623,1.3,20.0,dapi,1
BMPR1A_KD,no_BMP,10x-1,1520,399.3,155.6,86,74.52,96.87,1255.91,198.91,1222.91,0.1627,1.3,20.0,dapi,1
BMPR1A_KD,no_BMP,10x-1,1521,400.1,233.4,69,144.29,187.58,1226.59,169.59,994.17,0.1706,1.3,20.0,dapi,1
BMPR1A_KD,no_BMP,10x-1,1522,401.2,635.3,103,221.33,287.73,1212.69,155.69,1155.84,0.1347,1.3,20.0,dapi,1
BMPR1A_KD,no_BMP,10x-1,1523,398.9,833.4,61,62.08,80.71,1240.36,183.36,1331.54,0.1377,1.3,20.0,dapi,1
BMPR1A_KD,no_BMP,10x-1,1524,400.1,217.7,69,130.91,170.18,1235.8,178.8,984.84,0.1815,1.3,20.0,dapi,1
BMPR1A_KD,no_BMP,10x-1,1525,400.1,260.2,106,169.01,219.72,1218.06,161.06,1234.85,0.1304,1.3,20.0,dapi,1
BMPR1A_KD,no_BMP,10x-1,1526,400.3,318.0,148,215.2,279.76,1214.22,157.22,1010.01,0.1557,1.3,20.0,dapi,1
BMPR1A_KD,no_BMP,10x-1,1527,400.7,532.5,96,314.45,408.78,1189.95,132.95,1149.62,0.1156,1.3,20.0,dapi,1
BMPR1A_KD,no_BMP,10x-1,1528,401.2,557.6,84,291.2,378.56,1163.38,106.38,1056.81,0.1007,1.3,20.0,dapi,1
BMPR1A_KD,no_BMP,10x-1,1529,400.0,842.9,56,56.86,73.92,1242.59,185.59,1162.91,0.1596,1.3,20.0,dapi,1
BMPR1A_KD,no_BMP,10x-1,1530,402.6,569.5,93,281.77,366.3,1201.9,144.9,1257.08,0.1153,1.3,20.0,dapi,1
BMPR1A_KD,no_BMP,10x-1,1531,400.9,708.8,78,156.98,204.07,1196.01,139.01,1137.09,0.1223,1.3,20.0,dapi,1
BMPR1A_KD,no_BMP,10x-1,1532,403.3,75.7,75,3.72,4.84,1229.35,172.35,903.29,0.1908,1.3,20.0,dapi,1
BMPR1A_KD,no_BMP,10x-1,1533,402.4,410.1,106,272.43,354.16,1185.27,128.27,1058.61,0.1212,1.3,20.0,dapi,1
BMPR1A_KD,no_BMP,10x-1,1534,403.2,511.8,92,334.82,435.26,1177.26,120.26,1180.47,0.1019,1.3,20.0,dapi,1
BMPR1A_KD,no_BMP,10x-1,1535,401.8,614.8,62,239.53,311.39,1191.37,134.37,1106.89,0.1214,1.3,20.0,dapi,1
BMPR1A_KD,no_BMP,10x-1,1536,404.0,693.6,111,171.41,222.84,1179.31,122.31,1110.15,0.1102,1.3,20.0,dapi,1
BMPR1A_KD,no_BMP,10x-1,1537,401.3,716.3,36,151.05,196.36,1202.5,145.5,1060.53,0.1372,1.3,20.0,dapi,1
BMPR1A_KD,no_BMP,10x-1,1538,402.5,894.2,61,25.43,33.06,1242.54,185.54,1185.69,0.1565,1.3,20.0,dapi,1
BMPR1A_KD,no_BMP,10x-1,1539,402.4,906.5,90,17.63,22.92,1242.92,185.92,1134.24,0.1639,1.3,20.0,dapi,1
BMPR1A_KD,no_BMP,10x-1,1540,403.9,299.6,105,203.83,264.97,1201.18,144.18,998.88,0.1443,1.3,20.0,dapi,1
BMPR1A_KD,no_BMP,10x-1,1541,403.7,350.8,93,236.29,307.18,1209.65,152.65,897.24,0.1701,1.3,20.0,dapi,1
BMPR1A_KD,no_BMP,10x-1,1542,403.8,383.2,101,255.8,332.54,1187.34,130.34,1150.5,0.1133,1.3,20.0,dapi,1
BMPR1A_KD,no_BMP,10x-1,1543,405.2,644.4,82,215.46,280.1,1183.48,126.48,963.43,0.1313,1.3,20.0,dapi,1
BMPR1A_KD,no_BMP,10x-1,1544,403.7,853.8,71,51.46,66.9,1259.68,202.68,1345.92,0.1506,1.3,20.0,dapi,1
BMPR1A_KD,no_BMP,10x-1,1545,402.1,918.4,44,9.45,12.29,1217.34,160.34,1102.09,0.1455,1.3,20.0,dapi,1
BMPR1A_KD,no_BMP,10x-1,1546,404.8,95.4,66,21.29,27.68,1239.8,182.8,1086.48,0.1683,1.3,20.0,dapi,1
BMPR1A_KD,no_BMP,10x-1,1547,405.0,105.4,107,31.14,40.49,1261.05,204.05,1156.59,0.1764,1.3,20.0,dapi,1
BMPR1A_KD,no_BMP,10x-1,1548,405.9,172.7,119,92.87,120.74,1236.48,179.48,1105.07,0.1624,1.3,20.0,dapi,1
BMPR1A_KD,no_BMP,10x-1,1549,405.0,462.0,101,312.65,406.44,1197.63,140.63,1186.44,0.1185,1.3,20.0,dapi,1
BMPR1A_KD,no_BMP,10x-1,1550,404.6,581.6,88,270.64,351.83,1210.75,153.75,926.01,0.166,1.3,20.0,dapi,1
BMPR1A_KD,no_BMP,10x-1,1551,404.8,732.5,100,140.22,182.28,1192.54,135.54,1142.06,0.1187,1.3,20.0,dapi,1
BMPR1A_KD,no_BMP,10x-1,1552,405.0,766.5,67,114.73,149.15,1201.97,144.97,1078.99,0.1344,1.3,20.0,dapi,1
BMPR1A_KD,no_BMP,10x-1,1553,404.1,784.0,70,101.94,132.52,1208.49,151.49,1122.97,0.1349,1.3,20.0,dapi,1
BMPR1A_KD,no_BMP,10x-1,1554,403.1,811.1,61,80.14,104.18,1223.92,166.92,1107.61,0.1507,1.3,20.0,dapi,1
BMPR1A_KD,no_BMP,10x-1,1555,403.6,120.2,30,46.14,59.98,1271.4,214.4,1492.13,0.1437,1.3,20.0,dapi,1
BMPR1A_KD,no_BMP,10x-1,1556,406.4,204.3,88,121.47,157.91,1248.12,191.12,1304.92,0.1465,1.3,20.0,dapi,1
BMPR1A_KD,no_BMP,10x-1,1557,405.2,594.3,70,259.73,337.65,1198.14,141.14,1059.64,0.1332,1.3,20.0,dapi,1
BMPR1A_KD,no_BMP,10x-1,1558,405.7,605.5,102,250.26,325.34,1203.89,146.89,1190.57,0.1234,1.3,20.0,dapi,1
BMPR1A_KD,no_BMP,10x-1,1559,406.9,684.3,135,181.59,236.07,1160.61,103.61,1048.3,0.0988,1.3,20.0,dapi,1
BMPR1A_KD,no_BMP,10x-1,1560,405.9,930.1,126,7.96,10.35,1195.98,138.98,1335.63,0.1041,1.3,20.0,dapi,1
BMPR1A_KD,no_BMP,10x-1,1561,406.3,331.5,61,227.47,295.71,1193.13,136.13,1049.46,0.1297,1.3,20.0,dapi,1
BMPR1A_KD,no_BMP,10x-1,1562,408.6,271.9,107,183.55,238.61,1195.9,138.9,1220.61,0.1138,1.3,20.0,dapi,1
BMPR1A_KD,no_BMP,10x-1,1563,409.2,654.6,131,208.19,270.65,1186.69,129.69,1018.62,0.1273,1.3,20.0,dapi,1
BMPR1A_KD,no_BMP,10x-1,1564,409.8,775.4,132,112.4,146.12,1208.52,151.52,1046.69,0.1448,1.3,20.0,dapi,1
BMPR1A_KD,no_BMP,10x-1,1565,409.3,146.7,127,71.71,93.22,1264.23,207.23,996.14,0.208,1.3,20.0,dapi,1
BMPR1A_KD,no_BMP,10x-1,1566,407.8,249.1,79,162.18,210.83,1241.57,184.57,971.84,0.1899,1.3,20.0,dapi,1
BMPR1A_KD,no_BMP,10x-1,1567,408.9,391.5,87,264.78,344.22,1222.02,165.02,932.41,0.177,1.3,20.0,dapi,1
BMPR1A_KD,no_BMP,10x-1,1568,408.9,485.2,82,333.07,432.99,1174.63,117.63,911.73,0.129,1.3,20.0,dapi,1
BMPR1A_KD,no_BMP,10x-1,1569,408.2,826.5,58,73.48,95.52,1232.09,175.09,1520.22,0.1152,1.3,20.0,dapi,1
BMPR1A_KD,no_BMP,10x-1,1570,406.7,873.0,23,40.42,52.54,1219.65,162.65,1650.83,0.0985,1.3,20.0,dapi,1
BMPR1A_KD,no_BMP,10x-1,1571,409.3,184.9,83,105.04,136.55,1231.25,174.25,993.52,0.1754,1.3,20.0,dapi,1
BMPR1A_KD,no_BMP,10x-1,1572,408.5,417.8,74,282.31,367.01,1200.15,143.15,1011.64,0.1415,1.3,20.0,dapi,1
BMPR1A_KD,no_BMP,10x-1,1573,409.8,624.9,83,234.43,304.76,1186.22,129.22,1038.02,0.1245,1.3,20.0,dapi,1
BMPR1A_KD,no_BMP,10x-1,1574,408.1,840.7,73,64.25,83.52,1237.88,180.88,1343.08,0.1347,1.3,20.0,dapi,1
BMPR1A_KD,no_BMP,10x-1,1575,407.0,888.1,31,32.05,41.66,1255.06,198.06,1089.52,0.1818,1.3,20.0,dapi,1
BMPR1A_KD,no_BMP,10x-1,1576,411.8,164.1,101,87.69,114.0,1249.23,192.23,1198.16,0.1604,1.3,20.0,dapi,1
BMPR1A_KD,no_BMP,10x-1,1577,410.9,223.6,96,141.54,184.0,1212.64,155.64,954.47,0.1631,1.3,20.0,dapi,1
BMPR1A_KD,no_BMP,10x-1,1578,410.3,547.9,71,303.85,395.0,1178.77,121.77,943.62,0.1291,1.3,20.0,dapi,1
BMPR1A_KD,no_BMP,10x-1,1579,411.0,565.0,94,288.61,375.19,1169.43,112.43,1308.52,0.0859,1.3,20.0,dapi,1
BMPR1A_KD,no_BMP,10x-1,1580,410.5,742.5,73,135.6,176.28,1194.12,137.12,989.11,0.1386,1.3,20.0,dapi,1
BMPR1A_KD,no_BMP,10x-1,1581,411.8,803.6,103,91.41,118.83,1223.49,166.49,1139.11,0.1462,1.3,20.0,dapi,1
BMPR1A_KD,no_BMP,10x-1,1582,409.7,817.7,67,80.2,104.26,1216.97,159.97,1270.51,0.1259,1.3,20.0,dapi,1
BMPR1A_KD,no_BMP,10x-1,1583,410.7,130.6,61,56.46,73.4,1254.72,197.72,1064.97,0.1857,1.3,20.0,dapi,1
BMPR1A_KD,no_BMP,10x-1,1584,411.5,235.0,72,151.58,197.05,1206.29,149.29,1091.81,0.1367,1.3,20.0,dapi,1
BMPR1A_KD,no_BMP,10x-1,1585,413.3,338.1,91,236.58,307.55,1208.53,151.53,1084.34,0.1397,1.3,20.0,dapi,1
BMPR1A_KD,no_BMP,10x-1,1586,411.5,496.8,76,344.42,447.74,1178.47,121.47,927.21,0.131,1.3,20.0,dapi,1
BMPR1A_KD,no_BMP,10x-1,1587,411.5,721.2,63,152.62,198.4,1179.33,122.33,1130.86,0.1082,1.3,20.0,dapi,1
BMPR1A_KD,no_BMP,10x-1,1588,413.4,264.0,75,177.87,231.24,1217.55,160.55,1013.48,0.1584,1.3,20.0,dapi,1
BMPR1A_KD,no_BMP,10x-1,1589,412.1,453.2,82,310.4,403.52,1198.65,141.65,921.41,0.1537,1.3,20.0,dapi,1
BMPR1A_KD,no_BMP,10x-1,1590,412.4,714.6,61,158.06,205.47,1177.56,120.56,1029.1,0.1171,1.3,20.0,dapi,1
BMPR1A_KD,no_BMP,10x-1,1591,411.5,896.6,62,31.63,41.11,1237.27,180.27,1031.44,0.1748,1.3,20.0,dapi,1
BMPR1A_KD,no_BMP,10x-1,1592,412.9,110.5,92,36.4,47.32,1248.63,191.63,1224.21,0.1565,1.3,20.0,dapi,1
BMPR1A_KD,no_BMP,10x-1,1593,414.9,281.1,102,194.19,252.44,1242.67,185.67,1221.01,0.1521,1.3,20.0,dapi,1
BMPR1A_KD,no_BMP,10x-1,1594,414.7,322.7,113,228.56,297.13,1222.52,165.52,1151.12,0.1438,1.3,20.0,dapi,1
BMPR1A_KD,no_BMP,10x-1,1595,413.2,349.4,69,242.55,315.32,1207.35,150.35,1008.1,0.1491,1.3,20.0,dapi,1
BMPR1A_KD,no_BMP,10x-1,1596,415.4,534.2,132,318.7,414.31,1177.51,120.51,1040.11,0.1159,1.3,20.0,dapi,1
BMPR1A_KD,no_BMP,10x-1,1597,414.4,594.0,113,263.68,342.78,1198.4,141.4,958.95,0.1475,1.3,20.0,dapi,1
BMPR1A_KD,no_BMP,10x-1,1598,413.3,761.7,74,123.27,160.26,1198.76,141.76,953.76,0.1486,1.3,20.0,dapi,1
BMPR1A_KD,no_BMP,10x-1,1599,413.0,863.9,65,50.68,65.89,1246.52,189.52,1295.65,0.1463,1.3,20.0,dapi,1
BMPR1A_KD,no_BMP,10x-1,1600,412.2,884.0,70,38.44,49.97,1243.49,186.49,1166.31,0.1599,1.3,20.0,dapi,1
BMPR1A_KD,no_BMP,10x-1,1601,415.6,290.1,80,202.85,263.7,1229.3,172.3,978.89,0.176,1.3,20.0,dapi,1
BMPR1A_KD,no_BMP,10x-1,1602,413.4,845.4,62,64.13,83.36,1233.44,176.44,1297.39,0.136,1.3,20.0,dapi,1
BMPR1A_KD,no_BMP,10x-1,1603,415.4,78.1,95,3.72,4.84,1212.18,155.18,867.04,0.179,1.3,20.0,dapi,1
BMPR1A_KD,no_BMP,10x-1,1604,416.2,436.6,91,301.43,391.86,1184.81,127.81,980.26,0.1304,1.3,20.0,dapi,1
BMPR1A_KD,no_BMP,10x-1,1605,415.1,636.6,92,226.62,294.6,1194.41,137.41,974.87,0.141,1.3,20.0,dapi,1
BMPR1A_KD,no_BMP,10x-1,1606,415.6,909.6,80,25.42,33.05,1219.34,162.34,1428.36,0.1137,1.3,20.0,dapi,1
BMPR1A_KD,no_BMP,10x-1,1607,417.8,934.5,124,6.62,8.6,1194.23,137.23,1192.89,0.115,1.3,20.0,dapi,1
BMPR1A_KD,no_BMP,10x-1,1608,415.8,245.3,74,162.27,210.95,1220.41,163.41,1056.36,0.1547,1.3,20.0,dapi,1
BMPR1A_KD,no_BMP,10x-1,1609,417.5,301.7,125,214.61,278.99,1206.66,149.66,1089.79,0.1373,1.3,20.0,dapi,1
BMPR1A_KD,no_BMP,10x-1,1610,420.9,365.4,128,258.26,335.74,1201.66,144.66,1065.38,0.1358,1.3,20.0,dapi,1
BMPR1A_KD,no_BMP,10x-1,1611,418.5,374.9,108,262.62,341.4,1188.93,131.93,1041.59,0.1267,1.3,20.0,dapi,1
BMPR1A_KD,no_BMP,10x-1,1612,417.4,392.5,77,272.19,353.84,1205.55,148.55,1038.88,0.143,1.3,20.0,dapi,1
BMPR1A_KD,no_BMP,10x-1,1613,416.0,412.7,97,284.64,370.03,1195.05,138.05,1030.16,0.134,1.3,20.0,dapi,1
BMPR1A_KD,no_BMP,10x-1,1614,417.4,616.7,107,244.84,318.29,1179.49,122.49,1151.81,0.1063,1.3,20.0,dapi,1
BMPR1A_KD,no_BMP,10x-1,1615,417.2,701.2,78,172.39,224.11,1170.0,113.0,1001.99,0.1128,1.3,20.0,dapi,1
BMPR1A_KD,no_BMP,10x-1,1616,415.0,871.4,41,48.13,62.57,1249.71,192.71,1209.2,0.1594,1.3,20.0,dapi,1
BMPR1A_KD,no_BMP,10x-1,1617,417.0,124.8,83,49.81,64.75,1250.69,193.69,1153.0,0.168,1.3,20.0,dapi,1
BMPR1A_KD,no_BMP,10x-1,1618,417.1,140.9,77,65.77,85.5,1255.66,198.66,1321.96,0.1503,1.3,20.0,dapi,1
BMPR1A_KD,no_BMP,10x-1,1619,418.7,208.3,130,130.11,169.15,1207.73,150.73,1082.89,0.1392,1.3,20.0,dapi,1
BMPR1A_KD,no_BMP,10x-1,1620,417.7,727.3,82,152.22,197.88,1174.18,117.18,1202.84,0.0974,1.3,20.0,dapi,1
BMPR1A_KD,no_BMP,10x-1,1621,417.0,835.4,65,74.43,96.75,1227.8,170.8,1193.28,0.1431,1.3,20.0,dapi,1
BMPR1A_KD,no_BMP,10x-1,1622,416.3,854.1,56,59.58,77.46,1227.91,170.91,1132.68,0.1509,1.3,20.0,dapi,1
BMPR1A_KD,no_BMP,10x-1,1623,416.5,921.9,45,19.63,25.52,1222.93,165.93,1360.31,0.122,1.3,20.0,dapi,1
BMPR1A_KD,no_BMP,10x-1,1624,418.1,779.9,74,113.46,147.5,1186.54,129.54,963.72,0.1344,1.3,20.0,dapi,1
BMPR1A_KD,no_BMP,10x-1,1625,417.6,814.3,59,88.85,115.51,1224.61,167.61,1119.31,0.1497,1.3,20.0,dapi,1
BMPR1A_KD,no_BMP,10x-1,1626,419.0,86.3,70,10.79,14.02,1235.66,178.66,933.43,0.1914,1.3,20.0,dapi,1
BMPR1A_KD,no_BMP,10x-1,1627,420.0,557.0,102,299.61,389.49,1170.1,113.1,1279.4,0.0884,1.3,20.0,dapi,1
BMPR1A_KD,no_BMP,10x-1,1628,420.6,675.0,87,196.42,255.35,1177.06,120.06,922.08,0.1302,1.3,20.0,dapi,1
BMPR1A_KD,no_BMP,10x-1,1629,419.9,685.1,122,187.4,243.62,1163.06,106.06,1062.11,0.0999,1.3,20.0,dapi,1
BMPR1A_KD,no_BMP,10x-1,1630,421.6,191.7,88,115.54,150.2,1249.97,192.97,1264.85,0.1526,1.3,20.0,dapi,1
BMPR1A_KD,no_BMP,10x-1,1631,420.7,254.4,87,170.33,221.43,1204.33,147.33,1060.98,0.1389,1.3,20.0,dapi,1
BMPR1A_KD,no_BMP,10x-1,1632,421.9,424.3,114,296.55,385.51,1216.17,159.17,1122.58,0.1418,1.3,20.0,dapi,1
BMPR1A_KD,no_BMP,10x-1,1633,421.5,492.9,93,347.41,451.63,1190.75,133.75,959.92,0.1393,1.3,20.0,dapi,1
BMPR1A_KD,no_BMP,10x-1,1634,421.0,506.4,92,346.91,450.98,1197.22,140.22,935.41,0.1499,1.3,20.0,dapi,1
BMPR1A_KD,no_BMP,10x-1,1635,420.5,751.3,77,135.94,176.73,1174.27,117.27,944.62,0.1241,1.3,20.0,dapi,1
BMPR1A_KD,no_BMP,10x-1,1636,424.2,483.8,100,341.71,444.22,1182.09,125.09,1177.31,0.1063,1.3,20.0,dapi,1
BMPR1A_KD,no_BMP,10x-1,1637,421.7,658.1,90,211.61,275.09,1183.23,126.23,955.39,0.1321,1.3,20.0,dapi,1
BMPR1A_KD,no_BMP,10x-1,1638,421.6,736.5,80,147.35,191.55,1178.22,121.22,916.62,0.1323,1.3,20.0,dapi,1
BMPR1A_KD,no_BMP,10x-1,1639,420.1,882.7,49,45.67,59.37,1233.94,176.94,1097.59,0.1612,1.3,20.0,dapi,1
BMPR1A_KD,no_BMP,10x-1,1640,422.6,99.5,66,23.63,30.72,1247.82,190.82,990.8,0.1926,1.3,20.0,dapi,1
BMPR1A_KD,no_BMP,10x-1,1641,421.8,108.6,57,33.62,43.7,1241.02,184.02,1107.74,0.1661,1.3,20.0,dapi,1
BMPR1A_KD,no_BMP,10x-1,1642,423.5,229.8,125,147.41,191.63,1214.5,157.5,1108.54,0.1421,1.3,20.0,dapi,1
BMPR1A_KD,no_BMP,10x-1,1643,422.0,457.3,80,320.08,416.11,1179.71,122.71,922.86,0.133,1.3,20.0,dapi,1
BMPR1A_KD,no_BMP,10x-1,1644,424.2,542.2,83,314.91,409.39,1157.37,100.37,1118.01,0.0898,1.3,20.0,dapi,1
BMPR1A_KD,no_BMP,10x-1,1645,422.9,606.7,78,256.5,333.45,1179.36,122.36,1132.55,0.108,1.3,20.0,dapi,1
BMPR1A_KD,no_BMP,10x-1,1646,422.1,631.8,80,234.57,304.94,1193.5,136.5,954.44,0.143,1.3,20.0,dapi,1
BMPR1A_KD,no_BMP,10x-1,1647,421.7,798.3,87,102.7,133.52,1190.52,133.52,1155.29,0.1156,1.3,20.0,dapi,1
BMPR1A_KD,no_BMP,10x-1,1648,420.4,893.8,44,39.1,50.84,1244.84,187.84,1157.05,0.1623,1.3,20.0,dapi,1
BMPR1A_KD,no_BMP,10x-1,1649,423.0,172.3,75,96.62,125.61,1248.49,191.49,1069.85,0.179,1.3,20.0,dapi,1
BMPR1A_KD,no_BMP,10x-1,1650,424.5,403.7,125,285.39,371.01,1197.69,140.69,1076.84,0.1306,1.3,20.0,dapi,1
BMPR1A_KD,no_BMP,10x-1,1651,422.9,785.5,65,112.84,146.69,1216.34,159.34,982.14,0.1622,1.3,20.0,dapi,1
BMPR1A_KD,no_BMP,10x-1,1652,423.4,847.0,93,69.48,90.32,1222.02,165.02,1133.17,0.1456,1.3,20.0,dapi,1
BMPR1A_KD,no_BMP,10x-1,1653,423.0,861.7,64,59.83,77.78,1213.2,156.2,1392.17,0.1122,1.3,20.0,dapi,1
BMPR1A_KD,no_BMP,10x-1,1654,424.5,158.9,74,83.66,108.76,1243.57,186.57,1402.66,0.133,1.3,20.0,dapi,1
BMPR1A_KD,no_BMP,10x-1,1655,425.0,575.4,99,285.6,371.28,1199.57,142.57,1292.08,0.1103,1.3,20.0,dapi,1
BMPR1A_KD,no_BMP,10x-1,1656,425.5,716.0,134,165.16,214.71,1168.25,111.25,1035.55,0.1074,1.3,20.0,dapi,1
BMPR1A_KD,no_BMP,10x-1,1657,424.9,809.1,88,97.42,126.65,1204.25,147.25,1268.31,0.1161,1.3,20.0,dapi,1
BMPR1A_KD,no_BMP,10x-1,1658,425.4,218.4,68,136.33,177.23,1229.56,172.56,1054.68,0.1636,1.3,20.0,dapi,1
BMPR1A_KD,no_BMP,10x-1,1659,424.6,264.3,84,177.93,231.31,1186.23,129.23,1054.75,0.1225,1.3,20.0,dapi,1
BMPR1A_KD,no_BMP,10x-1,1660,425.9,314.1,93,224.67,292.07,1191.75,134.75,1108.55,0.1216,1.3,20.0,dapi,1
BMPR1A_KD,no_BMP,10x-1,1661,428.2,478.3,107,339.74,441.66,1184.57,127.57,1202.29,0.1061,1.3,20.0,dapi,1
BMPR1A_KD,no_BMP,10x-1,1662,424.1,519.1,57,336.0,436.8,1188.3,131.3,1026.44,0.1279,1.3,20.0,dapi,1
BMPR1A_KD,no_BMP,10x-1,1663,425.8,765.9,66,129.42,168.25,1193.71,136.71,1029.83,0.1328,1.3,20.0,dapi,1
BMPR1A_KD,no_BMP,10x-1,1664,426.6,116.2,72,40.84,53.09,1256.15,199.15,1118.54,0.178,1.3,20.0,dapi,1
BMPR1A_KD,no_BMP,10x-1,1665,429.1,351.7,141,257.58,334.85,1197.77,140.77,1053.08,0.1337,1.3,20.0,dapi,1
BMPR1A_KD,no_BMP,10x-1,1666,426.0,127.5,56,52.73,68.55,1258.07,201.07,1103.77,0.1822,1.3,20.0,dapi,1
BMPR1A_KD,no_BMP,10x-1,1667,429.5,141.5,124,67.0,87.11,1248.06,191.06,1090.48,0.1752,1.3,20.0,dapi,1
BMPR1A_KD,no_BMP,10x-1,1668,427.1,446.6,72,316.27,411.15,1186.78,129.78,979.1,0.1325,1.3,20.0,dapi,1
BMPR1A_KD,no_BMP,10x-1,1669,425.8,559.6,45,299.47,389.31,1181.67,124.67,1067.47,0.1168,1.3,20.0,dapi,1
BMPR1A_KD,no_BMP,10x-1,1670,431.0,581.7,121,282.22,366.89,1182.68,125.68,1183.7,0.1062,1.3,20.0,dapi,1
BMPR1A_KD,no_BMP,10x-1,1671,426.4,889.1,59,46.86,60.91,1225.88,168.88,1322.27,0.1277,1.3,20.0,dapi,1
BMPR1A_KD,no_BMP,10x-1,1672,428.5,77.8,67,3.72,4.84,1230.49,173.49,942.51,0.1841,1.3,20.0,dapi,1
BMPR1A_KD,no_BMP,10x-1,1673,428.9,245.1,87,158.86,206.52,1202.49,145.49,958.91,0.1517,1.3,20.0,dapi,1
BMPR1A_KD,no_BMP,10x-1,1674,431.3,527.6,114,330.55,429.72,1174.92,117.92,1035.96,0.1138,1.3,20.0,dapi,1
BMPR1A_KD,no_BMP,10x-1,1675,427.2,902.9,70,35.61,46.29,1229.44,172.44,1324.29,0.1302,1.3,20.0,dapi,1
BMPR1A_KD,no_BMP,10x-1,1676,430.0,392.9,105,282.29,366.98,1200.27,143.27,1113.99,0.1286,1.3,20.0,dapi,1
BMPR1A_KD,no_BMP,10x-1,1677,429.0,666.2,68,208.28,270.76,1180.66,123.66,997.31,0.124,1.3,20.0,dapi,1
BMPR1A_KD,no_BMP,10x-1,1678,428.2,747.8,60,143.79,186.93,1184.32,127.32,1019.92,0.1248,1.3,20.0,dapi,1
BMPR1A_KD,no_BMP,10x-1,1679,431.5,329.6,106,238.61,310.19,1186.42,129.42,1075.31,0.1204,1.3,20.0,dapi,1
BMPR1A_KD,no_BMP,10x-1,1680,433.0,471.9,101,338.58,440.15,1196.5,139.5,920.14,0.1516,1.3,20.0,dapi,1
BMPR1A_KD,no_BMP,10x-1,1681,429.5,638.0,91,232.5,302.25,1188.86,131.86,1000.4,0.1318,1.3,20.0,dapi,1
BMPR1A_KD,no_BMP,10x-1,1682,431.9,433.4,111,310.0,402.99,1212.33,155.33,1113.4,0.1395,1.3,20.0,dapi,1
BMPR1A_KD,no_BMP,10x-1,1683,433.4,589.6,98,276.22,359.09,1177.43,120.43,1029.23,0.117,1.3,20.0,dapi,1
BMPR1A_KD,no_BMP,10x-1,1684,430.7,705.1,103,177.49,230.74,1167.78,110.78,1153.41,0.096,1.3,20.0,dapi,1
BMPR1A_KD,no_BMP,10x-1,1685,430.8,790.4,61,114.72,149.14,1194.41,137.41,995.15,0.1381,1.3,20.0,dapi,1
BMPR1A_KD,no_BMP,10x-1,1686,431.3,841.2,78,79.41,103.23,1238.97,181.97,1309.82,0.1389,1.3,20.0,dapi,1
BMPR1A_KD,no_BMP,10x-1,1687,429.6,936.7,56,4.84,6.29,1165.88,108.88,1125.34,0.0967,1.3,20.0,dapi,1
BMPR1A_KD,no_BMP,10x-1,1688,432.7,98.3,102,24.07,31.3,1251.68,194.68,1188.13,0.1639,1.3,20.0,dapi,1
BMPR1A_KD,no_BMP,10x-1,1689,434.7,359.9,98,266.74,346.76,1214.59,157.59,1165.29,0.1352,1.3,20.0,dapi,1
BMPR1A_KD,no_BMP,10x-1,1690,435.1,464.0,126,334.07,434.29,1181.4,124.4,1067.78,0.1165,1.3,20.0,dapi,1
BMPR1A_KD,no_BMP,10x-1,1691,429.7,854.8,37,69.62,90.5,1221.73,164.73,1374.89,0.1198,1.3,20.0,dapi,1
BMPR1A_KD,no_BMP,10x-1,1692,435.7,538.9,114,322.73,419.55,1196.51,139.51,1109.57,0.1257,1.3,20.0,dapi,1
BMPR1A_KD,no_BMP,10x-1,1693,431.9,546.8,38,313.78,407.92,1175.08,118.08,1016.03,0.1162,1.3,20.0,dapi,1
BMPR1A_KD,no_BMP,10x-1,1694,434.2,565.8,100,297.74,387.06,1170.08,113.08,1275.54,0.0887,1.3,20.0,dapi,1
BMPR1A_KD,no_BMP,10x-1,1695,433.6,657.4,69,218.56,284.13,1172.93,115.93,1014.19,0.1143,1.3,20.0,dapi,1
BMPR1A_KD,no_BMP,10x-1,1696,433.7,131.7,47,57.61,74.89,1256.77,199.77,1200.96,0.1663,1.3,20.0,dapi,1
BMPR1A_KD,no_BMP,10x-1,1697,434.9,156.5,84,78.64,102.23,1236.92,179.92,1204.1,0.1494,1.3,20.0,dapi,1
BMPR1A_KD,no_BMP,10x-1,1698,434.2,171.0,83,91.4,118.81,1235.6,178.6,1114.17,0.1603,1.3,20.0,dapi,1
BMPR1A_KD,no_BMP,10x-1,1699,435.2,265.0,123,175.32,227.92,1214.43,157.43,1108.51,0.142,1.3,20.0,dapi,1
BMPR1A_KD,no_BMP,10x-1,1700,435.3,279.4,98,188.59,245.16,1192.38,135.38,1155.51,0.1172,1.3,20.0,dapi,1
BMPR1A_KD,no_BMP,10x-1,1701,436.4,294.1,126,202.62,263.4,1183.4,126.4,1067.32,0.1184,1.3,20.0,dapi,1
BMPR1A_KD,no_BMP,10x-1,1702,435.6,417.9,150,302.86,393.72,1190.37,133.37,998.34,0.1336,1.3,20.0,dapi,1
BMPR1A_KD,no_BMP,10x-1,1703,435.2,895.9,78,39.43,51.26,1232.44,175.44,1227.15,0.143,1.3,20.0,dapi,1
BMPR1A_KD,no_BMP,10x-1,1704,433.4,213.5,83,129.07,167.79,1221.81,164.81,1230.9,0.1339,1.3,20.0,dapi,1
BMPR1A_KD,no_BMP,10x-1,1705,436.8,312.9,129,220.63,286.82,1195.08,138.08,1154.13,0.1196,1.3,20.0,dapi,1
BMPR1A_KD,no_BMP,10x-1,1706,438.9,402.1,137,294.93,383.41,1198.1,141.1,1054.96,0.1338,1.3,20.0,dapi,1
BMPR1A_KD,no_BMP,10x-1,1707,437.4,603.2,121,267.11,347.24,1168.24,111.24,1062.35,0.1047,1.3,20.0,dapi,1
BMPR1A_KD,no_BMP,10x-1,1708,435.9,675.3,98,204.58,265.96,1157.06,100.06,1105.6,0.0905,1.3,20.0,dapi,1
BMPR1A_KD,no_BMP,10x-1,1709,434.7,721.5,62,167.19,217.34,1159.68,102.68,1017.58,0.1009,1.3,20.0,dapi,1
BMPR1A_KD,no_BMP,10x-1,1710,434.4,858.7,60,70.6,91.78,1213.52,156.52,1475.67,0.1061,1.3,20.0,dapi,1
BMPR1A_KD,no_BMP,10x-1,1711,433.2,906.0,32,30.5,39.64,1196.34,139.34,1234.62,0.1129,1.3,20.0,dapi,1
BMPR1A_KD,no_BMP,10x-1,1712,436.4,89.8,74,16.9,21.96,1249.78,192.78,1162.28,0.1659,1.3,20.0,dapi,1
BMPR1A_KD,no_BMP,10x-1,1713,437.0,111.1,97,37.57,48.84,1244.49,187.49,1221.57,0.1535,1.3,20.0,dapi,1
BMPR1A_KD,no_BMP,10x-1,1714,436.9,693.1,122,190.64,247.83,1144.98,87.98,1040.32,0.0846,1.3,20.0,dapi,1
BMPR1A_KD,no_BMP,10x-1,1715,436.7,737.0,72,157.89,205.26,1174.35,117.35,1047.71,0.112,1.3,20.0,dapi,1
BMPR1A_KD,no_BMP,10x-1,1716,438.1,763.4,128,139.29,181.08,1200.01,143.01,992.8,0.144,1.3,20.0,dapi,1
BMPR1A_KD,no_BMP,10x-1,1717,436.9,783.9,80,123.21,160.17,1180.62,123.62,1264.81,0.0977,1.3,20.0,dapi,1
BMPR1A_KD,no_BMP,10x-1,1718,437.9,803.5,50,110.65,143.85,1161.76,104.76,1690.94,0.062,1.3,20.0,dapi,1
BMPR1A_KD,no_BMP,10x-1,1719,434.7,831.2,62,89.28,116.06,1224.11,167.11,1260.06,0.1326,1.3,20.0,dapi,1
BMPR1A_KD,no_BMP,10x-1,1720,440.6,197.7,200,111.18,144.53,1220.27,163.27,899.14,0.1816,1.3,20.0,dapi,1
BMPR1A_KD,no_BMP,10x-1,1721,437.5,232.4,80,143.39,186.41,1210.55,153.55,1009.81,0.1521,1.3,20.0,dapi,1
BMPR1A_KD,no_BMP,10x-1,1722,439.5,369.8,85,275.46,358.09,1185.22,128.22,915.41,0.1401,1.3,20.0,dapi,1
BMPR1A_KD,no_BMP,10x-1,1723,438.8,617.8,125,254.85,331.31,1174.81,117.81,1054.49,0.1117,1.3,20.0,dapi,1
BMPR1A_KD,no_BMP,10x-1,1724,438.6,630.9,110,243.48,316.52,1176.35,119.35,1078.47,0.1107,1.3,20.0,dapi,1
BMPR1A_KD,no_BMP,10x-1,1725,439.9,183.0,98,98.49,128.04,1212.45,155.45,1208.64,0.1286,1.3,20.0,dapi,1
BMPR1A_KD,no_BMP,10x-1,1726,440.2,485.2,73,352.92,458.8,1175.42,118.42,932.92,0.1269,1.3,20.0,dapi,1
BMPR1A_KD,no_BMP,10x-1,1727,441.0,753.9,83,148.13,192.57,1176.7,119.7,1102.73,0.1085,1.3,20.0,dapi,1
BMPR1A_KD,no_BMP,10x-1,1728,441.0,498.3,67,362.02,470.63,1162.28,105.28,1395.46,0.0754,1.3,20.0,dapi,1
BMPR1A_KD,no_BMP,10x-1,1729,440.2,549.5,74,315.58,410.26,1172.26,115.26,957.86,0.1203,1.3,20.0,dapi,1
BMPR1A_KD,no_BMP,10x-1,1730,440.5,571.5,75,295.82,384.57,1177.64,120.64,1052.63,0.1146,1.3,20.0,dapi,1
BMPR1A_KD,no_BMP,10x-1,1731,439.8,707.1,36,181.7,236.21,1160.0,103.0,1228.53,0.0838,1.3,20.0,dapi,1
BMPR1A_KD,no_BMP,10x-1,1732,440.4,821.7,79,99.25,129.02,1210.18,153.18,1236.0,0.1239,1.3,20.0,dapi,1
BMPR1A_KD,no_BMP,10x-1,1733,440.6,151.5,46,71.02,92.32,1227.0,170.0,1221.17,0.1392,1.3,20.0,dapi,1
BMPR1A_KD,no_BMP,10x-1,1734,442.8,389.1,134,290.22,377.28,1199.49,142.49,1049.31,0.1358,1.3,20.0,dapi,1
BMPR1A_KD,no_BMP,10x-1,1735,444.4,593.9,82,278.44,361.97,1165.84,108.84,909.13,0.1197,1.3,20.0,dapi,1
BMPR1A_KD,no_BMP,10x-1,1736,442.9,78.7,111,8.8,11.44,1243.93,186.93,1095.38,0.1707,1.3,20.0,dapi,1
BMPR1A_KD,no_BMP,10x-1,1737,441.6,131.0,56,55.33,71.92,1253.71,196.71,1107.2,0.1777,1.3,20.0,dapi,1
BMPR1A_KD,no_BMP,10x-1,1738,443.5,218.9,122,129.09,167.81,1225.02,168.02,1137.03,0.1478,1.3,20.0,dapi,1
BMPR1A_KD,no_BMP,10x-1,1739,440.4,518.3,44,343.4,446.42,1180.0,123.0,1112.59,0.1106,1.3,20.0,dapi,1
BMPR1A_KD,no_BMP,10x-1,1740,443.6,655.3,127,225.63,293.32,1218.24,161.24,1024.92,0.1573,1.3,20.0,dapi,1
BMPR1A_KD,no_BMP,10x-1,1741,440.2,840.4,38,86.79,112.83,1212.97,155.97,1158.16,0.1347,1.3,20.0,dapi,1
BMPR1A_KD,no_BMP,10x-1,1742,439.8,858.0,29,73.64,95.73,1208.21,151.21,1263.28,0.1197,1.3,20.0,dapi,1
BMPR1A_KD,no_BMP,10x-1,1743,442.8,95.2,62,23.51,30.57,1271.11,214.11,1128.4,0.1897,1.3,20.0,dapi,1
BMPR1A_KD,no_BMP,10x-1,1744,445.9,119.8,90,44.92,58.4,1268.86,211.86,1215.76,0.1743,1.3,20.0,dapi,1
BMPR1A_KD,no_BMP,10x-1,1745,444.2,350.9,92,256.04,332.85,1187.27,130.27,1222.08,0.1066,1.3,20.0,dapi,1
BMPR1A_KD,no_BMP,10x-1,1746,443.0,434.6,80,319.41,415.23,1203.31,146.31,930.52,0.1572,1.3,20.0,dapi,1
BMPR1A_KD,no_BMP,10x-1,1747,446.0,458.2,156,337.46,438.7,1190.26,133.26,1002.45,0.1329,1.3,20.0,dapi,1
BMPR1A_KD,no_BMP,10x-1,1748,442.7,579.6,57,289.89,376.86,1176.75,119.75,1131.28,0.1059,1.3,20.0,dapi,1
BMPR1A_KD,no_BMP,10x-1,1749,443.7,745.5,75,157.05,204.16,1170.95,113.95,968.39,0.1177,1.3,20.0,dapi,1
BMPR1A_KD,no_BMP,10x-1,1750,447.2,167.3,135,81.18,105.54,1225.04,168.04,1009.5,0.1665,1.3,20.0,dapi,1
BMPR1A_KD,no_BMP,10x-1,1751,444.7,242.7,83,151.27,196.65,1198.73,141.73,975.01,0.1454,1.3,20.0,dapi,1
BMPR1A_KD,no_BMP,10x-1,1752,445.7,251.5,79,159.52,207.38,1190.76,133.76,1102.29,0.1213,1.3,20.0,dapi,1
BMPR1A_KD,no_BMP,10x-1,1753,444.9,341.7,61,247.02,321.13,1194.52,137.52,1067.31,0.1289,1.3,20.0,dapi,1
BMPR1A_KD,no_BMP,10x-1,1754,444.1,730.9,74,167.1,217.23,1162.16,105.16,964.36,0.109,1.3,20.0,dapi,1
BMPR1A_KD,no_BMP,10x-1,1755,447.5,780.6,84,132.48,172.23,1186.0,129.0,1223.87,0.1054,1.3,20.0,dapi,1
BMPR1A_KD,no_BMP,10x-1,1756,446.7,276.9,74,183.27,238.26,1205.27,148.27,990.64,0.1497,1.3,20.0,dapi,1
BMPR1A_KD,no_BMP,10x-1,1757,449.3,304.6,137,210.01,273.01,1195.42,138.42,1042.8,0.1327,1.3,20.0,dapi,1
BMPR1A_KD,no_BMP,10x-1,1758,447.1,331.6,68,236.83,307.87,1196.46,139.46,1015.96,0.1373,1.3,20.0,dapi,1
BMPR1A_KD,no_BMP,10x-1,1759,447.7,677.9,146,209.23,272.0,1140.79,83.79,971.45,0.0863,1.3,20.0,dapi,1
BMPR1A_KD,no_BMP,10x-1,1760,446.6,694.5,95,195.37,253.98,1159.12,102.12,910.44,0.1122,1.3,20.0,dapi,1
BMPR1A_KD,no_BMP,10x-1,1761,445.3,850.3,62,80.32,104.42,1203.48,146.48,1386.13,0.1057,1.3,20.0,dapi,1
BMPR1A_KD,no_BMP,10x-1,1762,450.8,68.2,86,2.86,3.72,1195.4,138.4,907.41,0.1525,1.3,20.0,dapi,1
BMPR1A_KD,no_BMP,10x-1,1763,447.3,207.4,72,116.85,151.9,1227.31,170.31,1048.32,0.1625,1.3,20.0,dapi,1
BMPR1A_KD,no_BMP,10x-1,1764,448.3,258.9,69,165.66,215.35,1212.58,155.58,1204.16,0.1292,1.3,20.0,dapi,1
BMPR1A_KD,no_BMP,10x-1,1765,446.7,316.0,84,221.18,287.53,1202.25,145.25,1225.02,0.1186,1.3,20.0,dapi,1
BMPR1A_KD,no_BMP,10x-1,1766,447.5,865.2,86,65.22,84.79,1213.45,156.45,1200.85,0.1303,1.3,20.0,dapi,1
BMPR1A_KD,no_BMP,10x-1,1767,446.4,878.4,45,52.77,68.6,1207.76,150.76,1093.67,0.1378,1.3,20.0,dapi,1
BMPR1A_KD,no_BMP,10x-1,1768,447.9,891.6,85,38.74,50.36,1211.54,154.54,1172.48,0.1318,1.3,20.0,dapi,1
BMPR1A_KD,no_BMP,10x-1,1769,449.9,106.3,102,33.45,43.49,1288.37,231.37,1275.07,0.1815,1.3,20.0,dapi,1
BMPR1A_KD,no_BMP,10x-1,1770,448.3,634.8,80,244.63,318.02,1152.94,95.94,919.49,0.1043,1.3,20.0,dapi,1
BMPR1A_KD,no_BMP,10x-1,1771,449.1,789.6,88,128.02,166.42,1187.75,130.75,1217.69,0.1074,1.3,20.0,dapi,1
BMPR1A_KD,no_BMP,10x-1,1772,447.1,819.0,50,106.25,138.12,1214.4,157.4,1093.86,0.1439,1.3,20.0,dapi,1
BMPR1A_KD,no_BMP,10x-1,1773,449.0,154.1,67,69.0,89.69,1222.81,165.81,1007.6,0.1646,1.3,20.0,dapi,1
BMPR1A_KD,no_BMP,10x-1,1774,449.8,183.8,78,94.64,123.03,1234.85,177.85,1079.95,0.1647,1.3,20.0,dapi,1
BMPR1A_KD,no_BMP,10x-1,1775,451.6,521.9,121,345.08,448.61,1169.32,112.32,963.64,0.1166,1.3,20.0,dapi,1
BMPR1A_KD,no_BMP,10x-1,1776,447.2,717.9,25,178.37,231.88,1159.24,102.24,1496.6,0.0683,1.3,20.0,dapi,1
BMPR1A_KD,no_BMP,10x-1,1777,449.2,805.7,72,117.16,152.31,1187.03,130.03,1269.29,0.1024,1.3,20.0,dapi,1
BMPR1A_KD,no_BMP,10x-1,1778,449.6,83.6,38,16.82,21.86,1256.08,199.08,1331.92,0.1495,1.3,20.0,dapi,1
BMPR1A_KD,no_BMP,10x-1,1779,450.1,126.8,50,46.86,60.91,1254.34,197.34,1138.4,0.1733,1.3,20.0,dapi,1
BMPR1A_KD,no_BMP,10x-1,1780,453.1,142.6,115,57.56,74.83,1232.1,175.1,1085.31,0.1613,1.3,20.0,dapi,1
BMPR1A_KD,no_BMP,10x-1,1781,451.5,377.4,82,278.88,362.54,1193.82,136.82,947.66,0.1444,1.3,20.0,dapi,1
BMPR1A_KD,no_BMP,10x-1,1782,450.3,581.3,97,292.65,380.45,1185.07,128.07,1090.11,0.1175,1.3,20.0,dapi,1
BMPR1A_KD,no_BMP,10x-1,1783,450.7,764.4,69,147.27,191.46,1182.03,125.03,1006.29,0.1242,1.3,20.0,dapi,1
BMPR1A_KD,no_BMP,10x-1,1784,451.0,773.5,79,140.2,182.27,1179.8,122.8,1289.34,0.0952,1.3,20.0,dapi,1
BMPR1A_KD,no_BMP,10x-1,1785,453.2,266.9,87,172.1,223.72,1209.84,152.84,1134.39,0.1347,1.3,20.0,dapi,1
BMPR1A_KD,no_BMP,10x-1,1786,451.4,290.4,82,194.93,253.41,1198.55,141.55,1013.78,0.1396,1.3,20.0,dapi,1
BMPR1A_KD,no_BMP,10x-1,1787,452.5,400.1,93,299.74,389.67,1216.88,159.88,1240.44,0.1289,1.3,20.0,dapi,1
BMPR1A_KD,no_BMP,10x-1,1788,452.7,560.1,77,312.2,405.86,1182.82,125.82,955.42,0.1317,1.3,20.0,dapi,1
BMPR1A_KD,no_BMP,10x-1,1789,451.7,571.6,78,301.38,391.79,1193.03,136.03,1093.38,0.1244,1.3,20.0,dapi,1
BMPR1A_KD,no_BMP,10x-1,1790,450.9,904.4,77,26.38,34.29,1215.73,158.73,1218.16,0.1303,1.3,20.0,dapi,1
BMPR1A_KD,no_BMP,10x-1,1791,452.0,96.3,37,25.66,33.36,1270.57,213.57,1304.03,0.1638,1.3,20.0,dapi,1
BMPR1A_KD,no_BMP,10x-1,1792,452.4,437.9,89,328.09,426.52,1183.07,126.07,947.84,0.133,1.3,20.0,dapi,1
BMPR1A_KD,no_BMP,10x-1,1793,452.5,547.9,101,322.14,418.78,1208.8,151.8,1143.02,0.1328,1.3,20.0,dapi,1
BMPR1A_KD,no_BMP,10x-1,1794,453.5,238.6,66,144.78,188.21,1204.47,147.47,1027.02,0.1436,1.3,20.0,dapi,1
BMPR1A_KD,no_BMP,10x-1,1795,454.9,359.1,142,260.79,339.03,1207.4,150.4,1037.61,0.145,1.3,20.0,dapi,1
BMPR1A_KD,no_BMP,10x-1,1796,454.5,413.9,115,312.1,405.73,1171.99,114.99,1124.09,0.1023,1.3,20.0,dapi,1
BMPR1A_KD,no_BMP,10x-1,1797,454.2,468.8,120,350.9,456.17,1173.11,116.11,1077.37,0.1078,1.3,20.0,dapi,1
BMPR1A_KD,no_BMP,10x-1,1798,454.4,627.4,83,254.6,330.98,1147.69,90.69,912.55,0.0994,1.3,20.0,dapi,1
BMPR1A_KD,no_BMP,10x-1,1799,452.8,728.9,77,175.05,227.56,1165.81,108.81,933.79,0.1165,1.3,20.0,dapi,1
BMPR1A_KD,no_BMP,10x-1,1800,451.6,848.1,53,81.04,105.35,1218.13,161.13,1153.85,0.1396,1.3,20.0,dapi,1
BMPR1A_KD,no_BMP,10x-1,1801,455.4,339.6,89,243.22,316.18,1204.57,147.57,936.43,0.1576,1.3,20.0,dapi,1
BMPR1A_KD,no_BMP,10x-1,1802,455.8,616.6,117,264.16,343.41,1162.62,105.62,1100.77,0.0959,1.3,20.0,dapi,1
BMPR1A_KD,no_BMP,10x-1,1803,455.8,796.5,94,121.94,158.52,1204.52,147.52,1183.57,0.1246,1.3,20.0,dapi,1
BMPR1A_KD,no_BMP,10x-1,1804,454.2,218.4,64,124.7,162.12,1230.27,173.27,1060.64,0.1634,1.3,20.0,dapi,1
BMPR1A_KD,no_BMP,10x-1,1805,455.3,325.7,92,229.42,298.25,1208.7,151.7,1303.75,0.1164,1.3,20.0,dapi,1
BMPR1A_KD,no_BMP,10x-1,1806,455.8,496.8,97,369.25,480.02,1220.02,163.02,920.72,0.1771,1.3,20.0,dapi,1
BMPR1A_KD,no_BMP,10x-1,1807,456.8,603.8,104,275.85,358.61,1159.16,102.16,862.49,0.1185,1.3,20.0,dapi,1
BMPR1A_KD,no_BMP,10x-1,1808,456.0,691.3,101,204.27,265.56,1161.71,104.71,1129.35,0.0927,1.3,20.0,dapi,1
BMPR1A_KD,no_BMP,10x-1,1809,454.4,751.2,60,158.85,206.5,1172.15,115.15,1009.02,0.1141,1.3,20.0,dapi,1
BMPR1A_KD,no_BMP,10x-1,1810,454.6,877.3,59,52.09,67.72,1203.1,146.1,1404.36,0.104,1.3,20.0,dapi,1
BMPR1A_KD,no_BMP,10x-1,1811,457.4,654.1,142,233.85,304.01,1185.96,128.96,1018.26,0.1267,1.3,20.0,dapi,1
BMPR1A_KD,no_BMP,10x-1,1812,456.1,712.9,75,188.26,244.74,1166.04,109.04,1061.63,0.1027,1.3,20.0,dapi,1
BMPR1A_KD,no_BMP,10x-1,1813,459.2,110.3,101,28.55,37.11,1249.16,192.16,1159.47,0.1657,1.3,20.0,dapi,1
BMPR1A_KD,no_BMP,10x-1,1814,459.7,455.1,113,345.46,449.1,1201.69,144.69,837.09,0.1728,1.3,20.0,dapi,1
BMPR1A_KD,no_BMP,10x-1,1815,458.3,506.7,104,361.17,469.53,1203.72,146.72,921.4,0.1592,1.3,20.0,dapi,1
BMPR1A_KD,no_BMP,10x-1,1816,458.4,737.5,142,172.06,223.68,1162.44,105.44,1105.47,0.0954,1.3,20.0,dapi,1
BMPR1A_KD,no_BMP,10x-1,1817,458.8,917.0,118,11.91,15.48,1174.73,117.73,1033.91,0.1139,1.3,20.0,dapi,1
BMPR1A_KD,no_BMP,10x-1,1818,459.1,87.0,70,15.03,19.54,1245.17,188.17,1458.17,0.129,1.3,20.0,dapi,1
BMPR1A_KD,no_BMP,10x-1,1819,458.3,226.8,57,132.14,171.78,1224.68,167.68,1129.09,0.1485,1.3,20.0,dapi,1
BMPR1A_KD,no_BMP,10x-1,1820,458.1,822.1,105,98.85,128.51,1198.15,141.15,1096.12,0.1288,1.3,20.0,dapi,1
BMPR1A_KD,no_BMP,10x-1,1821,457.6,846.1,53,78.82,102.46,1218.28,161.28,1017.55,0.1585,1.3,20.0,dapi,1
BMPR1A_KD,no_BMP,10x-1,1822,458.7,154.5,67,63.87,83.04,1233.46,176.46,964.03,0.183,1.3,20.0,dapi,1
BMPR1A_KD,no_BMP,10x-1,1823,460.0,206.5,99,111.44,144.87,1230.06,173.06,1183.71,0.1462,1.3,20.0,dapi,1
BMPR1A_KD,no_BMP,10x-1,1824,459.4,384.3,62,282.29,366.98,1194.53,137.53,1109.21,0.124,1.3,20.0,dapi,1
BMPR1A_KD,no_BMP,10x-1,1825,460.5,393.7,101,290.91,378.19,1200.63,143.63,1200.26,0.1197,1.3,20.0,dapi,1
BMPR1A_KD,no_BMP,10x-1,1826,459.6,479.0,110,362.22,470.89,1187.95,130.95,963.25,0.136,1.3,20.0,dapi,1
BMPR1A_KD,no_BMP,10x-1,1827,458.8,858.7,60,68.16,88.61,1220.73,163.73,1005.03,0.1629,1.3,20.0,dapi,1
BMPR1A_KD,no_BMP,10x-1,1828,458.2,889.5,64,38.85,50.5,1210.23,153.23,1073.94,0.1427,1.3,20.0,dapi,1
BMPR1A_KD,no_BMP,10x-1,1829,460.7,130.7,66,43.14,56.08,1243.59,186.59,964.06,0.1935,1.3,20.0,dapi,1
BMPR1A_KD,no_BMP,10x-1,1830,460.6,181.5,81,87.5,113.75,1223.33,166.33,1010.83,0.1646,1.3,20.0,dapi,1
BMPR1A_KD,no_BMP,10x-1,1831,460.5,427.1,88,321.91,418.48,1192.07,135.07,936.83,0.1442,1.3,20.0,dapi,1
BMPR1A_KD,no_BMP,10x-1,1832,461.7,442.3,119,334.34,434.64,1177.98,120.98,1013.71,0.1193,1.3,20.0,dapi,1
BMPR1A_KD,no_BMP,10x-1,1833,458.4,867.7,60,60.78,79.01,1230.87,173.87,1175.8,0.1479,1.3,20.0,dapi,1
BMPR1A_KD,no_BMP,10x-1,1834,461.6,119.4,67,32.89,42.75,1257.24,200.24,1018.72,0.1966,1.3,20.0,dapi,1
BMPR1A_KD,no_BMP,10x-1,1835,461.6,256.1,68,159.36,207.17,1191.51,134.51,1163.25,0.1156,1.3,20.0,dapi,1
BMPR1A_KD,no_BMP,10x-1,1836,462.3,277.1,113,179.96,233.95,1208.81,151.81,1117.05,0.1359,1.3,20.0,dapi,1
BMPR1A_KD,no_BMP,10x-1,1837,461.4,367.8,57,266.7,346.71,1211.81,154.81,1077.32,0.1437,1.3,20.0,dapi,1
BMPR1A_KD,no_BMP,10x-1,1838,462.8,664.4,82,229.5,298.35,1154.17,97.17,980.77,0.0991,1.3,20.0,dapi,1
BMPR1A_KD,no_BMP,10x-1,1839,458.9,778.1,41,137.43,178.66,1206.88,149.88,1161.02,0.1291,1.3,20.0,dapi,1
BMPR1A_KD,no_BMP,10x-1,1840,460.0,901.7,58,26.72,34.74,1200.45,143.45,1089.57,0.1317,1.3,20.0,dapi,1
BMPR1A_KD,no_BMP,10x-1,1841,461.4,233.2,54,137.17,178.32,1220.89,163.89,1076.96,0.1522,1.3,20.0,dapi,1
BMPR1A_KD,no_BMP,10x-1,1842,462.7,526.1,60,346.71,450.73,1176.1,119.1,1011.57,0.1177,1.3,20.0,dapi,1
BMPR1A_KD,no_BMP,10x-1,1843,462.6,544.4,67,331.06,430.38,1170.27,113.27,997.0,0.1136,1.3,20.0,dapi,1
BMPR1A_KD,no_BMP,10x-1,1844,463.0,640.1,100,248.74,323.36,1158.47,101.47,885.04,0.1147,1.3,20.0,dapi,1
BMPR1A_KD,no_BMP,10x-1,1845,464.5,323.1,111,223.92,291.09,1204.32,147.32,1035.09,0.1423,1.3,20.0,dapi,1
BMPR1A_KD,no_BMP,10x-1,1846,464.0,376.3,77,273.02,354.93,1191.58,134.58,1129.43,0.1192,1.3,20.0,dapi,1
BMPR1A_KD,no_BMP,10x-1,1847,463.7,579.1,80,301.06,391.38,1187.74,130.74,1339.88,0.0976,1.3,20.0,dapi,1
BMPR1A_KD,no_BMP,10x-1,1848,464.4,589.0,108,292.35,380.05,1173.81,116.81,1103.19,0.1059,1.3,20.0,dapi,1
BMPR1A_KD,no_BMP,10x-1,1849,462.4,762.5,65,150.08,195.11,1191.49,134.49,1109.0,0.1213,1.3,20.0,dapi,1
BMPR1A_KD,no_BMP,10x-1,1850,466.0,249.1,95,151.71,197.22,1204.78,147.78,1244.42,0.1188,1.3,20.0,dapi,1
BMPR1A_KD,no_BMP,10x-1,1851,464.8,487.3,95,371.43,482.86,1178.06,121.06,905.4,0.1337,1.3,20.0,dapi,1
BMPR1A_KD,no_BMP,10x-1,1852,464.4,555.9,64,321.28,417.67,1172.94,115.94,1002.77,0.1156,1.3,20.0,dapi,1
BMPR1A_KD,no_BMP,10x-1,1853,465.5,674.7,98,222.91,289.79,1142.3,85.3,1076.26,0.0793,1.3,20.0,dapi,1
BMPR1A_KD,no_BMP,10x-1,1854,465.6,708.6,127,197.46,256.69,1148.72,91.72,1036.87,0.0885,1.3,20.0,dapi,1
BMPR1A_KD,no_BMP,10x-1,1855,464.1,835.9,71,83.74,108.86,1208.63,151.63,1057.93,0.1433,1.3,20.0,dapi,1
BMPR1A_KD,no_BMP,10x-1,1856,463.8,881.1,60,47.62,61.9,1193.65,136.65,1205.38,0.1134,1.3,20.0,dapi,1
BMPR1A_KD,no_BMP,10x-1,1857,466.2,265.9,77,168.42,218.95,1218.69,161.69,1073.44,0.1506,1.3,20.0,dapi,1
BMPR1A_KD,no_BMP,10x-1,1858,466.2,303.9,109,205.94,267.72,1212.9,155.9,1131.72,0.1378,1.3,20.0,dapi,1
BMPR1A_KD,no_BMP,10x-1,1859,465.9,345.5,91,243.55,316.62,1197.53,140.53,1099.79,0.1278,1.3,20.0,dapi,1
BMPR1A_KD,no_BMP,10x-1,1860,467.1,569.7,126,310.39,403.51,1185.53,128.53,1107.82,0.116,1.3,20.0,dapi,1
BMPR1A_KD,no_BMP,10x-1,1861,466.3,616.2,98,270.32,351.41,1173.15,116.15,900.07,0.129,1.3,20.0,dapi,1
BMPR1A_KD,no_BMP,10x-1,1862,468.0,698.5,119,206.3,268.19,1151.12,94.12,1115.19,0.0844,1.3,20.0,dapi,1
BMPR1A_KD,no_BMP,10x-1,1863,465.6,751.2,65,158.34,205.84,1188.22,131.22,993.82,0.132,1.3,20.0,dapi,1
BMPR1A_KD,no_BMP,10x-1,1864,465.7,76.6,71,4.74,6.16,1188.23,131.23,1015.46,0.1292,1.3,20.0,dapi,1
BMPR1A_KD,no_BMP,10x-1,1865,466.8,140.8,66,48.62,63.21,1252.89,195.89,1092.5,0.1793,1.3,20.0,dapi,1
BMPR1A_KD,no_BMP,10x-1,1866,465.0,162.5,50,68.39,88.91,1230.46,173.46,1047.5,0.1656,1.3,20.0,dapi,1
BMPR1A_KD,no_BMP,10x-1,1867,467.0,291.1,78,192.93,250.82,1217.74,160.74,1029.94,0.1561,1.3,20.0,dapi,1
BMPR1A_KD,no_BMP,10x-1,1868,466.2,415.6,86,309.38,402.2,1192.47,135.47,955.0,0.1418,1.3,20.0,dapi,1
BMPR1A_KD,no_BMP,10x-1,1869,467.5,516.0,82,357.88,465.25,1189.55,132.55,925.38,0.1432,1.3,20.0,dapi,1
BMPR1A_KD,no_BMP,10x-1,1870,467.1,535.5,65,340.85,443.11,1168.95,111.95,987.22,0.1134,1.3,20.0,dapi,1
BMPR1A_KD,no_BMP,10x-1,1871,465.0,795.1,62,119.77,155.7,1187.52,130.52,1328.27,0.0983,1.3,20.0,dapi,1
BMPR1A_KD,no_BMP,10x-1,1872,464.9,818.2,77,99.11,128.84,1200.51,143.51,1266.1,0.1133,1.3,20.0,dapi,1
BMPR1A_KD,no_BMP,10x-1,1873,468.0,236.6,85,139.55,181.41,1212.62,155.62,1178.87,0.132,1.3,20.0,dapi,1
BMPR1A_KD,no_BMP,10x-1,1874,468.4,735.5,116,172.36,224.07,1170.37,113.37,1122.49,0.101,1.3,20.0,dapi,1
BMPR1A_KD,no_BMP,10x-1,1875,467.3,846.5,60,73.66,95.76,1226.33,169.33,993.33,0.1705,1.3,20.0,dapi,1
BMPR1A_KD,no_BMP,10x-1,1876,467.1,870.9,76,53.93,70.1,1224.21,167.21,976.68,0.1712,1.3,20.0,dapi,1
BMPR1A_KD,no_BMP,10x-1,1877,469.6,171.8,93,76.01,98.81,1223.52,166.52,956.58,0.1741,1.3,20.0,dapi,1
BMPR1A_KD,no_BMP,10x-1,1878,468.7,221.2,84,123.67,160.77,1206.93,149.93,995.77,0.1506,1.3,20.0,dapi,1
BMPR1A_KD,no_BMP,10x-1,1879,469.6,470.3,80,356.35,463.25,1198.14,141.14,966.29,0.1461,1.3,20.0,dapi,1
BMPR1A_KD,no_BMP,10x-1,1880,468.2,858.8,64,62.42,81.14,1209.53,152.53,1083.98,0.1407,1.3,20.0,dapi,1
BMPR1A_KD,no_BMP,10x-1,1881,467.3,892.9,50,35.31,45.9,1196.86,139.86,1012.6,0.1381,1.3,20.0,dapi,1
BMPR1A_KD,no_BMP,10x-1,1882,470.2,150.8,93,56.31,73.2,1250.25,193.25,1185.44,0.163,1.3,20.0,dapi,1
BMPR1A_KD,no_BMP,10x-1,1883,468.5,805.0,60,109.71,142.62,1170.38,113.38,1098.7,0.1032,1.3,20.0,dapi,1
BMPR1A_KD,no_BMP,10x-1,1884,472.4,91.4,139,6.98,9.07,1215.59,158.59,972.43,0.1631,1.3,20.0,dapi,1
BMPR1A_KD,no_BMP,10x-1,1885,471.7,195.9,79,98.62,128.21,1212.99,155.99,1322.85,0.1179,1.3,20.0,dapi,1
BMPR1A_KD,no_BMP,10x-1,1886,471.3,431.4,142,320.49,416.64,1184.87,127.87,1015.27,0.1259,1.3,20.0,dapi,1
BMPR1A_KD,no_BMP,10x-1,1887,472.4,508.7,116,365.94,475.73,1163.12,106.12,1079.98,0.0983,1.3,20.0,dapi,1
BMPR1A_KD,no_BMP,10x-1,1888,470.8,598.8,96,287.35,373.56,1184.88,127.88,913.76,0.1399,1.3,20.0,dapi,1
BMPR1A_KD,no_BMP,10x-1,1889,472.5,657.1,120,240.59,312.76,1144.2,87.2,1046.23,0.0833,1.3,20.0,dapi,1
BMPR1A_KD,no_BMP,10x-1,1890,473.4,686.6,135,216.0,280.8,1143.84,86.84,987.29,0.088,1.3,20.0,dapi,1
BMPR1A_KD,no_BMP,10x-1,1891,469.7,785.4,81,125.97,163.76,1192.35,135.35,978.27,0.1384,1.3,20.0,dapi,1
BMPR1A_KD,no_BMP,10x-1,1892,469.9,911.3,92,17.19,22.34,1178.32,121.32,1173.21,0.1034,1.3,20.0,dapi,1
BMPR1A_KD,no_BMP,10x-1,1893,469.6,924.8,67,3.85,5.01,1134.99,77.99,947.28,0.0823,1.3,20.0,dapi,1
BMPR1A_KD,no_BMP,10x-1,1894,471.0,107.5,74,18.67,24.28,1224.99,167.99,1143.95,0.1468,1.3,20.0,dapi,1
BMPR1A_KD,no_BMP,10x-1,1895,471.5,118.6,60,27.16,35.31,1267.17,210.17,1052.33,0.1997,1.3,20.0,dapi,1
BMPR1A_KD,no_BMP,10x-1,1896,473.6,209.4,118,110.92,144.19,1234.92,177.92,1138.32,0.1563,1.3,20.0,dapi,1
BMPR1A_KD,no_BMP,10x-1,1897,474.3,634.5,136,260.03,338.04,1163.98,106.98,1024.41,0.1044,1.3,20.0,dapi,1
BMPR1A_KD,no_BMP,10x-1,1898,470.5,769.1,57,140.3,182.39,1182.91,125.91,1018.67,0.1236,1.3,20.0,dapi,1
BMPR1A_KD,no_BMP,10x-1,1899,472.9,133.4,106,38.74,50.36,1239.19,182.19,1154.66,0.1578,1.3,20.0,dapi,1
BMPR1A_KD,no_BMP,10x-1,1900,475.8,275.6,150,176.88,229.94,1202.37,145.37,1045.99,0.139,1.3,20.0,dapi,1
BMPR1A_KD,no_BMP,10x-1,1901,473.1,724.2,90,181.0,235.29,1173.07,116.07,1025.41,0.1132,1.3,20.0,dapi,1
BMPR1A_KD,no_BMP,10x-1,1902,471.1,821.2,59,93.87,122.03,1226.54,169.54,1189.17,0.1426,1.3,20.0,dapi,1
BMPR1A_KD,no_BMP,10x-1,1903,473.9,330.2,111,226.62,294.6,1198.28,141.28,1187.68,0.119,1.3,20.0,dapi,1
BMPR1A_KD,no_BMP,10x-1,1904,472.3,367.1,57,261.77,340.3,1185.88,128.88,1071.44,0.1203,1.3,20.0,dapi,1
BMPR1A_KD,no_BMP,10x-1,1905,471.4,388.9,45,282.83,367.68,1213.16,156.16,1214.89,0.1285,1.3,20.0,dapi,1
BMPR1A_KD,no_BMP,10x-1,1906,473.2,559.5,94,322.05,418.66,1184.03,127.03,1030.72,0.1232,1.3,20.0,dapi,1
BMPR1A_KD,no_BMP,10x-1,1907,474.1,885.8,115,38.36,49.86,1188.22,131.22,1028.75,0.1276,1.3,20.0,dapi,1
BMPR1A_KD,no_BMP,10x-1,1908,474.0,349.3,73,244.23,317.5,1202.21,145.21,1002.1,0.1449,1.3,20.0,dapi,1
BMPR1A_KD,no_BMP,10x-1,1909,473.4,486.4,69,369.94,480.92,1170.09,113.09,1032.78,0.1095,1.3,20.0,dapi,1
BMPR1A_KD,no_BMP,10x-1,1910,475.6,181.5,70,83.1,108.04,1237.53,180.53,974.2,0.1853,1.3,20.0,dapi,1
BMPR1A_KD,no_BMP,10x-1,1911,478.7,837.6,138,75.09,97.61,1188.86,131.86,1014.64,0.13,1.3,20.0,dapi,1
BMPR1A_KD,no_BMP,10x-1,1912,477.6,245.8,104,146.85,190.91,1200.49,143.49,1220.93,0.1175,1.3,20.0,dapi,1
BMPR1A_KD,no_BMP,10x-1,1913,477.6,312.4,136,208.5,271.05,1197.77,140.77,1066.89,0.1319,1.3,20.0,dapi,1
BMPR1A_KD,no_BMP,10x-1,1914,478.3,411.7,130,300.35,390.46,1176.86,119.86,1068.1,0.1122,1.3,20.0,dapi,1
BMPR1A_KD,no_BMP,10x-1,1915,478.7,462.6,132,346.38,450.3,1173.31,116.31,1030.7,0.1128,1.3,20.0,dapi,1
BMPR1A_KD,no_BMP,10x-1,1916,477.0,672.6,84,227.56,295.83,1119.32,62.32,947.24,0.0658,1.3,20.0,dapi,1
BMPR1A_KD,no_BMP,10x-1,1917,478.6,756.1,122,148.83,193.47,1197.34,140.34,1034.6,0.1357,1.3,20.0,dapi,1
BMPR1A_KD,no_BMP,10x-1,1918,475.2,828.5,66,84.93,110.42,1184.95,127.95,1042.27,0.1228,1.3,20.0,dapi,1
BMPR1A_KD,no_BMP,10x-1,1919,477.1,292.5,92,191.68,249.19,1210.49,153.49,1147.75,0.1337,1.3,20.0,dapi,1
BMPR1A_KD,no_BMP,10x-1,1920,477.9,538.5,104,342.91,445.79,1172.7,115.7,1123.03,0.103,1.3,20.0,dapi,1
BMPR1A_KD,no_BMP,10x-1,1921,477.4,802.6,83,106.8,138.84,1168.2,111.2,1116.34,0.0996,1.3,20.0,dapi,1
BMPR1A_KD,no_BMP,10x-1,1922,479.1,526.6,87,353.85,460.01,1207.56,150.56,938.66,0.1604,1.3,20.0,dapi,1
BMPR1A_KD,no_BMP,10x-1,1923,478.4,582.6,68,304.64,396.04,1182.01,125.01,994.54,0.1257,1.3,20.0,dapi,1
BMPR1A_KD,no_BMP,10x-1,1924,478.2,614.0,77,278.64,362.24,1164.6,107.6,943.18,0.1141,1.3,20.0,dapi,1
BMPR1A_KD,no_BMP,10x-1,1925,477.6,790.3,76,117.9,153.27,1194.28,137.28,934.66,0.1469,1.3,20.0,dapi,1
BMPR1A_KD,no_BMP,10x-1,1926,477.7,865.8,59,50.9,66.17,1198.36,141.36,1150.29,0.1229,1.3,20.0,dapi,1
BMPR1A_KD,no_BMP,10x-1,1927,480.0,229.2,80,129.74,168.66,1223.3,166.3,1006.94,0.1652,1.3,20.0,dapi,1
BMPR1A_KD,no_BMP,10x-1,1928,480.1,591.8,66,298.08,387.5,1179.24,122.24,1005.65,0.1216,1.3,20.0,dapi,1
BMPR1A_KD,no_BMP,10x-1,1929,481.8,717.0,120,184.86,240.32,1163.43,106.43,1071.61,0.0993,1.3,20.0,dapi,1
BMPR1A_KD,no_BMP,10x-1,1930,478.2,851.2,57,63.79,82.93,1201.39,144.39,989.6,0.1459,1.3,20.0,dapi,1
BMPR1A_KD,no_BMP,10x-1,1931,480.1,144.3,68,46.3,60.19,1248.43,191.43,1156.79,0.1655,1.3,20.0,dapi,1
BMPR1A_KD,no_BMP,10x-1,1932,480.2,374.0,56,265.74,345.47,1201.95,144.95,1047.5,0.1384,1.3,20.0,dapi,1
BMPR1A_KD,no_BMP,10x-1,1933,480.4,489.4,71,370.16,481.21,1188.73,131.73,999.45,0.1318,1.3,20.0,dapi,1
BMPR1A_KD,no_BMP,10x-1,1934,480.9,498.1,91,373.65,485.74,1173.82,116.82,988.33,0.1182,1.3,20.0,dapi,1
BMPR1A_KD,no_BMP,10x-1,1935,482.2,556.1,107,329.93,428.91,1172.24,115.24,1176.36,0.098,1.3,20.0,dapi,1
BMPR1A_KD,no_BMP,10x-1,1936,477.8,815.3,25,95.92,124.7,1171.12,114.12,1482.88,0.077,1.3,20.0,dapi,1
BMPR1A_KD,no_BMP,10x-1,1937,479.1,874.0,55,43.82,56.96,1193.2,136.2,1020.05,0.1335,1.3,20.0,dapi,1
BMPR1A_KD,no_BMP,10x-1,1938,481.6,116.9,94,20.39,26.51,1247.65,190.65,1162.96,0.1639,1.3,20.0,dapi,1
BMPR1A_KD,no_BMP,10x-1,1939,481.6,238.3,72,138.45,179.98,1197.97,140.97,1146.47,0.123,1.3,20.0,dapi,1
BMPR1A_KD,no_BMP,10x-1,1940,480.4,341.0,74,234.62,305.0,1214.16,157.16,998.92,0.1573,1.3,20.0,dapi,1
BMPR1A_KD,no_BMP,10x-1,1941,481.0,421.7,64,308.06,400.48,1182.88,125.88,1037.47,0.1213,1.3,20.0,dapi,1
BMPR1A_KD,no_BMP,10x-1,1942,482.5,602.0,89,289.9,376.87,1171.45,114.45,1025.66,0.1116,1.3,20.0,dapi,1
BMPR1A_KD,no_BMP,10x-1,1943,484.4,737.9,174,164.3,213.6,1163.09,106.09,903.28,0.1174,1.3,20.0,dapi,1
BMPR1A_KD,no_BMP,10x-1,1944,480.5,770.0,93,135.03,175.54,1196.32,139.32,1128.54,0.1235,1.3,20.0,dapi,1
BMPR1A_KD,no_BMP,10x-1,1945,481.9,918.8,115,6.98,9.07,1130.79,73.79,1082.03,0.0682,1.3,20.0,dapi,1
BMPR1A_KD,no_BMP,10x-1,1946,483.5,102.0,111,6.55,8.51,1216.18,159.18,1095.32,0.1453,1.3,20.0,dapi,1
BMPR1A_KD,no_BMP,10x-1,1947,481.8,155.6,56,57.4,74.61,1253.34,196.34,1104.21,0.1778,1.3,20.0,dapi,1
BMPR1A_KD,no_BMP,10x-1,1948,482.7,398.2,110,285.59,371.27,1184.25,127.25,1069.07,0.119,1.3,20.0,dapi,1
BMPR1A_KD,no_BMP,10x-1,1949,483.5,624.1,99,268.77,349.4,1157.48,100.48,914.01,0.1099,1.3,20.0,dapi,1
BMPR1A_KD,no_BMP,10x-1,1950,483.3,173.8,83,74.87,97.33,1235.75,178.75,1081.41,0.1653,1.3,20.0,dapi,1
BMPR1A_KD,no_BMP,10x-1,1951,482.6,355.8,34,247.72,322.04,1254.12,197.12,1087.5,0.1813,1.3,20.0,dapi,1
BMPR1A_KD,no_BMP,10x-1,1952,484.2,571.2,102,318.01,413.42,1190.5,133.5,927.98,0.1439,1.3,20.0,dapi,1
BMPR1A_KD,no_BMP,10x-1,1953,482.1,899.5,60,22.8,29.64,1168.72,111.72,951.65,0.1174,1.3,20.0,dapi,1
BMPR1A_KD,no_BMP,10x-1,1954,484.0,163.4,58,63.86,83.02,1248.41,191.41,1127.24,0.1698,1.3,20.0,dapi,1
BMPR1A_KD,no_BMP,10x-1,1955,484.3,188.2,62,88.56,115.13,1218.32,161.32,1047.44,0.154,1.3,20.0,dapi,1
BMPR1A_KD,no_BMP,10x-1,1956,484.7,217.5,73,117.25,152.43,1221.86,164.86,1107.0,0.1489,1.3,20.0,dapi,1
BMPR1A_KD,no_BMP,10x-1,1957,484.6,695.0,92,204.19,265.44,1151.55,94.55,862.62,0.1096,1.3,20.0,dapi,1
BMPR1A_KD,no_BMP,10x-1,1958,483.9,201.9,82,102.45,133.19,1230.0,173.0,1185.61,0.1459,1.3,20.0,dapi,1
BMPR1A_KD,no_BMP,10x-1,1959,484.1,323.1,49,216.37,281.29,1206.0,149.0,1205.8,0.1236,1.3,20.0,dapi,1
BMPR1A_KD,no_BMP,10x-1,1960,486.5,123.2,68,24.18,31.43,1266.19,209.19,1120.71,0.1867,1.3,20.0,dapi,1
BMPR1A_KD,no_BMP,10x-1,1961,487.5,133.0,84,33.86,44.02,1252.01,195.01,1269.17,0.1537,1.3,20.0,dapi,1
BMPR1A_KD,no_BMP,10x-1,1962,486.8,264.5,124,161.28,209.66,1208.66,151.66,1104.57,0.1373,1.3,20.0,dapi,1
BMPR1A_KD,no_BMP,10x-1,1963,485.1,286.8,61,182.83,237.68,1198.56,141.56,1144.48,0.1237,1.3,20.0,dapi,1
BMPR1A_KD,no_BMP,10x-1,1964,486.5,360.1,84,250.18,325.23,1295.01,238.01,1151.49,0.2067,1.3,20.0,dapi,1
BMPR1A_KD,no_BMP,10x-1,1965,484.5,381.2,38,269.56,350.43,1233.79,176.79,1421.21,0.1244,1.3,20.0,dapi,1
BMPR1A_KD,no_BMP,10x-1,1966,485.8,445.3,58,327.08,425.2,1176.38,119.38,1599.1,0.0747,1.3,20.0,dapi,1
BMPR1A_KD,no_BMP,10x-1,1967,487.3,481.5,104,361.14,469.48,1173.63,116.63,984.16,0.1185,1.3,20.0,dapi,1
BMPR1A_KD,no_BMP,10x-1,1968,488.5,521.2,100,363.5,472.55,1174.01,117.01,998.17,0.1172,1.3,20.0,dapi,1
BMPR1A_KD,no_BMP,10x-1,1969,488.4,651.8,89,241.5,313.96,1152.51,95.51,947.88,0.1008,1.3,20.0,dapi,1
BMPR1A_KD,no_BMP,10x-1,1970,488.1,855.8,116,55.0,71.5,1182.34,125.34,1089.23,0.1151,1.3,20.0,dapi,1
BMPR1A_KD,no_BMP,10x-1,1971,490.8,436.4,97,316.85,411.9,1185.92,128.92,1107.62,0.1164,1.3,20.0,dapi,1
BMPR1A_KD,no_BMP,10x-1,1972,488.7,534.8,98,350.98,456.28,1187.89,130.89,1189.51,0.11,1.3,20.0,dapi,1
BMPR1A_KD,no_BMP,10x-1,1973,488.8,632.5,93,258.54,336.1,1161.17,104.17,961.41,0.1084,1.3,20.0,dapi,1
BMPR1A_KD,no_BMP,10x-1,1974,488.3,827.5,68,79.63,103.52,1175.99,118.99,946.74,0.1257,1.3,20.0,dapi,1
BMPR1A_KD,no_BMP,10x-1,1975,486.4,874.5,55,39.84,51.79,1192.07,135.07,1038.73,0.13,1.3,20.0,dapi,1
BMPR1A_KD,no_BMP,10x-1,1976,488.4,147.3,85,47.42,61.64,1243.09,186.09,1338.89,0.139,1.3,20.0,dapi,1
BMPR1A_KD,no_BMP,10x-1,1977,492.6,664.0,187,228.51,297.06,1142.79,85.79,893.05,0.0961,1.3,20.0,dapi,1
BMPR1A_KD,no_BMP,10x-1,1978,489.5,726.0,84,173.85,226.0,1169.14,112.14,901.81,0.1244,1.3,20.0,dapi,1
BMPR1A_KD,no_BMP,10x-1,1979,492.4,791.2,172,111.49,144.94,1189.15,132.15,887.34,0.1489,1.3,20.0,dapi,1
BMPR1A_KD,no_BMP,10x-1,1980,488.6,803.7,81,100.57,130.74,1195.41,138.41,977.81,0.1415,1.3,20.0,dapi,1
BMPR1A_KD,no_BMP,10x-1,1981,488.5,890.4,91,25.08,32.6,1182.64,125.64,1038.64,0.121,1.3,20.0,dapi,1
BMPR1A_KD,no_BMP,10x-1,1982,489.7,316.7,76,208.63,271.22,1194.09,137.09,1096.26,0.1251,1.3,20.0,dapi,1
BMPR1A_KD,no_BMP,10x-1,1983,488.8,504.0,63,367.37,477.59,1180.67,123.67,1088.24,0.1136,1.3,20.0,dapi,1
BMPR1A_KD,no_BMP,10x-1,1984,489.4,561.7,67,325.2,422.77,1159.06,102.06,1042.49,0.0979,1.3,20.0,dapi,1
BMPR1A_KD,no_BMP,10x-1,1985,488.8,844.3,63,65.64,85.33,1183.29,126.29,1022.27,0.1235,1.3,20.0,dapi,1
BMPR1A_KD,no_BMP,10x-1,1986,491.2,110.6,97,11.54,15.0,1233.71,176.71,1215.7,0.1454,1.3,20.0,dapi,1
BMPR1A_KD,no_BMP,10x-1,1987,489.8,225.7,70,125.77,163.5,1212.97,155.97,1021.5,0.1527,1.3,20.0,dapi,1
BMPR1A_KD,no_BMP,10x-1,1988,489.7,327.0,57,218.03,283.44,1222.37,165.37,1065.86,0.1552,1.3,20.0,dapi,1
BMPR1A_KD,no_BMP,10x-1,1989,490.1,643.9,73,248.02,322.42,1159.73,102.73,961.99,0.1068,1.3,20.0,dapi,1
BMPR1A_KD,no_BMP,10x-1,1990,490.5,760.3,65,141.22,183.59,1226.74,169.74,1059.25,0.1602,1.3,20.0,dapi,1
BMPR1A_KD,no_BMP,10x-1,1991,491.0,282.8,78,176.72,229.74,1200.08,143.08,1331.77,0.1074,1.3,20.0,dapi,1
BMPR1A_KD,no_BMP,10x-1,1992,492.1,383.5,75,269.05,349.76,1204.24,147.24,1412.41,0.1042,1.3,20.0,dapi,1
BMPR1A_KD,no_BMP,10x-1,1993,493.9,416.8,127,298.18,387.63,1196.41,139.41,1082.02,0.1288,1.3,20.0,dapi,1
BMPR1A_KD,no_BMP,10x-1,1994,492.3,457.8,103,336.92,437.99,1181.58,124.58,942.94,0.1321,1.3,20.0,dapi,1
BMPR1A_KD,no_BMP,10x-1,1995,492.9,470.3,133,347.8,452.15,1190.98,133.98,1068.26,0.1254,1.3,20.0,dapi,1
BMPR1A_KD,no_BMP,10x-1,1996,491.9,614.4,94,275.11,357.64,1151.16,94.16,987.99,0.0953,1.3,20.0,dapi,1
BMPR1A_KD,no_BMP,10x-1,1997,491.4,778.2,64,124.08,161.3,1197.23,140.23,1002.88,0.1398,1.3,20.0,dapi,1
BMPR1A_KD,no_BMP,10x-1,1998,491.0,915.9,94,5.71,7.42,1141.13,84.13,1094.28,0.0769,1.3,20.0,dapi,1
BMPR1A_KD,no_BMP,10x-1,1999,491.8,244.9,73,142.16,184.81,1209.47,152.47,1110.37,0.1373,1.3,20.0,dapi,1
BMPR1A_KD,no_BMP,10x-1,2000,492.5,900.2,82,15.73,20.45,1165.94,108.94,980.61,0.1111,1.3,20.0,dapi,1
BMPR1A_KD,no_BMP,10x-1,2001,495.4,136.2,112,35.7,46.41,1264.23,207.23,1197.9,0.173,1.3,20.0,dapi,1
BMPR1A_KD,no_BMP,10x-1,2002,492.0,194.6,69,94.78,123.21,1226.84,169.84,1112.86,0.1526,1.3,20.0,dapi,1
BMPR1A_KD,no_BMP,10x-1,2003,493.4,208.5,86,107.53,139.79,1229.4,172.4,1044.08,0.1651,1.3,20.0,dapi,1
BMPR1A_KD,no_BMP,10x-1,2004,496.5,306.0,228,196.24,255.11,1213.33,156.33,867.5,0.1802,1.3,20.0,dapi,1
BMPR1A_KD,no_BMP,10x-1,2005,494.7,576.2,109,310.04,403.05,1198.86,141.86,941.39,0.1507,1.3,20.0,dapi,1
BMPR1A_KD,no_BMP,10x-1,2006,495.5,591.7,173,294.52,382.87,1175.33,118.33,944.32,0.1253,1.3,20.0,dapi,1
BMPR1A_KD,no_BMP,10x-1,2007,489.9,813.6,21,91.07,118.39,1187.0,130.0,1555.9,0.0836,1.3,20.0,dapi,1
BMPR1A_KD,no_BMP,10x-1,2008,495.5,401.8,132,284.04,369.26,1236.76,179.76,1060.45,0.1695,1.3,20.0,dapi,1
BMPR1A_KD,no_BMP,10x-1,2009,495.6,711.8,85,184.22,239.48,1160.01,103.01,971.82,0.106,1.3,20.0,dapi,1
BMPR1A_KD,no_BMP,10x-1,2010,493.0,748.0,62,152.05,197.66,1186.37,129.37,1054.98,0.1226,1.3,20.0,dapi,1
BMPR1A_KD,no_BMP,10x-1,2011,496.0,166.0,100,65.51,85.16,1244.14,187.14,1172.74,0.1596,1.3,20.0,dapi,1
BMPR1A_KD,no_BMP,10x-1,2012,495.8,348.1,69,235.3,305.9,1416.52,359.52,992.13,0.3624,1.3,20.0,dapi,1
BMPR1A_KD,no_BMP,10x-1,2013,494.8,360.1,82,246.32,320.22,1402.65,345.65,1023.55,0.3377,1.3,20.0,dapi,1
BMPR1A_KD,no_BMP,10x-1,2014,497.1,506.5,102,360.17,468.23,1169.68,112.68,1256.8,0.0897,1.3,20.0,dapi,1
BMPR1A_KD,no_BMP,10x-1,2015,497.1,682.7,121,209.6,272.48,1119.69,62.69,1039.39,0.0603,1.3,20.0,dapi,1
BMPR1A_KD,no_BMP,10x-1,2016,496.6,770.5,95,129.95,168.93,1197.69,140.69,1008.36,0.1395,1.3,20.0,dapi,1
BMPR1A_KD,no_BMP,10x-1,2017,496.9,179.0,90,78.26,101.74,1250.47,193.47,1101.43,0.1756,1.3,20.0,dapi,1
BMPR1A_KD,no_BMP,10x-1,2018,498.0,370.4,107,253.84,329.99,1360.63,303.63,1170.13,0.2595,1.3,20.0,dapi,1
BMPR1A_KD,no_BMP,10x-1,2019,496.7,479.8,84,353.19,459.14,1175.38,118.38,987.15,0.1199,1.3,20.0,dapi,1
BMPR1A_KD,no_BMP,10x-1,2020,495.4,833.9,48,70.97,92.26,1164.4,107.4,1070.83,0.1003,1.3,20.0,dapi,1
BMPR1A_KD,no_BMP,10x-1,2021,495.5,884.2,84,26.21,34.07,1176.06,119.06,976.17,0.122,1.3,20.0,dapi,1
BMPR1A_KD,no_BMP,10x-1,2022,496.4,120.9,51,20.67,26.87,1248.73,191.73,1112.14,0.1724,1.3,20.0,dapi,1
BMPR1A_KD,no_BMP,10x-1,2023,498.3,228.4,90,124.4,161.73,1216.98,159.98,1132.17,0.1413,1.3,20.0,dapi,1
BMPR1A_KD,no_BMP,10x-1,2024,496.5,276.0,79,168.31,218.81,1195.49,138.49,1012.99,0.1367,1.3,20.0,dapi,1
BMPR1A_KD,no_BMP,10x-1,2025,496.5,843.2,53,62.14,80.78,1172.51,115.51,1080.85,0.1069,1.3,20.0,dapi,1
BMPR1A_KD,no_BMP,10x-1,2026,498.0,858.7,108,48.22,62.68,1193.3,136.3,1090.02,0.125,1.3,20.0,dapi,1
BMPR1A_KD,no_BMP,10x-1,2027,497.9,155.3,58,54.34,70.64,1258.95,201.95,1098.12,0.1839,1.3,20.0,dapi,1
BMPR1A_KD,no_BMP,10x-1,2028,499.3,556.6,121,327.06,425.17,1145.93,88.93,1066.88,0.0834,1.3,20.0,dapi,1
BMPR1A_KD,no_BMP,10x-1,2029,498.9,493.4,91,354.97,461.46,1157.05,100.05,1197.9,0.0835,1.3,20.0,dapi,1
BMPR1A_KD,no_BMP,10x-1,2030,500.0,700.5,72,193.02,250.92,1132.26,75.26,961.65,0.0783,1.3,20.0,dapi,1
BMPR1A_KD,no_BMP,10x-1,2031,500.6,757.0,85,140.62,182.8,1209.09,152.09,1109.24,0.1371,1.3,20.0,dapi,1
BMPR1A_KD,no_BMP,10x-1,2032,499.3,806.4,86,95.0,123.5,1192.66,135.66,984.41,0.1378,1.3,20.0,dapi,1
BMPR1A_KD,no_BMP,10x-1,2033,499.1,819.7,72,81.92,106.5,1164.78,107.78,1001.4,0.1076,1.3,20.0,dapi,1
BMPR1A_KD,no_BMP,10x-1,2034,498.9,907.2,78,5.83,7.58,1147.41,90.41,1123.01,0.0805,1.3,20.0,dapi,1
BMPR1A_KD,no_BMP,10x-1,2035,500.8,103.8,74,3.72,4.84,1201.55,144.55,944.55,0.153,1.3,20.0,dapi,1
BMPR1A_KD,no_BMP,10x-1,2036,501.7,241.4,81,133.99,174.18,1190.06,133.06,1070.6,0.1243,1.3,20.0,dapi,1
BMPR1A_KD,no_BMP,10x-1,2037,499.2,323.2,66,211.37,274.78,1232.82,175.82,1045.79,0.1681,1.3,20.0,dapi,1
BMPR1A_KD,no_BMP,10x-1,2038,500.6,642.7,78,244.8,318.24,1142.29,85.29,939.29,0.0908,1.3,20.0,dapi,1
BMPR1A_KD,no_BMP,10x-1,2039,500.8,142.4,57,41.05,53.37,1278.72,221.72,1081.39,0.205,1.3,20.0,dapi,1
BMPR1A_KD,no_BMP,10x-1,2040,501.4,441.3,80,317.83,413.18,1187.21,130.21,1016.25,0.1281,1.3,20.0,dapi,1
BMPR1A_KD,no_BMP,10x-1,2041,502.5,512.0,83,356.06,462.88,1168.06,111.06,1152.64,0.0964,1.3,20.0,dapi,1
BMPR1A_KD,no_BMP,10x-1,2042,502.0,624.3,81,262.3,340.99,1140.59,83.59,929.02,0.09,1.3,20.0,dapi,1
BMPR1A_KD,no_BMP,10x-1,2043,500.9,736.1,78,160.19,208.24,1177.72,120.72,961.81,0.1255,1.3,20.0,dapi,1
BMPR1A_KD,no_BMP,10x-1,2044,501.0,748.3,62,148.96,193.65,1191.95,134.95,1107.89,0.1218,1.3,20.0,dapi,1
BMPR1A_KD,no_BMP,10x-1,2045,502.6,200.2,96,98.08,127.5,1229.97,172.97,1235.82,0.14,1.3,20.0,dapi,1
BMPR1A_KD,no_BMP,10x-1,2046,505.5,784.8,164,112.99,146.89,1177.78,120.78,973.79,0.124,1.3,20.0,dapi,1
BMPR1A_KD,no_BMP,10x-1,2047,505.2,894.2,139,13.41,17.43,1149.07,92.07,950.92,0.0968,1.3,20.0,dapi,1
BMPR1A_KD,no_BMP,10x-1,2048,502.6,219.4,72,114.11,148.34,1208.5,151.5,1123.0,0.1349,1.3,20.0,dapi,1
BMPR1A_KD,no_BMP,10x-1,2049,505.3,253.9,123,144.55,187.91,1206.79,149.79,1068.2,0.1402,1.3,20.0,dapi,1
BMPR1A_KD,no_BMP,10x-1,2050,503.5,266.3,65,156.39,203.31,1191.0,134.0,996.51,0.1345,1.3,20.0,dapi,1
BMPR1A_KD,no_BMP,10x-1,2051,504.4,432.4,102,308.35,400.86,1174.72,117.72,1025.94,0.1147,1.3,20.0,dapi,1
BMPR1A_KD,no_BMP,10x-1,2052,501.9,534.0,64,347.96,452.35,1165.45,108.45,1112.11,0.0975,1.3,20.0,dapi,1
BMPR1A_KD,no_BMP,10x-1,2053,504.3,608.1,114,276.82,359.87,1144.32,87.32,1094.92,0.0797,1.3,20.0,dapi,1
BMPR1A_KD,no_BMP,10x-1,2054,504.5,632.6,78,253.15,329.09,1146.47,89.47,929.51,0.0963,1.3,20.0,dapi,1
BMPR1A_KD,no_BMP,10x-1,2055,503.9,881.9,79,25.14,32.68,1178.29,121.29,939.77,0.1291,1.3,20.0,dapi,1
BMPR1A_KD,no_BMP,10x-1,2056,504.8,112.0,109,10.79,14.02,1219.14,162.14,1157.77,0.14,1.3,20.0,dapi,1
BMPR1A_KD,no_BMP,10x-1,2057,504.0,288.0,72,176.6,229.58,1196.83,139.83,1035.17,0.1351,1.3,20.0,dapi,1
BMPR1A_KD,no_BMP,10x-1,2058,505.9,453.6,111,328.37,426.88,1160.88,103.88,989.39,0.105,1.3,20.0,dapi,1
BMPR1A_KD,no_BMP,10x-1,2059,506.0,579.4,102,303.98,395.17,1157.66,100.66,1044.08,0.0964,1.3,20.0,dapi,1
BMPR1A_KD,no_BMP,10x-1,2060,503.9,866.4,66,39.02,50.73,1212.12,155.12,1017.12,0.1525,1.3,20.0,dapi,1
BMPR1A_KD,no_BMP,10x-1,2061,506.0,183.8,84,82.64,107.43,1255.4,198.4,1252.08,0.1585,1.3,20.0,dapi,1
BMPR1A_KD,no_BMP,10x-1,2062,505.8,359.2,85,240.44,312.57,1535.35,478.35,954.81,0.501,1.3,20.0,dapi,1
BMPR1A_KD,no_BMP,10x-1,2063,505.0,521.9,86,357.02,464.13,1169.05,112.05,1061.78,0.1055,1.3,20.0,dapi,1
BMPR1A_KD,no_BMP,10x-1,2064,507.2,694.1,108,195.41,254.03,1119.94,62.94,1101.12,0.0572,1.3,20.0,dapi,1
BMPR1A_KD,no_BMP,10x-1,2065,505.7,150.8,57,49.65,64.54,1256.05,199.05,1226.42,0.1623,1.3,20.0,dapi,1
BMPR1A_KD,no_BMP,10x-1,2066,510.4,334.5,133,217.21,282.37,1427.73,370.73,935.91,0.3961,1.3,20.0,dapi,1
BMPR1A_KD,no_BMP,10x-1,2067,507.4,399.7,98,277.47,360.71,1173.98,116.98,1159.06,0.1009,1.3,20.0,dapi,1
BMPR1A_KD,no_BMP,10x-1,2068,507.1,479.2,84,343.46,446.5,1173.61,116.61,1131.02,0.1031,1.3,20.0,dapi,1
BMPR1A_KD,no_BMP,10x-1,2069,507.4,541.6,121,338.8,440.45,1155.81,98.81,1060.21,0.0932,1.3,20.0,dapi,1
BMPR1A_KD,no_BMP,10x-1,2070,506.1,724.1,60,168.91,219.58,1143.02,86.02,1061.95,0.081,1.3,20.0,dapi,1
BMPR1A_KD,no_BMP,10x-1,2071,505.9,823.3,86,76.64,99.64,1152.58,95.58,951.56,0.1004,1.3,20.0,dapi,1
BMPR1A_KD,no_BMP,10x-1,2072,505.9,840.2,103,60.77,79.01,1176.54,119.54,1108.68,0.1078,1.3,20.0,dapi,1
BMPR1A_KD,no_BMP,10x-1,2073,506.6,324.3,83,208.99,271.69,1285.51,228.51,980.02,0.2332,1.3,20.0,dapi,1
BMPR1A_KD,no_BMP,10x-1,2074,508.0,731.9,67,160.91,209.19,1153.79,96.79,1029.42,0.094,1.3,20.0,dapi,1
BMPR1A_KD,no_BMP,10x-1,2075,508.8,770.0,140,125.56,163.23,1173.83,116.83,992.43,0.1177,1.3,20.0,dapi,1
BMPR1A_KD,no_BMP,10x-1,2076,508.5,165.7,79,64.62,84.0,1268.27,211.27,1067.58,0.1979,1.3,20.0,dapi,1
BMPR1A_KD,no_BMP,10x-1,2077,508.4,374.5,73,254.09,330.32,1460.0,403.0,992.41,0.4061,1.3,20.0,dapi,1
BMPR1A_KD,no_BMP,10x-1,2078,509.6,666.3,128,220.11,286.14,1133.56,76.56,1001.43,0.0765,1.3,20.0,dapi,1
BMPR1A_KD,no_BMP,10x-1,2079,508.8,716.0,84,174.68,227.09,1148.3,91.3,1164.35,0.0784,1.3,20.0,dapi,1
BMPR1A_KD,no_BMP,10x-1,2080,510.4,493.6,93,344.54,447.9,1165.67,108.67,1050.63,0.1034,1.3,20.0,dapi,1
BMPR1A_KD,no_BMP,10x-1,2081,510.1,566.0,93,315.08,409.6,1171.14,114.14,923.78,0.1236,1.3,20.0,dapi,1
BMPR1A_KD,no_BMP,10x-1,2082,510.0,648.3,98,237.0,308.11,1147.73,90.73,851.7,0.1065,1.3,20.0,dapi,1
BMPR1A_KD,no_BMP,10x-1,2083,508.2,855.1,62,46.33,60.23,1166.92,109.92,1003.1,0.1096,1.3,20.0,dapi,1
BMPR1A_KD,no_BMP,10x-1,2084,509.7,173.9,49,72.62,94.4,1255.67,198.67,1156.71,0.1718,1.3,20.0,dapi,1
BMPR1A_KD,no_BMP,10x-1,2085,510.0,227.6,80,118.8,154.44,1223.06,166.06,983.14,0.1689,1.3,20.0,dapi,1
BMPR1A_KD,no_BMP,10x-1,2086,509.6,386.7,80,264.31,343.6,1272.86,215.86,967.92,0.223,1.3,20.0,dapi,1
BMPR1A_KD,no_BMP,10x-1,2087,509.7,876.3,62,27.42,35.64,1177.94,120.94,994.31,0.1216,1.3,20.0,dapi,1
BMPR1A_KD,no_BMP,10x-1,2088,510.8,211.8,53,104.09,135.32,1242.28,185.28,1128.77,0.1641,1.3,20.0,dapi,1
BMPR1A_KD,no_BMP,10x-1,2089,513.1,424.4,127,297.74,387.07,1155.09,98.09,1075.61,0.0912,1.3,20.0,dapi,1
BMPR1A_KD,no_BMP,10x-1,2090,512.1,115.0,64,13.63,17.72,1269.69,212.69,1054.33,0.2017,1.3,20.0,dapi,1
BMPR1A_KD,no_BMP,10x-1,2091,512.9,126.4,66,24.67,32.06,1252.2,195.2,986.29,0.1979,1.3,20.0,dapi,1
BMPR1A_KD,no_BMP,10x-1,2092,511.9,156.1,76,54.62,71.01,1262.87,205.87,1089.63,0.1889,1.3,20.0,dapi,1
BMPR1A_KD,no_BMP,10x-1,2093,511.1,195.4,62,89.46,116.3,1252.79,195.79,1143.97,0.1712,1.3,20.0,dapi,1
BMPR1A_KD,no_BMP,10x-1,2094,511.9,276.3,71,162.65,211.45,1211.83,154.83,1118.3,0.1385,1.3,20.0,dapi,1
BMPR1A_KD,no_BMP,10x-1,2095,512.4,285.6,68,172.17,223.82,1208.69,151.69,1072.22,0.1415,1.3,20.0,dapi,1
BMPR1A_KD,no_BMP,10x-1,2096,513.0,594.9,78,286.68,372.68,1131.99,74.99,1297.97,0.0578,1.3,20.0,dapi,1
BMPR1A_KD,no_BMP,10x-1,2097,511.8,744.9,67,147.6,191.88,1152.33,95.33,960.99,0.0992,1.3,20.0,dapi,1
BMPR1A_KD,no_BMP,10x-1,2098,511.6,867.2,47,33.86,44.02,1177.83,120.83,1015.09,0.119,1.3,20.0,dapi,1
BMPR1A_KD,no_BMP,10x-1,2099,511.6,143.2,35,41.62,54.11,1264.11,207.11,1336.6,0.155,1.3,20.0,dapi,1
BMPR1A_KD,no_BMP,10x-1,2100,512.9,345.8,72,225.68,293.39,1534.0,477.0,1314.49,0.3629,1.3,20.0,dapi,1
BMPR1A_KD,no_BMP,10x-1,2101,515.6,475.1,147,333.63,433.72,1149.53,92.53,1067.92,0.0866,1.3,20.0,dapi,1
BMPR1A_KD,no_BMP,10x-1,2102,514.5,508.3,111,344.38,447.69,1165.51,108.51,1065.06,0.1019,1.3,20.0,dapi,1
BMPR1A_KD,no_BMP,10x-1,2103,514.2,797.7,109,97.83,127.18,1163.86,106.86,1075.4,0.0994,1.3,20.0,dapi,1
BMPR1A_KD,no_BMP,10x-1,2104,514.0,816.3,107,81.16,105.5,1141.93,84.93,1111.89,0.0764,1.3,20.0,dapi,1
BMPR1A_KD,no_BMP,10x-1,2105,516.4,248.9,104,135.84,176.59,1206.77,149.77,1163.15,0.1288,1.3,20.0,dapi,1
BMPR1A_KD,no_BMP,10x-1,2106,515.0,306.1,105,189.4,246.22,1197.1,140.1,1074.6,0.1304,1.3,20.0,dapi,1
BMPR1A_KD,no_BMP,10x-1,2107,513.7,413.1,80,287.06,373.18,1159.24,102.24,925.19,0.1105,1.3,20.0,dapi,1
BMPR1A_KD,no_BMP,10x-1,2108,513.7,846.9,81,51.35,66.75,1168.05,111.05,1158.59,0.0958,1.3,20.0,dapi,1
BMPR1A_KD,no_BMP,10x-1,2109,515.3,362.0,84,239.37,311.18,1549.94,492.94,912.83,0.54,1.3,20.0,dapi,1
BMPR1A_KD,no_BMP,10x-1,2110,515.3,619.3,64,263.06,341.97,1112.69,55.69,991.52,0.0562,1.3,20.0,dapi,1
BMPR1A_KD,no_BMP,10x-1,2111,514.2,630.6,53,251.87,327.43,1147.02,90.02,1099.66,0.0819,1.3,20.0,dapi,1
BMPR1A_KD,no_BMP,10x-1,2112,516.2,183.2,69,76.7,99.71,1239.74,182.74,1296.8,0.1409,1.3,20.0,dapi,1
BMPR1A_KD,no_BMP,10x-1,2113,517.4,240.0,87,127.06,165.18,1218.84,161.84,1225.93,0.132,1.3,20.0,dapi,1
BMPR1A_KD,no_BMP,10x-1,2114,517.2,322.5,97,203.33,264.33,1270.53,213.53,1126.19,0.1896,1.3,20.0,dapi,1
BMPR1A_KD,no_BMP,10x-1,2115,518.3,550.1,175,327.9,426.27,1151.11,94.11,919.85,0.1023,1.3,20.0,dapi,1
BMPR1A_KD,no_BMP,10x-1,2116,517.8,752.9,87,137.69,179.0,1164.32,107.32,1037.2,0.1035,1.3,20.0,dapi,1
BMPR1A_KD,no_BMP,10x-1,2117,517.5,171.1,57,66.45,86.39,1247.28,190.28,1200.21,0.1585,1.3,20.0,dapi,1
BMPR1A_KD,no_BMP,10x-1,2118,518.2,205.8,58,95.53,124.18,1241.05,184.05,1147.26,0.1604,1.3,20.0,dapi,1
BMPR1A_KD,no_BMP,10x-1,2119,517.6,231.1,52,118.32,153.81,1222.52,165.52,1248.19,0.1326,1.3,20.0,dapi,1
BMPR1A_KD,no_BMP,10x-1,2120,518.8,270.5,104,155.78,202.51,1191.64,134.64,1210.17,0.1113,1.3,20.0,dapi,1
BMPR1A_KD,no_BMP,10x-1,2121,519.9,292.3,72,174.81,227.25,1209.82,152.82,970.08,0.1575,1.3,20.0,dapi,1
BMPR1A_KD,no_BMP,10x-1,2122,518.1,381.8,88,256.66,333.66,1368.25,311.25,961.68,0.3237,1.3,20.0,dapi,1
BMPR1A_KD,no_BMP,10x-1,2123,518.6,436.5,86,308.14,400.58,1157.13,100.13,1096.12,0.0913,1.3,20.0,dapi,1
BMPR1A_KD,no_BMP,10x-1,2124,519.6,711.1,112,174.62,227.0,1144.99,87.99,1215.4,0.0724,1.3,20.0,dapi,1
BMPR1A_KD,no_BMP,10x-1,2125,518.5,774.8,67,117.75,153.08,1213.69,156.69,1052.09,0.1489,1.3,20.0,dapi,1
BMPR1A_KD,no_BMP,10x-1,2126,518.1,832.6,79,63.69,82.8,1164.65,107.65,1215.71,0.0885,1.3,20.0,dapi,1
BMPR1A_KD,no_BMP,10x-1,2127,519.0,902.6,106,2.73,3.54,1112.21,55.21,834.45,0.0662,1.3,20.0,dapi,1
BMPR1A_KD,no_BMP,10x-1,2128,521.7,531.9,109,343.86,447.02,1158.54,101.54,1053.3,0.0964,1.3,20.0,dapi,1
BMPR1A_KD,no_BMP,10x-1,2129,519.6,573.4,74,305.32,396.92,1159.59,102.59,941.93,0.1089,1.3,20.0,dapi,1
BMPR1A_KD,no_BMP,10x-1,2130,521.4,608.5,153,270.84,352.09,1122.78,65.78,994.21,0.0662,1.3,20.0,dapi,1
BMPR1A_KD,no_BMP,10x-1,2131,518.9,720.2,61,166.77,216.8,1180.67,123.67,967.44,0.1278,1.3,20.0,dapi,1
BMPR1A_KD,no_BMP,10x-1,2132,518.7,884.9,90,14.85,19.3,1156.23,99.23,977.86,0.1015,1.3,20.0,dapi,1
BMPR1A_KD,no_BMP,10x-1,2133,521.9,103.9,90,5.64,7.33,1193.64,136.64,1189.37,0.1149,1.3,20.0,dapi,1
BMPR1A_KD,no_BMP,10x-1,2134,520.6,223.1,89,109.78,142.71,1230.44,173.44,1333.67,0.13,1.3,20.0,dapi,1
BMPR1A_KD,no_BMP,10x-1,2135,522.5,392.3,110,264.59,343.97,1203.67,146.67,1047.58,0.14,1.3,20.0,dapi,1
BMPR1A_KD,no_BMP,10x-1,2136,521.5,466.5,88,326.2,424.06,1161.07,104.07,994.15,0.1047,1.3,20.0,dapi,1
BMPR1A_KD,no_BMP,10x-1,2137,521.1,787.5,96,105.43,137.06,1175.73,118.73,1015.86,0.1169,1.3,20.0,dapi,1
BMPR1A_KD,no_BMP,10x-1,2138,521.1,852.6,69,43.56,56.62,1183.88,126.88,1110.16,0.1143,1.3,20.0,dapi,1
BMPR1A_KD,no_BMP,10x-1,2139,521.2,115.8,80,16.24,21.11,1241.69,184.69,1349.34,0.1369,1.3,20.0,dapi,1
BMPR1A_KD,no_BMP,10x-1,2140,520.8,195.4,64,84.38,109.69,1254.44,197.44,1179.8,0.1673,1.3,20.0,dapi,1
BMPR1A_KD,no_BMP,10x-1,2141,521.8,451.9,140,320.54,416.7,1198.29,141.29,981.24,0.144,1.3,20.0,dapi,1
BMPR1A_KD,no_BMP,10x-1,2142,524.2,675.8,112,205.97,267.77,1117.56,60.56,1030.12,0.0588,1.3,20.0,dapi,1
BMPR1A_KD,no_BMP,10x-1,2143,521.8,697.5,95,185.93,241.71,1119.74,62.74,1060.26,0.0592,1.3,20.0,dapi,1
BMPR1A_KD,no_BMP,10x-1,2144,522.5,867.8,112,28.89,37.55,1173.73,116.73,1040.54,0.1122,1.3,20.0,dapi,1
BMPR1A_KD,no_BMP,10x-1,2145,522.7,129.4,73,29.26,38.04,1245.56,188.56,1282.6,0.147,1.3,20.0,dapi,1
BMPR1A_KD,no_BMP,10x-1,2146,521.4,141.0,59,40.52,52.67,1281.9,224.9,1093.25,0.2057,1.3,20.0,dapi,1
BMPR1A_KD,no_BMP,10x-1,2147,520.2,486.8,33,333.14,433.08,1148.45,91.45,1443.55,0.0634,1.3,20.0,dapi,1
BMPR1A_KD,no_BMP,10x-1,2148,523.2,666.5,83,215.79,280.53,1140.3,83.3,992.7,0.0839,1.3,20.0,dapi,1
BMPR1A_KD,no_BMP,10x-1,2149,524.9,685.7,106,196.18,255.04,1142.08,85.08,1143.62,0.0744,1.3,20.0,dapi,1
BMPR1A_KD,no_BMP,10x-1,2150,521.1,153.9,26,51.08,66.41,1247.58,190.58,1629.0,0.117,1.3,20.0,dapi,1
BMPR1A_KD,no_BMP,10x-1,2151,524.5,281.5,119,163.66,212.76,1221.23,164.23,1138.31,0.1443,1.3,20.0,dapi,1
BMPR1A_KD,no_BMP,10x-1,2152,523.7,348.5,111,223.86,291.01,1521.76,464.76,1015.47,0.4577,1.3,20.0,dapi,1
BMPR1A_KD,no_BMP,10x-1,2153,524.0,402.4,79,273.35,355.35,1180.34,123.34,1002.44,0.123,1.3,20.0,dapi,1
BMPR1A_KD,no_BMP,10x-1,2154,523.5,495.5,103,332.2,431.86,1171.45,114.45,866.69,0.1321,1.3,20.0,dapi,1
BMPR1A_KD,no_BMP,10x-1,2155,524.1,519.8,99,338.25,439.73,1153.28,96.28,884.52,0.1089,1.3,20.0,dapi,1
BMPR1A_KD,no_BMP,10x-1,2156,524.0,581.9,74,295.54,384.2,1155.61,98.61,978.88,0.1007,1.3,20.0,dapi,1
BMPR1A_KD,no_BMP,10x-1,2157,522.1,645.6,35,235.18,305.74,1139.97,82.97,1262.46,0.0657,1.3,20.0,dapi,1
BMPR1A_KD,no_BMP,10x-1,2158,526.7,764.1,135,123.73,160.85,1165.16,108.16,1009.13,0.1072,1.3,20.0,dapi,1
BMPR1A_KD,no_BMP,10x-1,2159,522.8,809.7,70,83.23,108.2,1205.61,148.61,957.06,0.1553,1.3,20.0,dapi,1
BMPR1A_KD,no_BMP,10x-1,2160,522.1,841.8,52,53.99,70.19,1182.0,125.0,1109.04,0.1127,1.3,20.0,dapi,1
BMPR1A_KD,no_BMP,10x-1,2161,523.8,303.6,84,183.26,238.24,1190.77,133.77,1101.05,0.1215,1.3,20.0,dapi,1
BMPR1A_KD,no_BMP,10x-1,2162,524.8,425.0,79,294.88,383.35,1155.32,98.32,976.06,0.1007,1.3,20.0,dapi,1
BMPR1A_KD,no_BMP,10x-1,2163,524.4,184.3,86,73.3,95.29,1272.52,215.52,1237.52,0.1742,1.3,20.0,dapi,1
BMPR1A_KD,no_BMP,10x-1,2164,524.7,366.2,95,239.21,310.97,1564.38,507.38,969.34,0.5234,1.3,20.0,dapi,1
BMPR1A_KD,no_BMP,10x-1,2165,526.9,652.2,122,228.02,296.42,1150.3,93.3,986.24,0.0946,1.3,20.0,dapi,1
BMPR1A_KD,no_BMP,10x-1,2166,525.5,828.1,82,65.57,85.24,1143.68,86.68,1183.55,0.0732,1.3,20.0,dapi,1
BMPR1A_KD,no_BMP,10x-1,2167,525.5,163.3,66,54.62,71.0,1271.56,214.56,1133.12,0.1894,1.3,20.0,dapi,1
BMPR1A_KD,no_BMP,10x-1,2168,525.7,212.1,57,97.7,127.01,1231.23,174.23,1113.63,0.1565,1.3,20.0,dapi,1
BMPR1A_KD,no_BMP,10x-1,2169,526.7,509.2,78,332.23,431.89,1151.08,94.08,957.12,0.0983,1.3,20.0,dapi,1
BMPR1A_KD,no_BMP,10x-1,2170,526.8,889.7,106,6.55,8.51,1137.84,80.84,1031.87,0.0783,1.3,20.0,dapi,1
BMPR1A_KD,no_BMP,10x-1,2171,527.8,748.6,138,136.68,177.69,1150.29,93.29,1036.43,0.09,1.3,20.0,dapi,1
BMPR1A_KD,no_BMP,10x-1,2172,527.8,202.8,72,88.62,115.2,1216.78,159.78,1354.42,0.118,1.3,20.0,dapi,1
BMPR1A_KD,no_BMP,10x-1,2173,528.6,268.3,67,149.67,194.57,1198.36,141.36,1165.46,0.1213,1.3,20.0,dapi,1
BMPR1A_KD,no_BMP,10x-1,2174,529.0,541.6,94,332.66,432.46,1159.64,102.64,1061.95,0.0967,1.3,20.0,dapi,1
BMPR1A_KD,no_BMP,10x-1,2175,527.9,590.9,64,285.76,371.49,1136.91,79.91,1014.75,0.0787,1.3,20.0,dapi,1
BMPR1A_KD,no_BMP,10x-1,2176,529.0,629.1,112,249.32,324.12,1136.43,79.43,982.36,0.0809,1.3,20.0,dapi,1
BMPR1A_KD,no_BMP,10x-1,2177,530.0,117.0,84,18.62,24.2,1253.33,196.33,1275.44,0.1539,1.3,20.0,dapi,1
BMPR1A_KD,no_BMP,10x-1,2178,528.4,136.2,71,34.02,44.23,1275.1,218.1,1154.66,0.1889,1.3,20.0,dapi,1
BMPR1A_KD,no_BMP,10x-1,2179,530.1,239.1,97,121.98,158.57,1226.98,169.98,1243.06,0.1367,1.3,20.0,dapi,1
BMPR1A_KD,no_BMP,10x-1,2180,531.0,416.1,94,284.51,369.87,1165.61,108.61,960.16,0.1131,1.3,20.0,dapi,1
BMPR1A_KD,no_BMP,10x-1,2181,529.1,782.6,63,106.21,138.07,1170.16,113.16,1058.92,0.1069,1.3,20.0,dapi,1
BMPR1A_KD,no_BMP,10x-1,2182,529.4,150.3,73,42.67,55.47,1265.75,208.75,1252.38,0.1667,1.3,20.0,dapi,1
BMPR1A_KD,no_BMP,10x-1,2183,531.1,379.8,79,250.27,325.35,1408.71,351.71,979.05,0.3592,1.3,20.0,dapi,1
BMPR1A_KD,no_BMP,10x-1,2184,530.0,407.5,68,277.16,360.31,1177.99,120.99,1043.69,0.1159,1.3,20.0,dapi,1
BMPR1A_KD,no_BMP,10x-1,2185,531.4,222.1,77,105.42,137.05,1219.53,162.53,1188.34,0.1368,1.3,20.0,dapi,1
BMPR1A_KD,no_BMP,10x-1,2186,531.5,323.8,68,198.14,257.59,1270.78,213.78,997.03,0.2144,1.3,20.0,dapi,1
BMPR1A_KD,no_BMP,10x-1,2187,531.3,339.5,76,212.85,276.7,1541.72,484.72,916.34,0.529,1.3,20.0,dapi,1
BMPR1A_KD,no_BMP,10x-1,2188,533.6,712.3,126,168.67,219.27,1148.28,91.28,1039.47,0.0878,1.3,20.0,dapi,1
BMPR1A_KD,no_BMP,10x-1,2189,529.6,799.1,62,91.22,118.59,1150.82,93.82,1022.94,0.0917,1.3,20.0,dapi,1
BMPR1A_KD,no_BMP,10x-1,2190,530.6,845.3,94,48.12,62.56,1182.45,125.45,1150.45,0.109,1.3,20.0,dapi,1
BMPR1A_KD,no_BMP,10x-1,2191,533.9,260.1,105,140.23,182.3,1205.36,148.36,1190.63,0.1246,1.3,20.0,dapi,1
BMPR1A_KD,no_BMP,10x-1,2192,532.3,311.2,74,185.91,241.68,1196.3,139.3,962.85,0.1447,1.3,20.0,dapi,1
BMPR1A_KD,no_BMP,10x-1,2193,532.0,442.1,102,308.1,400.53,1158.21,101.21,1050.34,0.0964,1.3,20.0,dapi,1
BMPR1A_KD,no_BMP,10x-1,2194,532.8,557.2,106,317.14,412.28,1147.72,90.72,1064.99,0.0852,1.3,20.0,dapi,1
BMPR1A_KD,no_BMP,10x-1,2195,533.3,174.9,76,61.09,79.42,1279.91,222.91,1370.51,0.1626,1.3,20.0,dapi,1
BMPR1A_KD,no_BMP,10x-1,2196,534.3,478.4,85,317.41,412.63,1148.52,91.52,900.72,0.1016,1.3,20.0,dapi,1
BMPR1A_KD,no_BMP,10x-1,2197,535.1,606.3,140,269.38,350.19,1122.69,65.69,1019.28,0.0644,1.3,20.0,dapi,1
BMPR1A_KD,no_BMP,10x-1,2198,533.1,723.0,69,158.66,206.25,1164.51,107.51,1048.36,0.1025,1.3,20.0,dapi,1
BMPR1A_KD,no_BMP,10x-1,2199,533.0,164.8,75,52.36,68.06,1273.71,216.71,1134.47,0.191,1.3,20.0,dapi,1
BMPR1A_KD,no_BMP,10x-1,2200,534.6,300.1,78,174.69,227.1,1180.09,123.09,1061.83,0.1159,1.3,20.0,dapi,1
BMPR1A_KD,no_BMP,10x-1,2201,534.8,580.0,96,294.39,382.71,1139.17,82.17,942.03,0.0872,1.3,20.0,dapi,1
BMPR1A_KD,no_BMP,10x-1,2202,534.3,656.0,79,222.21,288.88,1142.52,85.52,1055.1,0.0811,1.3,20.0,dapi,1
BMPR1A_KD,no_BMP,10x-1,2203,534.0,739.0,63,143.39,186.41,1161.25,104.25,1099.35,0.0948,1.3,20.0,dapi,1
BMPR1A_KD,no_BMP,10x-1,2204,533.7,774.9,61,110.74,143.96,1204.49,147.49,1050.89,0.1404,1.3,20.0,dapi,1
BMPR1A_KD,no_BMP,10x-1,2205,534.0,812.5,72,77.62,100.91,1166.72,109.72,969.46,0.1132,1.3,20.0,dapi,1
BMPR1A_KD,no_BMP,10x-1,2206,533.0,868.3,70,25.85,33.6,1175.34,118.34,1082.7,0.1093,1.3,20.0,dapi,1
BMPR1A_KD,no_BMP,10x-1,2207,535.5,878.4,90,15.49,20.13,1188.64,131.64,1067.67,0.1233,1.3,20.0,dapi,1
BMPR1A_KD,no_BMP,10x-1,2208,535.9,104.4,96,6.2,8.06,1227.62,170.62,1182.98,0.1442,1.3,20.0,dapi,1
BMPR1A_KD,no_BMP,10x-1,2209,535.5,129.6,93,24.84,32.29,1252.56,195.56,1217.94,0.1606,1.3,20.0,dapi,1
BMPR1A_KD,no_BMP,10x-1,2210,536.0,183.6,93,68.0,88.4,1266.73,209.73,1270.77,0.165,1.3,20.0,dapi,1
BMPR1A_KD,no_BMP,10x-1,2211,534.8,193.8,52,77.66,100.96,1224.0,167.0,1135.46,0.1471,1.3,20.0,dapi,1
BMPR1A_KD,no_BMP,10x-1,2212,534.9,248.8,55,130.4,169.52,1202.96,145.96,1156.87,0.1262,1.3,20.0,dapi,1
BMPR1A_KD,no_BMP,10x-1,2213,537.0,351.4,104,220.93,287.21,1540.85,483.85,906.11,0.534,1.3,20.0,dapi,1
BMPR1A_KD,no_BMP,10x-1,2214,536.2,390.7,103,259.15,336.89,1193.88,136.88,1130.49,0.1211,1.3,20.0,dapi,1
BMPR1A_KD,no_BMP,10x-1,2215,536.0,423.4,95,289.84,376.79,1168.94,111.94,937.75,0.1194,1.3,20.0,dapi,1
BMPR1A_KD,no_BMP,10x-1,2216,535.8,467.1,102,312.1,405.73,1159.57,102.57,1127.07,0.091,1.3,20.0,dapi,1
BMPR1A_KD,no_BMP,10x-1,2217,536.1,567.4,86,306.71,398.72,1144.28,87.28,1070.55,0.0815,1.3,20.0,dapi,1
BMPR1A_KD,no_BMP,10x-1,2218,535.6,593.7,74,280.63,364.82,1142.41,85.41,977.34,0.0874,1.3,20.0,dapi,1
BMPR1A_KD,no_BMP,10x-1,2219,533.7,489.6,32,320.3,416.38,1145.0,88.0,1350.97,0.0651,1.3,20.0,dapi,1
BMPR1A_KD,no_BMP,10x-1,2220,536.6,546.8,97,325.89,423.65,1155.1,98.1,954.29,0.1028,1.3,20.0,dapi,1
BMPR1A_KD,no_BMP,10x-1,2221,536.2,671.5,86,207.3,269.49,1131.31,74.31,1033.02,0.0719,1.3,20.0,dapi,1
BMPR1A_KD,no_BMP,10x-1,2222,538.7,691.8,135,186.26,242.14,1133.33,76.33,1027.7,0.0743,1.3,20.0,dapi,1
BMPR1A_KD,no_BMP,10x-1,2223,534.3,829.9,44,60.58,78.75,1192.66,135.66,1175.84,0.1154,1.3,20.0,dapi,1
BMPR1A_KD,no_BMP,10x-1,2224,536.8,851.8,83,39.18,50.93,1183.55,126.55,1026.06,0.1233,1.3,20.0,dapi,1
BMPR1A_KD,no_BMP,10x-1,2225,537.2,362.8,76,232.24,301.91,1553.38,496.38,1238.75,0.4007,1.3,20.0,dapi,1
BMPR1A_KD,no_BMP,10x-1,2226,537.7,730.3,63,150.36,195.47,1159.73,102.73,1026.83,0.1,1.3,20.0,dapi,1
BMPR1A_KD,no_BMP,10x-1,2227,538.3,888.1,101,5.64,7.33,1129.71,72.71,1100.34,0.0661,1.3,20.0,dapi,1
BMPR1A_KD,no_BMP,10x-1,2228,538.4,330.5,79,200.95,261.24,1330.03,273.03,931.34,0.2932,1.3,20.0,dapi,1
BMPR1A_KD,no_BMP,10x-1,2229,539.8,498.9,110,316.9,411.96,1172.56,115.56,934.61,0.1236,1.3,20.0,dapi,1
BMPR1A_KD,no_BMP,10x-1,2230,538.7,796.0,102,89.92,116.9,1138.67,81.67,1139.69,0.0717,1.3,20.0,dapi,1
BMPR1A_KD,no_BMP,10x-1,2231,540.6,276.8,89,151.45,196.88,1201.29,144.29,1231.6,0.1172,1.3,20.0,dapi,1
BMPR1A_KD,no_BMP,10x-1,2232,540.4,521.0,109,323.3,420.29,1147.23,90.23,934.42,0.0966,1.3,20.0,dapi,1
BMPR1A_KD,no_BMP,10x-1,2233,542.1,637.2,181,237.68,308.98,1150.88,93.88,898.71,0.1045,1.3,20.0,dapi,1
BMPR1A_KD,no_BMP,10x-1,2234,541.8,742.8,110,136.78,177.81,1142.54,85.54,1165.05,0.0734,1.3,20.0,dapi,1
BMPR1A_KD,no_BMP,10x-1,2235,542.0,863.8,152,26.21,34.07,1184.05,127.05,1180.38,0.1076,1.3,20.0,dapi,1
BMPR1A_KD,no_BMP,10x-1,2236,539.6,145.3,58,31.82,41.36,1252.16,195.16,1171.07,0.1666,1.3,20.0,dapi,1
BMPR1A_KD,no_BMP,10x-1,2237,539.4,203.1,46,84.9,110.37,1222.83,165.83,1193.74,0.1389,1.3,20.0,dapi,1
BMPR1A_KD,no_BMP,10x-1,2238,541.7,228.1,64,108.38,140.89,1197.72,140.72,1037.02,0.1357,1.3,20.0,dapi,1
BMPR1A_KD,no_BMP,10x-1,2239,539.3,237.1,53,117.81,153.15,1208.94,151.94,1231.68,0.1234,1.3,20.0,dapi,1
BMPR1A_KD,no_BMP,10x-1,2240,539.9,287.0,68,160.82,209.07,1174.49,117.49,988.43,0.1189,1.3,20.0,dapi,1
BMPR1A_KD,no_BMP,10x-1,2241,541.1,619.7,111,254.26,330.53,1124.01,67.01,1095.05,0.0612,1.3,20.0,dapi,1
BMPR1A_KD,no_BMP,10x-1,2242,540.3,823.4,81,65.39,85.01,1174.17,117.17,1186.8,0.0987,1.3,20.0,dapi,1
BMPR1A_KD,no_BMP,10x-1,2243,541.8,112.8,97,8.82,11.47,1210.77,153.77,1187.37,0.1295,1.3,20.0,dapi,1
BMPR1A_KD,no_BMP,10x-1,2244,540.7,155.7,66,40.56,52.73,1251.83,194.83,1246.35,0.1563,1.3,20.0,dapi,1
BMPR1A_KD,no_BMP,10x-1,2245,541.8,217.4,77,97.65,126.94,1198.12,141.12,1393.97,0.1012,1.3,20.0,dapi,1
BMPR1A_KD,no_BMP,10x-1,2246,541.1,447.8,112,301.21,391.57,1148.23,91.23,1067.02,0.0855,1.3,20.0,dapi,1
BMPR1A_KD,no_BMP,10x-1,2247,541.9,165.9,57,49.09,63.82,1250.09,193.09,1122.44,0.172,1.3,20.0,dapi,1
BMPR1A_KD,no_BMP,10x-1,2248,543.9,254.9,80,130.74,169.96,1190.86,133.86,1247.76,0.1073,1.3,20.0,dapi,1
BMPR1A_KD,no_BMP,10x-1,2249,544.6,131.5,81,17.86,23.21,1250.67,193.67,1179.57,0.1642,1.3,20.0,dapi,1
BMPR1A_KD,no_BMP,10x-1,2250,544.0,305.1,62,175.54,228.2,1177.03,120.03,1031.73,0.1163,1.3,20.0,dapi,1
BMPR1A_KD,no_BMP,10x-1,2251,546.4,317.5,122,185.93,241.71,1189.97,132.97,1123.66,0.1183,1.3,20.0,dapi,1
BMPR1A_KD,no_BMP,10x-1,2252,546.2,373.2,116,239.02,310.72,1311.63,254.63,1100.21,0.2314,1.3,20.0,dapi,1
BMPR1A_KD,no_BMP,10x-1,2253,545.6,666.5,107,207.87,270.24,1136.51,79.51,1170.32,0.0679,1.3,20.0,dapi,1
BMPR1A_KD,no_BMP,10x-1,2254,545.0,701.7,109,175.03,227.54,1137.66,80.66,1163.91,0.0693,1.3,20.0,dapi,1
BMPR1A_KD,no_BMP,10x-1,2255,545.0,719.7,86,157.7,205.01,1143.62,86.62,1047.5,0.0827,1.3,20.0,dapi,1
BMPR1A_KD,no_BMP,10x-1,2256,546.9,758.4,139,120.97,157.26,1145.47,88.47,1018.42,0.0869,1.3,20.0,dapi,1
BMPR1A_KD,no_BMP,10x-1,2257,543.6,815.7,31,70.32,91.41,1180.9,123.9,955.55,0.1297,1.3,20.0,dapi,1
BMPR1A_KD,no_BMP,10x-1,2258,543.8,837.5,60,49.87,64.83,1161.47,104.47,1501.25,0.0696,1.3,20.0,dapi,1
BMPR1A_KD,no_BMP,10x-1,2259,547.9,542.9,154,320.75,416.97,1137.28,80.28,962.7,0.0834,1.3,20.0,dapi,1
BMPR1A_KD,no_BMP,10x-1,2260,545.5,597.6,95,274.45,356.78,1138.23,81.23,1121.06,0.0725,1.3,20.0,dapi,1
BMPR1A_KD,no_BMP,10x-1,2261,546.2,778.7,65,101.89,132.46,1175.95,118.95,984.89,0.1208,1.3,20.0,dapi,1
BMPR1A_KD,no_BMP,10x-1,2262,545.0,807.2,59,77.4,100.62,1173.07,116.07,1006.37,0.1153,1.3,20.0,dapi,1
BMPR1A_KD,no_BMP,10x-1,2263,546.1,185.5,51,66.62,86.61,1250.98,193.98,1201.92,0.1614,1.3,20.0,dapi,1
BMPR1A_KD,no_BMP,10x-1,2264,546.1,194.7,78,75.32,97.92,1260.54,203.54,1348.28,0.151,1.3,20.0,dapi,1
BMPR1A_KD,no_BMP,10x-1,2265,546.5,239.8,100,116.38,151.29,1213.79,156.79,1195.4,0.1312,1.3,20.0,dapi,1
BMPR1A_KD,no_BMP,10x-1,2266,546.7,430.1,92,290.47,377.61,1169.11,112.11,1261.37,0.0889,1.3,20.0,dapi,1
BMPR1A_KD,no_BMP,10x-1,2267,545.3,477.7,90,306.71,398.72,1168.0,111.0,975.34,0.1138,1.3,20.0,dapi,1
BMPR1A_KD,no_BMP,10x-1,2268,548.1,511.9,107,312.96,406.85,1146.06,89.06,1103.71,0.0807,1.3,20.0,dapi,1
BMPR1A_KD,no_BMP,10x-1,2269,545.4,790.1,57,92.4,120.12,1149.75,92.75,1064.96,0.0871,1.3,20.0,dapi,1
BMPR1A_KD,no_BMP,10x-1,2270,548.1,147.2,88,29.34,38.14,1265.27,208.27,1289.07,0.1616,1.3,20.0,dapi,1
BMPR1A_KD,no_BMP,10x-1,2271,549.9,337.1,124,203.45,264.48,1265.06,208.06,1071.57,0.1942,1.3,20.0,dapi,1
BMPR1A_KD,no_BMP,10x-1,2272,547.2,418.9,72,283.18,368.13,1168.67,111.67,1020.28,0.1094,1.3,20.0,dapi,1
BMPR1A_KD,no_BMP,10x-1,2273,549.9,767.1,106,111.49,144.94,1164.51,107.51,1128.5,0.0953,1.3,20.0,dapi,1
BMPR1A_KD,no_BMP,10x-1,2274,548.0,882.7,100,6.55,8.51,1127.61,70.61,1110.48,0.0636,1.3,20.0,dapi,1
BMPR1A_KD,no_BMP,10x-1,2275,548.6,118.8,108,7.09,9.21,1224.05,167.05,1163.83,0.1435,1.3,20.0,dapi,1
BMPR1A_KD,no_BMP,10x-1,2276,554.2,381.2,141,244.62,318.0,1176.16,119.16,1053.92,0.1131,1.3,20.0,dapi,1
BMPR1A_KD,no_BMP,10x-1,2277,549.6,206.8,57,86.22,112.09,1216.02,159.02,1210.91,0.1313,1.3,20.0,dapi,1
BMPR1A_KD,no_BMP,10x-1,2278,551.0,280.1,93,149.81,194.76,1195.61,138.61,1275.61,0.1087,1.3,20.0,dapi,1
BMPR1A_KD,no_BMP,10x-1,2279,551.8,439.8,121,288.34,374.84,1167.88,110.88,1003.49,0.1105,1.3,20.0,dapi,1
BMPR1A_KD,no_BMP,10x-1,2280,549.8,455.9,83,295.19,383.75,1155.23,98.23,920.29,0.1067,1.3,20.0,dapi,1
BMPR1A_KD,no_BMP,10x-1,2281,551.7,563.7,94,304.31,395.6,1143.3,86.3,1098.53,0.0786,1.3,20.0,dapi,1
BMPR1A_KD,no_BMP,10x-1,2282,549.4,575.8,69,294.93,383.41,1139.74,82.74,982.65,0.0842,1.3,20.0,dapi,1
BMPR1A_KD,no_BMP,10x-1,2283,552.0,672.1,87,201.28,261.67,1129.77,72.77,1147.26,0.0634,1.3,20.0,dapi,1
BMPR1A_KD,no_BMP,10x-1,2284,551.2,858.2,107,28.76,37.39,1179.59,122.59,1119.97,0.1095,1.3,20.0,dapi,1
BMPR1A_KD,no_BMP,10x-1,2285,550.3,157.0,41,37.76,49.08,1259.98,202.98,1233.0,0.1646,1.3,20.0,dapi,1
BMPR1A_KD,no_BMP,10x-1,2286,552.2,295.3,130,163.25,212.23,1180.12,123.12,1049.77,0.1173,1.3,20.0,dapi,1
BMPR1A_KD,no_BMP,10x-1,2287,552.0,354.0,112,219.1,284.82,1293.82,236.82,937.03,0.2527,1.3,20.0,dapi,1
BMPR1A_KD,no_BMP,10x-1,2288,551.7,528.2,88,314.23,408.5,1143.5,86.5,949.95,0.0911,1.3,20.0,dapi,1
BMPR1A_KD,no_BMP,10x-1,2289,551.7,591.6,107,278.66,362.26,1126.27,69.27,1088.04,0.0637,1.3,20.0,dapi,1
BMPR1A_KD,no_BMP,10x-1,2290,553.8,713.5,84,160.88,209.14,1139.99,82.99,1144.8,0.0725,1.3,20.0,dapi,1
BMPR1A_KD,no_BMP,10x-1,2291,553.1,727.2,96,148.79,193.43,1135.51,78.51,1134.91,0.0692,1.3,20.0,dapi,1
BMPR1A_KD,no_BMP,10x-1,2292,552.2,746.4,86,130.78,170.01,1156.12,99.12,1164.87,0.0851,1.3,20.0,dapi,1
BMPR1A_KD,no_BMP,10x-1,2293,553.5,848.6,109,37.23,48.4,1186.72,129.72,1077.42,0.1204,1.3,20.0,dapi,1
BMPR1A_KD,no_BMP,10x-1,2294,552.7,167.0,99,46.46,60.4,1281.83,224.83,1245.38,0.1805,1.3,20.0,dapi,1
BMPR1A_KD,no_BMP,10x-1,2295,555.2,390.0,113,253.11,329.04,1185.38,128.38,1014.14,0.1266,1.3,20.0,dapi,1
BMPR1A_KD,no_BMP,10x-1,2296,553.3,499.1,100,304.44,395.77,1161.61,104.61,1114.92,0.0938,1.3,20.0,dapi,1
BMPR1A_KD,no_BMP,10x-1,2297,551.8,611.9,75,259.18,336.93,1160.29,103.29,909.73,0.1135,1.3,20.0,dapi,1
BMPR1A_KD,no_BMP,10x-1,2298,552.9,645.2,70,226.95,295.03,1131.59,74.59,953.1,0.0783,1.3,20.0,dapi,1
BMPR1A_KD,no_BMP,10x-1,2299,553.1,652.7,72,219.23,285.0,1124.97,67.97,1012.51,0.0671,1.3,20.0,dapi,1
BMPR1A_KD,no_BMP,10x-1,2300,551.5,690.5,61,184.16,239.4,1143.15,86.15,1164.05,0.074,1.3,20.0,dapi,1
BMPR1A_KD,no_BMP,10x-1,2301,551.3,818.9,56,64.02,83.23,1157.71,100.71,1036.12,0.0972,1.3,20.0,dapi,1
BMPR1A_KD,no_BMP,10x-1,2302,550.9,828.6,49,55.64,72.34,1176.59,119.59,1210.14,0.0988,1.3,20.0,dapi,1
BMPR1A_KD,no_BMP,10x-1,2303,553.5,134.8,62,15.92,20.7,1268.31,211.31,1178.23,0.1793,1.3,20.0,dapi,1
BMPR1A_KD,no_BMP,10x-1,2304,552.4,177.1,59,56.42,73.35,1255.15,198.15,1174.07,0.1688,1.3,20.0,dapi,1
BMPR1A_KD,no_BMP,10x-1,2305,552.8,270.8,66,140.79,183.02,1204.24,147.24,1113.91,0.1322,1.3,20.0,dapi,1
BMPR1A_KD,no_BMP,10x-1,2306,553.7,622.5,63,248.99,323.68,1141.83,84.83,1039.03,0.0816,1.3,20.0,dapi,1
BMPR1A_KD,no_BMP,10x-1,2307,553.7,799.3,89,80.37,104.48,1150.98,93.98,1173.71,0.0801,1.3,20.0,dapi,1
BMPR1A_KD,no_BMP,10x-1,2308,554.8,246.8,92,118.38,153.89,1214.0,157.0,1272.32,0.1234,1.3,20.0,dapi,1
BMPR1A_KD,no_BMP,10x-1,2309,556.7,552.7,122,307.41,399.63,1127.61,70.61,1068.78,0.0661,1.3,20.0,dapi,1
BMPR1A_KD,no_BMP,10x-1,2310,554.1,875.9,77,10.58,13.75,1143.05,86.05,1252.7,0.0687,1.3,20.0,dapi,1
BMPR1A_KD,no_BMP,10x-1,2311,555.8,264.1,68,133.17,173.12,1214.12,157.12,1081.74,0.1452,1.3,20.0,dapi,1
BMPR1A_KD,no_BMP,10x-1,2312,557.2,400.9,111,263.37,342.38,1167.83,110.83,1113.38,0.0995,1.3,20.0,dapi,1
BMPR1A_KD,no_BMP,10x-1,2313,556.6,472.3,107,293.65,381.74,1170.59,113.59,1077.64,0.1054,1.3,20.0,dapi,1
BMPR1A_KD,no_BMP,10x-1,2314,557.3,680.3,80,192.18,249.83,1174.9,117.9,1041.1,0.1132,1.3,20.0,dapi,1
BMPR1A_KD,no_BMP,10x-1,2315,555.9,704.8,92,168.67,219.27,1126.04,69.04,1253.3,0.0551,1.3,20.0,dapi,1
BMPR1A_KD,no_BMP,10x-1,2316,554.8,189.9,46,68.63,89.22,1260.61,203.61,1161.26,0.1753,1.3,20.0,dapi,1
BMPR1A_KD,no_BMP,10x-1,2317,556.9,211.2,85,86.82,112.86,1225.41,168.41,1383.18,0.1218,1.3,20.0,dapi,1
BMPR1A_KD,no_BMP,10x-1,2318,555.4,786.4,66,91.95,119.54,1156.08,99.08,1038.08,0.0954,1.3,20.0,dapi,1
BMPR1A_KD,no_BMP,10x-1,2319,556.4,126.0,52,7.09,9.21,1254.04,197.04,1196.37,0.1647,1.3,20.0,dapi,1
BMPR1A_KD,no_BMP,10x-1,2320,556.9,312.6,87,178.46,232.0,1187.14,130.14,932.93,0.1395,1.3,20.0,dapi,1
BMPR1A_KD,no_BMP,10x-1,2321,559.2,328.5,77,192.18,249.83,1178.34,121.34,947.03,0.1281,1.3,20.0,dapi,1
BMPR1A_KD,no_BMP,10x-1,2322,559.5,482.2,92,294.09,382.32,1158.79,101.79,1042.39,0.0977,1.3,20.0,dapi,1
BMPR1A_KD,no_BMP,10x-1,2323,557.0,776.6,60,99.72,129.64,1136.28,79.28,1034.73,0.0766,1.3,20.0,dapi,1
BMPR1A_KD,no_BMP,10x-1,2324,558.5,199.9,86,77.57,100.84,1229.52,172.52,1346.9,0.1281,1.3,20.0,dapi,1
BMPR1A_KD,no_BMP,10x-1,2325,557.7,228.3,93,100.38,130.49,1199.46,142.46,1177.92,0.1209,1.3,20.0,dapi,1
BMPR1A_KD,no_BMP,10x-1,2326,557.9,365.1,79,228.12,296.56,1201.44,144.44,981.84,0.1471,1.3,20.0,dapi,1
BMPR1A_KD,no_BMP,10x-1,2327,558.7,448.5,118,284.08,369.31,1178.97,121.97,1145.19,0.1065,1.3,20.0,dapi,1
BMPR1A_KD,no_BMP,10x-1,2328,559.0,490.1,65,296.15,385.0,1175.65,118.65,1004.66,0.1181,1.3,20.0,dapi,1
BMPR1A_KD,no_BMP,10x-1,2329,559.3,412.1,73,273.7,355.81,1174.25,117.25,1121.42,0.1046,1.3,20.0,dapi,1
BMPR1A_KD,no_BMP,10x-1,2330,560.0,511.8,102,301.51,391.96,1163.38,106.38,1066.91,0.0997,1.3,20.0,dapi,1
BMPR1A_KD,no_BMP,10x-1,2331,559.9,634.2,81,235.93,306.71,1141.02,84.02,930.31,0.0903,1.3,20.0,dapi,1
BMPR1A_KD,no_BMP,10x-1,2332,558.7,834.8,74,46.2,60.06,1165.3,108.3,1282.93,0.0844,1.3,20.0,dapi,1
BMPR1A_KD,no_BMP,10x-1,2333,559.7,136.4,72,14.7,19.11,1212.86,155.86,1303.47,0.1196,1.3,20.0,dapi,1
BMPR1A_KD,no_BMP,10x-1,2334,560.9,258.9,86,126.56,164.53,1205.5,148.5,1243.71,0.1194,1.3,20.0,dapi,1
BMPR1A_KD,no_BMP,10x-1,2335,559.5,572.9,45,293.25,381.23,1171.98,114.98,1158.98,0.0992,1.3,20.0,dapi,1
BMPR1A_KD,no_BMP,10x-1,2336,561.3,588.8,80,279.78,363.72,1143.4,86.4,939.74,0.0919,1.3,20.0,dapi,1
BMPR1A_KD,no_BMP,10x-1,2337,560.6,664.5,80,206.54,268.5,1143.76,86.76,938.69,0.0924,1.3,20.0,dapi,1
BMPR1A_KD,no_BMP,10x-1,2338,561.1,691.8,75,179.54,233.4,1133.59,76.59,997.03,0.0768,1.3,20.0,dapi,1
BMPR1A_KD,no_BMP,10x-1,2339,560.0,742.3,66,132.42,172.14,1164.95,107.95,1065.86,0.1013,1.3,20.0,dapi,1
BMPR1A_KD,no_BMP,10x-1,2340,559.3,822.1,48,57.51,74.77,1175.92,118.92,1099.44,0.1082,1.3,20.0,dapi,1
BMPR1A_KD,no_BMP,10x-1,2341,559.1,870.9,71,14.68,19.09,1157.75,100.75,1109.17,0.0908,1.3,20.0,dapi,1
BMPR1A_KD,no_BMP,10x-1,2342,561.0,147.9,57,26.21,34.07,1249.54,192.54,1057.51,0.1821,1.3,20.0,dapi,1
BMPR1A_KD,no_BMP,10x-1,2343,562.9,732.9,87,139.94,181.92,1136.97,79.97,1205.56,0.0663,1.3,20.0,dapi,1
BMPR1A_KD,no_BMP,10x-1,2344,561.8,178.9,80,56.86,73.92,1249.08,192.08,1292.09,0.1487,1.3,20.0,dapi,1
BMPR1A_KD,no_BMP,10x-1,2345,562.0,278.8,63,144.73,188.15,1212.14,155.14,1123.0,0.1382,1.3,20.0,dapi,1
BMPR1A_KD,no_BMP,10x-1,2346,562.3,762.3,71,112.68,146.48,1160.1,103.1,960.1,0.1074,1.3,20.0,dapi,1
BMPR1A_KD,no_BMP,10x-1,2347,563.3,654.3,98,215.77,280.51,1142.66,85.66,971.63,0.0882,1.3,20.0,dapi,1
BMPR1A_KD,no_BMP,10x-1,2348,562.8,721.5,69,151.27,196.65,1132.88,75.88,1068.43,0.071,1.3,20.0,dapi,1
BMPR1A_KD,no_BMP,10x-1,2349,561.9,794.8,48,81.08,105.4,1164.42,107.42,1157.46,0.0928,1.3,20.0,dapi,1
BMPR1A_KD,no_BMP,10x-1,2350,565.2,806.5,118,68.77,89.4,1181.03,124.03,1164.3,0.1065,1.3,20.0,dapi,1
BMPR1A_KD,no_BMP,10x-1,2351,562.5,165.6,48,43.83,56.97,1266.06,209.06,1198.85,0.1744,1.3,20.0,dapi,1
BMPR1A_KD,no_BMP,10x-1,2352,565.0,531.9,123,303.46,394.5,1135.54,78.54,1040.52,0.0755,1.3,20.0,dapi,1
BMPR1A_KD,no_BMP,10x-1,2353,564.7,621.3,102,247.61,321.89,1135.71,78.71,1095.58,0.0718,1.3,20.0,dapi,1
BMPR1A_KD,no_BMP,10x-1,2354,563.8,848.3,80,32.63,42.41,1187.74,130.74,1197.75,0.1092,1.3,20.0,dapi,1
BMPR1A_KD,no_BMP,10x-1,2355,562.8,864.8,56,20.63,26.82,1169.55,112.55,1195.96,0.0941,1.3,20.0,dapi,1
BMPR1A_KD,no_BMP,10x-1,2356,566.4,291.0,115,154.76,201.18,1186.32,129.32,1212.51,0.1067,1.3,20.0,dapi,1
BMPR1A_KD,no_BMP,10x-1,2357,565.2,417.5,72,269.89,350.85,1163.24,106.24,1034.07,0.1027,1.3,20.0,dapi,1
BMPR1A_KD,no_BMP,10x-1,2358,567.0,818.1,95,57.78,75.11,1165.04,108.04,1130.24,0.0956,1.3,20.0,dapi,1
BMPR1A_KD,no_BMP,10x-1,2359,566.4,153.2,79,30.66,39.86,1272.14,215.14,1197.52,0.1797,1.3,20.0,dapi,1
BMPR1A_KD,no_BMP,10x-1,2360,566.9,219.3,83,88.06,114.48,1212.46,155.46,1267.64,0.1226,1.3,20.0,dapi,1
BMPR1A_KD,no_BMP,10x-1,2361,566.9,304.1,94,166.9,216.96,1202.45,145.45,1168.31,0.1245,1.3,20.0,dapi,1
BMPR1A_KD,no_BMP,10x-1,2362,568.3,583.9,79,279.42,363.24,1137.95,80.95,927.81,0.0872,1.3,20.0,dapi,1
BMPR1A_KD,no_BMP,10x-1,2363,566.9,606.9,86,260.99,339.29,1122.43,65.43,1040.87,0.0629,1.3,20.0,dapi,1
BMPR1A_KD,no_BMP,10x-1,2364,567.3,708.1,93,162.5,211.25,1143.87,86.87,984.78,0.0882,1.3,20.0,dapi,1
BMPR1A_KD,no_BMP,10x-1,2365,565.0,778.5,44,96.44,125.37,1150.5,93.5,1129.41,0.0828,1.3,20.0,dapi,1
BMPR1A_KD,no_BMP,10x-1,2366,568.5,240.2,132,106.36,138.26,1220.23,163.23,1081.05,0.151,1.3,20.0,dapi,1
BMPR1A_KD,no_BMP,10x-1,2367,566.4,449.1,98,277.78,361.11,1174.56,117.56,1156.61,0.1016,1.3,20.0,dapi,1
BMPR1A_KD,no_BMP,10x-1,2368,568.9,466.5,121,280.62,364.8,1163.97,106.97,1072.6,0.0997,1.3,20.0,dapi,1
BMPR1A_KD,no_BMP,10x-1,2369,566.6,836.7,49,40.52,52.67,1177.63,120.63,1072.41,0.1125,1.3,20.0,dapi,1
BMPR1A_KD,no_BMP,10x-1,2370,568.2,130.6,81,8.62,11.2,1231.19,174.19,1307.85,0.1332,1.3,20.0,dapi,1
BMPR1A_KD,no_BMP,10x-1,2371,568.1,206.2,85,76.42,99.35,1226.16,169.16,1282.64,0.1319,1.3,20.0,dapi,1
BMPR1A_KD,no_BMP,10x-1,2372,569.2,501.7,99,289.98,376.97,1150.52,93.52,1132.9,0.0825,1.3,20.0,dapi,1
BMPR1A_KD,no_BMP,10x-1,2373,568.7,563.4,106,291.79,379.33,1114.55,57.55,919.53,0.0626,1.3,20.0,dapi,1
BMPR1A_KD,no_BMP,10x-1,2374,568.9,697.7,61,171.62,223.1,1139.59,82.59,1001.05,0.0825,1.3,20.0,dapi,1
BMPR1A_KD,no_BMP,10x-1,2375,567.3,752.5,62,120.74,156.96,1167.26,110.26,1070.06,0.103,1.3,20.0,dapi,1
BMPR1A_KD,no_BMP,10x-1,2376,569.7,160.8,78,38.65,50.25,1263.56,206.56,1441.0,0.1433,1.3,20.0,dapi,1
BMPR1A_KD,no_BMP,10x-1,2377,569.0,171.2,45,48.62,63.21,1270.78,213.78,1186.22,0.1802,1.3,20.0,dapi,1
BMPR1A_KD,no_BMP,10x-1,2378,570.3,191.2,80,63.02,81.93,1258.05,201.05,1235.71,0.1627,1.3,20.0,dapi,1
BMPR1A_KD,no_BMP,10x-1,2379,570.2,226.7,67,93.74,121.86,1229.0,172.0,1106.19,0.1555,1.3,20.0,dapi,1
BMPR1A_KD,no_BMP,10x-1,2380,572.8,315.4,162,175.98,228.78,1223.38,166.38,956.31,0.174,1.3,20.0,dapi,1
BMPR1A_KD,no_BMP,10x-1,2381,570.4,328.4,90,189.32,246.12,1183.46,126.46,1035.58,0.1221,1.3,20.0,dapi,1
BMPR1A_KD,no_BMP,10x-1,2382,570.7,357.4,126,217.41,282.63,1168.98,111.98,1149.37,0.0974,1.3,20.0,dapi,1
BMPR1A_KD,no_BMP,10x-1,2383,569.0,439.0,81,271.79,353.33,1161.4,104.4,1024.42,0.1019,1.3,20.0,dapi,1
BMPR1A_KD,no_BMP,10x-1,2384,571.9,250.5,78,115.0,149.5,1211.77,154.77,1257.42,0.1231,1.3,20.0,dapi,1
BMPR1A_KD,no_BMP,10x-1,2385,569.7,260.0,60,124.13,161.37,1210.23,153.23,1322.2,0.1159,1.3,20.0,dapi,1
BMPR1A_KD,no_BMP,10x-1,2386,570.1,388.9,89,249.01,323.71,1165.72,108.72,1037.53,0.1048,1.3,20.0,dapi,1
BMPR1A_KD,no_BMP,10x-1,2387,571.8,544.6,132,301.55,392.02,1133.89,76.89,1011.27,0.076,1.3,20.0,dapi,1
BMPR1A_KD,no_BMP,10x-1,2388,571.8,679.6,83,188.42,244.95,1123.76,66.76,1061.64,0.0629,1.3,20.0,dapi,1
BMPR1A_KD,no_BMP,10x-1,2389,568.3,867.2,63,15.76,20.49,1140.57,83.57,1064.41,0.0785,1.3,20.0,dapi,1
BMPR1A_KD,no_BMP,10x-1,2390,571.0,881.7,82,4.72,6.13,1102.6,45.6,1049.34,0.0435,1.3,20.0,dapi,1
BMPR1A_KD,no_BMP,10x-1,2391,570.6,653.5,58,215.05,279.57,1175.98,118.98,1084.62,0.1097,1.3,20.0,dapi,1
BMPR1A_KD,no_BMP,10x-1,2392,571.2,855.8,82,22.06,28.68,1176.9,119.9,1277.93,0.0938,1.3,20.0,dapi,1
BMPR1A_KD,no_BMP,10x-1,2393,573.0,180.0,78,52.63,68.42,1258.47,201.47,1355.04,0.1487,1.3,20.0,dapi,1
BMPR1A_KD,no_BMP,10x-1,2394,572.2,404.5,81,260.56,338.73,1164.93,107.93,983.56,0.1097,1.3,20.0,dapi,1
BMPR1A_KD,no_BMP,10x-1,2395,571.9,426.1,104,265.28,344.86,1175.52,118.52,1174.7,0.1009,1.3,20.0,dapi,1
BMPR1A_KD,no_BMP,10x-1,2396,572.6,782.0,60,90.39,117.51,1152.9,95.9,1025.45,0.0935,1.3,20.0,dapi,1
BMPR1A_KD,no_BMP,10x-1,2397,570.4,797.8,46,75.83,98.58,1159.91,102.91,1091.5,0.0943,1.3,20.0,dapi,1
BMPR1A_KD,no_BMP,10x-1,2398,573.7,276.9,91,139.02,180.72,1211.48,154.48,1176.32,0.1313,1.3,20.0,dapi,1
BMPR1A_KD,no_BMP,10x-1,2399,573.6,486.0,129,280.63,364.82,1198.07,141.07,1075.85,0.1311,1.3,20.0,dapi,1
BMPR1A_KD,no_BMP,10x-1,2400,572.1,639.5,64,228.62,297.2,1166.97,109.97,1016.41,0.1082,1.3,20.0,dapi,1
BMPR1A_KD,no_BMP,10x-1,2401,572.6,717.6,54,151.26,196.64,1126.48,69.48,1035.67,0.0671,1.3,20.0,dapi,1
BMPR1A_KD,no_BMP,10x-1,2402,572.2,767.3,53,104.95,136.43,1151.26,94.26,1013.96,0.093,1.3,20.0,dapi,1
BMPR1A_KD,no_BMP,10x-1,2403,572.8,841.7,63,33.37,43.38,1176.11,119.11,1148.86,0.1037,1.3,20.0,dapi,1
BMPR1A_KD,no_BMP,10x-1,2404,574.1,137.2,60,15.03,19.54,1247.43,190.43,1175.95,0.1619,1.3,20.0,dapi,1
BMPR1A_KD,no_BMP,10x-1,2405,575.5,367.8,118,227.45,295.69,1181.19,124.19,1124.31,0.1105,1.3,20.0,dapi,1
BMPR1A_KD,no_BMP,10x-1,2406,576.7,623.6,178,242.58,315.35,1139.49,82.49,1048.92,0.0786,1.3,20.0,dapi,1
BMPR1A_KD,no_BMP,10x-1,2407,577.1,645.7,105,220.86,287.11,1142.94,85.94,1154.3,0.0745,1.3,20.0,dapi,1
BMPR1A_KD,no_BMP,10x-1,2408,575.5,667.3,111,200.36,260.46,1130.83,73.83,1137.53,0.0649,1.3,20.0,dapi,1
BMPR1A_KD,no_BMP,10x-1,2409,574.2,755.5,65,115.54,150.2,1157.31,100.31,1253.32,0.08,1.3,20.0,dapi,1
BMPR1A_KD,no_BMP,10x-1,2410,576.0,729.2,104,139.86,181.81,1151.65,94.65,1183.84,0.08,1.3,20.0,dapi,1
BMPR1A_KD,no_BMP,10x-1,2411,576.0,792.0,77,79.95,103.94,1161.77,104.77,1162.08,0.0902,1.3,20.0,dapi,1
BMPR1A_KD,no_BMP,10x-1,2412,576.5,292.8,109,153.91,200.08,1212.88,155.88,1166.02,0.1337,1.3,20.0,dapi,1
BMPR1A_KD,no_BMP,10x-1,2413,578.8,514.8,126,284.43,369.76,1140.61,83.61,977.13,0.0856,1.3,20.0,dapi,1
BMPR1A_KD,no_BMP,10x-1,2414,575.5,577.6,48,277.6,360.88,1171.54,114.54,1140.4,0.1004,1.3,20.0,dapi,1
BMPR1A_KD,no_BMP,10x-1,2415,575.5,128.0,40,5.83,7.58,1234.15,177.15,1261.1,0.1405,1.3,20.0,dapi,1
BMPR1A_KD,no_BMP,10x-1,2416,576.8,143.1,58,20.67,26.87,1241.97,184.97,1219.4,0.1517,1.3,20.0,dapi,1
BMPR1A_KD,no_BMP,10x-1,2417,577.3,412.5,84,257.3,334.49,1173.3,116.3,1144.24,0.1016,1.3,20.0,dapi,1
BMPR1A_KD,no_BMP,10x-1,2418,577.5,438.7,92,263.22,342.19,1175.16,118.16,1068.67,0.1106,1.3,20.0,dapi,1
BMPR1A_KD,no_BMP,10x-1,2419,579.2,592.1,116,265.82,345.57,1140.74,83.74,1097.21,0.0763,1.3,20.0,dapi,1
BMPR1A_KD,no_BMP,10x-1,2420,580.5,684.7,132,181.93,236.51,1164.9,107.9,1056.65,0.1021,1.3,20.0,dapi,1
BMPR1A_KD,no_BMP,10x-1,2421,578.1,832.4,83,40.94,53.22,1168.0,111.0,1217.66,0.0912,1.3,20.0,dapi,1
BMPR1A_KD,no_BMP,10x-1,2422,578.5,208.8,58,73.62,95.7,1244.76,187.76,1137.76,0.165,1.3,20.0,dapi,1
BMPR1A_KD,no_BMP,10x-1,2423,578.1,267.2,51,128.3,166.78,1194.1,137.1,1204.84,0.1138,1.3,20.0,dapi,1
BMPR1A_KD,no_BMP,10x-1,2424,581.7,378.3,115,236.2,307.07,1181.1,124.1,1111.5,0.1116,1.3,20.0,dapi,1
BMPR1A_KD,no_BMP,10x-1,2425,580.6,478.6,94,272.04,353.65,1150.81,93.81,984.16,0.0953,1.3,20.0,dapi,1
BMPR1A_KD,no_BMP,10x-1,2426,580.5,739.3,130,128.92,167.6,1158.33,101.33,1113.71,0.091,1.3,20.0,dapi,1
BMPR1A_KD,no_BMP,10x-1,2427,578.6,800.1,62,71.45,92.88,1189.84,132.84,1277.84,0.104,1.3,20.0,dapi,1
BMPR1A_KD,no_BMP,10x-1,2428,578.2,854.8,72,19.5,25.35,1168.92,111.92,1278.62,0.0875,1.3,20.0,dapi,1
BMPR1A_KD,no_BMP,10x-1,2429,579.9,156.1,85,30.58,39.76,1270.14,213.14,1271.56,0.1676,1.3,20.0,dapi,1
BMPR1A_KD,no_BMP,10x-1,2430,581.4,391.6,100,249.39,324.21,1172.54,115.54,1167.92,0.0989,1.3,20.0,dapi,1
BMPR1A_KD,no_BMP,10x-1,2431,581.2,602.0,93,258.26,335.74,1121.69,64.69,1200.65,0.0539,1.3,20.0,dapi,1
BMPR1A_KD,no_BMP,10x-1,2432,578.8,811.4,68,60.86,79.12,1171.21,114.21,1100.78,0.1038,1.3,20.0,dapi,1
BMPR1A_KD,no_BMP,10x-1,2433,581.6,218.6,73,81.55,106.01,1253.41,196.41,1110.74,0.1768,1.3,20.0,dapi,1
BMPR1A_KD,no_BMP,10x-1,2434,580.8,244.6,81,106.37,138.29,1225.22,168.22,1292.74,0.1301,1.3,20.0,dapi,1
BMPR1A_KD,no_BMP,10x-1,2435,582.7,198.4,87,61.98,80.58,1241.75,184.75,1292.9,0.1429,1.3,20.0,dapi,1
BMPR1A_KD,no_BMP,10x-1,2436,581.8,260.4,66,120.47,156.61,1208.09,151.09,1212.62,0.1246,1.3,20.0,dapi,1
BMPR1A_KD,no_BMP,10x-1,2437,584.3,332.7,98,191.43,248.86,1191.04,134.04,1186.14,0.113,1.3,20.0,dapi,1
BMPR1A_KD,no_BMP,10x-1,2438,582.5,503.5,72,277.16,360.31,1162.71,105.71,910.36,0.1161,1.3,20.0,dapi,1
BMPR1A_KD,no_BMP,10x-1,2439,582.6,784.2,111,85.18,110.74,1145.49,88.49,1150.12,0.0769,1.3,20.0,dapi,1
BMPR1A_KD,no_BMP,10x-1,2440,584.1,425.2,74,253.44,329.47,1172.08,115.08,999.68,0.1151,1.3,20.0,dapi,1
BMPR1A_KD,no_BMP,10x-1,2441,583.9,527.1,126,283.96,369.14,1134.83,77.83,1030.39,0.0755,1.3,20.0,dapi,1
BMPR1A_KD,no_BMP,10x-1,2442,584.2,550.5,111,288.72,375.34,1132.57,75.57,1051.34,0.0719,1.3,20.0,dapi,1
BMPR1A_KD,no_BMP,10x-1,2443,583.6,707.4,79,159.57,207.44,1145.15,88.15,1101.59,0.08,1.3,20.0,dapi,1
BMPR1A_KD,no_BMP,10x-1,2444,587.2,818.9,111,51.11,66.44,1181.78,124.78,1089.81,0.1145,1.3,20.0,dapi,1
BMPR1A_KD,no_BMP,10x-1,2445,584.5,232.4,81,93.08,121.01,1228.6,171.6,1112.04,0.1543,1.3,20.0,dapi,1
BMPR1A_KD,no_BMP,10x-1,2446,584.1,300.9,67,159.94,207.93,1190.27,133.27,1045.3,0.1275,1.3,20.0,dapi,1
BMPR1A_KD,no_BMP,10x-1,2447,587.4,454.5,139,259.82,337.76,1179.14,122.14,1001.21,0.122,1.3,20.0,dapi,1
BMPR1A_KD,no_BMP,10x-1,2448,586.7,559.9,95,280.35,364.46,1128.41,71.41,966.55,0.0739,1.3,20.0,dapi,1
BMPR1A_KD,no_BMP,10x-1,2449,585.3,652.8,95,212.73,276.55,1139.54,82.54,1108.96,0.0744,1.3,20.0,dapi,1
BMPR1A_KD,no_BMP,10x-1,2450,584.1,763.8,90,103.98,135.18,1138.13,81.13,1188.32,0.0683,1.3,20.0,dapi,1
BMPR1A_KD,no_BMP,10x-1,2451,584.8,140.0,61,16.52,21.48,1207.72,150.72,1067.44,0.1412,1.3,20.0,dapi,1
BMPR1A_KD,no_BMP,10x-1,2452,585.2,416.1,65,250.2,325.25,1160.17,103.17,1214.46,0.085,1.3,20.0,dapi,1
BMPR1A_KD,no_BMP,10x-1,2453,584.9,445.2,65,258.53,336.09,1186.91,129.91,1178.4,0.1102,1.3,20.0,dapi,1
BMPR1A_KD,no_BMP,10x-1,2454,586.6,670.3,122,195.62,254.3,1134.89,77.89,1097.51,0.071,1.3,20.0,dapi,1
BMPR1A_KD,no_BMP,10x-1,2455,585.3,753.0,68,114.37,148.68,1153.96,96.96,1064.94,0.091,1.3,20.0,dapi,1
BMPR1A_KD,no_BMP,10x-1,2456,586.2,830.3,86,40.66,52.86,1161.53,104.53,1119.42,0.0934,1.3,20.0,dapi,1
BMPR1A_KD,no_BMP,10x-1,2457,584.5,861.2,76,11.54,15.0,1167.3,110.3,1211.08,0.0911,1.3,20.0,dapi,1
BMPR1A_KD,no_BMP,10x-1,2458,587.7,609.2,104,248.5,323.05,1129.62,72.62,1198.05,0.0606,1.3,20.0,dapi,1
BMPR1A_KD,no_BMP,10x-1,2459,588.2,693.8,116,171.72,223.24,1128.06,71.06,1093.32,0.065,1.3,20.0,dapi,1
BMPR1A_KD,no_BMP,10x-1,2460,586.3,290.9,55,149.75,194.67,1210.51,153.51,1171.44,0.131,1.3,20.0,dapi,1
BMPR1A_KD,no_BMP,10x-1,2461,589.9,314.8,112,172.71,224.52,1198.16,141.16,1148.62,0.1229,1.3,20.0,dapi,1
BMPR1A_KD,no_BMP,10x-1,2462,587.4,356.5,98,213.72,277.84,1202.9,145.9,1212.93,0.1203,1.3,20.0,dapi,1
BMPR1A_KD,no_BMP,10x-1,2463,587.5,437.4,74,253.09,329.02,1191.51,134.51,1090.43,0.1234,1.3,20.0,dapi,1
BMPR1A_KD,no_BMP,10x-1,2464,589.1,487.8,103,266.79,346.83,1163.32,106.32,1029.59,0.1033,1.3,20.0,dapi,1
BMPR1A_KD,no_BMP,10x-1,2465,590.7,127.8,130,5.42,7.05,1181.2,124.2,969.42,0.1281,1.3,20.0,dapi,1
BMPR1A_KD,no_BMP,10x-1,2466,587.4,209.3,51,70.41,91.54,1221.02,164.02,1151.9,0.1424,1.3,20.0,dapi,1
BMPR1A_KD,no_BMP,10x-1,2467,588.1,275.7,105,134.65,175.04,1193.2,136.2,1184.96,0.1149,1.3,20.0,dapi,1
BMPR1A_KD,no_BMP,10x-1,2468,589.0,404.6,77,243.88,317.05,1171.65,114.65,1055.38,0.1086,1.3,20.0,dapi,1
BMPR1A_KD,no_BMP,10x-1,2469,591.0,576.0,106,266.64,346.64,1118.12,61.12,986.19,0.062,1.3,20.0,dapi,1
BMPR1A_KD,no_BMP,10x-1,2470,589.7,626.2,75,237.33,308.53,1165.96,108.96,964.52,0.113,1.3,20.0,dapi,1
BMPR1A_KD,no_BMP,10x-1,2471,590.4,639.5,102,225.03,292.53,1130.43,73.43,1044.51,0.0703,1.3,20.0,dapi,1
BMPR1A_KD,no_BMP,10x-1,2472,588.3,741.3,61,125.43,163.06,1156.9,99.9,1016.93,0.0982,1.3,20.0,dapi,1
BMPR1A_KD,no_BMP,10x-1,2473,589.0,849.6,41,20.67,26.87,1159.85,102.85,1654.85,0.0622,1.3,20.0,dapi,1
BMPR1A_KD,no_BMP,10x-1,2474,589.4,244.2,69,103.22,134.18,1219.51,162.51,1054.78,0.1541,1.3,20.0,dapi,1
BMPR1A_KD,no_BMP,10x-1,2475,589.9,865.8,56,5.01,6.51,1116.91,59.91,1149.96,0.0521,1.3,20.0,dapi,1
BMPR1A_KD,no_BMP,10x-1,2476,589.7,148.4,60,17.86,23.21,1230.23,173.23,1067.98,0.1622,1.3,20.0,dapi,1
BMPR1A_KD,no_BMP,10x-1,2477,592.9,479.1,92,260.45,338.59,1152.63,95.63,878.78,0.1088,1.3,20.0,dapi,1
BMPR1A_KD,no_BMP,10x-1,2478,592.5,326.0,72,183.32,238.32,1194.24,137.24,1029.49,0.1333,1.3,20.0,dapi,1
BMPR1A_KD,no_BMP,10x-1,2479,592.6,338.2,86,195.11,253.64,1195.74,138.74,965.67,0.1437,1.3,20.0,dapi,1
BMPR1A_KD,no_BMP,10x-1,2480,594.3,498.7,125,265.17,344.73,1141.06,84.06,1033.21,0.0814,1.3,20.0,dapi,1
BMPR1A_KD,no_BMP,10x-1,2481,593.0,541.8,119,281.66,366.16,1148.24,91.24,1102.79,0.0827,1.3,20.0,dapi,1
BMPR1A_KD,no_BMP,10x-1,2482,593.8,589.5,118,255.93,332.71,1130.71,73.71,1055.36,0.0698,1.3,20.0,dapi,1
BMPR1A_KD,no_BMP,10x-1,2483,594.1,715.9,122,149.09,193.82,1130.73,73.73,1098.44,0.0671,1.3,20.0,dapi,1
BMPR1A_KD,no_BMP,10x-1,2484,592.0,724.6,68,140.47,182.62,1150.85,93.85,1061.44,0.0884,1.3,20.0,dapi,1
BMPR1A_KD,no_BMP,10x-1,2485,591.3,775.0,63,91.58,119.05,1176.65,119.65,1183.17,0.1011,1.3,20.0,dapi,1
BMPR1A_KD,no_BMP,10x-1,2486,591.3,796.7,47,70.34,91.44,1171.74,114.74,1073.87,0.1069,1.3,20.0,dapi,1
BMPR1A_KD,no_BMP,10x-1,2487,593.6,224.2,108,82.6,107.38,1227.29,170.29,1161.48,0.1466,1.3,20.0,dapi,1
BMPR1A_KD,no_BMP,10x-1,2488,592.4,259.0,69,117.19,152.35,1211.33,154.33,1096.13,0.1408,1.3,20.0,dapi,1
BMPR1A_KD,no_BMP,10x-1,2489,594.7,369.1,112,225.71,293.43,1198.54,141.54,1188.32,0.1191,1.3,20.0,dapi,1
BMPR1A_KD,no_BMP,10x-1,2490,595.4,464.1,101,254.82,331.27,1177.85,120.85,1119.07,0.108,1.3,20.0,dapi,1
BMPR1A_KD,no_BMP,10x-1,2491,592.9,657.5,75,206.81,268.85,1128.05,71.05,1133.43,0.0627,1.3,20.0,dapi,1
BMPR1A_KD,no_BMP,10x-1,2492,592.7,757.4,53,108.76,141.39,1153.15,96.15,1095.83,0.0877,1.3,20.0,dapi,1
BMPR1A_KD,no_BMP,10x-1,2493,592.5,786.2,55,80.66,104.86,1168.85,111.85,1030.76,0.1085,1.3,20.0,dapi,1
BMPR1A_KD,no_BMP,10x-1,2494,593.5,193.6,80,54.26,70.53,1251.25,194.25,1276.78,0.1521,1.3,20.0,dapi,1
BMPR1A_KD,no_BMP,10x-1,2495,593.2,294.7,108,152.49,198.23,1196.2,139.2,1176.4,0.1183,1.3,20.0,dapi,1
BMPR1A_KD,no_BMP,10x-1,2496,596.6,208.9,97,67.33,87.52,1235.14,178.14,1185.67,0.1502,1.3,20.0,dapi,1
BMPR1A_KD,no_BMP,10x-1,2497,595.9,394.6,68,235.16,305.71,1168.84,111.84,1135.15,0.0985,1.3,20.0,dapi,1
BMPR1A_KD,no_BMP,10x-1,2498,595.5,430.5,91,244.29,317.58,1202.86,145.86,989.23,0.1474,1.3,20.0,dapi,1
BMPR1A_KD,no_BMP,10x-1,2499,597.3,524.9,103,271.16,352.5,1157.34,100.34,1079.69,0.0929,1.3,20.0,dapi,1
BMPR1A_KD,no_BMP,10x-1,2500,595.4,703.2,64,161.86,210.42,1132.88,75.88,985.2,0.077,1.3,20.0,dapi,1
BMPR1A_KD,no_BMP,10x-1,2501,597.3,561.7,83,271.73,353.25,1140.66,83.66,935.92,0.0894,1.3,20.0,dapi,1
BMPR1A_KD,no_BMP,10x-1,2502,594.8,840.2,29,28.91,37.58,1146.28,89.28,1408.0,0.0634,1.3,20.0,dapi,1
BMPR1A_KD,no_BMP,10x-1,2503,597.6,356.3,66,212.49,276.24,1200.56,143.56,1088.44,0.1319,1.3,20.0,dapi,1
BMPR1A_KD,no_BMP,10x-1,2504,598.4,385.7,96,231.53,300.98,1168.3,111.3,1279.64,0.087,1.3,20.0,dapi,1
BMPR1A_KD,no_BMP,10x-1,2505,597.9,412.0,98,236.62,307.61,1164.36,107.36,1083.92,0.099,1.3,20.0,dapi,1
BMPR1A_KD,no_BMP,10x-1,2506,597.4,618.0,83,235.96,306.74,1133.05,76.05,1064.7,0.0714,1.3,20.0,dapi,1
BMPR1A_KD,no_BMP,10x-1,2507,596.6,739.5,76,125.9,163.67,1155.14,98.14,1048.29,0.0936,1.3,20.0,dapi,1
BMPR1A_KD,no_BMP,10x-1,2508,595.8,811.6,44,54.54,70.9,1178.77,121.77,1260.93,0.0966,1.3,20.0,dapi,1
BMPR1A_KD,no_BMP,10x-1,2509,597.1,860.8,79,7.96,10.35,1117.33,60.33,1212.08,0.0498,1.3,20.0,dapi,1
BMPR1A_KD,no_BMP,10x-1,2510,596.8,153.7,65,17.27,22.44,1248.88,191.88,1129.4,0.1699,1.3,20.0,dapi,1
BMPR1A_KD,no_BMP,10x-1,2511,596.5,174.5,28,34.71,45.12,1247.18,190.18,1178.93,0.1613,1.3,20.0,dapi,1
BMPR1A_KD,no_BMP,10x-1,2512,599.3,263.8,88,120.95,157.23,1187.51,130.51,1361.93,0.0958,1.3,20.0,dapi,1
BMPR1A_KD,no_BMP,10x-1,2513,599.6,678.3,109,186.25,242.13,1130.62,73.62,1064.96,0.0691,1.3,20.0,dapi,1
BMPR1A_KD,no_BMP,10x-1,2514,597.7,769.0,55,96.08,124.9,1148.95,91.95,1066.45,0.0862,1.3,20.0,dapi,1
BMPR1A_KD,no_BMP,10x-1,2515,599.3,183.2,75,41.86,54.42,1268.83,211.83,1518.76,0.1395,1.3,20.0,dapi,1
BMPR1A_KD,no_BMP,10x-1,2516,598.0,605.8,69,242.22,314.89,1156.49,99.49,1012.22,0.0983,1.3,20.0,dapi,1
BMPR1A_KD,no_BMP,10x-1,2517,600.1,162.4,79,22.21,28.87,1227.96,170.96,1294.89,0.132,1.3,20.0,dapi,1
BMPR1A_KD,no_BMP,10x-1,2518,600.0,244.4,61,101.02,131.32,1246.39,189.39,1217.15,0.1556,1.3,20.0,dapi,1
BMPR1A_KD,no_BMP,10x-1,2519,600.5,348.8,68,205.35,266.96,1189.91,132.91,1037.44,0.1281,1.3,20.0,dapi,1
BMPR1A_KD,no_BMP,10x-1,2520,601.6,377.3,66,225.85,293.6,1166.89,109.89,1088.73,0.1009,1.3,20.0,dapi,1
BMPR1A_KD,no_BMP,10x-1,2521,600.2,689.9,61,174.29,226.58,1163.64,106.64,1124.25,0.0949,1.3,20.0,dapi,1
BMPR1A_KD,no_BMP,10x-1,2522,599.6,831.7,40,34.26,44.54,1157.97,100.97,1150.05,0.0878,1.3,20.0,dapi,1
BMPR1A_KD,no_BMP,10x-1,2523,601.6,140.7,81,4.41,5.74,1196.6,139.6,931.56,0.1499,1.3,20.0,dapi,1
BMPR1A_KD,no_BMP,10x-1,2524,603.2,288.0,118,144.32,187.62,1187.06,130.06,1155.7,0.1125,1.3,20.0,dapi,1
BMPR1A_KD,no_BMP,10x-1,2525,601.7,452.0,77,245.16,318.7,1186.81,129.81,925.68,0.1402,1.3,20.0,dapi,1
BMPR1A_KD,no_BMP,10x-1,2526,600.7,656.6,115,207.12,269.26,1134.19,77.19,1171.19,0.0659,1.3,20.0,dapi,1
BMPR1A_KD,no_BMP,10x-1,2527,601.2,756.1,110,108.53,141.08,1163.12,106.12,1129.18,0.094,1.3,20.0,dapi,1
BMPR1A_KD,no_BMP,10x-1,2528,603.3,793.0,117,71.59,93.07,1169.78,112.78,1076.61,0.1048,1.3,20.0,dapi,1
BMPR1A_KD,no_BMP,10x-1,2529,599.9,822.3,48,43.82,56.96,1148.83,91.83,1075.46,0.0854,1.3,20.0,dapi,1
BMPR1A_KD,no_BMP,10x-1,2530,603.3,252.6,79,109.52,142.38,1197.27,140.27,1081.85,0.1297,1.3,20.0,dapi,1
BMPR1A_KD,no_BMP,10x-1,2531,603.7,337.8,80,194.08,252.31,1192.92,135.92,947.55,0.1434,1.3,20.0,dapi,1
BMPR1A_KD,no_BMP,10x-1,2532,604.6,405.1,134,228.23,296.7,1193.65,136.65,1031.1,0.1325,1.3,20.0,dapi,1
BMPR1A_KD,no_BMP,10x-1,2533,603.1,490.8,90,254.26,330.53,1130.93,73.93,993.73,0.0744,1.3,20.0,dapi,1
BMPR1A_KD,no_BMP,10x-1,2534,604.6,549.4,112,273.99,356.19,1143.69,86.69,1043.79,0.0831,1.3,20.0,dapi,1
BMPR1A_KD,no_BMP,10x-1,2535,602.2,780.4,74,84.6,109.98,1162.68,105.68,1171.18,0.0902,1.3,20.0,dapi,1
BMPR1A_KD,no_BMP,10x-1,2536,603.1,189.7,51,47.43,61.66,1244.2,187.2,1237.08,0.1513,1.3,20.0,dapi,1
BMPR1A_KD,no_BMP,10x-1,2537,602.4,201.1,69,58.37,75.88,1224.55,167.55,1196.16,0.1401,1.3,20.0,dapi,1
BMPR1A_KD,no_BMP,10x-1,2538,602.8,420.9,72,234.06,304.28,1190.67,133.67,1049.14,0.1274,1.3,20.0,dapi,1
BMPR1A_KD,no_BMP,10x-1,2539,602.6,437.9,46,239.22,310.99,1183.3,126.3,1103.76,0.1144,1.3,20.0,dapi,1
BMPR1A_KD,no_BMP,10x-1,2540,603.6,217.2,54,73.72,95.84,1241.41,184.41,1090.87,0.169,1.3,20.0,dapi,1
BMPR1A_KD,no_BMP,10x-1,2541,605.2,272.9,68,129.2,167.96,1188.75,131.75,1081.31,0.1218,1.3,20.0,dapi,1
BMPR1A_KD,no_BMP,10x-1,2542,606.0,321.2,98,176.99,230.09,1219.17,162.17,1253.02,0.1294,1.3,20.0,dapi,1
BMPR1A_KD,no_BMP,10x-1,2543,604.6,366.5,62,221.07,287.39,1209.39,152.39,1123.66,0.1356,1.3,20.0,dapi,1
BMPR1A_KD,no_BMP,10x-1,2544,604.3,474.2,80,248.53,323.08,1159.46,102.46,943.12,0.1086,1.3,20.0,dapi,1
BMPR1A_KD,no_BMP,10x-1,2545,605.7,514.3,103,258.73,336.35,1125.56,68.56,1082.96,0.0633,1.3,20.0,dapi,1
BMPR1A_KD,no_BMP,10x-1,2546,603.2,815.6,55,48.94,63.63,1166.95,109.95,1085.35,0.1013,1.3,20.0,dapi,1
BMPR1A_KD,no_BMP,10x-1,2547,607.9,329.3,95,184.87,240.32,1206.36,149.36,1291.37,0.1157,1.3,20.0,dapi,1
BMPR1A_KD,no_BMP,10x-1,2548,605.7,741.3,98,122.98,159.87,1157.97,100.97,942.94,0.1071,1.3,20.0,dapi,1
BMPR1A_KD,no_BMP,10x-1,2549,603.9,807.7,46,56.62,73.61,1166.83,109.83,1179.26,0.0931,1.3,20.0,dapi,1
BMPR1A_KD,no_BMP,10x-1,2550,603.9,863.7,57,3.72,4.84,1123.58,66.58,958.49,0.0695,1.3,20.0,dapi,1
BMPR1A_KD,no_BMP,10x-1,2551,609.0,307.4,132,162.84,211.7,1203.26,146.26,1075.01,0.1361,1.3,20.0,dapi,1
BMPR1A_KD,no_BMP,10x-1,2552,606.5,565.3,83,262.51,341.26,1149.4,92.4,898.05,0.1029,1.3,20.0,dapi,1
BMPR1A_KD,no_BMP,10x-1,2553,606.5,630.7,90,220.36,286.47,1123.56,66.56,1058.42,0.0629,1.3,20.0,dapi,1
BMPR1A_KD,no_BMP,10x-1,2554,605.8,726.0,84,137.94,179.32,1140.88,83.88,1180.81,0.071,1.3,20.0,dapi,1
BMPR1A_KD,no_BMP,10x-1,2555,606.6,766.6,70,96.98,126.07,1154.04,97.04,1154.96,0.084,1.3,20.0,dapi,1
BMPR1A_KD,no_BMP,10x-1,2556,606.0,167.2,42,24.47,31.8,1208.19,151.19,1259.29,0.1201,1.3,20.0,dapi,1
BMPR1A_KD,no_BMP,10x-1,2557,607.0,236.6,86,93.17,121.13,1240.7,183.7,1136.88,0.1616,1.3,20.0,dapi,1
BMPR1A_KD,no_BMP,10x-1,2558,607.5,539.1,85,267.73,348.05,1161.88,104.88,932.98,0.1124,1.3,20.0,dapi,1
BMPR1A_KD,no_BMP,10x-1,2559,610.1,646.6,205,209.28,272.06,1127.3,70.3,1116.22,0.063,1.3,20.0,dapi,1
BMPR1A_KD,no_BMP,10x-1,2560,607.7,712.7,87,150.81,196.05,1121.49,64.49,1032.99,0.0624,1.3,20.0,dapi,1
BMPR1A_KD,no_BMP,10x-1,2561,607.8,609.3,97,232.47,302.22,1150.09,93.09,1128.0,0.0825,1.3,20.0,dapi,1
BMPR1A_KD,no_BMP,10x-1,2562,608.6,178.9,64,35.42,46.04,1229.08,172.08,1273.75,0.1351,1.3,20.0,dapi,1
BMPR1A_KD,no_BMP,10x-1,2563,609.4,505.6,74,253.15,329.09,1132.64,75.64,934.7,0.0809,1.3,20.0,dapi,1
BMPR1A_KD,no_BMP,10x-1,2564,609.7,578.3,107,251.27,326.65,1121.45,64.45,920.57,0.07,1.3,20.0,dapi,1
BMPR1A_KD,no_BMP,10x-1,2565,609.1,687.1,69,176.74,229.77,1123.1,66.1,1005.26,0.0658,1.3,20.0,dapi,1
BMPR1A_KD,no_BMP,10x-1,2566,610.7,700.3,125,163.69,212.79,1124.92,67.92,1018.58,0.0667,1.3,20.0,dapi,1
BMPR1A_KD,no_BMP,10x-1,2567,609.8,830.8,83,32.99,42.89,1143.11,86.11,1110.42,0.0775,1.3,20.0,dapi,1
BMPR1A_KD,no_BMP,10x-1,2568,610.8,278.2,70,133.78,173.91,1182.51,125.51,1170.29,0.1073,1.3,20.0,dapi,1
BMPR1A_KD,no_BMP,10x-1,2569,610.6,382.4,72,217.99,283.39,1179.19,122.19,998.21,0.1224,1.3,20.0,dapi,1
BMPR1A_KD,no_BMP,10x-1,2570,610.3,454.8,93,238.22,309.68,1184.77,127.77,1135.0,0.1126,1.3,20.0,dapi,1
BMPR1A_KD,no_BMP,10x-1,2571,613.2,591.3,129,240.23,312.3,1124.0,67.0,996.45,0.0672,1.3,20.0,dapi,1
BMPR1A_KD,no_BMP,10x-1,2572,609.7,805.0,57,58.86,76.52,1176.67,119.67,1212.44,0.0987,1.3,20.0,dapi,1
BMPR1A_KD,no_BMP,10x-1,2573,609.6,851.9,94,12.27,15.96,1122.83,65.83,1197.81,0.055,1.3,20.0,dapi,1
BMPR1A_KD,no_BMP,10x-1,2574,610.4,156.9,70,13.74,17.86,1202.31,145.31,1268.03,0.1146,1.3,20.0,dapi,1
BMPR1A_KD,no_BMP,10x-1,2575,612.0,295.1,112,150.72,195.94,1183.66,126.66,1178.38,0.1075,1.3,20.0,dapi,1
BMPR1A_KD,no_BMP,10x-1,2576,609.9,426.6,46,229.08,297.81,1199.39,142.39,1144.74,0.1244,1.3,20.0,dapi,1
BMPR1A_KD,no_BMP,10x-1,2577,611.1,194.4,53,49.99,64.99,1234.53,177.53,1154.38,0.1538,1.3,20.0,dapi,1
BMPR1A_KD,no_BMP,10x-1,2578,613.3,223.3,94,78.75,102.37,1235.91,178.91,1360.99,0.1315,1.3,20.0,dapi,1
BMPR1A_KD,no_BMP,10x-1,2579,611.7,249.2,77,104.77,136.19,1185.71,128.71,1090.14,0.1181,1.3,20.0,dapi,1
BMPR1A_KD,no_BMP,10x-1,2580,613.3,352.9,138,208.67,271.27,1206.01,149.01,1083.71,0.1375,1.3,20.0,dapi,1
BMPR1A_KD,no_BMP,10x-1,2581,612.8,369.3,75,213.62,277.71,1196.31,139.31,961.03,0.145,1.3,20.0,dapi,1
BMPR1A_KD,no_BMP,10x-1,2582,613.0,203.3,78,58.78,76.42,1236.9,179.9,1212.22,0.1484,1.3,20.0,dapi,1
BMPR1A_KD,no_BMP,10x-1,2583,614.1,263.2,76,118.68,154.28,1189.16,132.16,1068.17,0.1237,1.3,20.0,dapi,1
BMPR1A_KD,no_BMP,10x-1,2584,613.7,463.2,67,236.12,306.96,1174.63,117.63,988.34,0.119,1.3,20.0,dapi,1
BMPR1A_KD,no_BMP,10x-1,2585,614.9,602.2,115,231.48,300.93,1143.11,86.11,1123.11,0.0767,1.3,20.0,dapi,1
BMPR1A_KD,no_BMP,10x-1,2586,613.1,774.5,68,89.66,116.56,1137.38,80.38,1304.0,0.0616,1.3,20.0,dapi,1
BMPR1A_KD,no_BMP,10x-1,2587,613.3,436.4,52,229.13,297.87,1191.96,134.96,1053.83,0.1281,1.3,20.0,dapi,1
BMPR1A_KD,no_BMP,10x-1,2588,614.2,486.6,69,242.58,315.35,1117.74,60.74,912.43,0.0666,1.3,20.0,dapi,1
BMPR1A_KD,no_BMP,10x-1,2589,614.4,497.4,78,245.51,319.16,1128.56,71.56,960.62,0.0745,1.3,20.0,dapi,1
BMPR1A_KD,no_BMP,10x-1,2590,615.8,661.3,108,196.43,255.36,1130.56,73.56,1118.69,0.0658,1.3,20.0,dapi,1
BMPR1A_KD,no_BMP,10x-1,2591,613.3,783.6,66,79.66,103.56,1171.65,114.65,1251.39,0.0916,1.3,20.0,dapi,1
BMPR1A_KD,no_BMP,10x-1,2592,613.6,794.8,50,68.64,89.23,1162.58,105.58,1164.98,0.0906,1.3,20.0,dapi,1
BMPR1A_KD,no_BMP,10x-1,2593,618.0,215.2,78,70.62,91.8,1226.15,169.15,1313.59,0.1288,1.3,20.0,dapi,1
BMPR1A_KD,no_BMP,10x-1,2594,617.1,393.0,66,214.13,278.37,1204.08,147.08,1014.82,0.1449,1.3,20.0,dapi,1
BMPR1A_KD,no_BMP,10x-1,2595,613.4,819.5,21,44.69,58.1,1155.43,98.43,1033.24,0.0953,1.3,20.0,dapi,1
BMPR1A_KD,no_BMP,10x-1,2596,619.3,413.0,158,216.51,281.47,1184.48,127.48,954.36,0.1336,1.3,20.0,dapi,1
BMPR1A_KD,no_BMP,10x-1,2597,617.1,625.2,125,215.62,280.31,1130.46,73.46,1073.75,0.0684,1.3,20.0,dapi,1
BMPR1A_KD,no_BMP,10x-1,2598,615.5,848.5,49,14.63,19.02,1147.45,90.45,1249.65,0.0724,1.3,20.0,dapi,1
BMPR1A_KD,no_BMP,10x-1,2599,616.9,154.2,74,9.64,12.53,1211.08,154.08,1113.95,0.1383,1.3,20.0,dapi,1
BMPR1A_KD,no_BMP,10x-1,2600,617.5,514.8,82,247.93,322.31,1121.45,64.45,1062.21,0.0607,1.3,20.0,dapi,1
BMPR1A_KD,no_BMP,10x-1,2601,617.2,564.1,99,256.24,333.11,1143.07,86.07,905.53,0.0951,1.3,20.0,dapi,1
BMPR1A_KD,no_BMP,10x-1,2602,617.6,239.2,79,94.62,123.0,1222.25,165.25,1227.27,0.1347,1.3,20.0,dapi,1
BMPR1A_KD,no_BMP,10x-1,2603,618.9,286.6,69,142.62,185.4,1182.84,125.84,1062.65,0.1184,1.3,20.0,dapi,1
BMPR1A_KD,no_BMP,10x-1,2604,619.0,342.2,64,197.62,256.9,1214.09,157.09,971.55,0.1617,1.3,20.0,dapi,1
BMPR1A_KD,no_BMP,10x-1,2605,617.6,445.9,65,228.08,296.5,1180.31,123.31,1003.14,0.1229,1.3,20.0,dapi,1
BMPR1A_KD,no_BMP,10x-1,2606,619.3,524.9,93,250.94,326.22,1129.13,72.13,955.56,0.0755,1.3,20.0,dapi,1
BMPR1A_KD,no_BMP,10x-1,2607,616.6,750.2,47,113.62,147.7,1116.21,59.21,1679.32,0.0353,1.3,20.0,dapi,1
BMPR1A_KD,no_BMP,10x-1,2608,616.9,807.0,48,56.62,73.6,1162.65,105.65,1087.58,0.0971,1.3,20.0,dapi,1
BMPR1A_KD,no_BMP,10x-1,2609,619.2,836.4,115,27.62,35.9,1158.7,101.7,1152.21,0.0883,1.3,20.0,dapi,1
BMPR1A_KD,no_BMP,10x-1,2610,618.0,183.8,43,39.62,51.5,1236.95,179.95,1123.37,0.1602,1.3,20.0,dapi,1
BMPR1A_KD,no_BMP,10x-1,2611,620.3,274.2,93,129.62,168.5,1190.06,133.06,1273.23,0.1045,1.3,20.0,dapi,1
BMPR1A_KD,no_BMP,10x-1,2612,620.8,548.3,107,259.4,337.22,1122.81,65.81,932.46,0.0706,1.3,20.0,dapi,1
BMPR1A_KD,no_BMP,10x-1,2613,616.8,673.3,23,186.25,242.13,1129.48,72.48,1460.3,0.0496,1.3,20.0,dapi,1
BMPR1A_KD,no_BMP,10x-1,2614,620.8,729.3,116,134.62,175.0,1142.45,85.45,1117.87,0.0764,1.3,20.0,dapi,1
BMPR1A_KD,no_BMP,10x-1,2615,619.3,761.1,61,102.62,133.4,1134.84,77.84,1224.15,0.0636,1.3,20.0,dapi,1
BMPR1A_KD,no_BMP,10x-1,2616,621.8,635.6,121,205.15,266.7,1122.72,65.72,1088.62,0.0604,1.3,20.0,dapi,1
BMPR1A_KD,no_BMP,10x-1,2617,621.2,687.0,105,172.83,224.68,1113.63,56.63,1113.65,0.0508,1.3,20.0,dapi,1
BMPR1A_KD,no_BMP,10x-1,2618,620.6,709.0,69,154.62,201.0,1122.94,65.94,1017.0,0.0648,1.3,20.0,dapi,1
BMPR1A_KD,no_BMP,10x-1,2619,623.5,719.1,113,144.62,188.0,1123.06,66.06,1077.81,0.0613,1.3,20.0,dapi,1
BMPR1A_KD,no_BMP,10x-1,2620,619.3,857.3,70,6.62,8.6,1139.31,82.31,1135.93,0.0725,1.3,20.0,dapi,1
BMPR1A_KD,no_BMP,10x-1,2621,620.7,193.3,57,48.62,63.2,1220.04,163.04,1063.65,0.1533,1.3,20.0,dapi,1
BMPR1A_KD,no_BMP,10x-1,2622,621.3,205.7,64,61.62,80.1,1236.16,179.16,1150.48,0.1557,1.3,20.0,dapi,1
BMPR1A_KD,no_BMP,10x-1,2623,619.9,317.8,38,173.62,225.7,1198.32,141.32,981.61,0.144,1.3,20.0,dapi,1
BMPR1A_KD,no_BMP,10x-1,2624,623.0,468.9,71,228.88,297.54,1155.75,98.75,999.42,0.0988,1.3,20.0,dapi,1
BMPR1A_KD,no_BMP,10x-1,2625,623.8,532.7,107,249.82,324.76,1140.18,83.18,933.6,0.0891,1.3,20.0,dapi,1
BMPR1A_KD,no_BMP,10x-1,2626,621.6,796.8,72,66.62,86.6,1170.81,113.81,1353.42,0.0841,1.3,20.0,dapi,1
BMPR1A_KD,no_BMP,10x-1,2627,621.0,311.9,41,167.62,217.9,1190.44,133.44,1029.07,0.1297,1.3,20.0,dapi,1
BMPR1A_KD,no_BMP,10x-1,2628,622.7,360.4,83,202.42,263.15,1205.53,148.53,1092.14,0.136,1.3,20.0,dapi,1
BMPR1A_KD,no_BMP,10x-1,2629,623.0,382.0,77,206.23,268.1,1188.61,131.61,1187.22,0.1109,1.3,20.0,dapi,1
BMPR1A_KD,no_BMP,10x-1,2630,622.5,477.3,80,231.06,300.38,1142.01,85.01,1214.12,0.07,1.3,20.0,dapi,1
BMPR1A_KD,no_BMP,10x-1,2631,620.9,813.1,51,50.62,65.8,1183.78,126.78,1114.86,0.1137,1.3,20.0,dapi,1
BMPR1A_KD,no_BMP,10x-1,2632,624.5,323.9,76,179.64,233.53,1181.84,124.84,1113.42,0.1121,1.3,20.0,dapi,1
BMPR1A_KD,no_BMP,10x-1,2633,625.2,333.2,102,188.65,245.25,1209.46,152.46,923.03,0.1652,1.3,20.0,dapi,1
BMPR1A_KD,no_BMP,10x-1,2634,623.6,398.4,74,208.19,270.65,1212.08,155.08,1011.72,0.1533,1.3,20.0,dapi,1
BMPR1A_KD,no_BMP,10x-1,2635,622.9,428.4,68,217.05,282.16,1173.28,116.28,1062.87,0.1094,1.3,20.0,dapi,1
BMPR1A_KD,no_BMP,10x-1,2636,622.3,776.7,59,86.62,112.6,1143.85,86.85,1326.92,0.0655,1.3,20.0,dapi,1
BMPR1A_KD,no_BMP,10x-1,2637,624.9,457.2,95,224.02,291.22,1164.93,107.93,1134.79,0.0951,1.3,20.0,dapi,1
BMPR1A_KD,no_BMP,10x-1,2638,624.9,566.9,119,248.58,323.15,1117.88,60.88,1050.96,0.0579,1.3,20.0,dapi,1
BMPR1A_KD,no_BMP,10x-1,2639,624.6,786.7,68,76.66,99.66,1160.37,103.37,1203.19,0.0859,1.3,20.0,dapi,1
BMPR1A_KD,no_BMP,10x-1,2640,626.9,226.2,98,81.8,106.34,1227.52,170.52,1055.22,0.1616,1.3,20.0,dapi,1
BMPR1A_KD,no_BMP,10x-1,2641,626.7,580.2,102,237.78,309.11,1130.51,73.51,874.06,0.0841,1.3,20.0,dapi,1
BMPR1A_KD,no_BMP,10x-1,2642,624.3,605.5,87,222.71,289.53,1121.26,64.26,958.17,0.0671,1.3,20.0,dapi,1
BMPR1A_KD,no_BMP,10x-1,2643,624.9,150.9,67,6.98,9.07,1195.04,138.04,1245.51,0.1108,1.3,20.0,dapi,1
BMPR1A_KD,no_BMP,10x-1,2644,624.7,239.2,58,94.69,123.09,1238.97,181.97,1186.6,0.1533,1.3,20.0,dapi,1
BMPR1A_KD,no_BMP,10x-1,2645,626.1,252.9,55,108.72,141.33,1214.25,157.25,1183.85,0.1328,1.3,20.0,dapi,1
BMPR1A_KD,no_BMP,10x-1,2646,629.1,264.5,144,120.85,157.11,1199.05,142.05,1056.3,0.1345,1.3,20.0,dapi,1
BMPR1A_KD,no_BMP,10x-1,2647,627.3,658.3,75,189.05,245.76,1125.31,68.31,1003.0,0.0681,1.3,20.0,dapi,1
BMPR1A_KD,no_BMP,10x-1,2648,627.5,299.4,79,154.72,201.14,1201.94,144.94,1308.13,0.1108,1.3,20.0,dapi,1
BMPR1A_KD,no_BMP,10x-1,2649,628.5,310.2,112,165.75,215.48,1212.35,155.35,1231.47,0.1261,1.3,20.0,dapi,1
BMPR1A_KD,no_BMP,10x-1,2650,627.8,486.3,93,228.86,297.52,1111.37,54.37,1158.53,0.0469,1.3,20.0,dapi,1
BMPR1A_KD,no_BMP,10x-1,2651,627.9,499.3,103,232.9,302.77,1113.98,56.98,1030.78,0.0553,1.3,20.0,dapi,1
BMPR1A_KD,no_BMP,10x-1,2652,628.2,648.4,113,193.47,251.51,1126.8,69.8,1149.51,0.0607,1.3,20.0,dapi,1
BMPR1A_KD,no_BMP,10x-1,2653,627.6,808.5,72,54.87,71.33,1175.33,118.33,1216.85,0.0972,1.3,20.0,dapi,1
BMPR1A_KD,no_BMP,10x-1,2654,626.3,831.4,70,32.78,42.62,1154.56,97.56,1196.67,0.0815,1.3,20.0,dapi,1
BMPR1A_KD,no_BMP,10x-1,2655,627.9,186.8,93,43.04,55.95,1234.73,177.73,1220.45,0.1456,1.3,20.0,dapi,1
BMPR1A_KD,no_BMP,10x-1,2656,627.4,354.3,68,197.75,257.08,1201.93,144.93,1070.57,0.1354,1.3,20.0,dapi,1
BMPR1A_KD,no_BMP,10x-1,2657,631.3,375.1,129,197.01,256.12,1189.64,132.64,1044.69,0.127,1.3,20.0,dapi,1
BMPR1A_KD,no_BMP,10x-1,2658,628.4,444.6,78,218.47,284.01,1165.67,108.67,923.29,0.1177,1.3,20.0,dapi,1
BMPR1A_KD,no_BMP,10x-1,2659,629.1,764.6,74,98.83,128.48,1148.95,91.95,1321.47,0.0696,1.3,20.0,dapi,1
BMPR1A_KD,no_BMP,10x-1,2660,629.6,287.8,57,143.87,187.03,1201.19,144.19,1138.98,0.1266,1.3,20.0,dapi,1
BMPR1A_KD,no_BMP,10x-1,2661,630.1,697.7,109,158.62,206.2,1125.28,68.28,1089.72,0.0627,1.3,20.0,dapi,1
BMPR1A_KD,no_BMP,10x-1,2662,629.3,734.8,52,128.79,167.42,1145.08,88.08,1123.23,0.0784,1.3,20.0,dapi,1
BMPR1A_KD,no_BMP,10x-1,2663,629.7,743.4,75,120.85,157.11,1150.59,93.59,1290.44,0.0725,1.3,20.0,dapi,1
BMPR1A_KD,no_BMP,10x-1,2664,629.4,209.6,56,66.01,85.81,1216.77,159.77,1144.52,0.1396,1.3,20.0,dapi,1
BMPR1A_KD,no_BMP,10x-1,2665,630.7,421.4,70,207.25,269.43,1177.81,120.81,1047.0,0.1154,1.3,20.0,dapi,1
BMPR1A_KD,no_BMP,10x-1,2666,629.4,753.4,55,110.81,144.05,1125.58,68.58,1000.98,0.0685,1.3,20.0,dapi,1
BMPR1A_KD,no_BMP,10x-1,2667,629.5,819.3,63,45.15,58.69,1167.21,110.21,1008.57,0.1093,1.3,20.0,dapi,1
BMPR1A_KD,no_BMP,10x-1,2668,629.7,861.5,58,3.4,4.42,1094.62,37.62,959.05,0.0392,1.3,20.0,dapi,1
BMPR1A_KD,no_BMP,10x-1,2669,630.9,625.6,74,203.89,265.05,1127.18,70.18,1031.51,0.068,1.3,20.0,dapi,1
BMPR1A_KD,no_BMP,10x-1,2670,632.9,638.8,102,194.45,252.78,1124.84,67.84,1153.99,0.0588,1.3,20.0,dapi,1
BMPR1A_KD,no_BMP,10x-1,2671,630.9,781.1,67,83.03,107.94,1186.3,129.3,1187.48,0.1089,1.3,20.0,dapi,1
BMPR1A_KD,no_BMP,10x-1,2672,631.6,216.9,58,73.3,95.29,1245.33,188.33,1075.88,0.175,1.3,20.0,dapi,1
BMPR1A_KD,no_BMP,10x-1,2673,632.0,238.0,95,94.17,122.42,1224.34,167.34,1279.87,0.1307,1.3,20.0,dapi,1
BMPR1A_KD,no_BMP,10x-1,2674,632.6,321.9,76,177.99,231.38,1197.01,140.01,1148.68,0.1219,1.3,20.0,dapi,1
BMPR1A_KD,no_BMP,10x-1,2675,633.5,391.4,99,198.03,257.43,1189.51,132.51,1071.05,0.1237,1.3,20.0,dapi,1
BMPR1A_KD,no_BMP,10x-1,2676,630.1,670.2,35,180.56,234.72,1107.34,50.34,1198.83,0.042,1.3,20.0,dapi,1
BMPR1A_KD,no_BMP,10x-1,2677,632.4,708.1,72,149.71,194.63,1126.22,69.22,980.74,0.0706,1.3,20.0,dapi,1
BMPR1A_KD,no_BMP,10x-1,2678,632.0,160.2,55,16.86,21.92,1223.51,166.51,1232.64,0.1351,1.3,20.0,dapi,1
BMPR1A_KD,no_BMP,10x-1,2679,634.0,278.4,82,134.18,174.44,1186.82,129.82,1327.46,0.0978,1.3,20.0,dapi,1
BMPR1A_KD,no_BMP,10x-1,2680,633.9,430.7,93,207.7,270.0,1165.0,108.0,1216.94,0.0887,1.3,20.0,dapi,1
BMPR1A_KD,no_BMP,10x-1,2681,634.4,516.2,90,233.58,303.66,1129.84,72.84,1003.81,0.0726,1.3,20.0,dapi,1
BMPR1A_KD,no_BMP,10x-1,2682,634.0,591.0,74,225.03,292.54,1128.34,71.34,938.01,0.0761,1.3,20.0,dapi,1
BMPR1A_KD,no_BMP,10x-1,2683,633.1,172.8,57,29.89,38.86,1228.25,171.25,1146.81,0.1493,1.3,20.0,dapi,1
BMPR1A_KD,no_BMP,10x-1,2684,634.8,350.8,144,189.5,246.35,1199.03,142.03,1057.89,0.1343,1.3,20.0,dapi,1
BMPR1A_KD,no_BMP,10x-1,2685,634.6,402.3,77,198.31,257.8,1190.95,133.95,1026.61,0.1305,1.3,20.0,dapi,1
BMPR1A_KD,no_BMP,10x-1,2686,633.8,791.6,47,72.44,94.17,1167.28,110.28,1161.32,0.095,1.3,20.0,dapi,1
BMPR1A_KD,no_BMP,10x-1,2687,634.3,799.3,77,65.51,85.16,1171.7,114.7,1188.06,0.0965,1.3,20.0,dapi,1
BMPR1A_KD,no_BMP,10x-1,2688,632.6,830.4,50,34.83,45.29,1148.36,91.36,1186.46,0.077,1.3,20.0,dapi,1
BMPR1A_KD,no_BMP,10x-1,2689,634.2,185.3,55,41.93,54.51,1252.02,195.02,1193.36,0.1634,1.3,20.0,dapi,1
BMPR1A_KD,no_BMP,10x-1,2690,634.8,248.8,65,105.43,137.06,1200.68,143.68,1065.0,0.1349,1.3,20.0,dapi,1
BMPR1A_KD,no_BMP,10x-1,2691,637.4,483.4,144,219.38,285.19,1132.42,75.42,990.85,0.0761,1.3,20.0,dapi,1
BMPR1A_KD,no_BMP,10x-1,2692,636.1,602.2,102,215.89,280.66,1130.84,73.84,1114.92,0.0662,1.3,20.0,dapi,1
BMPR1A_KD,no_BMP,10x-1,2693,635.0,154.3,56,11.54,15.0,1236.54,179.54,1166.84,0.1539,1.3,20.0,dapi,1
BMPR1A_KD,no_BMP,10x-1,2694,636.4,471.7,76,217.18,282.33,1154.37,97.37,986.5,0.0987,1.3,20.0,dapi,1
BMPR1A_KD,no_BMP,10x-1,2695,637.1,538.8,114,241.04,313.35,1135.19,78.19,942.0,0.083,1.3,20.0,dapi,1
BMPR1A_KD,no_BMP,10x-1,2696,637.5,413.0,74,199.18,258.93,1188.45,131.45,1094.35,0.1201,1.3,20.0,dapi,1
BMPR1A_KD,no_BMP,10x-1,2697,637.7,462.5,63,212.6,276.38,1160.56,103.56,998.83,0.1037,1.3,20.0,dapi,1
BMPR1A_KD,no_BMP,10x-1,2698,638.0,565.2,138,241.47,313.91,1126.32,69.32,1003.3,0.0691,1.3,20.0,dapi,1
BMPR1A_KD,no_BMP,10x-1,2699,637.1,617.7,64,204.37,265.68,1113.19,56.19,1043.36,0.0539,1.3,20.0,dapi,1
BMPR1A_KD,no_BMP,10x-1,2700,638.6,682.1,114,166.01,215.81,1123.53,66.53,1121.26,0.0593,1.3,20.0,dapi,1
BMPR1A_KD,no_BMP,10x-1,2701,637.9,716.9,110,139.0,180.7,1130.49,73.49,1091.42,0.0673,1.3,20.0,dapi,1
BMPR1A_KD,no_BMP,10x-1,2702,636.2,777.8,23,86.58,112.56,1125.52,68.52,1594.96,0.043,1.3,20.0,dapi,1
BMPR1A_KD,no_BMP,10x-1,2703,639.3,294.5,91,150.59,195.77,1209.59,152.59,1267.84,0.1204,1.3,20.0,dapi,1
BMPR1A_KD,no_BMP,10x-1,2704,637.5,302.8,56,159.44,207.28,1203.41,146.41,1157.36,0.1265,1.3,20.0,dapi,1
BMPR1A_KD,no_BMP,10x-1,2705,638.8,737.5,64,124.0,161.2,1134.7,77.7,1059.95,0.0733,1.3,20.0,dapi,1
BMPR1A_KD,no_BMP,10x-1,2706,637.5,839.1,81,27.34,35.54,1129.51,72.51,1192.4,0.0608,1.3,20.0,dapi,1
BMPR1A_KD,no_BMP,10x-1,2707,639.3,196.6,61,54.49,70.83,1228.34,171.34,1084.93,0.1579,1.3,20.0,dapi,1
BMPR1A_KD,no_BMP,10x-1,2708,639.9,368.8,101,187.03,243.13,1183.06,126.06,1102.68,0.1143,1.3,20.0,dapi,1
BMPR1A_KD,no_BMP,10x-1,2709,638.9,502.9,87,223.99,291.18,1121.56,64.56,924.38,0.0698,1.3,20.0,dapi,1
BMPR1A_KD,no_BMP,10x-1,2710,638.8,147.4,37,6.57,8.54,1251.59,194.59,1087.05,0.179,1.3,20.0,dapi,1
BMPR1A_KD,no_BMP,10x-1,2711,639.6,204.6,54,62.54,81.31,1205.07,148.07,1111.04,0.1333,1.3,20.0,dapi,1
BMPR1A_KD,no_BMP,10x-1,2712,641.8,548.5,101,241.18,313.53,1121.8,64.8,936.34,0.0692,1.3,20.0,dapi,1
BMPR1A_KD,no_BMP,10x-1,2713,640.8,579.6,90,228.19,296.65,1128.93,71.93,1021.87,0.0704,1.3,20.0,dapi,1
BMPR1A_KD,no_BMP,10x-1,2714,638.4,766.1,17,98.74,128.37,1114.82,57.82,1700.0,0.034,1.3,20.0,dapi,1
BMPR1A_KD,no_BMP,10x-1,2715,639.2,824.6,69,41.23,53.6,1146.61,89.61,1300.33,0.0689,1.3,20.0,dapi,1
BMPR1A_KD,no_BMP,10x-1,2716,640.7,175.7,82,34.34,44.65,1223.95,166.95,1358.18,0.1229,1.3,20.0,dapi,1
BMPR1A_KD,no_BMP,10x-1,2717,640.2,217.9,57,75.41,98.04,1204.91,147.91,1119.11,0.1322,1.3,20.0,dapi,1
BMPR1A_KD,no_BMP,10x-1,2718,640.3,231.8,60,89.31,116.1,1219.85,162.85,1187.9,0.1371,1.3,20.0,dapi,1
BMPR1A_KD,no_BMP,10x-1,2719,643.1,451.2,63,205.13,266.67,1152.05,95.05,1466.67,0.0648,1.3,20.0,dapi,1
BMPR1A_KD,no_BMP,10x-1,2720,640.4,751.2,80,113.87,148.04,1127.56,70.56,1097.03,0.0643,1.3,20.0,dapi,1
BMPR1A_KD,no_BMP,10x-1,2721,639.8,858.0,42,11.82,15.36,1122.07,65.07,1282.64,0.0507,1.3,20.0,dapi,1
BMPR1A_KD,no_BMP,10x-1,2722,640.8,187.8,34,46.01,59.81,1242.35,185.35,1252.47,0.148,1.3,20.0,dapi,1
BMPR1A_KD,no_BMP,10x-1,2723,642.9,253.7,83,111.51,144.96,1200.73,143.73,981.92,0.1464,1.3,20.0,dapi,1
BMPR1A_KD,no_BMP,10x-1,2724,641.3,267.1,53,124.06,161.27,1200.53,143.53,1107.34,0.1296,1.3,20.0,dapi,1
BMPR1A_KD,no_BMP,10x-1,2725,644.9,650.7,197,177.71,231.02,1135.49,78.49,908.09,0.0864,1.3,20.0,dapi,1
BMPR1A_KD,no_BMP,10x-1,2726,641.7,730.6,53,126.04,163.86,1123.72,66.72,1069.62,0.0624,1.3,20.0,dapi,1
BMPR1A_KD,no_BMP,10x-1,2727,641.1,810.7,55,55.22,71.79,1153.33,96.33,1233.55,0.0781,1.3,20.0,dapi,1
BMPR1A_KD,no_BMP,10x-1,2728,641.6,430.4,79,199.86,259.82,1180.78,123.78,1019.92,0.1214,1.3,20.0,dapi,1
BMPR1A_KD,no_BMP,10x-1,2729,643.6,689.9,79,156.58,203.56,1117.95,60.95,1055.65,0.0577,1.3,20.0,dapi,1
BMPR1A_KD,no_BMP,10x-1,2730,642.1,798.5,60,68.05,88.46,1133.62,76.62,1242.17,0.0617,1.3,20.0,dapi,1
BMPR1A_KD,no_BMP,10x-1,2731,644.8,628.1,83,191.79,249.32,1134.02,77.02,1064.77,0.0723,1.3,20.0,dapi,1
BMPR1A_KD,no_BMP,10x-1,2732,643.0,869.2,66,5.99,7.79,1098.44,41.44,1049.32,0.0395,1.3,20.0,dapi,1
BMPR1A_KD,no_BMP,10x-1,2733,645.5,225.2,67,83.27,108.25,1210.3,153.3,1202.42,0.1275,1.3,20.0,dapi,1
BMPR1A_KD,no_BMP,10x-1,2734,645.9,521.5,76,224.78,292.22,1163.42,106.42,934.62,0.1139,1.3,20.0,dapi,1
BMPR1A_KD,no_BMP,10x-1,2735,646.4,159.7,56,21.33,27.73,1228.95,171.95,1137.21,0.1512,1.3,20.0,dapi,1
BMPR1A_KD,no_BMP,10x-1,2736,645.6,242.5,77,100.03,130.04,1230.56,173.56,1238.53,0.1401,1.3,20.0,dapi,1
BMPR1A_KD,no_BMP,10x-1,2737,646.4,307.6,65,165.35,214.96,1223.57,166.57,1065.89,0.1563,1.3,20.0,dapi,1
BMPR1A_KD,no_BMP,10x-1,2738,643.1,703.4,20,146.62,190.6,1123.9,66.9,1560.45,0.0429,1.3,20.0,dapi,1
BMPR1A_KD,no_BMP,10x-1,2739,648.2,788.5,100,79.26,103.03,1151.31,94.31,1172.4,0.0804,1.3,20.0,dapi,1
BMPR1A_KD,no_BMP,10x-1,2740,647.0,146.9,111,11.49,14.93,1277.42,220.42,1318.27,0.1672,1.3,20.0,dapi,1
BMPR1A_KD,no_BMP,10x-1,2741,647.1,287.0,62,144.74,188.16,1193.92,136.92,1161.52,0.1179,1.3,20.0,dapi,1
BMPR1A_KD,no_BMP,10x-1,2742,648.4,391.6,75,183.48,238.52,1196.87,139.87,995.08,0.1406,1.3,20.0,dapi,1
BMPR1A_KD,no_BMP,10x-1,2743,648.1,535.8,81,229.96,298.95,1146.96,89.96,899.02,0.1001,1.3,20.0,dapi,1
BMPR1A_KD,no_BMP,10x-1,2744,647.7,597.2,86,210.96,274.25,1134.14,77.14,1133.02,0.0681,1.3,20.0,dapi,1
BMPR1A_KD,no_BMP,10x-1,2745,647.5,721.7,82,128.66,167.26,1132.41,75.41,1077.07,0.07,1.3,20.0,dapi,1
BMPR1A_KD,no_BMP,10x-1,2746,648.4,827.8,111,41.86,54.42,1161.26,104.26,1131.89,0.0921,1.3,20.0,dapi,1
BMPR1A_KD,no_BMP,10x-1,2747,649.6,318.3,121,173.64,225.73,1192.69,135.69,1116.77,0.1215,1.3,20.0,dapi,1
BMPR1A_KD,no_BMP,10x-1,2748,648.5,349.7,75,175.47,228.11,1181.21,124.21,1381.91,0.0899,1.3,20.0,dapi,1
BMPR1A_KD,no_BMP,10x-1,2749,648.0,404.2,61,186.17,242.03,1171.46,114.46,1026.15,0.1115,1.3,20.0,dapi,1
BMPR1A_KD,no_BMP,10x-1,2750,650.2,470.1,119,203.19,264.15,1153.8,96.8,1054.92,0.0918,1.3,20.0,dapi,1
BMPR1A_KD,no_BMP,10x-1,2751,649.6,490.9,79,209.49,272.34,1131.18,74.18,911.66,0.0814,1.3,20.0,dapi,1
BMPR1A_KD,no_BMP,10x-1,2752,649.3,609.1,110,201.7,262.21,1129.29,72.29,1104.5,0.0655,1.3,20.0,dapi,1
BMPR1A_KD,no_BMP,10x-1,2753,647.7,740.9,52,114.73,149.15,1124.9,67.9,1082.17,0.0627,1.3,20.0,dapi,1
BMPR1A_KD,no_BMP,10x-1,2754,646.2,770.0,51,96.23,125.09,1157.2,100.2,995.16,0.1007,1.3,20.0,dapi,1
BMPR1A_KD,no_BMP,10x-1,2755,649.1,372.1,57,178.78,232.41,1205.68,148.68,1071.3,0.1388,1.3,20.0,dapi,1
BMPR1A_KD,no_BMP,10x-1,2756,649.9,420.2,113,188.91,245.59,1173.99,116.99,1101.24,0.1062,1.3,20.0,dapi,1
BMPR1A_KD,no_BMP,10x-1,2757,649.3,507.1,104,216.24,281.11,1145.09,88.09,1096.61,0.0803,1.3,20.0,dapi,1
BMPR1A_KD,no_BMP,10x-1,2758,649.2,191.5,60,51.02,66.33,1216.32,159.32,1209.98,0.1317,1.3,20.0,dapi,1
BMPR1A_KD,no_BMP,10x-1,2759,650.2,560.0,85,235.09,305.62,1124.34,67.34,899.67,0.0749,1.3,20.0,dapi,1
BMPR1A_KD,no_BMP,10x-1,2760,648.9,583.7,70,219.89,285.86,1132.57,75.57,1025.5,0.0737,1.3,20.0,dapi,1
BMPR1A_KD,no_BMP,10x-1,2761,650.8,803.8,57,65.03,84.53,1157.19,100.19,979.02,0.1023,1.3,20.0,dapi,1
BMPR1A_KD,no_BMP,10x-1,2762,650.9,113.2,57,4.31,5.61,1196.54,139.54,1107.91,0.126,1.3,20.0,dapi,1
BMPR1A_KD,no_BMP,10x-1,2763,653.9,124.2,122,8.62,11.2,1244.3,187.3,1238.81,0.1512,1.3,20.0,dapi,1
BMPR1A_KD,no_BMP,10x-1,2764,650.6,263.9,57,122.55,159.31,1193.12,136.12,1086.46,0.1253,1.3,20.0,dapi,1
BMPR1A_KD,no_BMP,10x-1,2765,650.5,779.1,62,88.46,115.0,1158.76,101.76,1111.31,0.0916,1.3,20.0,dapi,1
BMPR1A_KD,no_BMP,10x-1,2766,650.8,851.3,38,24.24,31.51,1126.68,69.68,1141.13,0.0611,1.3,20.0,dapi,1
BMPR1A_KD,no_BMP,10x-1,2767,651.0,864.3,59,12.78,16.61,1121.75,64.75,1446.25,0.0448,1.3,20.0,dapi,1
BMPR1A_KD,no_BMP,10x-1,2768,653.3,217.2,98,77.06,100.18,1223.68,166.68,1202.05,0.1387,1.3,20.0,dapi,1
BMPR1A_KD,no_BMP,10x-1,2769,653.5,238.1,115,97.65,126.94,1221.41,164.41,1224.83,0.1342,1.3,20.0,dapi,1
BMPR1A_KD,no_BMP,10x-1,2770,652.5,277.8,85,136.52,177.48,1181.75,124.75,1258.71,0.0991,1.3,20.0,dapi,1
BMPR1A_KD,no_BMP,10x-1,2771,652.6,384.1,61,177.13,230.27,1200.23,143.23,988.56,0.1449,1.3,20.0,dapi,1
BMPR1A_KD,no_BMP,10x-1,2772,654.5,635.8,137,178.99,232.68,1142.94,85.94,1042.89,0.0824,1.3,20.0,dapi,1
BMPR1A_KD,no_BMP,10x-1,2773,653.7,815.5,121,56.17,73.02,1144.87,87.87,1232.39,0.0713,1.3,20.0,dapi,1
BMPR1A_KD,no_BMP,10x-1,2774,653.1,203.9,53,64.62,84.01,1230.26,173.26,1082.79,0.16,1.3,20.0,dapi,1
BMPR1A_KD,no_BMP,10x-1,2775,653.5,296.5,98,153.76,199.89,1204.45,147.45,1206.64,0.1222,1.3,20.0,dapi,1
BMPR1A_KD,no_BMP,10x-1,2776,654.9,356.5,74,170.17,221.23,1190.86,133.86,978.26,0.1368,1.3,20.0,dapi,1
BMPR1A_KD,no_BMP,10x-1,2777,653.0,365.7,47,173.7,225.81,1189.09,132.09,1165.79,0.1133,1.3,20.0,dapi,1
BMPR1A_KD,no_BMP,10x-1,2778,653.1,514.8,60,215.88,280.64,1160.83,103.83,1086.38,0.0956,1.3,20.0,dapi,1
BMPR1A_KD,no_BMP,10x-1,2779,657.4,327.0,105,166.62,216.6,1182.44,125.44,1157.86,0.1083,1.3,20.0,dapi,1
BMPR1A_KD,no_BMP,10x-1,2780,653.9,439.9,74,192.12,249.76,1171.08,114.08,972.47,0.1173,1.3,20.0,dapi,1
BMPR1A_KD,no_BMP,10x-1,2781,654.5,528.9,71,220.45,286.59,1144.42,87.42,882.08,0.0991,1.3,20.0,dapi,1
BMPR1A_KD,no_BMP,10x-1,2782,655.3,568.5,109,226.78,294.81,1156.24,99.24,986.37,0.1006,1.3,20.0,dapi,1
BMPR1A_KD,no_BMP,10x-1,2783,653.3,170.5,22,33.49,43.54,1246.32,189.32,1193.14,0.1587,1.3,20.0,dapi,1
BMPR1A_KD,no_BMP,10x-1,2784,656.3,645.8,76,171.87,223.43,1144.41,87.41,1099.45,0.0795,1.3,20.0,dapi,1
BMPR1A_KD,no_BMP,10x-1,2785,657.8,655.7,111,164.23,213.5,1133.54,76.54,1103.18,0.0694,1.3,20.0,dapi,1
BMPR1A_KD,no_BMP,10x-1,2786,656.4,674.1,124,155.94,202.73,1109.82,52.82,1083.4,0.0488,1.3,20.0,dapi,1
BMPR1A_KD,no_BMP,10x-1,2787,656.3,710.3,69,133.31,173.3,1127.3,70.3,1121.99,0.0627,1.3,20.0,dapi,1
BMPR1A_KD,no_BMP,10x-1,2788,654.3,749.1,75,104.86,136.31,1126.48,69.48,1109.41,0.0626,1.3,20.0,dapi,1
BMPR1A_KD,no_BMP,10x-1,2789,655.8,785.5,54,81.74,106.27,1153.98,96.98,1186.19,0.0818,1.3,20.0,dapi,1
BMPR1A_KD,no_BMP,10x-1,2790,655.6,181.1,58,44.56,57.92,1256.31,199.31,1120.24,0.1779,1.3,20.0,dapi,1
BMPR1A_KD,no_BMP,10x-1,2791,655.9,253.0,64,112.71,146.53,1211.31,154.31,1013.53,0.1523,1.3,20.0,dapi,1
BMPR1A_KD,no_BMP,10x-1,2792,657.5,335.0,69,166.64,216.63,1188.55,131.55,1010.2,0.1302,1.3,20.0,dapi,1
BMPR1A_KD,no_BMP,10x-1,2793,656.4,410.7,113,180.4,234.52,1164.51,107.51,1123.78,0.0957,1.3,20.0,dapi,1
BMPR1A_KD,no_BMP,10x-1,2794,656.7,461.7,106,194.23,252.5,1150.39,93.39,1041.36,0.0897,1.3,20.0,dapi,1
BMPR1A_KD,no_BMP,10x-1,2795,657.4,617.3,83,190.38,247.5,1145.42,88.42,1007.63,0.0878,1.3,20.0,dapi,1
BMPR1A_KD,no_BMP,10x-1,2796,657.7,690.3,111,146.51,190.46,1120.72,63.72,1104.68,0.0577,1.3,20.0,dapi,1
BMPR1A_KD,no_BMP,10x-1,2797,654.9,839.8,53,35.22,45.79,1145.19,88.19,1069.53,0.0825,1.3,20.0,dapi,1
BMPR1A_KD,no_BMP,10x-1,2798,658.2,874.4,92,6.55,8.51,1100.75,43.75,1113.45,0.0393,1.3,20.0,dapi,1
BMPR1A_KD,no_BMP,10x-1,2799,656.4,191.6,62,54.47,70.81,1237.1,180.1,1187.71,0.1516,1.3,20.0,dapi,1
BMPR1A_KD,no_BMP,10x-1,2800,657.9,723.2,85,121.62,158.1,1122.6,65.6,1256.01,0.0522,1.3,20.0,dapi,1
BMPR1A_KD,no_BMP,10x-1,2801,658.8,763.4,91,91.78,119.32,1147.47,90.47,1211.1,0.0747,1.3,20.0,dapi,1
BMPR1A_KD,no_BMP,10x-1,2802,658.3,114.7,71,9.85,12.81,1192.07,135.07,1243.46,0.1086,1.3,20.0,dapi,1
BMPR1A_KD,no_BMP,10x-1,2803,656.1,144.8,42,17.07,22.18,1294.0,237.0,1265.6,0.1873,1.3,20.0,dapi,1
BMPR1A_KD,no_BMP,10x-1,2804,658.4,580.4,85,217.16,282.31,1149.64,92.64,1017.99,0.091,1.3,20.0,dapi,1
BMPR1A_KD,no_BMP,10x-1,2805,655.8,701.2,28,140.78,183.01,1115.86,58.86,1387.75,0.0424,1.3,20.0,dapi,1
BMPR1A_KD,no_BMP,10x-1,2806,659.8,267.4,95,127.25,165.43,1210.54,153.54,1167.03,0.1316,1.3,20.0,dapi,1
BMPR1A_KD,no_BMP,10x-1,2807,658.4,312.7,58,164.93,214.41,1185.03,128.03,1104.1,0.116,1.3,20.0,dapi,1
BMPR1A_KD,no_BMP,10x-1,2808,660.1,154.8,77,26.39,34.31,1255.3,198.3,1308.92,0.1515,1.3,20.0,dapi,1
BMPR1A_KD,no_BMP,10x-1,2809,660.4,493.0,74,200.79,261.03,1146.47,89.47,912.96,0.098,1.3,20.0,dapi,1
BMPR1A_KD,no_BMP,10x-1,2810,660.0,735.2,59,110.99,144.28,1132.14,75.14,990.8,0.0758,1.3,20.0,dapi,1
BMPR1A_KD,no_BMP,10x-1,2811,658.6,774.5,32,85.05,110.57,1172.75,115.75,1267.59,0.0913,1.3,20.0,dapi,1
BMPR1A_KD,no_BMP,10x-1,2812,659.6,804.9,50,67.8,88.14,1155.0,98.0,1106.56,0.0886,1.3,20.0,dapi,1
BMPR1A_KD,no_BMP,10x-1,2813,659.0,827.2,48,48.13,62.57,1135.65,78.65,1068.25,0.0736,1.3,20.0,dapi,1
BMPR1A_KD,no_BMP,10x-1,2814,662.7,301.5,90,152.25,197.92,1190.22,133.22,1068.98,0.1246,1.3,20.0,dapi,1
BMPR1A_KD,no_BMP,10x-1,2815,664.1,427.9,94,178.69,232.3,1191.83,134.83,1207.86,0.1116,1.3,20.0,dapi,1
BMPR1A_KD,no_BMP,10x-1,2816,662.8,454.0,129,186.41,242.33,1136.11,79.11,1087.91,0.0727,1.3,20.0,dapi,1
BMPR1A_KD,no_BMP,10x-1,2817,661.7,550.4,93,225.36,292.96,1121.01,64.01,983.55,0.0651,1.3,20.0,dapi,1
BMPR1A_KD,no_BMP,10x-1,2818,662.6,166.9,75,37.02,48.12,1227.64,170.64,1356.15,0.1258,1.3,20.0,dapi,1
BMPR1A_KD,no_BMP,10x-1,2819,662.5,209.3,81,72.46,94.2,1218.06,161.06,1332.35,0.1209,1.3,20.0,dapi,1
BMPR1A_KD,no_BMP,10x-1,2820,662.1,241.2,57,102.62,133.41,1213.58,156.58,1116.49,0.1402,1.3,20.0,dapi,1
BMPR1A_KD,no_BMP,10x-1,2821,663.8,341.3,86,159.85,207.8,1170.38,113.38,1089.45,0.1041,1.3,20.0,dapi,1
BMPR1A_KD,no_BMP,10x-1,2822,663.3,392.9,103,169.01,219.71,1172.02,115.02,1134.71,0.1014,1.3,20.0,dapi,1
BMPR1A_KD,no_BMP,10x-1,2823,662.9,440.5,80,183.48,238.52,1186.46,129.46,1177.36,0.11,1.3,20.0,dapi,1
BMPR1A_KD,no_BMP,10x-1,2824,661.6,745.6,60,101.39,131.81,1131.8,74.8,1057.67,0.0707,1.3,20.0,dapi,1
BMPR1A_KD,no_BMP,10x-1,2825,662.9,196.6,78,61.98,80.58,1240.9,183.9,1254.18,0.1466,1.3,20.0,dapi,1
BMPR1A_KD,no_BMP,10x-1,2826,662.5,378.6,50,166.48,216.43,1185.26,128.26,1070.94,0.1198,1.3,20.0,dapi,1
BMPR1A_KD,no_BMP,10x-1,2827,664.4,593.3,107,203.3,264.29,1147.13,90.13,1119.7,0.0805,1.3,20.0,dapi,1
BMPR1A_KD,no_BMP,10x-1,2828,663.0,610.3,78,191.21,248.58,1143.49,86.49,1103.01,0.0784,1.3,20.0,dapi,1
BMPR1A_KD,no_BMP,10x-1,2829,664.1,680.7,93,145.49,189.14,1113.0,56.0,1062.25,0.0527,1.3,20.0,dapi,1
BMPR1A_KD,no_BMP,10x-1,2830,663.6,90.3,54,4.64,6.03,1179.83,122.83,1067.24,0.1151,1.3,20.0,dapi,1
BMPR1A_KD,no_BMP,10x-1,2831,665.4,222.0,91,85.64,111.33,1226.9,169.9,1280.55,0.1327,1.3,20.0,dapi,1
BMPR1A_KD,no_BMP,10x-1,2832,664.7,250.9,99,113.06,146.98,1199.43,142.43,1229.96,0.1158,1.3,20.0,dapi,1
BMPR1A_KD,no_BMP,10x-1,2833,663.4,289.1,61,142.67,185.47,1200.46,143.46,1028.72,0.1395,1.3,20.0,dapi,1
BMPR1A_KD,no_BMP,10x-1,2834,664.5,797.2,55,68.25,88.72,1158.31,101.31,1013.16,0.1,1.3,20.0,dapi,1
BMPR1A_KD,no_BMP,10x-1,2835,664.3,811.2,82,61.22,79.59,1149.1,92.1,1279.56,0.072,1.3,20.0,dapi,1
BMPR1A_KD,no_BMP,10x-1,2836,667.0,229.7,86,93.82,121.96,1225.94,168.94,1241.6,0.1361,1.3,20.0,dapi,1
BMPR1A_KD,no_BMP,10x-1,2837,664.8,355.5,75,160.13,208.17,1200.59,143.59,1180.37,0.1216,1.3,20.0,dapi,1
BMPR1A_KD,no_BMP,10x-1,2838,665.0,514.1,56,204.64,266.04,1162.95,105.95,1512.57,0.07,1.3,20.0,dapi,1
BMPR1A_KD,no_BMP,10x-1,2839,666.7,534.9,73,213.06,276.98,1161.16,104.16,901.81,0.1155,1.3,20.0,dapi,1
BMPR1A_KD,no_BMP,10x-1,2840,665.9,752.1,71,94.27,122.56,1129.63,72.63,1266.56,0.0573,1.3,20.0,dapi,1
BMPR1A_KD,no_BMP,10x-1,2841,665.8,772.9,75,80.04,104.05,1135.44,78.44,1197.6,0.0655,1.3,20.0,dapi,1
BMPR1A_KD,no_BMP,10x-1,2842,665.4,101.6,50,7.09,9.21,1183.56,126.56,966.92,0.1309,1.3,20.0,dapi,1
BMPR1A_KD,no_BMP,10x-1,2843,665.4,181.2,70,49.25,64.03,1233.07,176.07,1409.89,0.1249,1.3,20.0,dapi,1
BMPR1A_KD,no_BMP,10x-1,2844,667.9,499.0,130,195.62,254.31,1154.67,97.67,1029.12,0.0949,1.3,20.0,dapi,1
BMPR1A_KD,no_BMP,10x-1,2845,668.2,524.3,90,206.65,268.65,1154.8,97.8,906.49,0.1079,1.3,20.0,dapi,1
BMPR1A_KD,no_BMP,10x-1,2846,666.7,758.3,44,89.27,116.05,1142.36,85.36,1092.55,0.0781,1.3,20.0,dapi,1
BMPR1A_KD,no_BMP,10x-1,2847,664.9,822.1,61,54.45,70.79,1165.89,108.89,1098.16,0.0992,1.3,20.0,dapi,1
BMPR1A_KD,no_BMP,10x-1,2848,665.1,867.2,74,15.63,20.32,1115.55,58.55,1267.09,0.0462,1.3,20.0,dapi,1
BMPR1A_KD,no_BMP,10x-1,2849,666.9,630.6,104,173.45,225.48,1123.51,66.51,1135.38,0.0586,1.3,20.0,dapi,1
BMPR1A_KD,no_BMP,10x-1,2850,667.6,879.5,63,3.72,4.84,1088.24,31.24,1020.03,0.0306,1.3,20.0,dapi,1
BMPR1A_KD,no_BMP,10x-1,2851,667.5,144.1,43,27.16,35.31,1263.79,206.79,1021.93,0.2024,1.3,20.0,dapi,1
BMPR1A_KD,no_BMP,10x-1,2852,668.0,155.7,68,33.22,43.18,1276.49,219.49,1178.78,0.1862,1.3,20.0,dapi,1
BMPR1A_KD,no_BMP,10x-1,2853,668.0,276.9,69,130.19,169.25,1197.03,140.03,1041.41,0.1345,1.3,20.0,dapi,1
BMPR1A_KD,no_BMP,10x-1,2854,668.2,364.2,69,158.58,206.16,1176.2,119.2,1226.93,0.0972,1.3,20.0,dapi,1
BMPR1A_KD,no_BMP,10x-1,2855,669.1,399.9,68,164.85,214.31,1169.85,112.85,999.54,0.1129,1.3,20.0,dapi,1
BMPR1A_KD,no_BMP,10x-1,2856,668.9,409.2,61,167.4,217.63,1176.13,119.13,1017.31,0.1171,1.3,20.0,dapi,1
BMPR1A_KD,no_BMP,10x-1,2857,667.8,660.2,78,153.82,199.96,1129.46,72.46,1051.73,0.0689,1.3,20.0,dapi,1
BMPR1A_KD,no_BMP,10x-1,2858,669.0,121.9,79,20.42,26.55,1213.04,156.04,1260.44,0.1238,1.3,20.0,dapi,1
BMPR1A_KD,no_BMP,10x-1,2859,670.2,316.2,69,153.85,200.01,1169.28,112.28,937.04,0.1198,1.3,20.0,dapi,1
BMPR1A_KD,no_BMP,10x-1,2860,669.8,347.5,65,154.37,200.68,1186.32,129.32,1142.38,0.1132,1.3,20.0,dapi,1
BMPR1A_KD,no_BMP,10x-1,2861,670.6,417.0,116,168.14,218.58,1170.43,113.43,1141.56,0.0994,1.3,20.0,dapi,1
BMPR1A_KD,no_BMP,10x-1,2862,668.7,574.7,83,211.55,275.01,1140.83,83.83,1044.45,0.0803,1.3,20.0,dapi,1
BMPR1A_KD,no_BMP,10x-1,2863,669.2,689.4,75,137.21,178.37,1120.44,63.44,1095.07,0.0579,1.3,20.0,dapi,1
BMPR1A_KD,no_BMP,10x-1,2864,669.8,90.4,57,3.4,4.42,1153.07,96.07,1033.42,0.093,1.3,20.0,dapi,1
BMPR1A_KD,no_BMP,10x-1,2865,672.0,213.9,114,81.22,105.58,1238.17,181.17,1183.01,0.1531,1.3,20.0,dapi,1
BMPR1A_KD,no_BMP,10x-1,2866,671.4,329.9,99,152.62,198.4,1175.06,118.06,1180.45,0.1,1.3,20.0,dapi,1
BMPR1A_KD,no_BMP,10x-1,2867,671.0,564.1,65,214.48,278.83,1136.62,79.62,935.52,0.0851,1.3,20.0,dapi,1
BMPR1A_KD,no_BMP,10x-1,2868,672.4,705.9,105,127.08,165.21,1133.76,76.76,1118.57,0.0686,1.3,20.0,dapi,1
BMPR1A_KD,no_BMP,10x-1,2869,669.2,195.9,55,64.02,83.23,1224.65,167.65,1174.16,0.1428,1.3,20.0,dapi,1
BMPR1A_KD,no_BMP,10x-1,2870,670.7,268.5,63,121.4,157.82,1209.44,152.44,1073.02,0.1421,1.3,20.0,dapi,1
BMPR1A_KD,no_BMP,10x-1,2871,670.4,720.8,84,116.38,151.29,1120.96,63.96,1091.2,0.0586,1.3,20.0,dapi,1
BMPR1A_KD,no_BMP,10x-1,2872,671.7,740.7,58,98.82,128.46,1133.47,76.47,992.6,0.077,1.3,20.0,dapi,1
BMPR1A_KD,no_BMP,10x-1,2873,669.3,837.0,29,41.62,54.11,1126.86,69.86,1445.66,0.0483,1.3,20.0,dapi,1
BMPR1A_KD,no_BMP,10x-1,2874,671.7,177.3,62,50.47,65.61,1260.4,203.4,1184.13,0.1718,1.3,20.0,dapi,1
BMPR1A_KD,no_BMP,10x-1,2875,673.9,476.0,130,181.96,236.55,1122.46,65.46,1013.49,0.0646,1.3,20.0,dapi,1
BMPR1A_KD,no_BMP,10x-1,2876,671.6,553.7,84,217.05,282.16,1143.86,86.86,955.79,0.0909,1.3,20.0,dapi,1
BMPR1A_KD,no_BMP,10x-1,2877,673.4,611.5,86,183.77,238.9,1157.37,100.37,1169.64,0.0858,1.3,20.0,dapi,1
BMPR1A_KD,no_BMP,10x-1,2878,672.2,864.6,87,14.16,18.41,1104.46,47.46,1313.47,0.0361,1.3,20.0,dapi,1
BMPR1A_KD,no_BMP,10x-1,2879,672.9,450.1,80,175.74,228.46,1116.15,59.15,1282.54,0.0461,1.3,20.0,dapi,1
BMPR1A_KD,no_BMP,10x-1,2880,674.6,603.1,82,188.59,245.16,1152.51,95.51,1111.01,0.086,1.3,20.0,dapi,1
BMPR1A_KD,no_BMP,10x-1,2881,673.8,638.7,61,162.86,211.71,1138.85,81.85,1006.9,0.0813,1.3,20.0,dapi,1
BMPR1A_KD,no_BMP,10x-1,2882,671.3,809.4,47,56.96,74.05,1151.87,94.87,1244.49,0.0762,1.3,20.0,dapi,1
BMPR1A_KD,no_BMP,10x-1,2883,672.8,817.9,69,49.83,64.78,1159.2,102.2,1348.06,0.0758,1.3,20.0,dapi,1
BMPR1A_KD,no_BMP,10x-1,2884,673.2,849.9,78,28.03,36.44,1144.68,87.68,1168.86,0.075,1.3,20.0,dapi,1
BMPR1A_KD,no_BMP,10x-1,2885,674.2,168.7,69,46.17,60.02,1259.26,202.26,1080.42,0.1872,1.3,20.0,dapi,1
BMPR1A_KD,no_BMP,10x-1,2886,675.1,285.4,109,132.25,171.93,1174.86,117.86,1140.51,0.1033,1.3,20.0,dapi,1
BMPR1A_KD,no_BMP,10x-1,2887,675.0,297.1,62,142.16,184.81,1173.73,116.73,1036.77,0.1126,1.3,20.0,dapi,1
BMPR1A_KD,no_BMP,10x-1,2888,675.1,430.1,87,169.31,220.1,1156.99,99.99,1030.32,0.097,1.3,20.0,dapi,1
BMPR1A_KD,no_BMP,10x-1,2889,675.7,649.2,100,154.61,200.99,1142.45,85.45,1166.5,0.0733,1.3,20.0,dapi,1
BMPR1A_KD,no_BMP,10x-1,2890,675.0,664.9,112,145.22,188.78,1129.1,72.1,1079.73,0.0668,1.3,20.0,dapi,1
BMPR1A_KD,no_BMP,10x-1,2891,677.0,372.3,75,151.33,196.73,1168.61,111.61,953.97,0.117,1.3,20.0,dapi,1
BMPR1A_KD,no_BMP,10x-1,2892,677.0,619.6,85,174.38,226.69,1142.54,85.54,991.85,0.0862,1.3,20.0,dapi,1
BMPR1A_KD,no_BMP,10x-1,2893,675.6,760.6,63,80.88,105.14,1140.41,83.41,979.65,0.0851,1.3,20.0,dapi,1
BMPR1A_KD,no_BMP,10x-1,2894,676.2,246.2,76,102.0,132.59,1192.95,135.95,1002.55,0.1356,1.3,20.0,dapi,1
BMPR1A_KD,no_BMP,10x-1,2895,676.9,391.6,70,155.14,201.68,1170.37,113.37,1194.4,0.0949,1.3,20.0,dapi,1
BMPR1A_KD,no_BMP,10x-1,2896,675.4,110.8,48,9.7,12.6,1195.65,138.65,1053.94,0.1316,1.3,20.0,dapi,1
BMPR1A_KD,no_BMP,10x-1,2897,676.3,187.4,76,60.67,78.88,1240.07,183.07,1276.99,0.1434,1.3,20.0,dapi,1
BMPR1A_KD,no_BMP,10x-1,2898,679.1,305.8,108,145.74,189.46,1166.31,109.31,1147.52,0.0953,1.3,20.0,dapi,1
BMPR1A_KD,no_BMP,10x-1,2899,676.9,497.7,87,186.97,243.07,1144.0,87.0,927.49,0.0938,1.3,20.0,dapi,1
BMPR1A_KD,no_BMP,10x-1,2900,677.7,727.3,75,107.07,139.18,1120.44,63.44,1064.41,0.0596,1.3,20.0,dapi,1
BMPR1A_KD,no_BMP,10x-1,2901,676.2,770.0,39,74.44,96.78,1131.77,74.77,1210.69,0.0618,1.3,20.0,dapi,1
BMPR1A_KD,no_BMP,10x-1,2902,676.0,787.1,59,63.67,82.77,1147.93,90.93,1195.2,0.0761,1.3,20.0,dapi,1
BMPR1A_KD,no_BMP,10x-1,2903,677.3,157.6,63,38.99,50.69,1225.67,168.67,1199.51,0.1406,1.3,20.0,dapi,1
BMPR1A_KD,no_BMP,10x-1,2904,677.7,264.7,68,114.57,148.94,1184.87,127.87,1064.31,0.1201,1.3,20.0,dapi,1
BMPR1A_KD,no_BMP,10x-1,2905,677.7,357.2,74,147.54,191.81,1169.42,112.42,1050.86,0.107,1.3,20.0,dapi,1
BMPR1A_KD,no_BMP,10x-1,2906,679.9,526.6,105,197.79,257.13,1153.04,96.04,1110.95,0.0864,1.3,20.0,dapi,1
BMPR1A_KD,no_BMP,10x-1,2907,680.2,699.4,92,122.81,159.65,1124.01,67.01,1162.89,0.0576,1.3,20.0,dapi,1
BMPR1A_KD,no_BMP,10x-1,2908,676.9,825.7,30,42.07,54.69,1149.7,92.7,1336.7,0.0693,1.3,20.0,dapi,1
BMPR1A_KD,no_BMP,10x-1,2909,678.8,226.9,67,86.79,112.83,1211.76,154.76,1161.66,0.1332,1.3,20.0,dapi,1
BMPR1A_KD,no_BMP,10x-1,2910,679.5,552.4,74,208.82,271.47,1142.76,85.76,993.77,0.0863,1.3,20.0,dapi,1
BMPR1A_KD,no_BMP,10x-1,2911,680.4,594.5,125,191.82,249.36,1159.31,102.31,1076.99,0.095,1.3,20.0,dapi,1
BMPR1A_KD,no_BMP,10x-1,2912,680.5,716.3,78,115.68,150.38,1128.12,71.12,1149.09,0.0619,1.3,20.0,dapi,1
BMPR1A_KD,no_BMP,10x-1,2913,677.4,807.5,42,53.16,69.1,1161.31,104.31,1163.64,0.0896,1.3,20.0,dapi,1
BMPR1A_KD,no_BMP,10x-1,2914,678.6,838.0,54,34.78,45.21,1167.22,110.22,975.0,0.113,1.3,20.0,dapi,1
BMPR1A_KD,no_BMP,10x-1,2915,681.9,379.9,86,147.86,192.22,1172.94,115.94,1005.72,0.1153,1.3,20.0,dapi,1
BMPR1A_KD,no_BMP,10x-1,2916,681.4,467.9,78,172.94,224.82,1094.22,37.22,938.64,0.0397,1.3,20.0,dapi,1
BMPR1A_KD,no_BMP,10x-1,2917,681.4,581.3,63,198.14,257.59,1141.14,84.14,940.22,0.0895,1.3,20.0,dapi,1
BMPR1A_KD,no_BMP,10x-1,2918,681.6,746.9,110,88.09,114.51,1106.26,49.26,1012.95,0.0486,1.3,20.0,dapi,1
BMPR1A_KD,no_BMP,10x-1,2919,679.6,101.5,45,2.08,2.7,1168.56,111.56,972.27,0.1147,1.3,20.0,dapi,1
BMPR1A_KD,no_BMP,10x-1,2920,681.8,258.1,95,106.64,138.63,1218.93,161.93,1156.33,0.14,1.3,20.0,dapi,1
BMPR1A_KD,no_BMP,10x-1,2921,682.1,436.6,94,164.06,213.28,1150.65,93.65,1102.44,0.0849,1.3,20.0,dapi,1
BMPR1A_KD,no_BMP,10x-1,2922,681.6,486.3,90,177.75,231.07,1134.09,77.09,1084.99,0.0711,1.3,20.0,dapi,1
BMPR1A_KD,no_BMP,10x-1,2923,681.7,570.6,92,201.51,261.97,1150.36,93.36,976.7,0.0956,1.3,20.0,dapi,1
BMPR1A_KD,no_BMP,10x-1,2924,682.1,674.8,90,133.65,173.74,1109.62,52.62,970.27,0.0542,1.3,20.0,dapi,1
BMPR1A_KD,no_BMP,10x-1,2925,684.3,220.6,93,79.11,102.84,1204.87,147.87,1283.01,0.1153,1.3,20.0,dapi,1
BMPR1A_KD,no_BMP,10x-1,2926,683.4,344.4,109,141.08,183.4,1163.06,106.06,1087.38,0.0975,1.3,20.0,dapi,1
BMPR1A_KD,no_BMP,10x-1,2927,683.1,407.7,86,153.8,199.95,1170.84,113.84,958.27,0.1188,1.3,20.0,dapi,1
BMPR1A_KD,no_BMP,10x-1,2928,683.2,543.2,110,203.3,264.28,1134.65,77.65,1154.3,0.0673,1.3,20.0,dapi,1
BMPR1A_KD,no_BMP,10x-1,2929,682.0,791.4,85,56.46,73.4,1156.98,99.98,1119.98,0.0893,1.3,20.0,dapi,1
BMPR1A_KD,no_BMP,10x-1,2930,682.1,163.2,49,40.98,53.27,1268.02,211.02,1154.69,0.1828,1.3,20.0,dapi,1
BMPR1A_KD,no_BMP,10x-1,2931,684.9,330.4,101,138.62,180.2,1162.24,105.24,1156.86,0.091,1.3,20.0,dapi,1
BMPR1A_KD,no_BMP,10x-1,2932,684.2,364.1,96,142.88,185.75,1166.34,109.34,1124.55,0.0972,1.3,20.0,dapi,1
BMPR1A_KD,no_BMP,10x-1,2933,685.3,629.7,99,161.6,210.07,1129.64,72.64,1025.01,0.0709,1.3,20.0,dapi,1
BMPR1A_KD,no_BMP,10x-1,2934,681.7,776.5,42,65.96,85.75,1146.6,89.6,1094.07,0.0819,1.3,20.0,dapi,1
BMPR1A_KD,no_BMP,10x-1,2935,682.2,814.8,53,44.76,58.18,1153.98,96.98,1064.49,0.0911,1.3,20.0,dapi,1
BMPR1A_KD,no_BMP,10x-1,2936,682.1,121.0,30,9.21,11.98,1187.73,130.73,1505.5,0.0868,1.3,20.0,dapi,1
BMPR1A_KD,no_BMP,10x-1,2937,684.4,175.4,89,47.9,62.27,1262.85,205.85,1203.7,0.171,1.3,20.0,dapi,1
BMPR1A_KD,no_BMP,10x-1,2938,685.1,239.8,103,91.39,118.81,1192.51,135.51,1178.83,0.115,1.3,20.0,dapi,1
BMPR1A_KD,no_BMP,10x-1,2939,685.1,272.5,84,115.86,150.62,1176.82,119.82,1047.86,0.1143,1.3,20.0,dapi,1
BMPR1A_KD,no_BMP,10x-1,2940,685.9,316.8,98,137.82,179.17,1161.97,104.97,1064.92,0.0986,1.3,20.0,dapi,1
BMPR1A_KD,no_BMP,10x-1,2941,686.4,514.5,116,186.55,242.51,1146.32,89.32,1039.77,0.0859,1.3,20.0,dapi,1
BMPR1A_KD,no_BMP,10x-1,2942,684.1,860.9,40,15.62,20.3,1120.35,63.35,1279.35,0.0495,1.3,20.0,dapi,1
BMPR1A_KD,no_BMP,10x-1,2943,683.5,765.1,53,72.58,94.36,1113.81,56.81,1076.3,0.0528,1.3,20.0,dapi,1
BMPR1A_KD,no_BMP,10x-1,2944,685.4,145.9,53,24.58,31.95,1225.98,168.98,1137.58,0.1485,1.3,20.0,dapi,1
BMPR1A_KD,no_BMP,10x-1,2945,688.2,457.3,115,163.06,211.98,1122.48,65.48,1091.39,0.06,1.3,20.0,dapi,1
BMPR1A_KD,no_BMP,10x-1,2946,686.3,647.2,86,148.67,193.27,1139.86,82.86,1029.45,0.0805,1.3,20.0,dapi,1
BMPR1A_KD,no_BMP,10x-1,2947,686.6,116.8,56,2.97,3.86,1201.04,144.04,972.98,0.148,1.3,20.0,dapi,1
BMPR1A_KD,no_BMP,10x-1,2948,686.8,184.7,54,51.32,66.72,1257.93,200.93,1114.59,0.1803,1.3,20.0,dapi,1
BMPR1A_KD,no_BMP,10x-1,2949,687.1,396.0,77,146.43,190.36,1152.29,95.29,915.43,0.1041,1.3,20.0,dapi,1
BMPR1A_KD,no_BMP,10x-1,2950,688.2,807.0,99,43.21,56.17,1145.01,88.01,1114.09,0.079,1.3,20.0,dapi,1
BMPR1A_KD,no_BMP,10x-1,2951,685.8,821.8,44,37.11,48.25,1170.57,113.57,1182.86,0.096,1.3,20.0,dapi,1
BMPR1A_KD,no_BMP,10x-1,2952,691.4,535.2,97,192.95,250.83,1133.14,76.14,957.05,0.0796,1.3,20.0,dapi,1
BMPR1A_KD,no_BMP,10x-1,2953,691.4,687.2,142,119.41,155.23,1130.19,73.19,993.25,0.0737,1.3,20.0,dapi,1
BMPR1A_KD,no_BMP,10x-1,2954,689.3,722.4,99,105.43,137.06,1119.96,62.96,1105.72,0.0569,1.3,20.0,dapi,1
BMPR1A_KD,no_BMP,10x-1,2955,689.7,285.7,78,124.91,162.38,1176.63,119.63,991.37,0.1207,1.3,20.0,dapi,1
BMPR1A_KD,no_BMP,10x-1,2956,690.1,478.0,98,167.45,217.68,1125.56,68.56,1067.97,0.0642,1.3,20.0,dapi,1
BMPR1A_KD,no_BMP,10x-1,2957,689.3,610.9,97,173.63,225.71,1147.36,90.36,979.66,0.0922,1.3,20.0,dapi,1
BMPR1A_KD,no_BMP,10x-1,2958,687.8,784.9,59,55.45,72.09,1157.17,100.17,1075.32,0.0932,1.3,20.0,dapi,1
BMPR1A_KD,no_BMP,10x-1,2959,690.3,832.4,108,27.88,36.25,1145.46,88.46,1095.89,0.0807,1.3,20.0,dapi,1
BMPR1A_KD,no_BMP,10x-1,2960,690.7,152.0,86,27.34,35.54,1223.27,166.27,1257.73,0.1322,1.3,20.0,dapi,1
BMPR1A_KD,no_BMP,10x-1,2961,689.2,574.1,50,193.91,252.09,1156.84,99.84,976.68,0.1022,1.3,20.0,dapi,1
BMPR1A_KD,no_BMP,10x-1,2962,688.6,760.0,51,73.43,95.46,1138.82,81.82,1068.16,0.0766,1.3,20.0,dapi,1
BMPR1A_KD,no_BMP,10x-1,2963,691.5,132.5,48,10.42,13.55,1235.85,178.85,1390.25,0.1286,1.3,20.0,dapi,1
BMPR1A_KD,no_BMP,10x-1,2964,690.9,166.6,63,37.85,49.21,1265.92,208.92,1152.1,0.1813,1.3,20.0,dapi,1
BMPR1A_KD,no_BMP,10x-1,2965,691.5,208.3,84,64.83,84.28,1237.2,180.2,1394.99,0.1292,1.3,20.0,dapi,1
BMPR1A_KD,no_BMP,10x-1,2966,690.9,254.7,89,98.63,128.22,1186.79,129.79,1216.03,0.1067,1.3,20.0,dapi,1
BMPR1A_KD,no_BMP,10x-1,2967,691.5,296.7,66,131.07,170.39,1170.5,113.5,964.27,0.1177,1.3,20.0,dapi,1
BMPR1A_KD,no_BMP,10x-1,2968,692.0,417.8,85,149.01,193.71,1149.25,92.25,1065.64,0.0866,1.3,20.0,dapi,1
BMPR1A_KD,no_BMP,10x-1,2969,691.5,501.4,58,175.58,228.25,1157.34,100.34,999.69,0.1004,1.3,20.0,dapi,1
BMPR1A_KD,no_BMP,10x-1,2970,691.4,590.7,76,185.0,240.5,1131.21,74.21,1203.13,0.0617,1.3,20.0,dapi,1
BMPR1A_KD,no_BMP,10x-1,2971,693.2,653.2,90,139.47,181.32,1135.64,78.64,988.02,0.0796,1.3,20.0,dapi,1
BMPR1A_KD,no_BMP,10x-1,2972,690.3,706.1,75,110.73,143.95,1139.11,82.11,1106.35,0.0742,1.3,20.0,dapi,1
BMPR1A_KD,no_BMP,10x-1,2973,692.6,778.6,97,56.12,72.96,1135.23,78.23,1101.04,0.071,1.3,20.0,dapi,1
BMPR1A_KD,no_BMP,10x-1,2974,690.0,869.5,61,6.62,8.6,1108.69,51.69,1154.3,0.0448,1.3,20.0,dapi,1
BMPR1A_KD,no_BMP,10x-1,2975,694.8,350.5,120,129.86,168.82,1166.58,109.58,1144.76,0.0957,1.3,20.0,dapi,1
BMPR1A_KD,no_BMP,10x-1,2976,692.0,490.0,67,170.02,221.03,1147.01,90.01,937.96,0.096,1.3,20.0,dapi,1
BMPR1A_KD,no_BMP,10x-1,2977,692.9,638.7,55,149.55,194.42,1154.69,97.69,1009.2,0.0968,1.3,20.0,dapi,1
BMPR1A_KD,no_BMP,10x-1,2978,693.7,733.7,103,93.3,121.29,1118.01,61.01,1114.25,0.0548,1.3,20.0,dapi,1
BMPR1A_KD,no_BMP,10x-1,2979,695.2,224.5,104,73.01,94.91,1220.72,163.72,1215.27,0.1347,1.3,20.0,dapi,1
BMPR1A_KD,no_BMP,10x-1,2980,695.6,306.2,101,128.87,167.53,1167.56,110.56,1181.08,0.0936,1.3,20.0,dapi,1
BMPR1A_KD,no_BMP,10x-1,2981,694.5,323.1,60,129.63,168.52,1163.45,106.45,1020.03,0.1044,1.3,20.0,dapi,1
BMPR1A_KD,no_BMP,10x-1,2982,693.3,381.5,59,137.21,178.37,1158.37,101.37,991.42,0.1022,1.3,20.0,dapi,1
BMPR1A_KD,no_BMP,10x-1,2983,694.1,674.8,71,124.08,161.3,1113.96,56.96,919.51,0.0619,1.3,20.0,dapi,1
BMPR1A_KD,no_BMP,10x-1,2984,697.4,696.0,117,109.48,142.33,1129.53,72.53,1009.61,0.0718,1.3,20.0,dapi,1
BMPR1A_KD,no_BMP,10x-1,2985,693.8,798.3,47,42.62,55.41,1134.89,77.89,1038.94,0.075,1.3,20.0,dapi,1
BMPR1A_KD,no_BMP,10x-1,2986,694.0,188.6,77,49.0,63.7,1258.69,201.69,1246.42,0.1618,1.3,20.0,dapi,1
BMPR1A_KD,no_BMP,10x-1,2987,693.9,360.2,59,132.29,171.98,1176.46,119.46,1076.15,0.111,1.3,20.0,dapi,1
BMPR1A_KD,no_BMP,10x-1,2988,696.5,427.7,78,147.7,192.01,1135.78,78.78,927.32,0.085,1.3,20.0,dapi,1
BMPR1A_KD,no_BMP,10x-1,2989,697.1,550.0,119,192.08,249.7,1150.98,93.98,1086.97,0.0865,1.3,20.0,dapi,1
BMPR1A_KD,no_BMP,10x-1,2990,694.9,749.4,60,79.51,103.36,1128.47,71.47,1037.68,0.0689,1.3,20.0,dapi,1
BMPR1A_KD,no_BMP,10x-1,2991,695.3,822.4,47,30.58,39.76,1162.09,105.09,1005.32,0.1045,1.3,20.0,dapi,1
BMPR1A_KD,no_BMP,10x-1,2992,697.4,446.8,71,151.72,197.24,1121.49,64.49,957.15,0.0674,1.3,20.0,dapi,1
BMPR1A_KD,no_BMP,10x-1,2993,698.8,630.8,96,151.72,197.24,1131.38,74.38,1168.33,0.0637,1.3,20.0,dapi,1
BMPR1A_KD,no_BMP,10x-1,2994,698.3,807.9,90,33.86,44.02,1130.18,73.18,1156.84,0.0633,1.3,20.0,dapi,1
BMPR1A_KD,no_BMP,10x-1,2995,696.8,155.0,41,27.63,35.92,1223.8,166.8,1138.05,0.1466,1.3,20.0,dapi,1
BMPR1A_KD,no_BMP,10x-1,2996,698.5,512.2,65,173.78,225.92,1165.4,108.4,960.62,0.1128,1.3,20.0,dapi,1
BMPR1A_KD,no_BMP,10x-1,2997,698.3,600.2,103,175.16,227.71,1152.89,95.89,1144.57,0.0838,1.3,20.0,dapi,1
BMPR1A_KD,no_BMP,10x-1,2998,698.6,760.4,72,67.97,88.36,1142.33,85.33,1333.71,0.064,1.3,20.0,dapi,1
BMPR1A_KD,no_BMP,10x-1,2999,697.4,869.9,78,5.64,7.33,1079.53,22.53,1093.86,0.0206,1.3,20.0,dapi,1
BMPR1A_KD,no_BMP,10x-1,3000,700.1,167.0,106,30.1,39.13,1220.35,163.35,1416.98,0.1153,1.3,20.0,dapi,1
BMPR1A_KD,no_BMP,10x-1,3001,698.8,244.6,72,85.83,111.58,1181.56,124.56,1430.79,0.0871,1.3,20.0,dapi,1
BMPR1A_KD,no_BMP,10x-1,3002,701.2,405.2,108,135.84,176.59,1154.74,97.74,1112.31,0.0879,1.3,20.0,dapi,1
BMPR1A_KD,no_BMP,10x-1,3003,700.9,583.4,94,179.17,232.92,1174.35,117.35,1120.71,0.1047,1.3,20.0,dapi,1
BMPR1A_KD,no_BMP,10x-1,3004,699.2,208.9,69,59.9,77.87,1221.51,164.51,1199.01,0.1372,1.3,20.0,dapi,1
BMPR1A_KD,no_BMP,10x-1,3005,701.4,273.1,95,108.16,140.61,1208.03,151.03,1053.52,0.1434,1.3,20.0,dapi,1
BMPR1A_KD,no_BMP,10x-1,3006,702.0,285.5,108,115.58,150.26,1193.31,136.31,1079.14,0.1263,1.3,20.0,dapi,1
BMPR1A_KD,no_BMP,10x-1,3007,701.1,333.7,104,122.63,159.42,1144.39,87.39,1129.15,0.0774,1.3,20.0,dapi,1
BMPR1A_KD,no_BMP,10x-1,3008,699.9,367.4,72,127.79,166.13,1176.76,119.76,938.6,0.1276,1.3,20.0,dapi,1
BMPR1A_KD,no_BMP,10x-1,3009,700.2,413.1,60,139.69,181.6,1137.47,80.47,1125.53,0.0715,1.3,20.0,dapi,1
BMPR1A_KD,no_BMP,10x-1,3010,700.0,458.0,80,151.9,197.47,1118.56,61.56,1252.58,0.0491,1.3,20.0,dapi,1
BMPR1A_KD,no_BMP,10x-1,3011,700.9,470.6,89,154.75,201.18,1145.29,88.29,1190.1,0.0742,1.3,20.0,dapi,1
BMPR1A_KD,no_BMP,10x-1,3012,701.5,499.7,95,165.33,214.92,1163.39,106.39,1191.29,0.0893,1.3,20.0,dapi,1
BMPR1A_KD,no_BMP,10x-1,3013,700.3,559.8,96,190.93,248.21,1166.43,109.43,1061.1,0.1031,1.3,20.0,dapi,1
BMPR1A_KD,no_BMP,10x-1,3014,701.2,572.4,70,184.14,239.39,1154.53,97.53,987.46,0.0988,1.3,20.0,dapi,1
BMPR1A_KD,no_BMP,10x-1,3015,702.1,768.9,108,58.71,76.32,1131.37,74.37,1037.08,0.0717,1.3,20.0,dapi,1
BMPR1A_KD,no_BMP,10x-1,3016,700.8,134.3,104,6.98,9.07,1197.64,140.64,1097.01,0.1282,1.3,20.0,dapi,1
BMPR1A_KD,no_BMP,10x-1,3017,700.2,196.6,52,51.47,66.91,1248.58,191.58,1194.81,0.1603,1.3,20.0,dapi,1
BMPR1A_KD,no_BMP,10x-1,3018,702.4,258.8,103,95.6,124.28,1201.59,144.59,1154.05,0.1253,1.3,20.0,dapi,1
BMPR1A_KD,no_BMP,10x-1,3019,702.2,345.4,74,122.23,158.9,1155.45,98.45,1121.31,0.0878,1.3,20.0,dapi,1
BMPR1A_KD,no_BMP,10x-1,3020,702.1,482.7,65,158.08,205.5,1129.4,72.4,1011.75,0.0716,1.3,20.0,dapi,1
BMPR1A_KD,no_BMP,10x-1,3021,702.8,529.7,93,180.26,234.34,1151.75,94.75,1095.54,0.0865,1.3,20.0,dapi,1
BMPR1A_KD,no_BMP,10x-1,3022,700.8,715.3,66,96.92,126.0,1132.73,75.73,985.15,0.0769,1.3,20.0,dapi,1
BMPR1A_KD,no_BMP,10x-1,3023,701.9,794.9,104,38.37,49.89,1132.79,75.79,1144.92,0.0662,1.3,20.0,dapi,1
BMPR1A_KD,no_BMP,10x-1,3024,702.3,849.4,138,9.31,12.11,1126.91,69.91,1321.8,0.0529,1.3,20.0,dapi,1
BMPR1A_KD,no_BMP,10x-1,3025,701.4,387.1,77,130.63,169.82,1148.47,91.47,1008.21,0.0907,1.3,20.0,dapi,1
BMPR1A_KD,no_BMP,10x-1,3026,703.0,618.9,80,158.85,206.5,1127.55,70.55,959.14,0.0736,1.3,20.0,dapi,1
BMPR1A_KD,no_BMP,10x-1,3027,701.4,668.9,62,122.65,159.44,1142.76,85.76,968.31,0.0886,1.3,20.0,dapi,1
BMPR1A_KD,no_BMP,10x-1,3028,702.6,735.5,88,87.09,113.22,1104.01,47.01,1155.83,0.0407,1.3,20.0,dapi,1
BMPR1A_KD,no_BMP,10x-1,3029,702.7,836.5,71,15.09,19.62,1158.92,101.92,1089.76,0.0935,1.3,20.0,dapi,1
BMPR1A_KD,no_BMP,10x-1,3030,702.0,185.4,46,40.7,52.9,1253.76,196.76,1164.35,0.169,1.3,20.0,dapi,1
BMPR1A_KD,no_BMP,10x-1,3031,702.4,218.4,54,63.81,82.95,1232.39,175.39,1130.65,0.1551,1.3,20.0,dapi,1
BMPR1A_KD,no_BMP,10x-1,3032,705.2,313.0,101,119.15,154.9,1162.96,105.96,929.11,0.114,1.3,20.0,dapi,1
BMPR1A_KD,no_BMP,10x-1,3033,704.7,517.7,95,171.84,223.39,1149.86,92.86,1059.89,0.0876,1.3,20.0,dapi,1
BMPR1A_KD,no_BMP,10x-1,3034,703.2,822.8,70,23.22,30.18,1151.21,94.21,1050.8,0.0897,1.3,20.0,dapi,1
BMPR1A_KD,no_BMP,10x-1,3035,703.8,177.2,57,33.41,43.43,1250.21,193.21,1147.07,0.1684,1.3,20.0,dapi,1
BMPR1A_KD,no_BMP,10x-1,3036,703.5,490.4,59,159.99,207.99,1153.75,96.75,1021.37,0.0947,1.3,20.0,dapi,1
BMPR1A_KD,no_BMP,10x-1,3037,706.4,150.7,95,17.86,23.21,1219.62,162.62,1147.59,0.1417,1.3,20.0,dapi,1
BMPR1A_KD,no_BMP,10x-1,3038,705.5,227.3,84,68.16,88.61,1210.11,153.11,1357.58,0.1128,1.3,20.0,dapi,1
BMPR1A_KD,no_BMP,10x-1,3039,703.2,297.8,38,123.27,160.25,1161.71,104.71,1273.42,0.0822,1.3,20.0,dapi,1
BMPR1A_KD,no_BMP,10x-1,3040,707.0,325.4,78,116.62,151.6,1158.53,101.53,1056.53,0.0961,1.3,20.0,dapi,1
BMPR1A_KD,no_BMP,10x-1,3041,705.8,748.3,80,75.17,97.72,1124.78,67.78,1255.76,0.054,1.3,20.0,dapi,1
BMPR1A_KD,no_BMP,10x-1,3042,704.8,860.1,47,3.85,5.01,1104.51,47.51,1066.81,0.0445,1.3,20.0,dapi,1
BMPR1A_KD,no_BMP,10x-1,3043,708.1,431.2,86,137.39,178.61,1126.97,69.97,1105.14,0.0633,1.3,20.0,dapi,1
BMPR1A_KD,no_BMP,10x-1,3044,706.5,197.8,53,47.62,61.91,1221.49,164.49,1256.98,0.1309,1.3,20.0,dapi,1
BMPR1A_KD,no_BMP,10x-1,3045,710.8,441.9,107,136.93,178.01,1129.69,72.69,1120.09,0.0649,1.3,20.0,dapi,1
BMPR1A_KD,no_BMP,10x-1,3046,708.7,544.3,137,178.78,232.41,1148.96,91.96,1029.35,0.0893,1.3,20.0,dapi,1
BMPR1A_KD,no_BMP,10x-1,3047,707.4,649.1,69,132.78,172.62,1135.75,78.75,1084.26,0.0726,1.3,20.0,dapi,1
BMPR1A_KD,no_BMP,10x-1,3048,707.5,367.9,73,121.18,157.53,1163.18,106.18,950.37,0.1117,1.3,20.0,dapi,1
BMPR1A_KD,no_BMP,10x-1,3049,707.4,398.6,73,128.18,166.64,1156.0,99.0,977.4,0.1013,1.3,20.0,dapi,1
BMPR1A_KD,no_BMP,10x-1,3050,709.7,421.6,91,133.56,173.63,1142.24,85.24,1030.12,0.0827,1.3,20.0,dapi,1
BMPR1A_KD,no_BMP,10x-1,3051,708.1,603.2,84,164.75,214.18,1154.79,97.79,1162.32,0.0841,1.3,20.0,dapi,1
BMPR1A_KD,no_BMP,10x-1,3052,709.6,634.6,176,141.82,184.36,1129.67,72.67,1072.66,0.0677,1.3,20.0,dapi,1
BMPR1A_KD,no_BMP,10x-1,3053,708.6,817.0,90,19.96,25.94,1139.8,82.8,1152.16,0.0719,1.3,20.0,dapi,1
BMPR1A_KD,no_BMP,10x-1,3054,708.4,238.9,64,75.64,98.33,1201.14,144.14,1229.75,0.1172,1.3,20.0,dapi,1
BMPR1A_KD,no_BMP,10x-1,3055,710.9,775.9,102,48.14,62.59,1145.33,88.33,1096.21,0.0806,1.3,20.0,dapi,1
BMPR1A_KD,no_BMP,10x-1,3056,711.0,134.4,68,3.4,4.42,1172.53,115.53,972.34,0.1188,1.3,20.0,dapi,1
BMPR1A_KD,no_BMP,10x-1,3057,710.0,167.6,62,22.83,29.67,1225.74,168.74,1187.27,0.1421,1.3,20.0,dapi,1
BMPR1A_KD,no_BMP,10x-1,3058,710.0,185.9,91,36.77,47.8,1237.49,180.49,1300.29,0.1388,1.3,20.0,dapi,1
BMPR1A_KD,no_BMP,10x-1,3059,710.9,380.1,69,119.35,155.15,1159.65,102.65,938.9,0.1093,1.3,20.0,dapi,1
BMPR1A_KD,no_BMP,10x-1,3060,709.5,589.1,62,168.45,218.99,1141.66,84.66,969.94,0.0873,1.3,20.0,dapi,1
BMPR1A_KD,no_BMP,10x-1,3061,712.1,661.0,111,120.5,156.65,1126.23,69.23,1085.82,0.0638,1.3,20.0,dapi,1
BMPR1A_KD,no_BMP,10x-1,3062,711.2,670.0,67,114.72,149.14,1141.52,84.52,1130.61,0.0748,1.3,20.0,dapi,1
BMPR1A_KD,no_BMP,10x-1,3063,709.3,703.8,68,95.07,123.59,1131.35,74.35,1103.4,0.0674,1.3,20.0,dapi,1
BMPR1A_KD,no_BMP,10x-1,3064,710.8,459.6,103,141.9,184.46,1135.5,78.5,1141.94,0.0687,1.3,20.0,dapi,1
BMPR1A_KD,no_BMP,10x-1,3065,711.0,727.8,83,82.7,107.51,1123.6,66.6,1018.16,0.0654,1.3,20.0,dapi,1
BMPR1A_KD,no_BMP,10x-1,3066,711.3,755.7,47,65.74,85.46,1138.85,81.85,1002.4,0.0817,1.3,20.0,dapi,1
BMPR1A_KD,no_BMP,10x-1,3067,708.7,797.4,36,32.04,41.65,1155.78,98.78,1054.08,0.0937,1.3,20.0,dapi,1
BMPR1A_KD,no_BMP,10x-1,3068,712.8,252.8,91,84.86,110.31,1210.58,153.58,1157.92,0.1326,1.3,20.0,dapi,1
BMPR1A_KD,no_BMP,10x-1,3069,712.9,337.4,79,110.71,143.93,1171.43,114.43,1116.54,0.1025,1.3,20.0,dapi,1
BMPR1A_KD,no_BMP,10x-1,3070,712.0,475.6,94,146.17,190.02,1146.77,89.77,1069.18,0.084,1.3,20.0,dapi,1
BMPR1A_KD,no_BMP,10x-1,3071,710.8,567.2,61,177.89,231.26,1162.84,105.84,951.69,0.1112,1.3,20.0,dapi,1
BMPR1A_KD,no_BMP,10x-1,3072,714.0,677.3,91,107.68,139.99,1141.05,84.05,1081.08,0.0778,1.3,20.0,dapi,1
BMPR1A_KD,no_BMP,10x-1,3073,714.2,688.6,123,99.72,129.64,1156.54,99.54,1034.08,0.0963,1.3,20.0,dapi,1
BMPR1A_KD,no_BMP,10x-1,3074,710.8,788.3,49,37.87,49.23,1143.94,86.94,1038.57,0.0837,1.3,20.0,dapi,1
BMPR1A_KD,no_BMP,10x-1,3075,712.3,211.4,53,51.79,67.33,1221.87,164.87,1052.47,0.1566,1.3,20.0,dapi,1
BMPR1A_KD,no_BMP,10x-1,3076,715.2,276.9,110,100.62,130.8,1235.14,178.14,1078.65,0.1651,1.3,20.0,dapi,1
BMPR1A_KD,no_BMP,10x-1,3077,711.4,292.5,36,114.06,148.28,1177.08,120.08,1255.25,0.0957,1.3,20.0,dapi,1
BMPR1A_KD,no_BMP,10x-1,3078,714.8,158.5,64,13.22,17.18,1232.8,175.8,1088.98,0.1614,1.3,20.0,dapi,1
BMPR1A_KD,no_BMP,10x-1,3079,713.9,197.8,59,41.34,53.75,1235.61,178.61,1137.95,0.157,1.3,20.0,dapi,1
BMPR1A_KD,no_BMP,10x-1,3080,714.4,348.1,56,110.64,143.83,1148.62,91.62,1027.39,0.0892,1.3,20.0,dapi,1
BMPR1A_KD,no_BMP,10x-1,3081,714.3,499.8,76,154.79,201.23,1160.13,103.13,1162.55,0.0887,1.3,20.0,dapi,1
BMPR1A_KD,no_BMP,10x-1,3082,715.2,763.8,83,56.82,73.86,1127.93,70.93,1144.6,0.062,1.3,20.0,dapi,1
BMPR1A_KD,no_BMP,10x-1,3083,714.2,226.6,80,62.42,81.14,1218.49,161.49,1132.62,0.1426,1.3,20.0,dapi,1
BMPR1A_KD,no_BMP,10x-1,3084,714.7,396.9,80,119.97,155.96,1140.61,83.61,1074.75,0.0778,1.3,20.0,dapi,1
BMPR1A_KD,no_BMP,10x-1,3085,713.4,839.7,41,5.13,6.67,1134.15,77.15,1063.54,0.0725,1.3,20.0,dapi,1
BMPR1A_KD,no_BMP,10x-1,3086,717.6,150.2,103,6.16,8.0,1214.17,157.17,1123.98,0.1398,1.3,20.0,dapi,1
BMPR1A_KD,no_BMP,10x-1,3087,717.0,262.4,90,89.25,116.03,1189.54,132.54,1186.48,0.1117,1.3,20.0,dapi,1
BMPR1A_KD,no_BMP,10x-1,3088,717.6,361.8,111,109.15,141.9,1147.17,90.17,1116.54,0.0808,1.3,20.0,dapi,1
BMPR1A_KD,no_BMP,10x-1,3089,715.6,609.1,50,155.15,201.69,1148.52,91.52,1096.94,0.0834,1.3,20.0,dapi,1
BMPR1A_KD,no_BMP,10x-1,3090,715.8,620.6,57,148.66,193.26,1138.47,81.47,976.75,0.0834,1.3,20.0,dapi,1
BMPR1A_KD,no_BMP,10x-1,3091,715.3,709.6,38,86.83,112.88,1117.87,60.87,1188.05,0.0512,1.3,20.0,dapi,1
BMPR1A_KD,no_BMP,10x-1,3092,715.5,744.9,53,73.62,95.7,1107.4,50.4,993.02,0.0508,1.3,20.0,dapi,1
BMPR1A_KD,no_BMP,10x-1,3093,717.7,833.2,102,5.99,7.79,1129.57,72.57,1002.74,0.0724,1.3,20.0,dapi,1
BMPR1A_KD,no_BMP,10x-1,3094,716.8,141.5,50,4.74,6.16,1199.02,142.02,1122.02,0.1266,1.3,20.0,dapi,1
BMPR1A_KD,no_BMP,10x-1,3095,718.8,509.8,92,155.74,202.47,1143.65,86.65,1126.99,0.0769,1.3,20.0,dapi,1
BMPR1A_KD,no_BMP,10x-1,3096,719.5,520.5,136,161.22,209.59,1150.13,93.13,1022.76,0.0911,1.3,20.0,dapi,1
BMPR1A_KD,no_BMP,10x-1,3097,717.5,560.1,65,175.71,228.42,1149.69,92.69,957.31,0.0968,1.3,20.0,dapi,1
BMPR1A_KD,no_BMP,10x-1,3098,717.5,799.4,79,24.84,32.29,1151.32,94.32,1253.15,0.0753,1.3,20.0,dapi,1
BMPR1A_KD,no_BMP,10x-1,3099,717.5,241.7,69,73.3,95.29,1208.87,151.87,1118.38,0.1358,1.3,20.0,dapi,1
BMPR1A_KD,no_BMP,10x-1,3100,721.4,335.8,172,102.68,133.49,1165.6,108.6,1125.59,0.0965,1.3,20.0,dapi,1
BMPR1A_KD,no_BMP,10x-1,3101,717.8,598.7,57,157.02,204.13,1172.74,115.74,1057.18,0.1095,1.3,20.0,dapi,1
BMPR1A_KD,no_BMP,10x-1,3102,718.0,646.5,99,127.42,165.64,1136.07,79.07,1152.07,0.0686,1.3,20.0,dapi,1
BMPR1A_KD,no_BMP,10x-1,3103,720.8,697.8,100,88.63,115.22,1135.48,78.48,968.8,0.081,1.3,20.0,dapi,1
BMPR1A_KD,no_BMP,10x-1,3104,717.8,783.7,52,37.84,49.19,1122.62,65.62,986.19,0.0665,1.3,20.0,dapi,1
BMPR1A_KD,no_BMP,10x-1,3105,717.3,809.8,46,17.17,22.32,1170.26,113.26,1149.37,0.0985,1.3,20.0,dapi,1
BMPR1A_KD,no_BMP,10x-1,3106,718.8,824.1,57,7.87,10.24,1118.56,61.56,988.39,0.0623,1.3,20.0,dapi,1
BMPR1A_KD,no_BMP,10x-1,3107,718.9,169.6,101,18.45,23.99,1251.91,194.91,1092.09,0.1785,1.3,20.0,dapi,1
BMPR1A_KD,no_BMP,10x-1,3108,718.7,204.5,73,41.9,54.46,1236.99,179.99,1375.75,0.1308,1.3,20.0,dapi,1
BMPR1A_KD,no_BMP,10x-1,3109,719.6,459.5,88,133.28,173.26,1148.08,91.08,1155.49,0.0788,1.3,20.0,dapi,1
BMPR1A_KD,no_BMP,10x-1,3110,722.0,307.8,90,102.84,133.7,1195.82,138.82,1215.69,0.1142,1.3,20.0,dapi,1
BMPR1A_KD,no_BMP,10x-1,3111,720.9,409.9,124,119.27,155.06,1156.36,99.36,1117.12,0.0889,1.3,20.0,dapi,1
BMPR1A_KD,no_BMP,10x-1,3112,720.6,474.4,74,137.08,178.2,1174.15,117.15,1060.42,0.1105,1.3,20.0,dapi,1
BMPR1A_KD,no_BMP,10x-1,3113,721.3,549.2,77,169.2,219.97,1139.87,82.87,1047.74,0.0791,1.3,20.0,dapi,1
BMPR1A_KD,no_BMP,10x-1,3114,719.9,573.1,68,167.09,217.22,1130.12,73.12,899.78,0.0813,1.3,20.0,dapi,1
BMPR1A_KD,no_BMP,10x-1,3115,720.0,590.2,69,159.03,206.74,1158.36,101.36,958.78,0.1057,1.3,20.0,dapi,1
BMPR1A_KD,no_BMP,10x-1,3116,721.0,185.9,103,28.44,36.98,1241.73,184.73,1126.65,0.164,1.3,20.0,dapi,1
BMPR1A_KD,no_BMP,10x-1,3117,721.5,742.7,66,67.81,88.16,1122.65,65.65,1140.17,0.0576,1.3,20.0,dapi,1
BMPR1A_KD,no_BMP,10x-1,3118,722.5,290.0,105,104.59,135.96,1205.59,148.59,1163.37,0.1277,1.3,20.0,dapi,1
BMPR1A_KD,no_BMP,10x-1,3119,722.3,382.9,77,109.28,142.06,1139.97,82.97,982.77,0.0844,1.3,20.0,dapi,1
BMPR1A_KD,no_BMP,10x-1,3120,725.6,437.0,149,121.18,157.53,1132.52,75.52,974.52,0.0775,1.3,20.0,dapi,1
BMPR1A_KD,no_BMP,10x-1,3121,722.3,488.4,73,142.04,184.66,1156.03,99.03,959.36,0.1032,1.3,20.0,dapi,1
BMPR1A_KD,no_BMP,10x-1,3122,720.1,717.4,25,79.03,102.74,1119.12,62.12,1401.2,0.0443,1.3,20.0,dapi,1
BMPR1A_KD,no_BMP,10x-1,3123,722.4,731.5,89,71.34,92.75,1115.28,58.28,1113.45,0.0523,1.3,20.0,dapi,1
BMPR1A_KD,no_BMP,10x-1,3124,721.0,369.5,18,107.79,140.13,1146.17,89.17,1698.28,0.0525,1.3,20.0,dapi,1
BMPR1A_KD,no_BMP,10x-1,3125,725.0,528.2,79,158.8,206.44,1151.66,94.66,1171.52,0.0808,1.3,20.0,dapi,1
BMPR1A_KD,no_BMP,10x-1,3126,722.9,537.9,65,163.6,212.68,1140.35,83.35,947.83,0.0879,1.3,20.0,dapi,1
BMPR1A_KD,no_BMP,10x-1,3127,724.1,216.3,70,47.62,61.91,1205.56,148.56,1381.4,0.1075,1.3,20.0,dapi,1
BMPR1A_KD,no_BMP,10x-1,3128,725.8,401.0,112,111.08,144.4,1160.35,103.35,1129.26,0.0915,1.3,20.0,dapi,1
BMPR1A_KD,no_BMP,10x-1,3129,722.8,789.3,51,31.23,40.6,1132.63,75.63,1047.67,0.0722,1.3,20.0,dapi,1
BMPR1A_KD,no_BMP,10x-1,3130,727.7,199.8,118,32.72,42.54,1235.57,178.57,1211.31,0.1474,1.3,20.0,dapi,1
BMPR1A_KD,no_BMP,10x-1,3131,725.2,229.1,89,58.05,75.46,1189.18,132.18,1238.72,0.1067,1.3,20.0,dapi,1
BMPR1A_KD,no_BMP,10x-1,3132,725.3,626.4,81,138.76,180.39,1150.85,93.85,1019.21,0.0921,1.3,20.0,dapi,1
BMPR1A_KD,no_BMP,10x-1,3133,724.5,676.1,83,101.34,131.74,1148.73,91.73,969.12,0.0947,1.3,20.0,dapi,1
BMPR1A_KD,no_BMP,10x-1,3134,726.8,253.2,91,75.83,98.58,1199.85,142.85,1208.96,0.1182,1.3,20.0,dapi,1
BMPR1A_KD,no_BMP,10x-1,3135,726.2,275.7,63,92.13,119.77,1183.54,126.54,1105.37,0.1145,1.3,20.0,dapi,1
BMPR1A_KD,no_BMP,10x-1,3136,725.8,754.6,83,59.75,77.67,1134.87,77.87,1205.31,0.0646,1.3,20.0,dapi,1
BMPR1A_KD,no_BMP,10x-1,3137,725.2,814.2,90,8.7,11.31,1124.36,67.36,1256.6,0.0536,1.3,20.0,dapi,1
BMPR1A_KD,no_BMP,10x-1,3138,727.8,354.4,94,97.77,127.11,1159.28,102.28,940.23,0.1088,1.3,20.0,dapi,1
BMPR1A_KD,no_BMP,10x-1,3139,727.6,555.8,58,165.45,215.08,1136.86,79.86,993.88,0.0804,1.3,20.0,dapi,1
BMPR1A_KD,no_BMP,10x-1,3140,726.3,586.5,57,155.5,202.15,1114.39,57.39,1003.88,0.0572,1.3,20.0,dapi,1
BMPR1A_KD,no_BMP,10x-1,3141,727.8,614.2,79,142.16,184.81,1150.61,93.61,966.13,0.0969,1.3,20.0,dapi,1
BMPR1A_KD,no_BMP,10x-1,3142,727.8,640.3,85,126.61,164.59,1152.82,95.82,1022.13,0.0937,1.3,20.0,dapi,1
BMPR1A_KD,no_BMP,10x-1,3143,728.5,659.3,78,111.22,144.59,1134.9,77.9,1254.65,0.0621,1.3,20.0,dapi,1
BMPR1A_KD,no_BMP,10x-1,3144,726.9,702.1,54,81.45,105.88,1120.98,63.98,1077.93,0.0594,1.3,20.0,dapi,1
BMPR1A_KD,no_BMP,10x-1,3145,728.8,767.5,91,47.68,61.98,1124.43,67.43,1063.12,0.0634,1.3,20.0,dapi,1
BMPR1A_KD,no_BMP,10x-1,3146,726.3,779.0,47,38.33,49.83,1121.64,64.64,1048.19,0.0617,1.3,20.0,dapi,1
BMPR1A_KD,no_BMP,10x-1,3147,728.6,328.4,81,94.62,123.0,1158.6,101.6,961.65,0.1057,1.3,20.0,dapi,1
BMPR1A_KD,no_BMP,10x-1,3148,728.7,797.1,116,21.62,28.1,1133.92,76.92,1208.53,0.0636,1.3,20.0,dapi,1
BMPR1A_KD,no_BMP,10x-1,3149,727.9,164.9,78,9.68,12.58,1224.45,167.45,1182.9,0.1416,1.3,20.0,dapi,1
BMPR1A_KD,no_BMP,10x-1,3150,729.2,263.4,78,80.82,105.07,1207.85,150.85,1296.31,0.1164,1.3,20.0,dapi,1
BMPR1A_KD,no_BMP,10x-1,3151,730.3,296.7,72,96.98,126.07,1176.89,119.89,977.82,0.1226,1.3,20.0,dapi,1
BMPR1A_KD,no_BMP,10x-1,3152,729.6,458.3,101,123.14,160.08,1144.41,87.41,1152.2,0.0759,1.3,20.0,dapi,1
BMPR1A_KD,no_BMP,10x-1,3153,732.2,474.3,111,126.97,165.06,1132.59,75.59,1099.96,0.0687,1.3,20.0,dapi,1
BMPR1A_KD,no_BMP,10x-1,3154,731.2,493.5,117,136.57,177.54,1126.75,69.75,1028.01,0.0679,1.3,20.0,dapi,1
BMPR1A_KD,no_BMP,10x-1,3155,730.5,575.8,57,156.98,204.07,1138.58,81.58,960.63,0.0849,1.3,20.0,dapi,1
BMPR1A_KD,no_BMP,10x-1,3156,730.1,601.1,66,145.25,188.83,1137.95,80.95,906.42,0.0893,1.3,20.0,dapi,1
BMPR1A_KD,no_BMP,10x-1,3157,731.2,285.8,62,96.44,125.37,1211.56,154.56,1123.71,0.1375,1.3,20.0,dapi,1
BMPR1A_KD,no_BMP,10x-1,3158,732.5,320.5,72,91.73,119.25,1169.97,112.97,972.39,0.1162,1.3,20.0,dapi,1
BMPR1A_KD,no_BMP,10x-1,3159,731.8,365.9,52,96.37,125.29,1156.29,99.29,1034.62,0.096,1.3,20.0,dapi,1
BMPR1A_KD,no_BMP,10x-1,3160,733.1,376.5,96,97.2,126.36,1148.66,91.66,1049.84,0.0873,1.3,20.0,dapi,1
BMPR1A_KD,no_BMP,10x-1,3161,732.5,409.9,76,108.94,141.62,1178.46,121.46,1027.3,0.1182,1.3,20.0,dapi,1
BMPR1A_KD,no_BMP,10x-1,3162,732.8,740.4,87,57.99,75.39,1114.1,57.1,1163.07,0.0491,1.3,20.0,dapi,1
BMPR1A_KD,no_BMP,10x-1,3163,734.0,227.5,94,52.24,67.91,1197.91,140.91,1258.23,0.112,1.3,20.0,dapi,1
BMPR1A_KD,no_BMP,10x-1,3164,733.7,181.0,52,15.09,19.62,1227.73,170.73,1078.56,0.1583,1.3,20.0,dapi,1
BMPR1A_KD,no_BMP,10x-1,3165,737.6,393.1,165,96.98,126.07,1152.48,95.48,918.69,0.1039,1.3,20.0,dapi,1
BMPR1A_KD,no_BMP,10x-1,3166,735.4,513.2,97,144.42,187.75,1130.61,73.61,1093.56,0.0673,1.3,20.0,dapi,1
BMPR1A_KD,no_BMP,10x-1,3167,735.6,530.0,124,148.79,193.43,1135.25,78.25,1036.48,0.0755,1.3,20.0,dapi,1
BMPR1A_KD,no_BMP,10x-1,3168,732.8,727.9,27,62.44,81.17,1120.44,63.44,1397.56,0.0454,1.3,20.0,dapi,1
BMPR1A_KD,no_BMP,10x-1,3169,736.2,310.7,74,88.56,115.13,1178.15,121.15,1223.96,0.099,1.3,20.0,dapi,1
BMPR1A_KD,no_BMP,10x-1,3170,735.3,547.7,64,155.85,202.6,1133.98,76.98,926.06,0.0831,1.3,20.0,dapi,1
BMPR1A_KD,no_BMP,10x-1,3171,734.8,584.8,53,148.09,192.52,1129.94,72.94,1027.13,0.071,1.3,20.0,dapi,1
BMPR1A_KD,no_BMP,10x-1,3172,734.9,712.9,51,68.43,88.96,1134.2,77.2,1070.98,0.0721,1.3,20.0,dapi,1
BMPR1A_KD,no_BMP,10x-1,3173,734.8,750.8,52,53.5,69.55,1134.02,77.02,995.92,0.0773,1.3,20.0,dapi,1
BMPR1A_KD,no_BMP,10x-1,3174,735.7,165.7,97,5.81,7.55,1207.22,150.22,1137.0,0.1321,1.3,20.0,dapi,1
BMPR1A_KD,no_BMP,10x-1,3175,736.6,211.7,83,37.39,48.61,1212.94,155.94,1236.48,0.1261,1.3,20.0,dapi,1
BMPR1A_KD,no_BMP,10x-1,3176,737.0,566.7,70,156.02,202.83,1122.71,65.71,951.26,0.0691,1.3,20.0,dapi,1
BMPR1A_KD,no_BMP,10x-1,3177,737.5,688.1,90,83.7,108.81,1122.72,65.72,953.59,0.0689,1.3,20.0,dapi,1
BMPR1A_KD,no_BMP,10x-1,3178,737.0,778.3,103,34.26,44.54,1125.51,68.51,1027.5,0.0667,1.3,20.0,dapi,1
BMPR1A_KD,no_BMP,10x-1,3179,737.6,191.0,86,19.33,25.13,1224.62,167.62,1233.45,0.1359,1.3,20.0,dapi,1
BMPR1A_KD,no_BMP,10x-1,3180,739.1,342.1,118,85.11,110.65,1170.46,113.46,1039.03,0.1092,1.3,20.0,dapi,1
BMPR1A_KD,no_BMP,10x-1,3181,736.4,427.8,82,109.36,142.16,1163.83,106.83,1011.17,0.1056,1.3,20.0,dapi,1
BMPR1A_KD,no_BMP,10x-1,3182,736.8,628.4,71,128.84,167.49,1147.45,90.45,875.85,0.1033,1.3,20.0,dapi,1
BMPR1A_KD,no_BMP,10x-1,3183,736.1,702.3,52,74.55,96.92,1128.33,71.33,959.19,0.0744,1.3,20.0,dapi,1
BMPR1A_KD,no_BMP,10x-1,3184,737.3,655.0,72,109.36,142.16,1128.64,71.64,963.28,0.0744,1.3,20.0,dapi,1
BMPR1A_KD,no_BMP,10x-1,3185,738.7,720.0,64,61.17,79.52,1126.69,69.69,1031.33,0.0676,1.3,20.0,dapi,1
BMPR1A_KD,no_BMP,10x-1,3186,737.6,759.6,48,49.62,64.5,1128.06,71.06,1023.5,0.0694,1.3,20.0,dapi,1
BMPR1A_KD,no_BMP,10x-1,3187,737.7,813.3,58,3.72,4.84,1075.36,18.36,951.74,0.0193,1.3,20.0,dapi,1
BMPR1A_KD,no_BMP,10x-1,3188,739.0,299.4,62,87.85,114.21,1176.92,119.92,1021.21,0.1174,1.3,20.0,dapi,1
BMPR1A_KD,no_BMP,10x-1,3189,739.4,613.1,76,132.24,171.92,1119.39,62.39,1052.29,0.0593,1.3,20.0,dapi,1
BMPR1A_KD,no_BMP,10x-1,3190,739.3,269.6,65,78.98,102.68,1204.89,147.89,1134.92,0.1303,1.3,20.0,dapi,1
BMPR1A_KD,no_BMP,10x-1,3191,742.2,558.2,93,153.66,199.76,1124.44,67.44,1151.51,0.0586,1.3,20.0,dapi,1
BMPR1A_KD,no_BMP,10x-1,3192,742.4,673.3,127,92.26,119.94,1136.87,79.87,996.08,0.0802,1.3,20.0,dapi,1
BMPR1A_KD,no_BMP,10x-1,3193,742.6,201.9,65,25.76,33.49,1241.57,184.57,1296.85,0.1423,1.3,20.0,dapi,1
BMPR1A_KD,no_BMP,10x-1,3194,740.8,222.9,66,45.97,59.76,1217.85,160.85,1148.83,0.14,1.3,20.0,dapi,1
BMPR1A_KD,no_BMP,10x-1,3195,743.3,256.5,124,66.65,86.65,1200.94,143.94,1055.61,0.1364,1.3,20.0,dapi,1
BMPR1A_KD,no_BMP,10x-1,3196,741.6,280.8,106,85.87,111.63,1190.73,133.73,1109.54,0.1205,1.3,20.0,dapi,1
BMPR1A_KD,no_BMP,10x-1,3197,740.1,788.8,52,23.09,30.01,1141.63,84.63,985.48,0.0859,1.3,20.0,dapi,1
BMPR1A_KD,no_BMP,10x-1,3198,740.7,799.5,78,12.79,16.63,1123.91,66.91,1189.06,0.0563,1.3,20.0,dapi,1
BMPR1A_KD,no_BMP,10x-1,3199,742.1,178.2,80,7.24,9.42,1228.74,171.74,1217.49,0.1411,1.3,20.0,dapi,1
BMPR1A_KD,no_BMP,10x-1,3200,743.3,437.0,90,104.69,136.09,1147.09,90.09,1129.13,0.0798,1.3,20.0,dapi,1
BMPR1A_KD,no_BMP,10x-1,3201,744.0,450.6,116,107.7,140.01,1162.98,105.98,1084.77,0.0977,1.3,20.0,dapi,1
BMPR1A_KD,no_BMP,10x-1,3202,743.2,643.9,87,113.31,147.3,1132.84,75.84,960.23,0.079,1.3,20.0,dapi,1
BMPR1A_KD,no_BMP,10x-1,3203,743.1,320.7,80,80.7,104.91,1145.54,88.54,1043.22,0.0849,1.3,20.0,dapi,1
BMPR1A_KD,no_BMP,10x-1,3204,743.1,361.3,76,84.54,109.9,1154.57,97.57,1109.68,0.0879,1.3,20.0,dapi,1
BMPR1A_KD,no_BMP,10x-1,3205,742.8,573.9,75,147.15,191.29,1127.37,70.37,900.96,0.0781,1.3,20.0,dapi,1
BMPR1A_KD,no_BMP,10x-1,3206,743.7,595.6,80,134.91,175.39,1139.35,82.35,1007.56,0.0817,1.3,20.0,dapi,1
BMPR1A_KD,no_BMP,10x-1,3207,743.9,461.2,68,110.9,144.18,1143.04,86.04,997.38,0.0863,1.3,20.0,dapi,1
BMPR1A_KD,no_BMP,10x-1,3208,743.1,708.8,51,64.67,84.07,1118.65,61.65,959.0,0.0643,1.3,20.0,dapi,1
BMPR1A_KD,no_BMP,10x-1,3209,745.8,414.5,87,96.91,125.98,1139.61,82.61,1129.67,0.0731,1.3,20.0,dapi,1
BMPR1A_KD,no_BMP,10x-1,3210,748.1,475.1,105,112.98,146.87,1121.93,64.93,1121.95,0.0579,1.3,20.0,dapi,1
BMPR1A_KD,no_BMP,10x-1,3211,745.6,541.6,77,143.39,186.41,1126.21,69.21,1018.86,0.0679,1.3,20.0,dapi,1
BMPR1A_KD,no_BMP,10x-1,3212,745.0,658.3,97,101.91,132.48,1140.48,83.48,1167.48,0.0715,1.3,20.0,dapi,1
BMPR1A_KD,no_BMP,10x-1,3213,746.1,194.8,73,18.16,23.6,1218.97,161.97,1295.23,0.1251,1.3,20.0,dapi,1
BMPR1A_KD,no_BMP,10x-1,3214,747.0,241.4,86,52.73,68.55,1186.86,129.86,1095.88,0.1185,1.3,20.0,dapi,1
BMPR1A_KD,no_BMP,10x-1,3215,746.3,265.1,51,70.67,91.87,1193.0,136.0,1007.98,0.1349,1.3,20.0,dapi,1
BMPR1A_KD,no_BMP,10x-1,3216,746.7,332.1,70,76.62,99.6,1166.76,109.76,1001.39,0.1096,1.3,20.0,dapi,1
BMPR1A_KD,no_BMP,10x-1,3217,747.5,512.2,119,133.67,173.77,1153.88,96.88,1028.05,0.0942,1.3,20.0,dapi,1
BMPR1A_KD,no_BMP,10x-1,3218,744.8,737.3,52,47.77,62.11,1119.6,62.6,971.56,0.0644,1.3,20.0,dapi,1
BMPR1A_KD,no_BMP,10x-1,3219,746.8,207.4,50,28.89,37.55,1241.06,184.06,1188.78,0.1548,1.3,20.0,dapi,1
BMPR1A_KD,no_BMP,10x-1,3220,749.1,301.5,77,77.75,101.07,1189.66,132.66,1289.94,0.1028,1.3,20.0,dapi,1
BMPR1A_KD,no_BMP,10x-1,3221,749.5,497.7,139,123.42,160.45,1136.81,79.81,953.73,0.0837,1.3,20.0,dapi,1
BMPR1A_KD,no_BMP,10x-1,3222,747.6,748.1,74,41.37,53.78,1154.93,97.93,1030.49,0.095,1.3,20.0,dapi,1
BMPR1A_KD,no_BMP,10x-1,3223,746.0,763.4,71,41.62,54.11,1130.72,73.72,951.59,0.0775,1.3,20.0,dapi,1
BMPR1A_KD,no_BMP,10x-1,3224,746.9,779.4,55,29.21,37.98,1130.67,73.67,996.78,0.0739,1.3,20.0,dapi,1
BMPR1A_KD,no_BMP,10x-1,3225,746.9,806.2,63,4.74,6.16,1111.62,54.62,1002.02,0.0545,1.3,20.0,dapi,1
BMPR1A_KD,no_BMP,10x-1,3226,750.3,348.4,99,75.04,97.55,1164.63,107.63,1113.75,0.0966,1.3,20.0,dapi,1
BMPR1A_KD,no_BMP,10x-1,3227,748.7,380.7,84,82.7,107.51,1141.63,84.63,1099.3,0.077,1.3,20.0,dapi,1
BMPR1A_KD,no_BMP,10x-1,3228,749.1,610.3,111,124.23,161.5,1140.78,83.78,1102.96,0.076,1.3,20.0,dapi,1
BMPR1A_KD,no_BMP,10x-1,3229,747.9,222.5,57,41.86,54.42,1223.09,166.09,1144.67,0.1451,1.3,20.0,dapi,1
BMPR1A_KD,no_BMP,10x-1,3230,749.0,294.6,62,78.26,101.74,1161.77,104.77,1074.81,0.0975,1.3,20.0,dapi,1
BMPR1A_KD,no_BMP,10x-1,3231,749.9,427.0,87,95.47,124.11,1142.47,85.47,1062.4,0.0805,1.3,20.0,dapi,1
BMPR1A_KD,no_BMP,10x-1,3232,748.8,526.3,92,135.19,175.74,1143.53,86.53,1035.95,0.0835,1.3,20.0,dapi,1
BMPR1A_KD,no_BMP,10x-1,3233,749.0,627.0,75,117.95,153.33,1151.67,94.67,962.11,0.0984,1.3,20.0,dapi,1
BMPR1A_KD,no_BMP,10x-1,3234,749.6,183.5,36,5.71,7.42,1218.64,161.64,1326.5,0.1219,1.3,20.0,dapi,1
BMPR1A_KD,no_BMP,10x-1,3235,751.8,486.1,120,115.0,149.5,1138.61,81.61,1033.53,0.079,1.3,20.0,dapi,1
BMPR1A_KD,no_BMP,10x-1,3236,752.7,584.4,111,133.28,173.26,1113.23,56.23,1067.23,0.0527,1.3,20.0,dapi,1
BMPR1A_KD,no_BMP,10x-1,3237,749.0,688.8,52,75.22,97.78,1136.94,79.94,907.58,0.0881,1.3,20.0,dapi,1
BMPR1A_KD,no_BMP,10x-1,3238,750.4,700.3,80,66.08,85.91,1121.0,64.0,1061.79,0.0603,1.3,20.0,dapi,1
BMPR1A_KD,no_BMP,10x-1,3239,750.9,248.9,64,55.34,71.94,1189.22,132.22,1233.69,0.1072,1.3,20.0,dapi,1
BMPR1A_KD,no_BMP,10x-1,3240,750.9,308.0,55,74.24,96.52,1203.67,146.67,1152.22,0.1273,1.3,20.0,dapi,1
BMPR1A_KD,no_BMP,10x-1,3241,750.5,723.5,50,49.83,64.78,1122.7,65.7,1038.48,0.0633,1.3,20.0,dapi,1
BMPR1A_KD,no_BMP,10x-1,3242,750.9,232.4,49,44.02,57.23,1181.47,124.47,1106.47,0.1125,1.3,20.0,dapi,1
BMPR1A_KD,no_BMP,10x-1,3243,752.7,366.4,83,75.55,98.21,1161.89,104.89,1203.64,0.0871,1.3,20.0,dapi,1
BMPR1A_KD,no_BMP,10x-1,3244,752.8,396.7,74,84.8,110.23,1163.64,106.64,1033.24,0.1032,1.3,20.0,dapi,1
BMPR1A_KD,no_BMP,10x-1,3245,754.0,466.0,98,103.63,134.72,1139.67,82.67,1159.96,0.0713,1.3,20.0,dapi,1
BMPR1A_KD,no_BMP,10x-1,3246,752.0,645.6,61,105.53,137.19,1137.23,80.23,1149.75,0.0698,1.3,20.0,dapi,1
BMPR1A_KD,no_BMP,10x-1,3247,754.4,800.1,106,7.42,9.64,1121.18,64.18,1116.97,0.0575,1.3,20.0,dapi,1
BMPR1A_KD,no_BMP,10x-1,3248,752.1,199.9,50,20.67,26.87,1225.64,168.64,1349.22,0.125,1.3,20.0,dapi,1
BMPR1A_KD,no_BMP,10x-1,3249,753.8,277.6,86,76.9,99.97,1175.29,118.29,1211.71,0.0976,1.3,20.0,dapi,1
BMPR1A_KD,no_BMP,10x-1,3250,753.0,357.2,51,73.88,96.05,1152.96,95.96,1164.51,0.0824,1.3,20.0,dapi,1
BMPR1A_KD,no_BMP,10x-1,3251,755.5,409.5,102,86.8,112.84,1144.79,87.79,1082.39,0.0811,1.3,20.0,dapi,1
BMPR1A_KD,no_BMP,10x-1,3252,754.5,733.9,89,41.05,53.37,1137.51,80.51,1002.74,0.0803,1.3,20.0,dapi,1
BMPR1A_KD,no_BMP,10x-1,3253,755.1,753.2,87,33.45,43.49,1143.92,86.92,1129.33,0.077,1.3,20.0,dapi,1
BMPR1A_KD,no_BMP,10x-1,3254,755.3,441.3,83,94.35,122.65,1146.28,89.28,1168.81,0.0764,1.3,20.0,dapi,1
BMPR1A_KD,no_BMP,10x-1,3255,756.4,593.6,97,125.42,163.04,1122.2,65.2,1099.51,0.0593,1.3,20.0,dapi,1
BMPR1A_KD,no_BMP,10x-1,3256,755.2,220.9,83,34.74,45.16,1218.34,161.34,1099.82,0.1467,1.3,20.0,dapi,1
BMPR1A_KD,no_BMP,10x-1,3257,757.4,338.7,125,66.91,86.99,1183.13,126.13,1072.07,0.1176,1.3,20.0,dapi,1
BMPR1A_KD,no_BMP,10x-1,3258,757.4,708.1,79,55.45,72.09,1113.77,56.77,982.19,0.0578,1.3,20.0,dapi,1
BMPR1A_KD,no_BMP,10x-1,3259,757.1,716.9,110,48.97,63.66,1113.45,56.45,1023.07,0.0552,1.3,20.0,dapi,1
BMPR1A_KD,no_BMP,10x-1,3260,757.7,188.1,110,7.42,9.64,1200.99,143.99,1102.96,0.1305,1.3,20.0,dapi,1
BMPR1A_KD,no_BMP,10x-1,3261,758.3,541.5,110,131.94,171.53,1131.15,74.15,1074.43,0.069,1.3,20.0,dapi,1
BMPR1A_KD,no_BMP,10x-1,3262,756.5,670.6,69,84.25,109.53,1143.17,86.17,1338.78,0.0644,1.3,20.0,dapi,1
BMPR1A_KD,no_BMP,10x-1,3263,757.4,316.9,101,67.0,87.11,1188.84,131.84,1160.33,0.1136,1.3,20.0,dapi,1
BMPR1A_KD,no_BMP,10x-1,3264,756.3,570.3,61,138.82,180.46,1136.05,79.05,944.51,0.0837,1.3,20.0,dapi,1
BMPR1A_KD,no_BMP,10x-1,3265,757.0,774.0,47,27.56,35.82,1132.19,75.19,982.87,0.0765,1.3,20.0,dapi,1
BMPR1A_KD,no_BMP,10x-1,3266,755.6,781.8,36,21.24,27.61,1135.47,78.47,1046.19,0.075,1.3,20.0,dapi,1
BMPR1A_KD,no_BMP,10x-1,3267,758.2,521.5,75,125.14,162.68,1135.88,78.88,998.75,0.079,1.3,20.0,dapi,1
BMPR1A_KD,no_BMP,10x-1,3268,757.4,556.0,56,139.35,181.16,1127.82,70.82,935.61,0.0757,1.3,20.0,dapi,1
BMPR1A_KD,no_BMP,10x-1,3269,759.8,379.2,84,71.59,93.07,1151.5,94.5,1191.31,0.0793,1.3,20.0,dapi,1
BMPR1A_KD,no_BMP,10x-1,3270,760.6,629.8,122,105.69,137.4,1117.7,60.7,993.61,0.0611,1.3,20.0,dapi,1
BMPR1A_KD,no_BMP,10x-1,3271,758.7,642.5,64,103.52,134.57,1162.22,105.22,1032.75,0.1019,1.3,20.0,dapi,1
BMPR1A_KD,no_BMP,10x-1,3272,759.2,249.5,52,50.83,66.09,1194.56,137.56,1172.63,0.1173,1.3,20.0,dapi,1
BMPR1A_KD,no_BMP,10x-1,3273,759.2,425.6,77,86.48,112.43,1158.64,101.64,1122.32,0.0906,1.3,20.0,dapi,1
BMPR1A_KD,no_BMP,10x-1,3274,759.1,763.9,44,28.66,37.26,1095.84,38.84,1546.5,0.0251,1.3,20.0,dapi,1
BMPR1A_KD,no_BMP,10x-1,3275,758.8,791.5,24,11.52,14.98,1138.38,81.38,1433.92,0.0568,1.3,20.0,dapi,1
BMPR1A_KD,no_BMP,10x-1,3276,760.0,204.9,20,22.83,29.67,1188.95,131.95,1638.7,0.0805,1.3,20.0,dapi,1
BMPR1A_KD,no_BMP,10x-1,3277,760.7,238.1,55,40.48,52.63,1201.44,144.44,1070.31,0.1349,1.3,20.0,dapi,1
BMPR1A_KD,no_BMP,10x-1,3278,760.7,284.9,72,68.29,88.78,1209.58,152.58,1013.26,0.1506,1.3,20.0,dapi,1
BMPR1A_KD,no_BMP,10x-1,3279,761.9,370.2,73,67.38,87.59,1179.9,122.9,1295.18,0.0949,1.3,20.0,dapi,1
BMPR1A_KD,no_BMP,10x-1,3280,764.6,388.9,141,70.52,91.68,1146.22,89.22,1118.98,0.0797,1.3,20.0,dapi,1
BMPR1A_KD,no_BMP,10x-1,3281,761.8,450.4,113,90.24,117.31,1153.15,96.15,1079.35,0.0891,1.3,20.0,dapi,1
BMPR1A_KD,no_BMP,10x-1,3282,762.3,230.6,54,34.86,45.32,1213.76,156.76,1058.13,0.1481,1.3,20.0,dapi,1
BMPR1A_KD,no_BMP,10x-1,3283,762.5,354.8,84,63.69,82.8,1167.89,110.89,1237.46,0.0896,1.3,20.0,dapi,1
BMPR1A_KD,no_BMP,10x-1,3284,762.7,610.2,116,111.63,145.12,1138.64,81.64,1041.79,0.0784,1.3,20.0,dapi,1
BMPR1A_KD,no_BMP,10x-1,3285,763.0,689.2,58,66.69,86.7,1112.12,55.12,948.45,0.0581,1.3,20.0,dapi,1
BMPR1A_KD,no_BMP,10x-1,3286,765.0,298.8,88,61.93,80.51,1186.07,129.07,1245.05,0.1037,1.3,20.0,dapi,1
BMPR1A_KD,no_BMP,10x-1,3287,763.1,576.6,82,129.02,167.72,1107.38,50.38,987.76,0.051,1.3,20.0,dapi,1
BMPR1A_KD,no_BMP,10x-1,3288,764.6,700.0,78,57.02,74.12,1135.05,78.05,1219.97,0.064,1.3,20.0,dapi,1
BMPR1A_KD,no_BMP,10x-1,3289,763.9,262.2,65,58.05,75.46,1178.26,121.26,1093.58,0.1109,1.3,20.0,dapi,1
BMPR1A_KD,no_BMP,10x-1,3290,764.9,272.2,65,66.48,86.42,1173.69,116.69,984.65,0.1185,1.3,20.0,dapi,1
BMPR1A_KD,no_BMP,10x-1,3291,763.3,531.6,72,123.9,161.07,1141.67,84.67,1087.26,0.0779,1.3,20.0,dapi,1
BMPR1A_KD,no_BMP,10x-1,3292,764.2,218.8,35,25.96,33.74,1188.09,131.09,1305.54,0.1004,1.3,20.0,dapi,1
BMPR1A_KD,no_BMP,10x-1,3293,765.0,472.9,118,97.12,126.26,1135.51,78.51,1028.2,0.0764,1.3,20.0,dapi,1
BMPR1A_KD,no_BMP,10x-1,3294,767.7,315.8,124,56.18,73.04,1189.48,132.48,1118.75,0.1184,1.3,20.0,dapi,1
BMPR1A_KD,no_BMP,10x-1,3295,766.5,647.9,126,93.84,121.99,1133.6,76.6,1034.25,0.0741,1.3,20.0,dapi,1
BMPR1A_KD,no_BMP,10x-1,3296,766.9,680.9,62,70.2,91.26,1139.97,82.97,1252.24,0.0663,1.3,20.0,dapi,1
BMPR1A_KD,no_BMP,10x-1,3297,768.0,436.5,87,80.75,104.98,1148.89,91.89,1081.47,0.085,1.3,20.0,dapi,1
BMPR1A_KD,no_BMP,10x-1,3298,768.6,514.6,103,112.93,146.81,1134.36,77.36,1061.07,0.0729,1.3,20.0,dapi,1
BMPR1A_KD,no_BMP,10x-1,3299,767.8,754.1,77,20.52,26.67,1106.29,49.29,1140.79,0.0432,1.3,20.0,dapi,1
BMPR1A_KD,no_BMP,10x-1,3300,765.3,779.0,19,19.73,25.65,1146.47,89.47,1582.84,0.0565,1.3,20.0,dapi,1
BMPR1A_KD,no_BMP,10x-1,3301,768.8,190.0,94,6.55,8.51,1179.64,122.64,1094.04,0.1121,1.3,20.0,dapi,1
BMPR1A_KD,no_BMP,10x-1,3302,769.8,326.3,81,53.62,69.7,1173.44,116.44,1226.31,0.095,1.3,20.0,dapi,1
BMPR1A_KD,no_BMP,10x-1,3303,768.7,400.5,68,70.95,92.23,1183.76,126.76,1076.46,0.1178,1.3,20.0,dapi,1
BMPR1A_KD,no_BMP,10x-1,3304,768.5,490.2,70,104.25,135.52,1136.46,79.46,979.86,0.0811,1.3,20.0,dapi,1
BMPR1A_KD,no_BMP,10x-1,3305,769.1,552.5,74,127.28,165.47,1137.39,80.39,1039.57,0.0773,1.3,20.0,dapi,1
BMPR1A_KD,no_BMP,10x-1,3306,768.2,245.0,48,41.47,53.92,1205.4,148.4,1064.77,0.1394,1.3,20.0,dapi,1
BMPR1A_KD,no_BMP,10x-1,3307,768.4,333.9,51,55.64,72.34,1174.12,117.12,1213.55,0.0965,1.3,20.0,dapi,1
BMPR1A_KD,no_BMP,10x-1,3308,769.3,561.5,44,131.1,170.43,1128.95,71.95,1126.7,0.0639,1.3,20.0,dapi,1
BMPR1A_KD,no_BMP,10x-1,3309,769.6,598.6,98,110.86,144.12,1127.65,70.65,1036.67,0.0682,1.3,20.0,dapi,1
BMPR1A_KD,no_BMP,10x-1,3310,769.2,659.7,97,83.62,108.71,1151.46,94.46,1166.71,0.081,1.3,20.0,dapi,1
BMPR1A_KD,no_BMP,10x-1,3311,770.2,730.0,91,30.58,39.76,1127.04,70.04,1152.48,0.0608,1.3,20.0,dapi,1
BMPR1A_KD,no_BMP,10x-1,3312,769.9,221.9,74,22.9,29.77,1198.19,141.19,1166.82,0.121,1.3,20.0,dapi,1
BMPR1A_KD,no_BMP,10x-1,3313,769.8,289.5,51,58.6,76.17,1193.53,136.53,1148.25,0.1189,1.3,20.0,dapi,1
BMPR1A_KD,no_BMP,10x-1,3314,771.8,255.9,67,49.02,63.73,1189.25,132.25,1280.97,0.1032,1.3,20.0,dapi,1
BMPR1A_KD,no_BMP,10x-1,3315,772.5,421.4,74,72.69,94.5,1149.23,92.23,1078.66,0.0855,1.3,20.0,dapi,1
BMPR1A_KD,no_BMP,10x-1,3316,772.7,372.7,77,57.42,74.64,1163.7,106.7,1111.61,0.096,1.3,20.0,dapi,1
BMPR1A_KD,no_BMP,10x-1,3317,771.9,582.0,40,118.82,154.46,1129.08,72.08,990.58,0.0728,1.3,20.0,dapi,1
BMPR1A_KD,no_BMP,10x-1,3318,771.0,768.2,48,17.17,22.32,1120.85,63.85,865.56,0.0738,1.3,20.0,dapi,1
BMPR1A_KD,no_BMP,10x-1,3319,774.1,281.0,84,57.07,74.18,1191.46,134.46,1135.08,0.1185,1.3,20.0,dapi,1
BMPR1A_KD,no_BMP,10x-1,3320,774.3,413.9,72,69.47,90.31,1158.01,101.01,943.4,0.1071,1.3,20.0,dapi,1
BMPR1A_KD,no_BMP,10x-1,3321,775.9,494.1,117,100.72,130.93,1117.79,60.79,1117.03,0.0544,1.3,20.0,dapi,1
BMPR1A_KD,no_BMP,10x-1,3322,773.7,623.9,100,95.7,124.41,1123.67,66.67,1130.21,0.059,1.3,20.0,dapi,1
BMPR1A_KD,no_BMP,10x-1,3323,772.3,675.7,49,70.18,91.23,1127.08,70.08,1065.67,0.0658,1.3,20.0,dapi,1
BMPR1A_KD,no_BMP,10x-1,3324,774.1,720.8,110,34.62,45.0,1132.47,75.47,1118.59,0.0675,1.3,20.0,dapi,1
BMPR1A_KD,no_BMP,10x-1,3325,774.7,792.9,64,3.72,4.84,1095.83,38.83,972.0,0.0399,1.3,20.0,dapi,1
BMPR1A_KD,no_BMP,10x-1,3326,774.5,265.2,78,56.48,73.43,1201.97,144.97,1312.77,0.1104,1.3,20.0,dapi,1
BMPR1A_KD,no_BMP,10x-1,3327,774.1,344.0,75,50.71,65.93,1164.45,107.45,1269.76,0.0846,1.3,20.0,dapi,1
BMPR1A_KD,no_BMP,10x-1,3328,775.5,359.5,96,51.88,67.45,1154.64,97.64,1132.82,0.0862,1.3,20.0,dapi,1
BMPR1A_KD,no_BMP,10x-1,3329,773.3,476.0,54,91.95,119.54,1160.5,103.5,1252.13,0.0827,1.3,20.0,dapi,1
BMPR1A_KD,no_BMP,10x-1,3330,775.1,567.7,78,124.68,162.08,1125.36,68.36,1119.09,0.0611,1.3,20.0,dapi,1
BMPR1A_KD,no_BMP,10x-1,3331,774.7,700.4,101,50.47,65.61,1125.71,68.71,1075.35,0.0639,1.3,20.0,dapi,1
BMPR1A_KD,no_BMP,10x-1,3332,774.1,207.3,49,11.45,14.88,1166.61,109.61,1091.35,0.1004,1.3,20.0,dapi,1
BMPR1A_KD,no_BMP,10x-1,3333,776.6,406.2,98,64.9,84.36,1155.54,98.54,1145.45,0.086,1.3,20.0,dapi,1
BMPR1A_KD,no_BMP,10x-1,3334,776.4,445.8,99,75.7,98.41,1182.12,125.12,1159.61,0.1079,1.3,20.0,dapi,1
BMPR1A_KD,no_BMP,10x-1,3335,776.1,640.5,91,87.74,114.06,1130.43,73.43,1071.91,0.0685,1.3,20.0,dapi,1
BMPR1A_KD,no_BMP,10x-1,3336,776.2,233.2,64,27.05,35.17,1201.88,144.88,1064.83,0.1361,1.3,20.0,dapi,1
BMPR1A_KD,no_BMP,10x-1,3337,776.5,465.7,86,84.09,109.32,1151.16,94.16,1224.97,0.0769,1.3,20.0,dapi,1
BMPR1A_KD,no_BMP,10x-1,3338,776.5,504.1,87,103.67,134.77,1150.43,93.43,1204.48,0.0776,1.3,20.0,dapi,1
BMPR1A_KD,no_BMP,10x-1,3339,776.7,530.3,103,110.15,143.2,1141.64,84.64,1089.2,0.0777,1.3,20.0,dapi,1
BMPR1A_KD,no_BMP,10x-1,3340,777.1,587.7,74,111.22,144.59,1097.5,40.5,1020.74,0.0397,1.3,20.0,dapi,1
BMPR1A_KD,no_BMP,10x-1,3341,775.7,223.7,47,20.0,26.0,1204.23,147.23,1106.91,0.133,1.3,20.0,dapi,1
BMPR1A_KD,no_BMP,10x-1,3342,777.0,244.4,46,36.04,46.86,1184.78,127.78,1029.39,0.1241,1.3,20.0,dapi,1
BMPR1A_KD,no_BMP,10x-1,3343,778.2,430.2,92,69.1,89.82,1147.73,90.73,1220.68,0.0743,1.3,20.0,dapi,1
BMPR1A_KD,no_BMP,10x-1,3344,777.1,661.9,77,76.71,99.73,1148.44,91.44,1376.44,0.0664,1.3,20.0,dapi,1
BMPR1A_KD,no_BMP,10x-1,3345,776.4,688.3,51,58.86,76.52,1128.2,71.2,1051.14,0.0677,1.3,20.0,dapi,1
BMPR1A_KD,no_BMP,10x-1,3346,777.0,197.0,53,4.31,5.61,1176.58,119.58,1020.21,0.1172,1.3,20.0,dapi,1
BMPR1A_KD,no_BMP,10x-1,3347,779.4,456.8,76,77.19,100.35,1156.79,99.79,1203.59,0.0829,1.3,20.0,dapi,1
BMPR1A_KD,no_BMP,10x-1,3348,779.4,301.7,88,47.74,62.06,1197.51,140.51,1228.26,0.1144,1.3,20.0,dapi,1
BMPR1A_KD,no_BMP,10x-1,3349,781.6,319.1,139,41.93,54.51,1173.1,116.1,1336.07,0.0869,1.3,20.0,dapi,1
BMPR1A_KD,no_BMP,10x-1,3350,780.0,384.0,86,54.83,71.28,1153.85,96.85,1107.6,0.0874,1.3,20.0,dapi,1
BMPR1A_KD,no_BMP,10x-1,3351,780.4,607.4,83,98.15,127.59,1118.16,61.16,1090.66,0.0561,1.3,20.0,dapi,1
BMPR1A_KD,no_BMP,10x-1,3352,779.7,754.6,66,8.66,11.25,1103.86,46.86,919.85,0.0509,1.3,20.0,dapi,1
BMPR1A_KD,no_BMP,10x-1,3353,782.2,292.9,83,46.01,59.81,1189.4,132.4,1168.12,0.1133,1.3,20.0,dapi,1
BMPR1A_KD,no_BMP,10x-1,3354,784.6,353.8,92,42.18,54.84,1166.92,109.92,1182.79,0.0929,1.3,20.0,dapi,1
BMPR1A_KD,no_BMP,10x-1,3355,780.8,549.1,110,114.79,149.23,1127.78,70.78,1048.93,0.0675,1.3,20.0,dapi,1
BMPR1A_KD,no_BMP,10x-1,3356,780.3,370.8,64,50.14,65.18,1138.36,81.36,1154.08,0.0705,1.3,20.0,dapi,1
BMPR1A_KD,no_BMP,10x-1,3357,780.9,782.2,90,10.25,13.32,1086.02,29.02,961.43,0.0302,1.3,20.0,dapi,1
BMPR1A_KD,no_BMP,10x-1,3358,781.3,205.8,64,4.74,6.16,1169.22,112.22,968.27,0.1159,1.3,20.0,dapi,1
BMPR1A_KD,no_BMP,10x-1,3359,781.5,217.4,46,10.79,14.02,1187.5,130.5,1069.87,0.122,1.3,20.0,dapi,1
BMPR1A_KD,no_BMP,10x-1,3360,783.4,271.7,91,52.71,68.52,1180.3,123.3,1162.71,0.106,1.3,20.0,dapi,1
BMPR1A_KD,no_BMP,10x-1,3361,781.9,335.8,75,41.76,54.28,1156.64,99.64,1055.68,0.0944,1.3,20.0,dapi,1
BMPR1A_KD,no_BMP,10x-1,3362,782.3,519.0,93,101.62,132.11,1157.29,100.29,1148.01,0.0874,1.3,20.0,dapi,1
BMPR1A_KD,no_BMP,10x-1,3363,781.5,579.5,45,112.76,146.58,1115.13,58.13,1032.44,0.0563,1.3,20.0,dapi,1
BMPR1A_KD,no_BMP,10x-1,3364,783.6,618.2,96,89.27,116.05,1109.45,52.45,1068.67,0.0491,1.3,20.0,dapi,1
BMPR1A_KD,no_BMP,10x-1,3365,783.1,740.2,96,14.31,18.61,1125.35,68.35,1110.21,0.0616,1.3,20.0,dapi,1
BMPR1A_KD,no_BMP,10x-1,3366,783.1,249.8,65,39.32,51.12,1182.97,125.97,1005.42,0.1253,1.3,20.0,dapi,1
BMPR1A_KD,no_BMP,10x-1,3367,782.1,483.5,70,88.97,115.66,1142.76,85.76,1110.43,0.0772,1.3,20.0,dapi,1
BMPR1A_KD,no_BMP,10x-1,3368,784.2,537.5,104,106.71,138.72,1146.23,89.23,1168.32,0.0764,1.3,20.0,dapi,1
BMPR1A_KD,no_BMP,10x-1,3369,782.5,667.8,62,68.91,89.58,1138.56,81.56,1029.52,0.0792,1.3,20.0,dapi,1
BMPR1A_KD,no_BMP,10x-1,3370,784.8,768.6,91,3.72,4.84,1074.77,17.77,894.48,0.0199,1.3,20.0,dapi,1
BMPR1A_KD,no_BMP,10x-1,3371,785.1,284.7,71,45.36,58.97,1182.07,125.07,1291.7,0.0968,1.3,20.0,dapi,1
BMPR1A_KD,no_BMP,10x-1,3372,783.4,347.6,54,42.67,55.47,1150.35,93.35,1158.78,0.0806,1.3,20.0,dapi,1
BMPR1A_KD,no_BMP,10x-1,3373,783.8,393.6,69,54.54,70.9,1171.59,114.59,1126.42,0.1017,1.3,20.0,dapi,1
BMPR1A_KD,no_BMP,10x-1,3374,784.9,439.0,62,64.98,84.47,1141.61,84.61,1195.66,0.0708,1.3,20.0,dapi,1
BMPR1A_KD,no_BMP,10x-1,3375,784.9,509.1,65,95.94,124.72,1177.95,120.95,1187.43,0.1019,1.3,20.0,dapi,1
BMPR1A_KD,no_BMP,10x-1,3376,783.7,647.7,55,77.92,101.29,1140.18,83.18,1246.95,0.0667,1.3,20.0,dapi,1
BMPR1A_KD,no_BMP,10x-1,3377,784.6,713.8,83,33.41,43.43,1126.94,69.94,1208.14,0.0579,1.3,20.0,dapi,1
BMPR1A_KD,no_BMP,10x-1,3378,785.2,680.5,72,58.15,75.6,1118.17,61.17,1131.07,0.0541,1.3,20.0,dapi,1
BMPR1A_KD,no_BMP,10x-1,3379,785.0,705.0,62,40.22,52.29,1120.89,63.89,1173.42,0.0544,1.3,20.0,dapi,1
BMPR1A_KD,no_BMP,10x-1,3380,786.7,308.1,88,39.32,51.12,1183.2,126.2,1240.27,0.1018,1.3,20.0,dapi,1
BMPR1A_KD,no_BMP,10x-1,3381,788.2,596.4,148,97.62,126.91,1118.47,61.47,924.8,0.0665,1.3,20.0,dapi,1
BMPR1A_KD,no_BMP,10x-1,3382,786.4,694.4,70,47.55,61.82,1121.13,64.13,1080.4,0.0594,1.3,20.0,dapi,1
BMPR1A_KD,no_BMP,10x-1,3383,786.1,230.1,66,19.54,25.41,1182.23,125.23,1067.21,0.1173,1.3,20.0,dapi,1
BMPR1A_KD,no_BMP,10x-1,3384,788.2,583.8,65,104.99,136.48,1118.86,61.86,1059.2,0.0584,1.3,20.0,dapi,1
BMPR1A_KD,no_BMP,10x-1,3385,788.1,626.8,77,81.7,106.21,1158.64,101.64,1051.7,0.0966,1.3,20.0,dapi,1
BMPR1A_KD,no_BMP,10x-1,3386,788.0,636.5,89,78.25,101.73,1120.36,63.36,1148.89,0.0551,1.3,20.0,dapi,1
BMPR1A_KD,no_BMP,10x-1,3387,789.9,472.6,99,76.45,99.38,1139.8,82.8,1101.89,0.0751,1.3,20.0,dapi,1
BMPR1A_KD,no_BMP,10x-1,3388,789.4,565.7,69,114.42,148.75,1127.48,70.48,1106.75,0.0637,1.3,20.0,dapi,1
BMPR1A_KD,no_BMP,10x-1,3389,789.5,256.5,61,44.63,58.02,1177.7,120.7,1037.36,0.1164,1.3,20.0,dapi,1
BMPR1A_KD,no_BMP,10x-1,3390,790.7,378.9,90,42.75,55.58,1157.08,100.08,1101.3,0.0909,1.3,20.0,dapi,1
BMPR1A_KD,no_BMP,10x-1,3391,789.4,426.2,75,57.42,74.64,1154.59,97.59,1009.13,0.0967,1.3,20.0,dapi,1
BMPR1A_KD,no_BMP,10x-1,3392,788.6,558.3,53,112.48,146.22,1130.47,73.47,1058.45,0.0694,1.3,20.0,dapi,1
BMPR1A_KD,no_BMP,10x-1,3393,790.4,736.5,94,12.4,16.12,1109.5,52.5,1074.69,0.0489,1.3,20.0,dapi,1
BMPR1A_KD,no_BMP,10x-1,3394,789.3,217.7,54,7.44,9.67,1184.44,127.44,1057.11,0.1206,1.3,20.0,dapi,1
BMPR1A_KD,no_BMP,10x-1,3395,790.5,265.4,68,49.02,63.73,1181.46,124.46,1015.97,0.1225,1.3,20.0,dapi,1
BMPR1A_KD,no_BMP,10x-1,3396,790.7,369.7,54,39.32,51.12,1148.19,91.19,1037.31,0.0879,1.3,20.0,dapi,1
BMPR1A_KD,no_BMP,10x-1,3397,790.2,655.6,68,69.69,90.59,1153.35,96.35,1133.01,0.085,1.3,20.0,dapi,1
BMPR1A_KD,no_BMP,10x-1,3398,791.1,668.6,75,62.42,81.14,1147.37,90.37,1061.09,0.0852,1.3,20.0,dapi,1
BMPR1A_KD,no_BMP,10x-1,3399,790.9,415.0,56,52.86,68.72,1162.25,105.25,990.0,0.1063,1.3,20.0,dapi,1
BMPR1A_KD,no_BMP,10x-1,3400,791.7,500.6,89,87.39,113.6,1142.28,85.28,1139.49,0.0748,1.3,20.0,dapi,1
BMPR1A_KD,no_BMP,10x-1,3401,791.9,573.8,91,107.26,139.43,1127.31,70.31,1139.59,0.0617,1.3,20.0,dapi,1
BMPR1A_KD,no_BMP,10x-1,3402,790.9,786.0,69,2.73,3.54,1062.22,5.22,868.35,0.006,1.3,20.0,dapi,1
BMPR1A_KD,no_BMP,10x-1,3403,791.6,235.1,49,22.47,29.21,1174.86,117.86,1143.69,0.103,1.3,20.0,dapi,1
BMPR1A_KD,no_BMP,10x-1,3404,793.4,317.1,79,31.31,40.7,1181.59,124.59,1263.95,0.0986,1.3,20.0,dapi,1
BMPR1A_KD,no_BMP,10x-1,3405,794.8,328.3,106,28.62,37.2,1160.0,103.0,1095.67,0.094,1.3,20.0,dapi,1
BMPR1A_KD,no_BMP,10x-1,3406,792.6,395.5,51,46.65,60.64,1154.55,97.55,1062.94,0.0918,1.3,20.0,dapi,1
BMPR1A_KD,no_BMP,10x-1,3407,795.9,343.2,160,29.0,37.7,1164.78,107.78,1189.16,0.0906,1.3,20.0,dapi,1
BMPR1A_KD,no_BMP,10x-1,3408,795.7,359.9,86,32.13,41.77,1157.45,100.45,1166.23,0.0861,1.3,20.0,dapi,1
BMPR1A_KD,no_BMP,10x-1,3409,794.3,435.7,85,55.5,72.14,1159.16,102.16,1251.68,0.0816,1.3,20.0,dapi,1
BMPR1A_KD,no_BMP,10x-1,3410,795.9,462.3,100,65.06,84.58,1155.68,98.68,1172.94,0.0841,1.3,20.0,dapi,1
BMPR1A_KD,no_BMP,10x-1,3411,794.0,523.2,87,91.77,119.3,1139.66,82.66,1085.14,0.0762,1.3,20.0,dapi,1
BMPR1A_KD,no_BMP,10x-1,3412,795.1,242.6,74,29.89,38.86,1172.03,115.03,1077.49,0.1068,1.3,20.0,dapi,1
BMPR1A_KD,no_BMP,10x-1,3413,795.4,299.5,81,32.0,41.6,1179.77,122.77,1221.59,0.1005,1.3,20.0,dapi,1
BMPR1A_KD,no_BMP,10x-1,3414,796.8,450.2,103,57.97,75.36,1151.8,94.8,1083.21,0.0875,1.3,20.0,dapi,1
BMPR1A_KD,no_BMP,10x-1,3415,794.2,538.9,50,98.65,128.25,1164.52,107.52,1020.34,0.1054,1.3,20.0,dapi,1
BMPR1A_KD,no_BMP,10x-1,3416,795.4,647.6,80,67.49,87.74,1136.6,79.6,1298.61,0.0613,1.3,20.0,dapi,1
BMPR1A_KD,no_BMP,10x-1,3417,795.2,676.8,90,53.64,69.74,1135.76,78.76,1156.27,0.0681,1.3,20.0,dapi,1
BMPR1A_KD,no_BMP,10x-1,3418,797.1,223.0,124,9.79,12.73,1192.25,135.25,1031.63,0.1311,1.3,20.0,dapi,1
BMPR1A_KD,no_BMP,10x-1,3419,797.5,488.1,95,80.8,105.04,1151.56,94.56,1142.43,0.0828,1.3,20.0,dapi,1
BMPR1A_KD,no_BMP,10x-1,3420,797.3,269.8,57,40.56,52.73,1175.3,118.3,1093.53,0.1082,1.3,20.0,dapi,1
BMPR1A_KD,no_BMP,10x-1,3421,797.5,278.5,67,37.62,48.9,1177.7,120.7,1114.22,0.1083,1.3,20.0,dapi,1
BMPR1A_KD,no_BMP,10x-1,3422,798.2,288.3,63,32.15,41.8,1185.78,128.78,977.4,0.1318,1.3,20.0,dapi,1
BMPR1A_KD,no_BMP,10x-1,3423,797.0,407.7,78,45.91,59.68,1157.87,100.87,1223.9,0.0824,1.3,20.0,dapi,1
BMPR1A_KD,no_BMP,10x-1,3424,797.4,479.2,72,75.14,97.68,1136.88,79.88,1123.97,0.0711,1.3,20.0,dapi,1
BMPR1A_KD,no_BMP,10x-1,3425,796.8,692.7,48,40.48,52.63,1134.85,77.85,959.35,0.0812,1.3,20.0,dapi,1
BMPR1A_KD,no_BMP,10x-1,3426,801.0,608.9,132,79.48,103.33,1126.89,69.89,1040.2,0.0672,1.3,20.0,dapi,1
BMPR1A_KD,no_BMP,10x-1,3427,800.6,372.8,92,31.13,40.47,1146.95,89.95,1152.61,0.078,1.3,20.0,dapi,1
BMPR1A_KD,no_BMP,10x-1,3428,799.4,388.2,72,38.47,50.01,1154.62,97.62,1078.85,0.0905,1.3,20.0,dapi,1
BMPR1A_KD,no_BMP,10x-1,3429,798.7,426.9,62,48.18,62.64,1158.94,101.94,1198.23,0.0851,1.3,20.0,dapi,1
BMPR1A_KD,no_BMP,10x-1,3430,799.4,509.2,85,82.42,107.14,1148.58,91.58,1031.95,0.0887,1.3,20.0,dapi,1
BMPR1A_KD,no_BMP,10x-1,3431,798.6,557.0,54,103.65,134.75,1154.54,97.54,1063.5,0.0917,1.3,20.0,dapi,1
BMPR1A_KD,no_BMP,10x-1,3432,801.1,634.1,90,66.96,87.05,1131.31,74.31,1158.1,0.0642,1.3,20.0,dapi,1
BMPR1A_KD,no_BMP,10x-1,3433,802.0,311.8,72,23.83,30.98,1179.17,122.17,987.26,0.1237,1.3,20.0,dapi,1
BMPR1A_KD,no_BMP,10x-1,3434,801.2,588.5,70,91.95,119.54,1116.56,59.56,1044.14,0.057,1.3,20.0,dapi,1
BMPR1A_KD,no_BMP,10x-1,3435,801.4,619.9,97,73.45,95.49,1111.19,54.19,1110.01,0.0488,1.3,20.0,dapi,1
BMPR1A_KD,no_BMP,10x-1,3436,802.7,255.0,77,38.96,50.64,1170.52,113.52,964.96,0.1176,1.3,20.0,dapi,1
BMPR1A_KD,no_BMP,10x-1,3437,803.0,467.4,83,62.6,81.38,1145.01,88.01,1159.33,0.0759,1.3,20.0,dapi,1
BMPR1A_KD,no_BMP,10x-1,3438,805.1,237.4,119,21.02,27.32,1186.47,129.47,1053.52,0.1229,1.3,20.0,dapi,1
BMPR1A_KD,no_BMP,10x-1,3439,802.1,398.5,64,38.74,50.37,1159.88,102.88,1088.3,0.0945,1.3,20.0,dapi,1
BMPR1A_KD,no_BMP,10x-1,3440,803.0,656.2,87,57.35,74.55,1127.26,70.26,1192.9,0.0589,1.3,20.0,dapi,1
BMPR1A_KD,no_BMP,10x-1,3441,802.0,683.0,55,44.62,58.0,1130.65,73.65,1009.24,0.073,1.3,20.0,dapi,1
BMPR1A_KD,no_BMP,10x-1,3442,804.5,696.9,81,32.0,41.6,1129.06,72.06,993.32,0.0725,1.3,20.0,dapi,1
BMPR1A_KD,no_BMP,10x-1,3443,805.9,334.3,74,17.68,22.98,1142.49,85.49,1192.55,0.0717,1.3,20.0,dapi,1
BMPR1A_KD,no_BMP,10x-1,3444,803.5,347.9,53,22.26,28.94,1154.19,97.19,1103.08,0.0881,1.3,20.0,dapi,1
BMPR1A_KD,no_BMP,10x-1,3445,803.2,576.3,47,97.23,126.4,1144.89,87.89,1045.51,0.0841,1.3,20.0,dapi,1
BMPR1A_KD,no_BMP,10x-1,3446,803.8,219.5,32,4.72,6.13,1211.56,154.56,1432.16,0.1079,1.3,20.0,dapi,1
BMPR1A_KD,no_BMP,10x-1,3447,805.1,519.5,82,80.47,104.61,1161.72,104.72,1124.28,0.0931,1.3,20.0,dapi,1
BMPR1A_KD,no_BMP,10x-1,3448,806.3,548.8,47,93.34,121.34,1125.32,68.32,1611.45,0.0424,1.3,20.0,dapi,1
BMPR1A_KD,no_BMP,10x-1,3449,808.4,731.0,158,5.71,7.42,1103.89,46.89,929.01,0.0505,1.3,20.0,dapi,1
BMPR1A_KD,no_BMP,10x-1,3450,806.2,275.7,81,29.93,38.9,1176.84,119.84,1219.33,0.0983,1.3,20.0,dapi,1
BMPR1A_KD,no_BMP,10x-1,3451,806.5,534.9,69,85.26,110.84,1149.22,92.22,1179.9,0.0782,1.3,20.0,dapi,1
BMPR1A_KD,no_BMP,10x-1,3452,805.7,599.1,82,81.7,106.21,1132.83,75.83,992.83,0.0764,1.3,20.0,dapi,1
BMPR1A_KD,no_BMP,10x-1,3453,810.8,360.8,111,17.6,22.88,1152.36,95.36,1056.38,0.0903,1.3,20.0,dapi,1
BMPR1A_KD,no_BMP,10x-1,3454,807.4,412.3,59,36.59,47.56,1138.9,81.9,1064.71,0.0769,1.3,20.0,dapi,1
BMPR1A_KD,no_BMP,10x-1,3455,806.5,500.7,43,72.69,94.5,1148.91,91.91,1130.93,0.0813,1.3,20.0,dapi,1
BMPR1A_KD,no_BMP,10x-1,3456,808.5,297.1,70,18.82,24.47,1135.6,78.6,1310.44,0.06,1.3,20.0,dapi,1
BMPR1A_KD,no_BMP,10x-1,3457,813.6,320.6,207,9.93,12.91,1148.92,91.92,1210.89,0.0759,1.3,20.0,dapi,1
BMPR1A_KD,no_BMP,10x-1,3458,808.3,494.3,49,70.46,91.6,1131.39,74.39,1112.02,0.0669,1.3,20.0,dapi,1
BMPR1A_KD,no_BMP,10x-1,3459,807.6,672.6,56,47.77,62.11,1126.0,69.0,1035.48,0.0666,1.3,20.0,dapi,1
BMPR1A_KD,no_BMP,10x-1,3460,809.3,224.3,56,7.42,9.64,1157.29,100.29,949.61,0.1056,1.3,20.0,dapi,1
BMPR1A_KD,no_BMP,10x-1,3461,809.2,287.8,72,22.21,28.87,1162.71,105.71,1192.97,0.0886,1.3,20.0,dapi,1
BMPR1A_KD,no_BMP,10x-1,3462,810.8,426.7,117,36.79,47.82,1131.15,74.15,1083.37,0.0684,1.3,20.0,dapi,1
BMPR1A_KD,no_BMP,10x-1,3463,807.8,473.4,46,63.13,82.07,1135.33,78.33,1087.3,0.072,1.3,20.0,dapi,1
BMPR1A_KD,no_BMP,10x-1,3464,811.4,387.8,97,26.99,35.09,1173.54,116.54,1058.13,0.1101,1.3,20.0,dapi,1
BMPR1A_KD,no_BMP,10x-1,3465,809.9,403.7,54,32.47,42.21,1154.39,97.39,1021.7,0.0953,1.3,20.0,dapi,1
BMPR1A_KD,no_BMP,10x-1,3466,811.6,438.3,94,39.24,51.01,1148.48,91.48,1161.71,0.0787,1.3,20.0,dapi,1
BMPR1A_KD,no_BMP,10x-1,3467,810.1,577.4,57,91.14,118.49,1127.98,70.98,1086.91,0.0653,1.3,20.0,dapi,1
BMPR1A_KD,no_BMP,10x-1,3468,810.3,245.4,53,27.91,36.28,1171.91,114.91,1035.45,0.111,1.3,20.0,dapi,1
BMPR1A_KD,no_BMP,10x-1,3469,814.1,351.4,103,13.25,17.23,1139.46,82.46,1255.98,0.0657,1.3,20.0,dapi,1
BMPR1A_KD,no_BMP,10x-1,3470,812.6,372.1,114,20.13,26.16,1137.17,80.17,1081.85,0.0741,1.3,20.0,dapi,1
BMPR1A_KD,no_BMP,10x-1,3471,811.6,485.7,89,65.71,85.43,1153.21,96.21,1085.47,0.0886,1.3,20.0,dapi,1
BMPR1A_KD,no_BMP,10x-1,3472,811.3,563.9,55,98.64,128.23,1129.58,72.58,1050.44,0.0691,1.3,20.0,dapi,1
BMPR1A_KD,no_BMP,10x-1,3473,811.9,257.1,56,35.53,46.19,1178.73,121.73,997.11,0.1221,1.3,20.0,dapi,1
BMPR1A_KD,no_BMP,10x-1,3474,812.3,525.0,49,76.29,99.18,1168.27,111.27,1148.9,0.0968,1.3,20.0,dapi,1
BMPR1A_KD,no_BMP,10x-1,3475,813.0,632.3,81,57.09,74.21,1133.7,76.7,1058.74,0.0724,1.3,20.0,dapi,1
BMPR1A_KD,no_BMP,10x-1,3476,815.1,305.6,79,11.62,15.1,1140.15,83.15,1256.75,0.0662,1.3,20.0,dapi,1
BMPR1A_KD,no_BMP,10x-1,3477,814.3,232.0,40,14.63,19.02,1191.4,134.4,1225.15,0.1097,1.3,20.0,dapi,1
BMPR1A_KD,no_BMP,10x-1,3478,815.5,331.0,93,7.62,9.9,1126.12,69.12,1114.31,0.062,1.3,20.0,dapi,1
BMPR1A_KD,no_BMP,10x-1,3479,814.7,460.7,77,49.68,64.59,1144.05,87.05,1012.53,0.086,1.3,20.0,dapi,1
BMPR1A_KD,no_BMP,10x-1,3480,814.3,516.7,53,71.02,92.33,1200.21,143.21,1061.87,0.1349,1.3,20.0,dapi,1
BMPR1A_KD,no_BMP,10x-1,3481,813.4,660.1,62,46.6,60.58,1152.21,95.21,1152.85,0.0826,1.3,20.0,dapi,1
BMPR1A_KD,no_BMP,10x-1,3482,814.9,681.5,75,38.03,49.44,1150.29,93.29,1154.44,0.0808,1.3,20.0,dapi,1
BMPR1A_KD,no_BMP,10x-1,3483,813.9,690.5,57,31.26,40.64,1157.49,100.49,1021.51,0.0984,1.3,20.0,dapi,1
BMPR1A_KD,no_BMP,10x-1,3484,817.8,341.2,106,6.98,9.07,1118.08,61.08,1108.41,0.0551,1.3,20.0,dapi,1
BMPR1A_KD,no_BMP,10x-1,3485,816.8,416.2,118,27.79,36.13,1135.43,78.43,1103.96,0.071,1.3,20.0,dapi,1
BMPR1A_KD,no_BMP,10x-1,3486,815.5,503.8,61,64.7,84.11,1143.87,86.87,1086.48,0.08,1.3,20.0,dapi,1
BMPR1A_KD,no_BMP,10x-1,3487,814.5,598.0,61,75.59,98.26,1109.11,52.11,961.85,0.0542,1.3,20.0,dapi,1
BMPR1A_KD,no_BMP,10x-1,3488,816.6,572.5,72,88.58,115.16,1138.38,81.38,1025.25,0.0794,1.3,20.0,dapi,1
BMPR1A_KD,no_BMP,10x-1,3489,822.4,608.3,223,63.39,82.4,1145.67,88.67,1097.89,0.0808,1.3,20.0,dapi,1
BMPR1A_KD,no_BMP,10x-1,3490,818.4,640.8,92,48.59,63.17,1124.21,67.21,1183.2,0.0568,1.3,20.0,dapi,1
BMPR1A_KD,no_BMP,10x-1,3491,816.9,698.8,67,22.89,29.76,1122.85,65.85,988.24,0.0666,1.3,20.0,dapi,1
BMPR1A_KD,no_BMP,10x-1,3492,817.4,270.2,84,23.22,30.18,1171.24,114.24,974.74,0.1172,1.3,20.0,dapi,1
BMPR1A_KD,no_BMP,10x-1,3493,817.9,445.9,97,37.87,49.23,1158.72,101.72,1156.82,0.0879,1.3,20.0,dapi,1
BMPR1A_KD,no_BMP,10x-1,3494,817.6,556.6,92,88.75,115.38,1119.03,62.03,1189.54,0.0521,1.3,20.0,dapi,1
BMPR1A_KD,no_BMP,10x-1,3495,816.3,669.6,54,40.91,53.18,1171.09,114.09,1122.93,0.1016,1.3,20.0,dapi,1
BMPR1A_KD,no_BMP,10x-1,3496,818.2,720.2,71,6.55,8.51,1099.13,42.13,1123.51,0.0375,1.3,20.0,dapi,1
BMPR1A_KD,no_BMP,10x-1,3497,817.7,283.4,91,16.24,21.11,1168.7,111.7,1023.48,0.1091,1.3,20.0,dapi,1
BMPR1A_KD,no_BMP,10x-1,3498,819.2,297.6,75,8.97,11.66,1140.63,83.63,1251.92,0.0668,1.3,20.0,dapi,1
BMPR1A_KD,no_BMP,10x-1,3499,820.4,376.4,101,15.66,20.36,1129.87,72.87,1101.77,0.0661,1.3,20.0,dapi,1
BMPR1A_KD,no_BMP,10x-1,3500,820.9,394.3,126,19.33,25.13,1133.84,76.84,1041.67,0.0738,1.3,20.0,dapi,1
BMPR1A_KD,no_BMP,10x-1,3501,819.0,712.0,84,11.49,14.93,1116.6,59.6,1230.71,0.0484,1.3,20.0,dapi,1
BMPR1A_KD,no_BMP,10x-1,3502,820.0,406.3,74,22.83,29.67,1137.95,80.95,1050.27,0.0771,1.3,20.0,dapi,1
BMPR1A_KD,no_BMP,10x-1,3503,820.2,472.5,83,54.02,70.23,1151.45,94.45,1178.0,0.0802,1.3,20.0,dapi,1
BMPR1A_KD,no_BMP,10x-1,3504,821.6,311.6,67,4.84,6.29,1124.94,67.94,1075.03,0.0632,1.3,20.0,dapi,1
BMPR1A_KD,no_BMP,10x-1,3505,822.0,497.4,125,57.18,74.34,1075.82,18.82,1037.18,0.0181,1.3,20.0,dapi,1
BMPR1A_KD,no_BMP,10x-1,3506,821.8,525.7,93,67.8,88.14,1139.95,82.95,1312.01,0.0632,1.3,20.0,dapi,1
BMPR1A_KD,no_BMP,10x-1,3507,819.6,618.7,52,58.22,75.68,1134.87,77.87,1073.83,0.0725,1.3,20.0,dapi,1
BMPR1A_KD,no_BMP,10x-1,3508,823.4,484.7,95,54.68,71.08,1122.8,65.8,1067.24,0.0617,1.3,20.0,dapi,1
BMPR1A_KD,no_BMP,10x-1,3509,820.9,652.9,80,41.47,53.92,1123.5,66.5,1194.5,0.0557,1.3,20.0,dapi,1
BMPR1A_KD,no_BMP,10x-1,3510,822.1,237.4,50,19.97,25.96,1146.66,89.66,918.06,0.0977,1.3,20.0,dapi,1
BMPR1A_KD,no_BMP,10x-1,3511,824.2,592.8,76,70.22,91.28,1144.83,87.83,954.22,0.092,1.3,20.0,dapi,1
BMPR1A_KD,no_BMP,10x-1,3512,824.5,433.2,70,26.24,34.12,1143.57,86.57,956.69,0.0905,1.3,20.0,dapi,1
BMPR1A_KD,no_BMP,10x-1,3513,823.8,666.1,81,34.26,44.54,1165.62,108.62,1258.17,0.0863,1.3,20.0,dapi,1
BMPR1A_KD,no_BMP,10x-1,3514,827.5,252.9,161,21.62,28.1,1169.9,112.9,1040.03,0.1086,1.3,20.0,dapi,1
BMPR1A_KD,no_BMP,10x-1,3515,828.1,508.6,96,55.0,71.5,1131.71,74.71,1069.33,0.0699,1.3,20.0,dapi,1
BMPR1A_KD,no_BMP,10x-1,3516,824.6,629.8,43,47.86,62.22,1132.81,75.81,1160.86,0.0653,1.3,20.0,dapi,1
BMPR1A_KD,no_BMP,10x-1,3517,826.6,537.2,69,69.24,90.02,1130.54,73.54,1343.77,0.0547,1.3,20.0,dapi,1
BMPR1A_KD,no_BMP,10x-1,3518,827.0,554.0,95,80.1,104.13,1121.47,64.47,1208.03,0.0534,1.3,20.0,dapi,1
BMPR1A_KD,no_BMP,10x-1,3519,824.6,576.2,22,80.79,105.03,1089.95,32.95,1451.45,0.0227,1.3,20.0,dapi,1
BMPR1A_KD,no_BMP,10x-1,3520,825.8,677.6,53,29.34,38.14,1133.53,76.53,1024.77,0.0747,1.3,20.0,dapi,1
BMPR1A_KD,no_BMP,10x-1,3521,828.3,276.7,95,10.23,13.3,1170.02,113.02,1002.76,0.1127,1.3,20.0,dapi,1
BMPR1A_KD,no_BMP,10x-1,3522,828.3,290.6,80,4.72,6.13,1143.86,86.86,1013.8,0.0857,1.3,20.0,dapi,1
BMPR1A_KD,no_BMP,10x-1,3523,827.9,421.5,77,18.79,24.43,1138.68,81.68,1135.16,0.072,1.3,20.0,dapi,1
BMPR1A_KD,no_BMP,10x-1,3524,827.8,622.1,86,50.05,65.07,1142.88,85.88,1235.53,0.0695,1.3,20.0,dapi,1
BMPR1A_KD,no_BMP,10x-1,3525,828.5,710.4,92,7.87,10.24,1123.54,66.54,1112.07,0.0598,1.3,20.0,dapi,1
BMPR1A_KD,no_BMP,10x-1,3526,831.4,221.0,164,7.81,10.15,1191.15,134.15,1070.75,0.1253,1.3,20.0,dapi,1
BMPR1A_KD,no_BMP,10x-1,3527,828.5,447.1,83,30.63,39.81,1145.27,88.27,1185.3,0.0745,1.3,20.0,dapi,1
BMPR1A_KD,no_BMP,10x-1,3528,829.0,459.1,99,38.82,50.46,1139.69,82.69,1035.63,0.0798,1.3,20.0,dapi,1
BMPR1A_KD,no_BMP,10x-1,3529,826.5,581.3,34,76.55,99.52,1100.97,43.97,1395.09,0.0315,1.3,20.0,dapi,1
BMPR1A_KD,no_BMP,10x-1,3530,832.1,385.7,93,6.98,9.07,1113.59,56.59,1011.37,0.056,1.3,20.0,dapi,1
BMPR1A_KD,no_BMP,10x-1,3531,828.4,649.1,60,36.24,47.11,1134.23,77.23,1122.92,0.0688,1.3,20.0,dapi,1
BMPR1A_KD,no_BMP,10x-1,3532,830.0,697.2,85,17.07,22.18,1137.2,80.2,1142.86,0.0702,1.3,20.0,dapi,1
BMPR1A_KD,no_BMP,10x-1,3533,830.4,514.9,50,55.73,72.45,1141.24,84.24,1020.42,0.0826,1.3,20.0,dapi,1
BMPR1A_KD,no_BMP,10x-1,3534,829.6,528.0,51,61.79,80.33,1125.25,68.25,1060.65,0.0644,1.3,20.0,dapi,1
BMPR1A_KD,no_BMP,10x-1,3535,831.4,566.0,88,84.43,109.75,1138.27,81.27,1207.56,0.0673,1.3,20.0,dapi,1
BMPR1A_KD,no_BMP,10x-1,3536,831.1,476.1,51,46.91,60.98,1158.82,101.82,1020.22,0.0998,1.3,20.0,dapi,1
BMPR1A_KD,no_BMP,10x-1,3537,832.8,542.6,87,68.25,88.72,1135.32,78.32,1263.76,0.062,1.3,20.0,dapi,1
BMPR1A_KD,no_BMP,10x-1,3538,831.6,661.3,65,28.27,36.76,1131.63,74.63,1148.48,0.065,1.3,20.0,dapi,1
BMPR1A_KD,no_BMP,10x-1,3539,830.7,687.1,43,21.3,27.69,1136.05,79.05,1002.23,0.0789,1.3,20.0,dapi,1
BMPR1A_KD,no_BMP,10x-1,3540,831.6,267.1,61,14.35,18.65,1170.02,113.02,976.08,0.1158,1.3,20.0,dapi,1
BMPR1A_KD,no_BMP,10x-1,3541,831.0,370.2,82,3.72,4.84,1097.07,40.07,1007.05,0.0398,1.3,20.0,dapi,1
BMPR1A_KD,no_BMP,10x-1,3542,832.1,633.4,78,40.37,52.49,1117.71,60.71,1220.55,0.0497,1.3,20.0,dapi,1
BMPR1A_KD,no_BMP,10x-1,3543,833.6,588.0,49,65.94,85.72,1125.65,68.65,1138.1,0.0603,1.3,20.0,dapi,1
BMPR1A_KD,no_BMP,10x-1,3544,836.9,704.9,77,6.55,8.51,1104.32,47.32,1120.53,0.0422,1.3,20.0,dapi,1
BMPR1A_KD,no_BMP,10x-1,3545,837.4,409.2,95,6.75,8.78,1104.19,47.19,1034.85,0.0456,1.3,20.0,dapi,1
BMPR1A_KD,no_BMP,10x-1,3546,838.2,611.8,86,47.86,62.22,1135.2,78.2,1179.02,0.0663,1.3,20.0,dapi,1
BMPR1A_KD,no_BMP,10x-1,3547,838.7,654.3,149,24.18,31.43,1126.49,69.49,1087.52,0.0639,1.3,20.0,dapi,1
BMPR1A_KD,no_BMP,10x-1,3548,835.6,674.1,62,20.52,26.67,1124.39,67.39,1099.23,0.0613,1.3,20.0,dapi,1
BMPR1A_KD,no_BMP,10x-1,3549,837.5,396.4,70,3.59,4.67,1110.59,53.59,938.06,0.0571,1.3,20.0,dapi,1
BMPR1A_KD,no_BMP,10x-1,3550,834.4,437.0,28,19.62,25.5,1131.54,74.54,1206.36,0.0618,1.3,20.0,dapi,1
BMPR1A_KD,no_BMP,10x-1,3551,837.7,484.2,66,39.65,51.55,1102.33,45.33,944.86,0.048,1.3,20.0,dapi,1
BMPR1A_KD,no_BMP,10x-1,3552,838.1,495.0,77,41.13,53.47,1075.62,18.62,1095.27,0.017,1.3,20.0,dapi,1
BMPR1A_KD,no_BMP,10x-1,3553,838.5,518.5,87,49.03,63.74,1142.39,85.39,1017.7,0.0839,1.3,20.0,dapi,1
BMPR1A_KD,no_BMP,10x-1,3554,836.9,621.6,90,43.28,56.27,1107.83,50.83,1194.59,0.0426,1.3,20.0,dapi,1
BMPR1A_KD,no_BMP,10x-1,3555,837.9,531.1,45,56.82,73.86,1143.71,86.71,1052.36,0.0824,1.3,20.0,dapi,1
BMPR1A_KD,no_BMP,10x-1,3556,840.7,419.8,101,5.99,7.79,1108.87,51.87,1002.98,0.0517,1.3,20.0,dapi,1
BMPR1A_KD,no_BMP,10x-1,3557,840.1,600.8,85,52.73,68.55,1120.82,63.82,1201.15,0.0531,1.3,20.0,dapi,1
BMPR1A_KD,no_BMP,10x-1,3558,840.8,257.7,63,7.7,10.01,1142.32,85.32,972.97,0.0877,1.3,20.0,dapi,1
BMPR1A_KD,no_BMP,10x-1,3559,839.9,275.7,67,3.4,4.42,1128.6,71.6,909.58,0.0787,1.3,20.0,dapi,1
BMPR1A_KD,no_BMP,10x-1,3560,840.8,450.4,138,24.44,31.77,1137.12,80.12,1022.8,0.0783,1.3,20.0,dapi,1
BMPR1A_KD,no_BMP,10x-1,3561,840.5,467.6,75,35.53,46.19,1137.24,80.24,1032.6,0.0777,1.3,20.0,dapi,1
BMPR1A_KD,no_BMP,10x-1,3562,840.3,551.4,88,68.84,89.49,1143.39,86.39,1193.48,0.0724,1.3,20.0,dapi,1
BMPR1A_KD,no_BMP,10x-1,3563,841.3,591.4,90,58.89,76.56,1135.23,78.23,1238.27,0.0632,1.3,20.0,dapi,1
BMPR1A_KD,no_BMP,10x-1,3564,840.1,637.9,93,30.94,40.22,1118.02,61.02,1107.9,0.0551,1.3,20.0,dapi,1
BMPR1A_KD,no_BMP,10x-1,3565,843.7,233.2,147,7.42,9.64,1136.27,79.27,1016.49,0.078,1.3,20.0,dapi,1
BMPR1A_KD,no_BMP,10x-1,3566,841.7,249.0,53,10.56,13.72,1146.36,89.36,1051.89,0.085,1.3,20.0,dapi,1
BMPR1A_KD,no_BMP,10x-1,3567,839.8,436.6,41,15.03,19.54,1112.1,55.1,1265.73,0.0435,1.3,20.0,dapi,1
BMPR1A_KD,no_BMP,10x-1,3568,842.4,686.0,80,11.45,14.88,1105.67,48.67,1203.97,0.0404,1.3,20.0,dapi,1
BMPR1A_KD,no_BMP,10x-1,3569,841.9,569.0,57,75.59,98.26,1136.68,79.68,1054.65,0.0756,1.3,20.0,dapi,1
BMPR1A_KD,no_BMP,10x-1,3570,843.3,697.6,79,6.82,8.86,1111.53,54.53,1121.46,0.0486,1.3,20.0,dapi,1
BMPR1A_KD,no_BMP,10x-1,3571,843.2,502.0,35,38.47,50.01,1131.74,74.74,1031.26,0.0725,1.3,20.0,dapi,1
BMPR1A_KD,no_BMP,10x-1,3572,842.5,579.0,57,66.82,86.86,1130.07,73.07,1074.02,0.068,1.3,20.0,dapi,1
BMPR1A_KD,no_BMP,10x-1,3573,843.1,267.5,48,3.72,4.84,1126.33,69.33,976.0,0.071,1.3,20.0,dapi,1
BMPR1A_KD,no_BMP,10x-1,3574,847.6,671.2,126,9.91,12.89,1121.1,64.1,1106.61,0.0579,1.3,20.0,dapi,1
BMPR1A_KD,no_BMP,10x-1,3575,846.6,472.6,53,31.49,40.93,1136.43,79.43,1001.09,0.0793,1.3,20.0,dapi,1
BMPR1A_KD,no_BMP,10x-1,3576,847.8,563.1,68,72.23,93.9,1141.46,84.46,1055.81,0.08,1.3,20.0,dapi,1
BMPR1A_KD,no_BMP,10x-1,3577,846.8,634.6,51,27.14,35.28,1134.29,77.29,936.22,0.0826,1.3,20.0,dapi,1
BMPR1A_KD,no_BMP,10x-1,3578,849.6,536.6,106,51.82,67.37,1127.01,70.01,1127.2,0.0621,1.3,20.0,dapi,1
BMPR1A_KD,no_BMP,10x-1,3579,851.1,525.6,121,43.51,56.57,1142.36,85.36,1149.21,0.0743,1.3,20.0,dapi,1
BMPR1A_KD,no_BMP,10x-1,3580,848.9,606.9,106,42.0,54.6,1123.27,66.27,1109.38,0.0597,1.3,20.0,dapi,1
BMPR1A_KD,no_BMP,10x-1,3581,853.7,492.4,157,24.88,32.34,1133.55,76.55,1179.0,0.0649,1.3,20.0,dapi,1
BMPR1A_KD,no_BMP,10x-1,3582,852.8,656.9,135,10.11,13.14,1099.64,42.64,1303.53,0.0327,1.3,20.0,dapi,1
BMPR1A_KD,no_BMP,10x-1,3583,849.2,682.6,59,5.99,7.79,1096.31,39.31,1253.64,0.0314,1.3,20.0,dapi,1
BMPR1A_KD,no_BMP,10x-1,3584,852.3,457.2,84,19.97,25.96,1143.85,86.85,1013.9,0.0857,1.3,20.0,dapi,1
BMPR1A_KD,no_BMP,10x-1,3585,853.0,432.1,43,2.97,3.86,1108.19,51.19,920.12,0.0556,1.3,20.0,dapi,1
BMPR1A_KD,no_BMP,10x-1,3586,854.3,551.2,88,59.13,76.87,1135.48,78.48,1205.15,0.0651,1.3,20.0,dapi,1
BMPR1A_KD,no_BMP,10x-1,3587,853.2,579.8,92,60.42,78.54,1132.95,75.95,1204.02,0.0631,1.3,20.0,dapi,1
BMPR1A_KD,no_BMP,10x-1,3588,855.0,568.7,87,68.76,89.39,1160.22,103.22,1231.05,0.0838,1.3,20.0,dapi,1
BMPR1A_KD,no_BMP,10x-1,3589,856.1,440.7,114,6.98,9.07,1100.73,43.73,1057.59,0.0413,1.3,20.0,dapi,1
BMPR1A_KD,no_BMP,10x-1,3590,855.6,512.8,74,31.79,41.32,1139.22,82.22,1188.14,0.0692,1.3,20.0,dapi,1
BMPR1A_KD,no_BMP,10x-1,3591,856.6,591.1,97,48.97,63.66,1118.56,61.56,1137.45,0.0541,1.3,20.0,dapi,1
BMPR1A_KD,no_BMP,10x-1,3592,859.8,467.7,95,20.46,26.6,1140.87,83.87,1159.4,0.0723,1.3,20.0,dapi,1
BMPR1A_KD,no_BMP,10x-1,3593,855.8,484.6,28,21.74,28.26,1114.86,57.86,1135.04,0.051,1.3,20.0,dapi,1
BMPR1A_KD,no_BMP,10x-1,3594,858.3,540.1,71,48.27,62.75,1128.63,71.63,1358.27,0.0527,1.3,20.0,dapi,1
BMPR1A_KD,no_BMP,10x-1,3595,855.8,616.6,38,30.22,39.29,1112.39,55.39,1046.89,0.0529,1.3,20.0,dapi,1
BMPR1A_KD,no_BMP,10x-1,3596,858.8,626.0,116,22.63,29.42,1117.53,60.53,1097.03,0.0552,1.3,20.0,dapi,1
BMPR1A_KD,no_BMP,10x-1,3597,861.0,518.9,89,31.37,40.78,1129.64,72.64,1211.02,0.06,1.3,20.0,dapi,1
BMPR1A_KD,no_BMP,10x-1,3598,865.1,453.5,206,9.03,11.74,1123.51,66.51,1035.79,0.0642,1.3,20.0,dapi,1
BMPR1A_KD,no_BMP,10x-1,3599,861.1,602.5,72,36.82,47.86,1121.6,64.6,1246.25,0.0518,1.3,20.0,dapi,1
BMPR1A_KD,no_BMP,10x-1,3600,861.8,612.3,83,29.21,37.98,1116.8,59.8,1244.39,0.0481,1.3,20.0,dapi,1
BMPR1A_KD,no_BMP,10x-1,3601,861.2,647.7,82,8.05,10.46,1088.57,31.57,1226.87,0.0257,1.3,20.0,dapi,1
BMPR1A_KD,no_BMP,10x-1,3602,863.1,481.1,102,14.63,19.02,1154.47,97.47,1406.88,0.0693,1.3,20.0,dapi,1
BMPR1A_KD,no_BMP,10x-1,3603,862.0,498.3,63,19.5,25.35,1134.29,77.29,1068.52,0.0723,1.3,20.0,dapi,1
BMPR1A_KD,no_BMP,10x-1,3604,863.3,560.8,56,62.14,80.78,1141.88,84.88,1089.27,0.0779,1.3,20.0,dapi,1
BMPR1A_KD,no_BMP,10x-1,3605,865.1,574.3,133,58.21,75.67,1138.59,81.59,1213.17,0.0673,1.3,20.0,dapi,1
BMPR1A_KD,no_BMP,10x-1,3606,863.9,637.2,80,12.4,16.12,1129.14,72.14,964.09,0.0748,1.3,20.0,dapi,1
BMPR1A_KD,no_BMP,10x-1,3607,865.9,526.9,98,33.45,43.49,1118.8,61.8,1119.83,0.0552,1.3,20.0,dapi,1
BMPR1A_KD,no_BMP,10x-1,3608,865.0,547.2,41,49.25,64.03,1133.9,76.9,1135.1,0.0677,1.3,20.0,dapi,1
BMPR1A_KD,no_BMP,10x-1,3609,866.7,597.8,52,37.85,49.21,1116.85,59.85,1165.65,0.0513,1.3,20.0,dapi,1
BMPR1A_KD,no_BMP,10x-1,3610,871.4,464.8,68,12.42,16.14,1140.22,83.22,975.07,0.0853,1.3,20.0,dapi,1
BMPR1A_KD,no_BMP,10x-1,3611,873.1,485.7,75,5.01,6.51,1116.0,59.0,1003.97,0.0588,1.3,20.0,dapi,1
BMPR1A_KD,no_BMP,10x-1,3612,873.2,556.8,72,53.93,70.1,1126.58,69.58,1279.18,0.0544,1.3,20.0,dapi,1
BMPR1A_KD,no_BMP,10x-1,3613,876.0,498.2,135,6.98,9.07,1120.11,63.11,945.76,0.0667,1.3,20.0,dapi,1
BMPR1A_KD,no_BMP,10x-1,3614,873.1,592.9,78,39.18,50.93,1100.97,43.97,1212.87,0.0363,1.3,20.0,dapi,1
BMPR1A_KD,no_BMP,10x-1,3615,874.8,625.7,127,10.11,13.14,1109.76,52.76,1193.37,0.0442,1.3,20.0,dapi,1
BMPR1A_KD,no_BMP,10x-1,3616,873.3,565.9,50,57.15,74.29,1131.4,74.4,1147.32,0.0648,1.3,20.0,dapi,1
BMPR1A_KD,no_BMP,10x-1,3617,874.2,635.3,57,5.21,6.77,1109.96,52.96,985.63,0.0537,1.3,20.0,dapi,1
BMPR1A_KD,no_BMP,10x-1,3618,877.8,534.8,91,32.12,41.76,1127.77,70.77,1136.2,0.0623,1.3,20.0,dapi,1
BMPR1A_KD,no_BMP,10x-1,3619,876.1,545.9,68,42.75,55.58,1118.46,61.46,1364.79,0.045,1.3,20.0,dapi,1
BMPR1A_KD,no_BMP,10x-1,3620,876.7,581.7,55,44.28,57.57,1114.87,57.87,964.42,0.06,1.3,20.0,dapi,1
BMPR1A_KD,no_BMP,10x-1,3621,879.5,619.4,74,13.68,17.79,1116.04,59.04,1157.95,0.051,1.3,20.0,dapi,1
BMPR1A_KD,no_BMP,10x-1,3622,879.5,605.9,116,25.11,32.65,1113.98,56.98,949.27,0.06,1.3,20.0,dapi,1
BMPR1A_KD,no_BMP,10x-1,3623,879.2,526.2,66,24.02,31.23,1112.33,55.33,947.06,0.0584,1.3,20.0,dapi,1
BMPR1A_KD,no_BMP,10x-1,3624,884.7,512.5,261,9.37,12.19,1121.06,64.06,980.37,0.0653,1.3,20.0,dapi,1
BMPR1A_KD,no_BMP,10x-1,3625,880.9,570.5,96,48.51,63.06,1123.91,66.91,1164.61,0.0574,1.3,20.0,dapi,1
BMPR1A_KD,no_BMP,10x-1,3626,881.9,589.8,82,34.94,45.43,1116.38,59.38,1107.43,0.0536,1.3,20.0,dapi,1
BMPR1A_KD,no_BMP,10x-1,3627,886.9,462.8,130,4.31,5.61,1078.01,21.01,903.98,0.0232,1.3,20.0,dapi,1
BMPR1A_KD,no_BMP,10x-1,3628,885.1,538.4,49,31.79,41.32,1124.37,67.37,1032.39,0.0653,1.3,20.0,dapi,1
BMPR1A_KD,no_BMP,10x-1,3629,893.9,615.9,294,8.47,11.01,1097.67,40.67,1060.07,0.0384,1.3,20.0,dapi,1
BMPR1A_KD,no_BMP,10x-1,3630,892.2,562.4,104,37.78,49.11,1117.63,60.63,1205.59,0.0503,1.3,20.0,dapi,1
BMPR1A_KD,no_BMP,10x-1,3631,891.8,525.0,46,17.19,22.34,1113.91,56.91,1034.63,0.055,1.3,20.0,dapi,1
BMPR1A_KD,no_BMP,10x-1,3632,891.3,580.1,36,36.28,47.16,1159.06,102.06,1142.11,0.0894,1.3,20.0,dapi,1
BMPR1A_KD,no_BMP,10x-1,3633,895.6,541.4,58,26.34,34.24,1114.45,57.45,914.0,0.0629,1.3,20.0,dapi,1
BMPR1A_KD,no_BMP,10x-1,3634,896.7,551.7,68,30.89,40.15,1114.75,57.75,1013.63,0.057,1.3,20.0,dapi,1
BMPR1A_KD,no_BMP,10x-1,3635,896.9,572.1,72,32.67,42.47,1107.57,50.57,1242.19,0.0407,1.3,20.0,dapi,1
BMPR1A_KD,no_BMP,10x-1,3636,903.2,513.7,82,4.03,5.24,1069.01,12.01,901.11,0.0133,1.3,20.0,dapi,1
BMPR1A_KD,no_BMP,10x-1,3637,904.8,557.5,104,24.18,31.43,1105.88,48.88,1002.47,0.0488,1.3,20.0,dapi,1
BMPR1A_KD,no_BMP,10x-1,3638,907.1,585.3,62,19.54,25.41,1141.76,84.76,1021.21,0.083,1.3,20.0,dapi,1
BMPR1A_KD,no_BMP,10x-1,3639,907.5,543.2,55,17.86,23.21,1087.44,30.44,916.13,0.0332,1.3,20.0,dapi,1
BMPR1A_KD,no_BMP,10x-1,3640,909.5,603.5,183,7.24,9.42,1104.34,47.34,1039.03,0.0456,1.3,20.0,dapi,1
BMPR1A_KD,no_BMP,10x-1,3641,910.3,570.4,102,19.97,25.96,1109.14,52.14,975.42,0.0535,1.3,20.0,dapi,1
BMPR1A_KD,no_BMP,10x-1,3642,914.5,590.1,104,11.78,15.32,1103.46,46.46,1059.17,0.0439,1.3,20.0,dapi,1
BMPR1A_KD,no_BMP,10x-1,3643,916.3,551.4,56,11.91,15.48,1077.11,20.11,888.66,0.0226,1.3,20.0,dapi,1
BMPR1A_KD,no_BMP,10x-1,3644,920.2,582.7,110,7.7,10.01,1094.21,37.21,1095.57,0.034,1.3,20.0,dapi,1
BMPR1A_KD,no_BMP,10x-1,3645,921.1,599.1,99,4.72,6.13,1074.99,17.99,925.28,0.0194,1.3,20.0,dapi,1
BMPR1A_KD,no_BMP,10x-1,3646,925.5,563.0,163,4.64,6.03,1066.98,9.98,960.22,0.0104,1.3,20.0,dapi,1
BMPR1A_KD,no_BMP,10x-1,3647,924.3,576.7,50,5.23,6.8,1069.14,12.14,961.22,0.0126,1.3,20.0,dapi,1
