treatment_key,frame,elapsed_hours,n_scenes,+-_mean,+-_sem,-+_mean,-+_sem,++_mean,++_sem,absolute_hours
14hr_basal,0,0.0,4,11.999999999999996,3.1091263510296043,0.0,0.0,0.0,0.0,16.5
14hr_basal,1,0.1666666666666666,4,10.999999999999998,1.9578900207451215,0.49999999999999933,0.28867513459481253,0.0,0.0,16.666666666666668
14hr_basal,2,0.3333333333333333,4,15.0,3.5355339059327378,0.25,0.25,0.0,0.0,16.833333333333332
14hr_basal,3,0.5,4,14.0,2.972092416687834,0.24999999999999975,0.24999999999999972,0.0,0.0,17.0
14hr_basal,4,0.6666666666666666,4,15.249999999999996,2.9261749776799064,0.0,0.0,0.0,0.0,17.166666666666668
14hr_basal,5,0.8333333333333334,4,15.249999999999998,2.8975564417856194,0.2499999999999985,0.2499999999999985,0.0,0.0,17.333333333333332
14hr_basal,6,1.0,4,15.75,3.567795771434608,0.7499999999999988,0.47871355387816805,0.0,0.0,17.5
14hr_basal,7,1.1666666666666667,4,16.5,2.6299556396765844,0.25,0.25,0.0,0.0,17.666666666666668
14hr_basal,8,1.3333333333333333,4,15.499999999999996,2.9580398915498067,0.24999999999999992,0.24999999999999992,0.0,0.0,17.833333333333332
14hr_basal,9,1.5,4,17.0,3.0822070014844876,0.0,0.0,0.0,0.0,18.0
14hr_basal,10,1.6666666666666667,4,16.75,3.092329219213245,1.2499999999999978,0.7499999999999989,0.0,0.0,18.166666666666668
14hr_basal,11,1.8333333333333333,4,18.0,3.391164991562635,0.9999999999999991,0.7071067811865468,0.0,0.0,18.333333333333332
14hr_basal,12,2.0,4,17.0,2.798809270624443,1.2499999999999973,0.6291528696058948,0.0,0.0,18.5
14hr_basal,13,2.1666666666666665,4,19.75,3.1983068437325812,0.24999999999999825,0.24999999999999825,0.0,0.0,18.666666666666668
14hr_basal,14,2.3333333333333335,4,17.749999999999996,3.8378596465564856,0.24999999999999972,0.2499999999999997,0.24999999999999972,0.2499999999999997,18.833333333333332
14hr_basal,15,2.5,4,19.0,3.696845502136472,0.2499999999999985,0.2499999999999985,0.2499999999999985,0.2499999999999985,19.0
14hr_basal,16,2.6666666666666665,4,19.999999999999996,3.0822070014844876,0.24999999999999833,0.24999999999999833,0.25,0.25,19.166666666666668
14hr_basal,17,2.8333333333333335,4,19.0,3.1885210782848317,0.25,0.25,0.499999999999999,0.2886751345948123,19.333333333333332
14hr_basal,18,3.0,4,18.25,3.4490336810958127,0.24999999999999903,0.24999999999999906,0.49999999999999634,0.28867513459481076,19.5
14hr_basal,19,3.1666666666666665,4,19.75,4.269562819149833,0.49999999999999956,0.28867513459481264,0.4999999999999987,0.28867513459481214,19.666666666666668
14hr_basal,20,3.3333333333333335,4,20.0,3.582364210034113,0.49999999999999745,0.28867513459481137,0.49999999999999745,0.28867513459481137,19.833333333333332
14hr_basal,21,3.5,4,21.5,3.278719262151001,0.25,0.25,0.4999999999999982,0.28867513459481187,20.0
14hr_basal,22,3.6666666666666665,4,20.75,3.3757715167548494,0.49999999999999983,0.4999999999999999,0.25,0.25,20.166666666666668
14hr_basal,23,3.8333333333333335,4,23.75,4.479118216792229,0.0,0.0,0.25,0.25,20.333333333333332
14hr_basal,24,4.0,4,24.25,3.816084380618436,0.7499999999999981,0.47871355387816833,0.0,0.0,20.5
14hr_basal,25,4.166666666666667,4,23.5,2.5331140255951112,0.7499999999999998,0.4787135538781689,0.24999999999999975,0.24999999999999975,20.666666666666668
14hr_basal,26,4.333333333333333,4,26.0,3.3166247903553994,1.2499999999999973,0.7499999999999982,0.49999999999999806,0.28867513459481176,20.833333333333332
14hr_basal,27,4.5,4,24.75,4.130677910464577,0.24999999999999903,0.24999999999999906,0.4999999999999989,0.28867513459481225,21.0
14hr_basal,28,4.666666666666667,4,25.0,4.69041575982343,0.24999999999999936,0.24999999999999936,0.24999999999999914,0.24999999999999914,21.166666666666668
14hr_basal,29,4.833333333333333,4,25.999999999999996,5.2915026221291805,0.49999999999999856,0.28867513459481203,0.24999999999999858,0.2499999999999986,21.333333333333332
14hr_basal,30,5.0,4,22.499999999999993,3.6170890690351167,0.4999999999999997,0.49999999999999967,0.49999999999999706,0.2886751345948112,21.5
14hr_basal,31,5.166666666666667,4,26.0,4.020779360604939,0.7499999999999969,0.4787135538781666,0.4999999999999996,0.28867513459481264,21.666666666666668
14hr_basal,32,5.333333333333333,4,24.25,3.6371921404658667,0.0,0.0,0.4999999999999981,0.2886751345948118,21.833333333333332
14hr_basal,33,5.5,4,24.75,3.4247870980057527,0.2499999999999982,0.2499999999999982,0.749999999999997,0.4787135538781677,22.0
14hr_basal,34,5.666666666666667,4,23.999999999999996,3.082207001484488,0.0,0.0,0.49999999999999983,0.49999999999999983,22.166666666666668
14hr_basal,35,5.833333333333333,4,25.0,3.265986323710903,0.4999999999999997,0.28867513459481275,0.2499999999999987,0.2499999999999987,22.333333333333332
14hr_basal,36,6.0,4,22.25,2.4958298553119898,0.2499999999999996,0.2499999999999996,0.4999999999999993,0.4999999999999992,22.5
14hr_basal,37,6.166666666666667,4,22.0,2.273030282830976,0.24999999999999872,0.24999999999999872,0.7499999999999996,0.478713553878169,22.666666666666668
14hr_basal,38,6.333333333333333,4,23.249999999999996,2.719528145346785,0.49999999999999833,0.2886751345948119,0.7499999999999993,0.4787135538781685,22.833333333333332
14hr_basal,39,6.5,4,21.749999999999996,3.3509948771471842,0.24999999999999936,0.24999999999999936,0.7499999999999973,0.2499999999999991,23.0
14hr_basal,40,6.666666666666667,4,24.499999999999993,3.774917217635374,0.0,0.0,0.0,0.0,23.166666666666668
14hr_basal,41,6.833333333333333,4,22.499999999999996,2.5000000000000004,0.0,0.0,0.7499999999999986,0.47871355387816794,23.333333333333332
14hr_basal,42,7.0,4,24.499999999999996,3.068658773253664,0.24999999999999992,0.24999999999999992,0.7499999999999964,0.2499999999999988,23.5
14hr_basal,43,7.166666666666667,4,24.0,3.763863263545405,0.0,0.0,0.9999999999999977,0.4082482904638623,23.666666666666668
14hr_basal,44,7.333333333333333,4,24.25,2.657536453183663,0.0,0.0,0.7499999999999984,0.4787135538781686,23.833333333333332
14hr_basal,45,7.5,4,24.749999999999996,4.47911821679223,0.24999999999999953,0.24999999999999953,0.7499999999999998,0.7499999999999998,24.0
14hr_basal,46,7.666666666666667,4,27.25,3.3509948771471842,0.9999999999999976,0.7071067811865462,0.4999999999999988,0.2886751345948122,24.166666666666668
14hr_basal,47,7.833333333333333,4,25.75,3.449033681095813,0.0,0.0,0.7499999999999996,0.478713553878169,24.333333333333332
14hr_basal,48,8.0,4,25.0,3.1091263510296048,0.5,0.5,0.4999999999999991,0.28867513459481237,24.5
14hr_basal,49,8.166666666666666,4,27.25,3.7052890125692852,0.0,0.0,0.7499999999999988,0.4787135538781681,24.666666666666664
14hr_basal,50,8.333333333333334,4,24.5,3.304037933599835,0.0,0.0,0.9999999999999996,0.408248290463863,24.833333333333336
14hr_basal,51,8.5,4,26.249999999999993,2.6259918760981207,0.4999999999999981,0.2886751345948118,0.9999999999999987,0.5773502691896251,25.0
14hr_basal,52,8.666666666666666,4,25.499999999999996,3.5707142142714243,0.49999999999999734,0.2886751345948113,0.749999999999998,0.478713553878168,25.166666666666664
14hr_basal,53,8.833333333333334,4,28.75,4.643543905251677,0.24999999999999975,0.24999999999999975,0.9999999999999994,0.7071067811865472,25.333333333333336
14hr_basal,54,9.0,4,26.0,2.8284271247461885,1.2499999999999991,0.6291528696058952,0.9999999999999989,0.9999999999999988,25.5
14hr_basal,55,9.166666666666666,4,25.749999999999996,2.657536453183663,0.49999999999999994,0.4999999999999999,1.7499999999999996,1.030776406404415,25.666666666666664
14hr_basal,56,9.333333333333334,4,24.75,1.887458608817688,1.4999999999999991,0.8660254037844388,2.2499999999999964,1.6007810593582112,25.833333333333336
14hr_basal,57,9.5,4,28.5,2.7838821814150094,1.2499999999999971,0.2500000000000009,2.7499999999999987,1.7017148213885107,26.0
14hr_basal,58,9.666666666666666,4,29.25,3.6827299656640595,1.4999999999999967,0.2886751345948146,2.9999999999999982,1.4719601443879746,26.166666666666664
14hr_basal,59,9.833333333333334,4,27.0,1.5811388300841898,0.7499999999999964,0.2499999999999988,3.4999999999999973,1.755942292142122,26.333333333333336
14hr_basal,60,10.0,4,27.5,2.598076211353316,1.7499999999999951,0.7499999999999984,2.7499999999999964,1.5478479684172253,26.5
14hr_basal,61,10.166666666666666,4,25.25,0.9464847243000449,0.7499999999999987,0.47871355387816883,3.999999999999999,1.2247448713915894,26.666666666666664
14hr_basal,62,10.333333333333334,4,23.25,1.1086778913041735,0.9999999999999998,0.7071067811865475,3.499999999999999,1.5545631755148028,26.833333333333336
14hr_basal,63,10.5,4,24.5,1.848422751068236,1.2499999999999998,0.7499999999999999,3.4999999999999982,1.1902380714238092,27.0
14hr_basal,64,10.666666666666666,4,24.75,4.366062299143246,0.4999999999999989,0.4999999999999989,4.499999999999997,0.8660254037844384,27.166666666666664
14hr_basal,65,10.833333333333334,4,26.25,4.327720724199595,1.9999999999999982,0.7071067811865467,3.7499999999999987,1.108677891304172,27.333333333333336
14hr_basal,66,11.0,4,23.75,3.8378596465564856,2.249999999999996,0.4787135538781699,4.499999999999997,1.1902380714238086,27.5
14hr_basal,67,11.166666666666666,4,24.0,2.5166114784235827,2.999999999999999,1.779513042005218,5.2499999999999964,0.9464847243000456,27.666666666666664
14hr_basal,68,11.333333333333334,4,26.75,4.007804885470349,2.999999999999996,1.2247448713915896,5.499999999999997,0.6454972243679032,27.833333333333336
14hr_basal,69,11.5,4,26.5,6.144102863722254,1.2499999999999984,0.478713553878169,5.999999999999997,1.4142135623730945,28.0
14hr_basal,70,11.666666666666666,4,27.25,3.4247870980057527,2.999999999999995,0.7071067811865462,6.499999999999996,1.5545631755148028,28.166666666666664
14hr_basal,71,11.833333333333334,4,24.25,3.816084380618438,3.7499999999999947,1.2500000000000002,8.249999999999996,1.6007810593582132,28.333333333333336
14hr_basal,72,12.0,4,25.249999999999993,4.385107372307623,4.2499999999999964,1.3149778198382929,6.499999999999995,1.6583123951776992,28.5
14hr_basal,73,12.166666666666666,4,23.75,5.4829280498653254,4.2499999999999964,1.8427786989579975,9.249999999999996,1.6520189667999168,28.666666666666664
14hr_basal,74,12.333333333333334,4,23.75,4.170831252080733,3.499999999999999,1.322875655532295,10.75,2.249999999999999,28.833333333333336
14hr_basal,75,12.5,4,22.25,3.2242570203588508,5.249999999999997,1.3768926368215246,9.999999999999996,3.188521078284832,29.0
14hr_basal,76,12.666666666666666,4,21.25,2.9825883613622146,3.2499999999999987,1.493039405597409,11.249999999999996,2.657536453183663,29.166666666666664
14hr_basal,77,12.833333333333334,4,20.25,3.424787098005755,3.9999999999999973,1.290994448735806,11.499999999999996,2.872281323269015,29.333333333333336
14hr_basal,78,13.0,4,21.5,4.627814458971607,3.4999999999999973,2.2546248764114463,10.249999999999996,3.705289012569286,29.5
14hr_basal,79,13.166666666666666,4,20.5,4.173328008516305,6.2499999999999964,2.9261749776799073,11.5,3.5237290853109964,29.666666666666664
14hr_basal,80,13.333333333333334,4,17.5,5.008326400438908,7.4999999999999964,2.7537852736430506,15.249999999999996,3.705289012569285,29.833333333333336
14hr_basal,81,13.5,4,20.5,3.968626966596885,4.4999999999999964,1.892969448600091,13.5,2.8431203515386634,30.0
14hr_basal,82,13.666666666666666,4,19.749999999999996,3.1983068437325817,5.499999999999998,2.4999999999999996,11.749999999999998,3.1721443851123805,30.166666666666664
14hr_basal,83,13.833333333333334,4,21.0,4.527692569068709,5.499999999999995,1.8929694486000919,12.999999999999996,2.483277404291889,30.333333333333336
14hr_basal,84,14.0,4,20.5,5.951190357119042,8.499999999999995,1.7078251276599323,11.249999999999998,3.473110997362452,30.5
14hr_basal,85,14.166666666666666,4,20.75,4.956056900399752,7.749999999999999,2.096624270901521,13.249999999999998,1.8874586088176883,30.666666666666664
14hr_basal,86,14.333333333333334,4,19.499999999999996,4.627814458971607,6.2499999999999964,1.701714821388512,14.5,3.378855822118882,30.833333333333336
14hr_basal,87,14.5,4,18.249999999999996,6.737643010232385,9.499999999999996,2.1015867021530825,14.999999999999998,3.9791121287711078,31.0
14hr_basal,88,14.666666666666666,4,21.0,8.06225774829855,6.749999999999998,1.7969882210706527,16.999999999999996,2.4832774042918904,31.166666666666664
14hr_basal,89,14.833333333333334,4,21.749999999999996,6.355771655222781,9.249999999999998,2.7195281453467874,15.499999999999996,2.327373340628157,31.333333333333336
14hr_basal,90,15.0,4,19.999999999999996,6.8434883892159375,10.75,2.1746647251166484,15.999999999999996,3.027650354097491,31.5
14hr_basal,91,15.166666666666666,4,18.249999999999996,7.35272058492637,9.5,1.936491673103709,16.499999999999996,2.466441431158124,31.666666666666664
14hr_basal,92,15.333333333333334,4,18.749999999999996,6.992555565266057,11.499999999999996,4.031128874149276,17.25,3.637192140465865,31.833333333333336
14hr_basal,93,15.5,4,20.0,6.218252702059211,12.249999999999996,2.0155644370746373,16.249999999999996,3.5443617196894563,32.0
14hr_basal,94,15.666666666666666,4,17.999999999999996,6.1508806957486435,12.499999999999996,2.8431203515386643,18.249999999999996,3.944933459514875,32.166666666666664
14hr_basal,95,15.833333333333334,4,20.249999999999996,3.8160843806184364,10.25,2.6575364531836625,17.999999999999996,3.7638632635454043,32.333333333333336
14hr_basal,96,16.0,4,17.999999999999996,4.06201920231798,12.75,2.7801378862687134,19.0,3.488074922742726,32.5
14hr_basal,97,16.166666666666668,4,18.25,5.088794880257342,13.749999999999996,3.7721567659187594,17.499999999999996,3.947573094109004,32.66666666666667
14hr_basal,98,16.333333333333332,4,17.0,2.3452078799117153,15.249999999999996,3.25,20.75,3.4970225430595483,32.83333333333333
14hr_basal,99,16.5,4,17.499999999999996,4.481443219916251,15.999999999999996,3.1091263510296048,20.499999999999996,3.8622100754188233,33.0
14hr_basal,100,16.666666666666668,4,14.999999999999996,1.8708286933869707,16.25,3.326033673912518,20.249999999999996,5.105144464165535,33.16666666666667
14hr_basal,101,16.833333333333332,4,15.25,3.5443617196894572,17.25,4.939213837579149,21.25,3.902456491322698,33.33333333333333
14hr_basal,102,17.0,4,16.75,4.404070087241272,14.25,3.350994877147183,22.0,5.115336417740937,33.5
14hr_basal,103,17.166666666666668,4,15.5,3.752776749732567,18.0,4.18330013267038,23.249999999999996,5.390964663211956,33.66666666666667
14hr_basal,104,17.333333333333332,4,14.75,3.8160843806184372,17.25,4.956056900399752,23.0,5.49241901776136,33.83333333333333
14hr_basal,105,17.5,4,14.999999999999998,4.02077936060494,15.749999999999998,3.8378596465564856,25.25,5.528336096873995,34.0
14hr_basal,106,17.666666666666668,4,15.0,4.222953153106643,15.5,4.9916597106239795,25.5,5.23609269080167,34.16666666666667
14hr_basal,107,17.833333333333332,4,14.75,3.172144385112381,19.25,5.281650625830273,24.75,6.8723479733397275,34.33333333333333
14hr_basal,108,18.0,4,14.499999999999998,3.9264063297965817,19.5,3.9264063297965826,24.499999999999996,6.763874629234342,34.5
14hr_basal,109,18.166666666666668,4,14.75,2.8686524130097504,20.25,6.263319141371184,22.75,5.218157401484425,34.66666666666667
14hr_basal,110,18.333333333333332,4,11.999999999999996,3.807886552931954,17.5,3.6628768293059846,25.25,6.394985014316559,34.83333333333333
14hr_basal,111,18.5,4,11.249999999999996,3.944933459514875,21.5,4.6278144589716055,25.25,7.0636982759269475,35.0
14hr_basal,112,18.666666666666668,4,10.25,3.9660013447635984,18.749999999999993,4.78495907331853,27.0,6.311365409587163,35.16666666666667
14hr_basal,113,18.833333333333332,4,10.749999999999998,3.520771695712936,20.25,3.9660013447635984,27.25,6.908629868987532,35.33333333333333
14hr_basal,114,19.0,4,11.249999999999998,2.9545163168726405,22.25,4.049176871085446,26.25,6.835873511605278,35.5
14hr_basal,115,19.166666666666668,4,11.5,3.122498999199199,23.25,3.065262359624919,25.5,6.35741037425355,35.66666666666667
14hr_basal,116,19.333333333333332,4,11.999999999999998,3.628590176179539,19.999999999999996,2.677063067368169,27.0,7.472170590486632,35.83333333333333
14hr_basal,117,19.5,4,12.249999999999998,4.767511580129268,21.749999999999996,3.682729965664059,27.0,6.271629240742259,36.0
14hr_basal,118,19.666666666666668,4,10.999999999999996,3.807886552931955,22.249999999999996,4.130677910464575,27.5,5.737304826019502,36.16666666666667
14hr_basal,119,19.833333333333332,4,12.249999999999996,3.2499999999999996,23.75,3.944933459514875,30.0,5.84522597225006,36.33333333333333
14hr_basal,120,20.0,4,11.25,2.49582985531199,23.75,4.9560569003997506,29.25,7.364045536705126,36.5
14hr_basal,121,20.166666666666668,4,11.249999999999998,2.05649377987551,24.0,4.760952285695234,28.75,8.0350793399941,36.66666666666667
14hr_basal,122,20.333333333333332,4,11.999999999999998,2.972092416687835,24.5,4.55521678957215,26.749999999999996,7.8142498040438895,36.83333333333333
14hr_basal,123,20.5,4,10.499999999999998,3.0138568866708546,23.75,3.275540667838925,28.5,7.262919523166975,37.0
14hr_basal,124,20.666666666666668,4,11.5,3.2274861218395134,26.0,4.79583152331272,28.25,7.597971220442116,37.16666666666667
14hr_basal,125,20.833333333333332,4,11.25,3.7941841459440706,25.75,4.269562819149833,26.75,8.360372798705411,37.33333333333333
14hr_basal,126,21.0,4,11.499999999999996,3.2787192621510015,25.499999999999996,3.796928583298173,28.499999999999996,8.779711460710615,37.5
14hr_basal,127,21.166666666666668,4,10.75,2.5617376914898995,23.749999999999996,4.784959073318531,30.5,9.169696468985949,37.66666666666667
14hr_basal,128,21.333333333333332,4,9.249999999999996,1.6520189667999179,26.5,4.092676385936225,30.25,8.330416156071276,37.83333333333333
14hr_basal,129,21.5,4,10.499999999999998,3.304037933599834,24.75,3.8378596465564847,28.25,8.919781387455638,38.0
14hr_basal,130,21.666666666666668,4,9.499999999999996,3.0956959368344514,26.0,2.8867513459481278,30.0,8.256310717667223,38.16666666666667
14hr_basal,131,21.833333333333332,4,11.5,2.5000000000000004,23.75,3.4003676271838605,28.5,8.421203397773189,38.33333333333333
14hr_basal,132,22.0,4,9.75,2.4281337140555777,27.25,4.090130397269342,29.0,9.70395108533976,38.5
14hr_basal,133,22.166666666666668,4,9.999999999999996,2.9720924166878344,25.0,5.212165257037297,28.5,9.90370301116372,38.66666666666667
14hr_basal,134,22.333333333333332,4,13.249999999999998,2.2867371223353743,25.75,4.25,28.25,8.557404201430868,38.83333333333333
14hr_basal,135,22.5,4,8.999999999999998,1.2247448713915887,27.0,3.341656275960571,30.5,8.967534034876403,39.0
14hr_basal,136,22.666666666666668,4,9.499999999999996,1.3228756555322945,23.0,1.9578900207451224,32.5,11.736694594305504,39.16666666666667
14hr_basal,137,22.833333333333332,4,10.499999999999996,1.8929694486000905,25.25,3.0652623596249207,27.75,11.621639299169459,39.33333333333333
14hr_basal,138,23.0,4,9.5,2.327373340628157,27.75,4.130677910464577,29.25,10.22558066810878,39.5
14hr_basal,139,23.166666666666668,4,7.9999999999999964,1.5811388300841902,27.25,4.249999999999998,29.0,8.727351641057364,39.66666666666667
14hr_basal,140,23.333333333333332,4,10.249999999999995,1.7969882210706525,24.75,3.4490336810958135,30.499999999999996,9.59600611365652,39.83333333333333
14hr_basal,141,23.5,4,8.249999999999996,1.2500000000000002,30.25,3.902456491322699,29.5,10.21028892833107,40.0
14hr_basal,142,23.666666666666668,4,8.999999999999998,1.7320508075688772,30.0,3.341656275960569,29.0,9.0,40.16666666666667
14hr_basal,143,23.833333333333332,4,5.749999999999996,2.4958298553119884,28.0,2.7386127875258306,32.75,10.17656621852381,40.33333333333333
14hr_basal,144,24.0,4,6.499999999999998,1.6583123951776997,28.5,2.9011491975882016,32.0,10.189864245088515,40.5
14hr_basal,145,24.166666666666668,4,8.249999999999996,1.6520189667999179,30.0,4.79583152331272,28.5,9.22406273468114,40.66666666666667
14hr_basal,146,24.333333333333332,4,7.7499999999999964,1.3149778198382922,27.25,4.3084219849035215,30.25,9.826622003516771,40.83333333333333
14hr_basal,147,24.5,4,7.7499999999999964,1.0307764064044156,30.0,4.08248290463863,30.75,9.911062842433532,41.0
14hr_basal,148,24.666666666666668,4,7.499999999999997,1.7559422921421235,29.75,4.767511580129268,32.25,9.276987657639737,41.16666666666667
14hr_basal,149,24.833333333333332,4,6.749999999999996,2.1360009363293826,31.25,4.989572459974235,29.0,7.905694150420948,41.33333333333333
14hr_basal,150,25.0,4,5.5,0.8660254037844388,32.5,4.9916597106239795,31.75,8.816414615174736,41.5
14hr_basal,151,25.166666666666668,4,5.999999999999999,1.8257418583505538,30.75,4.661455423648998,31.25,8.759518632131941,41.66666666666667
14hr_basal,152,25.333333333333332,4,8.249999999999996,1.75,34.25,5.281650625830273,28.5,7.41057802513857,41.83333333333333
14hr_basal,153,25.5,4,5.749999999999997,1.181453906563151,30.75,4.57119605063416,31.5,8.450838222724812,42.0
14hr_basal,154,25.666666666666668,4,5.4999999999999964,1.9364916731037094,32.0,3.719318934070233,30.25,8.330416156071278,42.16666666666667
14hr_basal,155,25.833333333333332,4,7.499999999999998,1.1902380714238088,31.5,4.645786621588786,30.25,7.498610982486467,42.33333333333333
14hr_basal,156,26.0,4,5.749999999999998,1.5478479684172244,30.25,3.1983068437325803,29.75,6.9447222166668885,42.5
14hr_basal,157,26.166666666666668,4,4.999999999999997,1.4142135623730945,28.75,4.404070087241271,33.25,9.620940702446928,42.66666666666667
14hr_basal,158,26.333333333333332,4,6.2499999999999964,2.3935677693908453,31.0,3.6742346141747664,29.5,7.772815877574014,42.83333333333333
14hr_basal,159,26.5,4,7.499999999999997,1.258305739211791,30.5,3.796928583298171,30.5,10.41233243162485,43.0
14hr_basal,160,26.666666666666668,4,5.9999999999999964,2.677063067368169,33.75,3.944933459514875,28.0,9.119576013536303,43.16666666666667
14hr_basal,161,26.833333333333332,4,6.499999999999998,2.598076211353315,34.0,4.02077936060494,31.75,9.707170888918494,43.33333333333333
14hr_basal,162,27.0,4,5.9999999999999964,0.7071067811865474,33.0,3.719318934070233,30.0,9.246621004453464,43.5
14hr_basal,163,27.166666666666668,4,5.999999999999998,1.0801234497346437,34.25,3.772156765918758,29.75,9.885806323546232,43.66666666666667
14hr_basal,164,27.333333333333332,4,6.499999999999999,1.6583123951777008,32.25,3.4247870980057513,31.75,8.439737357682802,43.83333333333333
14hr_basal,165,27.5,4,6.9999999999999964,1.779513042005217,34.75,3.614208073700241,29.749999999999996,9.446119132567969,44.0
14hr_basal,166,27.666666666666668,4,6.7499999999999964,1.9311050377094108,31.0,3.415650255319866,30.5,8.0156097709407,44.16666666666667
14hr_basal,167,27.833333333333332,4,5.7499999999999964,2.462214450449027,34.75,2.286737122335373,31.25,8.750000000000002,44.33333333333333
14hr_basal,168,28.0,4,6.999999999999997,2.5495097567963927,36.25,2.1360009363293826,29.5,9.151502608861561,44.5
14hr_basal,169,28.166666666666668,4,5.749999999999998,1.7499999999999996,36.75,2.6575364531836625,29.25,7.792892060504025,44.66666666666667
14hr_basal,170,28.333333333333332,4,5.25,2.358495283014151,38.0,3.082207001484489,30.5,8.66506395437064,44.83333333333333
14hr_basal,171,28.5,4,6.249999999999996,2.0966242709015197,36.25,3.145764348029478,34.25,10.011451776174455,45.0
14hr_basal,172,28.666666666666668,4,5.4999999999999964,2.5331140255951095,36.25,4.802343178074636,31.75,10.788690065681436,45.16666666666667
14hr_basal,173,28.833333333333332,4,6.7499999999999964,2.8394541729001355,40.5,5.267826876426369,29.75,9.446119132567972,45.33333333333333
14hr_basal,174,29.0,4,7.4999999999999964,2.53311402559511,39.0,5.431390245600107,32.0,11.202678251204041,45.5
14hr_basal,175,29.166666666666668,4,7.749999999999998,2.2867371223353743,40.25,4.714781719938544,30.0,11.8673220792786,45.66666666666667
14hr_basal,176,29.333333333333332,4,6.749999999999998,2.7801378862687125,40.5,4.213074886588179,29.749999999999996,11.19802810022074,45.83333333333333
14hr_basal,177,29.5,4,5.749999999999998,2.594063736045564,39.25,3.8160843806184364,29.249999999999996,10.780963160435464,46.0
14hr_basal,178,29.666666666666668,4,5.7499999999999964,2.7499999999999987,38.0,3.366501646120692,31.25,11.564132767599425,46.16666666666667
14hr_basal,179,29.833333333333332,4,6.249999999999995,2.358495283014151,42.25,4.269562819149833,30.25,12.195456804345898,46.33333333333333
14hr_basal,180,30.0,4,5.7499999999999964,2.8394541729001355,42.25,5.186119294167202,28.75,10.435316637904826,46.5
14hr_basal,181,30.166666666666668,4,4.9999999999999964,2.70801280154532,39.25,5.234102915814068,32.0,10.03327796219494,46.66666666666667
14hr_basal,182,30.333333333333332,4,5.499999999999998,1.5545631755148033,41.75,6.0328959325794225,30.5,10.103629710818451,46.83333333333333
14hr_basal,183,30.5,4,4.999999999999997,2.041241452319314,42.75,5.25,30.75,10.656570742973557,47.0
14hr_basal,184,30.666666666666668,4,6.249999999999997,3.4247870980057513,43.0,6.013872850889571,30.749999999999996,9.058835465996719,47.16666666666667
14hr_basal,185,30.833333333333332,4,4.499999999999998,2.327373340628157,45.0,6.258327785172863,30.999999999999996,10.824355254086344,47.33333333333333
14hr_basal,186,31.0,4,5.999999999999996,2.345207879911715,44.25,5.893145736079048,32.0,10.024968827881711,47.5
14hr_basal,187,31.166666666666668,4,6.249999999999998,3.010398644698073,43.75,4.836923953643819,32.25,11.499094167223202,47.66666666666667
14hr_basal,188,31.333333333333332,4,5.499999999999998,2.254624876411448,45.75,3.9449334595148744,31.0,11.052903087726168,47.83333333333333
14hr_basal,189,31.5,4,7.249999999999998,2.174664725116647,48.5,6.639528095680697,30.25,11.820709228581281,48.0
14hr_basal,190,31.666666666666668,4,5.749999999999997,2.25,45.5,6.739188873051909,32.5,12.426450284239126,48.16666666666667
14hr_basal,191,31.833333333333332,4,6.749999999999996,2.2499999999999982,44.75,5.406400527769532,30.25,10.339044120871781,48.33333333333333
14hr_basal,192,32.0,4,6.499999999999996,2.3979157616563582,49.25,6.860211367006122,31.5,11.500000000000002,48.5
14hr_basal,193,32.166666666666664,4,7.4999999999999964,2.1794494717703348,48.75,5.588306243099662,30.5,12.182637919049663,48.666666666666664
14hr_basal,194,32.333333333333336,4,5.499999999999994,1.7559422921421208,50.0,4.8131763593978825,30.749999999999996,11.678862672937521,48.833333333333336
14hr_basal,195,32.5,4,5.499999999999997,2.254624876411445,52.5,7.511102892829167,32.25,11.2129017951049,49.0
14hr_basal,196,32.666666666666664,4,5.999999999999996,1.0801234497346415,53.5,7.354137157636736,29.75,9.724325169388363,49.166666666666664
14hr_basal,197,32.833333333333336,4,5.249999999999996,1.887458608817687,55.25,7.531876702832214,30.0,10.400320507881798,49.333333333333336
14hr_basal,198,33.0,4,5.999999999999998,1.4719601443879742,52.25,5.543389456520863,32.25,13.609892235674266,49.5
14hr_basal,199,33.166666666666664,4,5.7499999999999964,1.4930394055974094,53.75,5.05593710403917,32.25,12.044189470445904,49.666666666666664
14hr_basal,200,33.333333333333336,4,5.2499999999999964,1.4361406616345078,50.0,3.719318934070233,33.25,12.808688457449499,49.833333333333336
14hr_basal,201,33.5,4,6.2499999999999964,1.973786547054502,57.25,4.269562819149833,30.25,12.195456804345898,50.0
14hr_basal,202,33.666666666666664,4,6.499999999999995,1.3228756555322934,56.0,4.636809247747851,29.749999999999996,11.834800378544625,50.166666666666664
14hr_basal,203,33.833333333333336,4,6.249999999999997,1.5478479684172262,55.75,6.2366524140225525,29.25,11.100863329789563,50.333333333333336
14hr_basal,204,34.0,4,5.999999999999997,1.0801234497346432,55.5,4.991659710623977,28.5,10.897247358851683,50.5
14hr_basal,205,34.166666666666664,4,5.499999999999995,1.6583123951776981,58.75,6.774646362234219,26.749999999999996,10.151970252123476,50.666666666666664
14hr_basal,206,34.333333333333336,4,6.4999999999999964,2.3273733406281547,59.5,5.267826876426369,26.999999999999993,11.597413504743201,50.833333333333336
14hr_basal,207,34.5,4,6.999999999999997,1.0801234497346437,57.75,4.905354217587146,26.0,11.00757315063891,51.0
14hr_basal,208,34.666666666666664,4,7.999999999999996,2.1602468994692856,56.25,5.836308764964376,28.0,9.082951062292475,51.166666666666664
14hr_basal,209,34.833333333333336,4,6.999999999999996,1.3540064007726575,58.25,6.968679932383177,28.25,11.778334630441888,51.333333333333336
14hr_basal,210,35.0,4,7.2499999999999964,3.3260336739125185,61.5,7.511102892829167,24.25,10.069549807877873,51.5
14hr_basal,211,35.166666666666664,4,6.749999999999999,2.25,60.25,5.390964663211956,27.5,9.578622030334008,51.666666666666664
14hr_basal,212,35.333333333333336,4,5.9999999999999964,1.7795130420052168,60.5,4.3301270189221945,30.0,11.669047376142865,51.833333333333336
14hr_basal,213,35.5,4,6.4999999999999964,2.5000000000000013,63.0,4.415880433163924,27.0,10.63014581273465,52.0
14hr_basal,214,35.666666666666664,4,5.749999999999995,2.780137886268713,62.5,7.33143914930759,27.0,10.041580220928045,52.166666666666664
14hr_basal,215,35.833333333333336,4,6.2499999999999964,1.652018966799916,65.5,7.147260547463856,28.249999999999996,10.127314550264547,52.333333333333336
14hr_basal,216,36.0,4,5.499999999999997,1.5000000000000007,68.75,6.01906692658145,28.999999999999996,10.700467279516348,52.5
14hr_basal,217,36.166666666666664,4,5.2499999999999964,1.6007810593582115,65.5,4.663689526544406,27.75,9.76707905841523,52.666666666666664
14hr_basal,218,36.333333333333336,4,6.499999999999994,2.254624876411446,63.75,4.819664580307085,27.749999999999996,10.16017552341822,52.833333333333336
14hr_basal,219,36.5,4,6.749999999999999,2.1746647251166484,64.5,4.645786621588784,27.499999999999996,9.912113800799505,53.0
14hr_basal,220,36.666666666666664,4,6.499999999999997,1.9364916731037094,63.5,4.573474244670748,27.75,9.38416218956173,53.166666666666664
14hr_basal,221,36.833333333333336,4,7.2499999999999964,2.5617376914899,64.75,6.128825336065631,28.499999999999996,10.202123961868596,53.333333333333336
14hr_basal,222,37.0,4,7.2499999999999964,3.1983068437325817,66.5,6.714412359494562,28.999999999999993,9.442810316143527,53.5
14hr_basal,223,37.166666666666664,4,8.499999999999996,2.872281323269015,64.5,5.454356057317857,27.749999999999996,11.040644606785118,53.666666666666664
14hr_basal,224,37.333333333333336,4,8.499999999999995,3.278719262150998,66.5,5.560275772537426,27.999999999999996,10.543560435956476,53.833333333333336
14hr_basal,225,37.5,4,8.499999999999996,2.598076211353316,68.0,6.096447052723961,27.499999999999996,9.260129588726064,54.0
14hr_basal,226,37.666666666666664,4,6.7499999999999964,1.5478479684172253,66.0,4.301162633521313,32.0,11.76860229593982,54.166666666666664
14hr_basal,227,37.833333333333336,4,7.749999999999995,1.4361406616345052,67.0,4.760952285695233,31.749999999999993,13.066337155709192,54.333333333333336
14hr_basal,228,38.0,4,7.499999999999998,1.8929694486000916,65.5,5.23609269080167,30.499999999999993,13.200378782444085,54.5
14hr_basal,229,38.166666666666664,4,7.7499999999999964,2.868652413009752,67.5,5.951190357119041,30.75,13.085456303341763,54.666666666666664
14hr_basal,230,38.333333333333336,4,7.249999999999996,2.719528145346786,69.25,5.8647961033042995,32.25,12.009544815132116,54.833333333333336
14hr_basal,231,38.5,4,7.249999999999997,2.9261749776799073,72.0,5.049752469181039,29.5,11.49275133870621,55.0
14hr_basal,232,38.666666666666664,4,7.9999999999999964,3.109126351029606,70.25,6.35577165522278,30.749999999999996,10.379266191146014,55.166666666666664
14hr_basal,233,38.833333333333336,4,8.499999999999993,2.499999999999999,69.5,6.689544080129826,30.749999999999996,10.664387777395694,55.333333333333336
14hr_basal,234,39.0,4,9.499999999999993,3.523729085310995,68.5,8.411301920630358,31.999999999999996,9.857315388414161,55.5
14hr_basal,235,39.166666666666664,4,10.249999999999996,3.350994877147183,74.25,8.863548950617918,30.999999999999996,9.686760724480262,55.666666666666664
14hr_basal,236,39.333333333333336,4,8.249999999999995,3.5677957714346062,70.0,7.52772652709081,32.49999999999999,12.573119475028195,55.833333333333336
14hr_basal,237,39.5,4,10.249999999999991,3.3260336739125163,71.25,9.472548055653592,32.24999999999999,12.59877639561345,56.0
14hr_basal,238,39.666666666666664,4,8.249999999999995,3.010398644698075,69.25,8.721381771256205,32.75,11.693124760587594,56.166666666666664
14hr_basal,239,39.833333333333336,4,7.999999999999995,2.6457513110645916,71.0,7.245688373094719,32.74999999999999,11.227755786442806,56.333333333333336
14hr_basal,240,40.0,4,7.999999999999997,2.9439202887759484,73.75,7.696048769769242,33.0,11.554220008291344,56.5
14hr_basal,241,40.166666666666664,4,7.749999999999993,3.3008837200563916,73.0,7.593857166596345,33.25,10.34710104328744,56.666666666666664
14hr_basal,242,40.333333333333336,4,8.499999999999993,2.629955639676582,76.5,8.05708797684788,34.0,12.192894105447921,56.833333333333336
14hr_basal,243,40.5,4,8.249999999999995,2.286737122335375,73.25,8.957073554831771,32.75,11.883987826763653,57.0
14hr_basal,244,40.666666666666664,4,8.249999999999996,3.3260336739125176,74.25,8.957073554831771,34.74999999999999,9.481341325642344,57.166666666666664
14hr_basal,245,40.833333333333336,4,8.999999999999993,3.439961240091715,74.25,7.087253817006039,34.49999999999999,10.69657265981336,57.333333333333336
14hr_basal,246,41.0,4,6.4999999999999964,2.2546248764114476,75.25,9.38416218956173,34.74999999999999,11.455529960096417,57.5
14hr_basal,247,41.166666666666664,4,7.499999999999994,2.533114025595108,73.5,8.470537173048708,33.99999999999999,10.87044923941355,57.666666666666664
14hr_basal,248,41.333333333333336,4,8.499999999999996,2.598076211353314,74.75,7.420411039827914,34.24999999999999,11.73580703090617,57.833333333333336
14hr_basal,249,41.5,4,8.249999999999996,3.6371921404658654,74.75,6.823672031978091,34.75,11.115867037707854,58.0
14hr_basal,250,41.666666666666664,4,9.249999999999995,2.7195281453467848,78.0,6.48074069840786,33.99999999999999,12.335585379975553,58.166666666666664
14hr_basal,251,41.833333333333336,4,8.999999999999991,2.8284271247461863,80.25,8.557404201430868,34.0,12.516655570345725,58.333333333333336
14hr_basal,252,42.0,4,9.249999999999995,2.393567769390845,79.25,7.110731326663946,33.75,10.919210899449954,58.5
14hr_basal,253,42.166666666666664,4,8.249999999999996,2.358495283014151,78.25,6.498397238293967,36.25,13.250000000000002,58.666666666666664
14hr_basal,254,42.333333333333336,4,8.249999999999996,2.7801378862687107,76.25,6.737643010232387,33.99999999999999,12.64252084567525,58.833333333333336
14hr_basal,255,42.5,4,7.499999999999995,2.179449471770338,76.5,3.7749172176353776,35.75,12.658166007232909,59.0
14hr_basal,256,42.666666666666664,4,8.249999999999995,1.3149778198382922,80.0,5.802298395176403,34.74999999999999,13.155322116922868,59.166666666666664
14hr_basal,257,42.833333333333336,4,9.249999999999998,1.4361406616345074,83.0,5.986094998689326,33.49999999999999,12.704985897932614,59.333333333333336
14hr_basal,258,43.0,4,9.999999999999995,2.6770630673681657,78.25,3.79418414594407,33.5,11.265729744080792,59.5
14hr_basal,259,43.166666666666664,4,9.999999999999996,4.06201920231798,84.75,4.871259248558494,33.5,10.881942228603615,59.666666666666664
14hr_basal,260,43.333333333333336,4,9.999999999999996,2.91547594742265,84.5,3.3291640592396967,32.25,10.347101043287438,59.833333333333336
14hr_basal,261,43.5,4,8.249999999999993,3.275540667838924,85.5,3.122498999199199,36.25,10.094346602595602,60.0
14hr_basal,262,43.666666666666664,4,8.499999999999995,2.7233557730613653,83.25,5.153882032022077,35.0,11.32843031197762,60.166666666666664
14hr_basal,263,43.833333333333336,4,10.25,3.6371921404658667,84.25,4.230346715499019,34.24999999999999,8.938446919534362,60.333333333333336
14hr_basal,264,44.0,4,11.499999999999996,3.840572873934303,86.75,2.839454172900137,33.49999999999999,9.133272505880173,60.5
14hr_basal,265,44.166666666666664,4,9.749999999999996,4.767511580129268,88.0,3.719318934070233,37.49999999999999,8.665063954370641,60.666666666666664
14hr_basal,266,44.333333333333336,4,9.499999999999993,3.86221007541882,86.75,4.150803135137424,36.75,8.92911903082643,60.833333333333336
14hr_basal,267,44.5,4,9.999999999999991,3.674234614174767,88.25,4.2106016988865935,38.25,9.542667341996157,61.0
14hr_basal,268,44.666666666666664,4,9.749999999999996,3.473110997362451,89.25,4.110454151712841,36.75,8.683077411455766,61.166666666666664
14hr_basal,269,44.833333333333336,4,7.749999999999996,2.95451631687264,92.5,4.873397172404482,38.0,8.746427842267952,61.333333333333336
14hr_basal,270,45.0,4,7.74999999999999,2.780137886268711,93.0,5.582711408148075,36.25,10.282468899377555,61.5
14hr_basal,271,45.166666666666664,4,7.7499999999999964,2.7801378862687125,93.0,5.552777082985899,37.25,9.56882960450232,61.666666666666664
14hr_basal,272,45.333333333333336,4,6.7499999999999964,3.1457643480294784,91.5,5.575242894559246,38.49999999999999,10.428326807307101,61.833333333333336
14hr_basal,273,45.5,4,7.749999999999995,2.056493779875511,91.25,4.989572459974236,41.25,11.085839315691588,62.0
14hr_basal,274,45.666666666666664,4,7.249999999999994,0.8539125638299673,94.25,4.0697051490249265,40.5,11.273124382057233,62.166666666666664
14hr_basal,275,45.833333333333336,4,7.999999999999992,1.0801234497346426,95.75,3.966001344763598,39.74999999999999,10.491067629178646,62.333333333333336
14hr_basal,276,46.0,4,8.749999999999993,1.931105037709411,93.5,4.272001872658765,39.5,9.394147114027968,62.5
14hr_basal,277,46.166666666666664,4,8.249999999999995,2.25,94.0,4.672615256292062,37.49999999999999,8.855318552523485,62.666666666666664
14hr_basal,278,46.333333333333336,4,8.999999999999995,2.5166114784235827,93.25,6.155959172487528,39.75,7.9726093595509875,62.833333333333336
14hr_basal,279,46.5,4,8.499999999999996,2.362907813126305,94.0,6.570134448142342,37.99999999999999,8.660254037844386,63.0
14hr_basal,280,46.666666666666664,4,9.499999999999996,1.848422751068234,89.75,5.588306243099664,42.75,10.06127062883544,63.166666666666664
14hr_basal,281,46.833333333333336,4,8.999999999999993,2.1602468994692887,93.0,4.415880433163923,40.25,8.872945771651413,63.333333333333336
14hr_basal,282,47.0,4,8.249999999999991,2.09662427090152,93.25,4.269562819149833,41.49999999999999,9.776672917374976,63.5
14hr_basal,283,47.166666666666664,4,7.249999999999999,2.0966242709015215,95.0,2.6770630673681683,42.75,10.47516905193738,63.666666666666664
14hr_basal,284,47.333333333333336,4,7.999999999999995,2.1602468994692883,94.25,2.136000936329382,42.25,9.835098711587326,63.833333333333336
14hr_basal,285,47.5,4,7.999999999999995,3.082207001484488,92.75,3.2755406678389263,46.5,10.136567466356649,64.0
14hr_basal,286,47.666666666666664,4,10.24999999999999,3.6827299656640577,96.25,3.7500000000000013,43.499999999999986,11.109305408830322,64.16666666666666
14hr_basal,287,47.833333333333336,4,9.999999999999991,1.7320508075688759,96.5,3.947573094109003,41.25,11.707369473968095,64.33333333333334
14hr_basal,288,48.0,4,9.499999999999996,2.986078811194819,97.5,4.5,44.74999999999999,11.115867037707853,64.5
14hr_basal,289,48.166666666666664,4,9.249999999999996,2.657536453183663,95.25,1.7017148213885114,44.74999999999999,10.514870422406542,64.66666666666666
14hr_basal,290,48.333333333333336,4,9.249999999999996,3.3509948771471842,91.5,2.101586702153082,44.75,9.73289097168291,64.83333333333334
14hr_basal,291,48.5,4,9.499999999999991,2.3273733406281556,95.25,3.9024564913226985,42.49999999999999,9.578622030334007,65.0
14hr_basal,292,48.666666666666664,4,8.749999999999993,1.5478479684172253,96.75,3.816084380618437,42.74999999999999,8.919781387455634,65.16666666666666
14hr_basal,293,48.833333333333336,4,9.749999999999998,2.2499999999999996,91.5,5.251983752196243,44.75,10.06127062883544,65.33333333333334
14hr_basal,294,49.0,4,11.249999999999996,3.5910769044025397,92.5,3.926406329796582,42.999999999999986,8.953584012375526,65.5
14hr_basal,295,49.166666666666664,4,7.7499999999999964,1.1086778913041737,90.5,3.8405728739343052,46.5,11.184066046538408,65.66666666666666
14hr_basal,296,49.333333333333336,4,7.749999999999996,1.7969882210706491,89.75,1.4930394055974097,48.5,11.09429282709508,65.83333333333334
14hr_basal,297,49.5,4,8.999999999999996,2.7386127875258297,92.75,2.495829855311988,45.74999999999999,10.151970252123474,66.0
14hr_basal,298,49.666666666666664,4,9.999999999999995,3.0276503540974935,88.0,2.48327740429189,46.0,9.941495528004493,66.16666666666666
14hr_basal,299,49.833333333333336,4,9.49999999999999,1.848422751068233,88.75,3.705289012569285,47.5,12.155245781143218,66.33333333333334
14hr_d1,0,0.0,4,20.5,2.3979157616563596,0.0,0.0,0.24999999999999883,0.24999999999999883,16.5
14hr_d1,1,0.1666666666666666,4,24.0,1.5811388300841895,0.24999999999999972,0.24999999999999972,0.0,0.0,16.666666666666668
14hr_d1,2,0.3333333333333333,4,24.0,1.7795130420052179,0.4999999999999992,0.4999999999999992,0.0,0.0,16.833333333333332
14hr_d1,3,0.5,4,24.5,2.0207259421636903,0.7499999999999991,0.2499999999999997,0.2499999999999996,0.2499999999999996,17.0
14hr_d1,4,0.6666666666666666,4,28.5,1.7559422921421237,0.75,0.75,0.0,0.0,17.166666666666668
14hr_d1,5,0.8333333333333334,4,27.0,2.041241452319315,0.24999999999999903,0.24999999999999903,0.0,0.0,17.333333333333332
14hr_d1,6,1.0,4,29.249999999999996,1.750000000000001,0.7499999999999983,0.47871355387816883,0.49999999999999706,0.2886751345948112,17.5
14hr_d1,7,1.1666666666666667,4,29.999999999999993,2.1602468994692865,0.499999999999998,0.2886751345948117,0.2499999999999987,0.2499999999999987,17.666666666666668
14hr_d1,8,1.3333333333333333,4,29.5,1.3228756555322936,0.9999999999999973,0.40824829046386285,0.24999999999999872,0.24999999999999872,17.833333333333332
14hr_d1,9,1.5,4,32.0,2.3804761428476167,0.7499999999999988,0.47871355387816833,0.4999999999999992,0.2886751345948124,18.0
14hr_d1,10,1.6666666666666667,4,33.75,2.056493779875511,0.4999999999999992,0.4999999999999992,0.7499999999999978,0.24999999999999928,18.166666666666668
14hr_d1,11,1.8333333333333333,4,36.5,1.25830573921179,0.0,0.0,0.24999999999999975,0.24999999999999975,18.333333333333332
14hr_d1,12,2.0,4,42.0,2.483277404291891,0.9999999999999971,0.4082482904638624,0.4999999999999992,0.4999999999999992,18.5
14hr_d1,13,2.1666666666666665,4,39.75,2.868652413009749,1.4999999999999922,0.28867513459481187,0.749999999999996,0.4787135538781667,18.666666666666668
14hr_d1,14,2.3333333333333335,4,43.0,1.0801234497346417,0.24999999999999883,0.24999999999999883,1.2499999999999933,0.47871355387816683,18.833333333333332
14hr_d1,15,2.5,4,44.75,1.652018966799918,0.49999999999999856,0.28867513459481203,0.999999999999998,9.393256651388833e-16,19.0
14hr_d1,16,2.6666666666666665,4,43.0,0.9128709291752769,0.25,0.25,1.4999999999999962,0.49999999999999867,19.166666666666668
14hr_d1,17,2.8333333333333335,4,44.75,2.1360009363293844,0.24999999999999833,0.24999999999999833,1.4999999999999933,0.4999999999999995,19.333333333333332
14hr_d1,18,3.0,4,46.0,1.5811388300841889,0.25,0.25,1.2499999999999973,0.4787135538781677,19.5
14hr_d1,19,3.1666666666666665,4,47.75,1.4361406616345072,0.5,0.28867513459481287,0.7499999999999999,0.24999999999999994,19.666666666666668
14hr_d1,20,3.3333333333333335,4,47.75,1.931105037709411,1.4999999999999987,0.6454972243679024,0.7499999999999978,0.47871355387816833,19.833333333333332
14hr_d1,21,3.5,4,49.75,1.7500000000000007,0.2499999999999986,0.2499999999999986,1.499999999999994,0.28867513459481126,20.0
14hr_d1,22,3.6666666666666665,4,48.75,2.0966242709015206,0.2499999999999999,0.2499999999999999,1.4999999999999976,0.2886751345948132,20.166666666666668
14hr_d1,23,3.8333333333333335,4,48.5,1.5545631755148028,0.24999999999999958,0.24999999999999958,1.249999999999999,0.9464847243000455,20.333333333333332
14hr_d1,24,4.0,4,50.75,2.49582985531199,0.7499999999999969,0.24999999999999895,1.7499999999999956,0.2500000000000004,20.5
14hr_d1,25,4.166666666666667,4,52.25,2.0966242709015206,0.4999999999999959,0.28867513459481053,1.4999999999999947,0.49999999999999895,20.666666666666668
14hr_d1,26,4.333333333333333,4,51.25,1.6520189667999179,0.9999999999999956,0.40824829046386163,1.749999999999993,0.24999999999999967,20.833333333333332
14hr_d1,27,4.5,4,49.75,1.6007810593582117,0.7499999999999987,0.24999999999999956,2.9999999999999964,0.9128709291752767,21.0
14hr_d1,28,4.666666666666667,4,52.0,1.683250823060345,0.749999999999996,0.47871355387816644,1.7499999999999978,0.7499999999999989,21.166666666666668
14hr_d1,29,4.833333333333333,4,51.5,3.5237290853109946,2.249999999999994,0.2500000000000002,3.499999999999994,0.6454972243679025,21.333333333333332
14hr_d1,30,5.0,4,54.0,2.7386127875258306,0.7499999999999959,0.4787135538781667,1.9999999999999958,0.7071067811865467,21.5
14hr_d1,31,5.166666666666667,4,51.75,1.3768926368215242,1.249999999999997,0.4787135538781685,1.7499999999999971,0.6291528696058948,21.666666666666668
14hr_d1,32,5.333333333333333,4,48.75,1.030776406404417,0.24999999999999992,0.24999999999999992,2.9999999999999956,0.5773502691896255,21.833333333333332
14hr_d1,33,5.5,4,51.75,1.4361406616345074,0.7499999999999966,0.24999999999999883,2.9999999999999987,0.5773502691896265,22.0
14hr_d1,34,5.666666666666667,4,54.0,2.7386127875258306,1.2499999999999967,0.25000000000000044,2.749999999999995,0.7499999999999992,22.166666666666668
14hr_d1,35,5.833333333333333,4,52.25,2.1746647251166484,0.999999999999997,0.40824829046386285,2.749999999999994,1.1086778913041726,22.333333333333332
14hr_d1,36,6.0,4,52.25,2.868652413009751,1.2499999999999984,0.47871355387816883,2.499999999999996,1.3228756555322942,22.5
14hr_d1,37,6.166666666666667,4,54.5,2.7233557730613636,0.749999999999998,0.47871355387816844,2.249999999999995,1.0307764064044127,22.666666666666668
14hr_d1,38,6.333333333333333,4,54.0,3.8078865529319543,0.749999999999998,0.47871355387816766,3.249999999999997,1.3149778198382924,22.833333333333332
14hr_d1,39,6.5,4,55.0,2.2730302828309763,0.49999999999999745,0.2886751345948114,4.249999999999994,2.015564437074639,23.0
14hr_d1,40,6.666666666666667,4,52.5,2.7838821814150108,0.9999999999999964,0.5773502691896237,6.749999999999996,2.0155644370746373,23.166666666666668
14hr_d1,41,6.833333333333333,4,53.75,3.5677957714346054,0.5,0.5,4.249999999999995,1.4361406616345065,23.333333333333332
14hr_d1,42,7.0,4,56.25,2.954516316872639,0.0,0.0,3.499999999999995,1.6583123951777001,23.5
14hr_d1,43,7.166666666666667,4,57.5,1.6583123951776995,1.2499999999999958,0.47871355387816716,2.7499999999999964,1.249999999999999,23.666666666666668
14hr_d1,44,7.333333333333333,4,54.75,3.7941841459440693,0.9999999999999984,0.4082482904638626,4.499999999999994,0.8660254037844372,23.833333333333332
14hr_d1,45,7.5,4,55.0,1.7320508075688787,0.499999999999998,0.2886751345948117,3.7499999999999947,1.1086778913041715,24.0
14hr_d1,46,7.666666666666667,4,57.5,2.2173557826083448,0.7499999999999988,0.2499999999999996,4.2499999999999964,1.3149778198382924,24.166666666666668
14hr_d1,47,7.833333333333333,4,58.5,2.327373340628157,0.49999999999999845,0.49999999999999845,2.9999999999999947,1.224744871391588,24.333333333333332
14hr_d1,48,8.0,4,59.75,2.8686524130097513,0.25,0.25,2.7499999999999973,0.7499999999999997,24.5
14hr_d1,49,8.166666666666666,4,54.75,0.8539125638299665,0.7499999999999967,0.2499999999999989,5.75,1.6520189667999174,24.666666666666664
14hr_d1,50,8.333333333333334,4,58.5,0.9574271077563388,1.749999999999997,0.6291528696058951,4.749999999999995,1.8874586088176857,24.833333333333336
14hr_d1,51,8.5,4,58.0,1.9578900207451233,1.2499999999999951,0.25000000000000067,4.9999999999999964,1.5811388300841898,25.0
14hr_d1,52,8.666666666666666,4,56.25,1.8874586088176883,0.9999999999999954,0.7071067811865449,4.999999999999994,2.1213203435596433,25.166666666666664
14hr_d1,53,8.833333333333334,4,58.25,1.030776406404415,1.499999999999996,0.6454972243679027,5.249999999999993,0.8539125638299654,25.333333333333336
14hr_d1,54,9.0,4,56.0,2.3804761428476167,0.7499999999999987,0.24999999999999956,7.999999999999997,1.4142135623730963,25.5
14hr_d1,55,9.166666666666666,4,52.5,2.986078811194821,0.24999999999999825,0.24999999999999825,8.999999999999996,2.041241452319314,25.666666666666664
14hr_d1,56,9.333333333333334,4,57.25,3.40036762718386,0.49999999999999994,0.4999999999999999,7.999999999999995,1.2247448713915878,25.833333333333336
14hr_d1,57,9.5,4,57.25,1.5478479684172253,0.7499999999999991,0.47871355387816855,8.249999999999996,1.3768926368215264,26.0
14hr_d1,58,9.666666666666666,4,53.5,3.7969285832981723,1.2499999999999933,0.4787135538781674,10.749999999999996,2.719528145346787,26.166666666666664
14hr_d1,59,9.833333333333334,4,54.24999999999999,1.181453906563152,0.7499999999999989,0.24999999999999958,11.499999999999998,2.7233557730613653,26.333333333333336
14hr_d1,60,10.0,4,57.25,3.119161212035483,0.24999999999999958,0.24999999999999958,10.499999999999995,0.9574271077563368,26.5
14hr_d1,61,10.166666666666666,4,58.5,2.986078811194821,1.4999999999999956,0.288675134594811,10.249999999999993,2.393567769390845,26.666666666666664
14hr_d1,62,10.333333333333334,4,53.5,3.3788558221188825,1.4999999999999951,0.866025403784437,14.249999999999995,2.7801378862687125,26.833333333333336
14hr_d1,63,10.5,4,55.25,3.3509948771471842,1.4999999999999951,0.6454972243679005,15.499999999999993,2.9580398915498085,27.0
14hr_d1,64,10.666666666666666,4,57.5,5.041494487418059,1.9999999999999964,0.7071067811865466,15.749999999999996,2.136000936329383,27.166666666666664
14hr_d1,65,10.833333333333334,4,57.25,1.796988221070651,2.499999999999992,1.1902380714238077,16.749999999999993,2.7195281453467857,27.333333333333336
14hr_d1,66,11.0,4,55.0,3.9370039370059042,1.2499999999999962,0.24999999999999967,18.749999999999993,3.119161212035483,27.5
14hr_d1,67,11.166666666666666,4,55.0,3.9370039370059065,1.9999999999999951,0.40824829046386135,20.0,2.121320343559641,27.666666666666664
14hr_d1,68,11.333333333333334,4,54.5,4.591659104651971,2.2499999999999982,1.1086778913041717,20.499999999999996,3.6628768293059846,27.833333333333336
14hr_d1,69,11.5,4,54.75,4.552929459882577,3.249999999999993,0.8539125638299659,22.749999999999996,3.902456491322698,28.0
14hr_d1,70,11.666666666666666,4,51.0,3.5590260840104384,3.249999999999993,0.9464847243000467,24.499999999999996,3.2015621187164256,28.166666666666664
14hr_d1,71,11.833333333333334,4,48.75,1.7500000000000004,3.499999999999997,1.3228756555322951,27.749999999999996,2.9261749776799073,28.333333333333336
14hr_d1,72,12.0,4,46.49999999999999,3.947573094109004,3.4999999999999964,0.9574271077563365,29.749999999999996,2.8394541729001386,28.5
14hr_d1,73,12.166666666666666,4,44.99999999999999,3.5118845842842448,2.749999999999996,0.75,31.249999999999996,2.719528145346788,28.666666666666664
14hr_d1,74,12.333333333333334,4,41.5,4.349329450233296,3.7499999999999973,1.1814539065631535,34.75,2.75,28.833333333333336
14hr_d1,75,12.5,4,44.75,3.4490336810958113,5.249999999999996,1.4930394055974088,35.0,3.9370039370059056,29.0
14hr_d1,76,12.666666666666666,4,42.5,1.936491673103709,3.749999999999995,1.4930394055974083,36.75,3.03795435559303,29.166666666666664
14hr_d1,77,12.833333333333334,4,43.25,2.8686524130097517,3.9999999999999956,1.7320508075688763,36.5,2.8722813232690148,29.333333333333336
14hr_d1,78,13.0,4,38.75,4.269562819149834,4.2499999999999964,1.1086778913041715,42.49999999999999,4.051748593714405,29.5
14hr_d1,79,13.166666666666666,4,38.25,3.300883720056394,4.9999999999999964,0.7071067811865464,43.0,2.828427124746191,29.666666666666664
14hr_d1,80,13.333333333333334,4,32.75,1.376892636821526,7.7499999999999964,1.249999999999999,48.25,2.4958298553119898,29.833333333333336
14hr_d1,81,13.5,4,34.75,3.3509948771471856,6.4999999999999964,1.5545631755148035,44.0,3.8514066694304465,30.0
14hr_d1,82,13.666666666666666,4,35.5,1.7078251276599334,4.249999999999998,1.4361406616345072,47.25,1.1086778913041722,30.166666666666664
14hr_d1,83,13.833333333333334,4,32.75,3.3260336739125167,6.749999999999998,2.1746647251166493,47.5,2.0207259421636903,30.333333333333336
14hr_d1,84,14.0,4,29.749999999999996,3.6371921404658636,6.749999999999997,1.4361406616345056,50.25,1.1814539065631522,30.5
14hr_d1,85,14.166666666666666,4,30.5,4.133198922545749,5.749999999999998,1.2499999999999996,49.0,1.4719601443879733,30.666666666666664
14hr_d1,86,14.333333333333334,4,27.749999999999993,2.6887109674836127,7.749999999999995,0.8539125638299658,50.25,1.7500000000000009,30.833333333333336
14hr_d1,87,14.5,4,26.0,3.807886552931955,5.4999999999999964,1.1902380714238092,53.5,1.8484227510682356,31.0
14hr_d1,88,14.666666666666666,4,26.499999999999993,3.0138568866708546,5.7499999999999964,1.7969882210706527,54.75,2.561737691489897,31.166666666666664
14hr_d1,89,14.833333333333334,4,26.249999999999993,2.4622144504490255,6.999999999999997,2.041241452319316,56.25,2.2867371223353743,31.333333333333336
14hr_d1,90,15.0,4,25.75,2.8394541729001377,6.999999999999996,1.4719601443879737,56.0,2.0412414523193134,31.5
14hr_d1,91,15.166666666666666,4,22.75,1.8874586088176866,6.999999999999995,2.160246899469288,57.75,1.314977819838291,31.666666666666664
14hr_d1,92,15.333333333333334,4,21.75,3.424787098005755,7.999999999999995,2.309401076758503,58.25,2.25,31.833333333333336
14hr_d1,93,15.5,4,18.999999999999996,2.8577380332470423,6.7499999999999964,2.0966242709015215,62.0,2.3804761428476167,32.0
14hr_d1,94,15.666666666666666,4,19.249999999999996,3.449033681095813,8.749999999999996,2.5617376914898986,58.75,0.7500000000000006,32.166666666666664
14hr_d1,95,15.833333333333334,4,19.249999999999996,3.8810436740650065,8.75,1.4361406616345076,57.75,1.547847968417226,32.333333333333336
14hr_d1,96,16.0,4,17.999999999999996,3.082207001484489,10.499999999999995,2.7233557730613653,59.25,2.0155644370746373,32.5
14hr_d1,97,16.166666666666668,4,17.249999999999996,2.594063736045564,8.749999999999996,2.2867371223353756,61.25,1.6520189667999174,32.66666666666667
14hr_d1,98,16.333333333333332,4,17.499999999999996,2.2173557826083448,10.249999999999996,2.3935677693908457,60.5,1.5545631755148044,32.83333333333333
14hr_d1,99,16.5,4,17.249999999999996,2.8099525500145606,11.25,3.0652623596249207,60.75,1.9737865470545,33.0
14hr_d1,100,16.666666666666668,4,17.249999999999993,2.5617376914899,10.249999999999996,3.7500000000000004,62.75,1.8874586088176888,33.16666666666667
14hr_d1,101,16.833333333333332,4,15.999999999999996,2.273030282830976,11.75,3.8810436740650065,61.5,2.958039891549808,33.33333333333333
14hr_d1,102,17.0,4,13.749999999999996,2.286737122335373,11.999999999999995,2.7386127875258306,65.0,1.2909944487358056,33.5
14hr_d1,103,17.166666666666668,4,15.749999999999996,1.887458608817687,12.0,2.915475947422651,65.5,1.5545631755148008,33.66666666666667
14hr_d1,104,17.333333333333332,4,14.249999999999996,2.322893310794394,12.999999999999996,4.143267631552017,67.0,0.816496580927726,33.83333333333333
14hr_d1,105,17.5,4,14.5,2.466441431158124,11.249999999999996,3.923752455664518,67.25,2.4281337140555777,34.0
14hr_d1,106,17.666666666666668,4,13.249999999999996,1.931105037709411,13.499999999999995,3.523729085310997,64.5,0.8660254037844386,34.16666666666667
14hr_d1,107,17.833333333333332,4,12.249999999999996,1.750000000000001,15.499999999999998,3.947573094109004,63.5,1.5545631755148035,34.33333333333333
14hr_d1,108,18.0,4,10.749999999999996,2.52899848424892,14.749999999999996,3.7500000000000004,66.25,0.47871355387816905,34.5
14hr_d1,109,18.166666666666668,4,10.499999999999996,2.872281323269014,15.249999999999993,4.02854398842394,67.75,0.8539125638299665,34.66666666666667
14hr_d1,110,18.333333333333332,4,10.249999999999996,2.322893310794393,16.749999999999996,5.588306243099664,68.75,1.7969882210706538,34.83333333333333
14hr_d1,111,18.5,4,11.749999999999996,2.6887109674836136,16.499999999999996,4.663689526544408,70.5,1.848422751068236,35.0
14hr_d1,112,18.666666666666668,4,10.499999999999996,2.327373340628156,16.749999999999996,5.26584909265986,71.0,2.857738033247041,35.16666666666667
14hr_d1,113,18.833333333333332,4,9.749999999999996,2.0564937798755123,15.249999999999998,3.4490336810958113,73.75,1.25,35.33333333333333
14hr_d1,114,19.0,4,9.499999999999996,1.0408329997330668,19.749999999999993,5.170025789748699,67.5,1.848422751068236,35.5
14hr_d1,115,19.166666666666668,4,8.249999999999995,1.6520189667999179,17.249999999999993,5.647639624952476,73.25,3.145764348029481,35.66666666666667
14hr_d1,116,19.333333333333332,4,6.999999999999993,1.632993161855452,18.5,5.619905100029122,72.25,1.547847968417226,35.83333333333333
14hr_d1,117,19.5,4,7.499999999999996,1.2583057392117916,17.249999999999996,5.662375826453061,73.75,1.796988221070652,36.0
14hr_d1,118,19.666666666666668,4,7.499999999999996,1.5545631755148033,17.249999999999996,5.202163011671204,72.0,1.8708286933869707,36.16666666666667
14hr_d1,119,19.833333333333332,4,7.749999999999996,1.1086778913041724,19.249999999999996,6.115213269652443,69.5,2.6299556396765835,36.33333333333333
14hr_d1,120,20.0,4,6.999999999999998,1.414213562373094,19.999999999999996,5.759050847723664,72.25,2.809952550014561,36.5
14hr_d1,121,20.166666666666668,4,7.249999999999998,0.749999999999999,21.749999999999996,6.32949445058608,70.0,3.696845502136472,36.66666666666667
14hr_d1,122,20.333333333333332,4,6.499999999999997,1.1902380714238074,21.75,6.650501234242926,73.25,3.497022543059548,36.83333333333333
14hr_d1,123,20.5,4,5.999999999999995,1.224744871391588,22.75,5.7933151131282346,73.25,2.4958298553119898,37.0
14hr_d1,124,20.666666666666668,4,6.999999999999995,1.4142135623730938,23.5,5.634713834792324,71.5,2.254624876411447,37.16666666666667
14hr_d1,125,20.833333333333332,4,7.999999999999996,1.4719601443879735,24.499999999999993,6.0621778264910695,70.25,2.25,37.33333333333333
14hr_d1,126,21.0,4,5.749999999999996,1.2500000000000004,23.499999999999993,4.991659710623978,70.75,1.8874586088176875,37.5
14hr_d1,127,21.166666666666668,4,6.749999999999997,1.2500000000000004,23.249999999999996,6.223276200416199,70.25,2.5940637360455634,37.66666666666667
14hr_d1,128,21.333333333333332,4,5.499999999999995,1.554563175514804,24.25,7.272952174552872,71.75,2.5940637360455634,37.83333333333333
14hr_d1,129,21.5,4,4.9999999999999964,1.7320508075688767,24.25,6.637959023675877,72.25,2.7195281453467866,38.0
14hr_d1,130,21.666666666666668,4,3.7499999999999964,0.750000000000001,26.0,6.745368781616023,70.75,3.0379543555930306,38.16666666666667
14hr_d1,131,21.833333333333332,4,4.749999999999995,0.7500000000000008,28.499999999999993,5.123475382979799,72.0,3.488074922742725,38.33333333333333
14hr_d1,132,22.0,4,2.9999999999999956,0.7071067811865478,28.249999999999993,5.735488935856587,74.0,3.391164991562634,38.5
14hr_d1,133,22.166666666666668,4,3.499999999999994,0.645497224367904,29.0,7.4721705904866305,72.0,4.242640687119284,38.66666666666667
14hr_d1,134,22.333333333333332,4,3.4999999999999973,0.6454972243679031,29.5,7.794228634059949,72.5,4.031128874149275,38.83333333333333
14hr_d1,135,22.5,4,3.499999999999996,1.1902380714238074,30.249999999999996,6.3557716552227825,70.75,3.4247870980057513,39.0
14hr_d1,136,22.666666666666668,4,2.749999999999994,0.8539125638299663,31.249999999999996,7.706869230325201,70.0,2.798809270624444,39.16666666666667
14hr_d1,137,22.833333333333332,4,2.4999999999999947,0.5000000000000012,32.5,6.639528095680697,72.0,2.5495097567963922,39.33333333333333
14hr_d1,138,23.0,4,3.499999999999995,1.190238071423807,32.25,6.394985014316555,71.0,3.0276503540974917,39.5
14hr_d1,139,23.166666666666668,4,1.9999999999999947,0.40824829046386163,31.0,6.745368781616021,72.0,2.972092416687835,39.66666666666667
14hr_d1,140,23.333333333333332,4,1.7499999999999973,0.47871355387816733,31.5,6.9101374805426286,71.0,3.8729833462074152,39.83333333333333
14hr_d1,141,23.5,4,3.499999999999994,1.1902380714238083,30.749999999999993,5.99131315600623,73.5,3.5237290853109955,40.0
14hr_d1,142,23.666666666666668,4,3.4999999999999947,0.9574271077563377,31.249999999999993,7.180703308172536,73.75,2.8975564417856186,40.16666666666667
14hr_d1,143,23.833333333333332,4,3.499999999999994,1.0408329997330652,31.25,9.003471552684553,72.25,4.422951503238531,40.33333333333333
14hr_d1,144,24.0,4,2.9999999999999956,0.7071067811865488,29.499999999999996,6.383572667401852,75.0,2.273030282830976,40.5
14hr_d1,145,24.166666666666668,4,2.999999999999996,0.5773502691896258,32.75,7.5760037838779715,72.5,3.968626966596888,40.66666666666667
14hr_d1,146,24.333333333333332,4,2.7499999999999982,1.0307764064044147,31.25,6.737643010232387,73.5,4.010403138505323,40.83333333333333
14hr_d1,147,24.5,4,1.2499999999999942,0.47871355387816644,32.75,6.446898479113813,73.75,3.3260336739125176,41.0
14hr_d1,148,24.666666666666668,4,1.9999999999999962,0.8164965809277245,33.25,7.203876271378718,73.0,3.7859388972001824,41.16666666666667
14hr_d1,149,24.833333333333332,4,2.249999999999997,0.6291528696058952,35.49999999999999,7.19374728496908,72.5,4.573474244670746,41.33333333333333
14hr_d1,150,25.0,4,1.4999999999999962,0.6454972243679008,33.75,7.051890999346678,75.0,4.708148963941845,41.5
14hr_d1,151,25.166666666666668,4,1.999999999999995,0.4082482904638644,32.25,7.15745532061966,76.75,4.697073557013984,41.66666666666667
14hr_d1,152,25.333333333333332,4,1.999999999999996,0.9128709291752759,33.75,6.536755056346126,75.75,5.543389456520864,41.83333333333333
14hr_d1,153,25.5,4,1.2499999999999964,0.4787135538781682,33.74999999999999,8.605957239029253,75.0,6.177917664283546,42.0
14hr_d1,154,25.666666666666668,4,0.9999999999999964,0.40824829046386246,34.49999999999999,7.354137157636737,73.75,6.663019835880225,42.16666666666667
14hr_d1,155,25.833333333333332,4,0.9999999999999964,0.4082482904638611,34.0,8.010409893798611,76.5,5.172040216394302,42.33333333333333
14hr_d1,156,26.0,4,0.7499999999999953,0.24999999999999845,35.0,7.483314773547882,76.5,4.291464396527911,42.5
14hr_d1,157,26.166666666666668,4,0.999999999999997,1.1403455171351628e-15,34.99999999999999,8.689073598491383,76.75,5.7209410647783,42.66666666666667
14hr_d1,158,26.333333333333332,4,0.7499999999999982,0.2499999999999994,35.75,7.087253817006038,74.25,3.497022543059548,42.83333333333333
14hr_d1,159,26.5,4,1.7499999999999947,0.24999999999999847,37.25,6.90862986898753,77.0,3.4399612400917157,43.0
14hr_d1,160,26.666666666666668,4,2.249999999999997,0.2500000000000011,37.5,8.568352622684635,77.5,5.560275772537424,43.16666666666667
14hr_d1,161,26.833333333333332,4,1.999999999999996,0.4082482904638634,38.5,9.367496997597597,76.0,5.1478150704935,43.33333333333333
14hr_d1,162,27.0,4,2.2499999999999956,1.030776406404413,39.0,8.534244742994737,76.75,4.939213837579146,43.5
14hr_d1,163,27.166666666666668,4,1.999999999999997,0.707106781186549,40.75,7.993486932079975,74.25,4.871259248558494,43.66666666666667
14hr_d1,164,27.333333333333332,4,2.499999999999994,0.6454972243679007,42.0,8.010409893798611,75.75,4.989572459974235,43.83333333333333
14hr_d1,165,27.5,4,2.4999999999999947,0.6454972243679008,40.5,7.772815877574013,77.75,4.3851073723076235,44.0
14hr_d1,166,27.666666666666668,4,1.7499999999999978,0.7499999999999988,43.0,9.03696114115064,76.0,4.743416490252571,44.16666666666667
14hr_d1,167,27.833333333333332,4,2.9999999999999973,1.0801234497346446,39.75,8.1891696770796,78.0,4.743416490252569,44.33333333333333
14hr_d1,168,28.0,4,2.4999999999999947,0.5000000000000016,41.5,8.587782018658833,76.0,5.0826502273256375,44.5
14hr_d1,169,28.166666666666668,4,2.9999999999999956,1.0801234497346417,40.0,7.670288999335902,79.0,2.3804761428476167,44.66666666666667
14hr_d1,170,28.333333333333332,4,2.999999999999992,0.4082482904638631,42.5,8.568352622684635,76.0,2.273030282830976,44.83333333333333
14hr_d1,171,28.5,4,3.249999999999995,1.1086778913041735,39.25,8.045443845224867,77.0,3.3416562759605704,45.0
14hr_d1,172,28.666666666666668,4,2.2499999999999947,0.4787135538781706,40.5,9.023118455759443,78.0,4.02077936060494,45.16666666666667
14hr_d1,173,28.833333333333332,4,2.9999999999999942,0.7071067811865479,42.74999999999999,9.629598468610547,77.5,4.66368952654441,45.33333333333333
14hr_d1,174,29.0,4,2.7499999999999925,0.25000000000000056,40.75,9.150364291473137,77.75,3.881043674065006,45.5
14hr_d1,175,29.166666666666668,4,3.249999999999991,0.9464847243000453,39.5,9.810708435174291,76.25,4.3084219849035215,45.66666666666667
14hr_d1,176,29.333333333333332,4,1.9999999999999947,1.3540064007726593,42.25,8.692669325356855,74.0,2.7386127875258306,45.83333333333333
14hr_d1,177,29.5,4,1.7499999999999964,0.8539125638299665,40.25,9.498903445486047,77.25,3.637192140465866,46.0
14hr_d1,178,29.666666666666668,4,2.7499999999999947,1.108677891304171,41.0,7.989576542804588,76.0,3.3416562759605704,46.16666666666667
14hr_d1,179,29.833333333333332,4,2.4999999999999916,1.1902380714238092,41.0,8.495096624916439,78.5,3.6170890690351176,46.33333333333333
14hr_d1,180,30.0,4,1.9999999999999982,0.7071067811865469,41.0,8.934950102453474,79.75,4.327720724199595,46.5
14hr_d1,181,30.166666666666668,4,2.2499999999999982,0.6291528696058962,40.0,8.37655458208604,80.25,4.327720724199595,46.66666666666667
14hr_d1,182,30.333333333333332,4,1.9999999999999944,0.40824829046386346,37.49999999999999,8.180260794538684,83.5,1.5545631755148024,46.83333333333333
14hr_d1,183,30.5,4,2.2499999999999933,0.47871355387816916,37.75,7.941190087134295,84.25,2.5289984842489224,47.0
14hr_d1,184,30.666666666666668,4,2.749999999999994,0.47871355387816955,39.5,8.261355820929154,83.75,3.5677957714346076,47.16666666666667
14hr_d1,185,30.833333333333332,4,2.7499999999999987,1.0307764064044147,40.75,8.469307330984432,81.75,1.973786547054502,47.33333333333333
14hr_d1,186,31.0,4,2.249999999999995,0.7499999999999999,38.5,8.798674142543673,87.25,3.705289012569285,47.5
14hr_d1,187,31.166666666666668,4,2.2499999999999973,0.749999999999999,38.5,8.331666499966659,86.25,2.495829855311986,47.66666666666667
14hr_d1,188,31.333333333333332,4,2.9999999999999982,1.2247448713915883,40.75,8.459462157844314,82.75,1.4930394055974097,47.83333333333333
14hr_d1,189,31.5,4,2.499999999999994,0.8660254037844372,39.5,8.460693430998036,85.75,2.174664725116648,48.0
14hr_d1,190,31.666666666666668,4,2.7499999999999964,1.1814539065631526,35.74999999999999,7.122441060947198,89.25,2.75,48.16666666666667
14hr_d1,191,31.833333333333332,4,2.999999999999993,1.0000000000000013,37.0,7.852812659593164,90.0,2.857738033247041,48.33333333333333
14hr_d1,192,32.0,4,3.74999999999999,1.5478479684172244,36.25,7.203876271378716,91.75,3.3509948771471834,48.5
14hr_d1,193,32.166666666666664,4,3.7499999999999893,1.108677891304171,37.74999999999999,7.8142498040438895,88.75,3.6827299656640586,48.666666666666664
14hr_d1,194,32.333333333333336,4,3.4999999999999933,0.6454972243679026,36.0,7.3824115301167,92.0,3.0276503540974917,48.833333333333336
14hr_d1,195,32.5,4,3.749999999999998,1.4361406616345063,38.0,8.495096624916435,91.0,3.851406669430448,49.0
14hr_d1,196,32.666666666666664,4,3.249999999999994,1.030776406404412,39.25,8.901076713896284,89.25,3.660031875999625,49.166666666666664
14hr_d1,197,32.833333333333336,4,2.749999999999995,1.108677891304174,40.5,9.287087810503355,88.25,2.6575364531836625,49.333333333333336
14hr_d1,198,33.0,4,3.999999999999996,1.6832508230603445,39.75,8.844725358464595,89.25,3.092329219213245,49.5
14hr_d1,199,33.166666666666664,4,4.499999999999991,1.322875655532295,41.0,10.255080041943442,90.25,2.3935677693908435,49.666666666666664
14hr_d1,200,33.333333333333336,4,3.749999999999995,1.108677891304171,40.75,9.672771061076551,89.0,3.391164991562635,49.833333333333336
14hr_d1,201,33.5,4,3.2499999999999907,0.478713553878166,37.99999999999999,8.436033823229177,95.25,4.170831252080733,50.0
14hr_d1,202,33.666666666666664,4,3.499999999999993,0.28867513459481237,36.75,7.920174661373742,96.5,3.8837267325770166,50.166666666666664
14hr_d1,203,33.833333333333336,4,2.4999999999999916,0.49999999999999867,38.0,8.841191473249893,96.75,3.794184145944072,50.333333333333336
14hr_d1,204,34.0,4,2.999999999999992,0.5773502691896274,36.5,7.3086706497602325,98.5,5.392896562454479,50.5
14hr_d1,205,34.166666666666664,4,3.2499999999999973,1.1086778913041715,36.75,6.762334409556115,98.75,6.223276200416198,50.666666666666664
14hr_d1,206,34.333333333333336,4,4.999999999999995,1.4719601443879755,36.75,8.586568969423508,97.0,3.9370039370059056,50.833333333333336
14hr_d1,207,34.5,4,3.2499999999999964,1.4361406616345067,35.74999999999999,7.663495721057503,99.0,2.67706306736817,51.0
14hr_d1,208,34.666666666666664,4,2.7499999999999925,0.8539125638299643,35.99999999999999,6.855654600401045,100.25,5.234102915814069,51.166666666666664
14hr_d1,209,34.833333333333336,4,4.249999999999993,1.2499999999999996,35.99999999999999,7.516648189186454,98.75,4.625563028792639,51.333333333333336
14hr_d1,210,35.0,4,4.499999999999991,2.254624876411449,37.75,8.300351398183894,99.25,2.75,51.5
14hr_d1,211,35.166666666666664,4,4.249999999999995,1.600781059358211,36.99999999999999,9.137833441248532,102.0,4.2622372841814755,51.666666666666664
14hr_d1,212,35.333333333333336,4,3.9999999999999902,1.6832508230603467,36.99999999999999,8.831760866327848,100.25,3.944933459514875,51.833333333333336
14hr_d1,213,35.5,4,4.249999999999996,2.286737122335373,34.5,6.639528095680697,105.0,7.257180352359078,52.0
14hr_d1,214,35.666666666666664,4,3.249999999999994,1.6520189667999168,35.25,7.487489565935968,103.0,5.759050847723665,52.166666666666664
14hr_d1,215,35.833333333333336,4,3.999999999999994,1.0801234497346417,34.5,8.770214744615247,104.25,7.792892060504024,52.333333333333336
14hr_d1,216,36.0,4,4.499999999999993,1.9364916731037085,34.0,8.051914886120775,106.75,6.329494450586082,52.5
14hr_d1,217,36.166666666666664,4,2.9999999999999942,1.4719601443879726,31.499999999999993,6.1981179939290145,104.5,6.512807894193306,52.666666666666664
14hr_d1,218,36.333333333333336,4,4.749999999999994,2.1746647251166475,35.75,8.270177345942065,104.0,5.930148958219065,52.833333333333336
14hr_d1,219,36.5,4,3.999999999999994,1.7795130420052174,32.25,6.75,108.0,6.150880695748643,53.0
14hr_d1,220,36.666666666666664,4,2.499999999999995,1.8484227510682345,34.5,6.448514040717701,106.25,5.93541630104129,53.166666666666664
14hr_d1,221,36.833333333333336,4,4.249999999999996,1.652018966799916,31.999999999999993,5.8878405775518985,106.0,7.035623639735144,53.333333333333336
14hr_d1,222,37.0,4,3.9999999999999925,1.7795130420052203,32.5,7.815582725128904,105.5,4.010403138505321,53.5
14hr_d1,223,37.166666666666664,4,3.499999999999994,1.499999999999997,32.75,7.597971220442117,108.25,4.327720724199593,53.666666666666664
14hr_d1,224,37.333333333333336,4,3.249999999999995,1.6007810593582141,30.999999999999993,7.947746011710909,109.5,5.866571968932682,53.833333333333336
14hr_d1,225,37.5,4,3.9999999999999982,1.4142135623730951,31.24999999999999,8.330416156071276,112.0,6.782329983125268,54.0
14hr_d1,226,37.666666666666664,4,2.7499999999999907,0.7500000000000003,30.749999999999993,6.263319141371184,112.5,6.198117993929017,54.166666666666664
14hr_d1,227,37.833333333333336,4,2.999999999999996,0.7071067811865458,30.499999999999993,5.4237133650909914,111.25,6.725263315786725,54.333333333333336
14hr_d1,228,38.0,4,2.249999999999997,0.946484724300046,29.0,5.291502622129183,112.5,6.3047601064592484,54.5
14hr_d1,229,38.166666666666664,4,2.7499999999999956,1.31497781983829,30.99999999999999,6.806859285554047,110.5,6.251666444503685,54.666666666666664
14hr_d1,230,38.333333333333336,4,4.249999999999992,1.7969882210706531,31.499999999999993,7.488880646220323,108.75,6.155959172487528,54.833333333333336
14hr_d1,231,38.5,4,3.7499999999999987,1.887458608817687,30.5,5.737304826019504,109.25,5.7209410647783,55.0
14hr_d1,232,38.666666666666664,4,4.2499999999999964,1.3149778198382929,30.749999999999996,4.871259248558496,109.25,5.7354889358565915,55.166666666666664
14hr_d1,233,38.833333333333336,4,3.4999999999999964,1.0408329997330659,28.25,4.9053542175871465,112.25,5.662375826453062,55.333333333333336
14hr_d1,234,39.0,4,4.749999999999996,2.1746647251166484,27.0,6.191391873668905,111.25,4.95605690039975,55.5
14hr_d1,235,39.166666666666664,4,3.749999999999993,1.249999999999998,29.499999999999993,7.588368291888139,112.25,5.893145736079049,55.666666666666664
14hr_d1,236,39.333333333333336,4,5.249999999999993,2.4958298553119893,30.749999999999996,8.957073554831771,110.5,6.238322424070967,55.833333333333336
14hr_d1,237,39.5,4,6.499999999999995,2.3273733406281583,28.24999999999999,5.99131315600623,111.0,5.180090089306685,56.0
14hr_d1,238,39.666666666666664,4,3.4999999999999916,1.1902380714238077,28.499999999999993,6.0621778264910695,112.0,7.14142842854285,56.166666666666664
14hr_d1,239,39.833333333333336,4,3.999999999999995,2.041241452319312,30.999999999999996,7.1995370221517225,111.5,5.634713834792324,56.333333333333336
14hr_d1,240,40.0,4,4.749999999999995,2.462214450449024,31.0,7.905694150420951,113.25,5.573374202401989,56.5
14hr_d1,241,40.166666666666664,4,4.749999999999994,2.250000000000002,28.75,6.94472221666689,113.0,4.881939505292269,56.666666666666664
14hr_d1,242,40.333333333333336,4,5.249999999999997,3.350994877147182,30.49999999999999,7.772815877574014,113.5,4.330127018922194,56.833333333333336
14hr_d1,243,40.5,4,5.999999999999995,3.1885210782848312,25.24999999999999,5.949439749533844,112.75,4.02854398842394,57.0
14hr_d1,244,40.666666666666664,4,4.4999999999999964,2.629955639676583,25.749999999999993,6.884463184107628,113.0,3.5355339059327373,57.166666666666664
14hr_d1,245,40.833333333333336,4,5.749999999999997,3.3260336739125163,24.249999999999993,5.344389581607985,113.0,4.636809247747854,57.333333333333336
14hr_d1,246,41.0,4,5.7499999999999964,3.3260336739125167,24.999999999999993,6.377042156569662,116.25,4.497684589504546,57.5
14hr_d1,247,41.166666666666664,4,7.249999999999995,3.47311099736245,27.749999999999993,7.215434844830908,112.25,3.1457643480294792,57.666666666666664
14hr_d1,248,41.333333333333336,4,4.999999999999994,3.082207001484487,26.24999999999999,7.063698275926948,111.75,4.6075119822596955,57.833333333333336
14hr_d1,249,41.5,4,4.749999999999994,3.145764348029479,22.999999999999996,5.901977069875259,111.5,4.349329450233293,58.0
14hr_d1,250,41.666666666666664,4,5.249999999999993,2.393567769390842,23.249999999999993,6.005206074732157,114.75,3.1983068437325786,58.166666666666664
14hr_d1,251,41.833333333333336,4,6.499999999999997,2.101586702153083,22.999999999999993,5.84522597225006,113.0,4.242640687119286,58.333333333333336
14hr_d1,252,42.0,4,6.249999999999995,1.796988221070652,23.25,6.42099421169858,114.75,5.153882032022076,58.5
14hr_d1,253,42.166666666666664,4,6.249999999999993,1.7499999999999973,23.499999999999993,7.5773786144462,114.5,6.946221994724902,58.666666666666664
14hr_d1,254,42.333333333333336,4,5.499999999999993,2.3629078131263035,21.25,5.02286438863988,112.5,6.994045086119096,58.833333333333336
14hr_d1,255,42.5,4,4.749999999999994,2.322893310794392,19.499999999999993,6.144102863722254,112.75,5.677073776750366,59.0
14hr_d1,256,42.666666666666664,4,4.999999999999996,2.8284271247461903,21.999999999999996,5.944184833375671,113.75,6.209871174187111,59.166666666666664
14hr_d1,257,42.833333333333336,4,4.9999999999999964,2.121320343559642,20.49999999999999,5.852349955359812,114.5,4.112987559751022,59.333333333333336
14hr_d1,258,43.0,4,5.749999999999992,1.6520189667999186,21.49999999999999,6.946221994724905,116.5,7.041543391425869,59.5
14hr_d1,259,43.166666666666664,4,6.2499999999999964,2.393567769390846,20.749999999999993,6.060459278525567,115.0,6.467869303977418,59.666666666666664
14hr_d1,260,43.333333333333336,4,5.249999999999995,2.1746647251166458,19.5,5.605057240266747,118.5,6.18465843842649,59.833333333333336
14hr_d1,261,43.5,4,6.2499999999999964,2.0564937798755123,20.249999999999993,5.6476396249524745,116.5,5.377421934967227,60.0
14hr_d1,262,43.666666666666664,4,5.999999999999995,2.9154759474226473,17.999999999999993,5.1478150704934995,118.75,5.137687547266117,60.166666666666664
14hr_d1,263,43.833333333333336,4,5.999999999999995,3.188521078284831,18.249999999999993,4.643543905251677,118.5,5.139714648369758,60.333333333333336
14hr_d1,264,44.0,4,6.249999999999996,3.794184145944069,18.749999999999993,5.513241635674362,117.0,4.434711565216688,60.5
14hr_d1,265,44.166666666666664,4,5.999999999999996,3.4880749227427246,19.749999999999993,5.4217924465377045,116.0,4.377975178854566,60.666666666666664
14hr_d1,266,44.333333333333336,4,6.2499999999999964,3.172144385112379,19.499999999999996,6.034622330077223,115.75,2.6887109674836163,60.833333333333336
14hr_d1,267,44.5,4,5.9999999999999964,2.798809270624445,19.24999999999999,5.1051444641655355,116.5,4.173328008516306,61.0
14hr_d1,268,44.666666666666664,4,6.999999999999992,2.6770630673681683,18.499999999999993,5.330728530573158,115.5,3.4034296427770188,61.166666666666664
14hr_d1,269,44.833333333333336,4,7.499999999999996,3.947573094109005,17.749999999999993,5.170025789748701,114.5,5.315072906367325,61.333333333333336
14hr_d1,270,45.0,4,5.499999999999989,2.598076211353315,18.749999999999993,5.735488935856589,116.75,4.714781719938546,61.5
14hr_d1,271,45.166666666666664,4,6.249999999999996,1.8427786989579977,18.999999999999996,4.43471156521669,115.0,4.08248290463863,61.666666666666664
14hr_d1,272,45.333333333333336,4,6.249999999999995,2.096624270901523,17.749999999999996,4.40407008724127,117.0,4.453463071962462,61.833333333333336
14hr_d1,273,45.5,4,7.499999999999995,2.7233557730613667,16.999999999999993,4.396968652757637,116.75,3.75,62.0
14hr_d1,274,45.666666666666664,4,9.249999999999995,2.8975564417856163,17.999999999999993,4.881939505292271,116.25,4.607511982259694,62.166666666666664
14hr_d1,275,45.833333333333336,4,5.999999999999995,2.345207879911715,17.499999999999993,4.839077046985989,117.25,5.793315113128234,62.333333333333336
14hr_d1,276,46.0,4,5.9999999999999964,2.6770630673681683,18.749999999999993,5.390964663211958,113.5,3.1754264805429417,62.5
14hr_d1,277,46.166666666666664,4,7.999999999999996,2.6770630673681675,17.499999999999996,5.737304826019501,112.75,3.7721567659187594,62.666666666666664
14hr_d1,278,46.333333333333336,4,7.2499999999999964,2.7500000000000013,20.25,6.074194048047309,115.25,3.6827299656640586,62.833333333333336
14hr_d1,279,46.5,4,8.249999999999991,3.727711541057506,21.499999999999993,6.4485140407177,113.5,4.9916597106239795,63.0
14hr_d1,280,46.666666666666664,4,8.749999999999993,3.473110997362451,17.999999999999993,4.600724580614085,116.5,6.435578192102607,63.166666666666664
14hr_d1,281,46.833333333333336,4,9.249999999999993,2.393567769390845,19.249999999999993,6.15595917248753,118.0,5.115336417740934,63.333333333333336
14hr_d1,282,47.0,4,8.999999999999995,2.415229457698238,16.249999999999993,4.40407008724127,116.75,5.5584020485507635,63.5
14hr_d1,283,47.166666666666664,4,9.249999999999996,2.393567769390845,14.499999999999998,3.662876829305986,114.75,5.218157401484423,63.666666666666664
14hr_d1,284,47.333333333333336,4,9.749999999999993,3.2499999999999973,15.249999999999995,4.249999999999997,115.25,8.270177345942065,63.833333333333336
14hr_d1,285,47.5,4,10.499999999999993,2.9860788111948184,13.749999999999991,3.0652623596249193,116.75,6.4339593823192045,64.0
14hr_d1,286,47.666666666666664,4,9.499999999999996,3.2274861218395148,12.999999999999996,2.1213203435596437,117.5,6.034622330077224,64.16666666666666
14hr_d1,287,47.833333333333336,4,10.499999999999995,3.1224989991992005,10.999999999999996,2.8577380332470423,114.0,8.134289561274953,64.33333333333334
14hr_d1,288,48.0,4,10.999999999999998,3.872983346207418,13.249999999999998,4.090130397269343,117.0,6.6332495807108,64.5
14hr_d1,289,48.166666666666664,4,10.499999999999998,2.872281323269012,13.749999999999996,3.7941841459440675,120.25,9.141252649391111,64.66666666666666
14hr_d1,290,48.333333333333336,4,8.499999999999991,2.1015867021530807,13.999999999999993,3.291402943021916,119.5,6.788470618138767,64.83333333333334
14hr_d1,291,48.5,4,10.749999999999993,3.497022543059547,12.749999999999996,3.520771695712936,118.5,6.435578192102608,65.0
14hr_d1,292,48.666666666666664,4,11.249999999999995,4.210601698886593,14.249999999999998,3.5677957714346085,118.5,7.19374728496908,65.16666666666666
14hr_d1,293,48.833333333333336,4,12.749999999999998,5.202163011671201,14.749999999999996,3.092329219213245,116.0,5.671566509057851,65.33333333333334
14hr_d1,294,49.0,4,12.249999999999993,4.516174634946409,15.75,3.9449334595148744,118.5,5.139714648369758,65.5
14hr_d1,295,49.166666666666664,4,10.249999999999996,3.0923292192132443,13.499999999999996,4.173328008516306,122.25,7.051890999346678,65.66666666666666
14hr_d1,296,49.333333333333336,4,11.499999999999996,3.7080992435478306,14.999999999999991,4.636809247747853,121.75,7.531876702832214,65.83333333333334
14hr_d1,297,49.5,4,11.749999999999996,4.327720724199594,14.0,3.559026084010437,119.5,6.994045086119097,66.0
14hr_d1,298,49.666666666666664,4,10.999999999999995,4.301162633521315,13.5,3.6628768293059855,121.5,8.54887906882144,66.16666666666666
14hr_d1,299,49.833333333333336,4,11.499999999999993,3.8837267325770153,13.999999999999993,3.719318934070232,121.25,8.644603326160587,66.33333333333334
19hr_LDN,0,0.0,4,74.75,10.857984773121267,0.7499999999999981,0.4787135538781685,4.2499999999999964,1.31497781983829,21.5
19hr_LDN,1,0.1666666666666666,4,76.0,10.47218538160334,0.49999999999999745,0.28867513459481137,4.749999999999996,1.1086778913041744,21.666666666666668
19hr_LDN,2,0.3333333333333333,4,71.25,8.759518632131945,1.749999999999995,0.6291528696058937,6.9999999999999964,1.2247448713915885,21.833333333333332
19hr_LDN,3,0.5,4,76.25,9.348573866282136,1.2499999999999976,0.7499999999999989,5.749999999999996,1.0307764064044154,22.0
19hr_LDN,4,0.6666666666666666,4,73.75,8.957073554831773,0.9999999999999976,0.7071067811865464,7.749999999999993,1.3149778198382933,22.166666666666668
19hr_LDN,5,0.8333333333333334,4,75.75,9.792641795416257,1.2499999999999916,0.24999999999999933,7.24999999999999,1.030776406404415,22.333333333333332
19hr_LDN,6,1.0,4,73.5,10.020811677038276,0.24999999999999883,0.24999999999999883,5.999999999999993,0.577350269189627,22.5
19hr_LDN,7,1.1666666666666667,4,76.0,8.416254115301731,0.24999999999999736,0.24999999999999736,6.249999999999993,1.31497781983829,22.666666666666668
19hr_LDN,8,1.3333333333333333,4,72.25,10.019772119830536,0.7499999999999962,0.24999999999999878,8.249999999999996,1.030776406404414,22.833333333333332
19hr_LDN,9,1.5,4,72.0,9.00925450115972,0.0,0.0,8.749999999999998,0.6291528696058973,23.0
19hr_LDN,10,1.6666666666666667,4,72.5,8.703447592764606,0.4999999999999997,0.28867513459481275,8.749999999999995,1.0307764064044143,23.166666666666668
19hr_LDN,11,1.8333333333333333,4,74.25,7.867390503421915,0.24999999999999986,0.24999999999999983,8.999999999999993,1.683250823060345,23.333333333333332
19hr_LDN,12,2.0,4,76.0,8.010409893798608,0.0,0.0,7.249999999999995,1.7017148213885105,23.5
19hr_LDN,13,2.1666666666666665,4,73.75,5.963430220938282,0.24999999999999875,0.24999999999999872,9.999999999999993,1.414213562373094,23.666666666666668
19hr_LDN,14,2.3333333333333335,4,75.75,7.00446286306095,0.49999999999999706,0.2886751345948112,8.499999999999996,0.8660254037844384,23.833333333333332
19hr_LDN,15,2.5,4,75.5,8.067424206853966,0.0,0.0,9.749999999999993,0.478713553878169,24.0
19hr_LDN,16,2.6666666666666665,4,72.5,8.60716755578357,0.24999999999999883,0.24999999999999883,11.249999999999996,1.1814539065631506,24.166666666666668
19hr_LDN,17,2.8333333333333335,4,72.25,8.459462157844317,0.0,0.0,10.499999999999996,2.3273733406281556,24.333333333333332
19hr_LDN,18,3.0,4,72.75,7.8249068152065995,0.4999999999999982,0.28867513459481187,10.499999999999991,1.8484227510682347,24.5
19hr_LDN,19,3.1666666666666665,4,70.0,5.147815070493499,0.7499999999999941,0.24999999999999803,13.249999999999995,2.0564937798755105,24.666666666666668
19hr_LDN,20,3.3333333333333335,4,69.0,7.820912137766711,0.2499999999999999,0.24999999999999992,12.499999999999996,0.9574271077563368,24.833333333333332
19hr_LDN,21,3.5,4,73.75,6.523994175349946,0.4999999999999969,0.2886751345948111,12.749999999999995,2.136000936329385,25.0
19hr_LDN,22,3.6666666666666665,4,72.0,9.513148795220227,0.749999999999994,0.4787135538781659,12.749999999999993,1.652018966799916,25.166666666666668
19hr_LDN,23,3.8333333333333335,4,71.5,8.948929172439199,0.9999999999999921,2.408825800353746e-15,10.999999999999995,0.9128709291752756,25.333333333333332
19hr_LDN,24,4.0,4,73.0,7.4721705904866305,0.7499999999999994,0.47871355387816866,13.249999999999996,2.5617376914899013,25.5
19hr_LDN,25,4.166666666666667,4,70.5,7.836878630339164,0.24999999999999922,0.24999999999999922,15.999999999999996,2.7988092706244445,25.666666666666668
19hr_LDN,26,4.333333333333333,4,70.0,5.612486080160913,0.2499999999999997,0.2499999999999997,15.249999999999996,3.350994877147183,25.833333333333332
19hr_LDN,27,4.5,4,71.0,5.082650227325635,0.4999999999999971,0.2886751345948112,15.749999999999995,3.7941841459440697,26.0
19hr_LDN,28,4.666666666666667,4,70.5,5.3774219349672245,0.49999999999999667,0.288675134594811,16.249999999999993,2.657536453183663,26.166666666666668
19hr_LDN,29,4.833333333333333,4,73.25,5.006246098625197,0.4999999999999957,0.2886751345948104,16.249999999999996,3.0923292192132443,26.333333333333332
19hr_LDN,30,5.0,4,72.0,3.1885210782848317,0.9999999999999977,7.941522896283854e-16,16.249999999999993,4.2303467154990155,26.5
19hr_LDN,31,5.166666666666667,4,71.25,3.705289012569285,0.499999999999998,0.2886751345948117,18.75,4.552929459882579,26.666666666666668
19hr_LDN,32,5.333333333333333,4,71.25,5.055937104039171,0.4999999999999972,0.2886751345948113,18.0,3.582364210034112,26.833333333333332
19hr_LDN,33,5.5,4,68.25,4.836923953643819,0.2499999999999999,0.2499999999999999,19.749999999999993,4.02854398842394,27.0
19hr_LDN,34,5.666666666666667,4,71.25,2.688710967483613,0.2499999999999999,0.24999999999999992,17.999999999999996,4.760952285695234,27.166666666666668
19hr_LDN,35,5.833333333333333,4,68.5,3.5237290853109955,0.0,0.0,19.749999999999996,4.47911821679223,27.333333333333332
19hr_LDN,36,6.0,4,70.0,3.8944404818493075,0.9999999999999964,1.21153431989454e-15,19.75,4.516174634946409,27.5
19hr_LDN,37,6.166666666666667,4,67.5,4.444097208657794,0.4999999999999972,0.4999999999999972,21.249999999999996,5.121441854269819,27.666666666666668
19hr_LDN,38,6.333333333333333,4,69.25,3.75,0.0,0.0,18.249999999999993,4.516174634946409,27.833333333333332
19hr_LDN,39,6.5,4,65.75,3.449033681095813,0.2499999999999975,0.2499999999999975,21.0,4.415880433163924,28.0
19hr_LDN,40,6.666666666666667,4,64.5,4.48144321991625,0.7499999999999946,0.47871355387816644,22.5,4.974937185533098,28.166666666666668
19hr_LDN,41,6.833333333333333,4,65.5,4.330127018922194,0.7499999999999971,0.47871355387816833,24.999999999999996,3.02765035409749,28.333333333333332
19hr_LDN,42,7.0,4,69.0,1.7795130420052185,0.24999999999999697,0.24999999999999695,21.499999999999996,3.6628768293059846,28.5
19hr_LDN,43,7.166666666666667,4,67.75,3.4247870980057527,0.24999999999999697,0.24999999999999695,22.25,5.328774092916057,28.666666666666668
19hr_LDN,44,7.333333333333333,4,67.5,4.291464396527912,0.0,0.0,21.999999999999993,6.069047152011041,28.833333333333332
19hr_LDN,45,7.5,4,64.5,2.466441431158122,0.7499999999999988,0.7499999999999988,24.999999999999996,5.759050847723667,29.0
19hr_LDN,46,7.666666666666667,4,65.0,6.069047152011041,0.7499999999999967,0.2499999999999989,25.249999999999993,5.186119294167201,29.166666666666668
19hr_LDN,47,7.833333333333333,4,66.75,6.536755056346127,0.2499999999999975,0.2499999999999975,24.0,5.612486080160912,29.333333333333332
19hr_LDN,48,8.0,4,67.0,6.8920243760451125,0.24999999999999922,0.24999999999999922,23.5,4.73462423711393,29.5
19hr_LDN,49,8.166666666666666,4,65.5,6.006940430313366,0.4999999999999967,0.288675134594811,23.749999999999993,5.121441854269818,29.666666666666664
19hr_LDN,50,8.333333333333334,4,66.25,4.552929459882579,1.2499999999999944,0.4787135538781664,23.999999999999996,4.813176359397884,29.833333333333336
19hr_LDN,51,8.5,4,64.5,3.796928583298173,0.49999999999999556,0.2886751345948103,25.499999999999996,5.838093296045666,30.0
19hr_LDN,52,8.666666666666666,4,62.5,5.8949130612757985,0.4999999999999992,0.4999999999999992,26.999999999999993,6.218252702059211,30.166666666666664
19hr_LDN,53,8.833333333333334,4,60.24999999999999,3.837859646556486,1.499999999999995,0.4999999999999983,27.999999999999993,6.150880695748645,30.333333333333336
19hr_LDN,54,9.0,4,60.0,4.708148963941847,0.7499999999999971,0.24999999999999906,29.5,5.54526825320471,30.5
19hr_LDN,55,9.166666666666666,4,60.75,4.956056900399753,0.749999999999998,0.749999999999998,28.5,5.515130702591431,30.666666666666664
19hr_LDN,56,9.333333333333334,4,60.5,3.523729085310996,1.749999999999996,0.4787135538781674,30.499999999999996,7.444237144709101,30.833333333333336
19hr_LDN,57,9.5,4,60.75,6.637959023675878,0.2499999999999975,0.2499999999999975,30.499999999999993,6.198117993929018,31.0
19hr_LDN,58,9.666666666666666,4,63.0,9.669539802906861,0.7499999999999978,0.4787135538781673,30.75,3.3260336739125176,31.166666666666664
19hr_LDN,59,9.833333333333334,4,60.99999999999999,9.44281031614353,1.2499999999999973,0.749999999999999,31.749999999999996,4.767511580129269,31.333333333333336
19hr_LDN,60,10.0,4,60.5,7.804912982645397,1.249999999999994,0.6291528696058944,30.749999999999993,5.186119294167203,31.5
19hr_LDN,61,10.166666666666666,4,61.75,8.576858399204223,0.749999999999996,0.24999999999999864,30.5,4.330127018922193,31.666666666666664
19hr_LDN,62,10.333333333333334,4,53.0,7.724420150837646,0.7499999999999992,0.4787135538781686,34.5,4.573474244670747,31.833333333333336
19hr_LDN,63,10.5,4,58.25,8.721381771256205,1.2499999999999925,0.24999999999999814,31.75,5.359959576962,32.0
19hr_LDN,64,10.666666666666666,4,57.0,10.058164179743075,0.9999999999999997,0.7071067811865475,32.5,5.361902647381804,32.166666666666664
19hr_LDN,65,10.833333333333334,4,57.75,7.110731326663946,0.9999999999999981,0.9999999999999981,33.75,6.263319141371185,32.333333333333336
19hr_LDN,66,11.0,4,55.25,8.938446919534366,0.9999999999999976,0.4082482904638624,36.75,4.130677910464575,32.5
19hr_LDN,67,11.166666666666666,4,57.25,10.780963160435467,0.7499999999999959,0.4787135538781678,37.99999999999999,3.6742346141747673,32.666666666666664
19hr_LDN,68,11.333333333333334,4,54.5,10.444296689262199,1.249999999999993,0.2500000000000023,40.5,4.991659710623978,32.833333333333336
19hr_LDN,69,11.5,4,50.5,6.116916434500857,2.2499999999999982,0.4787135538781682,40.75,4.23034671549902,33.0
19hr_LDN,70,11.666666666666666,4,49.5,7.354137157636737,0.4999999999999972,0.2886751345948113,44.5,5.909032633745279,33.166666666666664
19hr_LDN,71,11.833333333333334,4,49.5,8.220908303425684,0.9999999999999977,1.425747122962524e-15,39.99999999999999,4.415880433163924,33.333333333333336
19hr_LDN,72,12.0,4,47.75,7.465197027987051,0.4999999999999995,0.4999999999999995,40.25,5.234102915814067,33.5
19hr_LDN,73,12.166666666666666,4,49.5,8.578072821638514,1.2499999999999971,0.6291528696058962,40.75,3.660031875999624,33.666666666666664
19hr_LDN,74,12.333333333333334,4,49.25,7.814249804043893,0.9999999999999996,2.101618266747808e-16,42.0,4.242640687119285,33.833333333333336
19hr_LDN,75,12.5,4,52.0,7.905694150420948,1.4999999999999956,0.6454972243679012,40.5,3.6628768293059837,34.0
19hr_LDN,76,12.666666666666666,4,47.5,7.239935542991157,0.999999999999998,0.40824829046386296,44.0,5.582711408148076,34.166666666666664
19hr_LDN,77,12.833333333333334,4,46.75,6.625393070100319,1.499999999999997,0.49999999999999906,43.0,6.645800679125628,34.333333333333336
19hr_LDN,78,13.0,4,45.25,8.117624857883822,1.9999999999999964,0.7071067811865464,44.5,5.515130702591432,34.5
19hr_LDN,79,13.166666666666666,4,45.5,6.589132466923597,0.49999999999999767,0.28867513459481153,46.5,8.548879068821439,34.666666666666664
19hr_LDN,80,13.333333333333334,4,45.0,8.195527235429498,1.2499999999999967,0.6291528696058954,42.25,5.02286438863988,34.833333333333336
19hr_LDN,81,13.5,4,46.75,4.956056900399751,1.7499999999999964,0.7499999999999983,45.0,8.376554582086042,35.0
19hr_LDN,82,13.666666666666666,4,45.74999999999999,9.446119132567972,2.2499999999999956,0.4787135538781669,42.74999999999999,6.019066926581451,35.166666666666664
19hr_LDN,83,13.833333333333334,4,42.5,6.18465843842649,1.4999999999999984,0.8660254037844388,42.5,6.689544080129828,35.333333333333336
19hr_LDN,84,14.0,4,36.5,6.3966136874651625,0.9999999999999942,0.4082482904638608,46.5,8.14964211893177,35.5
19hr_LDN,85,14.166666666666666,4,41.0,7.337120234351713,1.4999999999999947,0.2886751345948117,47.25,7.386643351347079,35.666666666666664
19hr_LDN,86,14.333333333333334,4,45.25,6.289872812704563,1.499999999999996,0.28867513459481253,45.25,7.824906815206599,35.833333333333336
19hr_LDN,87,14.5,4,43.5,6.198117993929015,1.9999999999999956,0.7071067811865464,46.0,8.336666000266534,36.0
19hr_LDN,88,14.666666666666666,4,41.0,10.448285345771653,1.4999999999999964,0.49999999999999856,45.75,5.921359641163506,36.166666666666664
19hr_LDN,89,14.833333333333334,4,39.75,7.1224410609471995,0.7499999999999989,0.4787135538781681,50.75,8.097067370350825,36.333333333333336
19hr_LDN,90,15.0,4,42.0,10.63014581273465,2.2499999999999947,0.6291528696058961,49.0,5.016638981097471,36.5
19hr_LDN,91,15.166666666666666,4,39.25,8.055795015597983,2.999999999999998,0.4082482904638636,52.5,7.847504911329036,36.666666666666664
19hr_LDN,92,15.333333333333334,4,37.0,7.314369419163897,1.4999999999999982,0.6454972243679026,50.25,9.481341325642347,36.833333333333336
19hr_LDN,93,15.5,4,39.25,6.968679932383174,1.7499999999999996,0.7499999999999998,51.25,7.509715928937213,37.0
19hr_LDN,94,15.666666666666666,4,37.0,9.110433579144297,1.9999999999999964,0.5773502691896256,50.5,7.511102892829168,37.166666666666664
19hr_LDN,95,15.833333333333334,4,35.75,4.327720724199595,0.9999999999999962,0.408248290463862,51.0,8.256310717667224,37.333333333333336
19hr_LDN,96,16.0,4,36.25,8.02470144823677,1.749999999999996,0.24999999999999922,51.5,7.005949852327902,37.5
19hr_LDN,97,16.166666666666668,4,32.0,5.066228051190222,1.9999999999999991,0.5773502691896254,55.75,10.37123425634577,37.66666666666667
19hr_LDN,98,16.333333333333332,4,36.25,5.313112709765027,2.749999999999998,0.9464847243000447,49.75,8.61563501238688,37.83333333333333
19hr_LDN,99,16.5,4,34.5,6.331139971074191,3.249999999999996,1.0307764064044154,52.75,8.872945771651413,38.0
19hr_LDN,100,16.666666666666668,4,35.5,6.5128078941933065,2.2499999999999947,0.7499999999999996,55.0,10.024968827881711,38.16666666666667
19hr_LDN,101,16.833333333333332,4,33.25,6.725263315786726,3.4999999999999956,1.0408329997330665,52.75,7.215434844830906,38.33333333333333
19hr_LDN,102,17.0,4,36.75,7.192299122441076,4.249999999999995,0.9464847243000462,53.5,9.260129588726068,38.5
19hr_LDN,103,17.166666666666668,4,30.5,8.210765291169068,2.9999999999999947,0.7071067811865479,54.75,8.80695747690427,38.66666666666667
19hr_LDN,104,17.333333333333332,4,31.75,4.871259248558493,4.4999999999999964,1.443375672974064,54.25,7.318640584152224,38.83333333333333
19hr_LDN,105,17.5,4,30.499999999999993,5.965176722724427,3.4999999999999956,0.6454972243679039,57.75,10.044691798822567,39.0
19hr_LDN,106,17.666666666666668,4,30.999999999999993,6.72061505121865,2.4999999999999964,1.3228756555322942,56.5,9.078362554264215,39.16666666666667
19hr_LDN,107,17.833333333333332,4,34.25,6.737643010232386,2.999999999999999,1.3540064007726602,59.25,8.730931603595728,39.33333333333333
19hr_LDN,108,18.0,4,30.75,8.778524933039717,4.999999999999997,0.9999999999999984,54.5,6.982120021884471,39.5
19hr_LDN,109,18.166666666666668,4,28.25,6.1559591724875276,2.4999999999999956,0.5000000000000007,62.0,9.128709291752768,39.66666666666667
19hr_LDN,110,18.333333333333332,4,26.75,7.520804478245662,3.999999999999998,0.8164965809277259,65.0,9.652288157046838,39.83333333333333
19hr_LDN,111,18.5,4,25.249999999999993,6.90862986898753,3.999999999999998,0.912870929175277,63.75,10.419332992087353,40.0
19hr_LDN,112,18.666666666666668,4,24.499999999999996,4.8390770469859925,3.4999999999999956,1.5545631755148015,63.0,9.119576013536301,40.16666666666667
19hr_LDN,113,18.833333333333332,4,23.75,3.772156765918759,4.2499999999999964,1.4930394055974106,62.75,8.711821470469499,40.33333333333333
19hr_LDN,114,19.0,4,26.75,6.9806279564711575,3.2499999999999947,1.030776406404415,64.5,8.65544144839919,40.5
19hr_LDN,115,19.166666666666668,4,24.75,5.359959576961999,3.249999999999997,0.47871355387816805,65.0,10.36822067666386,40.66666666666667
19hr_LDN,116,19.333333333333332,4,27.5,5.7227615711298006,5.4999999999999964,0.645497224367903,62.5,10.820505225419621,40.83333333333333
19hr_LDN,117,19.5,4,24.75,2.9545163168726405,4.249999999999998,0.8539125638299657,66.0,9.246621004453464,41.0
19hr_LDN,118,19.666666666666668,4,20.499999999999993,3.662876829305984,6.249999999999996,1.1086778913041735,65.75,8.239892798655413,41.16666666666667
19hr_LDN,119,19.833333333333332,4,21.75,3.660031875999625,4.4999999999999964,0.6454972243679031,66.0,9.924716620639604,41.33333333333333
19hr_LDN,120,20.0,4,19.0,4.242640687119284,3.4999999999999973,1.4433756729740634,68.5,7.729812416870153,41.5
19hr_LDN,121,20.166666666666668,4,20.999999999999996,5.986094998689325,4.7499999999999964,1.547847968417226,67.0,8.396427811873332,41.66666666666667
19hr_LDN,122,20.333333333333332,4,21.0,5.901977069875259,4.749999999999995,0.6291528696058947,71.5,8.27143679578504,41.83333333333333
19hr_LDN,123,20.5,4,23.499999999999996,5.515130702591433,5.499999999999993,0.8660254037844384,66.75,8.854142156828823,42.0
19hr_LDN,124,20.666666666666668,4,23.5,4.112987559751023,6.249999999999994,0.24999999999999836,65.75,11.635971525116988,42.16666666666667
19hr_LDN,125,20.833333333333332,4,21.5,4.330127018922194,6.249999999999996,1.3768926368215249,68.0,12.110601416389967,42.33333333333333
19hr_LDN,126,21.0,4,19.25,2.5617376914899,7.2499999999999964,2.212653007891959,69.75,11.42639488202644,42.5
19hr_LDN,127,21.166666666666668,4,17.749999999999993,3.816084380618437,7.7499999999999964,1.1086778913041713,71.0,11.669047376142863,42.66666666666667
19hr_LDN,128,21.333333333333332,4,20.249999999999993,4.090130397269341,5.249999999999996,1.493039405597409,71.5,11.463710859345095,42.83333333333333
19hr_LDN,129,21.5,4,20.499999999999996,3.662876829305986,4.999999999999993,1.2247448713915883,74.0,11.61177563223357,43.0
19hr_LDN,130,21.666666666666668,4,22.75,5.558402048550763,5.999999999999996,1.080123449734644,70.5,10.571187255932987,43.16666666666667
19hr_LDN,131,21.833333333333332,4,19.0,3.0000000000000004,6.499999999999997,0.9574271077563389,77.5,12.419742348374221,43.33333333333333
19hr_LDN,132,22.0,4,19.249999999999993,3.350994877147183,7.7499999999999964,2.0564937798755105,71.5,11.154221921168086,43.5
19hr_LDN,133,22.166666666666668,4,14.999999999999996,3.696845502136472,7.249999999999998,1.749999999999999,75.75,9.961383772682723,43.66666666666667
19hr_LDN,134,22.333333333333332,4,16.749999999999996,3.5207716957129356,7.999999999999998,1.2909944487358047,74.5,10.202123961868594,43.83333333333333
19hr_LDN,135,22.5,4,17.25,3.3509948771471834,6.499999999999995,2.020725942163689,73.5,11.989578808281799,44.0
19hr_LDN,136,22.666666666666668,4,20.749999999999996,4.697073557013984,8.249999999999995,0.629152869605896,76.5,12.757350822173073,44.16666666666667
19hr_LDN,137,22.833333333333332,4,18.749999999999996,2.7801378862687107,7.7499999999999964,0.7499999999999988,78.25,11.685995892520243,44.33333333333333
19hr_LDN,138,23.0,4,20.999999999999996,4.708148963941847,9.499999999999995,1.1902380714238079,79.0,12.2542509631012,44.5
19hr_LDN,139,23.166666666666668,4,19.0,4.02077936060494,8.249999999999996,1.49303940559741,73.75,11.22775578644281,44.66666666666667
19hr_LDN,140,23.333333333333332,4,18.25,2.5940637360455634,11.499999999999993,2.1015867021530803,76.5,12.658988901172163,44.83333333333333
19hr_LDN,141,23.5,4,19.249999999999996,3.4731109973624488,9.749999999999995,0.6291528696058962,77.25,10.980095627998875,45.0
19hr_LDN,142,23.666666666666668,4,17.75,1.8874586088176866,8.749999999999995,1.2499999999999991,74.75,12.41219158730641,45.16666666666667
19hr_LDN,143,23.833333333333332,4,17.249999999999993,1.6007810593582112,7.749999999999995,0.9464847243000455,74.75,10.703387314303823,45.33333333333333
19hr_LDN,144,24.0,4,21.249999999999996,2.2867371223353734,9.499999999999996,1.7078251276599334,75.25,12.202288036812332,45.5
19hr_LDN,145,24.166666666666668,4,18.499999999999993,1.1902380714238079,9.499999999999996,0.9574271077563382,76.75,13.55467324086666,45.66666666666667
19hr_LDN,146,24.333333333333332,4,19.249999999999996,2.096624270901522,9.749999999999996,1.7969882210706525,78.75,15.369748425614086,45.83333333333333
19hr_LDN,147,24.5,4,17.999999999999996,2.5495097567963914,6.249999999999998,1.1086778913041722,79.25,14.020074892809953,46.0
19hr_LDN,148,24.666666666666668,4,17.249999999999996,1.3149778198382909,6.4999999999999964,1.0408329997330654,80.25,14.232445327490286,46.16666666666667
19hr_LDN,149,24.833333333333332,4,16.999999999999993,1.8708286933869704,6.2499999999999964,1.0307764064044154,76.25,12.795669840483798,46.33333333333333
19hr_LDN,150,25.0,4,16.999999999999996,3.082207001484488,10.249999999999998,1.6520189667999174,80.5,11.615363389350618,46.5
19hr_LDN,151,25.166666666666668,4,18.249999999999996,3.705289012569284,7.999999999999995,2.345207879911715,80.0,11.423659658795861,46.66666666666667
19hr_LDN,152,25.333333333333332,4,16.75,1.9311050377094117,7.499999999999998,1.8929694486000919,83.5,11.672617529928752,46.83333333333333
19hr_LDN,153,25.5,4,17.499999999999993,2.5331140255951103,9.249999999999996,2.2499999999999987,81.25,14.873774459318208,47.0
19hr_LDN,154,25.666666666666668,4,17.999999999999993,2.160246899469285,11.499999999999998,1.7559422921421233,80.5,15.343293866268308,47.16666666666667
19hr_LDN,155,25.833333333333332,4,17.249999999999996,1.314977819838289,9.749999999999995,2.7499999999999987,85.75,13.664888095651083,47.33333333333333
19hr_LDN,156,26.0,4,16.499999999999996,2.2173557826083456,8.999999999999993,2.7080128015453186,89.0,15.588457268119896,47.5
19hr_LDN,157,26.166666666666668,4,15.999999999999996,1.0801234497346452,10.749999999999998,2.322893310794393,87.75,15.81336460086847,47.66666666666667
19hr_LDN,158,26.333333333333332,4,15.249999999999995,2.8686524130097504,9.249999999999993,1.887458608817687,89.0,16.527754435090895,47.83333333333333
19hr_LDN,159,26.5,4,13.499999999999996,1.5545631755148033,10.499999999999996,2.254624876411446,90.5,16.332482971061076,48.0
19hr_LDN,160,26.666666666666668,4,16.249999999999993,0.6291528696058949,12.499999999999996,2.4664414311581213,87.25,14.682046860026023,48.16666666666667
19hr_LDN,161,26.833333333333332,4,12.749999999999998,0.24999999999999925,12.999999999999996,1.4719601443879746,90.5,15.234281516807195,48.33333333333333
19hr_LDN,162,27.0,4,14.749999999999996,1.1086778913041695,13.499999999999996,2.3629078131263035,88.75,15.850210303546975,48.5
19hr_LDN,163,27.166666666666668,4,14.749999999999996,1.0307764064044145,14.749999999999993,2.2867371223353725,88.5,17.95596465430545,48.66666666666667
19hr_LDN,164,27.333333333333332,4,13.999999999999998,1.5811388300841898,14.749999999999996,2.8686524130097504,89.75,19.110969799219156,48.83333333333333
19hr_LDN,165,27.5,4,14.749999999999996,0.47871355387816883,10.249999999999996,2.174664725116647,94.5,21.13646138784825,49.0
19hr_LDN,166,27.666666666666668,4,14.749999999999996,1.3149778198382915,11.749999999999995,1.1086778913041726,94.0,21.35805858842668,49.16666666666667
19hr_LDN,167,27.833333333333332,4,13.499999999999995,2.3273733406281556,11.499999999999996,0.6454972243679039,95.0,21.641010450839243,49.33333333333333
19hr_LDN,168,28.0,4,12.999999999999998,1.7795130420052205,10.25,2.136000936329383,98.75,21.784455467144454,49.5
19hr_LDN,169,28.166666666666668,4,12.249999999999996,1.2500000000000007,11.249999999999998,2.0564937798755114,98.5,20.50406463769237,49.66666666666667
19hr_LDN,170,28.333333333333332,4,11.999999999999996,1.0801234497346424,12.249999999999995,1.436140661634507,92.5,19.95202579522524,49.83333333333333
19hr_LDN,171,28.5,4,11.749999999999993,1.4930394055974092,11.749999999999993,0.8539125638299638,93.0,18.641351882307248,50.0
19hr_LDN,172,28.666666666666668,4,11.999999999999998,2.7386127875258315,11.499999999999996,1.5545631755148028,97.25,20.422108118409323,50.16666666666667
19hr_LDN,173,28.833333333333332,4,9.499999999999996,1.4433756729740634,11.749999999999996,0.6291528696058947,98.75,20.846162716432968,50.33333333333333
19hr_LDN,174,29.0,4,8.749999999999998,2.0564937798755127,8.749999999999995,1.1086778913041715,104.5,19.926949925498718,50.5
19hr_LDN,175,29.166666666666668,4,9.749999999999998,3.010398644698075,11.999999999999995,1.7795130420052176,102.5,21.573517716558573,50.66666666666667
19hr_LDN,176,29.333333333333332,4,12.499999999999993,2.6299556396765817,11.249999999999993,1.5478479684172248,105.25,21.025282400005953,50.83333333333333
19hr_LDN,177,29.5,4,11.499999999999996,0.6454972243679019,14.249999999999996,2.95451631687264,108.25,21.834128484248385,51.0
19hr_LDN,178,29.666666666666668,4,11.499999999999993,0.6454972243679047,12.499999999999995,3.1224989991991987,106.75,23.827067941034343,51.16666666666667
19hr_LDN,179,29.833333333333332,4,10.749999999999996,1.8874586088176852,11.249999999999993,1.1814539065631495,104.5,21.2818388929779,51.33333333333333
19hr_LDN,180,30.0,4,10.249999999999996,1.6520189667999168,11.749999999999996,1.2500000000000004,106.0,20.26079958935481,51.5
19hr_LDN,181,30.166666666666668,4,9.749999999999995,2.6259918760981216,11.499999999999995,2.3273733406281556,110.5,17.628102563804195,51.66666666666667
19hr_LDN,182,30.333333333333332,4,9.249999999999993,0.8539125638299664,12.749999999999996,2.056493779875511,111.0,20.676073128135332,51.83333333333333
19hr_LDN,183,30.5,4,10.249999999999993,2.495829855311988,12.999999999999998,1.6832508230603467,109.0,18.334848422244093,52.0
19hr_LDN,184,30.666666666666668,4,10.499999999999993,1.8484227510682352,11.499999999999996,0.5000000000000009,112.0,22.623733850391126,52.16666666666667
19hr_LDN,185,30.833333333333332,4,8.749999999999995,1.7969882210706514,13.249999999999995,1.796988221070653,110.0,21.79449471770337,52.33333333333333
19hr_LDN,186,31.0,4,9.749999999999991,1.3149778198382915,12.499999999999996,0.8660254037844384,110.75,24.294632466177926,52.5
19hr_LDN,187,31.166666666666668,4,9.999999999999995,1.471960144387972,11.749999999999993,1.7017148213885096,108.75,23.124211698275612,52.66666666666667
19hr_LDN,188,31.333333333333332,4,9.499999999999993,1.4999999999999978,13.999999999999993,1.4719601443879746,116.5,25.617376914898998,52.83333333333333
19hr_LDN,189,31.5,4,10.749999999999993,1.1086778913041762,10.999999999999996,2.3804761428476167,114.5,25.824729750118713,53.0
19hr_LDN,190,31.666666666666668,4,9.999999999999996,0.5773502691896242,13.99999999999999,1.471960144387971,116.75,26.071616111523785,53.16666666666667
19hr_LDN,191,31.833333333333332,4,11.49999999999999,0.8660254037844393,11.749999999999993,2.8099525500145592,117.25,26.129086602226774,53.33333333333333
19hr_LDN,192,32.0,4,11.749999999999995,2.015564437074638,13.24999999999999,1.931105037709409,118.25,27.542013361408422,53.5
19hr_LDN,193,32.166666666666664,4,10.749999999999996,1.4930394055974106,15.249999999999996,2.5617376914899017,125.5,28.58466955088572,53.666666666666664
19hr_LDN,194,32.333333333333336,4,10.999999999999993,1.9578900207451218,13.249999999999993,2.8686524130097517,127.25,28.09025631780529,53.833333333333336
19hr_LDN,195,32.5,4,10.749999999999991,2.0155644370746373,13.499999999999996,2.901149197588203,128.5,27.569608871605947,54.0
19hr_LDN,196,32.666666666666664,4,9.749999999999991,2.0564937798755083,13.749999999999993,2.9261749776799046,122.25,27.00424349369311,54.166666666666664
19hr_LDN,197,32.833333333333336,4,12.499999999999993,2.4664414311581218,13.999999999999995,3.8514066694304443,120.5,25.319623483245824,54.333333333333336
19hr_LDN,198,33.0,4,10.249999999999991,1.7969882210706525,14.749999999999996,2.9545163168726383,123.25,28.88879540583165,54.5
19hr_LDN,199,33.166666666666664,4,10.749999999999993,1.1814539065631477,13.499999999999996,1.1902380714238077,125.5,29.236107812087436,54.666666666666664
19hr_LDN,200,33.333333333333336,4,10.499999999999993,1.2583057392117907,12.999999999999995,1.7320508075688767,123.25,29.00395088029675,54.833333333333336
19hr_LDN,201,33.5,4,9.999999999999996,1.0000000000000007,12.749999999999991,1.7969882210706518,127.75,29.115788958341255,55.0
19hr_LDN,202,33.666666666666664,4,11.49999999999999,1.5545631755148017,11.999999999999995,2.614064523559688,130.25,28.943551383108932,55.166666666666664
19hr_LDN,203,33.833333333333336,4,9.499999999999991,2.753785273643049,12.749999999999991,2.5289984842489175,131.0,28.331372481167705,55.333333333333336
19hr_LDN,204,34.0,4,12.249999999999993,3.010398644698075,11.999999999999998,1.7795130420052183,133.75,27.545038875751594,55.5
19hr_LDN,205,34.166666666666664,4,10.99999999999999,2.3452078799117118,14.249999999999993,1.4361406616345074,131.75,26.994984101989516,55.666666666666664
19hr_LDN,206,34.333333333333336,4,8.499999999999996,2.327373340628158,13.249999999999995,2.2867371223353747,137.25,26.281726858535507,55.833333333333336
19hr_LDN,207,34.5,4,8.999999999999991,1.7795130420052174,14.24999999999999,1.3149778198382904,137.5,27.302319803757822,56.0
19hr_LDN,208,34.666666666666664,4,8.749999999999993,1.8874586088176892,14.25,1.6007810593582128,133.0,23.706539182259394,56.166666666666664
19hr_LDN,209,34.833333333333336,4,8.499999999999996,2.6614532371118877,14.249999999999995,2.954516316872639,134.25,26.22459087701211,56.333333333333336
19hr_LDN,210,35.0,4,8.749999999999993,1.2499999999999993,13.499999999999993,2.5980762113533147,137.5,26.36127209879422,56.5
19hr_LDN,211,35.166666666666664,4,10.249999999999995,1.3149778198382915,14.749999999999996,0.9464847243000464,133.75,27.50568123133837,56.666666666666664
19hr_LDN,212,35.333333333333336,4,10.999999999999996,1.8708286933869709,14.249999999999993,1.9311050377094117,133.0,29.924906014890006,56.833333333333336
19hr_LDN,213,35.5,4,9.999999999999998,1.7320508075688763,15.24999999999999,1.1086778913041697,139.75,31.444064092713376,57.0
19hr_LDN,214,35.666666666666664,4,6.7499999999999964,2.0564937798755114,14.249999999999993,0.9464847243000443,140.25,31.340535519781195,57.166666666666664
19hr_LDN,215,35.833333333333336,4,8.749999999999996,1.6520189667999157,12.99999999999999,0.8164965809277235,137.0,30.6811559973436,57.333333333333336
19hr_LDN,216,36.0,4,7.249999999999991,1.1814539065631506,15.74999999999999,1.652018966799915,140.0,30.97579700346708,57.5
19hr_LDN,217,36.166666666666664,4,8.499999999999993,0.9574271077563394,15.749999999999991,1.314977819838288,140.5,32.91529533008427,57.666666666666664
19hr_LDN,218,36.333333333333336,4,8.999999999999995,1.080123449734644,17.499999999999996,2.75378527364305,139.75,30.53242811613034,57.833333333333336
19hr_LDN,219,36.5,4,8.999999999999991,0.4082482904638583,16.249999999999996,3.7499999999999987,144.5,30.162062263711345,58.0
19hr_LDN,220,36.666666666666664,4,9.999999999999998,1.0801234497346428,12.249999999999993,1.2499999999999958,145.75,31.933198503542776,58.166666666666664
19hr_LDN,221,36.833333333333336,4,9.249999999999993,1.1814539065631515,15.999999999999993,1.2247448713915905,147.0,33.1587092631785,58.333333333333336
19hr_LDN,222,37.0,4,9.999999999999998,1.0801234497346437,14.249999999999995,2.249999999999999,147.25,28.94355138310892,58.5
19hr_LDN,223,37.166666666666664,4,10.499999999999996,1.2583057392117918,16.999999999999993,1.9148542155126744,145.75,27.481433126142942,58.666666666666664
19hr_LDN,224,37.333333333333336,4,9.999999999999991,1.732050807568872,16.499999999999993,1.707825127659934,145.5,28.096559694501153,58.833333333333336
19hr_LDN,225,37.5,4,11.749999999999991,2.2126530078919564,13.99999999999999,1.4719601443879737,148.5,30.123357493258723,59.0
19hr_LDN,226,37.666666666666664,4,8.24999999999999,1.4361406616345085,11.749999999999996,1.7969882210706525,154.5,30.20347662107791,59.166666666666664
19hr_LDN,227,37.833333333333336,4,7.749999999999997,1.8874586088176881,15.249999999999993,1.547847968417226,151.5,32.25549048870078,59.333333333333336
19hr_LDN,228,38.0,4,7.749999999999998,1.7969882210706525,14.999999999999995,3.341656275960569,150.75,27.623585936659275,59.5
19hr_LDN,229,38.166666666666664,4,8.749999999999991,1.181453906563152,14.49999999999999,3.2787192621510015,155.0,28.290163190291665,59.666666666666664
19hr_LDN,230,38.333333333333336,4,9.749999999999995,1.7017148213885118,17.49999999999999,3.329164059239695,153.25,28.848382392547883,59.833333333333336
19hr_LDN,231,38.5,4,7.499999999999994,1.707825127659931,17.249999999999993,2.8099525500145597,152.75,29.112926682145854,60.0
19hr_LDN,232,38.666666666666664,4,7.749999999999994,1.1086778913041746,15.249999999999991,2.462214450449025,148.5,28.256267741275856,60.166666666666664
19hr_LDN,233,38.833333333333336,4,7.999999999999989,0.9128709291752762,15.749999999999996,2.9545163168726396,152.5,27.58169682960061,60.333333333333336
19hr_LDN,234,39.0,4,7.749999999999986,1.9311050377094088,15.24999999999999,2.5617376914898977,158.25,27.70792606216977,60.5
19hr_LDN,235,39.166666666666664,4,8.249999999999993,1.652018966799916,14.999999999999998,3.082207001484488,157.0,29.214722315983085,60.666666666666664
19hr_LDN,236,39.333333333333336,4,8.249999999999998,1.4930394055974097,16.74999999999999,2.5940637360455594,160.5,30.15653605218389,60.833333333333336
19hr_LDN,237,39.5,4,10.499999999999993,3.0686587732536603,17.749999999999986,2.2867371223353743,158.25,27.41767981917264,61.0
19hr_LDN,238,39.666666666666664,4,8.999999999999986,2.0412414523193134,18.24999999999999,2.7801378862687103,163.25,31.941026387182152,61.166666666666664
19hr_LDN,239,39.833333333333336,4,8.499999999999993,1.5545631755148046,17.999999999999993,3.391164991562632,165.25,33.69316201644878,61.333333333333336
19hr_LDN,240,40.0,4,8.499999999999988,2.1794494717703374,18.24999999999999,4.110454151712839,160.0,27.248853186877426,61.5
19hr_LDN,241,40.166666666666664,4,8.499999999999988,1.4433756729740668,19.24999999999999,3.816084380618436,162.5,30.20623555934547,61.666666666666664
19hr_LDN,242,40.333333333333336,4,9.249999999999984,1.3768926368215253,19.249999999999986,2.625991876098123,167.75,30.92834460490894,61.833333333333336
19hr_LDN,243,40.5,4,8.999999999999998,1.7795130420052194,19.249999999999993,2.428133714055578,173.5,33.48009358808106,62.0
19hr_LDN,244,40.666666666666664,4,10.24999999999999,1.1086778913041726,17.749999999999996,2.0966242709015237,163.25,29.51659137953884,62.166666666666664
19hr_LDN,245,40.833333333333336,4,11.249999999999991,1.7969882210706494,16.249999999999993,2.7195281453467888,166.5,29.29305947376158,62.333333333333336
19hr_LDN,246,41.0,4,9.24999999999999,1.7499999999999996,16.249999999999996,2.9261749776799073,163.0,33.689761055846034,62.5
19hr_LDN,247,41.166666666666664,4,10.749999999999996,1.6007810593582106,17.499999999999993,2.5331140255951095,165.25,34.718810943540866,62.666666666666664
19hr_LDN,248,41.333333333333336,4,9.749999999999998,2.286737122335374,15.999999999999993,2.581988897471608,165.5,32.745228660065884,62.833333333333336
19hr_LDN,249,41.5,4,9.749999999999993,2.750000000000002,16.749999999999993,3.092329219213244,171.5,29.81470554385313,63.0
19hr_LDN,250,41.666666666666664,4,9.749999999999996,2.05649377987551,16.249999999999993,3.010398644698074,170.25,28.83104518859257,63.166666666666664
19hr_LDN,251,41.833333333333336,4,8.999999999999996,3.807886552931955,14.249999999999993,3.424787098005754,171.0,27.552979270247103,63.333333333333336
19hr_LDN,252,42.0,4,8.999999999999995,3.0822070014844907,15.249999999999996,2.8686524130097513,174.5,29.508473359359,63.5
19hr_LDN,253,42.166666666666664,4,8.999999999999991,1.870828693386969,15.999999999999991,3.415650255319868,169.75,27.777013878385127,63.666666666666664
19hr_LDN,254,42.333333333333336,4,7.74999999999999,1.600781059358211,15.749999999999995,3.5910769044025406,170.75,29.044147431109078,63.833333333333336
19hr_LDN,255,42.5,4,8.999999999999991,1.6832508230603453,16.74999999999999,2.561737691489897,173.0,29.011491975882013,64.0
19hr_LDN,256,42.666666666666664,4,9.249999999999993,0.8539125638299675,14.249999999999993,2.1746647251166493,172.0,25.87469806587123,64.16666666666666
19hr_LDN,257,42.833333333333336,4,8.499999999999995,0.6454972243679027,16.249999999999993,2.7500000000000013,175.25,30.25275469550941,64.33333333333334
19hr_LDN,258,43.0,4,9.499999999999993,1.3228756555322954,16.99999999999999,3.4156502553198647,171.25,27.743993343905387,64.5
19hr_LDN,259,43.166666666666664,4,10.999999999999993,1.732050807568877,14.249999999999996,2.5940637360455656,173.5,27.935938621543873,64.66666666666666
19hr_LDN,260,43.333333333333336,4,10.99999999999999,1.3540064007726575,17.499999999999993,1.5545631755148042,173.5,27.326726843879417,64.83333333333334
19hr_LDN,261,43.5,4,9.499999999999993,1.5545631755148026,20.499999999999993,3.013856886670851,175.75,26.256348438679233,65.0
19hr_LDN,262,43.666666666666664,4,10.999999999999995,2.4494897427831783,19.499999999999996,2.7233557730613676,178.0,28.498537974195564,65.16666666666666
19hr_LDN,263,43.833333333333336,4,9.74999999999999,2.3584952830141486,19.249999999999993,2.3935677693908457,178.25,26.793578210708127,65.33333333333334
19hr_LDN,264,44.0,4,10.49999999999999,1.9364916731037098,16.749999999999993,1.7017148213885134,179.25,29.46572868039524,65.5
19hr_LDN,265,44.166666666666664,4,11.749999999999995,3.010398644698075,17.49999999999999,2.9011491975881953,182.25,27.968360099703137,65.66666666666666
19hr_LDN,266,44.333333333333336,4,10.749999999999993,1.7969882210706514,18.749999999999993,1.2500000000000016,180.0,25.855366947695792,65.83333333333334
19hr_LDN,267,44.5,4,9.499999999999993,1.936491673103709,20.499999999999993,2.2546248764114494,188.75,27.344636890378826,66.0
19hr_LDN,268,44.666666666666664,4,11.249999999999991,1.6520189667999188,20.499999999999993,2.723355773061365,185.75,26.696987969931488,66.16666666666666
19hr_LDN,269,44.833333333333336,4,10.74999999999999,1.7969882210706507,22.999999999999986,2.9720924166878335,186.0,25.406692031825003,66.33333333333334
19hr_LDN,270,45.0,4,12.249999999999993,2.65753645318366,24.499999999999996,3.9475730941090057,182.0,26.879360111431225,66.5
19hr_LDN,271,45.166666666666664,4,10.999999999999991,1.7795130420052174,20.999999999999996,3.341656275960572,180.0,22.77425447005163,66.66666666666666
19hr_LDN,272,45.333333333333336,4,11.99999999999999,1.3540064007726587,20.99999999999999,3.9791121287711086,183.25,20.906039797149532,66.83333333333334
19hr_LDN,273,45.5,4,9.749999999999986,1.7017148213885112,21.249999999999993,3.682729965664059,185.75,22.96872874148676,67.0
19hr_LDN,274,45.666666666666664,4,10.999999999999988,1.7320508075688763,21.999999999999993,2.645751311064588,185.25,22.994111565065232,67.16666666666666
19hr_LDN,275,45.833333333333336,4,10.99999999999999,2.5819888974716148,20.499999999999993,2.5331140255951112,186.25,23.403614393222828,67.33333333333334
19hr_LDN,276,46.0,4,9.749999999999996,1.7499999999999984,20.499999999999986,2.5331140255951095,187.5,25.276800957927144,67.5
19hr_LDN,277,46.166666666666664,4,9.999999999999986,2.41522945769824,20.24999999999999,3.1721443851123796,191.75,24.153588415250713,67.66666666666666
19hr_LDN,278,46.333333333333336,4,9.999999999999993,2.5495097567963945,20.249999999999993,1.9311050377094088,189.5,22.107690969434145,67.83333333333334
19hr_LDN,279,46.5,4,8.999999999999993,2.121320343559645,22.499999999999993,3.329164059239696,188.5,22.599778759979046,68.0
19hr_LDN,280,46.666666666666664,4,9.999999999999986,1.3540064007726642,22.249999999999986,4.4791182167922265,187.0,19.231051279982943,68.16666666666666
19hr_LDN,281,46.833333333333336,4,9.249999999999991,1.4361406616345072,21.249999999999993,3.424787098005751,190.5,19.80109424585756,68.33333333333334
19hr_LDN,282,47.0,4,9.74999999999999,2.8686524130097544,22.499999999999993,3.2274861218395143,187.0,20.65994514352188,68.5
19hr_LDN,283,47.166666666666664,4,9.0,2.48327740429189,21.999999999999993,3.674234614174764,188.75,19.922244686112396,68.66666666666666
19hr_LDN,284,47.333333333333336,4,7.999999999999991,0.5773502691896268,23.749999999999986,3.1191612120354835,194.0,22.992752481307377,68.83333333333334
19hr_LDN,285,47.5,4,9.499999999999995,1.2583057392117913,25.749999999999993,3.22425702035885,192.0,20.481699148264042,69.0
19hr_LDN,286,47.666666666666664,4,11.24999999999999,2.096624270901522,22.74999999999999,2.9261749776799064,192.75,22.012780378680013,69.16666666666666
19hr_LDN,287,47.833333333333336,4,9.249999999999986,1.4930394055974114,26.999999999999986,3.0276503540974886,196.25,19.61451418380447,69.33333333333334
19hr_LDN,288,48.0,4,11.249999999999995,2.0155644370746364,25.999999999999993,3.1622776601683795,193.5,19.41863366288508,69.5
19hr_LDN,289,48.166666666666664,4,12.749999999999993,1.3149778198382949,22.999999999999986,1.290994448735806,190.25,22.492128252642818,69.66666666666666
19hr_LDN,290,48.333333333333336,4,10.74999999999999,2.4958298553119933,24.999999999999993,3.8729833462074192,198.0,22.9891278651453,69.83333333333334
19hr_LDN,291,48.5,4,11.74999999999999,2.7195281453467866,24.74999999999999,4.308421984903522,193.75,20.665490557932564,70.0
19hr_LDN,292,48.666666666666664,4,10.749999999999991,3.0103986446980717,24.749999999999993,3.9449334595148757,198.5,19.6871362400257,70.16666666666666
19hr_LDN,293,48.833333333333336,4,9.249999999999986,2.8099525500145583,27.249999999999993,4.9392138375791435,204.5,21.979156793046755,70.33333333333334
19hr_LDN,294,49.0,4,8.749999999999988,2.428133714055575,26.249999999999986,3.3008837200563907,205.75,22.760986358240277,70.5
19hr_LDN,295,49.166666666666664,4,8.499999999999996,2.5980762113533173,24.999999999999996,4.18330013267038,198.75,20.661457676875877,70.66666666666666
19hr_LDN,296,49.333333333333336,4,8.749999999999986,1.9737865470545015,25.499999999999993,4.010403138505324,200.75,19.4738071949649,70.83333333333334
19hr_LDN,297,49.5,4,8.499999999999986,2.327373340628159,28.249999999999993,4.750000000000002,202.5,21.191586380762846,71.0
19hr_LDN,298,49.666666666666664,4,9.74999999999999,2.286737122335376,27.249999999999986,4.6435439052516765,202.5,21.328775554791388,71.16666666666666
19hr_LDN,299,49.833333333333336,4,10.499999999999986,2.661453237111887,23.99999999999999,4.1432676315520185,199.5,18.993419913222578,71.33333333333334
19hr_basal,0,0.0,4,77.25,7.7176745202165655,0.0,0.0,6.749999999999995,4.497684589504543,21.5
19hr_basal,1,0.1666666666666666,4,78.75,8.138130415928876,0.2499999999999975,0.2499999999999975,5.4999999999999964,3.8837267325770153,21.666666666666668
19hr_basal,2,0.3333333333333333,4,81.25,7.364045536705125,0.2499999999999997,0.24999999999999972,5.749999999999998,3.8378596465564856,21.833333333333332
19hr_basal,3,0.5,4,81.25,6.600189391222043,0.49999999999999944,0.49999999999999944,5.749999999999995,3.0923292192132465,22.0
19hr_basal,4,0.6666666666666666,4,81.75,7.0400639201643616,0.0,0.0,7.249999999999997,4.049176871085447,22.166666666666668
19hr_basal,5,0.8333333333333334,4,80.25,7.0400639201643616,0.24999999999999864,0.24999999999999864,8.499999999999996,4.518480570575321,22.333333333333332
19hr_basal,6,1.0,4,82.25,7.099002277315689,0.2499999999999975,0.2499999999999975,6.499999999999995,2.5980762113533156,22.5
19hr_basal,7,1.1666666666666667,4,80.75,7.7068692303252,0.0,0.0,8.999999999999995,4.358898943540674,22.666666666666668
19hr_basal,8,1.3333333333333333,4,84.0,6.0553007081949835,0.7499999999999978,0.4787135538781674,8.499999999999993,3.8405728739343052,22.833333333333332
19hr_basal,9,1.5,4,82.5,8.220908303425682,0.49999999999999756,0.49999999999999756,9.999999999999996,3.719318934070234,23.0
19hr_basal,10,1.6666666666666667,4,82.5,8.967534034876403,0.24999999999999822,0.24999999999999822,11.499999999999993,5.90903263374528,23.166666666666668
19hr_basal,11,1.8333333333333333,4,81.25,8.097067370350823,0.7499999999999964,0.4787135538781666,10.249999999999993,4.802343178074638,23.333333333333332
19hr_basal,12,2.0,4,80.75,8.586568969423507,0.2499999999999999,0.24999999999999992,10.999999999999996,5.033222956847167,23.5
19hr_basal,13,2.1666666666666665,4,78.75,8.380284402492952,0.49999999999999634,0.28867513459481076,12.999999999999993,5.59761854124889,23.666666666666668
19hr_basal,14,2.3333333333333335,4,78.5,8.986100377805714,0.24999999999999864,0.24999999999999864,14.999999999999993,5.212165257037297,23.833333333333332
19hr_basal,15,2.5,4,79.25,7.728464703074386,0.0,0.0,13.999999999999995,3.6514837167011094,24.0
19hr_basal,16,2.6666666666666665,4,78.5,7.794228634059949,0.0,0.0,15.249999999999996,3.1721443851123796,24.166666666666668
19hr_basal,17,2.8333333333333335,4,76.25,6.650501234242925,0.24999999999999864,0.24999999999999864,18.249999999999996,2.7801378862687147,24.333333333333332
19hr_basal,18,3.0,4,77.25,7.110731326663946,0.24999999999999972,0.2499999999999997,19.249999999999996,4.110454151712842,24.5
19hr_basal,19,3.1666666666666665,4,75.5,7.599342076785332,0.24999999999999958,0.24999999999999958,22.999999999999996,5.180090089306686,24.666666666666668
19hr_basal,20,3.3333333333333335,4,74.0,9.336309049440612,0.2499999999999999,0.24999999999999992,23.749999999999993,3.923752455664519,24.833333333333332
19hr_basal,21,3.5,4,74.75,10.17656621852381,0.24999999999999953,0.24999999999999953,24.249999999999996,4.767511580129269,25.0
19hr_basal,22,3.6666666666666665,4,74.75,7.409172243465078,0.249999999999999,0.24999999999999903,24.749999999999996,5.265849092659861,25.166666666666668
19hr_basal,23,3.8333333333333335,4,71.0,9.44281031614353,0.24999999999999886,0.24999999999999886,29.749999999999993,5.822012824902857,25.333333333333332
19hr_basal,24,4.0,4,74.5,9.004628439493398,0.7499999999999976,0.47871355387816844,28.749999999999996,4.922313141874121,25.5
19hr_basal,25,4.166666666666667,4,73.5,9.596006113656522,0.7499999999999964,0.2499999999999988,29.499999999999996,5.377421934967228,25.666666666666668
19hr_basal,26,4.333333333333333,4,68.75,7.215434844830908,0.7499999999999992,0.4787135538781686,31.249999999999996,4.1508031351374255,25.833333333333332
19hr_basal,27,4.5,4,72.0,8.698658900466592,0.0,0.0,28.499999999999993,3.5237290853109973,26.0
19hr_basal,28,4.666666666666667,4,71.0,7.968688725254614,0.24999999999999736,0.24999999999999736,31.499999999999996,5.04149448741806,26.166666666666668
19hr_basal,29,4.833333333333333,4,75.5,10.283481900601567,0.4999999999999974,0.28867513459481137,30.749999999999996,5.907269532815763,26.333333333333332
19hr_basal,30,5.0,4,74.0,10.091250335480401,0.7499999999999973,0.47871355387816683,32.75,4.767511580129269,26.5
19hr_basal,31,5.166666666666667,4,71.75,7.4986109824864675,0.0,0.0,35.74999999999999,4.150803135137424,26.666666666666668
19hr_basal,32,5.333333333333333,4,72.75,8.15858443604036,0.0,0.0,36.5,5.04149448741806,26.833333333333332
19hr_basal,33,5.5,4,74.25,9.944638421447676,0.49999999999999734,0.2886751345948113,34.74999999999999,5.57337420240199,27.0
19hr_basal,34,5.666666666666667,4,72.5,8.845903006477066,0.2499999999999975,0.24999999999999747,39.25,6.446898479113815,27.166666666666668
19hr_basal,35,5.833333333333333,4,68.75,8.22977318439984,0.4999999999999958,0.2886751345948104,41.0,6.988085097745546,27.333333333333332
19hr_basal,36,6.0,4,69.25,8.290305583430968,0.7499999999999948,0.47871355387816666,44.25,5.558402048550765,27.5
19hr_basal,37,6.166666666666667,4,67.75,9.339655596790852,0.24999999999999822,0.24999999999999822,45.5,6.304760106459246,27.666666666666668
19hr_basal,38,6.333333333333333,4,67.5,10.95825411885184,0.24999999999999822,0.24999999999999822,47.0,6.096447052723961,27.833333333333332
19hr_basal,39,6.5,4,67.25,10.672199086099049,0.4999999999999979,0.2886751345948117,49.25,5.57337420240199,28.0
19hr_basal,40,6.666666666666667,4,67.75,11.055730037707445,0.999999999999999,0.7071067811865467,50.0,4.708148963941845,28.166666666666668
19hr_basal,41,6.833333333333333,4,68.0,11.972189997378653,0.49999999999999356,0.28867513459480915,51.0,7.4498322128756715,28.333333333333332
19hr_basal,42,7.0,4,64.25,11.685995892520243,0.25,0.25,52.5,8.180260794538684,28.5
19hr_basal,43,7.166666666666667,4,62.0,11.306340404097753,0.2499999999999997,0.24999999999999972,53.0,8.573214099741124,28.666666666666668
19hr_basal,44,7.333333333333333,4,62.25,10.896291418031488,0.24999999999999822,0.24999999999999822,55.25,8.957073554831773,28.833333333333332
19hr_basal,45,7.5,4,58.75,8.270177345942065,0.0,0.0,59.75,10.06127062883544,29.0
19hr_basal,46,7.666666666666667,4,60.5,9.242113755341181,0.0,0.0,60.0,8.286535263104035,29.166666666666668
19hr_basal,47,7.833333333333333,4,60.75,6.811448695639815,0.7499999999999978,0.47871355387816833,63.25,7.487489565935969,29.333333333333332
19hr_basal,48,8.0,4,58.25,7.553972464869064,0.0,0.0,67.0,6.311365409587162,29.5
19hr_basal,49,8.166666666666666,4,57.25,8.260094833999588,0.24999999999999997,0.24999999999999997,67.0,7.325753658611972,29.666666666666664
19hr_basal,50,8.333333333333334,4,54.5,6.409628174343136,0.4999999999999974,0.28867513459481137,70.25,8.168792240390658,29.833333333333336
19hr_basal,51,8.5,4,53.75,7.08725381700604,0.0,0.0,69.0,6.570134448142342,30.0
19hr_basal,52,8.666666666666666,4,53.5,7.3086706497602325,0.9999999999999947,0.5773502691896226,72.5,6.739188873051909,30.166666666666664
19hr_basal,53,8.833333333333334,4,51.25,6.0878978309429606,0.7499999999999982,0.47871355387816755,78.0,8.650626181573989,30.333333333333336
19hr_basal,54,9.0,4,49.5,7.076957915187384,0.0,0.0,76.75,7.951676971976833,30.5
19hr_basal,55,9.166666666666666,4,43.5,7.708220719898117,0.24999999999999697,0.24999999999999695,83.5,10.436314802968848,30.666666666666664
19hr_basal,56,9.333333333333334,4,43.75,7.619875327064086,0.24999999999999975,0.24999999999999975,84.0,9.00925450115972,30.833333333333336
19hr_basal,57,9.5,4,40.5,10.07058422668053,0.0,0.0,84.5,10.364201207361168,31.0
19hr_basal,58,9.666666666666666,4,42.25,8.57685839920422,0.2499999999999999,0.2499999999999999,86.25,8.439737357682805,31.166666666666664
19hr_basal,59,9.833333333333334,4,40.25,8.910433958754947,0.0,0.0,88.75,9.498903445486047,31.333333333333336
19hr_basal,60,10.0,4,39.5,9.242113755341181,0.24999999999999883,0.24999999999999883,87.75,10.711170181948692,31.5
19hr_basal,61,10.166666666666666,4,38.5,6.812977811989899,0.0,0.0,94.5,9.97914491994847,31.666666666666664
19hr_basal,62,10.333333333333334,4,35.25,8.055795015597985,0.24999999999999736,0.24999999999999736,97.5,10.218447370646217,31.833333333333336
19hr_basal,63,10.5,4,33.25,7.27295217455287,0.2499999999999984,0.2499999999999984,102.5,8.411301920630361,32.0
19hr_basal,64,10.666666666666666,4,33.74999999999999,8.7118214704695,0.0,0.0,103.25,10.23372691968408,32.166666666666664
19hr_basal,65,10.833333333333334,4,34.75,6.536755056346129,0.0,0.0,101.5,9.313968005098578,32.333333333333336
19hr_basal,66,11.0,4,30.499999999999996,6.639528095680697,0.499999999999994,0.2886751345948094,104.25,10.796411440844592,32.5
19hr_basal,67,11.166666666666666,4,32.74999999999999,5.344389581607987,0.499999999999997,0.28867513459481114,102.75,9.542667341996157,32.666666666666664
19hr_basal,68,11.333333333333334,4,30.499999999999993,6.278269400612454,0.7499999999999922,0.2499999999999974,104.0,10.206207261596576,32.833333333333336
19hr_basal,69,11.5,4,28.75,7.420411039827917,0.49999999999999784,0.28867513459481164,104.5,10.087120500916008,33.0
19hr_basal,70,11.666666666666666,4,29.749999999999993,7.465197027987049,0.9999999999999976,0.7071067811865468,109.0,10.606601717798213,33.166666666666664
19hr_basal,71,11.833333333333334,4,24.499999999999993,5.951190357119041,0.4999999999999948,0.28867513459480987,114.5,9.464847243000456,33.333333333333336
19hr_basal,72,12.0,4,25.749999999999993,6.459811658761164,0.4999999999999958,0.2886751345948104,112.75,7.157455320619662,33.5
19hr_basal,73,12.166666666666666,4,25.249999999999993,7.760745239129207,0.7499999999999981,0.24999999999999936,110.25,7.487489565935971,33.666666666666664
19hr_basal,74,12.333333333333334,4,22.999999999999993,7.371114795831993,0.4999999999999999,0.2886751345948128,111.25,8.469307330984433,33.833333333333336
19hr_basal,75,12.5,4,20.5,6.885976086704534,0.4999999999999969,0.2886751345948111,114.5,9.03234926989282,34.0
19hr_basal,76,12.666666666666666,4,22.75,6.9206815656648555,0.24999999999999975,0.24999999999999975,112.25,7.1574553206196585,34.166666666666664
19hr_basal,77,12.833333333333334,4,21.5,7.500000000000002,0.2499999999999999,0.2499999999999999,113.25,8.390222484137915,34.333333333333336
19hr_basal,78,13.0,4,18.749999999999996,6.420994211698582,0.2499999999999984,0.2499999999999984,118.75,9.454936981986359,34.5
19hr_basal,79,13.166666666666666,4,18.999999999999996,6.8677992593455075,0.7499999999999973,0.47871355387816816,119.25,11.967838846954226,34.666666666666664
19hr_basal,80,13.333333333333334,4,16.249999999999993,5.344389581607986,0.4999999999999972,0.49999999999999717,119.25,11.455529960096419,34.833333333333336
19hr_basal,81,13.5,4,16.499999999999996,4.924428900898051,0.0,0.0,120.0,10.88577052853862,35.0
19hr_basal,82,13.666666666666666,4,14.749999999999998,5.121441854269819,0.4999999999999973,0.4999999999999973,123.25,8.54766049863938,35.166666666666664
19hr_basal,83,13.833333333333334,4,17.499999999999996,5.377421934967226,0.7499999999999991,0.7499999999999991,123.25,9.303897032964198,35.333333333333336
19hr_basal,84,14.0,4,15.999999999999998,4.743416490252567,0.4999999999999998,0.4999999999999998,123.25,6.968679932383177,35.5
19hr_basal,85,14.166666666666666,4,17.499999999999993,5.0579969684978385,0.2499999999999999,0.2499999999999999,125.25,8.75,35.666666666666664
19hr_basal,86,14.333333333333334,4,16.749999999999993,3.0923292192132443,0.0,0.0,127.25,8.00390529679106,35.833333333333336
19hr_basal,87,14.5,4,14.499999999999993,4.272001872658765,0.0,0.0,129.0,5.916079783099616,36.0
19hr_basal,88,14.666666666666666,4,13.499999999999998,3.3040379335998367,0.5,0.5,135.0,8.18535277187245,36.166666666666664
19hr_basal,89,14.833333333333334,4,16.249999999999993,3.9660013447636002,0.4999999999999993,0.4999999999999992,136.25,9.303897032964198,36.333333333333336
19hr_basal,90,15.0,4,11.499999999999995,3.095695936834451,0.4999999999999962,0.2886751345948107,138.0,9.228578799938088,36.5
19hr_basal,91,15.166666666666666,4,11.499999999999995,2.0207259421636907,0.9999999999999973,0.7071067811865461,137.75,7.824906815206592,36.666666666666664
19hr_basal,92,15.333333333333334,4,11.249999999999996,2.657536453183664,1.2499999999999982,1.2499999999999982,142.5,10.649726131063963,36.833333333333336
19hr_basal,93,15.5,4,9.749999999999993,2.688710967483612,0.49999999999999634,0.28867513459481076,145.5,8.509798274146496,37.0
19hr_basal,94,15.666666666666666,4,10.499999999999996,2.362907813126303,1.7499999999999956,0.8539125638299634,141.5,7.533259586659682,37.166666666666664
19hr_basal,95,15.833333333333334,4,9.999999999999995,2.7386127875258293,2.4999999999999947,1.0408329997330643,142.25,8.199339404285366,37.333333333333336
19hr_basal,96,16.0,4,8.999999999999986,1.4719601443879753,2.4999999999999933,1.554563175514801,148.5,7.2399355429911605,37.5
19hr_basal,97,16.166666666666668,4,10.249999999999993,2.212653007891961,2.4999999999999982,1.8929694486000914,151.25,6.884463184107622,37.66666666666667
19hr_basal,98,16.333333333333332,4,6.999999999999988,2.041241452319316,2.499999999999991,1.3228756555322951,150.75,6.142407237123461,37.83333333333333
19hr_basal,99,16.5,4,9.249999999999993,2.7500000000000036,2.9999999999999982,1.080123449734643,147.75,6.774646362234222,38.0
19hr_basal,100,16.666666666666668,4,9.25,2.5289984842489206,1.7499999999999953,1.0307764064044125,148.25,6.005206074732168,38.16666666666667
19hr_basal,101,16.833333333333332,4,6.749999999999995,2.528998484248917,2.749999999999994,1.108677891304174,152.25,7.386643351347079,38.33333333333333
19hr_basal,102,17.0,4,8.999999999999993,2.8577380332470415,2.4999999999999902,1.1902380714238086,150.5,8.722576072086342,38.5
19hr_basal,103,17.166666666666668,4,6.749999999999991,1.4930394055974112,3.499999999999991,1.1902380714238068,156.5,8.874119674649423,38.66666666666667
19hr_basal,104,17.333333333333332,4,7.499999999999995,1.0408329997330676,2.4999999999999933,0.4999999999999991,159.75,9.031195934094237,38.83333333333333
19hr_basal,105,17.5,4,7.749999999999989,1.7017148213885116,3.749999999999993,0.7499999999999988,159.25,8.86354895061792,39.0
19hr_basal,106,17.666666666666668,4,6.999999999999993,1.6832508230603453,3.2499999999999902,1.2500000000000009,160.0,9.703951085339753,39.16666666666667
19hr_basal,107,17.833333333333332,4,5.749999999999996,1.6520189667999174,2.749999999999991,1.4930394055974086,159.25,9.809646612731092,39.33333333333333
19hr_basal,108,18.0,4,6.249999999999992,1.1814539065631533,2.4999999999999933,1.25830573921179,162.75,8.19933940428536,39.5
19hr_basal,109,18.166666666666668,4,6.499999999999995,0.9574271077563373,3.749999999999993,0.8539125638299672,163.75000000000003,8.68307741145577,39.66666666666667
19hr_basal,110,18.333333333333332,4,5.499999999999995,1.1902380714238086,4.999999999999993,1.4719601443879737,167.0,9.255628917943211,39.83333333333333
19hr_basal,111,18.5,4,5.9999999999999885,1.5811388300841895,3.999999999999991,1.3540064007726615,164.25,7.9201746613737445,40.0
19hr_basal,112,18.666666666666668,4,5.749999999999991,0.8539125638299636,4.249999999999994,0.7499999999999988,168.25,6.342646661029341,40.16666666666667
19hr_basal,113,18.833333333333332,4,5.999999999999991,1.4719601443879768,3.2499999999999916,1.1086778913041762,168.25,8.54766049863938,40.33333333333333
19hr_basal,114,19.0,4,4.9999999999999964,1.7320508075688767,4.999999999999993,1.2247448713915905,168.75,8.528139695541263,40.5
19hr_basal,115,19.166666666666668,4,4.999999999999995,1.7795130420052174,3.4999999999999925,1.1902380714238086,174.5,8.37157890324957,40.66666666666667
19hr_basal,116,19.333333333333332,4,7.749999999999991,0.7500000000000001,4.499999999999992,0.6454972243679026,169.25,8.158584436040357,40.83333333333333
19hr_basal,117,19.5,4,5.499999999999993,0.9574271077563391,3.7499999999999933,1.030776406404417,174.0,9.210501253098732,41.0
19hr_basal,118,19.666666666666668,4,5.749999999999992,1.493039405597407,5.499999999999992,1.5545631755148,173.75,8.910433958754947,41.16666666666667
19hr_basal,119,19.833333333333332,4,5.4999999999999964,2.2546248764114463,3.9999999999999973,1.8708286933869693,176.0,8.916277250063503,41.33333333333333
19hr_basal,120,20.0,4,4.499999999999993,1.1902380714238077,5.749999999999992,0.749999999999999,177.0,8.33666600026654,41.5
19hr_basal,121,20.166666666666668,4,5.499999999999995,1.4999999999999984,3.74999999999999,0.25,177.0,5.986094998689325,41.66666666666667
19hr_basal,122,20.333333333333332,4,5.499999999999995,2.0207259421636885,4.749999999999992,0.6291528696058976,177.75,8.22977318439984,41.83333333333333
19hr_basal,123,20.5,4,4.7499999999999964,1.6520189667999168,5.749999999999991,1.5478479684172248,177.75,9.04963166837929,42.0
19hr_basal,124,20.666666666666668,4,6.499999999999995,2.254624876411446,5.499999999999995,1.3228756555322962,176.0,8.869423130433379,42.16666666666667
19hr_basal,125,20.833333333333332,4,4.999999999999991,1.8708286933869693,6.499999999999989,1.848422751068238,175.25,8.469307330984433,42.33333333333333
19hr_basal,126,21.0,4,4.749999999999993,1.652018966799916,7.4999999999999885,1.707825127659933,174.25,6.498397238293963,42.5
19hr_basal,127,21.166666666666668,4,4.499999999999996,1.0408329997330652,6.499999999999991,1.4433756729740623,175.0,5.744562646538023,42.66666666666667
19hr_basal,128,21.333333333333332,4,5.249999999999989,1.701714821388511,4.99999999999999,1.0801234497346426,173.25,7.4874895659359595,42.83333333333333
19hr_basal,129,21.5,4,5.499999999999989,1.8484227510682372,6.249999999999984,2.0155644370746377,175.5,6.982120021884477,43.0
19hr_basal,130,21.666666666666668,4,5.999999999999995,1.4719601443879775,8.999999999999996,2.0412414523193143,175.25,5.088794880257344,43.16666666666667
19hr_basal,131,21.833333333333332,4,6.499999999999989,1.1902380714238068,5.999999999999993,1.2247448713915887,176.25,5.8505697728227055,43.33333333333333
19hr_basal,132,22.0,4,7.249999999999989,1.314977819838291,9.999999999999995,2.0412414523193116,175.0,7.106335201775951,43.5
19hr_basal,133,22.166666666666668,4,4.999999999999991,0.9128709291752763,8.249999999999993,0.2500000000000011,179.5,8.607167555783578,43.66666666666667
19hr_basal,134,22.333333333333332,4,6.499999999999989,1.6583123951776984,7.99999999999999,1.471960144387974,180.0,7.106335201775948,43.83333333333333
19hr_basal,135,22.5,4,6.749999999999991,1.4361406616345045,7.74999999999999,1.6007810593582095,177.25,7.696048769769245,44.0
19hr_basal,136,22.666666666666668,4,6.749999999999992,2.2126530078919595,7.999999999999989,0.4082482904638627,180.0,5.816642788871719,44.16666666666667
19hr_basal,137,22.833333333333332,4,7.999999999999993,2.273030282830976,8.99999999999999,0.8164965809277281,174.75,7.685213074469699,44.33333333333333
19hr_basal,138,23.0,4,6.4999999999999885,1.8484227510682358,8.499999999999988,1.040832999733068,177.5,8.015609770940703,44.5
19hr_basal,139,23.166666666666668,4,6.999999999999989,1.3540064007726598,7.499999999999991,0.8660254037844385,176.5,7.37676532544358,44.66666666666667
19hr_basal,140,23.333333333333332,4,6.749999999999993,1.4930394055974128,8.49999999999999,1.936491673103708,176.25,8.498774421448468,44.83333333333333
19hr_basal,141,23.5,4,8.749999999999991,1.7017148213885107,9.249999999999991,2.9825883613622133,171.5,10.364201207361168,45.0
19hr_basal,142,23.666666666666668,4,6.999999999999993,1.4719601443879766,9.749999999999986,2.096624270901521,178.75,11.918997441060219,45.16666666666667
19hr_basal,143,23.833333333333332,4,6.999999999999995,2.483277404291891,8.499999999999993,1.936491673103706,181.25,12.808688457449497,45.33333333333333
19hr_basal,144,24.0,4,7.249999999999991,1.9311050377094117,9.249999999999995,0.9464847243000473,180.0,12.642520845675257,45.5
19hr_basal,145,24.166666666666668,4,6.749999999999995,1.8874586088176892,9.749999999999991,1.1086778913041744,175.75,11.18313462317252,45.66666666666667
19hr_basal,146,24.333333333333332,4,7.999999999999994,2.915475947422648,7.999999999999993,1.2909944487358067,180.25,10.633085159068365,45.83333333333333
19hr_basal,147,24.5,4,6.999999999999993,3.1885210782848317,10.24999999999999,2.2867371223353747,179.5,12.072696467649626,46.0
19hr_basal,148,24.666666666666668,4,7.749999999999989,2.7500000000000013,8.499999999999993,2.2173557826083465,181.5,13.225606476327153,46.16666666666667
19hr_basal,149,24.833333333333332,4,9.249999999999993,2.322893310794394,8.49999999999999,0.5,182.0,11.423659658795868,46.33333333333333
19hr_basal,150,25.0,4,10.749999999999993,2.428133714055576,8.749999999999991,1.249999999999997,180.0,11.518101695447337,46.5
19hr_basal,151,25.166666666666668,4,9.999999999999993,2.1213203435596455,10.249999999999988,0.8539125638299644,184.0,13.91641716343207,46.66666666666667
19hr_basal,152,25.333333333333332,4,9.749999999999995,2.174664725116648,11.99999999999999,2.0412414523193165,182.75,12.023414656411049,46.83333333333333
19hr_basal,153,25.5,4,11.249999999999991,2.6887109674836136,12.749999999999993,1.796988221070649,185.75,13.287682265918308,47.0
19hr_basal,154,25.666666666666668,4,8.249999999999991,2.0155644370746333,11.749999999999991,2.0564937798755096,186.0,13.133925536563702,47.16666666666667
19hr_basal,155,25.833333333333332,4,10.999999999999986,2.9439202887759497,12.499999999999993,2.5000000000000027,183.5,13.105342422081161,47.33333333333333
19hr_basal,156,26.0,4,10.74999999999999,2.015564437074636,11.99999999999999,2.483277404291894,186.25,12.539105497070626,47.5
19hr_basal,157,26.166666666666668,4,10.249999999999996,2.4958298553119875,13.749999999999993,4.802343178074635,187.25,12.618603990405067,47.66666666666667
19hr_basal,158,26.333333333333332,4,8.999999999999995,1.2247448713915872,9.99999999999999,3.082207001484489,191.75,12.283966514661834,47.83333333333333
19hr_basal,159,26.5,4,11.499999999999991,2.2173557826083448,8.999999999999996,2.738612787525832,194.25,11.205467415507481,48.0
19hr_basal,160,26.666666666666668,4,10.249999999999982,1.8874586088176875,9.749999999999995,3.249999999999999,194.25,12.140668570277894,48.16666666666667
19hr_basal,161,26.833333333333332,4,9.74999999999999,1.314977819838289,9.499999999999988,2.5331140255951134,195.25,10.25812685955222,48.33333333333333
19hr_basal,162,27.0,4,11.24999999999999,1.652018966799917,9.749999999999995,3.424787098005755,199.5,11.124297730643496,48.5
19hr_basal,163,27.166666666666668,4,13.749999999999984,2.2867371223353743,11.749999999999984,2.250000000000001,198.0,10.041580220928045,48.66666666666667
19hr_basal,164,27.333333333333332,4,13.249999999999984,2.5940637360455616,14.24999999999999,3.092329219213249,198.5,9.29605651158956,48.83333333333333
19hr_basal,165,27.5,4,10.24999999999999,1.1814539065631513,11.749999999999991,2.8099525500145592,203.5,8.665063954370641,49.0
19hr_basal,166,27.666666666666668,4,12.249999999999995,1.8874586088176868,10.99999999999999,2.345207879911713,208.75,8.488963423174823,49.16666666666667
19hr_basal,167,27.833333333333332,4,15.99999999999999,2.7386127875258324,12.24999999999999,4.404070087241275,210.0,10.747092630102339,49.33333333333333
19hr_basal,168,28.0,4,14.499999999999991,3.5237290853109977,15.749999999999995,4.404070087241271,208.0,8.831760866327848,49.5
19hr_basal,169,28.166666666666668,4,14.24999999999999,3.7052890125692883,15.99999999999999,3.9157800414902475,207.5,8.911602923529898,49.66666666666667
19hr_basal,170,28.333333333333332,4,10.999999999999984,2.273030282830976,16.749999999999982,3.944933459514874,207.25,6.600189391222043,49.83333333333333
19hr_basal,171,28.5,4,12.999999999999995,2.6770630673681683,12.999999999999988,4.1028445416970545,211.0,5.477225575051661,50.0
19hr_basal,172,28.666666666666668,4,12.749999999999988,1.7969882210706485,14.999999999999991,4.8131763593978825,208.75,6.446898479113813,50.16666666666667
19hr_basal,173,28.833333333333332,4,12.749999999999993,2.0564937798755096,15.49999999999999,4.272001872658763,209.5,7.708220719898125,50.33333333333333
19hr_basal,174,29.0,4,12.49999999999999,1.6583123951776977,16.249999999999986,4.534589286804265,211.5,7.577378614446207,50.5
19hr_basal,175,29.166666666666668,4,14.999999999999984,1.9148542155126758,16.99999999999999,4.41588043316392,213.75,7.34137816307901,50.66666666666667
19hr_basal,176,29.333333333333332,4,14.749999999999995,1.0307764064044174,15.999999999999986,3.9370039370059065,212.25,7.2844011421667325,50.83333333333333
19hr_basal,177,29.5,4,14.999999999999982,0.7071067811865497,15.749999999999986,4.4229515032385365,213.25,11.45552996009642,51.0
19hr_basal,178,29.666666666666668,4,14.999999999999991,2.0412414523193156,15.749999999999984,5.40640052776953,216.25,8.547660498639381,51.16666666666667
19hr_basal,179,29.833333333333332,4,15.49999999999999,1.848422751068234,15.749999999999991,5.8647961033042995,221.5,7.4888806462203235,51.33333333333333
19hr_basal,180,30.0,4,16.49999999999999,3.0686587732536603,14.99999999999999,6.231639698613304,219.75,8.64460332616059,51.5
19hr_basal,181,30.166666666666668,4,16.74999999999999,5.528336096873994,17.999999999999993,5.9581876439064905,223.5,6.538348415311012,51.66666666666667
19hr_basal,182,30.333333333333332,4,14.74999999999999,4.784959073318533,18.749999999999993,6.42099421169858,222.0,8.89756521002609,51.83333333333333
19hr_basal,183,30.5,4,16.999999999999996,2.9154759474226486,16.74999999999999,6.3426466610293435,219.25,7.34137816307901,52.0
19hr_basal,184,30.666666666666668,4,16.24999999999999,4.007804885470347,15.74999999999998,5.935416301041291,225.5,9.151502608861561,52.16666666666667
19hr_basal,185,30.833333333333332,4,19.99999999999999,4.32049379893857,14.999999999999995,5.84522597225006,226.0,8.746427842267954,52.33333333333333
19hr_basal,186,31.0,4,18.249999999999993,3.637192140465868,16.49999999999999,4.272001872658768,230.5,7.308670649760228,52.5
19hr_basal,187,31.166666666666668,4,18.749999999999996,4.385107372307624,16.249999999999993,4.939213837579145,230.25,8.663861725581729,52.66666666666667
19hr_basal,188,31.333333333333332,4,19.24999999999999,3.75,16.749999999999986,4.661455423648994,229.0,6.964194138592062,52.83333333333333
19hr_basal,189,31.5,4,16.749999999999982,1.7499999999999996,17.999999999999982,5.759050847723662,233.0,14.02973033715664,53.0
19hr_basal,190,31.666666666666668,4,18.749999999999986,3.660031875999623,17.249999999999986,5.647639624952477,235.0,12.41638702145945,53.16666666666667
19hr_basal,191,31.833333333333332,4,17.99999999999999,2.738612787525827,15.499999999999996,4.9916597106239795,238.5,12.466622103307161,53.33333333333333
19hr_basal,192,32.0,4,19.74999999999999,3.8810436740650087,15.99999999999998,4.847679857416329,238.75,11.635971525116988,53.5
19hr_basal,193,32.166666666666664,4,19.999999999999986,2.2730302828309727,16.74999999999999,5.022864388639875,238.75,12.479149276559948,53.666666666666664
19hr_basal,194,32.333333333333336,4,22.49999999999999,3.095695936834451,15.74999999999998,5.121441854269819,236.5,11.982626312012457,53.833333333333336
19hr_basal,195,32.5,4,20.99999999999999,3.937003937005903,18.249999999999993,5.1700257897487,239.0,11.923366415013279,54.0
19hr_basal,196,32.666666666666664,4,21.749999999999996,4.956056900399751,17.499999999999996,4.839077046985991,237.25,13.566963551215135,54.166666666666664
19hr_basal,197,32.833333333333336,4,23.499999999999986,3.0138568866708546,19.499999999999993,6.304760106459247,236.75,14.343262065048755,54.333333333333336
19hr_basal,198,33.0,4,22.749999999999986,2.393567769390849,16.999999999999986,4.163331998932265,236.25,14.203139324341878,54.5
19hr_basal,199,33.166666666666664,4,24.999999999999993,3.240370349203933,19.249999999999986,5.022864388639879,238.0,14.445299120013633,54.666666666666664
19hr_basal,200,33.333333333333336,4,25.249999999999996,3.35099487714718,16.499999999999993,5.423713365090994,239.75,11.484591126084261,54.833333333333336
19hr_basal,201,33.5,4,24.249999999999986,3.9660013447635984,17.749999999999996,5.807681694675309,243.0,10.140677163450837,55.0
19hr_basal,202,33.666666666666664,4,27.249999999999993,2.688710967483611,16.249999999999993,3.9660013447636002,240.25,10.949695581765427,55.166666666666664
19hr_basal,203,33.833333333333336,4,26.5,3.774917217635375,18.499999999999993,5.204164998665329,241.5,9.251126057585278,55.333333333333336
19hr_basal,204,34.0,4,26.249999999999986,3.902456491322698,19.49999999999999,5.515130702591435,240.5,11.273124382057238,55.5
19hr_basal,205,34.166666666666664,4,27.999999999999986,3.8078865529319565,18.749999999999986,3.902456491322698,236.75,10.911576421397598,55.666666666666664
19hr_basal,206,34.333333333333336,4,28.24999999999998,3.966001344763594,19.99999999999999,4.339738855430512,242.75,15.13481086766531,55.833333333333336
19hr_basal,207,34.5,4,27.499999999999993,4.518480570575314,17.499999999999993,4.769696007084732,241.75,14.037895141366457,56.0
19hr_basal,208,34.666666666666664,4,29.499999999999993,6.1981179939290145,18.499999999999986,6.130524719249843,243.5,10.251016209787853,56.166666666666664
19hr_basal,209,34.833333333333336,4,30.999999999999993,5.4467115461227325,18.74999999999999,4.767511580129269,246.75,12.28396651466184,56.333333333333336
19hr_basal,210,35.0,4,30.99999999999999,3.894440481849307,18.999999999999986,4.966554808583775,238.25,9.784128303873919,56.5
19hr_basal,211,35.166666666666664,4,29.499999999999986,3.4761089357690356,17.499999999999986,4.092676385936224,245.25,10.27436129401726,56.666666666666664
19hr_basal,212,35.333333333333336,4,29.999999999999986,3.3166247903554043,16.999999999999982,3.7638632635454066,244.25,9.809646612731097,56.833333333333336
19hr_basal,213,35.5,4,29.24999999999998,3.1983068437325817,16.249999999999993,4.589389937671458,249.25,11.345887654417641,57.0
19hr_basal,214,35.666666666666664,4,32.249999999999986,3.473110997362451,16.499999999999986,4.8390770469859925,249.25,12.983162172598785,57.166666666666664
19hr_basal,215,35.833333333333336,4,31.99999999999997,6.670832032063167,16.999999999999986,4.564354645876383,248.75,11.513578939669454,57.333333333333336
19hr_basal,216,36.0,4,34.49999999999999,4.2130748865881795,17.49999999999998,4.092676385936221,247.0,13.892443989449804,57.5
19hr_basal,217,36.166666666666664,4,31.249999999999993,5.072392597844396,17.49999999999999,4.272001872658765,249.0,11.811011811017716,57.666666666666664
19hr_basal,218,36.333333333333336,4,35.74999999999999,6.408002808988144,16.74999999999999,3.902456491322702,245.5,11.213830746002902,57.833333333333336
19hr_basal,219,36.5,4,36.249999999999986,7.110731326663948,17.499999999999993,3.6628768293059837,244.75,8.938446919534362,58.0
19hr_basal,220,36.666666666666664,4,36.74999999999999,5.6770737767503645,18.999999999999986,3.9157800414902444,244.0,10.041580220928045,58.166666666666664
19hr_basal,221,36.833333333333336,4,35.999999999999986,4.7434164902525735,19.74999999999999,4.697073557013987,246.75,10.942082373418081,58.333333333333336
19hr_basal,222,37.0,4,40.249999999999986,6.980627956471155,19.74999999999999,5.750000000000001,243.5,9.987492177719089,58.5
19hr_basal,223,37.166666666666664,4,40.49999999999999,5.074445782546108,17.999999999999996,3.6968455021364743,243.75,9.860485113150705,58.666666666666664
19hr_basal,224,37.333333333333336,4,37.24999999999999,6.4209942116985825,19.249999999999982,4.83692395364382,250.75,10.036392114035136,58.833333333333336
19hr_basal,225,37.5,4,37.999999999999986,6.480740698407857,20.24999999999999,4.269562819149834,247.5,10.912531023247235,59.0
19hr_basal,226,37.666666666666664,4,41.25,7.54293267458575,17.499999999999982,4.699290726623892,249.25,8.966372361960735,59.166666666666664
19hr_basal,227,37.833333333333336,4,38.24999999999999,6.835873511605274,17.249999999999996,3.7052890125692857,247.25,7.792892060504025,59.333333333333336
19hr_basal,228,38.0,4,35.49999999999999,6.4096281743431405,17.74999999999999,3.198306843732581,247.75,8.097067370350823,59.5
19hr_basal,229,38.166666666666664,4,39.249999999999986,7.760745239129209,16.999999999999982,3.3416562759605726,249.75,8.97566153550812,59.666666666666664
19hr_basal,230,38.333333333333336,4,43.499999999999986,7.365459931328117,17.249999999999986,2.657536453183661,247.75,6.896557112066861,59.833333333333336
19hr_basal,231,38.5,4,41.249999999999986,4.250000000000001,16.499999999999986,3.523729085310995,251.0,7.427426651719064,60.0
19hr_basal,232,38.666666666666664,4,43.24999999999999,4.888336458687485,16.499999999999986,3.427827300200523,252.0,4.813176359397884,60.166666666666664
19hr_basal,233,38.833333333333336,4,45.999999999999986,6.570134448142342,18.749999999999986,2.428133714055575,249.75,5.437140792732887,60.333333333333336
19hr_basal,234,39.0,4,42.74999999999999,6.2898728127045604,17.249999999999996,2.9825883613622155,254.75,4.479118216792223,60.5
19hr_basal,235,39.166666666666664,4,43.749999999999986,7.749999999999997,16.999999999999986,3.341656275960567,249.0,1.9578900207451302,60.666666666666664
19hr_basal,236,39.333333333333336,4,40.99999999999999,8.698658900466588,17.249999999999982,3.3509948771471807,249.75,2.561737691489897,60.833333333333336
19hr_basal,237,39.5,4,44.99999999999999,8.215838362577488,16.24999999999999,3.9449334595148797,253.0,4.183300132670378,61.0
19hr_basal,238,39.666666666666664,4,44.49999999999998,7.675719293112968,17.99999999999999,4.183300132670373,248.25,4.589389937671455,61.166666666666664
19hr_basal,239,39.833333333333336,4,43.999999999999986,8.660254037844389,17.5,3.201562118716425,250.0,5.5827114081480795,61.333333333333336
19hr_basal,240,40.0,4,42.999999999999986,8.396427811873332,19.499999999999993,3.304037933599835,244.75,2.286737122335373,61.5
19hr_basal,241,40.166666666666664,4,46.249999999999986,8.117624857883824,18.49999999999998,1.8929694486000954,247.5,2.327373340628157,61.666666666666664
19hr_basal,242,40.333333333333336,4,51.24999999999998,6.420994211698575,15.999999999999982,2.273030282830979,246.0,6.164414002968976,61.833333333333336
19hr_basal,243,40.5,4,50.249999999999986,6.459811658761161,17.74999999999999,4.230346715499019,251.0,7.176350047203662,62.0
19hr_basal,244,40.666666666666664,4,51.749999999999986,5.647639624952474,17.749999999999982,1.7499999999999987,250.0,4.743416490252569,62.166666666666664
19hr_basal,245,40.833333333333336,4,52.74999999999999,4.643543905251676,15.749999999999982,2.0155644370746373,253.5,5.041494487418058,62.333333333333336
19hr_basal,246,41.0,4,50.49999999999999,4.699290726623891,16.999999999999982,2.380476142847617,256.0,5.212165257037297,62.5
19hr_basal,247,41.166666666666664,4,51.99999999999997,7.035623639735144,17.749999999999986,2.2867371223353725,252.25,4.366062299143245,62.666666666666664
19hr_basal,248,41.333333333333336,4,49.749999999999986,6.562202374203341,14.999999999999991,2.738612787525833,252.5,4.3684474740270485,62.833333333333336
19hr_basal,249,41.5,4,50.749999999999986,7.3186405841522255,15.249999999999993,1.1814539065631497,252.25,4.170831252080733,63.0
19hr_basal,250,41.666666666666664,4,55.24999999999999,7.004462863060946,12.999999999999977,2.12132034355964,250.5,4.645786621588782,63.166666666666664
19hr_basal,251,41.833333333333336,4,57.49999999999999,7.708220719898117,14.999999999999993,3.000000000000002,247.0,7.989576542804589,63.333333333333336
19hr_basal,252,42.0,4,60.24999999999998,8.872945771651413,15.999999999999975,2.7386127875258297,249.75,6.0878978309429606,63.5
19hr_basal,253,42.166666666666664,4,57.75,7.238496621076324,15.249999999999995,2.7195281453467866,255.5,7.729812416870153,63.666666666666664
19hr_basal,254,42.333333333333336,4,59.999999999999986,6.33771778061051,14.499999999999979,3.4761089357690325,248.75,6.303107699116889,63.833333333333336
19hr_basal,255,42.5,4,60.749999999999986,8.683077411455765,14.499999999999993,2.753785273643054,252.5,7.076957915187382,64.0
19hr_basal,256,42.666666666666664,4,59.24999999999999,7.330018190063832,14.749999999999984,3.400367627183863,247.0,3.488074922742725,64.16666666666666
19hr_basal,257,42.833333333333336,4,61.99999999999999,8.803408430829505,17.249999999999986,3.944933459514877,248.75,3.637192140465866,64.33333333333334
19hr_basal,258,43.0,4,64.5,7.365459931328117,17.499999999999982,2.958039891549808,244.0,4.4158804331639265,64.5
19hr_basal,259,43.166666666666664,4,60.24999999999998,8.702250666733674,17.749999999999986,3.567795771434605,245.5,3.2274861218395166,64.66666666666666
19hr_basal,260,43.333333333333336,4,62.74999999999998,8.919781387455632,17.99999999999999,3.439961240091712,241.75,5.088794880257342,64.83333333333334
19hr_basal,261,43.5,4,59.499999999999986,7.5443135318375125,18.749999999999986,2.1360009363293817,244.5,6.238322424070967,65.0
19hr_basal,262,43.666666666666664,4,63.49999999999998,7.836878630339161,19.249999999999982,0.6291528696058991,241.75,3.275540667838924,65.16666666666666
19hr_basal,263,43.833333333333336,4,64.99999999999999,8.897565210026093,19.499999999999982,2.101586702153082,243.0,4.4907311951024935,65.33333333333334
19hr_basal,264,44.0,4,58.49999999999999,8.261355820929154,19.749999999999986,1.8874586088176912,251.0,6.41612551830672,65.5
19hr_basal,265,44.166666666666664,4,63.499999999999986,8.607167555783567,17.249999999999986,1.750000000000005,249.25,7.42041103982792,65.66666666666666
19hr_basal,266,44.333333333333336,4,63.74999999999998,8.663861725581732,19.499999999999993,2.6299556396765857,247.25,8.605957239029248,65.83333333333334
19hr_basal,267,44.5,4,66.74999999999999,8.498774421448461,16.499999999999986,2.3979157616563627,250.0,8.495096624916437,66.0
19hr_basal,268,44.666666666666664,4,71.24999999999999,8.891709621889367,17.249999999999982,1.7017148213885165,245.25,9.095557523685212,66.16666666666666
19hr_basal,269,44.833333333333336,4,73.99999999999999,8.689073598491376,18.49999999999999,1.1902380714238092,240.75,9.603601754897305,66.33333333333334
19hr_basal,270,45.0,4,67.25,8.76902693195393,17.499999999999982,2.362907813126307,251.0,10.173494974687902,66.5
19hr_basal,271,45.166666666666664,4,68.5,8.96753403487641,15.249999999999982,2.322893310794396,249.0,9.746794344808963,66.66666666666666
19hr_basal,272,45.333333333333336,4,65.49999999999999,9.438396756511843,13.249999999999982,0.9464847243000459,259.25,9.463746615373845,66.83333333333334
19hr_basal,273,45.5,4,68.0,9.72111104761179,13.499999999999979,3.570714214271431,258.75,7.920174661373742,67.0
19hr_basal,274,45.666666666666664,4,65.24999999999999,10.225580668108774,14.999999999999982,1.471960144387976,255.75,6.799203384711085,67.16666666666666
19hr_basal,275,45.833333333333336,4,67.5,11.079259903080171,15.749999999999977,1.436140661634508,259.25,9.003471552684557,67.33333333333334
19hr_basal,276,46.0,4,70.24999999999999,11.353230083695708,12.749999999999975,1.4930394055974074,252.25,6.485560885536423,67.5
19hr_basal,277,46.166666666666664,4,71.74999999999999,9.07721506483863,15.749999999999984,1.314977819838289,253.0,4.813176359397884,67.66666666666666
19hr_basal,278,46.333333333333336,4,70.5,7.399324293474374,14.749999999999982,2.0966242709015233,253.5,4.051748593714406,67.83333333333334
19hr_basal,279,46.5,4,72.0,7.153087911291646,14.749999999999986,1.6007810593582168,254.0,9.460443964212248,68.0
19hr_basal,280,46.666666666666664,4,76.99999999999999,7.9477460117109135,13.49999999999998,2.3273733406281556,251.5,5.66421515598881,68.16666666666666
19hr_basal,281,46.833333333333336,4,73.75,9.357483636106453,14.249999999999991,2.393567769390848,256.0,9.282600210429552,68.33333333333334
19hr_basal,282,47.0,4,79.49999999999999,7.772815877574013,14.999999999999977,2.2730302828309825,247.75,8.730931603595728,68.5
19hr_basal,283,47.166666666666664,4,76.25,10.135539781712007,16.99999999999999,2.4494897427831788,255.5,4.663689526544406,68.66666666666666
19hr_basal,284,47.333333333333336,4,73.49999999999999,8.855318552523482,14.999999999999984,2.645751311064591,261.75,4.02854398842394,68.83333333333334
19hr_basal,285,47.5,4,78.0,12.695143428361366,13.74999999999998,2.212653007891959,258.75,9.741449241942046,69.0
19hr_basal,286,47.666666666666664,4,75.99999999999997,9.635005621863089,14.999999999999988,2.516611478423584,260.25,8.854142156828821,69.16666666666666
19hr_basal,287,47.833333333333336,4,77.0,10.480139948174996,16.249999999999982,3.2500000000000004,258.0,8.504900548115382,69.33333333333334
19hr_basal,288,48.0,4,79.99999999999999,9.28260021042954,14.74999999999998,3.1457643480294806,255.75,9.168560410446128,69.5
19hr_basal,289,48.166666666666664,4,79.49999999999997,8.460693430998038,15.499999999999986,2.8722813232690165,253.0,8.436033823229176,69.66666666666666
19hr_basal,290,48.333333333333336,4,79.5,9.526279441628828,13.749999999999982,1.8874586088176823,255.75,11.912003749719581,69.83333333333334
19hr_basal,291,48.5,4,75.49999999999999,9.205976319760987,13.24999999999999,1.652018966799915,256.0,9.354143466934854,70.0
19hr_basal,292,48.666666666666664,4,79.5,10.372238588334403,14.249999999999988,2.3228933107943903,248.25,9.944638421447676,70.16666666666666
19hr_basal,293,48.833333333333336,4,76.24999999999999,9.330728803260756,12.999999999999993,1.4719601443879757,255.5,6.898067362191626,70.33333333333334
19hr_basal,294,49.0,4,74.24999999999999,9.655525188547054,13.999999999999977,2.345207879911719,256.75,7.685213074469699,70.5
19hr_basal,295,49.166666666666664,4,73.74999999999997,9.410765112359355,13.499999999999979,1.8484227510682343,254.75,5.907269532815761,70.66666666666666
19hr_basal,296,49.333333333333336,4,79.24999999999999,9.60360175489731,12.749999999999972,0.8539125638299705,260.25,8.014310117949433,70.83333333333334
19hr_basal,297,49.5,4,79.74999999999997,9.285966113801333,11.249999999999982,1.2500000000000042,256.75,9.542667341996157,71.0
19hr_basal,298,49.666666666666664,4,80.0,10.352133435513027,11.999999999999988,2.677063067368171,253.75,8.158584436040355,71.16666666666666
19hr_basal,299,49.833333333333336,4,77.49999999999997,8.301606270274847,12.749999999999986,3.473110997362454,255.75,9.542667341996157,71.33333333333334
19hr_d1,0,0.0,4,66.5,5.423713365090993,0.0,0.0,4.499999999999993,1.190238071423808,21.5
19hr_d1,1,0.1666666666666666,4,69.75,4.210601698886592,0.0,0.0,2.749999999999996,0.4787135538781693,21.666666666666668
19hr_d1,2,0.3333333333333333,4,67.75,4.7147817199385464,0.0,0.0,4.2499999999999964,0.47871355387816883,21.833333333333332
19hr_d1,3,0.5,4,69.5,5.057996968497839,0.0,0.0,4.499999999999994,0.8660254037844372,22.0
19hr_d1,4,0.6666666666666666,4,69.75,4.385107372307624,0.25,0.25,4.2499999999999964,0.8539125638299664,22.166666666666668
19hr_d1,5,0.8333333333333334,4,69.5,4.1331989225457475,0.0,0.0,5.749999999999995,1.2499999999999996,22.333333333333332
19hr_d1,6,1.0,4,70.0,4.881939505292269,0.49999999999999906,0.49999999999999906,5.749999999999994,0.6291528696058957,22.5
19hr_d1,7,1.1666666666666667,4,70.25,4.3851073723076235,0.0,0.0,6.749999999999996,1.3149778198382933,22.666666666666668
19hr_d1,8,1.3333333333333333,4,69.75,4.75,0.0,0.0,6.749999999999995,1.6007810593582112,22.833333333333332
19hr_d1,9,1.5,4,68.75,4.250000000000001,0.4999999999999996,0.28867513459481264,6.749999999999995,1.108677891304174,23.0
19hr_d1,10,1.6666666666666667,4,70.5,4.9749371855331015,0.49999999999999944,0.2886751345948126,6.749999999999996,1.376892636821525,23.166666666666668
19hr_d1,11,1.8333333333333333,4,71.5,3.7969285832981723,0.2499999999999999,0.24999999999999992,7.9999999999999964,1.7795130420052179,23.333333333333332
19hr_d1,12,2.0,4,71.0,3.8944404818493092,0.7499999999999967,0.478713553878168,8.749999999999995,1.6520189667999168,23.5
19hr_d1,13,2.1666666666666665,4,70.75,3.2755406678389227,0.2499999999999985,0.2499999999999985,8.999999999999996,1.5811388300841906,23.666666666666668
19hr_d1,14,2.3333333333333335,4,71.5,3.378855822118882,0.4999999999999996,0.28867513459481264,9.499999999999995,1.9364916731037085,23.833333333333332
19hr_d1,15,2.5,4,72.0,2.48327740429189,0.4999999999999981,0.2886751345948118,8.999999999999995,1.0801234497346444,24.0
19hr_d1,16,2.6666666666666665,4,72.25,3.275540667838924,0.24999999999999736,0.24999999999999736,10.499999999999995,1.0408329997330672,24.166666666666668
19hr_d1,17,2.8333333333333335,4,71.75,2.4958298553119898,0.9999999999999959,1.434724337481273e-15,10.749999999999995,1.6520189667999157,24.333333333333332
19hr_d1,18,3.0,4,71.5,2.7233557730613653,0.49999999999999867,0.28867513459481214,11.749999999999995,2.286737122335372,24.5
19hr_d1,19,3.1666666666666665,4,73.25,1.8874586088176875,0.24999999999999975,0.24999999999999975,12.249999999999995,3.037954355593032,24.666666666666668
19hr_d1,20,3.3333333333333335,4,74.25,2.6575364531836625,0.24999999999999953,0.24999999999999953,10.999999999999995,2.645751311064591,24.833333333333332
19hr_d1,21,3.5,4,74.25,3.75,0.25,0.25,11.5,2.5331140255951103,25.0
19hr_d1,22,3.6666666666666665,4,76.0,2.6770630673681683,0.49999999999999883,0.2886751345948122,9.249999999999996,1.1814539065631502,25.166666666666668
19hr_d1,23,3.8333333333333335,4,74.5,2.4664414311581235,0.7499999999999978,0.24999999999999925,13.499999999999995,1.3228756555322965,25.333333333333332
19hr_d1,24,4.0,4,74.75,1.8874586088176875,0.24999999999999833,0.24999999999999833,14.249999999999998,1.0307764064044145,25.5
19hr_d1,25,4.166666666666667,4,75.5,1.6583123951777,0.749999999999996,0.47871355387816644,12.749999999999996,0.9464847243000444,25.666666666666668
19hr_d1,26,4.333333333333333,4,75.0,2.3804761428476167,0.4999999999999975,0.49999999999999745,12.749999999999996,1.5478479684172255,25.833333333333332
19hr_d1,27,4.5,4,72.75,2.6259918760981216,0.4999999999999991,0.28867513459481237,13.25,0.6291528696058954,26.0
19hr_d1,28,4.666666666666667,4,71.0,3.6285901761795403,0.25,0.25,17.0,1.4503892858778862e-15,26.166666666666668
19hr_d1,29,4.833333333333333,4,70.5,3.774917217635375,0.24999999999999958,0.24999999999999958,19.249999999999996,0.8539125638299662,26.333333333333332
19hr_d1,30,5.0,4,73.75,4.767511580129268,0.0,0.0,16.499999999999996,0.8660254037844392,26.5
19hr_d1,31,5.166666666666667,4,76.25,5.022864388639881,0.49999999999999806,0.4999999999999981,17.499999999999996,1.3228756555322936,26.666666666666668
19hr_d1,32,5.333333333333333,4,72.25,5.1214418542698175,0.2499999999999985,0.2499999999999985,20.249999999999993,2.2500000000000004,26.833333333333332
19hr_d1,33,5.5,4,73.25,6.182973933849848,0.0,0.0,21.999999999999993,1.7795130420052163,27.0
19hr_d1,34,5.666666666666667,4,72.0,6.831300510639732,0.0,0.0,20.999999999999993,1.0801234497346435,27.166666666666668
19hr_d1,35,5.833333333333333,4,72.0,3.9370039370059056,0.0,0.0,22.249999999999993,2.3935677693908453,27.333333333333332
19hr_d1,36,6.0,4,72.75,4.00780488547035,0.9999999999999987,0.7071067811865462,22.749999999999993,2.7801378862687125,27.5
19hr_d1,37,6.166666666666667,4,75.0,5.461989869391313,0.24999999999999822,0.24999999999999822,21.999999999999996,1.8708286933869698,27.666666666666668
19hr_d1,38,6.333333333333333,4,71.25,4.888336458687488,0.24999999999999997,0.24999999999999997,25.999999999999996,1.957890020745121,27.833333333333332
19hr_d1,39,6.5,4,72.75,6.0328959325794225,0.24999999999999953,0.24999999999999953,24.999999999999996,2.8577380332470432,28.0
19hr_d1,40,6.666666666666667,4,71.75,6.263319141371182,0.24999999999999736,0.24999999999999736,26.5,3.427827300200522,28.166666666666668
19hr_d1,41,6.833333333333333,4,69.5,4.213074886588181,0.49999999999999833,0.2886751345948119,28.25,3.3509948771471842,28.333333333333332
19hr_d1,42,7.0,4,70.5,5.86657196893268,0.499999999999999,0.2886751345948123,27.25,2.780137886268713,28.5
19hr_d1,43,7.166666666666667,4,72.25,5.949439749533845,0.7499999999999972,0.7499999999999971,27.0,3.7193189340702313,28.666666666666668
19hr_d1,44,7.333333333333333,4,70.25,4.905354217587147,0.24999999999999883,0.2499999999999988,29.5,4.873397172404483,28.833333333333332
19hr_d1,45,7.5,4,72.0,5.802298395176402,0.24999999999999997,0.24999999999999997,30.0,4.564354645876383,29.0
19hr_d1,46,7.666666666666667,4,71.5,5.634713834792324,0.0,0.0,28.249999999999993,4.836923953643817,29.166666666666668
19hr_d1,47,7.833333333333333,4,65.5,7.076957915187382,0.0,0.0,31.999999999999996,4.1432676315520185,29.333333333333332
19hr_d1,48,8.0,4,66.75,5.735488935856588,0.4999999999999991,0.28867513459481237,32.0,2.738612787525832,29.5
19hr_d1,49,8.166666666666666,4,67.75,6.612803238163576,0.49999999999999994,0.28867513459481287,33.5,3.968626966596887,29.666666666666664
19hr_d1,50,8.333333333333334,4,66.0,6.337717780610514,0.24999999999999922,0.24999999999999922,35.75,2.8686524130097517,29.833333333333336
19hr_d1,51,8.5,4,66.25,5.313112709765025,0.7499999999999981,0.4787135538781676,35.5,3.7749172176353754,30.0
19hr_d1,52,8.666666666666666,4,64.25,6.980627956471155,0.7499999999999953,0.24999999999999845,35.5,3.8622100754188247,30.166666666666664
19hr_d1,53,8.833333333333334,4,63.75,6.650501234242925,0.749999999999996,0.24999999999999867,37.25,3.010398644698074,30.333333333333336
19hr_d1,54,9.0,4,61.25,6.600189391222043,0.4999999999999972,0.2886751345948113,38.0,2.798809270624444,30.5
19hr_d1,55,9.166666666666666,4,59.0,6.69576980886689,1.2499999999999964,0.6291528696058941,41.75,4.404070087241271,30.666666666666664
19hr_d1,56,9.333333333333334,4,61.0,6.557438524302,0.49999999999999767,0.49999999999999767,41.0,3.5355339059327378,30.833333333333336
19hr_d1,57,9.5,4,57.5,4.573474244670748,0.7499999999999992,0.7499999999999992,43.75,3.1983068437325817,31.0
19hr_d1,58,9.666666666666666,4,56.0,4.9497474683058345,0.7499999999999982,0.24999999999999944,45.25,4.47911821679223,31.166666666666664
19hr_d1,59,9.833333333333334,4,57.75,5.706356105256663,0.2499999999999986,0.24999999999999858,45.0,5.4619898693913145,31.333333333333336
19hr_d1,60,10.0,4,58.25,7.431632839872181,1.249999999999995,0.6291528696058952,46.25,4.6075119822596955,31.5
19hr_d1,61,10.166666666666666,4,60.75,6.823672031978091,0.4999999999999972,0.2886751345948113,45.25,5.390964663211956,31.666666666666664
19hr_d1,62,10.333333333333334,4,60.0,5.49241901776136,0.9999999999999968,2.2934907595432815e-15,47.25,5.186119294167202,31.833333333333336
19hr_d1,63,10.5,4,56.75,4.327720724199594,1.4999999999999956,0.28867513459481253,48.75,5.543389456520864,32.0
19hr_d1,64,10.666666666666666,4,52.25,5.137687547266118,1.2499999999999996,0.25000000000000017,53.25,4.366062299143246,32.166666666666664
19hr_d1,65,10.833333333333334,4,52.75,6.394985014316557,1.249999999999998,0.478713553878169,54.0,4.564354645876385,32.333333333333336
19hr_d1,66,11.0,4,52.5,5.809475019311126,1.499999999999994,0.28867513459481026,54.5,6.1169164345008555,32.5
19hr_d1,67,11.166666666666666,4,51.5,5.634713834792324,1.9999999999999958,1.4142135623730936,56.25,6.786935980249114,32.666666666666664
19hr_d1,68,11.333333333333334,4,51.75,6.2098711741871115,0.9999999999999948,0.7071067811865451,58.5,6.344288770224759,32.833333333333336
19hr_d1,69,11.5,4,50.0,3.937003937005907,0.9999999999999999,0.408248290463863,61.5,7.076957915187383,33.0
19hr_d1,70,11.666666666666666,4,48.5,5.737304826019503,0.7499999999999958,0.2499999999999986,65.0,7.926747967062743,33.166666666666664
19hr_d1,71,11.833333333333334,4,43.25,5.5584020485507635,0.499999999999995,0.28867513459481003,66.75,6.848053251350586,33.333333333333336
19hr_d1,72,12.0,4,43.99999999999999,5.338539126015656,0.9999999999999978,0.7071067811865474,65.75,7.016349953263923,33.5
19hr_d1,73,12.166666666666666,4,47.0,6.454972243679028,0.4999999999999995,0.4999999999999995,65.5,6.958208581716036,33.666666666666664
19hr_d1,74,12.333333333333334,4,42.75,5.977387946809767,0.9999999999999964,0.7071067811865457,69.5,8.005206639015219,33.833333333333336
19hr_d1,75,12.5,4,41.25,5.5584020485507635,0.4999999999999994,0.49999999999999944,72.5,7.41057802513857,34.0
19hr_d1,76,12.666666666666666,4,39.49999999999999,5.3307285305731575,0.7499999999999964,0.47871355387816705,74.75,6.155959172487528,34.166666666666664
19hr_d1,77,12.833333333333334,4,41.0,6.258327785172863,0.7499999999999972,0.4787135538781682,73.5,6.563789555838407,34.333333333333336
19hr_d1,78,13.0,4,41.75,6.9327123119310246,0.9999999999999957,0.4082482904638625,73.25,6.6128032381635755,34.5
19hr_d1,79,13.166666666666666,4,40.99999999999999,5.3385391260156565,0.4999999999999997,0.49999999999999967,74.75,6.92068156566485,34.666666666666664
19hr_d1,80,13.333333333333334,4,43.0,6.69576980886689,0.4999999999999997,0.49999999999999967,75.5,6.98212002188447,34.833333333333336
19hr_d1,81,13.5,4,41.75,6.600189391222043,0.49999999999999767,0.49999999999999767,78.5,7.900421929660889,35.0
19hr_d1,82,13.666666666666666,4,39.0,6.177917664283546,0.5,0.28867513459481287,81.0,9.055385138137417,35.166666666666664
19hr_d1,83,13.833333333333334,4,38.75,7.386643351347079,1.7499999999999978,0.7500000000000001,82.0,9.66091783079296,35.333333333333336
19hr_d1,84,14.0,4,34.5,5.8949130612757985,1.2499999999999973,0.749999999999999,87.0,9.94149552800449,35.5
19hr_d1,85,14.166666666666666,4,35.5,5.575242894559244,0.7499999999999951,0.478713553878166,87.25,10.25,35.666666666666664
19hr_d1,86,14.333333333333334,4,34.0,5.5226805085936315,1.499999999999997,0.9574271077563367,90.25,11.932972527133941,35.833333333333336
19hr_d1,87,14.5,4,35.0,6.177917664283545,1.499999999999994,1.190238071423807,91.0,14.071247279470288,36.0
19hr_d1,88,14.666666666666666,4,33.75,5.8505697728227,1.5,1.5,94.25,12.808688457449499,36.166666666666664
19hr_d1,89,14.833333333333334,4,32.5,5.07444578254611,1.7499999999999971,1.436140661634507,92.25,11.145813862911343,36.333333333333336
19hr_d1,90,15.0,4,30.249999999999993,5.153882032022074,1.4999999999999936,0.9574271077563351,96.25,12.27718072957577,36.5
19hr_d1,91,15.166666666666666,4,32.75,5.1214418542698175,1.9999999999999942,0.8164965809277243,99.75,15.10725543130408,36.666666666666664
19hr_d1,92,15.333333333333334,4,31.25,4.2106016988865935,1.4999999999999973,0.9574271077563361,101.75,14.487782208928092,36.833333333333336
19hr_d1,93,15.5,4,31.249999999999996,4.854121959736902,1.9999999999999958,1.354006400772658,101.75,12.39203373139373,37.0
19hr_d1,94,15.666666666666666,4,29.999999999999993,4.725815626252609,1.7499999999999927,1.1814539065631489,101.75,11.25740497035914,37.166666666666664
19hr_d1,95,15.833333333333334,4,29.249999999999996,4.767511580129267,2.249999999999996,1.9311050377094103,103.75,14.261691110570771,37.333333333333336
19hr_d1,96,16.0,4,26.249999999999993,5.513241635674363,2.9999999999999933,2.380476142847615,106.5,13.907432065865597,37.5
19hr_d1,97,16.166666666666668,4,27.749999999999993,4.802343178074636,2.249999999999999,1.9311050377094106,107.25,15.595806060177418,37.66666666666667
19hr_d1,98,16.333333333333332,4,24.499999999999993,4.573474244670748,2.499999999999998,1.8929694486000894,110.0,13.838352503098047,37.83333333333333
19hr_d1,99,16.5,4,26.499999999999993,4.368447474027052,2.7499999999999942,2.0966242709015206,109.75,16.074695435165587,38.0
19hr_d1,100,16.666666666666668,4,20.999999999999996,3.291402943021918,2.999999999999998,2.12132034355964,111.5,17.30366049905819,38.16666666666667
19hr_d1,101,16.833333333333332,4,21.499999999999993,3.926406329796583,3.249999999999998,2.0155644370746355,114.0,15.94260539142416,38.33333333333333
19hr_d1,102,17.0,4,24.99999999999999,4.020779360604939,2.999999999999995,1.7795130420052165,112.25,17.15796705129525,38.5
19hr_d1,103,17.166666666666668,4,22.999999999999993,3.741657386773941,2.7499999999999933,1.7969882210706505,117.0,17.54517977489354,38.66666666666667
19hr_d1,104,17.333333333333332,4,22.499999999999996,3.685557397915997,3.2499999999999933,2.2867371223353756,117.25,16.534685764577848,38.83333333333333
19hr_d1,105,17.5,4,24.999999999999993,4.564354645876384,2.999999999999991,1.6832508230603465,117.75,16.392960887730645,39.0
19hr_d1,106,17.666666666666668,4,25.749999999999993,4.130677910464577,3.249999999999994,1.9737865470545026,120.75,16.620143400905622,39.16666666666667
19hr_d1,107,17.833333333333332,4,24.499999999999996,4.500000000000001,3.4999999999999987,2.53311402559511,122.75,14.990969503893558,39.33333333333333
19hr_d1,108,18.0,4,22.49999999999999,2.101586702153081,3.499999999999994,1.7559422921421224,126.5,15.31067165955389,39.5
19hr_d1,109,18.166666666666668,4,22.749999999999996,3.4247870980057535,4.4999999999999964,2.3979157616563582,126.5,16.132265804901678,39.66666666666667
19hr_d1,110,18.333333333333332,4,20.749999999999996,1.7969882210706534,4.999999999999996,2.857738033247041,128.25,15.691691007239044,39.83333333333333
19hr_d1,111,18.5,4,20.749999999999996,4.479118216792231,4.749999999999991,2.056493779875509,126.25,15.654472204453269,40.0
19hr_d1,112,18.666666666666668,4,25.249999999999993,4.497684589504543,5.249999999999994,3.0103986446980726,126.25,15.902698932361554,40.16666666666667
19hr_d1,113,18.833333333333332,4,22.999999999999993,3.3911649915626345,5.249999999999993,2.4958298553119893,131.5,16.575584454250777,40.33333333333333
19hr_d1,114,19.0,4,22.999999999999993,3.894440481849309,6.499999999999994,2.7838821814150085,130.5,17.07093045696885,40.5
19hr_d1,115,19.166666666666668,4,23.249999999999996,4.2106016988865935,6.249999999999993,2.657536453183662,133.0,19.600170067289383,40.66666666666667
19hr_d1,116,19.333333333333332,4,24.749999999999993,5.588306243099661,5.499999999999994,3.2015621187164243,130.75,17.32712228463419,40.83333333333333
19hr_d1,117,19.5,4,20.999999999999996,2.614064523559689,6.249999999999998,3.2499999999999996,135.25,17.922867144144842,41.0
19hr_d1,118,19.666666666666668,4,21.749999999999993,3.9660013447635976,5.499999999999994,2.5980762113533142,135.5,16.775478135262397,41.16666666666667
19hr_d1,119,19.833333333333332,4,23.499999999999993,4.663689526544406,4.249999999999997,1.887458608817687,133.5,15.013882464794595,41.33333333333333
19hr_d1,120,20.0,4,23.249999999999993,5.170025789748697,4.999999999999995,2.5495097567963922,134.75,14.32582167509657,41.5
19hr_d1,121,20.166666666666668,4,22.499999999999993,4.734624237113928,7.749999999999997,3.4003676271838597,136.0,15.636495771111889,41.66666666666667
19hr_d1,122,20.333333333333332,4,23.499999999999996,5.560275772537425,7.499999999999992,3.3291640592396976,138.5,18.0208212909401,41.83333333333333
19hr_d1,123,20.5,4,22.749999999999993,6.992555565266057,6.499999999999998,3.122498999199199,143.75,16.494317203206688,42.0
19hr_d1,124,20.666666666666668,4,21.249999999999993,7.004462863060952,7.499999999999993,3.8622100754188193,144.25,15.975893297924427,42.16666666666667
19hr_d1,125,20.833333333333332,4,20.999999999999996,5.845225972250062,6.999999999999997,3.1622776601683795,143.0,14.736575812130399,42.33333333333333
19hr_d1,126,21.0,4,22.74999999999999,6.289872812704558,7.749999999999993,3.198306843732578,142.75,14.653640048352038,42.5
19hr_d1,127,21.166666666666668,4,20.999999999999993,6.867799259345502,5.749999999999991,3.473110997362447,148.5,13.481468762712764,42.66666666666667
19hr_d1,128,21.333333333333332,4,22.499999999999993,5.722761571129799,8.749999999999993,3.8595120589698046,145.0,13.422617727800592,42.83333333333333
19hr_d1,129,21.5,4,21.74999999999999,5.807681694675307,7.749999999999991,3.4003676271838597,147.75,13.55467324086666,43.0
19hr_d1,130,21.666666666666668,4,21.249999999999993,6.48556088553642,8.499999999999993,3.175426480542941,147.75,13.368962811926236,43.16666666666667
19hr_d1,131,21.833333333333332,4,22.499999999999993,6.034622330077223,8.499999999999993,2.466441431158123,149.0,13.297869503545797,43.33333333333333
19hr_d1,132,22.0,4,18.999999999999993,4.41588043316392,8.249999999999993,2.688710967483616,152.0,13.946325680981353,43.5
19hr_d1,133,22.166666666666668,4,21.499999999999996,6.563789555838405,7.499999999999995,2.6299556396765813,152.25,13.719663504134012,43.66666666666667
19hr_d1,134,22.333333333333332,4,19.749999999999993,5.977387946809763,7.749999999999988,2.3935677693908435,157.0,13.96424004376894,43.83333333333333
19hr_d1,135,22.5,4,17.999999999999993,4.636809247747855,6.999999999999991,2.483277404291893,160.25,13.91866253153178,44.0
19hr_d1,136,22.666666666666668,4,16.749999999999993,4.289036410819259,7.749999999999991,2.015564437074634,160.0,12.402956636759372,44.16666666666667
19hr_d1,137,22.833333333333332,4,18.999999999999993,4.527692569068709,8.249999999999988,2.3228933107943885,156.5,12.413030787576957,44.33333333333333
19hr_d1,138,23.0,4,19.999999999999993,7.222649560006812,8.499999999999991,2.0615528128088276,155.5,10.649726131063966,44.5
19hr_d1,139,23.166666666666668,4,19.49999999999999,4.94132236012453,6.499999999999992,1.554563175514804,156.75,11.757090059477584,44.66666666666667
19hr_d1,140,23.333333333333332,4,21.999999999999993,4.527692569068708,8.749999999999995,2.3228933107943903,155.5,10.812801055539063,44.83333333333333
19hr_d1,141,23.5,4,20.999999999999993,5.73003781255703,8.49999999999999,2.6614532371118824,158.25,12.154388782109393,45.0
19hr_d1,142,23.666666666666668,4,19.499999999999996,5.866571968932681,9.99999999999999,1.7320508075688772,157.5,10.665364503850771,45.16666666666667
19hr_d1,143,23.833333333333332,4,22.49999999999999,5.3928965624544745,10.749999999999991,1.8874586088176906,157.25,10.703387314303823,45.33333333333333
19hr_d1,144,24.0,4,23.24999999999999,6.303107699116893,10.499999999999988,2.0615528128088285,161.0,9.789450103725608,45.5
19hr_d1,145,24.166666666666668,4,22.249999999999993,7.531876702832215,10.249999999999993,2.174664725116646,160.25,9.911062842433536,45.66666666666667
19hr_d1,146,24.333333333333332,4,24.75,8.127884103504428,9.24999999999999,2.2126530078919586,158.5,9.03234926989282,45.83333333333333
19hr_d1,147,24.5,4,23.499999999999993,5.678908345800274,10.74999999999999,2.528998484248921,161.75,9.577534477445992,46.0
19hr_d1,148,24.666666666666668,4,22.749999999999993,6.908629868987533,11.749999999999993,2.625991876098124,160.75,9.437293044088436,46.16666666666667
19hr_d1,149,24.833333333333332,4,22.249999999999993,5.437140792732886,11.249999999999993,3.119161212035485,160.5,9.613358760946491,46.33333333333333
19hr_d1,150,25.0,4,22.249999999999993,5.5433894565208615,11.249999999999993,2.9261749776799064,164.25,10.379266191146014,46.5
19hr_d1,151,25.166666666666668,4,20.749999999999993,6.675514961409342,12.249999999999986,3.5910769044025375,165.25,9.46374661537385,46.66666666666667
19hr_d1,152,25.333333333333332,4,21.74999999999999,5.359959576961999,12.24999999999999,3.065262359624919,164.5,7.973915809270458,46.83333333333333
19hr_d1,153,25.5,4,21.249999999999993,5.4981057344022295,10.749999999999986,2.9261749776799055,166.25,8.320406640703727,47.0
19hr_d1,154,25.666666666666668,4,21.999999999999993,5.830951894845303,9.249999999999986,1.887458608817687,169.75,8.938446919534362,47.16666666666667
19hr_d1,155,25.833333333333332,4,23.749999999999993,6.289872812704565,9.749999999999996,2.0966242709015206,171.75,9.231964399122576,47.33333333333333
19hr_d1,156,26.0,4,25.99999999999999,7.427426651719063,10.249999999999995,2.868652413009753,174.25,9.095557523685212,47.5
19hr_d1,157,26.166666666666668,4,25.499999999999996,8.33166649996666,10.499999999999991,1.9364916731037065,175.25,7.386643351347079,47.66666666666667
19hr_d1,158,26.333333333333332,4,29.249999999999993,6.459811658761167,9.749999999999988,1.4361406616345032,176.25,8.844725358464595,47.83333333333333
19hr_d1,159,26.5,4,29.999999999999993,7.059272861515789,8.749999999999995,1.2499999999999987,178.0,9.548123724935003,48.0
19hr_d1,160,26.666666666666668,4,27.749999999999993,6.60018939122204,8.499999999999993,1.0408329997330656,178.75,8.045443845224865,48.16666666666667
19hr_d1,161,26.833333333333332,4,28.74999999999999,7.27295217455287,7.749999999999992,1.030776406404416,180.5,10.927793311857004,48.33333333333333
19hr_d1,162,27.0,4,30.999999999999993,8.90692614392492,9.999999999999984,1.63299316185545,179.0,9.318440498996242,48.5
19hr_d1,163,27.166666666666668,4,30.249999999999993,9.195787078874757,11.24999999999999,1.7969882210706538,179.5,7.815582725128904,48.66666666666667
19hr_d1,164,27.333333333333332,4,29.499999999999993,9.920517459622088,12.99999999999999,2.041241452319312,183.5,8.2915619758885,48.83333333333333
19hr_d1,165,27.5,4,28.749999999999996,8.91978138745564,10.249999999999991,1.7500000000000002,183.5,9.394147114027977,49.0
19hr_d1,166,27.666666666666668,4,29.999999999999996,10.27131929208707,10.749999999999991,1.4361406616345047,181.25,8.035079339994098,49.16666666666667
19hr_d1,167,27.833333333333332,4,31.499999999999993,10.218447370646222,10.749999999999991,1.3149778198382893,182.0,9.15605446321358,49.33333333333333
19hr_d1,168,28.0,4,29.999999999999986,8.534244742994735,11.999999999999991,1.6329931618554487,183.75,10.957303500405564,49.5
19hr_d1,169,28.166666666666668,4,31.249999999999993,10.499007889637314,9.999999999999988,1.3540064007726564,185.75,8.02470144823677,49.66666666666667
19hr_d1,170,28.333333333333332,4,34.74999999999999,9.818137976894263,9.24999999999999,1.7969882210706538,184.0,7.164728420068226,49.83333333333333
19hr_d1,171,28.5,4,30.999999999999986,8.916277250063507,9.499999999999993,2.3979157616563604,186.5,7.58836829188814,50.0
19hr_d1,172,28.666666666666668,4,30.49999999999999,7.889866919029744,9.749999999999991,1.8874586088176855,193.25,10.546523913909581,50.16666666666667
19hr_d1,173,28.833333333333332,4,30.499999999999986,9.742518497116984,9.749999999999996,2.056493779875512,193.75,8.370334521391603,50.33333333333333
19hr_d1,174,29.0,4,28.999999999999993,9.874208829065752,11.249999999999991,1.7969882210706567,197.75,7.364045536705128,50.5
19hr_d1,175,29.166666666666668,4,33.5,8.703447592764606,10.249999999999993,2.056493779875515,196.75,5.764474535173754,50.66666666666667
19hr_d1,176,29.333333333333332,4,30.499999999999986,7.193747284969075,10.499999999999988,1.9364916731037085,200.0,4.43471156521669,50.83333333333333
19hr_d1,177,29.5,4,29.749999999999986,6.749999999999997,8.24999999999999,1.2500000000000007,206.5,5.330728530573158,51.0
19hr_d1,178,29.666666666666668,4,31.999999999999986,7.291547618075787,9.249999999999993,1.3768926368215282,203.5,7.274384280931732,51.16666666666667
19hr_d1,179,29.833333333333332,4,32.499999999999986,7.79422863405995,9.999999999999996,1.7320508075688772,206.5,8.271436795785034,51.33333333333333
19hr_d1,180,30.0,4,31.749999999999986,8.429857650043685,8.999999999999986,1.7795130420052165,210.5,7.216878364870322,51.5
19hr_d1,181,30.166666666666668,4,34.24999999999999,7.110731326663944,8.99999999999999,2.1602468994692865,208.75,8.40014880820572,51.66666666666667
19hr_d1,182,30.333333333333332,4,33.0,8.256310717667224,9.74999999999998,1.887458608817688,209.25,7.431632839872181,51.83333333333333
19hr_d1,183,30.5,4,34.499999999999986,9.059985283284593,10.24999999999999,1.7969882210706503,209.75,5.543389456520863,52.0
19hr_d1,184,30.666666666666668,4,35.749999999999986,7.899103324639658,9.749999999999986,2.3228933107943903,212.75,7.318640584152224,52.16666666666667
19hr_d1,185,30.833333333333332,4,36.24999999999999,7.431632839872178,8.749999999999982,2.7195281453467857,209.25,7.051890999346676,52.33333333333333
19hr_d1,186,31.0,4,38.49999999999999,8.411301920630358,8.74999999999999,1.652018966799915,205.75,7.877975628294365,52.5
19hr_d1,187,31.166666666666668,4,37.74999999999999,8.290305583430971,8.499999999999991,2.7233557730613662,208.75,9.141252649391111,52.66666666666667
19hr_d1,188,31.333333333333332,4,38.49999999999999,8.41130192063036,7.499999999999991,1.9364916731037072,206.0,6.390096504226938,52.83333333333333
19hr_d1,189,31.5,4,36.24999999999998,6.848053251350585,8.749999999999984,1.7017148213885076,209.25,8.508574106942557,53.0
19hr_d1,190,31.666666666666668,4,37.99999999999999,7.4498322128756715,9.249999999999986,2.3935677693908426,210.0,6.377042156569663,53.16666666666667
19hr_d1,191,31.833333333333332,4,38.49999999999999,7.7513439694889925,8.999999999999986,1.471960144387977,210.25,7.431632839872181,53.33333333333333
19hr_d1,192,32.0,4,40.99999999999999,6.493586579592713,10.249999999999991,2.65753645318366,205.75,9.095557523685212,53.5
19hr_d1,193,32.166666666666664,4,36.99999999999999,6.350852961085886,7.249999999999989,1.652018966799916,210.5,5.315072906367325,53.666666666666664
19hr_d1,194,32.333333333333336,4,37.999999999999986,5.431390245600108,6.999999999999986,2.12132034355964,215.0,6.570134448142341,53.833333333333336
19hr_d1,195,32.5,4,40.49999999999999,6.652067347825036,8.749999999999993,1.9311050377094119,215.75,6.650501234242925,54.0
19hr_d1,196,32.666666666666664,4,43.0,8.897565210026094,9.749999999999993,2.6575364531836634,215.0,4.813176359397884,54.166666666666664
19hr_d1,197,32.833333333333336,4,43.999999999999986,7.93725393319377,10.24999999999999,2.594063736045565,214.0,5.873670062235365,54.333333333333336
19hr_d1,198,33.0,4,46.999999999999986,9.565563234854492,7.499999999999995,1.5545631755148044,216.0,5.307227776030219,54.5
19hr_d1,199,33.166666666666664,4,42.249999999999986,6.860211367006124,8.99999999999998,2.345207879911713,220.5,6.885976086704532,54.666666666666664
19hr_d1,200,33.333333333333336,4,47.25,10.64091944648895,7.749999999999988,1.9311050377094117,213.75,4.269562819149837,54.833333333333336
19hr_d1,201,33.5,4,45.0,8.573214099741126,6.249999999999991,1.8874586088176881,216.25,4.6075119822596955,55.0
19hr_d1,202,33.666666666666664,4,48.249999999999986,10.601690116832001,8.499999999999982,2.6299556396765866,214.75,1.8874586088176875,55.166666666666664
19hr_d1,203,33.833333333333336,4,46.249999999999986,8.83529852353615,7.749999999999982,1.6520189667999166,217.25,1.9311050377094066,55.333333333333336
19hr_d1,204,34.0,4,51.499999999999986,10.507933510765406,6.999999999999987,2.380476142847614,214.75,5.1214418542698175,55.5
19hr_d1,205,34.166666666666664,4,52.99999999999999,12.68200825316453,6.249999999999985,2.32289331079439,214.25,3.06526235962492,55.666666666666664
19hr_d1,206,34.333333333333336,4,48.99999999999999,12.254250963101201,6.9999999999999885,1.4719601443879735,218.75,6.485560885536423,55.833333333333336
19hr_d1,207,34.5,4,51.74999999999999,11.813657350710661,6.49999999999999,2.3273733406281547,220.5,6.689544080129828,56.0
19hr_d1,208,34.666666666666664,4,53.499999999999986,12.546579879260586,6.9999999999999805,2.081665999466135,219.5,5.439056290693573,56.166666666666664
19hr_d1,209,34.833333333333336,4,54.49999999999999,13.616778865306829,6.749999999999995,1.9311050377094088,218.5,4.425306015783918,56.333333333333336
19hr_d1,210,35.0,4,51.24999999999999,12.963892162464175,6.999999999999989,1.3540064007726642,220.5,3.662876829305985,56.5
19hr_d1,211,35.166666666666664,4,58.249999999999986,15.085174841545593,6.499999999999988,1.190238071423808,213.75,6.835873511605278,56.666666666666664
19hr_d1,212,35.333333333333336,4,56.999999999999986,14.747881203752625,7.999999999999993,1.0801234497346446,218.0,6.794605703546503,56.833333333333336
19hr_d1,213,35.5,4,50.24999999999999,11.115867037707856,7.499999999999988,0.6454972243678999,224.5,8.568352622684635,57.0
19hr_d1,214,35.666666666666664,4,52.499999999999986,11.478240283249,7.7499999999999885,0.4787135538781683,222.75,6.209871174187111,57.166666666666664
19hr_d1,215,35.833333333333336,4,53.499999999999986,12.453245895481762,6.249999999999988,1.0307764064044094,221.5,4.173328008516305,57.333333333333336
19hr_d1,216,36.0,4,54.49999999999998,11.933845426628695,8.249999999999979,1.1086778913041715,221.5,4.804511768466525,57.5
19hr_d1,217,36.166666666666664,4,55.499999999999986,10.996211468804455,7.749999999999991,1.6520189667999177,220.75,6.811448695639815,57.666666666666664
19hr_d1,218,36.333333333333336,4,52.75,14.18552666158951,8.24999999999999,0.9464847243000449,221.25,7.330018190063833,57.833333333333336
19hr_d1,219,36.5,4,56.24999999999999,13.852647159779002,6.749999999999992,1.9311050377094123,214.5,5.330728530573158,58.0
19hr_d1,220,36.666666666666664,4,53.74999999999999,15.040916417115906,7.499999999999989,2.3629078131263066,219.75,4.110454151712841,58.166666666666664
19hr_d1,221,36.833333333333336,4,57.49999999999999,13.817259737975064,6.749999999999991,0.4787135538781674,218.25,2.3935677693908453,58.333333333333336
19hr_d1,222,37.0,4,53.25,12.886523968859873,5.249999999999988,0.8539125638299674,222.5,2.661453237111885,58.5
19hr_d1,223,37.166666666666664,4,53.74999999999999,11.397185325041152,6.24999999999999,1.5478479684172288,223.5,5.545268253204709,58.666666666666664
19hr_d1,224,37.333333333333336,4,57.749999999999986,11.033094156521399,7.249999999999998,1.0307764064044156,223.0,4.6904157598234315,58.833333333333336
19hr_d1,225,37.5,4,59.249999999999986,15.063061884402295,5.999999999999986,0.7071067811865442,220.0,6.467869303977416,59.0
19hr_d1,226,37.666666666666664,4,59.499999999999986,17.187689392895916,5.749999999999983,1.3149778198382918,220.0,6.2048368229954285,59.166666666666664
19hr_d1,227,37.833333333333336,4,63.0,18.56071119327059,6.249999999999985,1.9737865470545022,218.75,3.497022543059548,59.333333333333336
19hr_d1,228,38.0,4,66.75,19.3536172329619,6.749999999999984,1.4361406616345085,217.0,5.0,59.5
19hr_d1,229,38.166666666666664,4,65.24999999999999,17.114199757316534,5.999999999999994,1.3540064007726564,219.25,3.0652623596249176,59.666666666666664
19hr_d1,230,38.333333333333336,4,66.49999999999999,18.772763959168792,6.249999999999989,1.1086778913041764,223.0,4.564354645876384,59.833333333333336
19hr_d1,231,38.5,4,65.0,15.900733735690736,7.249999999999984,0.7500000000000023,226.0,3.7416573867739413,60.0
19hr_d1,232,38.666666666666664,4,66.74999999999997,13.4249456857995,6.249999999999988,1.887458608817686,220.5,3.8837267325770144,60.166666666666664
19hr_d1,233,38.833333333333336,4,66.49999999999999,16.23524971576764,5.499999999999982,1.1902380714238072,223.0,3.719318934070233,60.333333333333336
19hr_d1,234,39.0,4,70.49999999999999,13.244495712055883,6.49999999999999,1.1902380714238079,217.25,5.421792446537707,60.5
19hr_d1,235,39.166666666666664,4,68.0,14.335271186831454,5.249999999999983,1.1086778913041753,225.5,4.769696007084728,60.666666666666664
19hr_d1,236,39.333333333333336,4,71.49999999999999,15.063753405664423,6.749999999999985,2.0155644370746355,223.5,3.2015621187164243,60.833333333333336
19hr_d1,237,39.5,4,69.75,13.117259622344912,6.2499999999999885,1.7969882210706578,224.5,3.8622100754188224,61.0
19hr_d1,238,39.666666666666664,4,73.25,16.640187298625378,5.99999999999998,2.041241452319317,223.25,3.497022543059548,61.166666666666664
19hr_d1,239,39.833333333333336,4,72.5,13.74469594667946,5.499999999999985,0.8660254037844384,224.25,3.8378596465564847,61.333333333333336
19hr_d1,240,40.0,4,76.49999999999999,14.551632210855248,4.499999999999981,0.866025403784439,222.5,1.4433756729740645,61.5
19hr_d1,241,40.166666666666664,4,74.99999999999999,14.462595433277757,6.249999999999989,1.5478479684172226,221.75,3.0379543555930306,61.666666666666664
19hr_d1,242,40.333333333333336,4,80.75,17.29824172182441,6.999999999999986,1.2909944487358085,219.5,5.172040216394301,61.833333333333336
19hr_d1,243,40.5,4,78.5,16.695807857064,6.999999999999982,1.6832508230603478,225.0,4.546060565661952,62.0
19hr_d1,244,40.666666666666664,4,73.25,16.675206145652293,4.749999999999988,0.6291528696058978,227.25,2.6575364531836603,62.166666666666664
19hr_d1,245,40.833333333333336,4,79.24999999999999,16.559866142776237,6.499999999999989,2.4999999999999982,220.25,4.249999999999998,62.333333333333336
19hr_d1,246,41.0,4,79.75,18.705502755428235,4.749999999999984,1.3149778198382953,221.5,2.7233557730613653,62.5
19hr_d1,247,41.166666666666664,4,83.0,15.138251770487456,5.999999999999987,2.121320343559642,216.5,3.227486121839514,62.666666666666664
19hr_d1,248,41.333333333333336,4,77.24999999999999,15.493950432346173,5.749999999999981,1.4361406616345034,220.75,4.269562819149833,62.833333333333336
19hr_d1,249,41.5,4,80.74999999999999,14.285044627161652,3.999999999999981,0.9999999999999988,215.5,4.573474244670748,63.0
19hr_d1,250,41.666666666666664,4,83.5,16.68082731761228,5.49999999999999,1.4433756729740663,217.5,5.894913061275798,63.166666666666664
19hr_d1,251,41.833333333333336,4,79.74999999999999,15.55300078227135,5.249999999999976,2.3584952830141535,220.5,5.267826876426369,63.333333333333336
19hr_d1,252,42.0,4,85.25,15.450862974820105,4.49999999999999,1.3228756555322971,218.75,4.939213837579146,63.5
19hr_d1,253,42.166666666666664,4,82.0,14.148026953136139,5.4999999999999885,1.9364916731037107,223.0,3.488074922742725,63.666666666666664
19hr_d1,254,42.333333333333336,4,90.24999999999997,20.245884355427236,5.499999999999984,1.4433756729740623,220.25,3.682729965664061,63.833333333333336
19hr_d1,255,42.5,4,93.25,19.918061317976374,4.249999999999986,0.4787135538781681,219.5,4.7169905660282945,64.0
19hr_d1,256,42.666666666666664,4,92.5,20.31624965391005,4.249999999999984,0.6291528696058915,221.5,4.291464396527914,64.16666666666666
19hr_d1,257,42.833333333333336,4,96.75,19.49946580464877,4.499999999999983,1.1902380714238068,216.25,6.046693311223912,64.33333333333334
19hr_d1,258,43.0,4,100.25,16.05394551712029,3.999999999999986,0.8164965809277295,214.25,4.836923953643814,64.5
19hr_d1,259,43.166666666666664,4,94.25,14.946432127211267,3.7499999999999916,0.6291528696058971,218.25,5.072392597844396,64.66666666666666
19hr_d1,260,43.333333333333336,4,103.5,18.750555547325348,3.499999999999987,1.1902380714238099,212.25,2.6259918760981193,64.83333333333334
19hr_d1,261,43.5,4,100.5,17.236105515264555,3.749999999999992,1.6520189667999177,220.75,1.9311050377094112,65.0
19hr_d1,262,43.666666666666664,4,98.5,17.457090250096083,1.9999999999999845,1.0801234497346395,223.25,3.1983068437325772,65.16666666666666
19hr_d1,263,43.833333333333336,4,98.25,16.36243156339139,5.249999999999993,0.8539125638299648,221.5,2.3273733406281556,65.33333333333334
19hr_d1,264,44.0,4,103.0,18.05547008526779,2.499999999999984,1.1902380714238088,217.5,6.4614239916600305,65.5
19hr_d1,265,44.166666666666664,4,102.0,16.09865418805766,2.999999999999984,1.0801234497346472,217.25,9.095557523685217,65.66666666666666
19hr_d1,266,44.333333333333336,4,105.74999999999997,15.897457868057604,3.249999999999986,0.249999999999998,216.25,7.663495721057504,65.83333333333334
19hr_d1,267,44.5,4,102.74999999999997,14.453229166291292,3.749999999999985,1.2499999999999933,215.25,5.647639624952475,66.0
19hr_d1,268,44.666666666666664,4,104.0,15.932147794109037,3.2499999999999827,0.6291528696058961,213.25,7.930689335318421,66.16666666666666
19hr_d1,269,44.833333333333336,4,114.49999999999999,17.628102563804195,3.999999999999982,1.3540064007726575,205.5,10.805091392487157,66.33333333333334
19hr_d1,270,45.0,4,115.0,13.982131454109567,4.499999999999985,1.4433756729740705,208.25,6.823672031978093,66.5
19hr_d1,271,45.166666666666664,4,114.25,17.26931286029258,3.749999999999989,1.0307764064044158,212.25,9.222933372848352,66.66666666666666
19hr_d1,272,45.333333333333336,4,113.5,17.30366049905819,3.74999999999998,0.8539125638299656,217.25,8.239892798655426,66.83333333333334
19hr_d1,273,45.5,4,112.25,11.338540470448562,4.749999999999988,1.5478479684172215,214.25,6.087897830942968,67.0
19hr_d1,274,45.666666666666664,4,118.25,14.302534740387799,4.49999999999999,2.3629078131263,207.25,9.732890971682908,67.16666666666666
19hr_d1,275,45.833333333333336,4,121.5,15.10794492973813,3.9999999999999907,2.380476142847617,203.75,7.431632839872181,67.33333333333334
19hr_d1,276,46.0,4,116.24999999999999,14.458993740921255,5.249999999999982,1.1086778913041675,210.0,4.4347115652166975,67.5
19hr_d1,277,46.166666666666664,4,122.25,17.11419975731654,4.999999999999986,1.2247448713915845,204.5,7.643079658532065,67.66666666666666
19hr_d1,278,46.333333333333336,4,126.25,15.813364600868471,3.249999999999981,1.3149778198382926,205.0,6.150880695748645,67.83333333333334
19hr_d1,279,46.5,4,123.99999999999997,17.363755354185336,3.249999999999993,1.6007810593582084,207.75,10.633085159068363,68.0
19hr_d1,280,46.666666666666664,4,117.75,11.912003749719581,3.999999999999986,1.4142135623730958,208.75,7.8885465496925775,68.16666666666666
19hr_d1,281,46.833333333333336,4,118.49999999999999,13.319784783046115,3.4999999999999867,0.6454972243679027,208.5,5.605057240266746,68.33333333333334
19hr_d1,282,47.0,4,121.0,13.693063937629153,3.749999999999978,0.8539125638299692,208.75,7.685213074469698,68.5
19hr_d1,283,47.166666666666664,4,119.5,14.6315868357924,4.749999999999995,1.3768926368215253,212.0,9.442810316143525,68.66666666666666
19hr_d1,284,47.333333333333336,4,126.25,15.173304408291118,4.499999999999992,1.3228756555322978,208.0,9.68676072448026,68.83333333333334
19hr_d1,285,47.5,4,124.25,14.856956844073638,5.249999999999987,1.4361406616345136,205.75,9.44611913256797,69.0
19hr_d1,286,47.666666666666664,4,128.5,13.382202110763888,3.249999999999995,0.47871355387816905,204.5,7.96345821026686,69.16666666666666
19hr_d1,287,47.833333333333336,4,129.25,11.714485335116803,3.499999999999989,0.8660254037844389,200.5,8.331666499966653,69.33333333333334
19hr_d1,288,48.0,4,126.0,10.08298897483612,3.2499999999999916,0.7500000000000016,205.25,7.8779756282943705,69.5
19hr_d1,289,48.166666666666664,4,132.5,12.599603168354152,3.2499999999999862,0.9464847243000389,203.25,7.930689335318422,69.66666666666666
19hr_d1,290,48.333333333333336,4,127.75,13.768169813014367,3.4999999999999774,1.040832999733065,201.75,10.29866496202299,69.83333333333334
19hr_d1,291,48.5,4,128.0,16.40629960309961,2.4999999999999862,0.6454972243679077,202.25,11.477332733116464,70.0
19hr_d1,292,48.666666666666664,4,128.0,14.916433890176299,2.7499999999999893,0.7500000000000023,203.0,10.25508004194344,70.16666666666666
19hr_d1,293,48.833333333333336,4,134.5,15.929532322073994,2.499999999999987,1.1902380714238083,199.25,11.614466553971962,70.33333333333334
19hr_d1,294,49.0,4,133.0,13.083067937860243,4.499999999999974,1.3228756555322956,202.25,6.523994175349944,70.5
19hr_d1,295,49.166666666666664,4,126.25,14.527990225767635,3.249999999999985,0.6291528696058957,206.25,9.818137976894262,70.66666666666666
19hr_d1,296,49.333333333333336,4,132.5,14.239030865898139,3.7499999999999756,1.314977819838294,199.25,7.81424980404389,70.83333333333334
19hr_d1,297,49.5,4,138.5,15.986973864159948,3.49999999999998,0.957427107756336,198.75,10.258126859552219,71.0
19hr_d1,298,49.666666666666664,4,137.5,18.355289882392672,2.749999999999992,0.8539125638299694,205.75,8.872945771651414,71.16666666666666
19hr_d1,299,49.833333333333336,4,143.5,16.147755261955147,2.499999999999987,0.8660254037844378,197.5,9.836157786453011,71.33333333333334
24hr_basal,0,0.0,4,34.25,5.467708234108083,0.2499999999999985,0.2499999999999985,47.5,2.3979157616563613,26.5
24hr_basal,1,0.1666666666666666,4,34.75,6.046693311223913,0.24999999999999864,0.24999999999999864,48.25,2.0564937798755114,26.666666666666668
24hr_basal,2,0.3333333333333333,4,33.5,5.6935636175129085,0.9999999999999989,0.5773502691896251,47.5,1.936491673103708,26.833333333333332
24hr_basal,3,0.5,4,34.5,4.2914643965279105,0.7499999999999994,0.4787135538781688,48.5,2.9011491975882024,27.0
24hr_basal,4,0.6666666666666666,4,31.5,3.9686269665968856,0.24999999999999864,0.24999999999999864,50.0,3.34165627596057,27.166666666666668
24hr_basal,5,0.8333333333333334,4,29.749999999999996,3.375771516754849,0.24999999999999964,0.2499999999999996,53.0,3.3416562759605704,27.333333333333332
24hr_basal,6,1.0,4,30.5,4.173328008516306,1.4999999999999973,0.2886751345948143,55.25,2.8686524130097495,27.5
24hr_basal,7,1.1666666666666667,4,29.25,3.7941841459440693,0.49999999999999645,0.28867513459481087,57.5,3.774917217635375,27.666666666666668
24hr_basal,8,1.3333333333333333,4,29.5,4.272001872658766,0.24999999999999964,0.2499999999999996,55.25,2.5617376914898995,27.833333333333332
24hr_basal,9,1.5,4,30.25,3.8595120589698038,0.499999999999998,0.28867513459481176,54.25,2.7801378862687125,28.0
24hr_basal,10,1.6666666666666667,4,29.75,4.802343178074637,0.4999999999999976,0.2886751345948115,54.5,3.9475730941090026,28.166666666666668
24hr_basal,11,1.8333333333333333,4,25.25,4.110454151712841,0.2499999999999984,0.2499999999999984,56.75,4.819664580307085,28.333333333333332
24hr_basal,12,2.0,4,26.25,4.269562819149833,0.24999999999999992,0.24999999999999994,55.0,3.807886552931955,28.5
24hr_basal,13,2.1666666666666665,4,23.249999999999993,4.714781719938544,0.0,0.0,59.5,3.278719262151,28.666666666666668
24hr_basal,14,2.3333333333333335,4,25.75,4.888336458687488,0.24999999999999797,0.24999999999999797,56.75,3.9024564913226985,28.833333333333332
24hr_basal,15,2.5,4,22.0,3.1091263510296057,0.4999999999999981,0.2886751345948118,60.75,3.4247870980057527,29.0
24hr_basal,16,2.6666666666666665,4,22.75,2.6575364531836607,1.7499999999999971,0.47871355387816994,60.5,5.299371031861549,29.166666666666668
24hr_basal,17,2.8333333333333335,4,26.0,5.830951894845301,0.4999999999999982,0.28867513459481187,59.75,2.9825883613622137,29.333333333333332
24hr_basal,18,3.0,4,20.499999999999996,3.9264063297965817,0.24999999999999992,0.24999999999999994,62.75,3.4247870980057527,29.5
24hr_basal,19,3.1666666666666665,4,23.5,4.481443219916251,0.0,0.0,63.5,2.7233557730613653,29.666666666666668
24hr_basal,20,3.3333333333333335,4,22.25,3.816084380618438,0.25,0.25,62.5,2.9011491975882016,29.833333333333332
24hr_basal,21,3.5,4,20.749999999999996,4.836923953643818,0.0,0.0,65.75,2.954516316872639,30.0
24hr_basal,22,3.6666666666666665,4,19.5,3.227486121839513,0.0,0.0,68.25,4.75,30.166666666666668
24hr_basal,23,3.8333333333333335,4,20.5,4.645786621588784,0.0,0.0,65.0,4.881939505292269,30.333333333333332
24hr_basal,24,4.0,4,17.5,3.862210075418822,0.24999999999999814,0.24999999999999817,68.75,4.3084219849035215,30.5
24hr_basal,25,4.166666666666667,4,19.499999999999996,4.839077046985991,0.4999999999999981,0.2886751345948118,69.25,3.1191612120354835,30.666666666666668
24hr_basal,26,4.333333333333333,4,18.999999999999996,4.415880433163924,0.24999999999999922,0.24999999999999922,66.5,5.575242894559244,30.833333333333332
24hr_basal,27,4.5,4,17.749999999999996,2.5617376914899,0.2499999999999982,0.2499999999999982,69.25,7.375353098891831,31.0
24hr_basal,28,4.666666666666667,4,16.749999999999996,3.03795435559303,0.49999999999999994,0.49999999999999994,71.0,7.011894655987543,31.166666666666668
24hr_basal,29,4.833333333333333,4,14.25,2.3935677693908453,0.0,0.0,70.75,6.01906692658145,31.333333333333332
24hr_basal,30,5.0,4,15.249999999999996,3.1721443851123805,0.4999999999999992,0.4999999999999992,69.75,6.968679932383177,31.5
24hr_basal,31,5.166666666666667,4,11.999999999999996,4.203173404306162,0.0,0.0,72.25,6.046693311223912,31.666666666666668
24hr_basal,32,5.333333333333333,4,12.749999999999996,3.3757715167548494,0.0,0.0,74.5,4.481443219916251,31.833333333333332
24hr_basal,33,5.5,4,12.499999999999998,2.466441431158125,0.24999999999999872,0.24999999999999872,75.75,5.137687547266117,32.0
24hr_basal,34,5.666666666666667,4,12.499999999999993,2.0207259421636894,0.0,0.0,71.5,4.839077046985992,32.166666666666664
24hr_basal,35,5.833333333333333,4,11.499999999999998,0.866025403784439,0.0,0.0,75.0,6.745368781616023,32.333333333333336
24hr_basal,36,6.0,4,11.249999999999995,1.0307764064044154,0.0,0.0,76.5,7.621242243449117,32.5
24hr_basal,37,6.166666666666667,4,9.249999999999998,1.0307764064044151,0.0,0.0,78.0,6.670832032063169,32.666666666666664
24hr_basal,38,6.333333333333333,4,11.0,1.2909944487358052,0.0,0.0,76.75,5.437140792732887,32.833333333333336
24hr_basal,39,6.5,4,9.249999999999996,0.4787135538781686,0.0,0.0,75.75,7.261485155714818,33.0
24hr_basal,40,6.666666666666667,4,7.749999999999999,1.842778698957999,0.2499999999999984,0.2499999999999984,77.25,4.130677910464576,33.166666666666664
24hr_basal,41,6.833333333333333,4,8.499999999999996,2.7838821814150108,0.24999999999999803,0.24999999999999803,75.0,5.986094998689325,33.333333333333336
24hr_basal,42,7.0,4,6.999999999999998,1.7320508075688767,0.0,0.0,77.25,4.210601698886594,33.5
24hr_basal,43,7.166666666666667,4,10.249999999999996,1.9737865470545022,0.0,0.0,74.25,5.313112709765027,33.666666666666664
24hr_basal,44,7.333333333333333,4,9.749999999999996,1.6520189667999157,0.0,0.0,74.0,5.582711408148076,33.833333333333336
24hr_basal,45,7.5,4,8.999999999999996,0.9999999999999991,0.24999999999999997,0.24999999999999997,78.75,6.42099421169858,34.0
24hr_basal,46,7.666666666666667,4,7.999999999999999,0.8164965809277263,0.0,0.0,76.75,5.02286438863988,34.166666666666664
24hr_basal,47,7.833333333333333,4,11.249999999999996,1.3149778198382924,0.0,0.0,75.75,6.675514961409345,34.333333333333336
24hr_basal,48,8.0,4,10.999999999999996,2.1602468994692856,0.0,0.0,77.75,6.276610019216849,34.5
24hr_basal,49,8.166666666666666,4,6.9999999999999964,1.5811388300841873,0.0,0.0,79.75,6.650501234242927,34.666666666666664
24hr_basal,50,8.333333333333334,4,7.9999999999999964,0.7071067811865476,0.0,0.0,77.25,6.046693311223912,34.833333333333336
24hr_basal,51,8.5,4,7.4999999999999964,0.9574271077563393,0.0,0.0,76.75,7.909646009778186,35.0
24hr_basal,52,8.666666666666666,4,7.499999999999996,1.0408329997330665,0.0,0.0,76.75,6.86021136700612,35.166666666666664
24hr_basal,53,8.833333333333334,4,7.249999999999995,1.108677891304172,0.24999999999999842,0.24999999999999842,74.75,7.075485849042453,35.333333333333336
24hr_basal,54,9.0,4,7.9999999999999964,2.3452078799117153,0.0,0.0,77.75,7.6852130744697,35.5
24hr_basal,55,9.166666666666666,4,7.249999999999999,0.7500000000000006,0.0,0.0,77.5,7.963458210266858,35.666666666666664
24hr_basal,56,9.333333333333334,4,6.7499999999999964,0.7499999999999994,0.0,0.0,75.0,7.615773105863903,35.833333333333336
24hr_basal,57,9.5,4,7.2499999999999964,0.7500000000000014,0.0,0.0,74.0,9.009254501159718,36.0
24hr_basal,58,9.666666666666666,4,4.999999999999996,0.40824829046386363,0.0,0.0,74.75,8.557404201430868,36.166666666666664
24hr_basal,59,9.833333333333334,4,5.7499999999999964,0.8539125638299667,0.0,0.0,74.5,6.601767440112787,36.333333333333336
24hr_basal,60,10.0,4,4.999999999999995,0.8164965809277251,0.0,0.0,74.5,6.5891324669235996,36.5
24hr_basal,61,10.166666666666666,4,5.9999999999999964,1.2247448713915907,0.49999999999999933,0.49999999999999933,77.5,6.435578192102607,36.666666666666664
24hr_basal,62,10.333333333333334,4,6.7499999999999964,1.4361406616345072,0.24999999999999975,0.24999999999999975,76.25,4.750000000000001,36.833333333333336
24hr_basal,63,10.5,4,5.749999999999998,1.1086778913041733,0.0,0.0,79.5,7.308670649760233,37.0
24hr_basal,64,10.666666666666666,4,7.2499999999999964,1.0307764064044156,0.24999999999999997,0.24999999999999997,79.75,8.014310117949432,37.166666666666664
24hr_basal,65,10.833333333333334,4,5.999999999999999,0.7071067811865475,0.0,0.0,80.25,9.321793461203342,37.333333333333336
24hr_basal,66,11.0,4,6.7499999999999964,1.2499999999999993,0.24999999999999986,0.24999999999999983,80.75,10.43531663790483,37.5
24hr_basal,67,11.166666666666666,4,6.249999999999997,0.4787135538781695,0.2499999999999996,0.2499999999999996,79.0,9.433981132056607,37.666666666666664
24hr_basal,68,11.333333333333334,4,4.499999999999997,0.6454972243679016,0.2499999999999994,0.2499999999999994,78.75,9.07721506483863,37.833333333333336
24hr_basal,69,11.5,4,3.9999999999999956,0.9999999999999991,0.25,0.25,79.0,10.352133435513021,38.0
24hr_basal,70,11.666666666666666,4,5.7499999999999964,0.8539125638299657,0.0,0.0,77.25,8.400148808205723,38.166666666666664
24hr_basal,71,11.833333333333334,4,3.9999999999999964,1.354006400772661,0.0,0.0,78.75,8.835298523536148,38.333333333333336
24hr_basal,72,12.0,4,6.499999999999996,1.2583057392117905,0.0,0.0,78.0,7.7995726378650625,38.5
24hr_basal,73,12.166666666666666,4,4.9999999999999964,1.6329931618554516,0.0,0.0,80.75,7.54293267458575,38.666666666666664
24hr_basal,74,12.333333333333334,4,6.749999999999997,1.4930394055974106,0.0,0.0,80.75,7.608931155775648,38.833333333333336
24hr_basal,75,12.5,4,5.749999999999995,0.8539125638299662,0.0,0.0,83.5,8.539125638299668,39.0
24hr_basal,76,12.666666666666666,4,4.749999999999997,1.0307764064044154,0.0,0.0,80.5,7.7190241179396075,39.166666666666664
24hr_basal,77,12.833333333333334,4,4.249999999999997,1.3149778198382924,0.0,0.0,80.0,6.855654600401045,39.333333333333336
24hr_basal,78,13.0,4,3.2499999999999956,1.1086778913041728,0.0,0.0,81.5,8.27143679578504,39.5
24hr_basal,79,13.166666666666666,4,4.2499999999999964,1.1086778913041722,0.0,0.0,79.5,7.5111028928291645,39.666666666666664
24hr_basal,80,13.333333333333334,4,5.249999999999996,1.4930394055974097,0.0,0.0,79.75,7.803578239072976,39.833333333333336
24hr_basal,81,13.5,4,5.4999999999999964,1.4433756729740634,0.24999999999999972,0.24999999999999972,81.75,8.340413658806138,40.0
24hr_basal,82,13.666666666666666,4,5.7499999999999964,1.4930394055974097,0.0,0.0,82.0,8.822320178577362,40.166666666666664
24hr_basal,83,13.833333333333334,4,5.749999999999998,2.1746647251166484,0.0,0.0,80.5,9.456038635002855,40.333333333333336
24hr_basal,84,14.0,4,4.749999999999997,1.181453906563153,0.0,0.0,82.0,7.153087911291645,40.5
24hr_basal,85,14.166666666666666,4,5.999999999999995,2.1602468994692865,0.0,0.0,85.75,7.951676971976833,40.666666666666664
24hr_basal,86,14.333333333333334,4,4.7499999999999964,1.931105037709411,0.0,0.0,86.5,7.511102892829166,40.833333333333336
24hr_basal,87,14.5,4,4.999999999999998,1.080123449734644,0.0,0.0,82.0,6.416125518306722,41.0
24hr_basal,88,14.666666666666666,4,6.2499999999999964,1.4361406616345072,0.0,0.0,81.5,7.076957915187383,41.166666666666664
24hr_basal,89,14.833333333333334,4,6.249999999999996,2.015564437074637,0.24999999999999803,0.24999999999999803,82.0,7.106335201775944,41.333333333333336
24hr_basal,90,15.0,4,6.249999999999998,0.8539125638299664,0.0,0.0,83.25,7.203876271378718,41.5
24hr_basal,91,15.166666666666666,4,4.249999999999995,0.9464847243000462,0.0,0.0,81.25,6.408002808988152,41.666666666666664
24hr_basal,92,15.333333333333334,4,4.749999999999997,0.8539125638299674,0.0,0.0,83.0,6.28490254498827,41.833333333333336
24hr_basal,93,15.5,4,4.499999999999997,0.9574271077563392,0.2499999999999983,0.24999999999999828,86.5,5.330728530573159,42.0
24hr_basal,94,15.666666666666666,4,4.999999999999998,1.8708286933869704,0.24999999999999997,0.24999999999999997,86.25,3.816084380618434,42.166666666666664
24hr_basal,95,15.833333333333334,4,5.499999999999997,1.6583123951776995,0.0,0.0,90.25,6.27661001921685,42.333333333333336
24hr_basal,96,16.0,4,6.2499999999999964,1.6007810593582121,0.249999999999999,0.24999999999999903,90.5,8.684276980075353,42.5
24hr_basal,97,16.166666666666668,4,4.749999999999998,1.7017148213885112,0.249999999999999,0.24999999999999903,93.75,7.75,42.66666666666667
24hr_basal,98,16.333333333333332,4,4.2499999999999964,1.4930394055974092,0.24999999999999736,0.24999999999999736,89.5,7.62124224344912,42.83333333333333
24hr_basal,99,16.5,4,4.499999999999997,1.8484227510682358,0.49999999999999767,0.49999999999999767,92.75,5.735488935856588,43.0
24hr_basal,100,16.666666666666668,4,3.249999999999998,1.8874586088176861,0.0,0.0,96.5,6.861729616746301,43.16666666666667
24hr_basal,101,16.833333333333332,4,3.9999999999999942,1.2247448713915876,0.2499999999999985,0.2499999999999985,97.75,6.263319141371184,43.33333333333333
24hr_basal,102,17.0,4,4.4999999999999964,1.3228756555322958,0.4999999999999988,0.4999999999999988,99.75,6.128825336065634,43.5
24hr_basal,103,17.166666666666668,4,3.9999999999999925,1.2247448713915896,0.4999999999999952,0.28867513459481015,102.0,7.626707459098366,43.66666666666667
24hr_basal,104,17.333333333333332,4,3.9999999999999947,1.5811388300841884,0.4999999999999991,0.28867513459481237,100.5,6.116916434500856,43.83333333333333
24hr_basal,105,17.5,4,5.2499999999999964,1.376892636821525,0.2499999999999984,0.2499999999999984,103.0,8.689073598491381,44.0
24hr_basal,106,17.666666666666668,4,4.499999999999991,1.5545631755148026,0.24999999999999825,0.24999999999999825,106.5,7.053367989832949,44.16666666666667
24hr_basal,107,17.833333333333332,4,3.7499999999999956,0.7499999999999986,0.49999999999999784,0.28867513459481164,101.0,7.41619848709566,44.33333333333333
24hr_basal,108,18.0,4,4.249999999999998,1.493039405597409,0.4999999999999969,0.2886751345948111,103.75,8.61563501238688,44.5
24hr_basal,109,18.166666666666668,4,4.249999999999996,0.8539125638299679,0.4999999999999969,0.2886751345948111,104.74999999999999,9.629598468610546,44.66666666666667
24hr_basal,110,18.333333333333332,4,4.999999999999994,1.6329931618554514,0.7499999999999982,0.47871355387816766,103.75,7.993486932079979,44.83333333333333
24hr_basal,111,18.5,4,5.249999999999995,0.8539125638299678,0.7499999999999969,0.24999999999999895,104.0,6.164414002968976,45.0
24hr_basal,112,18.666666666666668,4,3.999999999999999,0.7071067811865475,0.9999999999999999,0.7071067811865476,105.75,6.223276200416198,45.16666666666667
24hr_basal,113,18.833333333333332,4,3.749999999999996,1.1086778913041728,0.7499999999999944,0.24999999999999817,103.75,7.364045536705126,45.33333333333333
24hr_basal,114,19.0,4,3.749999999999998,1.6520189667999168,0.9999999999999963,0.40824829046386146,110.25,5.749999999999999,45.5
24hr_basal,115,19.166666666666668,4,3.9999999999999947,0.40824829046386374,0.7499999999999972,0.24999999999999906,107.0,9.03696114115064,45.66666666666667
24hr_basal,116,19.333333333333332,4,3.999999999999993,1.0801234497346432,0.4999999999999995,0.4999999999999995,110.5,8.421203397773187,45.83333333333333
24hr_basal,117,19.5,4,5.499999999999993,2.3979157616563613,0.2499999999999975,0.2499999999999975,108.25,5.218157401484422,46.0
24hr_basal,118,19.666666666666668,4,4.499999999999993,1.707825127659934,0.499999999999995,0.28867513459481,109.0,6.988085097745544,46.16666666666667
24hr_basal,119,19.833333333333332,4,2.999999999999998,0.7071067811865469,0.9999999999999993,0.4082482904638626,111.75,8.567136822377318,46.33333333333333
24hr_basal,120,20.0,4,3.9999999999999947,0.8164965809277259,0.9999999999999971,0.40824829046386296,113.24999999999999,7.706869230325197,46.5
24hr_basal,121,20.166666666666668,4,3.249999999999995,0.8539125638299669,1.2499999999999973,0.6291528696058953,109.25,8.097067370350823,46.66666666666667
24hr_basal,122,20.333333333333332,4,3.2499999999999942,1.3768926368215229,0.49999999999999684,0.28867513459481103,112.75,7.920174661373743,46.83333333333333
24hr_basal,123,20.5,4,3.2499999999999964,0.6291528696058959,1.2499999999999956,0.47871355387816805,112.0,10.590876576878163,47.0
24hr_basal,124,20.666666666666668,4,3.2499999999999956,0.6291528696058964,0.9999999999999973,0.7071067811865466,109.75,10.019772119830533,47.16666666666667
24hr_basal,125,20.833333333333332,4,4.749999999999998,2.286737122335373,1.7499999999999976,1.1086778913041724,112.5,8.883505314157619,47.33333333333333
24hr_basal,126,21.0,4,3.749999999999993,1.030776406404415,2.2499999999999942,0.9464847243000456,109.75,8.045443845224867,47.5
24hr_basal,127,21.166666666666668,4,3.4999999999999956,0.8660254037844385,1.999999999999997,1.0801234497346426,112.5,6.3047601064592484,47.66666666666667
24hr_basal,128,21.333333333333332,4,3.999999999999993,1.7320508075688752,2.7499999999999956,1.1086778913041713,113.5,7.9004219296608875,47.83333333333333
24hr_basal,129,21.5,4,4.249999999999998,0.6291528696058968,2.4999999999999956,0.9574271077563382,114.49999999999999,8.490190417966682,48.0
24hr_basal,130,21.666666666666668,4,3.249999999999992,0.4787135538781682,2.999999999999992,1.22474487139159,118.5,10.958254118851842,48.16666666666667
24hr_basal,131,21.833333333333332,4,3.749999999999994,0.2499999999999989,1.9999999999999982,1.0801234497346428,117.0,10.488088481701515,48.33333333333333
24hr_basal,132,22.0,4,2.9999999999999933,0.40824829046386124,2.499999999999998,1.6583123951776988,114.75,7.824906815206598,48.5
24hr_basal,133,22.166666666666668,4,3.4999999999999942,1.5545631755148044,1.2499999999999987,0.7499999999999989,119.0,8.66987120242663,48.66666666666667
24hr_basal,134,22.333333333333332,4,3.749999999999991,1.0307764064044138,2.7499999999999996,1.25,117.0,11.554220008291344,48.83333333333333
24hr_basal,135,22.5,4,3.4999999999999942,0.866025403784442,2.999999999999995,1.0801234497346415,119.5,9.115005942583544,49.0
24hr_basal,136,22.666666666666668,4,2.7499999999999942,0.47871355387816855,2.7499999999999902,1.1086778913041715,120.25,9.204844738868044,49.16666666666667
24hr_basal,137,22.833333333333332,4,2.9999999999999956,0.7071067811865469,2.749999999999996,1.1814539065631509,120.75,9.366384930519708,49.33333333333333
24hr_basal,138,23.0,4,3.9999999999999956,0.9128709291752756,2.999999999999996,0.9128709291752755,118.0,11.452801695072983,49.5
24hr_basal,139,23.166666666666668,4,4.249999999999994,1.3768926368215249,3.499999999999997,1.1902380714238072,120.0,11.768602295939818,49.66666666666667
24hr_basal,140,23.333333333333332,4,2.999999999999994,0.7071067811865481,3.9999999999999973,1.6832508230603467,117.75,11.39718532504115,49.83333333333333
24hr_basal,141,23.5,4,3.2499999999999964,1.030776406404417,3.4999999999999973,1.1902380714238066,118.5,10.202123961868596,50.0
24hr_basal,142,23.666666666666668,4,2.499999999999991,0.9574271077563369,3.2499999999999933,0.7499999999999989,120.0,11.21011448053349,50.16666666666667
24hr_basal,143,23.833333333333332,4,2.499999999999996,0.2886751345948125,2.9999999999999973,1.1547005383792512,121.75,11.26480507302871,50.33333333333333
24hr_basal,144,24.0,4,1.9999999999999978,0.9128709291752767,2.499999999999997,0.645497224367903,118.75,8.93844691953436,50.5
24hr_basal,145,24.166666666666668,4,4.999999999999993,1.414213562373093,2.4999999999999933,0.8660254037844394,116.75,8.380284402492949,50.66666666666667
24hr_basal,146,24.333333333333332,4,3.9999999999999956,1.290994448735807,3.2499999999999942,1.3768926368215244,120.5,10.267261887507626,50.83333333333333
24hr_basal,147,24.5,4,4.4999999999999964,0.9574271077563389,1.999999999999994,0.5773502691896265,123.25,11.190583839401171,51.0
24hr_basal,148,24.666666666666668,4,4.749999999999996,1.3768926368215253,2.2499999999999982,0.7499999999999994,119.75,10.443299287102707,51.16666666666667
24hr_basal,149,24.833333333333332,4,4.249999999999995,0.8539125638299652,2.7499999999999925,1.376892636821524,120.5,8.341662504161466,51.33333333333333
24hr_basal,150,25.0,4,4.7499999999999964,0.47871355387817066,1.9999999999999964,0.9128709291752762,120.75,8.891709621889367,51.5
24hr_basal,151,25.166666666666668,4,4.249999999999995,0.6291528696058946,2.499999999999997,1.3228756555322954,121.5,8.431093246627821,51.66666666666667
24hr_basal,152,25.333333333333332,4,3.4999999999999964,1.190238071423807,1.9999999999999967,0.7071067811865481,121.75,10.052984631441547,51.83333333333333
24hr_basal,153,25.5,4,5.249999999999997,1.7499999999999991,1.4999999999999953,0.6454972243679019,126.0,10.98483803552272,52.0
24hr_basal,154,25.666666666666668,4,6.999999999999993,1.683250823060345,2.2499999999999964,1.0307764064044131,128.25,11.749999999999998,52.16666666666667
24hr_basal,155,25.833333333333332,4,5.249999999999995,1.5478479684172253,3.2499999999999933,1.0307764064044145,127.75,11.078319668012236,52.33333333333333
24hr_basal,156,26.0,4,5.499999999999994,1.040832999733064,3.2499999999999947,0.8539125638299675,126.24999999999999,10.680004681646913,52.5
24hr_basal,157,26.166666666666668,4,5.499999999999998,0.8660254037844384,3.499999999999998,0.8660254037844394,127.75,11.728704105739903,52.66666666666667
24hr_basal,158,26.333333333333332,4,4.499999999999995,0.4999999999999995,3.2499999999999925,0.8539125638299664,128.25,12.45909975345999,52.83333333333333
24hr_basal,159,26.5,4,4.999999999999996,0.7071067811865468,3.9999999999999907,0.7071067811865487,129.75,12.13380264660122,53.0
24hr_basal,160,26.666666666666668,4,4.499999999999994,1.190238071423808,3.999999999999997,1.0801234497346415,132.75,11.883987826763658,53.16666666666667
24hr_basal,161,26.833333333333332,4,6.499999999999993,0.28867513459481287,3.2499999999999916,0.4787135538781671,130.25,12.631805096659779,53.33333333333333
24hr_basal,162,27.0,4,6.499999999999995,0.6454972243678999,2.749999999999997,0.478713553878169,128.5,14.367208033110217,53.5
24hr_basal,163,27.166666666666668,4,6.499999999999992,0.6454972243679026,2.9999999999999925,0.7071067811865478,131.0,13.484559070779195,53.66666666666667
24hr_basal,164,27.333333333333332,4,5.4999999999999964,1.3228756555322951,2.249999999999993,0.8539125638299636,136.25,14.562365879210699,53.83333333333333
24hr_basal,165,27.5,4,5.499999999999994,1.554563175514804,2.249999999999996,0.8539125638299657,138.75,14.458993740921255,54.0
24hr_basal,166,27.666666666666668,4,6.499999999999993,1.6583123951776992,2.999999999999993,1.0801234497346412,137.5,12.70498589793262,54.16666666666667
24hr_basal,167,27.833333333333332,4,5.249999999999995,1.887458608817685,2.749999999999995,0.8539125638299655,141.5,13.871433475552065,54.33333333333333
24hr_basal,168,28.0,4,6.499999999999991,1.7559422921421222,4.249999999999991,0.6291528696058947,141.75,13.486876337140979,54.5
24hr_basal,169,28.166666666666668,4,5.999999999999993,1.2247448713915878,2.4999999999999956,0.6454972243679042,141.5,14.008925726121907,54.66666666666667
24hr_basal,170,28.333333333333332,4,8.499999999999993,1.707825127659935,3.249999999999993,0.8539125638299665,140.25,14.325821675096568,54.83333333333333
24hr_basal,171,28.5,4,7.249999999999995,1.75,2.9999999999999907,0.9128709291752777,138.0,13.638181696985855,55.0
24hr_basal,172,28.666666666666668,4,5.499999999999996,2.020725942163691,2.7499999999999947,0.9464847243000439,142.75,14.817641512737447,55.16666666666667
24hr_basal,173,28.833333333333332,4,6.249999999999992,1.93110503770941,3.499999999999997,0.4999999999999972,141.75,15.526187555224238,55.33333333333333
24hr_basal,174,29.0,4,6.499999999999995,1.7078251276599328,3.2499999999999885,0.2500000000000001,137.0,16.088298024754927,55.5
24hr_basal,175,29.166666666666668,4,7.499999999999991,1.707825127659931,3.4999999999999907,0.2886751345948132,139.25,16.306312683538643,55.66666666666667
24hr_basal,176,29.333333333333332,4,9.249999999999993,1.6520189667999172,2.9999999999999973,0.40824829046386335,141.25,15.93933812929507,55.83333333333333
24hr_basal,177,29.5,4,8.499999999999993,2.101586702153082,2.749999999999993,0.7499999999999981,144.0,14.230249470757707,56.0
24hr_basal,178,29.666666666666668,4,7.249999999999996,1.8874586088176861,3.749999999999996,1.0307764064044165,148.25,13.474512978211871,56.16666666666667
24hr_basal,179,29.833333333333332,4,6.7499999999999964,1.2500000000000004,3.249999999999996,1.030776406404417,149.25,12.808688457449499,56.33333333333333
24hr_basal,180,30.0,4,8.749999999999993,0.7499999999999967,2.7499999999999916,1.1086778913041702,149.75,15.074122417794907,56.5
24hr_basal,181,30.166666666666668,4,8.749999999999991,1.749999999999998,3.499999999999994,0.6454972243678998,149.75,14.255846753759197,56.66666666666667
24hr_basal,182,30.333333333333332,4,8.999999999999995,2.0412414523193148,2.999999999999991,0.8164965809277237,149.25,15.211700540483076,56.83333333333333
24hr_basal,183,30.5,4,7.999999999999992,1.683250823060348,2.999999999999991,0.8164965809277248,154.5,16.301840386901105,57.0
24hr_basal,184,30.666666666666668,4,9.749999999999995,1.6007810593582106,3.749999999999992,0.8539125638299658,153.0,14.531574817158203,57.16666666666667
24hr_basal,185,30.833333333333332,4,9.499999999999993,1.658312395177701,2.2499999999999925,0.8539125638299649,150.0,14.165686240583852,57.33333333333333
24hr_basal,186,31.0,4,10.249999999999991,2.2867371223353707,2.9999999999999964,1.0801234497346421,148.5,12.977544708713843,57.5
24hr_basal,187,31.166666666666668,4,9.499999999999993,1.8484227510682336,2.999999999999994,0.9128709291752783,152.0,13.826303434637436,57.66666666666667
24hr_basal,188,31.333333333333332,4,9.749999999999993,2.174664725116647,3.9999999999999916,1.0801234497346448,151.25,16.539724907023093,57.83333333333333
24hr_basal,189,31.5,4,10.24999999999999,1.3149778198382904,3.749999999999991,1.030776406404415,151.75,17.698281460827403,58.0
24hr_basal,190,31.666666666666668,4,11.74999999999999,2.4622144504490233,4.499999999999989,0.9574271077563364,152.25,18.625139820504252,58.16666666666667
24hr_basal,191,31.833333333333332,4,9.499999999999996,1.93649167310371,3.9999999999999885,0.9128709291752767,156.0,18.672618098881227,58.33333333333333
24hr_basal,192,32.0,4,11.499999999999995,2.5331140255951112,4.249999999999994,0.4787135538781666,155.0,18.416478128748363,58.5
24hr_basal,193,32.166666666666664,4,11.749999999999995,2.174664725116648,3.4999999999999925,0.5000000000000002,155.0,19.00000000000001,58.666666666666664
24hr_basal,194,32.333333333333336,4,11.499999999999995,2.661453237111882,3.7499999999999925,0.8539125638299659,156.25,20.254114808272096,58.833333333333336
24hr_basal,195,32.5,4,11.499999999999993,2.723355773061367,2.9999999999999933,0.7071067811865488,158.75,18.59379376745549,59.0
24hr_basal,196,32.666666666666664,4,12.499999999999993,2.9011491975882024,2.7499999999999947,0.25000000000000133,160.5,18.612271937264044,59.166666666666664
24hr_basal,197,32.833333333333336,4,13.249999999999995,4.049176871085448,2.749999999999993,0.8539125638299656,160.0,16.005207485898666,59.333333333333336
24hr_basal,198,33.0,4,14.24999999999999,4.732423621500225,3.2499999999999947,0.749999999999999,161.0,17.644640357154728,59.5
24hr_basal,199,33.166666666666664,4,11.749999999999993,4.250000000000002,3.2499999999999862,0.2499999999999994,163.75,15.228126389458858,59.666666666666664
24hr_basal,200,33.333333333333336,4,13.249999999999991,4.385107372307625,3.249999999999989,0.47871355387817205,160.5,17.11967678822627,59.833333333333336
24hr_basal,201,33.5,4,16.499999999999993,4.663689526544409,3.4999999999999933,0.28867513459481003,157.25,16.75,60.0
24hr_basal,202,33.666666666666664,4,16.749999999999996,3.5443617196894577,2.7499999999999925,0.47871355387816567,162.0,16.031219541881395,60.166666666666664
24hr_basal,203,33.833333333333336,4,17.749999999999993,4.170831252080732,3.9999999999999956,0.8164965809277244,165.0,15.67907310185565,60.333333333333336
24hr_basal,204,34.0,4,15.499999999999993,2.9580398915498076,3.999999999999995,0.7071067811865491,161.0,15.73213272255227,60.5
24hr_basal,205,34.166666666666664,4,15.999999999999996,4.143267631552014,4.24999999999999,0.24999999999999784,162.75,12.931711668091996,60.666666666666664
24hr_basal,206,34.333333333333336,4,15.499999999999996,3.9686269665968874,3.249999999999992,0.47871355387816805,167.25,14.924113597351992,60.833333333333336
24hr_basal,207,34.5,4,15.499999999999993,3.570714214271425,3.249999999999994,0.853912563829965,164.75,16.57998291112911,61.0
24hr_basal,208,34.666666666666664,4,15.74999999999999,4.497684589504542,3.2499999999999862,0.7499999999999971,167.25,13.864673334293407,61.166666666666664
24hr_basal,209,34.833333333333336,4,15.99999999999999,4.830458915396481,3.9999999999999925,0.8164965809277255,169.25,13.888694443083315,61.333333333333336
24hr_basal,210,35.0,4,15.99999999999999,4.143267631552015,4.249999999999995,1.1086778913041715,170.5,14.168627315304754,61.5
24hr_basal,211,35.166666666666664,4,17.249999999999993,3.9237524556645154,4.749999999999994,1.1086778913041744,170.0,14.33527118683145,61.666666666666664
24hr_basal,212,35.333333333333336,4,15.999999999999993,4.743416490252569,3.9999999999999902,0.7071067811865469,168.5,13.762872762133153,61.833333333333336
24hr_basal,213,35.5,4,16.999999999999996,5.016638981097469,3.7499999999999947,0.6291528696058948,170.5,13.444329659748751,62.0
24hr_basal,214,35.666666666666664,4,16.99999999999999,4.415880433163925,2.999999999999992,0.7071067811865476,171.0,14.358505028959897,62.166666666666664
24hr_basal,215,35.833333333333336,4,18.499999999999993,5.2360926908016685,4.749999999999989,0.9464847243000479,172.5,12.678722333105963,62.333333333333336
24hr_basal,216,36.0,4,19.749999999999986,5.558402048550763,2.999999999999993,0.40824829046386596,175.75,10.656570742973557,62.5
24hr_basal,217,36.166666666666664,4,18.749999999999993,5.677073776750366,3.999999999999993,0.40824829046386285,175.75,11.123361302532013,62.666666666666664
24hr_basal,218,36.333333333333336,4,19.249999999999996,4.802343178074637,3.749999999999989,1.1086778913041713,175.0,10.392304845413266,62.833333333333336
24hr_basal,219,36.5,4,18.49999999999999,3.570714214271424,4.249999999999988,0.6291528696058943,175.5,11.651180197731048,63.0
24hr_basal,220,36.666666666666664,4,18.999999999999993,3.4880749227427263,2.999999999999993,0.4082482904638588,172.75,11.30910400223348,63.166666666666664
24hr_basal,221,36.833333333333336,4,19.249999999999993,3.7052890125692843,3.499999999999994,0.28867513459481187,174.5,11.390785749894514,63.333333333333336
24hr_basal,222,37.0,4,18.249999999999993,5.186119294167204,3.2499999999999893,0.6291528696058952,175.75,12.023414656411047,63.5
24hr_basal,223,37.166666666666664,4,16.999999999999996,4.708148963941845,2.7499999999999942,0.4787135538781706,180.0,12.110601416389969,63.666666666666664
24hr_basal,224,37.333333333333336,4,18.749999999999993,3.77215676591876,3.249999999999993,1.4361406616345058,175.5,13.105342422081156,63.833333333333336
24hr_basal,225,37.5,4,18.499999999999993,5.42371336509099,3.4999999999999964,0.49999999999999867,176.75,11.792476415070759,64.0
24hr_basal,226,37.666666666666664,4,19.24999999999999,3.7277115410575044,3.499999999999992,0.9574271077563385,176.25,12.277180729575768,64.16666666666666
24hr_basal,227,37.833333333333336,4,20.249999999999993,5.022864388639881,3.7499999999999902,1.0307764064044176,175.0,12.267844146385293,64.33333333333334
24hr_basal,228,38.0,4,21.249999999999996,4.62556302879264,4.2499999999999964,1.0307764064044167,176.0,13.310396938734272,64.5
24hr_basal,229,38.166666666666664,4,25.249999999999996,4.767511580129269,4.499999999999988,0.4999999999999994,178.0,13.385315336840842,64.66666666666666
24hr_basal,230,38.333333333333336,4,23.74999999999999,3.772156765918757,4.4999999999999885,0.957427107756339,177.75,13.990324037228968,64.83333333333334
24hr_basal,231,38.5,4,22.5,4.856267428111155,4.749999999999986,1.1086778913041733,178.5,13.450526631573451,65.0
24hr_basal,232,38.666666666666664,4,21.5,5.26782687642637,3.7499999999999876,0.7500000000000023,178.75,14.63656949789351,65.16666666666666
24hr_basal,233,38.833333333333336,4,22.499999999999993,5.20416499866533,4.749999999999988,0.47871355387816944,175.75,17.89960427867983,65.33333333333334
24hr_basal,234,39.0,4,23.999999999999993,5.40061724867322,4.999999999999989,0.7071067811865469,174.75,14.845734516464093,65.5
24hr_basal,235,39.166666666666664,4,22.249999999999982,6.263319141371182,4.499999999999991,0.6454972243679042,178.0,11.92336641501328,65.66666666666666
24hr_basal,236,39.333333333333336,4,23.499999999999993,5.737304826019504,3.999999999999984,0.7071067811865475,177.25,14.447462291581406,65.83333333333334
24hr_basal,237,39.5,4,25.749999999999993,4.2890364108192545,3.249999999999991,0.47871355387816844,176.25,16.529645085925672,66.0
24hr_basal,238,39.666666666666664,4,25.249999999999993,5.2816506258302764,3.9999999999999867,0.4082482904638594,175.75,15.266384640772026,66.16666666666666
24hr_basal,239,39.833333333333336,4,26.499999999999993,4.873397172404479,3.999999999999994,0.8164965809277245,173.5,15.992185591719476,66.33333333333334
24hr_basal,240,40.0,4,26.99999999999999,4.708148963941843,4.249999999999989,1.3149778198382944,176.0,15.160255055022436,66.5
24hr_basal,241,40.166666666666664,4,28.24999999999999,6.263319141371181,4.74999999999999,1.1086778913041704,174.75,13.852647159779005,66.66666666666666
24hr_basal,242,40.333333333333336,4,27.249999999999996,4.750000000000001,3.2499999999999876,0.6291528696058968,178.75,14.823264372825125,66.83333333333334
24hr_basal,243,40.5,4,26.249999999999996,4.049176871085449,3.4999999999999956,0.28867513459481114,181.0,13.435028842544403,67.0
24hr_basal,244,40.666666666666664,4,24.499999999999993,6.171169527191203,3.2499999999999982,0.2499999999999996,183.25,13.64658076833412,67.16666666666666
24hr_basal,245,40.833333333333336,4,26.249999999999996,5.647639624952472,2.7499999999999947,0.24999999999999892,182.0,16.06237840420901,67.33333333333334
24hr_basal,246,41.0,4,29.5,5.923118547972289,2.7499999999999964,0.4787135538781696,176.0,14.30617582258329,67.5
24hr_basal,247,41.166666666666664,4,27.999999999999993,6.403124237432845,3.499999999999995,0.28867513459481353,181.75,16.418358626854268,67.66666666666666
24hr_basal,248,41.333333333333336,4,31.75,8.576858399204223,5.249999999999989,0.6291528696058977,182.0,15.038838607640773,67.83333333333334
24hr_basal,249,41.5,4,32.49999999999999,7.9425017049625675,3.999999999999992,0.40824829046386674,179.25,16.695183936293326,68.0
24hr_basal,250,41.666666666666664,4,32.24999999999999,10.306753449397469,4.499999999999989,1.1902380714238106,179.25,14.2148689758295,68.16666666666666
24hr_basal,251,41.833333333333336,4,31.499999999999986,7.577378614446205,3.999999999999992,1.4142135623730927,183.25,16.418358626854268,68.33333333333334
24hr_basal,252,42.0,4,30.74999999999999,7.476351605785621,3.9999999999999956,1.0801234497346424,182.75,14.789495145767035,68.5
24hr_basal,253,42.166666666666664,4,31.749999999999993,6.637959023675876,4.499999999999982,0.6454972243679039,182.5,16.72572868367773,68.66666666666666
24hr_basal,254,42.333333333333336,4,31.999999999999993,7.472170590486631,4.249999999999993,0.7499999999999996,186.5,14.505745987941015,68.83333333333334
24hr_basal,255,42.5,4,34.24999999999999,8.938446919534366,4.249999999999989,1.1086778913041748,181.25,16.63517858836107,69.0
24hr_basal,256,42.666666666666664,4,34.24999999999999,7.792892060504026,4.249999999999987,0.7499999999999981,185.0,17.687095107262056,69.16666666666666
24hr_basal,257,42.833333333333336,4,32.74999999999999,7.706869230325201,4.999999999999984,1.0801234497346457,181.25,17.065437781277886,69.33333333333334
24hr_basal,258,43.0,4,35.24999999999999,6.420994211698577,4.749999999999995,1.4930394055974119,181.5,17.590243507884328,69.5
24hr_basal,259,43.166666666666664,4,35.99999999999999,6.69576980886689,4.749999999999988,1.6520189667999206,180.5,16.535315741366013,69.66666666666666
24hr_basal,260,43.333333333333336,4,39.75,8.300351398183896,4.999999999999992,0.7071067811865476,177.75,15.975893297924427,69.83333333333334
24hr_basal,261,43.5,4,37.249999999999986,7.409172243465074,4.749999999999988,0.946484724300049,180.75,15.531553903800704,70.0
24hr_basal,262,43.666666666666664,4,35.74999999999999,9.012722489163115,5.749999999999991,0.24999999999999747,182.25,11.628807620158941,70.16666666666666
24hr_basal,263,43.833333333333336,4,33.499999999999986,8.87411967464942,4.999999999999989,0.9128709291752806,186.25,14.073467945037569,70.33333333333334
24hr_basal,264,44.0,4,38.24999999999999,9.003471552684552,4.4999999999999885,1.443375672974065,185.75,15.178795516553128,70.5
24hr_basal,265,44.166666666666664,4,35.74999999999999,8.469307330984435,5.499999999999988,1.5545631755148033,189.75,13.085456303341763,70.66666666666666
24hr_basal,266,44.333333333333336,4,33.25,6.663019835880226,5.249999999999988,1.3768926368215257,187.0,13.69914839202301,70.83333333333334
24hr_basal,267,44.5,4,31.749999999999993,4.714781719938547,4.999999999999985,0.9128709291752803,185.5,15.992185591719476,71.0
24hr_basal,268,44.666666666666664,4,34.74999999999999,5.836308764964375,4.999999999999992,1.2909944487358045,183.75,15.413062641798351,71.16666666666666
24hr_basal,269,44.833333333333336,4,34.99999999999999,6.8190908484929285,4.999999999999991,0.7071067811865491,187.75,15.531553903800697,71.33333333333334
24hr_basal,270,45.0,4,36.74999999999999,10.443299287102715,4.9999999999999885,1.2247448713915894,189.75,8.759518632131943,71.5
24hr_basal,271,45.166666666666664,4,38.249999999999986,11.017977733383438,4.749999999999989,1.1086778913041766,188.0,11.554220008291336,71.66666666666666
24hr_basal,272,45.333333333333336,4,37.5,8.948929172439202,4.24999999999999,0.6291528696058936,193.25,13.021616643105418,71.83333333333334
24hr_basal,273,45.5,4,38.49999999999999,8.50979827414649,4.749999999999994,1.3149778198382935,193.75,13.148986019208225,72.0
24hr_basal,274,45.666666666666664,4,41.25,11.757090059477589,5.499999999999996,0.8660254037844372,191.75,11.946931265670974,72.16666666666666
24hr_basal,275,45.833333333333336,4,43.0,14.077168275852454,4.999999999999985,0.40824829046386435,190.5,11.24351665034862,72.33333333333334
24hr_basal,276,46.0,4,38.25,11.160757142774859,4.999999999999989,1.0801234497346466,192.25,12.512493756242199,72.5
24hr_basal,277,46.166666666666664,4,45.24999999999999,10.911576421397594,4.249999999999985,1.1814539065631553,189.75,10.355151696941318,72.66666666666666
24hr_basal,278,46.333333333333336,4,46.0,9.336309049440613,4.249999999999989,1.2500000000000049,188.25,10.570201827149123,72.83333333333334
24hr_basal,279,46.5,4,43.74999999999999,11.484591126084258,4.749999999999991,1.2499999999999971,191.25,12.085631965271821,73.0
24hr_basal,280,46.666666666666664,4,43.25,8.750000000000002,5.499999999999984,1.190238071423809,188.75,10.75774914499621,73.16666666666666
24hr_basal,281,46.833333333333336,4,46.999999999999986,9.174239296348588,4.749999999999989,1.0307764064044147,191.0,12.838743448380505,73.33333333333334
24hr_basal,282,47.0,4,49.999999999999986,11.789826122551595,5.999999999999993,1.4142135623730934,192.75,10.850307215312693,73.5
24hr_basal,283,47.166666666666664,4,50.499999999999986,10.468205831628133,5.49999999999999,1.3228756555322998,195.0,11.979148550710939,73.66666666666666
24hr_basal,284,47.333333333333336,4,48.75,9.986449152059336,5.249999999999986,1.2500000000000027,196.0,10.66927051551948,73.83333333333334
24hr_basal,285,47.5,4,48.25,10.499007889637321,5.74999999999999,1.2500000000000042,196.5,11.213830746002909,74.0
24hr_basal,286,47.666666666666664,4,50.74999999999999,10.306753449397469,4.249999999999985,1.1086778913041733,195.75,12.664747661652534,74.16666666666666
24hr_basal,287,47.833333333333336,4,48.99999999999999,10.148891565092217,5.249999999999983,0.7499999999999986,195.0,11.105554165971787,74.33333333333334
24hr_basal,288,48.0,4,51.749999999999986,8.528139695541263,5.999999999999995,1.8708286933869689,191.0,14.770466027403018,74.5
24hr_basal,289,48.166666666666664,4,49.249999999999986,10.451275839181868,4.749999999999995,1.750000000000001,197.75,10.491067629178652,74.66666666666666
24hr_basal,290,48.333333333333336,4,48.49999999999999,9.349688051837164,5.74999999999999,2.2499999999999973,197.5,11.67975456363132,74.83333333333334
24hr_basal,291,48.5,4,54.49999999999999,10.649726131063963,5.249999999999988,1.3768926368215215,197.75,9.594920531197744,75.0
24hr_basal,292,48.666666666666664,4,49.249999999999986,7.86739050342191,5.999999999999989,0.5773502691896278,199.0,11.583033569262703,75.16666666666666
24hr_basal,293,48.833333333333336,4,49.75,7.15745532061966,5.499999999999988,1.2583057392117876,198.0,11.423659658795863,75.33333333333334
24hr_basal,294,49.0,4,50.749999999999986,6.944722216666892,4.749999999999989,1.030776406404415,203.75,14.343262065048762,75.5
24hr_basal,295,49.166666666666664,4,48.99999999999999,8.276472678623422,5.249999999999989,1.931105037709411,204.25,10.648747970223228,75.66666666666666
24hr_basal,296,49.333333333333336,4,50.499999999999986,7.511102892829167,5.249999999999987,1.3768926368215255,207.75,10.987682497536358,75.83333333333334
24hr_basal,297,49.5,4,52.5,9.169696468985949,5.499999999999984,1.7559422921421253,201.75,13.368962811926243,76.0
24hr_basal,298,49.666666666666664,4,54.24999999999999,8.270177345942058,4.9999999999999885,1.8257418583505525,202.75,9.56882960450232,76.16666666666666
24hr_basal,299,49.833333333333336,4,51.0,8.031189202104505,3.7499999999999902,1.7017148213885083,203.25,13.493053768513635,76.33333333333334
24hr_d1,0,0.0,4,30.0,2.5495097567963922,0.0,0.0,43.5,3.1224989991992005,26.5
24hr_d1,1,0.1666666666666666,4,29.75,3.9660013447635976,0.0,0.0,43.25,2.868652413009751,26.666666666666668
24hr_d1,2,0.3333333333333333,4,30.75,3.837859646556485,0.0,0.0,44.5,3.227486121839514,26.833333333333332
24hr_d1,3,0.5,4,28.75,4.230346715499016,0.9999999999999983,0.408248290463862,46.0,1.9578900207451202,27.0
24hr_d1,4,0.6666666666666666,4,28.25,3.3260336739125176,0.2499999999999987,0.2499999999999987,45.25,2.9261749776799078,27.166666666666668
24hr_d1,5,0.8333333333333334,4,30.25,2.286737122335373,0.0,0.0,45.0,3.8944404818493075,27.333333333333332
24hr_d1,6,1.0,4,30.5,3.4761089357690342,0.4999999999999979,0.2886751345948117,46.5,3.926406329796582,27.5
24hr_d1,7,1.1666666666666667,4,27.75,2.25,0.0,0.0,50.0,4.415880433163924,27.666666666666668
24hr_d1,8,1.3333333333333333,4,27.0,3.7638632635454043,0.7499999999999973,0.4787135538781677,48.75,5.390964663211956,27.833333333333332
24hr_d1,9,1.5,4,30.0,3.582364210034112,0.499999999999999,0.2886751345948123,45.25,4.819664580307085,28.0
24hr_d1,10,1.6666666666666667,4,26.75,2.286737122335374,0.0,0.0,49.5,3.3788558221188794,28.166666666666668
24hr_d1,11,1.8333333333333333,4,27.0,1.9578900207451213,0.0,0.0,49.75,3.06526235962492,28.333333333333332
24hr_d1,12,2.0,4,27.5,4.76969600708473,0.0,0.0,50.25,3.06526235962492,28.5
24hr_d1,13,2.1666666666666665,4,26.25,2.1746647251166484,0.0,0.0,54.0,5.082650227325635,28.666666666666668
24hr_d1,14,2.3333333333333335,4,28.5,2.661453237111885,0.24999999999999842,0.24999999999999842,53.25,5.153882032022076,28.833333333333332
24hr_d1,15,2.5,4,30.0,3.763863263545404,0.24999999999999975,0.24999999999999975,52.0,7.035623639735144,29.0
24hr_d1,16,2.6666666666666665,4,24.25,3.0923292192132457,0.2499999999999987,0.2499999999999987,56.5,5.909032633745278,29.166666666666668
24hr_d1,17,2.8333333333333335,4,29.0,4.143267631552018,0.2499999999999999,0.24999999999999992,55.25,5.313112709765027,29.333333333333332
24hr_d1,18,3.0,4,26.75,3.5677957714346076,0.0,0.0,58.25,4.230346715499018,29.5
24hr_d1,19,3.1666666666666665,4,24.5,4.2130748865881795,0.49999999999999983,0.4999999999999999,60.5,3.968626966596886,29.666666666666668
24hr_d1,20,3.3333333333333335,4,27.749999999999996,3.2242570203588485,0.24999999999999858,0.2499999999999986,57.75,2.561737691489898,29.833333333333332
24hr_d1,21,3.5,4,29.25,3.1983068437325812,0.7499999999999949,0.24999999999999828,56.25,3.350994877147181,30.0
24hr_d1,22,3.6666666666666665,4,29.5,4.112987559751024,0.24999999999999803,0.24999999999999803,55.75,4.661455423649,30.166666666666668
24hr_d1,23,3.8333333333333335,4,29.5,4.0311288741492755,0.999999999999996,0.40824829046386235,57.5,5.9511903571190405,30.333333333333332
24hr_d1,24,4.0,4,26.5,1.7078251276599323,0.4999999999999992,0.4999999999999992,57.0,5.049752469181039,30.5
24hr_d1,25,4.166666666666667,4,26.25,1.493039405597409,0.49999999999999983,0.4999999999999999,58.25,3.79418414594407,30.666666666666668
24hr_d1,26,4.333333333333333,4,27.75,2.528998484248921,0.7499999999999991,0.24999999999999967,57.25,5.08879488025734,30.833333333333332
24hr_d1,27,4.5,4,27.0,3.366501646120693,0.749999999999998,0.24999999999999936,59.25,5.543389456520862,31.0
24hr_d1,28,4.666666666666667,4,27.0,1.5811388300841887,0.24999999999999872,0.24999999999999872,58.75,4.732423621500228,31.166666666666668
24hr_d1,29,4.833333333333333,4,25.5,0.5000000000000011,0.49999999999999667,0.288675134594811,64.25,4.269562819149833,31.333333333333332
24hr_d1,30,5.0,4,26.25,1.0307764064044165,0.7499999999999949,0.24999999999999833,62.25,5.0723925978444,31.5
24hr_d1,31,5.166666666666667,4,24.75,2.52899848424892,0.7499999999999989,0.4787135538781683,60.75,4.732423621500227,31.666666666666668
24hr_d1,32,5.333333333333333,4,26.5,2.500000000000001,0.0,0.0,63.25,3.092329219213245,31.833333333333332
24hr_d1,33,5.5,4,27.0,2.549509756796393,0.49999999999999933,0.28867513459481253,62.0,3.3416562759605704,32.0
24hr_d1,34,5.666666666666667,4,26.5,1.7078251276599328,0.49999999999999645,0.28867513459481087,64.75,3.17214438511238,32.166666666666664
24hr_d1,35,5.833333333333333,4,26.75,1.25,0.49999999999999845,0.28867513459481203,64.5,4.272001872658766,32.333333333333336
24hr_d1,36,6.0,4,24.999999999999996,1.7795130420052183,0.4999999999999978,0.2886751345948116,65.75,5.344389581607987,32.5
24hr_d1,37,6.166666666666667,4,24.0,2.0412414523193165,0.49999999999999845,0.49999999999999845,66.5,4.645786621588784,32.666666666666664
24hr_d1,38,6.333333333333333,4,23.5,1.8929694486000912,0.0,0.0,70.5,5.008326400438906,32.833333333333336
24hr_d1,39,6.5,4,27.0,1.2247448713915876,0.49999999999999706,0.2886751345948112,66.25,4.697073557013984,33.0
24hr_d1,40,6.666666666666667,4,24.0,2.1213203435596437,0.2499999999999991,0.2499999999999991,68.75,5.99131315600623,33.166666666666664
24hr_d1,41,6.833333333333333,4,25.75,1.1814539065631513,0.24999999999999797,0.24999999999999797,68.75,4.888336458687488,33.333333333333336
24hr_d1,42,7.0,4,24.5,1.0408329997330679,0.0,0.0,66.75,3.923752455664519,33.5
24hr_d1,43,7.166666666666667,4,24.499999999999996,0.645497224367903,0.24999999999999997,0.24999999999999997,69.25,3.705289012569285,33.666666666666664
24hr_d1,44,7.333333333333333,4,23.75,1.6520189667999179,0.49999999999999795,0.2886751345948117,70.0,3.8944404818493075,33.833333333333336
24hr_d1,45,7.5,4,21.749999999999996,1.1814539065631529,0.0,0.0,72.25,3.923752455664518,34.0
24hr_d1,46,7.666666666666667,4,21.749999999999996,0.6291528696058948,0.0,0.0,75.0,4.708148963941845,34.166666666666664
24hr_d1,47,7.833333333333333,4,23.0,4.143267631552018,0.0,0.0,72.25,2.8975564417856186,34.333333333333336
24hr_d1,48,8.0,4,23.5,0.28867513459481237,0.0,0.0,72.75,3.944933459514875,34.5
24hr_d1,49,8.166666666666666,4,22.249999999999993,2.6575364531836616,0.0,0.0,71.5,3.227486121839514,34.666666666666664
24hr_d1,50,8.333333333333334,4,22.25,3.119161212035483,0.0,0.0,72.5,4.645786621588784,34.833333333333336
24hr_d1,51,8.5,4,19.249999999999996,2.136000936329381,0.0,0.0,76.25,4.589389937671455,35.0
24hr_d1,52,8.666666666666666,4,21.5,2.466441431158125,0.0,0.0,76.75,5.807681694675309,35.166666666666664
24hr_d1,53,8.833333333333334,4,20.749999999999996,3.1983068437325826,0.0,0.0,77.5,3.947573094109004,35.333333333333336
24hr_d1,54,9.0,4,19.999999999999996,2.1602468994692874,0.0,0.0,79.5,6.144102863722254,35.5
24hr_d1,55,9.166666666666666,4,20.999999999999996,1.4719601443879737,0.0,0.0,78.25,5.977387946809766,35.666666666666664
24hr_d1,56,9.333333333333334,4,19.499999999999993,2.661453237111885,0.0,0.0,79.0,6.416125518306719,35.833333333333336
24hr_d1,57,9.5,4,18.75,1.4930394055974097,0.0,0.0,82.75,8.138130415928874,36.0
24hr_d1,58,9.666666666666666,4,19.249999999999996,2.688710967483613,0.0,0.0,82.0,6.150880695748645,36.166666666666664
24hr_d1,59,9.833333333333334,4,20.749999999999996,2.9545163168726405,0.0,0.0,82.0,6.819090848492928,36.333333333333336
24hr_d1,60,10.0,4,19.249999999999996,3.637192140465866,0.0,0.0,85.5,7.19374728496908,36.5
24hr_d1,61,10.166666666666666,4,21.0,1.4719601443879742,0.0,0.0,85.0,7.314369419163897,36.666666666666664
24hr_d1,62,10.333333333333334,4,19.749999999999996,2.462214450449025,0.0,0.0,87.0,9.03696114115064,36.833333333333336
24hr_d1,63,10.5,4,21.749999999999996,2.174664725116646,0.0,0.0,88.25,7.941190087134295,37.0
24hr_d1,64,10.666666666666666,4,19.75,2.4622144504490246,0.0,0.0,89.25,7.051890999346676,37.166666666666664
24hr_d1,65,10.833333333333334,4,18.249999999999996,1.6520189667999179,0.0,0.0,90.75,7.739239842086129,37.333333333333336
24hr_d1,66,11.0,4,18.749999999999996,2.2867371223353756,0.0,0.0,92.25,9.911062842433534,37.5
24hr_d1,67,11.166666666666666,4,17.999999999999996,2.041241452319313,0.0,0.0,93.5,10.523782589924593,37.666666666666664
24hr_d1,68,11.333333333333334,4,16.499999999999993,2.629955639676582,0.0,0.0,95.5,10.037429949942366,37.833333333333336
24hr_d1,69,11.5,4,19.999999999999996,1.581138830084188,0.2499999999999985,0.2499999999999985,96.25,9.715751815136766,38.0
24hr_d1,70,11.666666666666666,4,17.999999999999996,2.380476142847617,0.0,0.0,96.75,9.454936981986359,38.166666666666664
24hr_d1,71,11.833333333333334,4,16.749999999999996,1.3149778198382924,0.0,0.0,98.0,10.778064142816493,38.333333333333336
24hr_d1,72,12.0,4,18.499999999999996,2.1794494717703365,0.0,0.0,97.75,11.578536176909411,38.5
24hr_d1,73,12.166666666666666,4,16.999999999999996,1.9999999999999982,0.0,0.0,100.25,12.691040146497055,38.666666666666664
24hr_d1,74,12.333333333333334,4,16.749999999999996,2.8686524130097517,0.0,0.0,104.0,14.323640133243604,38.833333333333336
24hr_d1,75,12.5,4,16.999999999999993,1.3540064007726589,0.0,0.0,104.75,12.59877639561345,39.0
24hr_d1,76,12.666666666666666,4,16.25,3.3260336739125176,0.0,0.0,106.25,13.412525240734249,39.166666666666664
24hr_d1,77,12.833333333333334,4,15.24999999999999,3.0103986446980735,0.0,0.0,105.5,12.665570127975549,39.333333333333336
24hr_d1,78,13.0,4,14.499999999999996,3.7080992435478297,0.0,0.0,112.0,13.558515159608495,39.5
24hr_d1,79,13.166666666666666,4,15.499999999999996,2.6299556396765853,0.0,0.0,111.0,15.258877197662132,39.666666666666664
24hr_d1,80,13.333333333333334,4,15.499999999999996,4.031128874149272,0.24999999999999667,0.24999999999999667,110.25,13.566963551215135,39.833333333333336
24hr_d1,81,13.5,4,13.249999999999995,2.4622144504490278,0.24999999999999706,0.24999999999999703,113.25,13.579242737845632,40.0
24hr_d1,82,13.666666666666666,4,17.749999999999996,2.4622144504490255,0.0,0.0,110.75,12.697604761003811,40.166666666666664
24hr_d1,83,13.833333333333334,4,14.749999999999993,2.8394541729001386,0.0,0.0,113.75,13.64047286570374,40.333333333333336
24hr_d1,84,14.0,4,14.999999999999995,2.677063067368168,0.0,0.0,115.5,12.796483892069727,40.5
24hr_d1,85,14.166666666666666,4,15.499999999999995,3.0956959368344528,0.0,0.0,115.75,13.984366270946996,40.666666666666664
24hr_d1,86,14.333333333333334,4,14.249999999999996,2.657536453183661,0.0,0.0,121.0,13.472193585307476,40.833333333333336
24hr_d1,87,14.5,4,15.749999999999993,1.4930394055974103,0.0,0.0,120.75,14.55091635144216,41.0
24hr_d1,88,14.666666666666666,4,14.249999999999993,2.015564437074639,0.4999999999999952,0.2886751345948101,121.75,13.287682265918312,41.166666666666664
24hr_d1,89,14.833333333333334,4,11.75,1.5478479684172257,0.2499999999999979,0.2499999999999979,125.0,12.027745701779148,41.333333333333336
24hr_d1,90,15.0,4,14.749999999999995,1.887458608817687,0.0,0.0,123.75,12.860631140551902,41.5
24hr_d1,91,15.166666666666666,4,12.499999999999993,1.5545631755148028,0.2499999999999975,0.2499999999999975,124.5,11.933845426628695,41.666666666666664
24hr_d1,92,15.333333333333334,4,10.999999999999993,1.7795130420052194,0.24999999999999642,0.24999999999999642,127.75,14.862564830248289,41.833333333333336
24hr_d1,93,15.5,4,13.999999999999995,1.2247448713915878,0.2499999999999987,0.2499999999999987,127.75,15.068593165919633,42.0
24hr_d1,94,15.666666666666666,4,10.999999999999993,1.8257418583505554,0.24999999999999642,0.24999999999999642,128.75,14.789495145767035,42.166666666666664
24hr_d1,95,15.833333333333334,4,14.499999999999996,1.554563175514804,0.499999999999999,0.2886751345948123,130.75,15.423872189996043,42.333333333333336
24hr_d1,96,16.0,4,12.999999999999993,1.0801234497346444,0.0,0.0,130.0,14.427982071886104,42.5
24hr_d1,97,16.166666666666668,4,10.499999999999991,0.8660254037844382,0.24999999999999706,0.24999999999999703,132.25,15.81863352716241,42.66666666666667
24hr_d1,98,16.333333333333332,4,11.499999999999996,0.8660254037844397,0.0,0.0,133.25,14.619479014885131,42.83333333333333
24hr_d1,99,16.5,4,11.499999999999993,0.8660254037844373,0.24999999999999986,0.24999999999999983,134.75,15.553000782271354,43.0
24hr_d1,100,16.666666666666668,4,10.749999999999996,0.4787135538781695,0.749999999999993,0.24999999999999767,134.0,14.888474289418197,43.16666666666667
24hr_d1,101,16.833333333333332,4,10.999999999999998,1.4142135623730963,0.7499999999999939,0.24999999999999795,129.0,17.01959654829299,43.33333333333333
24hr_d1,102,17.0,4,10.749999999999995,1.1086778913041744,0.49999999999999467,0.2886751345948098,132.5,16.938614661968867,43.5
24hr_d1,103,17.166666666666668,4,9.999999999999995,1.4719601443879746,0.7499999999999973,0.4787135538781685,137.25,15.792271316480523,43.66666666666667
24hr_d1,104,17.333333333333332,4,10.999999999999993,1.080123449734643,0.24999999999999975,0.24999999999999972,138.5,16.505049732329397,43.83333333333333
24hr_d1,105,17.5,4,10.499999999999996,1.0408329997330676,0.0,0.0,142.0,16.61826304601858,44.0
24hr_d1,106,17.666666666666668,4,8.499999999999993,1.1902380714238092,0.49999999999999933,0.2886751345948125,144.25,16.69019173047452,44.16666666666667
24hr_d1,107,17.833333333333332,4,9.249999999999991,0.6291528696058978,0.7499999999999974,0.478713553878168,141.0,15.346009253222807,44.33333333333333
24hr_d1,108,18.0,4,12.249999999999993,0.8539125638299657,0.4999999999999988,0.4999999999999988,141.5,16.132265804901685,44.5
24hr_d1,109,18.166666666666668,4,10.749999999999996,1.2500000000000004,0.75,0.47871355387816905,144.5,16.57558445425078,44.66666666666667
24hr_d1,110,18.333333333333332,4,8.24999999999999,1.1814539065631522,0.4999999999999978,0.2886751345948116,147.0,16.01561737804697,44.83333333333333
24hr_d1,111,18.5,4,10.499999999999995,1.3228756555322936,1.4999999999999958,0.9574271077563372,147.25,16.131620088096135,45.0
24hr_d1,112,18.666666666666668,4,10.999999999999991,1.6832508230603433,0.9999999999999974,0.7071067811865468,148.75,14.924113597351996,45.16666666666667
24hr_d1,113,18.833333333333332,4,8.24999999999999,0.8539125638299657,0.49999999999999944,0.49999999999999944,149.75,16.750000000000007,45.33333333333333
24hr_d1,114,19.0,4,8.999999999999995,1.6329931618554507,0.4999999999999988,0.2886751345948122,150.25000000000003,17.22582847548027,45.5
24hr_d1,115,19.166666666666668,4,9.749999999999995,0.8539125638299686,0.749999999999998,0.24999999999999928,153.5,15.945218719101973,45.66666666666667
24hr_d1,116,19.333333333333332,4,8.999999999999991,0.9128709291752762,1.4999999999999942,0.4999999999999981,152.0,16.036416889899904,45.83333333333333
24hr_d1,117,19.5,4,7.249999999999992,1.4361406616345058,0.9999999999999954,0.7071067811865451,157.5,16.655829810209596,46.0
24hr_d1,118,19.666666666666668,4,6.749999999999991,1.1086778913041742,0.4999999999999928,0.2886751345948087,161.0,15.953056133543821,46.16666666666667
24hr_d1,119,19.833333333333332,4,8.999999999999993,0.8164965809277273,0.24999999999999528,0.24999999999999528,162.0,17.440374613713622,46.33333333333333
24hr_d1,120,20.0,4,7.24999999999999,1.1086778913041722,0.4999999999999955,0.4999999999999955,162.5,17.399712641305314,46.5
24hr_d1,121,20.166666666666668,4,8.249999999999993,0.6291528696058953,0.0,0.0,159.25,19.297560294849017,46.66666666666667
24hr_d1,122,20.333333333333332,4,9.999999999999993,2.2730302828309763,0.0,0.0,159.75,18.29104972384035,46.83333333333333
24hr_d1,123,20.5,4,11.499999999999991,2.3273733406281556,0.24999999999999972,0.2499999999999997,161.50000000000003,18.603315116756296,47.0
24hr_d1,124,20.666666666666668,4,9.999999999999991,1.683250823060347,0.7499999999999981,0.4787135538781688,162.25,18.057200779744353,47.16666666666667
24hr_d1,125,20.833333333333332,4,10.749999999999991,2.393567769390847,0.0,0.0,163.75,18.25913013627247,47.33333333333333
24hr_d1,126,21.0,4,10.24999999999999,2.4958298553119898,0.24999999999999734,0.24999999999999734,166.0,17.151287609583914,47.5
24hr_d1,127,21.166666666666668,4,8.499999999999993,1.848422751068234,0.49999999999999567,0.28867513459481037,166.0,16.29417073680032,47.66666666666667
24hr_d1,128,21.333333333333332,4,9.749999999999993,1.7499999999999996,1.2499999999999976,0.7499999999999987,166.5,17.211914478058503,47.83333333333333
24hr_d1,129,21.5,4,10.749999999999993,2.6887109674836145,1.2499999999999964,0.7499999999999988,170.25,17.768769419030313,48.0
24hr_d1,130,21.666666666666668,4,10.249999999999993,3.145764348029477,1.249999999999994,0.7499999999999966,172.0,16.547910240671886,48.16666666666667
24hr_d1,131,21.833333333333332,4,10.749999999999991,1.493039405597411,0.9999999999999964,0.7071067811865465,174.0,18.092355660149213,48.33333333333333
24hr_d1,132,22.0,4,9.249999999999993,1.7499999999999996,0.7499999999999956,0.47871355387816655,176.25,18.69659059828822,48.5
24hr_d1,133,22.166666666666668,4,11.999999999999996,1.9578900207451218,1.4999999999999933,0.9574271077563349,173.25,17.499404751781316,48.66666666666667
24hr_d1,134,22.333333333333332,4,11.99999999999999,4.123105625617658,0.99999999999999,0.57735026918962,175.0,14.988884770611408,48.83333333333333
24hr_d1,135,22.5,4,10.999999999999993,2.3452078799117153,1.7499999999999984,1.1814539065631509,175.75,16.559866142776247,49.0
24hr_d1,136,22.666666666666668,4,11.499999999999993,2.5331140255951077,1.249999999999993,0.9464847243000405,181.5,19.62354028541571,49.16666666666667
24hr_d1,137,22.833333333333332,4,9.999999999999993,2.708012801545322,0.9999999999999929,0.7071067811865427,181.25,19.955680060240162,49.33333333333333
24hr_d1,138,23.0,4,10.999999999999993,3.36650164612069,1.2499999999999902,0.7499999999999943,179.0,20.571015207487125,49.5
24hr_d1,139,23.166666666666668,4,10.749999999999995,2.3584952830141503,0.9999999999999902,0.7071067811865424,182.5,21.171915359740133,49.66666666666667
24hr_d1,140,23.333333333333332,4,10.999999999999993,1.4719601443879742,0.749999999999996,0.4787135538781667,186.25,20.426188255929368,49.83333333333333
24hr_d1,141,23.5,4,13.99999999999999,1.224744871391591,0.7499999999999971,0.4787135538781667,188.25,19.871986144654322,50.0
24hr_d1,142,23.666666666666668,4,12.999999999999993,2.345207879911713,1.2499999999999956,0.946484724300044,188.25,19.631501046362533,50.16666666666667
24hr_d1,143,23.833333333333332,4,12.499999999999991,1.1902380714238083,0.999999999999995,0.9999999999999949,190.25,21.39460601802863,50.33333333333333
24hr_d1,144,24.0,4,11.499999999999991,1.1902380714238079,0.7499999999999984,0.47871355387816844,196.0,22.810816147900834,50.5
24hr_d1,145,24.166666666666668,4,13.24999999999999,1.108677891304172,1.4999999999999916,0.9574271077563332,191.25,23.13862211397501,50.66666666666667
24hr_d1,146,24.333333333333332,4,13.499999999999995,1.1902380714238092,0.49999999999999645,0.49999999999999645,196.0,21.590893141939894,50.83333333333333
24hr_d1,147,24.5,4,13.999999999999986,0.7071067811865462,0.49999999999999645,0.49999999999999645,197.25,22.25374500318242,51.0
24hr_d1,148,24.666666666666668,4,12.999999999999988,2.273030282830974,0.7499999999999929,0.47871355387816533,195.75,20.245884355427236,51.16666666666667
24hr_d1,149,24.833333333333332,4,13.249999999999996,1.4930394055974112,0.9999999999999997,0.7071067811865476,197.75,21.476246568398928,51.33333333333333
24hr_d1,150,25.0,4,11.749999999999984,1.3149778198382895,1.4999999999999982,0.8660254037844376,202.75,21.638603620997966,51.5
24hr_d1,151,25.166666666666668,4,14.499999999999988,1.5545631755147995,0.9999999999999916,0.7071067811865449,202.0,22.468496463567238,51.66666666666667
24hr_d1,152,25.333333333333332,4,14.749999999999991,2.7500000000000018,1.24999999999999,0.9464847243000407,206.75,22.373254121830374,51.83333333333333
24hr_d1,153,25.5,4,13.249999999999996,2.136000936329384,1.4999999999999898,0.8660254037844373,205.5,22.392334998089563,52.0
24hr_d1,154,25.666666666666668,4,13.249999999999995,1.5478479684172255,1.7499999999999927,0.8539125638299657,209.25,24.22937267037676,52.16666666666667
24hr_d1,155,25.833333333333332,4,13.499999999999991,0.8660254037844367,1.2499999999999873,0.6291528696058932,208.75,22.555025308490936,52.33333333333333
24hr_d1,156,26.0,4,16.499999999999996,0.9574271077563394,1.2499999999999973,0.7499999999999991,204.25,22.518048316850198,52.5
24hr_d1,157,26.166666666666668,4,15.999999999999984,0.577350269189625,0.7499999999999922,0.47871355387816433,208.0,21.275964529643932,52.66666666666667
24hr_d1,158,26.333333333333332,4,15.249999999999988,1.436140661634503,1.2499999999999858,0.47871355387816517,209.25,21.61933933619002,52.83333333333333
24hr_d1,159,26.5,4,12.749999999999988,1.5478479684172244,1.499999999999994,0.8660254037844386,213.0,21.977260975835904,53.0
24hr_d1,160,26.666666666666668,4,12.499999999999991,2.8722813232690165,0.9999999999999997,0.9999999999999997,211.0,21.652559509982492,53.16666666666667
24hr_d1,161,26.833333333333332,4,14.49999999999999,2.499999999999998,0.9999999999999979,0.9999999999999979,211.5,20.085235041359773,53.33333333333333
24hr_d1,162,27.0,4,13.749999999999996,0.8539125638299664,0.999999999999992,0.7071067811865428,208.5,21.025777829448636,53.5
24hr_d1,163,27.166666666666668,4,15.749999999999988,2.096624270901517,0.9999999999999964,0.9999999999999964,209.75,20.997519694795702,53.66666666666667
24hr_d1,164,27.333333333333332,4,15.999999999999993,2.5166114784235822,1.4999999999999978,1.190238071423808,211.75,21.530501619795114,53.83333333333333
24hr_d1,165,27.5,4,15.999999999999996,2.2730302828309754,0.7499999999999939,0.749999999999994,211.75,19.930608788159645,54.0
24hr_d1,166,27.666666666666668,4,15.249999999999982,2.495829855311986,1.4999999999999898,0.6454972243678979,212.0,18.97805750509432,54.16666666666667
24hr_d1,167,27.833333333333332,4,16.499999999999993,2.629955639676585,0.49999999999999994,0.49999999999999994,211.25,17.964664390593736,54.33333333333333
24hr_d1,168,28.0,4,15.74999999999999,4.170831252080733,0.7499999999999996,0.4787135538781689,210.0,17.865236261148823,54.5
24hr_d1,169,28.166666666666668,4,17.249999999999993,3.2242570203588485,1.2499999999999984,0.7499999999999988,209.5,18.84365498870465,54.66666666666667
24hr_d1,170,28.333333333333332,4,17.999999999999986,3.8514066694304447,1.2499999999999893,0.9464847243000403,210.25,19.18495504294967,54.83333333333333
24hr_d1,171,28.5,4,16.74999999999999,3.4247870980057495,0.7499999999999917,0.4787135538781654,212.25,20.41394539687677,55.0
24hr_d1,172,28.666666666666668,4,18.749999999999986,4.784959073318526,0.9999999999999918,0.5773502691896211,213.5,19.228884523029414,55.16666666666667
24hr_d1,173,28.833333333333332,4,17.999999999999993,5.802298395176405,1.24999999999999,0.7499999999999936,215.5,19.68290290243456,55.33333333333333
24hr_d1,174,29.0,4,21.249999999999982,6.523994175349942,0.7499999999999936,0.4787135538781662,215.25,19.537890537790062,55.5
24hr_d1,175,29.166666666666668,4,21.499999999999996,5.575242894559246,0.9999999999999885,0.5773502691896191,212.5,17.684739183827386,55.66666666666667
24hr_d1,176,29.333333333333332,4,19.749999999999986,4.09013039726934,0.9999999999999901,0.707106781186543,213.75,18.363800441811243,55.83333333333333
24hr_d1,177,29.5,4,21.5,5.515130702591432,0.9999999999999934,0.577350269189622,215.5,19.86831648630552,56.0
24hr_d1,178,29.666666666666668,4,17.249999999999993,4.23034671549902,0.9999999999999937,0.7071067811865454,218.75,20.705776166728615,56.16666666666667
24hr_d1,179,29.833333333333332,4,17.749999999999996,4.767511580129268,0.74999999999999,0.47871355387816467,220.5,19.35846068260594,56.33333333333333
24hr_d1,180,30.0,4,20.24999999999999,4.327720724199596,1.249999999999994,0.6291528696058908,222.75,23.059253384848926,56.5
24hr_d1,181,30.166666666666668,4,18.249999999999986,3.4970225430595465,1.2499999999999916,0.7499999999999956,223.75,22.481010505164868,56.66666666666667
24hr_d1,182,30.333333333333332,4,15.999999999999996,3.5823642100341115,0.7499999999999907,0.47871355387816394,226.25,22.189993991286542,56.83333333333333
24hr_d1,183,30.5,4,20.49999999999999,4.272001872658765,1.4999999999999907,0.8660254037844354,225.0,24.097026095903757,57.0
24hr_d1,184,30.666666666666668,4,20.749999999999993,5.202163011671205,0.75,0.75,225.75,19.55068200003946,57.16666666666667
24hr_d1,185,30.833333333333332,4,22.749999999999996,5.49810573440223,0.9999999999999941,0.7071067811865439,223.0,20.21138293140773,57.33333333333333
24hr_d1,186,31.0,4,22.249999999999996,4.905354217587146,0.9999999999999959,0.7071067811865439,229.5,18.896648732866186,57.5
24hr_d1,187,31.166666666666668,4,22.499999999999993,4.425306015783919,1.2499999999999933,0.7499999999999974,229.5,18.79937942238165,57.66666666666667
24hr_d1,188,31.333333333333332,4,23.749999999999993,5.618051263561059,0.9999999999999949,0.7071067811865467,228.75,17.182234041784742,57.83333333333333
24hr_d1,189,31.5,4,23.999999999999993,6.493586579592713,1.2499999999999933,0.6291528696058947,229.5,17.764665303161028,58.0
24hr_d1,190,31.666666666666668,4,26.74999999999999,7.330018190063834,0.749999999999996,0.749999999999996,227.5,16.834983417475247,58.16666666666667
24hr_d1,191,31.833333333333332,4,23.249999999999993,5.513241635674367,0.999999999999992,0.7071067811865432,231.0,17.034279164868313,58.33333333333333
24hr_d1,192,32.0,4,27.999999999999993,6.557438524301999,1.2499999999999916,0.7499999999999958,230.25,16.453849600220206,58.5
24hr_d1,193,32.166666666666664,4,25.24999999999999,6.355771655222783,0.9999999999999976,0.5773502691896244,231.75,17.384739476525567,58.666666666666664
24hr_d1,194,32.333333333333336,4,26.74999999999999,5.720941064778299,0.4999999999999971,0.28867513459481126,228.5,16.378339354159205,58.833333333333336
24hr_d1,195,32.5,4,25.999999999999993,5.802298395176402,0.9999999999999952,0.7071067811865448,232.5,17.533301647626626,59.0
24hr_d1,196,32.666666666666664,4,28.249999999999986,5.963430220938278,0.7499999999999858,0.24999999999999528,233.75,18.427221711370382,59.166666666666664
24hr_d1,197,32.833333333333336,4,26.999999999999993,5.9301489582190605,0.24999999999999659,0.24999999999999659,233.5,19.13765920900464,59.333333333333336
24hr_d1,198,33.0,4,26.499999999999993,6.383572667401849,0.49999999999999983,0.49999999999999983,236.0,18.060084901978364,59.5
24hr_d1,199,33.166666666666664,4,28.499999999999993,7.193747284969077,0.7499999999999926,0.4787135538781674,237.0,19.343388189938878,59.666666666666664
24hr_d1,200,33.333333333333336,4,29.249999999999993,4.552929459882581,1.2499999999999967,0.4787135538781694,235.0,17.74823934929885,59.833333333333336
24hr_d1,201,33.5,4,31.249999999999986,6.78693598024911,1.249999999999981,0.4787135538781641,235.25,16.121285101794253,60.0
24hr_d1,202,33.666666666666664,4,30.499999999999986,7.2399355429911525,0.7499999999999891,0.24999999999999636,234.25,15.309991291092668,60.166666666666664
24hr_d1,203,33.833333333333336,4,28.999999999999996,6.258327785172862,1.249999999999991,0.4787135538781667,237.25,17.504166170752985,60.333333333333336
24hr_d1,204,34.0,4,31.749999999999996,8.844725358464599,0.4999999999999909,0.28867513459480765,232.75,15.45625547580439,60.5
24hr_d1,205,34.166666666666664,4,31.249999999999993,6.700435309241731,0.49999999999999634,0.28867513459481076,233.25,16.725105879086883,60.666666666666664
24hr_d1,206,34.333333333333336,4,32.74999999999999,8.10735262996909,0.7499999999999941,0.478713553878165,233.5,17.969882210706523,60.833333333333336
24hr_d1,207,34.5,4,32.749999999999986,7.814249804043888,0.24999999999999975,0.24999999999999975,234.75,19.623009453190406,61.0
24hr_d1,208,34.666666666666664,4,30.999999999999986,7.494442385305702,0.7499999999999899,0.2499999999999966,234.0,18.810458084090698,61.166666666666664
24hr_d1,209,34.833333333333336,4,35.499999999999986,7.984359711335655,0.49999999999999567,0.28867513459481037,233.0,20.77257807784099,61.333333333333336
24hr_d1,210,35.0,4,33.999999999999986,6.350852961085879,0.249999999999994,0.249999999999994,232.5,20.483733383671375,61.5
24hr_d1,211,35.166666666666664,4,33.74999999999999,7.88854654969258,0.24999999999999706,0.24999999999999703,235.25,19.439543033037925,61.666666666666664
24hr_d1,212,35.333333333333336,4,34.74999999999998,9.472548055653593,0.49999999999998657,0.28867513459480515,234.75,16.779824194549835,61.833333333333336
24hr_d1,213,35.5,4,34.49999999999998,9.53502316025853,0.9999999999999891,0.4082482904638594,236.25,16.849208685672252,62.0
24hr_d1,214,35.666666666666664,4,36.49999999999999,9.133272505880171,0.7499999999999898,0.24999999999999656,231.25,16.11094348571803,62.166666666666664
24hr_d1,215,35.833333333333336,4,40.499999999999986,10.037429949942366,0.7499999999999909,0.249999999999997,227.5,14.891272611835435,62.333333333333336
24hr_d1,216,36.0,4,42.24999999999999,10.27436129401726,0.999999999999986,0.4082482904638574,226.0,14.059397805975427,62.5
24hr_d1,217,36.166666666666664,4,39.499999999999986,10.218447370646222,0.9999999999999863,0.40824829046386046,231.0,13.441230102437308,62.666666666666664
24hr_d1,218,36.333333333333336,4,43.249999999999986,10.934463864314514,0.9999999999999907,0.408248290463863,229.0,12.7148207485071,62.833333333333336
24hr_d1,219,36.5,4,44.99999999999998,12.006942436218589,0.49999999999999245,0.28867513459480854,232.25,13.658788379647735,63.0
24hr_d1,220,36.666666666666664,4,44.24999999999999,9.577534477445996,0.749999999999993,0.4787135538781651,234.25,16.799677576271115,63.166666666666664
24hr_d1,221,36.833333333333336,4,47.499999999999986,11.947803145348525,0.7499999999999918,0.4787135538781647,233.0,13.583077707206119,63.333333333333336
24hr_d1,222,37.0,4,48.249999999999986,12.168093523637951,0.49999999999999395,0.28867513459480937,229.75,13.362728014892767,63.5
24hr_d1,223,37.166666666666664,4,49.24999999999999,10.942082373418083,0.749999999999988,0.249999999999996,229.5,12.399596767637245,63.666666666666664
24hr_d1,224,37.333333333333336,4,46.749999999999986,10.506942149518732,0.749999999999994,0.4787135538781639,230.5,14.056433876817168,63.833333333333336
24hr_d1,225,37.5,4,51.49999999999999,10.210288928331073,0.49999999999999944,0.28867513459481253,230.25,10.355151696941318,64.0
24hr_d1,226,37.666666666666664,4,45.74999999999999,8.816414615174736,0.4999999999999938,0.28867513459480926,235.0,11.343133018115703,64.16666666666666
24hr_d1,227,37.833333333333336,4,51.0,12.13122692338523,1.7499999999999865,0.6291528696058907,233.0,12.213380640374174,64.33333333333334
24hr_d1,228,38.0,4,54.24999999999999,11.153288005486692,1.2499999999999911,0.7499999999999943,231.75,11.37522893542514,64.5
24hr_d1,229,38.166666666666664,4,58.749999999999986,13.431151601159648,0.7499999999999867,0.4787135538781608,227.0,10.496030995889193,64.66666666666666
24hr_d1,230,38.333333333333336,4,53.75,14.285044627161653,1.2499999999999984,0.7499999999999989,234.0,10.082988974836116,64.83333333333334
24hr_d1,231,38.5,4,55.49999999999998,15.665780116759795,0.9999999999999893,0.40824829046386135,235.0,8.051914886120775,65.0
24hr_d1,232,38.666666666666664,4,57.749999999999986,15.074122417794891,0.7499999999999915,0.4787135538781616,231.25,9.560116805423108,65.16666666666666
24hr_d1,233,38.833333333333336,4,56.499999999999986,14.540174230959769,0.7499999999999905,0.47871355387816444,231.75,8.947765084086635,65.33333333333334
24hr_d1,234,39.0,4,53.999999999999986,13.693063937629153,0.7499999999999938,0.7499999999999938,231.0,10.5751280528102,65.5
24hr_d1,235,39.166666666666664,4,61.749999999999986,15.04645583960998,0.4999999999999943,0.4999999999999943,228.0,9.064583093924762,65.66666666666666
24hr_d1,236,39.333333333333336,4,60.249999999999986,14.232445327490284,0.9999999999999878,0.40824829046385813,228.0,9.201449161228181,65.83333333333334
24hr_d1,237,39.5,4,62.25,14.619479014885135,0.9999999999999856,0.40824829046385874,225.25,5.32877409291605,66.0
24hr_d1,238,39.666666666666664,4,65.25,13.90068943134357,0.7499999999999886,0.2499999999999962,225.75,6.485560885536423,66.16666666666666
24hr_d1,239,39.833333333333336,4,64.24999999999999,15.173304408291116,0.7499999999999918,0.24999999999999725,232.0,8.195527235429498,66.33333333333334
24hr_d1,240,40.0,4,64.75,15.402245507284535,0.0,0.0,232.0,6.806859285554048,66.5
24hr_d1,241,40.166666666666664,4,68.74999999999999,16.61512864831326,0.0,0.0,231.25,6.459811658761164,66.66666666666666
24hr_d1,242,40.333333333333336,4,72.49999999999999,17.442763542512413,0.24999999999999328,0.24999999999999326,231.5,5.852349955359813,66.83333333333334
24hr_d1,243,40.5,4,71.5,15.729483992384072,0.24999999999999617,0.24999999999999614,228.25,3.75,67.0
24hr_d1,244,40.666666666666664,4,67.5,14.840822079655833,0.49999999999999,0.2886751345948071,233.0,4.672615256292062,67.16666666666666
24hr_d1,245,40.833333333333336,4,74.74999999999999,15.627833076491022,0.24999999999999703,0.24999999999999703,228.5,4.500000000000003,67.33333333333334
24hr_d1,246,41.0,4,74.25,15.627833076491017,0.2499999999999989,0.2499999999999989,233.0,5.830951894845297,67.5
24hr_d1,247,41.166666666666664,4,78.5,19.00219285591359,0.2499999999999987,0.2499999999999987,228.75,3.09232921921324,67.66666666666666
24hr_d1,248,41.333333333333336,4,77.74999999999999,17.341544529443357,0.24999999999999703,0.24999999999999703,226.25,2.212653007891959,67.83333333333334
24hr_d1,249,41.5,4,86.0,17.53567791675018,0.25,0.25,218.5,4.73462423711393,68.0
24hr_d1,250,41.666666666666664,4,85.5,20.389948504103685,0.24999999999999992,0.24999999999999992,220.75,3.705289012569279,68.16666666666666
24hr_d1,251,41.833333333333336,4,81.0,18.165902124584942,0.24999999999999992,0.24999999999999992,224.5,4.873397172404488,68.33333333333334
24hr_d1,252,42.0,4,87.5,19.640519341402356,0.7499999999999961,0.4787135538781668,221.5,3.926406329796582,68.5
24hr_d1,253,42.166666666666664,4,87.49999999999999,19.02848741580195,0.9999999999999967,0.4082482904638605,226.25,3.119161212035481,68.66666666666666
24hr_d1,254,42.333333333333336,4,89.75,22.035482749420307,0.4999999999999984,0.288675134594812,225.25,1.8874586088176928,68.83333333333334
24hr_d1,255,42.5,4,91.25,22.016565732799172,0.4999999999999901,0.2886751345948072,221.0,5.244044240850758,69.0
24hr_d1,256,42.666666666666664,4,94.25,21.580759177254787,0.7499999999999882,0.478713553878163,215.75,6.523994175349944,69.16666666666666
24hr_d1,257,42.833333333333336,4,95.25,22.421622748290694,0.9999999999999865,0.4082482904638624,215.0,6.244997998398392,69.33333333333334
24hr_d1,258,43.0,4,97.49999999999997,20.722371164195145,1.249999999999983,0.24999999999999806,216.5,5.780715065341542,69.5
24hr_d1,259,43.166666666666664,4,91.75,20.381261818968262,0.49999999999998845,0.2886751345948062,224.75,4.81966458030709,69.66666666666666
24hr_d1,260,43.333333333333336,4,103.75,21.417963644255888,0.9999999999999949,3.2110214185320387e-15,214.75,5.935416301041283,69.83333333333334
24hr_d1,261,43.5,4,103.49999999999999,22.54070392275568,0.7499999999999849,0.24999999999999495,216.0,4.915960401250875,70.0
24hr_d1,262,43.666666666666664,4,99.24999999999999,22.376978497256204,0.249999999999994,0.249999999999994,221.75,4.8541219597369,70.16666666666666
24hr_d1,263,43.833333333333336,4,108.49999999999999,21.619821152513417,0.7499999999999927,0.24999999999999756,212.25,6.342646661029343,70.33333333333334
24hr_d1,264,44.0,4,102.75,18.803257696473775,0.9999999999999881,0.707106781186541,217.25,5.82201282490285,70.5
24hr_d1,265,44.166666666666664,4,110.75,20.54415975405176,1.249999999999994,0.478713553878168,214.75,7.856791117667987,70.66666666666666
24hr_d1,266,44.333333333333336,4,106.0,18.5876302954411,0.9999999999999858,0.4082482904638569,213.25,7.608931155775641,70.83333333333334
24hr_d1,267,44.5,4,113.75,19.405218370325024,0.4999999999999927,0.28867513459480865,211.75,3.3260336739125176,71.0
24hr_d1,268,44.666666666666664,4,116.25,19.023559954260225,0.4999999999999969,0.2886751345948111,207.5,4.663689526544412,71.16666666666666
24hr_d1,269,44.833333333333336,4,118.5,17.461863207191456,1.249999999999995,0.7499999999999964,204.25,8.22977318439984,71.33333333333334
24hr_d1,270,45.0,4,119.0,17.958284996067974,1.499999999999984,0.6454972243678989,208.0,4.020779360604943,71.5
24hr_d1,271,45.166666666666664,4,122.75,20.94586275775403,1.2499999999999911,0.47871355387816517,204.0,8.897565210026093,71.66666666666666
24hr_d1,272,45.333333333333336,4,120.99999999999999,19.748417658131494,0.7499999999999907,0.24999999999999686,205.25,5.26584909265986,71.83333333333334
24hr_d1,273,45.5,4,124.0,23.73113285679103,0.9999999999999879,0.7071067811865415,207.25,8.673474889954242,72.0
24hr_d1,274,45.666666666666664,4,123.75,21.15173357749509,0.999999999999984,0.4082482904638586,206.5,8.60716755578357,72.16666666666666
24hr_d1,275,45.833333333333336,4,126.0,20.69218854221725,0.7499999999999911,0.47871355387816483,203.5,8.411301920630368,72.33333333333334
24hr_d1,276,46.0,4,122.75,18.472389305844178,0.999999999999983,0.40824829046385847,205.25,7.295832143536929,72.5
24hr_d1,277,46.166666666666664,4,123.25,20.043182548354608,0.4999999999999963,0.28867513459481076,203.0,7.905694150420954,72.66666666666666
24hr_d1,278,46.333333333333336,4,124.0,18.819316317727026,0.49999999999999856,0.4999999999999985,205.0,6.244997998398398,72.83333333333334
24hr_d1,279,46.5,4,126.75,21.13596855284059,0.0,0.0,204.75,7.7176745202165655,73.0
24hr_d1,280,46.666666666666664,4,129.0,19.735754355990558,0.499999999999988,0.2886751345948059,200.75,10.37123425634578,73.16666666666666
24hr_d1,281,46.833333333333336,4,127.0,19.429359227725453,0.499999999999995,0.499999999999995,200.25,9.040418500637383,73.33333333333334
24hr_d1,282,47.0,4,133.5,20.217566619155733,0.49999999999999545,0.28867513459481026,198.25,7.215434844830912,73.5
24hr_d1,283,47.166666666666664,4,137.0,21.490307892939402,1.2499999999999942,0.7499999999999964,196.75,8.537905676062094,73.66666666666666
24hr_d1,284,47.333333333333336,4,133.5,21.929812280698314,0.2499999999999976,0.2499999999999976,200.25,9.7071708889185,73.83333333333334
24hr_d1,285,47.5,4,138.99999999999997,21.474791423123683,0.249999999999992,0.249999999999992,200.5,5.951190357119041,74.0
24hr_d1,286,47.666666666666664,4,145.75,23.026705510486448,0.9999999999999891,0.4082482904638582,189.5,8.2915619758885,74.16666666666666
24hr_d1,287,47.833333333333336,4,142.49999999999997,22.90014555994495,0.7499999999999926,0.4787135538781628,193.0,10.9924216318941,74.33333333333334
24hr_d1,288,48.0,4,148.75,24.547148510570434,0.999999999999992,0.5773502691896212,183.25,10.742245264996207,74.5
24hr_d1,289,48.166666666666664,4,141.25,20.063960227233306,1.249999999999985,0.6291528696058967,190.25,9.750000000000005,74.66666666666666
24hr_d1,290,48.333333333333336,4,144.0,21.775368347439432,1.499999999999988,0.288675134594808,191.0,10.35213343551303,74.83333333333334
24hr_d1,291,48.5,4,145.0,21.29553943904685,0.7499999999999885,0.24999999999999617,189.5,10.120111988840183,75.0
24hr_d1,292,48.666666666666664,4,150.5,18.314384146529925,0.7499999999999915,0.47871355387816655,183.0,8.32666399786453,75.16666666666666
24hr_d1,293,48.833333333333336,4,150.5,18.612271937264047,0.49999999999999983,0.4999999999999999,182.75,8.76902693195393,75.33333333333334
24hr_d1,294,49.0,4,147.0,17.46902019767184,0.7499999999999882,0.2499999999999961,185.25,7.824906815206598,75.5
24hr_d1,295,49.166666666666664,4,152.25,19.097883826923518,0.9999999999999886,0.4082482904638625,182.75,7.983054970790735,75.66666666666666
24hr_d1,296,49.333333333333336,4,149.75,18.49493173818168,0.24999999999999367,0.2499999999999937,185.0,6.867799259345511,75.83333333333334
24hr_d1,297,49.5,4,155.5,18.927493230747704,0.4999999999999903,0.28867513459480726,179.25,7.553972464869069,76.0
24hr_d1,298,49.666666666666664,4,163.0,19.979155804654685,0.7499999999999851,0.24999999999999506,177.5,7.0059498523279,76.16666666666666
24hr_d1,299,49.833333333333336,4,163.25,17.987843116949847,0.7499999999999918,0.47871355387816483,173.5,6.589132466923599,76.33333333333334
