treatment_key,frame,elapsed_time_hours,n_scenes,foxf1_bgsub_mean_mean,foxf1_bgsub_mean_sem,bmp4_bgsub_mean_mean,bmp4_bgsub_mean_sem,absolute_hours
14hr_basal,0,0.0,4,12.015053491280046,2.2672856190056487,29.306334606967045,1.4000599726876488,16.5
14hr_basal,1,0.1666666666666666,4,10.36497657612757,1.3746198106517795,30.260102187867933,0.8616960194292899,16.666666666666668
14hr_basal,2,0.3333333333333333,4,10.785046343135468,1.1185410391355737,29.456522262994053,0.6056879131917592,16.833333333333332
14hr_basal,3,0.5,4,11.740145059566972,2.389402645436352,29.69107624580819,1.132258673652092,17.0
14hr_basal,4,0.6666666666666666,4,11.001563109777836,1.5912162192935533,29.717962484880996,0.8967868032284818,17.166666666666668
14hr_basal,5,0.8333333333333334,4,12.079612434582575,1.642401695393166,29.856583109162287,0.8806096318097322,17.333333333333332
14hr_basal,6,1.0,4,11.674792027854078,1.8886802327546333,29.607497271522863,1.4245738651106248,17.5
14hr_basal,7,1.1666666666666667,4,11.195449030773652,1.287501881998442,30.16527348945894,0.7587209143586057,17.666666666666668
14hr_basal,8,1.3333333333333333,4,11.332748654085634,1.2781510062933983,30.629740378295843,0.5506414862487155,17.833333333333332
14hr_basal,9,1.5,4,12.40811760457612,1.9795319835980623,29.357256535953603,1.5191559975362023,18.0
14hr_basal,10,1.6666666666666667,4,10.322781852916687,1.3474940690253618,30.485655550019324,1.4009915791200875,18.166666666666668
14hr_basal,11,1.8333333333333333,4,12.354319391215885,1.1713376644942508,32.070164174068665,1.6446365791432573,18.333333333333332
14hr_basal,12,2.0,4,12.192190076702303,1.4174417190499429,32.17567029575885,1.6065028357952484,18.5
14hr_basal,13,2.1666666666666665,4,11.457561384943647,0.39844933401444393,30.715046807093028,0.8132537526757314,18.666666666666668
14hr_basal,14,2.3333333333333335,4,12.731830931835102,1.7822591438984425,30.20244811518561,0.6971166160781497,18.833333333333332
14hr_basal,15,2.5,4,13.228724927056597,2.0616286156212578,31.354689467746425,0.07728064038452953,19.0
14hr_basal,16,2.6666666666666665,4,12.060313459612082,0.8125297222948819,30.688653822513416,0.7948497900646172,19.166666666666668
14hr_basal,17,2.8333333333333335,4,14.419110963525524,2.2626890863752633,30.085392315496282,1.1974784798131184,19.333333333333332
14hr_basal,18,3.0,4,13.052340583009242,1.685778374605716,30.96510771733627,0.6068993836181732,19.5
14hr_basal,19,3.1666666666666665,4,13.320745673609101,1.5177113657707724,32.34135848353545,0.5268217074869581,19.666666666666668
14hr_basal,20,3.3333333333333335,4,14.991193480451987,1.967136515372092,31.956142197262153,0.2605467977711025,19.833333333333332
14hr_basal,21,3.5,4,14.877821254589746,2.7789063975410215,31.383150425945747,0.9963815333433454,20.0
14hr_basal,22,3.6666666666666665,4,13.52247171859593,2.2436086683141667,30.40183421096512,0.6186311851392869,20.166666666666668
14hr_basal,23,3.8333333333333335,4,13.351348036859743,0.8017187953946739,30.89098661405254,0.6148018096897782,20.333333333333332
14hr_basal,24,4.0,4,13.249349682200343,1.3954511366194364,31.417332338704227,0.869620839319726,20.5
14hr_basal,25,4.166666666666667,4,13.865335732352085,0.6395652948664378,32.058025546449365,0.38291984388344585,20.666666666666668
14hr_basal,26,4.333333333333333,4,14.74476653987363,2.7070424618215805,31.955311668315773,0.8095981967073821,20.833333333333332
14hr_basal,27,4.5,4,13.821920765375408,0.6780249382422692,31.01221459391648,0.8584791641434879,21.0
14hr_basal,28,4.666666666666667,4,15.249198370142413,2.4243493979811293,30.846917346575115,0.7370627121066864,21.166666666666668
14hr_basal,29,4.833333333333333,4,13.446593590916574,1.6368883959114915,31.62342660534128,0.8035649110892797,21.333333333333332
14hr_basal,30,5.0,4,15.856017991034463,2.585414571532792,32.60398699687751,0.9241140518728918,21.5
14hr_basal,31,5.166666666666667,4,12.669180211500661,0.8260726922275051,31.407624736959782,0.540032490228861,21.666666666666668
14hr_basal,32,5.333333333333333,4,15.811671926162141,1.990736062082255,31.65656801550869,0.7282340293029321,21.833333333333332
14hr_basal,33,5.5,4,14.653760246243742,2.605315001783001,31.651155815853343,0.838842125933204,22.0
14hr_basal,34,5.666666666666667,4,16.63093791366942,2.572183342158572,30.986029331815836,1.5786421853456387,22.166666666666668
14hr_basal,35,5.833333333333333,4,14.817294932931318,1.993802894682535,30.461881576521183,0.4588008745135913,22.333333333333332
14hr_basal,36,6.0,4,17.586038088726454,1.9752460671817673,29.937675235309573,1.2411983252894203,22.5
14hr_basal,37,6.166666666666667,4,15.100759823002386,1.2738425782144132,31.49799115567718,1.0408654049298531,22.666666666666668
14hr_basal,38,6.333333333333333,4,14.30109513282934,2.6171593809657616,32.305038455377215,0.4884269589989615,22.833333333333332
14hr_basal,39,6.5,4,16.031618474820775,2.5148661765497247,33.07527824518688,0.7430827439036019,23.0
14hr_basal,40,6.666666666666667,4,13.870229110477105,1.8264971321265073,31.861266183708672,0.529490866613521,23.166666666666668
14hr_basal,41,6.833333333333333,4,15.01374152002445,1.6062257839186962,31.281214566686614,0.8527975132017932,23.333333333333332
14hr_basal,42,7.0,4,15.156872469748368,2.2947794474389522,31.70380823842341,0.6532001932528111,23.5
14hr_basal,43,7.166666666666667,4,15.032012482356773,1.0164588314841934,32.72030246239794,0.5180221424918284,23.666666666666668
14hr_basal,44,7.333333333333333,4,16.432687362725403,2.1205711247074928,31.763913947937745,0.9104154371903568,23.833333333333332
14hr_basal,45,7.5,4,14.336502679070144,2.0533636703483165,32.03290931360645,0.8277851201323417,24.0
14hr_basal,46,7.666666666666667,4,12.038776808489105,1.1317888836434384,31.729720581232968,0.7944936681750829,24.166666666666668
14hr_basal,47,7.833333333333333,4,14.733720156288822,2.5934171416911496,31.465935565238723,0.949731664603901,24.333333333333332
14hr_basal,48,8.0,4,15.627854463802471,2.011225090546621,31.76533150437824,1.4846835898546384,24.5
14hr_basal,49,8.166666666666666,4,16.730101136724326,2.136609917744417,31.79622210516337,1.1715919055337163,24.666666666666664
14hr_basal,50,8.333333333333334,4,16.126867557064372,2.0944210030303956,34.15181168553897,2.1220792942978988,24.833333333333336
14hr_basal,51,8.5,4,14.655074523559758,2.184566465852063,33.376476952593386,2.275929721203218,25.0
14hr_basal,52,8.666666666666666,4,14.653906522210853,2.0150157330504452,33.04558103441278,1.9510915544471095,25.166666666666664
14hr_basal,53,8.833333333333334,4,12.47662320731877,1.196982509272486,33.275946803170314,1.0987811927261808,25.333333333333336
14hr_basal,54,9.0,4,13.222519668745074,1.6795408067689779,33.70903127527145,2.048005432962324,25.5
14hr_basal,55,9.166666666666666,4,15.129564001059777,1.5556932085912039,34.607474703538415,1.490793147740117,25.666666666666664
14hr_basal,56,9.333333333333334,4,14.894060576645414,2.3221599308398586,35.06728994673241,2.1915256687220164,25.833333333333336
14hr_basal,57,9.5,4,15.22893634149336,1.5749911201831381,35.33763937032406,2.6739728553624906,26.0
14hr_basal,58,9.666666666666666,4,13.926926934031815,1.2370689551530283,34.83938141466338,2.4948610652081276,26.166666666666664
14hr_basal,59,9.833333333333334,4,14.912372461051952,1.519145292267573,35.398435321562076,3.099022089678668,26.333333333333336
14hr_basal,60,10.0,4,14.861616738711017,2.7919297424606584,34.81067112292967,2.7259270690624144,26.5
14hr_basal,61,10.166666666666666,4,16.383180749213807,1.4612992407378582,38.61633111814305,1.9580968267736603,26.666666666666664
14hr_basal,62,10.333333333333334,4,16.362367777076816,1.276605672302992,36.09380573643912,3.0227413643034273,26.833333333333336
14hr_basal,63,10.5,4,14.452943981750115,0.7200027251843469,37.61836640778446,3.0592795312426695,27.0
14hr_basal,64,10.666666666666666,4,16.05179881210948,0.7430526229642258,37.08147378334653,3.6508502116715698,27.166666666666664
14hr_basal,65,10.833333333333334,4,16.66021099009133,0.6256782422317752,39.89792766693275,2.3698828658006277,27.333333333333336
14hr_basal,66,11.0,4,15.512459040666524,0.9186857859945837,40.408169369829025,3.647416158149739,27.5
14hr_basal,67,11.166666666666666,4,15.519899278584429,1.95785175430342,41.01880819195779,4.00760373541899,27.666666666666664
14hr_basal,68,11.333333333333334,4,16.116273815954436,1.6256839303251487,43.380819600087946,4.134735629081689,27.833333333333336
14hr_basal,69,11.5,4,17.523409765005244,0.9620744042432994,43.806749272936244,4.355749824446102,28.0
14hr_basal,70,11.666666666666666,4,15.411392470716347,2.0315937312593735,43.27285324750587,5.227122485807994,28.166666666666664
14hr_basal,71,11.833333333333334,4,14.732332654593344,1.4218774785559432,44.02654272425856,5.377784407443956,28.333333333333336
14hr_basal,72,12.0,4,14.32031558485546,1.512445730264644,44.75022699982383,5.557278963916794,28.5
14hr_basal,73,12.166666666666666,4,16.1435622193876,1.6396335513367808,48.18055877430321,5.7143609288628605,28.666666666666664
14hr_basal,74,12.333333333333334,4,16.030205618241407,1.5971920048126258,49.46021344566404,5.5275943622335815,28.833333333333336
14hr_basal,75,12.5,4,15.334643165205968,2.18250934552092,50.74536267018904,6.746859255942105,29.0
14hr_basal,76,12.666666666666666,4,16.149861042050514,1.6543101728732714,50.001367741529336,7.556482783326852,29.166666666666664
14hr_basal,77,12.833333333333334,4,16.43634929685024,1.6844335719123966,53.75411607898348,6.993423639706852,29.333333333333336
14hr_basal,78,13.0,4,15.884093843080501,1.3032630020646043,50.924858531809406,8.939838820470897,29.5
14hr_basal,79,13.166666666666666,4,15.844752371408308,1.5095063225915053,53.02631684772528,8.916466348307985,29.666666666666664
14hr_basal,80,13.333333333333334,4,16.909310951937663,3.058664956079285,53.18230045537597,7.37490721232067,29.833333333333336
14hr_basal,81,13.5,4,17.116839032027983,1.8838548550738994,55.53716135562717,9.097976844731901,30.0
14hr_basal,82,13.666666666666666,4,16.932758386969823,2.152986012816387,55.13300104220809,9.748520866183025,30.166666666666664
14hr_basal,83,13.833333333333334,4,16.863609623485292,2.035910130774813,55.226355690863954,6.79470427846273,30.333333333333336
14hr_basal,84,14.0,4,17.784287540537484,2.79847706124158,59.45817014503325,10.963738676524114,30.5
14hr_basal,85,14.166666666666666,4,18.461487959269164,2.671178647083735,60.41374748275386,11.316975632462176,30.666666666666664
14hr_basal,86,14.333333333333334,4,17.72677895944374,2.2196696920133125,61.16918872007902,12.61287728867053,30.833333333333336
14hr_basal,87,14.5,4,17.493915044717276,2.281448027632312,61.72038498411057,14.176628318625971,31.0
14hr_basal,88,14.666666666666666,4,18.228349035039397,3.229347053250806,65.3785733240578,13.174957796107833,31.166666666666664
14hr_basal,89,14.833333333333334,4,18.589632216266605,3.383936284664267,64.93258969475608,11.547276181925412,31.333333333333336
14hr_basal,90,15.0,4,18.316783790857457,3.220283249385533,68.79194995908621,14.348626776902362,31.5
14hr_basal,91,15.166666666666666,4,20.242694967716,2.8924201038098345,75.30600990325905,15.577777853691677,31.666666666666664
14hr_basal,92,15.333333333333334,4,17.848563453770105,2.545839016392381,72.29012305775692,15.5819274185739,31.833333333333336
14hr_basal,93,15.5,4,19.51600116772688,3.2929097104900324,75.7872260674993,14.278069403170411,32.0
14hr_basal,94,15.666666666666666,4,19.856363112145832,3.415178645920219,77.9635543410766,13.326433005819597,32.166666666666664
14hr_basal,95,15.833333333333334,4,20.178095388640415,3.486331786108757,73.10713380473791,11.259551868746687,32.333333333333336
14hr_basal,96,16.0,4,22.61262349130476,3.5909545030483025,81.79348019878763,12.874906552760777,32.5
14hr_basal,97,16.166666666666668,4,21.141078040230454,3.6601344385929324,81.82673396367147,18.382466929662804,32.66666666666667
14hr_basal,98,16.333333333333332,4,21.23564573300076,3.5048136989776237,84.12639406308494,15.12342129440195,32.83333333333333
14hr_basal,99,16.5,4,21.506971559855202,3.1642000642791657,92.34959126026152,15.650851520676134,33.0
14hr_basal,100,16.666666666666668,4,22.12288215421903,4.139200272087584,90.83512759124903,14.147765912184832,33.16666666666667
14hr_basal,101,16.833333333333332,4,21.4489273503309,3.3477987943520735,97.21934081013976,16.754097236783203,33.33333333333333
14hr_basal,102,17.0,4,23.85098340288418,4.614315297195931,95.99252812989651,22.458935212050772,33.5
14hr_basal,103,17.166666666666668,4,22.31396510447098,3.6495376573915936,100.3715900988152,19.953807303802446,33.66666666666667
14hr_basal,104,17.333333333333332,4,23.616754037474358,4.262553083446862,106.94321594423047,19.81187824804459,33.83333333333333
14hr_basal,105,17.5,4,24.273719197876765,3.7260639264252475,113.14439313999858,18.658081036537588,34.0
14hr_basal,106,17.666666666666668,4,23.902160746562785,3.8148997055507192,114.54533361328134,19.112298384573794,34.16666666666667
14hr_basal,107,17.833333333333332,4,23.295079935804573,3.9771741301013086,110.41804113997347,21.008577827156458,34.33333333333333
14hr_basal,108,18.0,4,22.52462115427428,3.428317019205215,114.3200050651609,20.359726812638485,34.5
14hr_basal,109,18.166666666666668,4,23.3484580317102,3.734623015560858,113.79013381359175,15.77476762281941,34.66666666666667
14hr_basal,110,18.333333333333332,4,22.826916809347004,3.5637935474922102,116.16280688986824,20.98311615631427,34.83333333333333
14hr_basal,111,18.5,4,22.12347430249891,3.9219897267836035,112.5291493709576,22.65713410962857,35.0
14hr_basal,112,18.666666666666668,4,22.64318483683875,3.872748976809673,124.80058474429626,20.02362454598627,35.16666666666667
14hr_basal,113,18.833333333333332,4,23.397532232838294,3.7713636920189995,117.01563221665111,21.325094523053867,35.33333333333333
14hr_basal,114,19.0,4,21.756583403990344,3.5496431450796053,113.99012100686775,23.328748803654012,35.5
14hr_basal,115,19.166666666666668,4,24.721232339062475,6.079269405011491,127.16037811731098,24.3972236633993,35.66666666666667
14hr_basal,116,19.333333333333332,4,22.709126897864472,5.374884465005838,131.8794935394094,24.10092716653597,35.83333333333333
14hr_basal,117,19.5,4,24.091524975798983,5.034171246133426,133.01963733424236,25.063917309855487,36.0
14hr_basal,118,19.666666666666668,4,24.083918672149835,5.077332658341282,129.8186070979366,24.274299718410237,36.16666666666667
14hr_basal,119,19.833333333333332,4,22.99414057732812,4.728126014026421,133.77759551272575,19.460466479208197,36.33333333333333
14hr_basal,120,20.0,4,22.184057572091632,4.099795482537343,130.07390846289624,18.616586020731468,36.5
14hr_basal,121,20.166666666666668,4,22.741025426463377,4.15808690535321,137.82698740218365,19.07439476341743,36.66666666666667
14hr_basal,122,20.333333333333332,4,22.407917461393815,3.9646300496720293,128.68521902487907,18.885529809563483,36.83333333333333
14hr_basal,123,20.5,4,22.439951335468507,3.6020730830379284,143.61041257167216,19.428334679656732,37.0
14hr_basal,124,20.666666666666668,4,22.947027753005507,5.107492910646263,149.03263482819168,22.113370267598057,37.16666666666667
14hr_basal,125,20.833333333333332,4,21.490103770823417,3.7724088234129085,136.67766968150133,22.558294456435867,37.33333333333333
14hr_basal,126,21.0,4,23.341458150449533,6.223649703960435,144.59372697500297,25.435189926494633,37.5
14hr_basal,127,21.166666666666668,4,24.148284498698743,6.179894072044943,154.08060011024483,21.23218404598294,37.66666666666667
14hr_basal,128,21.333333333333332,4,23.94722577571055,6.172655894782686,158.52611585693558,22.452229541002524,37.83333333333333
14hr_basal,129,21.5,4,24.318485686479725,6.571516183905369,157.88900008485612,25.759178278317894,38.0
14hr_basal,130,21.666666666666668,4,21.69579445303769,4.423013981649559,151.26974727074642,15.877831194162384,38.16666666666667
14hr_basal,131,21.833333333333332,4,23.378276341296708,3.864243132135554,154.91513331379284,24.863951171303363,38.33333333333333
14hr_basal,132,22.0,4,21.917769799109344,4.455873711864476,155.90582556141402,17.097384051906353,38.5
14hr_basal,133,22.166666666666668,4,22.421709443321433,4.3657470011104795,150.8726332802696,21.37505845630735,38.66666666666667
14hr_basal,134,22.333333333333332,4,22.13262936882944,3.713902104388978,153.72046696011506,25.44471583677081,38.83333333333333
14hr_basal,135,22.5,4,25.326819733008282,6.388040502966288,170.97179650697996,19.12827999678304,39.0
14hr_basal,136,22.666666666666668,4,24.869678599580226,6.253441124694807,164.23356784534488,27.50070301776364,39.16666666666667
14hr_basal,137,22.833333333333332,4,23.870116596755786,6.059717575502758,157.81707198107267,27.213030396939384,39.33333333333333
14hr_basal,138,23.0,4,24.050116900319363,5.9351876064320415,170.22540571038974,22.01705289808299,39.5
14hr_basal,139,23.166666666666668,4,24.803296841489963,6.648987352098152,166.69706336368017,24.536895311457222,39.66666666666667
14hr_basal,140,23.333333333333332,4,26.04045368289352,5.963186081724404,179.67411786026236,31.058595145717117,39.83333333333333
14hr_basal,141,23.5,4,23.92306567127993,5.527051602940506,171.04329649651385,25.78940091796451,40.0
14hr_basal,142,23.666666666666668,4,25.87441840780967,5.477354580678696,178.87076829686032,28.578069041606287,40.16666666666667
14hr_basal,143,23.833333333333332,4,26.68873642603556,5.39852145129315,201.77366935074326,26.479827445016458,40.33333333333333
14hr_basal,144,24.0,4,25.326651313998738,5.471254072160883,186.5210409715114,23.62520551121186,40.5
14hr_basal,145,24.166666666666668,4,27.25778959587616,6.3278599558245165,187.94018094788112,27.776066971845857,40.66666666666667
14hr_basal,146,24.333333333333332,4,27.60477707164692,5.773241689648994,190.52472206846187,19.323737703086813,40.83333333333333
14hr_basal,147,24.5,4,25.54314875046378,5.722149698148448,198.75100829987,23.093512739245277,41.0
14hr_basal,148,24.666666666666668,4,25.390955765137818,5.6707674243511645,202.20389646799902,19.547340216882823,41.16666666666667
14hr_basal,149,24.833333333333332,4,25.136412119320887,4.855230491627523,218.71000424708177,18.826371384444844,41.33333333333333
14hr_basal,150,25.0,4,23.021405447157143,4.071768485674492,206.5815365563923,18.08036112564998,41.5
14hr_basal,151,25.166666666666668,4,25.438333333228663,5.3886648673394175,214.95624237236692,11.089953933074238,41.66666666666667
14hr_basal,152,25.333333333333332,4,24.000721744525165,5.092670413030964,202.85337107593105,18.349356849182577,41.83333333333333
14hr_basal,153,25.5,4,25.627535310502235,5.291340951893788,205.00515738240767,14.829857701077477,42.0
14hr_basal,154,25.666666666666668,4,29.635486383409862,9.682903776327645,222.65685252710486,10.73694643204682,42.16666666666667
14hr_basal,155,25.833333333333332,4,28.008357216625,7.083419236826902,221.38307429088286,17.34252435657979,42.33333333333333
14hr_basal,156,26.0,4,28.10315664860076,7.18739688972965,227.4686388992859,17.28342312225685,42.5
14hr_basal,157,26.166666666666668,4,25.424927873106718,4.014760240587757,232.21473851184206,24.6321688447681,42.66666666666667
14hr_basal,158,26.333333333333332,4,25.370687552659266,4.629969853157024,228.51850425157542,18.94529061528456,42.83333333333333
14hr_basal,159,26.5,4,26.060504911677,4.292366736731844,232.72530014319779,21.23094501527395,43.0
14hr_basal,160,26.666666666666668,4,26.045046334809808,4.405427077807859,239.39611409438223,22.846628929052006,43.16666666666667
14hr_basal,161,26.833333333333332,4,25.691257552766874,3.9762184692510143,235.38935914309593,17.085961703358368,43.33333333333333
14hr_basal,162,27.0,4,27.030983404412922,4.732926589026292,242.1163130709341,14.690763915391205,43.5
14hr_basal,163,27.166666666666668,4,27.29378503325296,5.78791166865153,247.02951230899347,21.37825820715078,43.66666666666667
14hr_basal,164,27.333333333333332,4,28.678493868517396,7.271106679343267,259.5478471073603,27.186747939817288,43.83333333333333
14hr_basal,165,27.5,4,24.979026719436007,6.251046773679567,251.6972846877511,11.580263492827589,44.0
14hr_basal,166,27.666666666666668,4,26.246158842143046,5.986472333511226,261.90956877635927,16.351478203338154,44.16666666666667
14hr_basal,167,27.833333333333332,4,28.645869493850793,5.941122764494539,268.38947222353903,17.401345479308134,44.33333333333333
14hr_basal,168,28.0,4,29.681583390778364,7.319770002355703,263.72082286220865,13.60331570244189,44.5
14hr_basal,169,28.166666666666668,4,29.86629107631158,6.379158719113531,271.6331472912967,13.551218340706182,44.66666666666667
14hr_basal,170,28.333333333333332,4,27.17199431108834,7.195496920663152,273.47104555437835,18.479080930948445,44.83333333333333
14hr_basal,171,28.5,4,27.914475320051885,7.454359394975332,273.5302128801957,25.6245298315352,45.0
14hr_basal,172,28.666666666666668,4,28.648609284481168,8.425394247617188,276.8377816491954,22.598581975105667,45.16666666666667
14hr_basal,173,28.833333333333332,4,28.580392175163325,10.054295175676662,270.1545755098103,11.149498557428634,45.33333333333333
14hr_basal,174,29.0,4,30.47242992894544,7.356248500981386,284.67550357443315,14.82679525664014,45.5
14hr_basal,175,29.166666666666668,4,28.209661205256516,6.356770442908471,262.080156718999,11.915479506910296,45.66666666666667
14hr_basal,176,29.333333333333332,4,28.72219171672937,5.9434795068689565,285.12011157029673,14.69710335243184,45.83333333333333
14hr_basal,177,29.5,4,28.532905672285587,5.396569391019574,282.8604656423131,19.991486532058342,46.0
14hr_basal,178,29.666666666666668,4,29.71191385965901,5.96405779173004,275.51844257719017,15.529816847404765,46.16666666666667
14hr_basal,179,29.833333333333332,4,28.808327261046546,6.589207628026179,281.8342844041192,18.548178809707377,46.33333333333333
14hr_basal,180,30.0,4,28.98812242770729,6.555061955498089,284.04841055607244,18.27915489655979,46.5
14hr_basal,181,30.166666666666668,4,29.06807722214918,5.72276319094448,298.88702010409344,21.76204621963119,46.66666666666667
14hr_basal,182,30.333333333333332,4,29.26124565223521,6.217850185584956,295.06679296207466,11.891127399293936,46.83333333333333
14hr_basal,183,30.5,4,28.585711076502328,5.792135514677319,304.1382421606281,11.946675290137346,47.0
14hr_basal,184,30.666666666666668,4,28.336969118984406,5.571519899075817,304.3198274352028,13.025634979601767,47.16666666666667
14hr_basal,185,30.833333333333332,4,26.71555982470729,5.491778993798351,293.6800509774473,5.719551937571197,47.33333333333333
14hr_basal,186,31.0,4,27.424399951293744,5.194693080860104,315.81864717059125,12.60298073962903,47.5
14hr_basal,187,31.166666666666668,4,26.70429396641921,5.5578422895852615,320.215408117156,16.96709825739345,47.66666666666667
14hr_basal,188,31.333333333333332,4,25.752061276311956,6.226912773380798,308.2519961712477,15.89050393845152,47.83333333333333
14hr_basal,189,31.5,4,25.920285831951354,5.804424573282642,293.98736351338135,14.731012077667351,48.0
14hr_basal,190,31.666666666666668,4,25.15897231493932,5.613789938982346,304.7151942602226,12.44861379489018,48.16666666666667
14hr_basal,191,31.833333333333332,4,26.766426234086634,6.039060706909041,320.1916576747466,13.32946912168789,48.33333333333333
14hr_basal,192,32.0,4,25.170384670506852,5.641464057698673,314.5548052370492,19.80160876715497,48.5
14hr_basal,193,32.166666666666664,4,24.950895634149347,5.636758376087654,303.316074635365,14.473745182812946,48.666666666666664
14hr_basal,194,32.333333333333336,4,24.917589299466872,6.039652802155796,312.3006491438292,10.978638905408612,48.833333333333336
14hr_basal,195,32.5,4,26.967521307514303,5.398270099248443,321.9251689198981,12.051515764384476,49.0
14hr_basal,196,32.666666666666664,4,26.55211309372804,5.953228305602034,330.88921471474396,14.656529878943722,49.166666666666664
14hr_basal,197,32.833333333333336,4,26.44987201951868,5.566993335825032,329.06169509799633,16.155282364522325,49.333333333333336
14hr_basal,198,33.0,4,24.494048480624976,6.868442958911885,331.49626774906665,20.5926151368904,49.5
14hr_basal,199,33.166666666666664,4,25.28704863707424,7.43111272366678,330.2068286388352,19.687705557215203,49.666666666666664
14hr_basal,200,33.333333333333336,4,26.21697873276939,8.247055959081903,333.65612863089456,15.088969776182383,49.833333333333336
14hr_basal,201,33.5,4,26.002577181047563,8.812983688978532,321.31637277203157,17.235585952628714,50.0
14hr_basal,202,33.666666666666664,4,26.265939006603112,8.0383530915088,312.5947031942613,14.542154756195094,50.166666666666664
14hr_basal,203,33.833333333333336,4,26.683325023555682,8.483368220765897,317.76968341665724,17.359017599453747,50.333333333333336
14hr_basal,204,34.0,4,26.75163615743622,9.27284305117635,316.76006280313896,5.964011554369419,50.5
14hr_basal,205,34.166666666666664,4,25.654724877358703,9.294497695353728,320.08434079466656,11.161282361852788,50.666666666666664
14hr_basal,206,34.333333333333336,4,25.149694785124723,9.095672939854047,303.6468753827233,5.601617641735074,50.833333333333336
14hr_basal,207,34.5,4,27.516803207243647,10.492007878858352,320.09080440626263,4.965593867121606,51.0
14hr_basal,208,34.666666666666664,4,26.54655519222799,10.017176161007391,327.7839588152123,6.919936376815592,51.166666666666664
14hr_basal,209,34.833333333333336,4,27.215150779455733,10.233364929393847,320.8823478070707,12.027986336006334,51.333333333333336
14hr_basal,210,35.0,4,26.389224439603154,10.607701223731606,313.7059654507127,11.76198187450446,51.5
14hr_basal,211,35.166666666666664,4,27.92406111092034,11.392443275303354,318.6269238646987,10.233116498876266,51.666666666666664
14hr_basal,212,35.333333333333336,4,28.148445232060496,11.469664882609443,319.7249530345849,11.280157559740386,51.833333333333336
14hr_basal,213,35.5,4,28.30916560059231,11.696471798212862,330.77443470357696,11.693144440741525,52.0
14hr_basal,214,35.666666666666664,4,26.426487656300623,9.91903590201671,328.46349378746584,7.747864124291774,52.166666666666664
14hr_basal,215,35.833333333333336,4,26.275979208764678,9.430157463818041,334.421661244223,11.696100511349037,52.333333333333336
14hr_basal,216,36.0,4,25.81428289784803,10.17219751625327,342.0266379240659,6.466998873070076,52.5
14hr_basal,217,36.166666666666664,4,27.492237031046514,10.838619896794233,329.9655912639172,7.542422094522846,52.666666666666664
14hr_basal,218,36.333333333333336,4,27.675227733822222,10.137470198997235,342.0932672556968,9.46541655395414,52.833333333333336
14hr_basal,219,36.5,4,27.832906225032023,10.120685395805735,331.48320324785783,8.786449245165366,53.0
14hr_basal,220,36.666666666666664,4,27.8891711390325,10.603105000885009,346.13209417635005,11.779986750795684,53.166666666666664
14hr_basal,221,36.833333333333336,4,27.24649063507556,9.529662324295355,348.74707021316806,16.311899456344197,53.333333333333336
14hr_basal,222,37.0,4,26.540410732779662,8.655028148711827,356.382404840271,18.756278757079503,53.5
14hr_basal,223,37.166666666666664,4,27.06987858057339,10.295043491835841,368.28721506175714,18.4378971342363,53.666666666666664
14hr_basal,224,37.333333333333336,4,26.63911986365849,10.024240289415783,358.0093153864434,19.404754704500768,53.833333333333336
14hr_basal,225,37.5,4,26.648250144496473,10.032275257371154,364.0450027243076,19.502525892909514,54.0
14hr_basal,226,37.666666666666664,4,27.575990842021948,10.779433155678358,350.422301380329,14.308445993696255,54.166666666666664
14hr_basal,227,37.833333333333336,4,26.53638912340503,10.23987331204649,341.0418612923316,14.142144246678079,54.333333333333336
14hr_basal,228,38.0,4,26.972544433190862,10.546650748288462,348.7314026874046,13.055798689507606,54.5
14hr_basal,229,38.166666666666664,4,25.623649304080566,9.909354135239413,345.4099167390824,12.4635892265366,54.666666666666664
14hr_basal,230,38.333333333333336,4,26.0890031861224,10.049151716952457,352.2316283446239,13.155532541745181,54.833333333333336
14hr_basal,231,38.5,4,25.29657031729746,10.732229151799421,345.47920293396396,11.736906445587548,55.0
14hr_basal,232,38.666666666666664,4,25.616046042494055,9.887229147415663,365.9542630470353,15.54014779948197,55.166666666666664
14hr_basal,233,38.833333333333336,4,26.80834181051398,10.332058324418787,351.57960700007965,14.123184206963606,55.333333333333336
14hr_basal,234,39.0,4,26.188957845672345,9.868617014621904,360.99340674178694,17.137811621963287,55.5
14hr_basal,235,39.166666666666664,4,25.50300548462559,9.306466590622112,362.25246417391463,13.908084294625244,55.666666666666664
14hr_basal,236,39.333333333333336,4,25.62165283257962,10.50062226272617,362.9637061080477,12.474100734980013,55.833333333333336
14hr_basal,237,39.5,4,26.866271308207953,10.667416834232382,355.8463631734935,10.067505501892116,56.0
14hr_basal,238,39.666666666666664,4,26.96658804099656,10.280871377487314,363.37080084061506,13.803746592680286,56.166666666666664
14hr_basal,239,39.833333333333336,4,27.579898643191882,11.265690196934758,362.35636824792823,16.05010617154439,56.333333333333336
14hr_basal,240,40.0,4,29.56040038205238,13.007033529642234,358.8689523681734,15.62843884170675,56.5
14hr_basal,241,40.166666666666664,4,28.274727252743215,11.468539393854215,362.88164887501904,15.223707992971649,56.666666666666664
14hr_basal,242,40.333333333333336,4,28.716075372365086,12.142763194120768,372.5986206360302,10.69829414338931,56.833333333333336
14hr_basal,243,40.5,4,27.87999552630816,10.521469528744452,375.2600626163203,9.63509141935306,57.0
14hr_basal,244,40.666666666666664,4,28.661919200033843,11.421542937752458,371.36309441993745,19.68735419348992,57.166666666666664
14hr_basal,245,40.833333333333336,4,27.641192006616446,12.19406019987398,352.1211875952681,13.813097893085308,57.333333333333336
14hr_basal,246,41.0,4,27.109672178682594,11.905688868517945,356.9468307836509,9.569934384122101,57.5
14hr_basal,247,41.166666666666664,4,28.054052960252164,12.24249301562725,364.57312947278297,6.7585139475253415,57.666666666666664
14hr_basal,248,41.333333333333336,4,27.095689484441234,11.307714046785472,348.2115839379246,9.7222773717286,57.833333333333336
14hr_basal,249,41.5,4,27.981556404797526,11.935907563123477,364.05845932872853,19.457274840500975,58.0
14hr_basal,250,41.666666666666664,4,26.826738046862513,11.573604537454568,360.81251000347635,18.883608463944014,58.166666666666664
14hr_basal,251,41.833333333333336,4,26.42474290165864,11.471835895133921,366.9993487205634,20.41049757203752,58.333333333333336
14hr_basal,252,42.0,4,28.408269154668734,12.29497572870929,352.9087009701615,10.677254090716604,58.5
14hr_basal,253,42.166666666666664,4,27.54594312705176,11.68741301348879,360.17999327312185,14.503694992310859,58.666666666666664
14hr_basal,254,42.333333333333336,4,29.334845467733068,13.389637180092386,360.32790110522336,16.67998456261887,58.833333333333336
14hr_basal,255,42.5,4,33.108587528288815,17.14124405716979,372.1566637628571,16.110696223629,59.0
14hr_basal,256,42.666666666666664,4,33.61596108379792,18.562523444480203,356.2607871673233,8.159614863950857,59.166666666666664
14hr_basal,257,42.833333333333336,4,32.89480003720947,17.35772124966008,365.4476851960242,20.82511552743303,59.333333333333336
14hr_basal,258,43.0,4,32.989805887688604,17.141078913768734,364.79842389930593,21.937776245491055,59.5
14hr_basal,259,43.166666666666664,4,30.633316779917333,15.170151134158587,362.602819467448,15.941354636386995,59.666666666666664
14hr_basal,260,43.333333333333336,4,29.815674327843702,13.555622315044943,355.84688117330774,16.223405816201364,59.833333333333336
14hr_basal,261,43.5,4,32.070381098828804,15.36767401766149,370.1723538190984,18.13276708966432,60.0
14hr_basal,262,43.666666666666664,4,30.30610028758107,13.809869810587031,362.2289645981689,16.093498182469485,60.166666666666664
14hr_basal,263,43.833333333333336,4,27.82126063679257,11.47250126851611,367.40599024075505,19.638444780458403,60.333333333333336
14hr_basal,264,44.0,4,32.16212872011566,16.12645302645819,368.2597417961592,18.68760177128885,60.5
14hr_basal,265,44.166666666666664,4,30.61750320864292,13.827266883282778,375.3022333298352,23.212708425895393,60.666666666666664
14hr_basal,266,44.333333333333336,4,30.954241941190794,14.756304609031028,374.7535504853341,21.67080014733373,60.833333333333336
14hr_basal,267,44.5,4,30.184487261633585,13.591109523921595,374.91394114370735,18.42293729296641,61.0
14hr_basal,268,44.666666666666664,4,28.37641074302357,11.713734432137395,370.02519271604115,19.88048260321503,61.166666666666664
14hr_basal,269,44.833333333333336,4,28.809004458975483,11.62055867025447,370.81465306239886,18.80704148095602,61.333333333333336
14hr_basal,270,45.0,4,29.519503462036674,14.310176070895839,370.417147548764,21.418157393338085,61.5
14hr_basal,271,45.166666666666664,4,27.159113009364013,10.760141752706977,378.81729783104896,17.63548861833928,61.666666666666664
14hr_basal,272,45.333333333333336,4,26.549127223398777,11.921108413129756,389.66678996601973,18.183698761827078,61.833333333333336
14hr_basal,273,45.5,4,27.70490632517101,10.865978556384734,389.63243210569914,24.375749778512606,62.0
14hr_basal,274,45.666666666666664,4,27.449522112687823,10.79600579032398,381.83856219689807,16.616973525092078,62.166666666666664
14hr_basal,275,45.833333333333336,4,27.31589209837169,10.816011224187365,381.4589354800979,15.063650990311428,62.333333333333336
14hr_basal,276,46.0,4,28.749596647015874,10.999473013606796,382.44626854301174,14.923308480870121,62.5
14hr_basal,277,46.166666666666664,4,29.301125931038385,11.768962932177594,375.0124976634341,14.40126453834919,62.666666666666664
14hr_basal,278,46.333333333333336,4,28.60174457120367,10.867655032887534,376.83023711180016,16.584808833049642,62.833333333333336
14hr_basal,279,46.5,4,29.137745583169753,11.81218930373154,378.3854325028512,10.844825147272376,63.0
14hr_basal,280,46.666666666666664,4,30.149629076945175,11.234522797981027,382.62470194140826,11.877159097948264,63.166666666666664
14hr_basal,281,46.833333333333336,4,28.660823046238356,10.574970838207177,370.19290362637173,12.881815823010898,63.333333333333336
14hr_basal,282,47.0,4,29.653584839865935,11.784050895613774,376.1123279189838,10.974911091784229,63.5
14hr_basal,283,47.166666666666664,4,28.82667631783726,11.25017549574813,386.2164668854174,11.322083277198129,63.666666666666664
14hr_basal,284,47.333333333333336,4,28.04764359217735,10.37266056279059,395.4689848518055,7.233689595806792,63.833333333333336
14hr_basal,285,47.5,4,29.50812657727048,10.067378684135134,393.01283153907013,11.098548205790589,64.0
14hr_basal,286,47.666666666666664,4,28.96822197048572,10.438056874010055,378.4225438189562,12.331322064872731,64.16666666666666
14hr_basal,287,47.833333333333336,4,29.62231722109277,10.413641362378337,382.27426926398994,10.276266999895995,64.33333333333334
14hr_basal,288,48.0,4,28.85617489462585,10.405035043258973,389.34969618030925,9.721001884530544,64.5
14hr_basal,289,48.166666666666664,4,29.145613997979304,10.38024168964293,383.50389488135454,13.502710620957094,64.66666666666666
14hr_basal,290,48.333333333333336,4,30.388077869528935,11.011486796751184,391.0502487245766,17.012170426537857,64.83333333333334
14hr_basal,291,48.5,4,28.04540988689523,9.024387789514925,391.56927171596993,19.28399245474399,65.0
14hr_basal,292,48.666666666666664,4,29.10745673515022,10.767483297218835,389.2178731312206,15.027965187367437,65.16666666666666
14hr_basal,293,48.833333333333336,4,29.82456343272581,11.307567802599149,388.863044488862,13.829196701105337,65.33333333333334
14hr_basal,294,49.0,4,30.204063300811463,10.962158445607765,389.29117044748807,10.731932770280231,65.5
14hr_basal,295,49.166666666666664,4,30.075250082118682,11.124544256900549,403.6602785132154,13.202688132859079,65.66666666666666
14hr_basal,296,49.333333333333336,4,30.25068893081931,10.58539016127843,403.0754620549126,11.111830910011676,65.83333333333334
14hr_basal,297,49.5,4,30.27859496296889,10.085002615506083,413.0851910764516,7.528719431353821,66.0
14hr_basal,298,49.666666666666664,4,29.980007521263204,9.983555518977901,403.8355564684981,6.835897650511717,66.16666666666666
14hr_basal,299,49.833333333333336,4,30.53987671110601,9.89965282606934,412.06855533553204,8.079062898504123,66.33333333333334
14hr_d1,0,0.0,4,13.58896940914812,1.033137185533432,32.99659006546379,0.9289960779396322,16.5
14hr_d1,1,0.1666666666666666,4,14.254437241867517,1.1775014903294563,31.529117037587184,0.8951049849389474,16.666666666666668
14hr_d1,2,0.3333333333333333,4,12.507345709683648,1.160637314108377,31.936578295503345,0.9894505893920514,16.833333333333332
14hr_d1,3,0.5,4,14.102034498885143,2.026885813543481,32.3808959063295,0.9549348424444108,17.0
14hr_d1,4,0.6666666666666666,4,13.295040111789815,1.4457062128413152,31.928089791050276,0.7602333389985535,17.166666666666668
14hr_d1,5,0.8333333333333334,4,17.09629538842119,1.313815005792676,31.796987811999067,0.522656256454073,17.333333333333332
14hr_d1,6,1.0,4,14.905824907029643,1.5699953642892062,31.55149134895858,0.439967168566619,17.5
14hr_d1,7,1.1666666666666667,4,15.020047445106501,0.779081556617882,31.84751238411203,1.2891483807742208,17.666666666666668
14hr_d1,8,1.3333333333333333,4,15.325570186798204,1.610570272754057,32.14201585587774,0.6231636952879115,17.833333333333332
14hr_d1,9,1.5,4,17.446507781335413,1.1748519910245452,32.39304325159511,0.23416402971271902,18.0
14hr_d1,10,1.6666666666666667,4,18.595145459910846,1.7106200529405162,31.98539752793668,0.9710006903308444,18.166666666666668
14hr_d1,11,1.8333333333333333,4,18.87026518610528,1.3839776599685472,32.78693813118106,0.6381415030499558,18.333333333333332
14hr_d1,12,2.0,4,21.3604234922034,2.6383599629289614,31.71277397032377,0.6300216741055097,18.5
14hr_d1,13,2.1666666666666665,4,17.855379290019947,0.6883416728010571,33.365751196851676,0.6553826928457381,18.666666666666668
14hr_d1,14,2.3333333333333335,4,21.270214620408165,1.8956864190610831,32.466709558968326,0.22221653320705356,18.833333333333332
14hr_d1,15,2.5,4,21.6550763502233,1.9707512847149424,32.13243778645659,0.5306282394893569,19.0
14hr_d1,16,2.6666666666666665,4,28.51608760411335,0.9505131613097592,32.485943338000325,0.3910943426698541,19.166666666666668
14hr_d1,17,2.8333333333333335,4,22.2761800300697,1.9112840212151674,31.889738489270698,0.39772993609412005,19.333333333333332
14hr_d1,18,3.0,4,30.369305133525295,1.365864991176347,31.49205389525434,0.5007440741077713,19.5
14hr_d1,19,3.1666666666666665,4,24.858292596171097,1.4679547652955531,31.557316637854132,0.25029678090318896,19.666666666666668
14hr_d1,20,3.3333333333333335,4,23.650926348353373,0.7992503594386293,32.68755890543579,0.4429107300160815,19.833333333333332
14hr_d1,21,3.5,4,25.489779517160294,0.884570437098888,32.12350527440562,0.34720745660743113,20.0
14hr_d1,22,3.6666666666666665,4,29.15225684605941,1.6328627565623313,32.794802708761324,0.39192421300094055,20.166666666666668
14hr_d1,23,3.8333333333333335,4,27.20408222850019,2.765872109656289,32.53626981657891,0.4139691832124735,20.333333333333332
14hr_d1,24,4.0,4,27.477457724579313,1.8242410821818213,32.3298454569719,0.23599233223845462,20.5
14hr_d1,25,4.166666666666667,4,28.85281898026564,1.321204727324045,32.096297055028636,0.7227687228796978,20.666666666666668
14hr_d1,26,4.333333333333333,4,31.665448012600518,3.2378764326710545,33.20196383795412,0.9610807436894852,20.833333333333332
14hr_d1,27,4.5,4,35.007858751007426,4.225965493420612,33.28157530731674,0.896100017571121,21.0
14hr_d1,28,4.666666666666667,4,28.577006077099675,0.9523383533734988,32.20059725035633,0.537293044259429,21.166666666666668
14hr_d1,29,4.833333333333333,4,35.746686317464274,3.124674835976647,33.206564096892684,0.4971356274374167,21.333333333333332
14hr_d1,30,5.0,4,27.94134940159049,1.2341307098961094,32.70434273044617,0.37698547556923045,21.5
14hr_d1,31,5.166666666666667,4,29.16581174997158,2.4089912961251443,32.32081173002494,0.8853710365248516,21.666666666666668
14hr_d1,32,5.333333333333333,4,35.70860494477111,2.446889640573359,32.03558417216079,0.42984765706082073,21.833333333333332
14hr_d1,33,5.5,4,34.616269234559546,1.89944917106285,32.46259072002826,0.36323426577813817,22.0
14hr_d1,34,5.666666666666667,4,31.975324332174683,2.6325944001592356,32.026310434732,0.7971713432744153,22.166666666666668
14hr_d1,35,5.833333333333333,4,31.845423620421535,2.946193018701272,32.76289468670623,0.5045648614486361,22.333333333333332
14hr_d1,36,6.0,4,35.4462694835582,3.223389404556627,33.68793596891382,0.4424315767291872,22.5
14hr_d1,37,6.166666666666667,4,34.29215123480651,2.784626426031686,32.5693207181361,0.6959907738467214,22.666666666666668
14hr_d1,38,6.333333333333333,4,39.09468960500648,3.645170544801536,33.40182273179803,1.1139156998792643,22.833333333333332
14hr_d1,39,6.5,4,34.66131390504998,2.8085034308967933,31.979169004353224,0.7659006252428092,23.0
14hr_d1,40,6.666666666666667,4,36.77434943674887,4.877735331701412,33.37601300235813,0.8954375040102427,23.166666666666668
14hr_d1,41,6.833333333333333,4,37.478466660216384,2.457972028673982,32.82164442606423,0.35272862219134266,23.333333333333332
14hr_d1,42,7.0,4,37.50703040032761,3.101752762490237,32.22967844302609,0.4550331376300463,23.5
14hr_d1,43,7.166666666666667,4,33.23844697609553,1.110460146864041,33.571000473190026,0.2820503758368129,23.666666666666668
14hr_d1,44,7.333333333333333,4,34.517223571492806,2.387808792446574,35.208320478005625,0.3202873098386634,23.833333333333332
14hr_d1,45,7.5,4,38.82496648373222,2.0898429718088236,34.308477875931636,1.052559637509674,24.0
14hr_d1,46,7.666666666666667,4,38.23434784289329,2.271299785133125,33.84965363126235,0.7063493212415747,24.166666666666668
14hr_d1,47,7.833333333333333,4,39.949654751374595,3.431809201420386,33.03982128837582,0.732749401571953,24.333333333333332
14hr_d1,48,8.0,4,36.59798540752273,1.4838731090454318,33.07606382144515,1.214822141526846,24.5
14hr_d1,49,8.166666666666666,4,42.190747228547906,2.4031376535555142,35.03818524000175,0.7158658139024336,24.666666666666664
14hr_d1,50,8.333333333333334,4,36.58744797222235,5.030757612017481,34.714437417073114,0.5128382477928554,24.833333333333336
14hr_d1,51,8.5,4,37.1168671174942,3.05601439776595,35.84158487627629,1.2291968968777842,25.0
14hr_d1,52,8.666666666666666,4,37.41977338151453,2.5971906405377214,35.67070194922252,0.7861548505508876,25.166666666666664
14hr_d1,53,8.833333333333334,4,33.839149718328905,2.213150181139888,35.18005877080421,0.8131446762089677,25.333333333333336
14hr_d1,54,9.0,4,40.437983528295156,3.8913092558772266,36.0500253396861,0.5805010595935526,25.5
14hr_d1,55,9.166666666666666,4,39.94109515285764,0.771294019306018,38.40533570055306,1.443509559702977,25.666666666666664
14hr_d1,56,9.333333333333334,4,38.56385683189437,2.5849139068600837,37.1235841967562,0.8745184358092464,25.833333333333336
14hr_d1,57,9.5,4,36.656100077651686,2.9778898468836257,37.54989959541831,0.34092033806636046,26.0
14hr_d1,58,9.666666666666666,4,38.272831694316636,1.4522632309353896,40.255141158208104,2.0133354499828964,26.166666666666664
14hr_d1,59,9.833333333333334,4,38.673006484803835,0.6065701108734728,40.04053684305706,1.9157889911960877,26.333333333333336
14hr_d1,60,10.0,4,36.38983401747607,1.2959556359014601,38.15490484322415,1.1270808530389596,26.5
14hr_d1,61,10.166666666666666,4,39.723160916472615,4.145048607067494,40.328373348891866,0.7831310805776127,26.666666666666664
14hr_d1,62,10.333333333333334,4,39.552126583807265,3.0711425160340906,42.27246331849106,1.6424696548639992,26.833333333333336
14hr_d1,63,10.5,4,40.66903292838275,1.8985413588125521,42.8045486151233,2.204874819545432,27.0
14hr_d1,64,10.666666666666666,4,42.539853052646166,3.1078492416053267,45.072117321853966,0.7842958740961171,27.166666666666664
14hr_d1,65,10.833333333333334,4,39.243465896835005,1.4444974174544158,44.489421601996746,2.321300905805875,27.333333333333336
14hr_d1,66,11.0,4,42.55423544458039,2.2059278387533157,47.13401362799386,2.0895081501433244,27.5
14hr_d1,67,11.166666666666666,4,39.71359282468583,1.966717018216703,46.505724998417165,2.2775658058083716,27.666666666666664
14hr_d1,68,11.333333333333334,4,47.60095172390936,3.563692443383801,48.96183431212718,2.5502600155280137,27.833333333333336
14hr_d1,69,11.5,4,39.53768664673084,1.1401857357392087,49.36958355017229,2.6906027027006396,28.0
14hr_d1,70,11.666666666666666,4,41.066932268757995,1.8356179264558579,51.86266372207874,2.211197977990904,28.166666666666664
14hr_d1,71,11.833333333333334,4,42.12186394808142,1.5183651009238728,52.50318728259252,2.878811963866423,28.333333333333336
14hr_d1,72,12.0,4,43.057290029964506,2.615010678898483,54.57025137814284,2.1076588567651404,28.5
14hr_d1,73,12.166666666666666,4,42.458207301069635,3.2103880165127636,56.158931417244276,2.3830748682343565,28.666666666666664
14hr_d1,74,12.333333333333334,4,45.219169740194744,2.556745354698726,59.25636804988475,2.621151239571358,28.833333333333336
14hr_d1,75,12.5,4,42.882399705336056,2.375191874081849,59.82595275424188,3.2582094889247246,29.0
14hr_d1,76,12.666666666666666,4,45.70259394128377,2.6486077103045473,61.68460177536719,2.8499849263299266,29.166666666666664
14hr_d1,77,12.833333333333334,4,46.018425308308665,2.448855886731511,63.36997834485675,3.7250174458124206,29.333333333333336
14hr_d1,78,13.0,4,45.46990615503363,2.680846053851056,67.28542283750649,4.527796221914377,29.5
14hr_d1,79,13.166666666666666,4,45.119872720381665,2.3470624244368716,68.6045026119494,3.8338809690534,29.666666666666664
14hr_d1,80,13.333333333333334,4,46.059597497595746,1.6228666128459308,71.46015396860159,4.88139987904283,29.833333333333336
14hr_d1,81,13.5,4,46.12090648755452,2.703620014749027,70.59930473637623,4.059451833851709,30.0
14hr_d1,82,13.666666666666666,4,48.81063716549488,2.055364808704716,77.39233690598948,5.126199173736336,30.166666666666664
14hr_d1,83,13.833333333333334,4,47.82931200000033,2.783760745582457,76.65979632947789,5.089281570554076,30.333333333333336
14hr_d1,84,14.0,4,48.33114713380569,3.489976939095127,80.99484825693307,3.423069721466584,30.5
14hr_d1,85,14.166666666666666,4,47.682068965150705,2.230887492808529,81.74426227848686,5.905523440973207,30.666666666666664
14hr_d1,86,14.333333333333334,4,49.20981666221769,2.932019880040036,83.50640932405486,4.602202656973986,30.833333333333336
14hr_d1,87,14.5,4,50.94280642011094,3.351537389976503,88.52493754334418,4.556620852022118,31.0
14hr_d1,88,14.666666666666666,4,49.247435695321265,3.4415437065254237,91.87125042280685,6.3888573338449755,31.166666666666664
14hr_d1,89,14.833333333333334,4,50.33816929481186,3.8868867810276106,95.98136895970319,5.1478519928499695,31.333333333333336
14hr_d1,90,15.0,4,50.596565334341165,4.312059620784634,99.12212091345346,7.181760030044522,31.5
14hr_d1,91,15.166666666666666,4,50.51410923534112,4.295061356597066,102.76137357680022,4.208512216307502,31.666666666666664
14hr_d1,92,15.333333333333334,4,53.10223378090527,5.006421521579751,110.01367597211494,5.124197204437903,31.833333333333336
14hr_d1,93,15.5,4,52.25227472138557,4.220523511110885,112.80006285917761,4.776590444862715,32.0
14hr_d1,94,15.666666666666666,4,50.16749824226113,5.038431432739051,111.24002242859402,7.531965152535459,32.166666666666664
14hr_d1,95,15.833333333333334,4,49.69151773979334,3.6943560215846545,115.28595317850038,9.524560291691449,32.333333333333336
14hr_d1,96,16.0,4,52.228661374397774,4.891386636412089,117.38359993964404,4.5728597964622955,32.5
14hr_d1,97,16.166666666666668,4,50.653187271895774,4.364347604819889,120.00297864136982,5.023963756611431,32.66666666666667
14hr_d1,98,16.333333333333332,4,52.2890021722409,4.837901720175646,123.18532382175599,4.445795421319746,32.83333333333333
14hr_d1,99,16.5,4,49.47784683648509,5.943810001412924,121.25700583433724,3.138840746656819,33.0
14hr_d1,100,16.666666666666668,4,50.335070835403414,6.051272715708395,128.2701693762363,3.145243495084713,33.16666666666667
14hr_d1,101,16.833333333333332,4,50.58110722057448,6.602482077141444,132.08100944014612,3.447879150519069,33.33333333333333
14hr_d1,102,17.0,4,50.59394517536589,5.372199095171288,134.55044207917095,3.4972701972029947,33.5
14hr_d1,103,17.166666666666668,4,50.00128520182128,4.70437940451047,137.1402658391502,3.417622686394799,33.66666666666667
14hr_d1,104,17.333333333333332,4,49.62192185406139,5.231959335243091,140.7113531392774,3.64108842824666,33.83333333333333
14hr_d1,105,17.5,4,51.604466521477704,5.178961508030754,150.1580131597213,4.843151697875954,34.0
14hr_d1,106,17.666666666666668,4,51.20468461985284,4.665944550891105,151.5813467611772,6.58200528612387,34.16666666666667
14hr_d1,107,17.833333333333332,4,49.02732023112212,4.9215956575906805,150.1944043883617,4.353135300784459,34.33333333333333
14hr_d1,108,18.0,4,51.90921451161466,5.749340182441132,159.08536195083624,5.855038189788433,34.5
14hr_d1,109,18.166666666666668,4,51.69361023356689,6.045438641795144,162.67249036422646,6.048689597420011,34.66666666666667
14hr_d1,110,18.333333333333332,4,50.85906077433638,5.738628017269913,167.33837959124418,3.6089530929518037,34.83333333333333
14hr_d1,111,18.5,4,48.66131782333118,5.50179404328139,163.8098893532504,2.971013430636291,35.0
14hr_d1,112,18.666666666666668,4,49.589787907107905,6.45332453816865,167.74220953852998,5.705869266949103,35.16666666666667
14hr_d1,113,18.833333333333332,4,49.68007687573933,5.8120815168122295,174.74307561926148,2.9878716290939553,35.33333333333333
14hr_d1,114,19.0,4,48.79427612254905,5.776608003383736,172.10177172267166,5.591129783522631,35.5
14hr_d1,115,19.166666666666668,4,47.928073421811646,5.249823961242396,175.19932604896914,7.492476483776331,35.66666666666667
14hr_d1,116,19.333333333333332,4,48.60480235951552,5.304553122850033,181.1619052144125,7.287774491610034,35.83333333333333
14hr_d1,117,19.5,4,48.405484722455796,6.003992354876402,184.22829302036618,3.6750629484136272,36.0
14hr_d1,118,19.666666666666668,4,48.60567134209199,5.471091130608275,187.99427654902553,3.9246858154525124,36.16666666666667
14hr_d1,119,19.833333333333332,4,49.12277969304803,6.258458936621407,188.2614244702297,5.388914086190681,36.33333333333333
14hr_d1,120,20.0,4,48.639637267065936,6.553718186245947,191.78804556372103,7.995926996220207,36.5
14hr_d1,121,20.166666666666668,4,49.05072501033578,6.778432064922974,196.2516965440444,6.80215236891397,36.66666666666667
14hr_d1,122,20.333333333333332,4,48.728828435891856,6.1420165844777825,194.6961181181393,6.580869633104143,36.83333333333333
14hr_d1,123,20.5,4,48.805164934027495,5.576480328903041,199.30594269537937,4.803160955826697,37.0
14hr_d1,124,20.666666666666668,4,49.32948443199473,5.346500831511106,204.1125214592896,6.637878817981726,37.16666666666667
14hr_d1,125,20.833333333333332,4,46.560372885986716,5.141801301522102,196.66266908509482,4.612697802075343,37.33333333333333
14hr_d1,126,21.0,4,49.025109556941956,5.644267238821757,205.6769147645773,6.362123879375087,37.5
14hr_d1,127,21.166666666666668,4,49.09126952599514,5.22321383243952,206.96494895412582,6.064893326395926,37.66666666666667
14hr_d1,128,21.333333333333332,4,50.87161384729904,6.083202552098486,216.57109547454934,8.78333040163584,37.83333333333333
14hr_d1,129,21.5,4,52.22131621494762,5.770068301518018,220.5889660957121,9.870740723662276,38.0
14hr_d1,130,21.666666666666668,4,50.831820606524026,6.233850644337266,224.2891749496269,10.84342923995727,38.16666666666667
14hr_d1,131,21.833333333333332,4,49.2350665401986,5.182349396667171,216.4529149458819,8.981885520044438,38.33333333333333
14hr_d1,132,22.0,4,50.12908772209926,4.9150722907165125,222.4173973724117,9.687531461407328,38.5
14hr_d1,133,22.166666666666668,4,50.547604984371944,6.1302360166374745,221.08433069046123,12.605829069389019,38.66666666666667
14hr_d1,134,22.333333333333332,4,51.410532200996826,6.467233007801004,224.0047152989319,10.006398812574702,38.83333333333333
14hr_d1,135,22.5,4,50.788503582529906,6.361550679203488,219.4615094669394,11.417247116501203,39.0
14hr_d1,136,22.666666666666668,4,53.308680369853114,7.4291237505215655,228.97697911752255,14.63055713298473,39.16666666666667
14hr_d1,137,22.833333333333332,4,52.65355627774535,6.701944402104828,231.50276135543854,13.754310366381228,39.33333333333333
14hr_d1,138,23.0,4,52.77308073720098,7.757448858087348,231.81602683994296,13.905249568320759,39.5
14hr_d1,139,23.166666666666668,4,53.36234148360265,7.457305280379679,234.28900781607572,12.465743696695705,39.66666666666667
14hr_d1,140,23.333333333333332,4,52.845505271445745,6.389037669843068,238.40282339604116,10.000048835117171,39.83333333333333
14hr_d1,141,23.5,4,54.583511865135975,6.261801714425315,240.17337960632597,12.47116410502377,40.0
14hr_d1,142,23.666666666666668,4,55.033618617299254,7.012875652099056,241.71266605636615,8.652633342128253,40.16666666666667
14hr_d1,143,23.833333333333332,4,55.51615245870002,6.98976339304675,243.09392225950177,10.027037878335971,40.33333333333333
14hr_d1,144,24.0,4,55.073351548892035,5.716993329086698,239.09636809460778,12.42538056462176,40.5
14hr_d1,145,24.166666666666668,4,55.52290470953821,5.872278006938015,241.02802209966003,12.939565559150292,40.66666666666667
14hr_d1,146,24.333333333333332,4,55.32089610589047,6.488347510746929,239.8198743502834,12.423650542811858,40.83333333333333
14hr_d1,147,24.5,4,54.65233140751105,6.278755253180829,246.05284852046944,15.936582742981335,41.0
14hr_d1,148,24.666666666666668,4,55.73572305610373,6.916382433846116,247.6150156329408,17.66043567784352,41.16666666666667
14hr_d1,149,24.833333333333332,4,55.624488864546564,6.833320932702066,248.46904183036227,14.279386534122597,41.33333333333333
14hr_d1,150,25.0,4,56.999252247350185,6.550756241053695,253.05125499385036,16.192808520219415,41.5
14hr_d1,151,25.166666666666668,4,58.271500335898224,6.86927932574622,255.62265758819603,18.05783478834693,41.66666666666667
14hr_d1,152,25.333333333333332,4,57.64578717345398,5.469113449953023,251.28458289779755,16.87300117661808,41.83333333333333
14hr_d1,153,25.5,4,60.624087105720506,7.257287713215009,264.78865919814604,21.411007363113896,42.0
14hr_d1,154,25.666666666666668,4,60.33938333783602,5.350705776905575,257.0930723071988,21.304506154228715,42.16666666666667
14hr_d1,155,25.833333333333332,4,60.30300208148407,6.092529024503617,257.53913065587915,20.852480730673147,42.33333333333333
14hr_d1,156,26.0,4,62.43659822581452,7.224535340973325,259.9385708031548,18.950554808259646,42.5
14hr_d1,157,26.166666666666668,4,64.35462272290306,6.88526613862104,264.3070430762231,21.628865132186565,42.66666666666667
14hr_d1,158,26.333333333333332,4,63.598321705666976,6.3916061991319,265.331153749474,20.75730409694102,42.83333333333333
14hr_d1,159,26.5,4,63.35027234414446,5.640511404094439,264.0560913858691,22.93362924970745,43.0
14hr_d1,160,26.666666666666668,4,64.07711209580187,5.856098496467559,266.9807158973443,21.343899511135085,43.16666666666667
14hr_d1,161,26.833333333333332,4,63.969592522559495,5.543415498813714,257.45631071630373,27.1352818532515,43.33333333333333
14hr_d1,162,27.0,4,65.33011438970759,5.2182693733286065,267.5563143073197,27.983204168319578,43.5
14hr_d1,163,27.166666666666668,4,63.96459284371316,4.851099685611301,262.2972294172596,24.067502664755303,43.66666666666667
14hr_d1,164,27.333333333333332,4,63.845069694884074,4.312124054571971,260.8562659365898,25.78972830726204,43.83333333333333
14hr_d1,165,27.5,4,61.871983587000784,5.748236928677237,259.05587944077314,24.49820768610873,44.0
14hr_d1,166,27.666666666666668,4,62.82759517663876,6.851077810952804,262.7704037644962,28.87933896210467,44.16666666666667
14hr_d1,167,27.833333333333332,4,66.31727877703403,7.627495932413469,269.3964162899351,26.453676713397858,44.33333333333333
14hr_d1,168,28.0,4,66.49337910499008,6.676111785903546,265.94694467545065,28.526813784773132,44.5
14hr_d1,169,28.166666666666668,4,68.37375520880607,6.373819397745486,266.16730099789794,26.727335600843148,44.66666666666667
14hr_d1,170,28.333333333333332,4,69.10473157159309,6.702764960635719,270.51211429145474,31.5638307688062,44.83333333333333
14hr_d1,171,28.5,4,70.94016764977715,7.339031460986208,275.26499943414865,35.406538015737404,45.0
14hr_d1,172,28.666666666666668,4,70.17259164569778,7.7354873967954525,275.3088509835748,30.438888750120523,45.16666666666667
14hr_d1,173,28.833333333333332,4,69.637894929546,7.712301829617603,272.36284224586547,33.84559074778859,45.33333333333333
14hr_d1,174,29.0,4,72.54941934672867,8.39040173381179,274.53013743058165,33.29446210900309,45.5
14hr_d1,175,29.166666666666668,4,75.41953626814367,8.856400158008489,279.4506458283573,31.409984647503443,45.66666666666667
14hr_d1,176,29.333333333333332,4,74.35869920369014,8.48574432337847,274.30865661929744,33.549267432373234,45.83333333333333
14hr_d1,177,29.5,4,76.3555231270064,9.180435046798987,277.8495283338094,34.82041315564283,46.0
14hr_d1,178,29.666666666666668,4,76.74690621400796,9.40007690405762,279.25076022255246,35.01975713892602,46.16666666666667
14hr_d1,179,29.833333333333332,4,77.1126333462741,9.017042828307243,284.8228242020553,34.45024298425138,46.33333333333333
14hr_d1,180,30.0,4,81.29960783974613,9.965658744049907,284.96503874211044,32.8143697251157,46.5
14hr_d1,181,30.166666666666668,4,79.8101156534895,9.851448360662578,272.15362499992864,32.39584376105853,46.66666666666667
14hr_d1,182,30.333333333333332,4,85.67727754786247,9.567791446312174,281.95186335106405,31.947444572089836,46.83333333333333
14hr_d1,183,30.5,4,86.94529502187733,10.092527668282797,278.56323388037316,30.24158454921227,47.0
14hr_d1,184,30.666666666666668,4,89.38351300858673,9.600404739271003,279.301183388337,30.4178476695336,47.16666666666667
14hr_d1,185,30.833333333333332,4,86.51411663197831,9.420286264105984,257.9731897380193,32.401843975334046,47.33333333333333
14hr_d1,186,31.0,4,89.97161984503708,10.75091392407881,274.8530283937132,36.913396282233236,47.5
14hr_d1,187,31.166666666666668,4,91.32974997884361,10.407816528894521,279.9406469744776,35.94283575366864,47.66666666666667
14hr_d1,188,31.333333333333332,4,91.83501502119387,11.770577418323203,280.0275312527605,37.813304845110714,47.83333333333333
14hr_d1,189,31.5,4,91.64136167040245,12.164006182410795,273.1991459032196,37.49158821398731,48.0
14hr_d1,190,31.666666666666668,4,97.70730873426794,12.049859896205058,282.89098240177395,37.9038969275239,48.16666666666667
14hr_d1,191,31.833333333333332,4,97.18140098924663,9.902312429325603,279.9021399255621,35.59861411384963,48.33333333333333
14hr_d1,192,32.0,4,93.43256629745298,11.002393363263993,272.91522351028607,31.778489391486893,48.5
14hr_d1,193,32.166666666666664,4,95.11816097607476,11.70333515789554,271.21880045249145,33.15691958469138,48.666666666666664
14hr_d1,194,32.333333333333336,4,98.07054708655149,13.39048794615362,272.87639610882104,35.36323821537025,48.833333333333336
14hr_d1,195,32.5,4,104.38466419899393,15.666354920808237,280.8094674902451,39.04866115586575,49.0
14hr_d1,196,32.666666666666664,4,103.5533278064519,14.927516009413784,279.9947557617511,41.83531487976367,49.166666666666664
14hr_d1,197,32.833333333333336,4,101.80646829315197,12.327833640825997,271.80017985935723,37.23985426115562,49.333333333333336
14hr_d1,198,33.0,4,105.5859237709837,14.180043521081917,276.46523754932497,40.3433433149532,49.5
14hr_d1,199,33.166666666666664,4,104.35562306173253,13.246577424286876,272.66167920592056,38.26428476897493,49.666666666666664
14hr_d1,200,33.333333333333336,4,106.36253259923701,14.185372741045482,269.87592924744155,37.55259938495533,49.833333333333336
14hr_d1,201,33.5,4,106.68221292549416,13.43441795360909,267.9886494086398,37.60292283622503,50.0
14hr_d1,202,33.666666666666664,4,110.3532432589011,11.008709463844825,266.10903795854784,34.00102591033318,50.166666666666664
14hr_d1,203,33.833333333333336,4,111.59983385447836,12.149612259466814,270.76045657291706,35.507380012945966,50.333333333333336
14hr_d1,204,34.0,4,115.59507466535838,13.05640700535752,270.49125963764476,32.944214704406626,50.5
14hr_d1,205,34.166666666666664,4,117.39615723601858,13.175732921074404,275.1204030426383,37.24768265017564,50.666666666666664
14hr_d1,206,34.333333333333336,4,116.02283886808769,14.23036292368483,265.5369526145878,39.19425944459823,50.833333333333336
14hr_d1,207,34.5,4,119.03559421391344,13.036559481527087,266.2686243351933,35.307994130512384,51.0
14hr_d1,208,34.666666666666664,4,118.75351846579744,12.796153286277367,266.2719815012641,39.04630372049257,51.166666666666664
14hr_d1,209,34.833333333333336,4,118.25456855725554,13.748428842174022,262.14802951223305,39.278293687735854,51.333333333333336
14hr_d1,210,35.0,4,117.94403167925067,12.3552034664517,259.09105055344725,33.579949817814494,51.5
14hr_d1,211,35.166666666666664,4,121.01497825636599,13.793345769753687,261.73703046796686,36.51269016782505,51.666666666666664
14hr_d1,212,35.333333333333336,4,125.03162279171181,13.075501648685076,262.0655458854263,35.02877182137722,51.833333333333336
14hr_d1,213,35.5,4,127.90717022863208,13.3500814049537,269.36359553348586,36.035258530731156,52.0
14hr_d1,214,35.666666666666664,4,130.1399302286834,14.2924356291545,270.2373947529928,38.62441959944503,52.166666666666664
14hr_d1,215,35.833333333333336,4,129.94240563126715,15.206226160212374,264.8130701916547,38.8308472868932,52.333333333333336
14hr_d1,216,36.0,4,131.15485227768062,13.769536653226131,268.7532106833004,37.516535661542314,52.5
14hr_d1,217,36.166666666666664,4,134.79757912734163,11.383942342748304,269.2629463955964,34.421882918181005,52.666666666666664
14hr_d1,218,36.333333333333336,4,134.94547141960328,11.562707201604375,268.45062701357654,38.66838911071981,52.833333333333336
14hr_d1,219,36.5,4,135.07857553230272,12.30559560672024,260.717205798187,36.28621219991478,53.0
14hr_d1,220,36.666666666666664,4,139.58379530746913,12.563019561446733,268.08206513718085,33.57573236174604,53.166666666666664
14hr_d1,221,36.833333333333336,4,142.56806204331514,13.592018764348754,264.7408711505952,34.140762951773716,53.333333333333336
14hr_d1,222,37.0,4,142.87287923392714,14.705167881804146,263.20496969389853,35.43937002227339,53.5
14hr_d1,223,37.166666666666664,4,139.7470083858584,14.522773504302206,258.05242267499665,36.317553704279014,53.666666666666664
14hr_d1,224,37.333333333333336,4,142.8163897307989,12.876483020775591,261.99480119447196,35.81163089884423,53.833333333333336
14hr_d1,225,37.5,4,145.83783266382065,14.918219139582467,264.3834259363731,34.64477989821792,54.0
14hr_d1,226,37.666666666666664,4,146.37528854963983,12.948198924626535,263.58294110246555,34.60729778847256,54.166666666666664
14hr_d1,227,37.833333333333336,4,150.0968806331281,12.829832369630696,266.43266807777576,30.8492797845506,54.333333333333336
14hr_d1,228,38.0,4,154.6173785759919,13.71712530867166,268.1938255086637,31.899891215872003,54.5
14hr_d1,229,38.166666666666664,4,156.34910644789363,15.098387525482693,260.0476592252463,29.336538574553426,54.666666666666664
14hr_d1,230,38.333333333333336,4,156.33279947114664,16.255803163108578,255.4395636094821,32.90337021643691,54.833333333333336
14hr_d1,231,38.5,4,159.40175429150628,17.144286060119626,258.5920324169313,28.764023093883917,55.0
14hr_d1,232,38.666666666666664,4,157.27134065562245,13.929161311863416,259.51189191784306,32.454752835136844,55.166666666666664
14hr_d1,233,38.833333333333336,4,160.70126453344443,15.693286426842493,255.26127105528784,33.24449820821242,55.333333333333336
14hr_d1,234,39.0,4,165.5548061837739,16.282093432197087,259.23306294358355,31.760066767766943,55.5
14hr_d1,235,39.166666666666664,4,164.71295136819413,18.260569497033753,265.24422965408473,35.294104504278046,55.666666666666664
14hr_d1,236,39.333333333333336,4,166.1561547234884,19.272308244592374,259.55773058142705,33.31272700184549,55.833333333333336
14hr_d1,237,39.5,4,166.80369381462384,16.545777111820893,259.14759260939104,31.611461576350138,56.0
14hr_d1,238,39.666666666666664,4,166.4436575235693,16.66296527861209,256.2238518187859,33.88307992276224,56.166666666666664
14hr_d1,239,39.833333333333336,4,167.15233982660095,17.52285723179321,257.12426855865954,36.8663858874188,56.333333333333336
14hr_d1,240,40.0,4,167.90875156627098,17.24415050537028,252.09854314003303,33.96015471915619,56.5
14hr_d1,241,40.166666666666664,4,172.6329663522852,15.655216551272188,252.87883588309174,32.37273261813266,56.666666666666664
14hr_d1,242,40.333333333333336,4,175.3656258786525,19.674236068858654,257.4793595861949,34.45061527952979,56.833333333333336
14hr_d1,243,40.5,4,180.31938610180572,20.021818718513593,256.8535568091861,35.78289312485245,57.0
14hr_d1,244,40.666666666666664,4,185.24365332223488,19.497389583498467,259.43578257095504,36.47283895445623,57.166666666666664
14hr_d1,245,40.833333333333336,4,178.81635052239488,18.559296420695837,253.81751779355255,36.2920747777062,57.333333333333336
14hr_d1,246,41.0,4,177.53746087620803,20.69408814632811,251.46288051550027,37.837117848597,57.5
14hr_d1,247,41.166666666666664,4,175.88970037351368,17.060862722672706,246.81594477664552,36.079632157740974,57.666666666666664
14hr_d1,248,41.333333333333336,4,178.04222471907943,18.435613714265315,250.09922695777504,35.85128716108273,57.833333333333336
14hr_d1,249,41.5,4,186.17792686105955,21.794858607779176,250.56610886522043,35.87819634184532,58.0
14hr_d1,250,41.666666666666664,4,180.25549002806272,18.815587161817316,247.96743816876221,34.0525792926405,58.166666666666664
14hr_d1,251,41.833333333333336,4,186.05582693572268,20.55629938813848,248.05072418047777,34.47663810444207,58.333333333333336
14hr_d1,252,42.0,4,186.16035849394228,22.337339438036732,253.6188363508153,37.57829237084681,58.5
14hr_d1,253,42.166666666666664,4,191.20747235867188,22.74305140572872,260.58620232227577,39.0071174135386,58.666666666666664
14hr_d1,254,42.333333333333336,4,191.1449115790402,19.41137964365643,255.70070966939696,34.89231757599152,58.833333333333336
14hr_d1,255,42.5,4,191.9859853462207,20.310393545294964,255.05405923982872,34.200258146600774,59.0
14hr_d1,256,42.666666666666664,4,190.65307495828327,20.190053653242305,254.02599324350896,34.74108781675626,59.166666666666664
14hr_d1,257,42.833333333333336,4,186.92892087072585,19.008228836401365,251.17047968938624,36.81167578485308,59.333333333333336
14hr_d1,258,43.0,4,190.50377946161584,21.517361618114354,253.46552248366902,36.28335527372272,59.5
14hr_d1,259,43.166666666666664,4,189.65533267638756,18.48887419272557,248.90404094138253,36.0444179794492,59.666666666666664
14hr_d1,260,43.333333333333336,4,191.91573948833815,17.076589744334544,252.4678982880056,37.57817979984433,59.833333333333336
14hr_d1,261,43.5,4,193.83730694012417,20.01690219322169,251.33204405854238,36.927408957641624,60.0
14hr_d1,262,43.666666666666664,4,202.08024882400196,20.689190984189025,255.74919385226704,34.75321942357249,60.166666666666664
14hr_d1,263,43.833333333333336,4,195.3870356806907,16.75538885279571,249.8710939635076,30.72169937560969,60.333333333333336
14hr_d1,264,44.0,4,199.11897550370745,16.583692101285607,248.75580850937163,32.724006518707434,60.5
14hr_d1,265,44.166666666666664,4,205.25504887251782,17.049548907517874,258.07951622359997,34.3458069062582,60.666666666666664
14hr_d1,266,44.333333333333336,4,205.96190066958056,17.211038278162963,256.2174394980375,33.882379133681475,60.833333333333336
14hr_d1,267,44.5,4,204.1750320082009,16.10687102622543,255.54636785287164,36.198105451578535,61.0
14hr_d1,268,44.666666666666664,4,205.69080449881102,15.215879681930122,254.190209847504,35.803373824827084,61.166666666666664
14hr_d1,269,44.833333333333336,4,200.95071284907894,14.797473499963267,246.81934538845186,31.294746426388937,61.333333333333336
14hr_d1,270,45.0,4,204.8524396013592,17.976281509516543,250.4485111861385,31.210457738225376,61.5
14hr_d1,271,45.166666666666664,4,207.0943838355625,17.27912501164682,249.85787160354195,31.127929778840038,61.666666666666664
14hr_d1,272,45.333333333333336,4,202.62558014780814,16.595747323142266,251.0606645382539,29.852962985755322,61.833333333333336
14hr_d1,273,45.5,4,212.59407773057154,19.689712243400205,256.20267008070556,32.005290701164725,62.0
14hr_d1,274,45.666666666666664,4,199.9433770857323,15.823877461627895,241.06204080510776,27.266297371927013,62.166666666666664
14hr_d1,275,45.833333333333336,4,205.3404059949184,15.248507635964922,248.9430768403683,31.225220020629916,62.333333333333336
14hr_d1,276,46.0,4,202.93817281971155,14.889246322322766,245.31123778604058,28.28149598635979,62.5
14hr_d1,277,46.166666666666664,4,203.5949854418647,14.721962572671613,241.69557618869268,26.24750550827601,62.666666666666664
14hr_d1,278,46.333333333333336,4,203.62817035870793,17.17968917205787,240.25646671160905,24.907416925612264,62.833333333333336
14hr_d1,279,46.5,4,205.12270256068,18.889252717633223,240.6133410688922,24.67194506342437,63.0
14hr_d1,280,46.666666666666664,4,208.1039398377932,15.088835744808986,246.73061838214028,29.33572812092386,63.166666666666664
14hr_d1,281,46.833333333333336,4,204.90695303825623,18.49217211518346,238.99376462608515,29.702281246069212,63.333333333333336
14hr_d1,282,47.0,4,210.30885670681832,16.03868124323743,244.742673184066,27.462979490379386,63.5
14hr_d1,283,47.166666666666664,4,210.05888518925838,16.344381724703645,245.37008493372832,28.722675211141542,63.666666666666664
14hr_d1,284,47.333333333333336,4,216.43942755038964,18.232906574468828,243.99768047462368,29.529911561111113,63.833333333333336
14hr_d1,285,47.5,4,214.9561255550115,14.691071361498805,241.93315164704768,28.66697080721869,64.0
14hr_d1,286,47.666666666666664,4,217.10517825325238,15.226502033234024,246.01110267314874,28.052166997916675,64.16666666666666
14hr_d1,287,47.833333333333336,4,226.80926483103028,17.92738601727484,247.70176909631962,29.758480141763403,64.33333333333334
14hr_d1,288,48.0,4,223.30659191528832,17.206206971962835,247.81270622781986,29.403672136678658,64.5
14hr_d1,289,48.166666666666664,4,214.98250998353885,13.134950159293183,244.3188991892188,26.285560886903916,64.66666666666666
14hr_d1,290,48.333333333333336,4,224.07661415131344,14.817189535035439,247.0271764197095,27.804806669212322,64.83333333333334
14hr_d1,291,48.5,4,227.03091959875164,14.554244948699388,247.50406277416477,27.23932711915858,65.0
14hr_d1,292,48.666666666666664,4,223.89135482833981,13.96706773030232,240.89644000652046,25.414223462986214,65.16666666666666
14hr_d1,293,48.833333333333336,4,230.24664607897077,14.490419615517139,242.91362708814898,27.37066404478687,65.33333333333334
14hr_d1,294,49.0,4,228.45280022988462,11.9308158115122,244.34210611889054,29.08853244498575,65.5
14hr_d1,295,49.166666666666664,4,229.98493772054275,12.550579645685072,240.95372878805424,27.041438654260553,65.66666666666666
14hr_d1,296,49.333333333333336,4,224.64058984200324,14.4187888173271,233.8545042259192,29.21693724395641,65.83333333333334
14hr_d1,297,49.5,4,229.8976945381671,13.008731515019397,237.47730825661455,29.354118291981703,66.0
14hr_d1,298,49.666666666666664,4,228.59818804973978,14.572979598750901,236.0576500248452,29.91741511771237,66.16666666666666
14hr_d1,299,49.833333333333336,4,228.31709028683122,13.127509058888192,233.1098022163794,27.93927622653162,66.33333333333334
19hr_LDN,0,0.0,4,78.19275338882277,9.826915420909252,35.382822360618334,1.6707689113102908,21.5
19hr_LDN,1,0.1666666666666666,4,77.699324980201,8.735871706722937,34.532957039810725,1.2480180144310242,21.666666666666668
19hr_LDN,2,0.3333333333333333,4,78.15874037341756,6.040356681794754,36.015725649861615,1.1268893571192604,21.833333333333332
19hr_LDN,3,0.5,4,76.35464785005009,7.244840607805446,35.59962181067978,1.5303274807067548,22.0
19hr_LDN,4,0.6666666666666666,4,83.7219233629878,7.294626394201209,36.24636737395303,1.5511388949294558,22.166666666666668
19hr_LDN,5,0.8333333333333334,4,77.12389581163771,5.995446751946193,34.78455960841077,1.3324468956678222,22.333333333333332
19hr_LDN,6,1.0,4,94.50420798611758,7.334961724829909,35.985819899518155,1.0681467687376038,22.5
19hr_LDN,7,1.1666666666666667,4,84.85095776455066,8.264803838488081,35.13715279215688,0.8255533795485736,22.666666666666668
19hr_LDN,8,1.3333333333333333,4,92.15149468432581,6.6709977847992015,37.14347184174953,1.1934599067573806,22.833333333333332
19hr_LDN,9,1.5,4,93.9818713029567,10.221668006456708,37.793674549679444,1.7272605632558617,23.0
19hr_LDN,10,1.6666666666666667,4,88.94021039779749,7.370632227026361,38.19833884892565,1.3731643156809472,23.166666666666668
19hr_LDN,11,1.8333333333333333,4,84.68402165077268,7.273190645604053,37.37722179119384,1.4671076836376766,23.333333333333332
19hr_LDN,12,2.0,4,91.06597370126481,4.030699798730985,36.383396412181895,1.062727603646499,23.5
19hr_LDN,13,2.1666666666666665,4,100.31162377622545,6.4085994630187635,37.920128304276446,0.6895408683604716,23.666666666666668
19hr_LDN,14,2.3333333333333335,4,86.38647669855312,1.644694896741807,37.50514523090358,0.28667644327870956,23.833333333333332
19hr_LDN,15,2.5,4,94.13892441581154,4.198783360253276,39.2044392738608,1.173302572047162,24.0
19hr_LDN,16,2.6666666666666665,4,96.86226316159434,5.3638214469579,38.98404505015772,1.1337676522103148,24.166666666666668
19hr_LDN,17,2.8333333333333335,4,89.0364417439002,3.9386169795072496,38.6104210823552,1.4331376457017604,24.333333333333332
19hr_LDN,18,3.0,4,94.57053653146467,5.802657800544131,38.48394703301697,1.0922193430237288,24.5
19hr_LDN,19,3.1666666666666665,4,91.90776987959171,1.6301400363146357,41.25227196868239,0.7340566788905099,24.666666666666668
19hr_LDN,20,3.3333333333333335,4,98.27312005278291,1.242168752399671,40.74548396937428,0.9430737752530719,24.833333333333332
19hr_LDN,21,3.5,4,88.52408606945883,4.926794321853242,40.80050882998584,1.2289734384690298,25.0
19hr_LDN,22,3.6666666666666665,4,86.25579082111294,1.1901654829722228,41.510201762403604,1.1386047049500394,25.166666666666668
19hr_LDN,23,3.8333333333333335,4,89.28266061061089,3.172336259186167,41.577478425500146,1.2339838520390876,25.333333333333332
19hr_LDN,24,4.0,4,85.06919632440834,1.786680238350786,41.2158316962314,1.1209479563986031,25.5
19hr_LDN,25,4.166666666666667,4,88.17539798130386,5.112315437510261,42.02005080581826,1.2814470723015738,25.666666666666668
19hr_LDN,26,4.333333333333333,4,85.13326508392404,5.298464072967131,42.83207398269823,1.6934999976205043,25.833333333333332
19hr_LDN,27,4.5,4,82.29643116199185,6.0434695042033075,42.28137051363497,1.3468283334467648,26.0
19hr_LDN,28,4.666666666666667,4,89.37856259473394,3.2331915590767344,43.879261465937056,1.9067940633430112,26.166666666666668
19hr_LDN,29,4.833333333333333,4,89.44809007298832,6.509897367236381,43.90107424644602,2.390537982020815,26.333333333333332
19hr_LDN,30,5.0,4,85.5165349612528,4.850897547564297,43.908152499628784,3.0155349130148004,26.5
19hr_LDN,31,5.166666666666667,4,91.24227254851192,7.429935268949003,46.1296510696504,3.6195249437398447,26.666666666666668
19hr_LDN,32,5.333333333333333,4,93.81694862969832,6.727494478554353,47.62442875463512,3.06875167983082,26.833333333333332
19hr_LDN,33,5.5,4,89.19774342090236,9.73622540370474,46.55841188411774,4.208123634136284,27.0
19hr_LDN,34,5.666666666666667,4,83.57588164057873,9.651140794784917,45.624594717537576,5.138682510238513,27.166666666666668
19hr_LDN,35,5.833333333333333,4,83.17974152108968,6.5888408105357845,44.910635732829974,3.672726438357459,27.333333333333332
19hr_LDN,36,6.0,4,88.01716658045859,5.1841767830064915,47.28386286440276,4.143316483320586,27.5
19hr_LDN,37,6.166666666666667,4,86.01651127494003,6.54081905782456,46.56149771890259,4.164218489466119,27.666666666666668
19hr_LDN,38,6.333333333333333,4,81.52949927064954,5.999453001790937,46.58042376062966,3.6190592961706374,27.833333333333332
19hr_LDN,39,6.5,4,84.62641551418977,8.394679020335367,48.354025370162134,5.225390415034297,28.0
19hr_LDN,40,6.666666666666667,4,87.6411463949981,9.295053934390463,49.9689467892864,5.810213873931018,28.166666666666668
19hr_LDN,41,6.833333333333333,4,84.17591381752977,8.125128750702928,51.33280134683598,3.6287136975870933,28.333333333333332
19hr_LDN,42,7.0,4,86.68122525239448,11.25106661202873,50.032620890831566,5.489816290788656,28.5
19hr_LDN,43,7.166666666666667,4,83.83439505281154,12.300918673240197,49.04567999075577,5.472032836670775,28.666666666666668
19hr_LDN,44,7.333333333333333,4,81.9697678829779,11.952524965891701,50.1912688580753,6.655820159606381,28.833333333333332
19hr_LDN,45,7.5,4,82.56400251215058,9.390708057604604,52.21836691553167,6.203057909159948,29.0
19hr_LDN,46,7.666666666666667,4,79.20158728095325,10.505076693501334,53.09475125998597,4.617536855433167,29.166666666666668
19hr_LDN,47,7.833333333333333,4,76.57473765946004,7.129313190294027,49.08361536318578,4.511113901390803,29.333333333333332
19hr_LDN,48,8.0,4,80.77341039888786,6.499784661044742,51.05435216209845,5.212133457028163,29.5
19hr_LDN,49,8.166666666666666,4,80.63034045295916,7.684468150551848,52.299082434868694,4.949511524918147,29.666666666666664
19hr_LDN,50,8.333333333333334,4,78.1500135309748,6.141336941181064,52.953080462923246,4.746812671015555,29.833333333333336
19hr_LDN,51,8.5,4,82.27695753182758,10.429921300251221,53.88753867339119,5.9135031311144175,30.0
19hr_LDN,52,8.666666666666666,4,78.1992928566588,12.255719873114144,55.009942053067064,6.29037286183162,30.166666666666664
19hr_LDN,53,8.833333333333334,4,77.00979339171711,10.323323741657074,56.700432600191206,6.743455691802094,30.333333333333336
19hr_LDN,54,9.0,4,77.75036869883564,9.035223952030224,57.913348986762045,6.763649236936732,30.5
19hr_LDN,55,9.166666666666666,4,78.97303851601762,8.249326955241857,57.87372428550501,6.261685552556312,30.666666666666664
19hr_LDN,56,9.333333333333334,4,69.50705690704565,10.483391759277808,56.755315706189286,7.079441264829571,30.833333333333336
19hr_LDN,57,9.5,4,76.73461844561524,9.893221747318654,60.67298499014143,8.127096852328172,31.0
19hr_LDN,58,9.666666666666666,4,76.78034973684831,9.840263622107956,61.43188964666875,6.771355433971393,31.166666666666664
19hr_LDN,59,9.833333333333334,4,78.04251352014776,7.163683417278354,63.36382381514795,7.687804108993668,31.333333333333336
19hr_LDN,60,10.0,4,72.11591739642067,10.86021965395577,62.21834355320309,7.87854720123127,31.5
19hr_LDN,61,10.166666666666666,4,72.9709414899764,10.323657125898018,64.24195344806013,8.906548221896733,31.666666666666664
19hr_LDN,62,10.333333333333334,4,76.20336391716103,9.074872710542257,66.37320215251003,7.437464183994654,31.833333333333336
19hr_LDN,63,10.5,4,73.76627614359049,9.14592179521894,66.84092184646674,7.628322310093928,32.0
19hr_LDN,64,10.666666666666666,4,74.32773431802366,8.871729024015956,67.00974094301388,7.982896678062516,32.166666666666664
19hr_LDN,65,10.833333333333334,4,77.41921570280573,10.29630076507139,68.42586708033099,9.610448258176033,32.333333333333336
19hr_LDN,66,11.0,4,75.06427898176767,9.667351399345163,69.58282252608151,8.368525292021827,32.5
19hr_LDN,67,11.166666666666666,4,76.19017737438834,8.01767663543616,71.99655672123788,7.9032532211645865,32.666666666666664
19hr_LDN,68,11.333333333333334,4,77.70164215453659,10.703879007263348,73.1642060957054,9.383317394400589,32.833333333333336
19hr_LDN,69,11.5,4,73.74089322633353,8.7209693832513,74.24231176642074,7.807370225995529,33.0
19hr_LDN,70,11.666666666666666,4,78.09404626598996,10.005147142550806,78.66088273120081,9.133207103798377,33.166666666666664
19hr_LDN,71,11.833333333333334,4,76.14251156941117,9.26338458731618,74.6767454397733,8.432581762451889,33.333333333333336
19hr_LDN,72,12.0,4,73.21903510822088,10.954010402191113,73.05108425060705,10.234258461515218,33.5
19hr_LDN,73,12.166666666666666,4,75.98857850297081,11.054615732589571,78.71326031357725,11.371861695319026,33.666666666666664
19hr_LDN,74,12.333333333333334,4,76.08851043796828,11.006833612194606,78.6863597710053,12.187515407207213,33.833333333333336
19hr_LDN,75,12.5,4,72.29272253057928,8.310863757717431,73.7071967944101,8.678669849992993,34.0
19hr_LDN,76,12.666666666666666,4,76.08889880890152,11.955145256544762,81.36345465687944,14.008694276540199,34.166666666666664
19hr_LDN,77,12.833333333333334,4,71.80279919608414,10.603155062911867,80.44739990418704,11.046060959412081,34.333333333333336
19hr_LDN,78,13.0,4,72.30138712347225,10.053118564849868,78.37455963561943,9.523949071556032,34.5
19hr_LDN,79,13.166666666666666,4,69.59087107473356,8.633265206926183,79.44187049581379,10.865740619120265,34.666666666666664
19hr_LDN,80,13.333333333333334,4,72.67908920744647,8.91438324397343,80.42795604177525,10.09568890156762,34.833333333333336
19hr_LDN,81,13.5,4,67.73279078542944,10.470778784244366,75.97261004270946,9.215353550583492,35.0
19hr_LDN,82,13.666666666666666,4,65.43026347888559,8.727767234514117,75.36438087472301,8.47350979810003,35.166666666666664
19hr_LDN,83,13.833333333333334,4,63.90632832150002,9.87095698293029,76.28052203963387,8.99073663217955,35.333333333333336
19hr_LDN,84,14.0,4,64.3368098453521,8.242341260882897,79.66273019794605,9.63888073858369,35.5
19hr_LDN,85,14.166666666666666,4,64.60576927404077,8.139219331766887,76.96018043967473,10.107703437981096,35.666666666666664
19hr_LDN,86,14.333333333333334,4,65.59333180610054,8.410264725291459,74.85428439994556,9.345812635525563,35.833333333333336
19hr_LDN,87,14.5,4,69.09026764295987,8.068987427892031,80.74877776240866,9.178423702807677,36.0
19hr_LDN,88,14.666666666666666,4,69.44143860158104,8.989422557453228,82.95786359864152,10.171132499321553,36.166666666666664
19hr_LDN,89,14.833333333333334,4,73.03392575715274,8.692064580091015,90.81288978845362,10.490308944491922,36.333333333333336
19hr_LDN,90,15.0,4,70.3601615131709,7.6494125854002695,88.70671287102138,10.068277876095433,36.5
19hr_LDN,91,15.166666666666666,4,70.08680122602489,8.491805701623987,89.78585724613862,11.737301982756165,36.666666666666664
19hr_LDN,92,15.333333333333334,4,75.75647464447933,7.1888934453917495,95.2632550262161,9.918391637098049,36.833333333333336
19hr_LDN,93,15.5,4,74.37260404191608,7.413371846144943,95.26728270771285,12.922691393146927,37.0
19hr_LDN,94,15.666666666666666,4,74.45218546146306,6.497491274218579,97.1747858913073,11.911153312153944,37.166666666666664
19hr_LDN,95,15.833333333333334,4,69.89470432545353,6.853007454287891,91.8808045535096,11.538538356827928,37.333333333333336
19hr_LDN,96,16.0,4,73.02390320007953,6.899553148597079,97.0585844267788,12.628912388923903,37.5
19hr_LDN,97,16.166666666666668,4,75.80999990117716,6.7968110662637296,104.82716061823936,12.490638727129815,37.66666666666667
19hr_LDN,98,16.333333333333332,4,74.93950333842356,9.841914023868243,103.85501826162285,15.597807336114906,37.83333333333333
19hr_LDN,99,16.5,4,72.02907088585413,9.17984668759743,101.56059960498911,15.083488129201346,38.0
19hr_LDN,100,16.666666666666668,4,70.72543961147997,7.974542568313833,101.58508609172954,13.838599170188129,38.16666666666667
19hr_LDN,101,16.833333333333332,4,67.43784286497448,7.460149072165708,100.11387895349702,13.412840970328476,38.33333333333333
19hr_LDN,102,17.0,4,67.7478306475624,9.276953852336337,98.09504865085444,15.905403302373923,38.5
19hr_LDN,103,17.166666666666668,4,69.26831349159853,11.160519541062204,102.83116048202778,17.630237601593404,38.66666666666667
19hr_LDN,104,17.333333333333332,4,64.47470187835317,9.513751971197435,102.30431363733545,19.096905494424682,38.83333333333333
19hr_LDN,105,17.5,4,68.37486506109536,8.654590415893223,102.64699856852417,15.125701782276616,39.0
19hr_LDN,106,17.666666666666668,4,69.33799104887255,8.959091223283933,107.62643410306623,17.55734471048417,39.16666666666667
19hr_LDN,107,17.833333333333332,4,75.62655119664974,8.1145678665708,116.05097873184728,17.795948854109877,39.33333333333333
19hr_LDN,108,18.0,4,69.7933848083788,8.38813909539188,115.94436767981603,15.832521774522947,39.5
19hr_LDN,109,18.166666666666668,4,66.9506858292444,7.169684952405781,113.14352677396613,12.094693218723863,39.66666666666667
19hr_LDN,110,18.333333333333332,4,67.87298741474129,7.629999740286693,115.28677421057441,15.96862543443586,39.83333333333333
19hr_LDN,111,18.5,4,69.76436171801038,6.06044102507912,116.62303246748384,14.141015301614068,40.0
19hr_LDN,112,18.666666666666668,4,72.24441332085475,7.615662711099596,119.88102017634725,14.598153811619188,40.16666666666667
19hr_LDN,113,18.833333333333332,4,69.7867176901969,8.33676615133966,118.34681137716872,16.42826851922064,40.33333333333333
19hr_LDN,114,19.0,4,71.27716987442349,7.414574558219655,125.38469179331726,15.131565551162396,40.5
19hr_LDN,115,19.166666666666668,4,69.25697173768638,8.438023723521448,121.9758251927675,13.9076149503173,40.66666666666667
19hr_LDN,116,19.333333333333332,4,70.16515864522626,8.142623542473585,126.52586279003509,16.828829608867135,40.83333333333333
19hr_LDN,117,19.5,4,73.13940834126188,7.263054724908746,130.58758197610385,14.248535502322783,41.0
19hr_LDN,118,19.666666666666668,4,72.26751782147802,7.288022250884799,129.56911408245588,14.492424926735227,41.16666666666667
19hr_LDN,119,19.833333333333332,4,71.19626023737584,6.250554775465996,130.57917437638514,12.82281530649925,41.33333333333333
19hr_LDN,120,20.0,4,75.43721822824101,4.466108200108803,136.83881381841053,14.367569445177782,41.5
19hr_LDN,121,20.166666666666668,4,70.83986999109406,7.535535451074081,131.5798916678043,17.903356780822445,41.66666666666667
19hr_LDN,122,20.333333333333332,4,70.10018707332151,8.076421929714005,135.72456854834618,17.71765009770447,41.83333333333333
19hr_LDN,123,20.5,4,71.77744526419167,5.2967860908785935,133.8942989521793,12.484547478633905,42.0
19hr_LDN,124,20.666666666666668,4,68.81034720110527,7.080834598032015,133.40161925594737,14.9426886057151,42.16666666666667
19hr_LDN,125,20.833333333333332,4,68.81092967838859,7.072526619996796,131.30852095272354,15.12290363762697,42.33333333333333
19hr_LDN,126,21.0,4,70.30253172375434,5.392720229994222,137.72342439068694,13.760377498978793,42.5
19hr_LDN,127,21.166666666666668,4,71.35075706080931,5.870417675358493,139.31734350790606,14.147242367278848,42.66666666666667
19hr_LDN,128,21.333333333333332,4,74.510445693086,6.610504816346109,140.97949527145198,18.840324339914083,42.83333333333333
19hr_LDN,129,21.5,4,74.82127447756432,6.745268574252799,139.32859132511012,17.23281500456062,43.0
19hr_LDN,130,21.666666666666668,4,70.21159480907548,6.525383063810028,139.86796360283446,19.673204843037844,43.16666666666667
19hr_LDN,131,21.833333333333332,4,72.52964514884795,6.028575919564961,148.93328813394783,17.733274090822277,43.33333333333333
19hr_LDN,132,22.0,4,69.9801870951741,6.060164413807317,146.42822701131394,15.480521135854305,43.5
19hr_LDN,133,22.166666666666668,4,69.69829061162375,5.988768637225878,148.4834642281603,15.517748485744132,43.66666666666667
19hr_LDN,134,22.333333333333332,4,73.08673766192501,5.939085243549554,151.05515571864063,14.535845037971832,43.83333333333333
19hr_LDN,135,22.5,4,71.13221708518132,8.420912256450396,150.3602449718246,18.727307658980667,44.0
19hr_LDN,136,22.666666666666668,4,68.55203456942444,8.966995624552789,150.12740836049625,19.81210137346941,44.16666666666667
19hr_LDN,137,22.833333333333332,4,68.63316681039406,9.157713739582011,154.41240941575248,18.874018464812867,44.33333333333333
19hr_LDN,138,23.0,4,65.74995521936937,8.23158399917717,150.4419232009332,16.192799831969324,44.5
19hr_LDN,139,23.166666666666668,4,70.00224186391813,7.464692035235212,158.74389728901588,17.883844068105113,44.66666666666667
19hr_LDN,140,23.333333333333332,4,67.96026244489371,8.79209926956862,150.56590892232796,17.967589825962722,44.83333333333333
19hr_LDN,141,23.5,4,70.86850745441376,9.024729393103991,165.40024229718068,17.505542772603594,45.0
19hr_LDN,142,23.666666666666668,4,71.27155512948929,10.37197281130515,164.2750404868923,22.927252025892642,45.16666666666667
19hr_LDN,143,23.833333333333332,4,74.13243856681561,10.880274042425516,178.92501029979613,22.117663858027836,45.33333333333333
19hr_LDN,144,24.0,4,73.22547673390373,9.739969204943005,169.45893809043451,24.322547550762426,45.5
19hr_LDN,145,24.166666666666668,4,72.37585149787085,10.674941868643849,168.73546817260228,24.966541058742973,45.66666666666667
19hr_LDN,146,24.333333333333332,4,72.46165146288317,9.219561589282497,175.87231744304427,21.791328251777394,45.83333333333333
19hr_LDN,147,24.5,4,75.20873712324422,7.892326769697788,185.502394790718,20.351830912252836,46.0
19hr_LDN,148,24.666666666666668,4,78.0567288529717,10.39291538440031,185.37983922648186,29.64663813453787,46.16666666666667
19hr_LDN,149,24.833333333333332,4,75.70839869471844,9.308625991658353,196.35307272393845,26.962576064145182,46.33333333333333
19hr_LDN,150,25.0,4,76.29538365749819,9.787498274622477,190.2203430212145,22.974408410569332,46.5
19hr_LDN,151,25.166666666666668,4,79.72789575878348,9.353063910479177,187.50809095763415,25.793215441470423,46.66666666666667
19hr_LDN,152,25.333333333333332,4,79.28212680349458,11.229962955918742,189.60977534222542,25.42085703090323,46.83333333333333
19hr_LDN,153,25.5,4,80.86624087031917,11.906988289719745,185.4720770029062,22.178559184445092,47.0
19hr_LDN,154,25.666666666666668,4,80.52116033313277,13.508616766925348,192.1881793114936,24.11013230961911,47.16666666666667
19hr_LDN,155,25.833333333333332,4,80.53620505871869,11.107659406265485,194.08508141267632,18.12471474774649,47.33333333333333
19hr_LDN,156,26.0,4,79.83488178318416,12.74589243222291,196.17341302080604,20.370454782968867,47.5
19hr_LDN,157,26.166666666666668,4,86.19568673961545,11.368745380163913,205.35442667934336,19.87603098222037,47.66666666666667
19hr_LDN,158,26.333333333333332,4,85.9231266203121,12.295571980066839,204.99258147358975,18.372409557999788,47.83333333333333
19hr_LDN,159,26.5,4,87.23306507945742,13.881176969636453,201.74529497570768,18.094353387112267,48.0
19hr_LDN,160,26.666666666666668,4,88.07786898921792,12.287358676297984,205.38668747601207,20.212223214766063,48.16666666666667
19hr_LDN,161,26.833333333333332,4,86.45406301110071,12.055785439908353,206.31315004245954,23.07490009076976,48.33333333333333
19hr_LDN,162,27.0,4,90.69539344859005,11.66559647512524,211.64454850727057,23.049204247884553,48.5
19hr_LDN,163,27.166666666666668,4,92.37392237177536,12.185183120018582,207.6422451409056,24.578129743427468,48.66666666666667
19hr_LDN,164,27.333333333333332,4,92.74253182741026,13.019552758882496,214.81454558875026,23.537316832172202,48.83333333333333
19hr_LDN,165,27.5,4,95.92309487771374,14.541936169423863,219.360444190897,23.79764440116481,49.0
19hr_LDN,166,27.666666666666668,4,101.88334089044113,13.08616254041625,228.74274519386307,21.237446519111504,49.16666666666667
19hr_LDN,167,27.833333333333332,4,101.56785461867658,14.183866052767451,228.8113347627852,25.808156490408333,49.33333333333333
19hr_LDN,168,28.0,4,101.85102045583656,14.326388325829653,231.80364105454169,24.91161017519439,49.5
19hr_LDN,169,28.166666666666668,4,102.63967868975669,14.295683286426314,235.85434993925438,24.45641213497965,49.66666666666667
19hr_LDN,170,28.333333333333332,4,106.41510413677926,19.30600807251347,240.04571645398005,27.437832647129873,49.83333333333333
19hr_LDN,171,28.5,4,111.74686058706249,14.895839191446466,238.99642870084048,25.179356976278267,50.0
19hr_LDN,172,28.666666666666668,4,110.01194880806557,15.434618555436774,249.98239776177002,24.169746719280024,50.16666666666667
19hr_LDN,173,28.833333333333332,4,110.96276354323194,17.858192011196056,246.6185432668184,27.79474854000799,50.33333333333333
19hr_LDN,174,29.0,4,117.47463996739455,18.625096230204726,268.81341472651627,27.55016431014484,50.5
19hr_LDN,175,29.166666666666668,4,116.77238621228491,17.099697003989164,257.92062352853355,30.414843833611446,50.66666666666667
19hr_LDN,176,29.333333333333332,4,115.63874267144416,19.489150310592322,257.28020678381637,30.967422101966118,50.83333333333333
19hr_LDN,177,29.5,4,118.68167537875905,19.31987678372956,266.65406580287095,31.816420232983912,51.0
19hr_LDN,178,29.666666666666668,4,119.51634182432426,17.052280929846944,252.48927664210692,29.373308354838663,51.16666666666667
19hr_LDN,179,29.833333333333332,4,124.94537052071381,17.47416582371722,266.01162670899674,27.665992916858542,51.33333333333333
19hr_LDN,180,30.0,4,123.80395925511307,17.008186596213818,269.44298406747515,27.57093440216122,51.5
19hr_LDN,181,30.166666666666668,4,131.30909274648988,17.725040954096755,280.8910388510689,25.44991814967327,51.66666666666667
19hr_LDN,182,30.333333333333332,4,129.10822951675237,19.835619101442422,270.11089359817765,29.761900062079878,51.83333333333333
19hr_LDN,183,30.5,4,132.77516158285806,18.868366134708264,281.9010841355859,25.242670220838658,52.0
19hr_LDN,184,30.666666666666668,4,138.5589207034569,20.577148359524795,292.82012640967434,33.89766681465922,52.16666666666667
19hr_LDN,185,30.833333333333332,4,131.44657677398754,18.479143044382887,275.5508829547739,30.87025300163242,52.33333333333333
19hr_LDN,186,31.0,4,137.0400575702727,19.929145390971083,295.226295076792,33.32328048863868,52.5
19hr_LDN,187,31.166666666666668,4,140.75660656913269,19.88762380691554,295.2289784651032,33.74074104312974,52.66666666666667
19hr_LDN,188,31.333333333333332,4,136.45042490917717,18.100053654156813,287.75595982360545,33.20378159785214,52.83333333333333
19hr_LDN,189,31.5,4,149.645927205978,19.595269229735283,302.85858746407433,35.87972174318149,53.0
19hr_LDN,190,31.666666666666668,4,148.303527890569,23.05061017755264,293.87031789351823,34.58206811517268,53.16666666666667
19hr_LDN,191,31.833333333333332,4,148.62786527602876,24.59846944682185,289.43864810997974,31.295077150866174,53.33333333333333
19hr_LDN,192,32.0,4,153.88319422784565,21.356903116088677,305.05643599248816,26.660130892280794,53.5
19hr_LDN,193,32.166666666666664,4,146.93308700441523,22.62541428375595,291.61601481512315,28.55786522595678,53.666666666666664
19hr_LDN,194,32.333333333333336,4,151.37867501910335,21.415398139468845,293.35129224027384,23.664126818274323,53.833333333333336
19hr_LDN,195,32.5,4,155.10721686719094,19.460669367246048,303.16940063160007,26.350221917027795,54.0
19hr_LDN,196,32.666666666666664,4,161.03414797925097,20.139795116284994,307.08585121253975,25.93631730717634,54.166666666666664
19hr_LDN,197,32.833333333333336,4,162.87918249461,20.51132866225579,304.73628358557943,24.41950085709828,54.333333333333336
19hr_LDN,198,33.0,4,159.1809159456489,19.479989151861062,304.35847980057656,20.68655167907626,54.5
19hr_LDN,199,33.166666666666664,4,156.94582913556462,21.401416043057278,308.21687147553445,26.16524517626243,54.666666666666664
19hr_LDN,200,33.333333333333336,4,165.4952068209086,21.8817802270053,301.4986962868814,26.0326359480733,54.833333333333336
19hr_LDN,201,33.5,4,164.14750697810592,18.735250088843554,306.33320596285654,21.04649807528829,55.0
19hr_LDN,202,33.666666666666664,4,167.5521924017499,21.96624233139452,299.8860658062133,28.38467552098076,55.166666666666664
19hr_LDN,203,33.833333333333336,4,168.92104345939148,22.57687162629086,306.3726896738316,28.74080213605302,55.333333333333336
19hr_LDN,204,34.0,4,175.7793092819068,21.93371525799671,314.342219809129,28.66213587770461,55.5
19hr_LDN,205,34.166666666666664,4,173.6658938400014,22.876414068279956,315.5105420345918,31.187761547360843,55.666666666666664
19hr_LDN,206,34.333333333333336,4,171.89762466535348,20.697563871198017,326.41136398651497,32.16980847319904,55.833333333333336
19hr_LDN,207,34.5,4,180.74109754649103,22.58781524765125,333.68449092604754,29.374829348378828,56.0
19hr_LDN,208,34.666666666666664,4,186.29493236403624,22.91162049098064,338.9151139714587,32.20587472192409,56.166666666666664
19hr_LDN,209,34.833333333333336,4,179.599443708693,22.59714314895862,330.669052399397,31.616761362340995,56.333333333333336
19hr_LDN,210,35.0,4,181.8901982136335,21.193596241323036,339.9442198627067,30.12900586545654,56.5
19hr_LDN,211,35.166666666666664,4,179.84202596228238,22.841075992000572,337.1746474757473,32.32251787344655,56.666666666666664
19hr_LDN,212,35.333333333333336,4,185.2808235973516,23.575062246762524,337.9648490515928,33.951306650042405,56.833333333333336
19hr_LDN,213,35.5,4,184.08005035743375,21.84384961142461,321.3728641479196,31.38027585645677,57.0
19hr_LDN,214,35.666666666666664,4,191.3236538694232,19.56578010273155,337.2079291590643,33.81476894399133,57.166666666666664
19hr_LDN,215,35.833333333333336,4,194.17963573696093,23.482965872468004,339.3104278189046,31.363578098866903,57.333333333333336
19hr_LDN,216,36.0,4,190.84926384101797,22.814266647161073,342.4389469183018,31.19233917315682,57.5
19hr_LDN,217,36.166666666666664,4,194.56768208235346,22.694979010205227,340.1317789354938,24.266698603394197,57.666666666666664
19hr_LDN,218,36.333333333333336,4,188.4637361769193,18.176033321706214,340.2548643074953,29.00745979934471,57.833333333333336
19hr_LDN,219,36.5,4,193.06212682307924,20.385477173624754,338.5080151301896,35.05161440489402,58.0
19hr_LDN,220,36.666666666666664,4,196.0558391759475,22.285948851648154,341.7136595620155,34.14979467732333,58.166666666666664
19hr_LDN,221,36.833333333333336,4,190.85449344234402,21.063427349379825,341.51141155179545,33.6170752508348,58.333333333333336
19hr_LDN,222,37.0,4,197.61616142790115,24.013406720508364,361.6387443947348,39.3416489242046,58.5
19hr_LDN,223,37.166666666666664,4,192.86615331573483,22.766510307240086,348.31694044173184,31.811003279245416,58.666666666666664
19hr_LDN,224,37.333333333333336,4,200.30597018293417,22.525207439383006,358.8957509447895,32.32339544432429,58.833333333333336
19hr_LDN,225,37.5,4,202.14701058801563,23.08048360201896,360.16267840269506,39.916488612634375,59.0
19hr_LDN,226,37.666666666666664,4,207.25151921692984,25.196447416743094,365.5720608132357,39.259350547240686,59.166666666666664
19hr_LDN,227,37.833333333333336,4,206.43156028253287,22.157883584088975,368.5927909400215,36.122442001109235,59.333333333333336
19hr_LDN,228,38.0,4,205.2319868615868,23.67688567254719,364.5528342343518,34.89591969165143,59.5
19hr_LDN,229,38.166666666666664,4,195.37375701874416,23.3287794901717,355.6889197201787,32.904338670682215,59.666666666666664
19hr_LDN,230,38.333333333333336,4,191.9738618533018,22.35681551375745,350.05056403418627,31.587909452155422,59.833333333333336
19hr_LDN,231,38.5,4,196.75546552286363,22.137465624819573,358.5997322374095,30.719218530082863,60.0
19hr_LDN,232,38.666666666666664,4,194.693023382053,21.678265552475427,361.4382322397863,33.00350341508915,60.166666666666664
19hr_LDN,233,38.833333333333336,4,200.06361266682134,25.351889520248427,368.6321150532351,35.89260488782721,60.333333333333336
19hr_LDN,234,39.0,4,196.5633524543909,23.13154574817673,354.0910111526866,33.960741055137355,60.5
19hr_LDN,235,39.166666666666664,4,201.73638934772526,26.334748345661705,362.48753112218407,39.6659838961271,60.666666666666664
19hr_LDN,236,39.333333333333336,4,203.40298720743948,23.80970230132901,371.3498489855274,38.75253193994411,60.833333333333336
19hr_LDN,237,39.5,4,199.94007453831262,25.1835970132223,361.41982993760075,35.354215966385304,61.0
19hr_LDN,238,39.666666666666664,4,192.54741828582561,24.83524763769444,355.15968984355686,36.8586558126244,61.166666666666664
19hr_LDN,239,39.833333333333336,4,192.37148844842216,24.583791532064893,364.3897329236513,32.80977338572418,61.333333333333336
19hr_LDN,240,40.0,4,194.3910222440222,24.93810023157955,356.30907353368383,31.05685144796242,61.5
19hr_LDN,241,40.166666666666664,4,189.00108544598424,24.83680374050575,357.12642064321835,29.01271083848799,61.666666666666664
19hr_LDN,242,40.333333333333336,4,191.7871866116493,23.869430602112374,362.3460391535014,30.971726865643944,61.833333333333336
19hr_LDN,243,40.5,4,192.9780803878924,23.611987856997818,366.343886705055,30.360166547685665,62.0
19hr_LDN,244,40.666666666666664,4,196.23122620745215,24.222175622349333,363.18352764850414,31.120185101159326,62.166666666666664
19hr_LDN,245,40.833333333333336,4,193.50001215248244,23.81111472246691,362.2799865916764,30.456517367260723,62.333333333333336
19hr_LDN,246,41.0,4,188.032097271976,21.19777850578578,360.4552726740487,30.73669322792734,62.5
19hr_LDN,247,41.166666666666664,4,191.32145179379472,22.901462460639998,357.0616952151594,30.62036761594246,62.666666666666664
19hr_LDN,248,41.333333333333336,4,193.37322493554382,22.070329955754435,363.89275224926035,29.98450031638458,62.833333333333336
19hr_LDN,249,41.5,4,184.92979870915735,21.180393419031446,362.7965427420729,25.769642418812044,63.0
19hr_LDN,250,41.666666666666664,4,189.00132369090494,21.88010704588063,370.6128463117341,25.13824283048969,63.166666666666664
19hr_LDN,251,41.833333333333336,4,189.0795928932636,20.440722037352355,382.9201381628509,28.526244744278266,63.333333333333336
19hr_LDN,252,42.0,4,184.19554147454215,21.228678362347623,372.21508142427155,26.61563252146926,63.5
19hr_LDN,253,42.166666666666664,4,188.82221115184205,23.102125734859055,372.6052508684969,32.468549700414535,63.666666666666664
19hr_LDN,254,42.333333333333336,4,189.72365466669208,20.939906491260288,379.7177726692353,27.843513316021173,63.833333333333336
19hr_LDN,255,42.5,4,187.86430223147968,21.027005033690926,366.4186351417061,28.185835318127832,64.0
19hr_LDN,256,42.666666666666664,4,186.11230743560077,22.585547582248775,368.0295407132362,28.92793715006944,64.16666666666666
19hr_LDN,257,42.833333333333336,4,183.6895658185832,24.972210883745845,357.86973433989823,31.470976861453025,64.33333333333334
19hr_LDN,258,43.0,4,180.2412123521051,24.702665093338947,355.8930632685202,26.971233041938103,64.5
19hr_LDN,259,43.166666666666664,4,183.2997611905848,25.77036831372793,359.4733917459263,28.48897347663961,64.66666666666666
19hr_LDN,260,43.333333333333336,4,183.87518939527075,24.847557833671473,360.7929192572002,25.42877003626107,64.83333333333334
19hr_LDN,261,43.5,4,183.28232686867287,23.013743528273206,364.2428607454086,22.22783143399375,65.0
19hr_LDN,262,43.666666666666664,4,182.33008276166905,22.870054325752648,368.96579066558246,24.281218615608452,65.16666666666666
19hr_LDN,263,43.833333333333336,4,175.97924077044755,21.842132340734743,359.3032635140975,24.61310280800112,65.33333333333334
19hr_LDN,264,44.0,4,175.15184127290956,23.006188098392705,355.8342334024097,24.86409206506539,65.5
19hr_LDN,265,44.166666666666664,4,176.48666695284476,23.748740142204184,362.45005105109703,23.14137102979526,65.66666666666666
19hr_LDN,266,44.333333333333336,4,176.72702690934167,24.779985531008602,357.3920361541196,24.24700828782479,65.83333333333334
19hr_LDN,267,44.5,4,168.49864696718004,23.299506779741503,359.8620859046289,25.057347748791386,66.0
19hr_LDN,268,44.666666666666664,4,169.75481184107198,23.91799428576584,357.15146249451425,22.984010039417015,66.16666666666666
19hr_LDN,269,44.833333333333336,4,169.76436368817406,24.67417817649417,356.90157508936016,27.447714249508284,66.33333333333334
19hr_LDN,270,45.0,4,169.11944617251288,25.786954711889106,354.2285648529695,25.143902370497102,66.5
19hr_LDN,271,45.166666666666664,4,168.2772707809144,25.65763867001159,359.34337535274017,24.44993527711853,66.66666666666666
19hr_LDN,272,45.333333333333336,4,172.9465697905441,25.371478002525745,365.32767198222416,25.417337723326035,66.83333333333334
19hr_LDN,273,45.5,4,171.7159636073803,25.088674198102513,360.04502574569574,30.40014183307395,67.0
19hr_LDN,274,45.666666666666664,4,165.79287819348053,24.496447984593892,352.56318333965754,25.74547919086259,67.16666666666666
19hr_LDN,275,45.833333333333336,4,167.36828324280012,24.41982529538581,356.88880343669234,25.127412233000825,67.33333333333334
19hr_LDN,276,46.0,4,169.46874125901627,24.225900685947266,360.21744234701566,25.897248150557726,67.5
19hr_LDN,277,46.166666666666664,4,168.2095462603991,26.968699672874138,357.40148764873084,29.072821776741748,67.66666666666666
19hr_LDN,278,46.333333333333336,4,167.7835233313475,26.637700117070473,358.6743692387502,26.078583643767058,67.83333333333334
19hr_LDN,279,46.5,4,162.6283880474354,24.329493807365736,348.7549253516193,25.169063739222437,68.0
19hr_LDN,280,46.666666666666664,4,159.30613696918823,24.461500811061104,360.15587236182347,28.310394054009144,68.16666666666666
19hr_LDN,281,46.833333333333336,4,158.5394680445822,23.329025325973948,356.45369749890875,20.477383984288966,68.33333333333334
19hr_LDN,282,47.0,4,157.4480922082374,24.12781841740949,354.3275245043231,24.859893402086175,68.5
19hr_LDN,283,47.166666666666664,4,159.4039780603481,24.231239683833756,362.25306351905147,22.37160353340292,68.66666666666666
19hr_LDN,284,47.333333333333336,4,154.87895478690578,23.092962070451335,355.0015913496497,22.990019000616517,68.83333333333334
19hr_LDN,285,47.5,4,153.97786181954552,21.25931121353158,362.4995669785009,21.296056636182232,69.0
19hr_LDN,286,47.666666666666664,4,154.7788442413355,22.214935400020916,362.0735089175781,23.39869189347721,69.16666666666666
19hr_LDN,287,47.833333333333336,4,149.34515166350374,21.694206576060683,349.4947436980707,22.198048626417584,69.33333333333334
19hr_LDN,288,48.0,4,151.74761652022102,21.803568988516616,359.8909366081601,19.715597425533748,69.5
19hr_LDN,289,48.166666666666664,4,152.64865959322856,19.934244772860293,353.01811002961205,18.369827391728936,69.66666666666666
19hr_LDN,290,48.333333333333336,4,153.41857463520182,19.577927149395048,357.9470670167657,17.279594700895938,69.83333333333334
19hr_LDN,291,48.5,4,152.74360725395135,21.02765594039566,356.79906625797986,16.990118960081194,70.0
19hr_LDN,292,48.666666666666664,4,151.90989802670083,20.251292474811237,353.67150041300533,14.644224227355734,70.16666666666666
19hr_LDN,293,48.833333333333336,4,149.93115922246068,19.69683811570148,355.1166650868439,15.916496745324475,70.33333333333334
19hr_LDN,294,49.0,4,146.08360137075516,19.866288100225223,345.35211896084235,16.39313347349582,70.5
19hr_LDN,295,49.166666666666664,4,149.95550681061974,21.81801212005589,353.39647278790346,17.039596135866418,70.66666666666666
19hr_LDN,296,49.333333333333336,4,148.14314514650346,22.505596142497488,350.3078841340079,19.50332426411609,70.83333333333334
19hr_LDN,297,49.5,4,141.438073884391,19.975334348833364,348.738047368603,16.664655442434388,71.0
19hr_LDN,298,49.666666666666664,4,140.8302567603774,20.01194840490072,351.6250506236543,19.703042410147546,71.16666666666666
19hr_LDN,299,49.833333333333336,4,140.19077803979167,21.319657465508893,339.4223582490148,21.042583590769954,71.33333333333334
19hr_basal,0,0.0,4,125.66250502220016,10.021177979952798,38.721087283226424,5.90276505358863,21.5
19hr_basal,1,0.1666666666666666,4,125.32920082858271,14.7423824129023,34.65597637704817,3.8190798159925703,21.666666666666668
19hr_basal,2,0.3333333333333333,4,127.33145263823232,15.951104034916277,36.3770033493702,4.207896983342902,21.833333333333332
19hr_basal,3,0.5,4,129.01353356234011,9.365988444667714,36.1737891738982,3.7362732795496454,22.0
19hr_basal,4,0.6666666666666666,4,134.0603656673236,10.300566400135676,37.54020001773408,5.027575746271083,22.166666666666668
19hr_basal,5,0.8333333333333334,4,127.97502689790325,11.479040023988373,36.93301516792173,5.214659424589194,22.333333333333332
19hr_basal,6,1.0,4,139.7925465268503,15.495755236241559,36.17631676511972,3.9637562937211874,22.5
19hr_basal,7,1.1666666666666667,4,145.88904686970812,17.051764191334073,38.91144111843827,5.499243810280382,22.666666666666668
19hr_basal,8,1.3333333333333333,4,143.1790374531076,14.646542735241681,40.70878836685679,6.525476772574449,22.833333333333332
19hr_basal,9,1.5,4,145.6155801640869,16.917121193698478,40.28533591422412,5.435611724946883,23.0
19hr_basal,10,1.6666666666666667,4,152.0941218496144,12.86127379037889,43.1314166453631,7.56274065678159,23.166666666666668
19hr_basal,11,1.8333333333333333,4,157.92701783245576,14.782487434896977,40.82651140121844,5.89957803391901,23.333333333333332
19hr_basal,12,2.0,4,150.56283074896928,15.752700899603322,42.79022258218495,6.902211001457586,23.5
19hr_basal,13,2.1666666666666665,4,162.68822047573371,13.841262252065347,44.841339763270526,7.617414105670885,23.666666666666668
19hr_basal,14,2.3333333333333335,4,166.69527840633694,14.127854775578582,44.03048746472647,6.044695558758587,23.833333333333332
19hr_basal,15,2.5,4,165.44087091787577,12.796383268040248,43.954709263693516,5.665233422554212,24.0
19hr_basal,16,2.6666666666666665,4,178.62121137055192,11.25130466625655,44.52250409911834,5.334926004066148,24.166666666666668
19hr_basal,17,2.8333333333333335,4,176.28579571620259,11.385091690955848,48.38903003568409,6.622649577780906,24.333333333333332
19hr_basal,18,3.0,4,189.42533026149917,6.9782122764516625,50.54403603742447,8.109104732297462,24.5
19hr_basal,19,3.1666666666666665,4,195.61131432319894,11.284625487691603,51.66303826122494,6.862783766920269,24.666666666666668
19hr_basal,20,3.3333333333333335,4,202.49106058074625,18.73547050137464,54.055179975550374,7.82010101938709,24.833333333333332
19hr_basal,21,3.5,4,198.5366764148796,13.98716108013553,52.07463346506133,7.02296182393603,25.0
19hr_basal,22,3.6666666666666665,4,204.7281956663186,15.220589387425285,54.897299452248944,8.189286207431449,25.166666666666668
19hr_basal,23,3.8333333333333335,4,203.4630255106989,16.49156272957987,56.00258191880242,8.945869053172832,25.333333333333332
19hr_basal,24,4.0,4,203.5090532574519,14.37248032510327,54.680698283471756,7.895114732246837,25.5
19hr_basal,25,4.166666666666667,4,210.87696629571795,15.256968623377025,58.73964031765715,9.160876960591496,25.666666666666668
19hr_basal,26,4.333333333333333,4,222.8837773160377,16.676166162120396,59.17035782255694,8.1512413335388,25.833333333333332
19hr_basal,27,4.5,4,214.41443771128607,14.030423269845762,58.49904126937481,9.174049317540577,26.0
19hr_basal,28,4.666666666666667,4,225.86576836384182,17.509103103426476,61.281287526493465,11.631955314739184,26.166666666666668
19hr_basal,29,4.833333333333333,4,236.34846821945354,11.773140895851784,58.74891145408449,7.698860431702017,26.333333333333332
19hr_basal,30,5.0,4,237.7152018755516,17.670857584401382,60.14627939172986,8.533480431295084,26.5
19hr_basal,31,5.166666666666667,4,242.70334419513392,16.878548929080676,60.69829927001187,7.675998356861513,26.666666666666668
19hr_basal,32,5.333333333333333,4,242.61259838109754,9.559617124460091,63.02443157823105,9.696648526561697,26.833333333333332
19hr_basal,33,5.5,4,246.2745987725822,19.18154779828219,62.66197391152452,8.348826776586012,27.0
19hr_basal,34,5.666666666666667,4,246.66972465438553,21.831005617926657,65.04991514489964,9.796645301601968,27.166666666666668
19hr_basal,35,5.833333333333333,4,236.07553012612124,13.967308785770772,65.22152384421685,9.791408458632517,27.333333333333332
19hr_basal,36,6.0,4,247.9710344755784,13.092716601432864,68.41318074292668,9.693486453310006,27.5
19hr_basal,37,6.166666666666667,4,253.90519685247668,17.580302628501787,69.46136543362395,10.07664691619619,27.666666666666668
19hr_basal,38,6.333333333333333,4,255.24666804553706,18.061565830139504,69.82285813993965,9.844870023004077,27.833333333333332
19hr_basal,39,6.5,4,269.3932429877386,24.015075477705924,72.19745319395234,10.456553661219449,28.0
19hr_basal,40,6.666666666666667,4,272.07977284964437,21.31259801977196,73.36555469455547,9.01640550915234,28.166666666666668
19hr_basal,41,6.833333333333333,4,256.8003395423625,20.244784474219237,75.20750446097296,11.752710692131819,28.333333333333332
19hr_basal,42,7.0,4,260.35799692284957,14.295091690491208,77.7050752213967,11.17346011210738,28.5
19hr_basal,43,7.166666666666667,4,270.61027867760157,15.913612869261412,81.01876965757103,12.001537931402279,28.666666666666668
19hr_basal,44,7.333333333333333,4,259.5773533621363,21.743564530394668,77.70496814277232,9.194493609978698,28.833333333333332
19hr_basal,45,7.5,4,267.2996733421131,16.697469394119512,85.76969432069676,10.952858866182796,29.0
19hr_basal,46,7.666666666666667,4,266.1037327423661,21.019852415436226,86.92111828898538,11.08466204545445,29.166666666666668
19hr_basal,47,7.833333333333333,4,268.1921901243375,21.797166144027717,88.38131553815083,11.476118870832131,29.333333333333332
19hr_basal,48,8.0,4,266.92961069491633,21.31457130824301,93.15882515086481,12.044548481418879,29.5
19hr_basal,49,8.166666666666666,4,268.55174956374947,22.10436282022962,95.28380624602023,11.305569807151684,29.666666666666664
19hr_basal,50,8.333333333333334,4,280.07107515625916,22.10938936834677,105.31167204427109,14.036762644806576,29.833333333333336
19hr_basal,51,8.5,4,290.71995390885644,24.51781202495782,107.72929558268872,13.248498917636356,30.0
19hr_basal,52,8.666666666666666,4,277.96670493470253,25.386759634177352,107.8131018819612,13.05909251656277,30.166666666666664
19hr_basal,53,8.833333333333334,4,289.6702872132988,31.136751907825893,115.98341619903175,14.596743672346088,30.333333333333336
19hr_basal,54,9.0,4,288.48663353790175,26.582804712406176,120.38875277114356,14.851885413761039,30.5
19hr_basal,55,9.166666666666666,4,290.04887308522706,30.504377927448118,126.18357466233843,15.229668456891646,30.666666666666664
19hr_basal,56,9.333333333333334,4,288.0363648674153,28.20603531245744,127.42238685704518,13.507165931869656,30.833333333333336
19hr_basal,57,9.5,4,288.7403512463751,32.63344464978833,131.26616314231637,15.494508477032397,31.0
19hr_basal,58,9.666666666666666,4,288.6694962629826,31.770983554165625,139.77004050747342,18.07703478350967,31.166666666666664
19hr_basal,59,9.833333333333334,4,286.416551004441,32.418443752233124,141.07375280198553,18.987847391915345,31.333333333333336
19hr_basal,60,10.0,4,286.87775671118766,36.085042145423145,145.03238268419136,18.346993126447007,31.5
19hr_basal,61,10.166666666666666,4,282.33792963561325,29.862974681084317,152.21007516000392,18.304811669623113,31.666666666666664
19hr_basal,62,10.333333333333334,4,279.28293983735773,29.83238132808022,155.35897554586379,22.043150994335935,31.833333333333336
19hr_basal,63,10.5,4,292.2446218861284,32.34791326084171,166.2368251551311,22.497444265845743,32.0
19hr_basal,64,10.666666666666666,4,289.26533801063226,33.054954975019164,167.40575132568148,22.682990176457892,32.166666666666664
19hr_basal,65,10.833333333333334,4,284.26843915384876,29.197682576457552,173.54198395568343,19.918622988255077,32.333333333333336
19hr_basal,66,11.0,4,290.0676548811204,31.88453222152162,182.0646854719841,25.3414141854651,32.5
19hr_basal,67,11.166666666666666,4,286.3455807733123,26.89437835227923,183.4575074913042,23.036855831699675,32.666666666666664
19hr_basal,68,11.333333333333334,4,288.82301399824524,25.638907619830643,192.61684987841107,25.45167485509779,32.833333333333336
19hr_basal,69,11.5,4,283.9735708507895,26.865043595097735,194.71490432987125,26.475642241867675,33.0
19hr_basal,70,11.666666666666666,4,289.5501052851108,26.88537754216506,199.04199347288284,27.613605059622,33.166666666666664
19hr_basal,71,11.833333333333334,4,286.1360597180866,25.065826707730036,204.91250987925275,29.548508949060974,33.333333333333336
19hr_basal,72,12.0,4,290.28737279468834,25.84007298742141,209.81694707691378,29.12192702859572,33.5
19hr_basal,73,12.166666666666666,4,297.99907671473085,28.10418539255546,218.27545163574837,28.250291515906476,33.666666666666664
19hr_basal,74,12.333333333333334,4,302.7313993884126,27.068364604158905,228.90737064644182,28.572155942889598,33.833333333333336
19hr_basal,75,12.5,4,308.543722097259,27.346935199723262,236.64127699580325,24.23847611653262,34.0
19hr_basal,76,12.666666666666666,4,304.0677525243914,26.32088331685779,237.72836393431515,24.8263893637416,34.166666666666664
19hr_basal,77,12.833333333333334,4,302.68754054042034,24.89371458077166,244.1055985359339,25.469677204728093,34.333333333333336
19hr_basal,78,13.0,4,304.9756880292119,23.160700381184718,250.20963285626547,23.931444051187107,34.5
19hr_basal,79,13.166666666666666,4,301.72113347804407,24.663282918016996,253.33729338542736,27.368640261521993,34.666666666666664
19hr_basal,80,13.333333333333334,4,303.9078052917429,26.833003415332158,264.6607454172085,25.708565363407573,34.833333333333336
19hr_basal,81,13.5,4,307.8276206887342,25.16277247548816,275.70638814290703,30.10803487574458,35.0
19hr_basal,82,13.666666666666666,4,313.8411930758885,28.724180124213966,285.04865909902065,31.351053219811856,35.166666666666664
19hr_basal,83,13.833333333333334,4,302.74861144421766,22.81200828910027,279.61257291216117,29.46693745690488,35.333333333333336
19hr_basal,84,14.0,4,309.6940915591226,24.817310352525077,288.38357909849344,28.358223094926583,35.5
19hr_basal,85,14.166666666666666,4,316.90199244991703,24.851958425442636,295.6094764158656,32.72332056559577,35.666666666666664
19hr_basal,86,14.333333333333334,4,324.16489580111715,28.589486635898485,303.72307982572437,30.878937764586414,35.833333333333336
19hr_basal,87,14.5,4,317.71601729095346,24.9757882978826,305.79571629535434,31.95179932640393,36.0
19hr_basal,88,14.666666666666666,4,321.26645854183613,24.49042355397719,318.9577960407338,28.424812531143488,36.166666666666664
19hr_basal,89,14.833333333333334,4,319.30173123903234,26.993311669586635,317.47654187385115,26.67474995759534,36.333333333333336
19hr_basal,90,15.0,4,326.0806116175362,24.08021867068449,326.595696468707,31.488022437458,36.5
19hr_basal,91,15.166666666666666,4,344.2753138275359,35.18935959785049,346.3898666733396,37.30905873619866,36.666666666666664
19hr_basal,92,15.333333333333334,4,339.3899962369065,32.353754599287655,337.9121586977319,33.35421214105631,36.833333333333336
19hr_basal,93,15.5,4,345.92066867025494,34.90898862516335,345.8326332025365,34.88822854418029,37.0
19hr_basal,94,15.666666666666666,4,345.09057309555595,28.879934507569644,347.48552984892626,36.371644969414476,37.166666666666664
19hr_basal,95,15.833333333333334,4,347.63989750029896,30.144378223967603,347.222513991593,31.02916911894633,37.333333333333336
19hr_basal,96,16.0,4,342.07965257882046,34.47599963965979,343.1774071706608,31.269646838865942,37.5
19hr_basal,97,16.166666666666668,4,332.31956772207275,37.011802515687755,334.09620020459766,31.20909278903509,37.66666666666667
19hr_basal,98,16.333333333333332,4,357.8013365302471,37.46405520174467,354.9471190071797,36.03175302275415,37.83333333333333
19hr_basal,99,16.5,4,361.99563931818426,36.1527349520435,359.654184768355,32.12832991155275,38.0
19hr_basal,100,16.666666666666668,4,363.4918330044851,34.393845595793124,366.0407820543973,34.36473067034312,38.16666666666667
19hr_basal,101,16.833333333333332,4,356.8861200826166,37.25360989019839,367.70155390535973,35.39993090943394,38.33333333333333
19hr_basal,102,17.0,4,358.30080211982454,35.55620225591831,359.8963656420611,34.80455386632009,38.5
19hr_basal,103,17.166666666666668,4,365.1236966694871,35.06997664145789,368.41470591420733,31.004608625564934,38.66666666666667
19hr_basal,104,17.333333333333332,4,371.8890502775101,34.143138032430514,377.3117708105415,25.971606760659377,38.83333333333333
19hr_basal,105,17.5,4,368.0480513636941,34.732033779070626,379.47705034512956,29.700006733281494,39.0
19hr_basal,106,17.666666666666668,4,367.4713087319534,35.63041385838491,381.5077092850297,33.92368023615274,39.16666666666667
19hr_basal,107,17.833333333333332,4,388.95936625055793,41.007904330581084,389.65722485836216,30.791725117099453,39.33333333333333
19hr_basal,108,18.0,4,395.5243668967899,45.305564316936405,395.87790583178526,36.60895659948127,39.5
19hr_basal,109,18.166666666666668,4,388.4514777179398,42.17630827716648,400.77441057285984,36.657057617950464,39.66666666666667
19hr_basal,110,18.333333333333332,4,379.957111653409,41.47888329271834,402.6993236858268,31.342711409198095,39.83333333333333
19hr_basal,111,18.5,4,397.3091071039814,48.24133715617684,407.065129298254,34.219839714989476,40.0
19hr_basal,112,18.666666666666668,4,394.76390001811956,44.24284405766289,409.0615918331429,29.39666696998942,40.16666666666667
19hr_basal,113,18.833333333333332,4,408.8144000697608,46.38384271646444,418.369406421646,32.296538575369425,40.33333333333333
19hr_basal,114,19.0,4,401.9176345779258,43.21830004514061,416.8329478718274,29.471319520547162,40.5
19hr_basal,115,19.166666666666668,4,402.96539019863206,36.45263044151612,407.37843535409513,24.14396057013104,40.66666666666667
19hr_basal,116,19.333333333333332,4,411.85111010922435,40.4739928416631,412.91082901105506,25.410651610021585,40.83333333333333
19hr_basal,117,19.5,4,409.82765434750024,39.41657163481968,420.70404947402005,29.49364310787507,41.0
19hr_basal,118,19.666666666666668,4,416.069961550443,45.768269532972276,420.79004545331856,31.358353979870817,41.16666666666667
19hr_basal,119,19.833333333333332,4,407.8209398872811,45.25012084098096,413.6952521343488,29.329946364283554,41.33333333333333
19hr_basal,120,20.0,4,411.6517056198483,46.70686063807097,421.48019511427805,26.452115694051503,41.5
19hr_basal,121,20.166666666666668,4,413.650347070849,44.10870627377912,424.41941443358286,26.13769770597897,41.66666666666667
19hr_basal,122,20.333333333333332,4,421.8170258490389,47.44290556560772,426.7324618798549,31.31783491359246,41.83333333333333
19hr_basal,123,20.5,4,428.446841815642,49.38870848717164,435.75509507471554,31.04781964512248,42.0
19hr_basal,124,20.666666666666668,4,417.16759547014715,46.83965014466291,430.55420813743507,28.505386749023796,42.16666666666667
19hr_basal,125,20.833333333333332,4,425.79302571529263,51.36322927641708,434.6387130612744,32.71719224310456,42.33333333333333
19hr_basal,126,21.0,4,420.3569422115394,50.84370915012521,439.25731790220163,32.440617121964884,42.5
19hr_basal,127,21.166666666666668,4,433.5377636979507,57.07792587164015,448.51089486291585,31.804785070964986,42.66666666666667
19hr_basal,128,21.333333333333332,4,429.5884924001608,50.82869833342451,442.3912561298878,27.975933786357174,42.83333333333333
19hr_basal,129,21.5,4,423.05838482175443,52.27565717046591,439.21181910874947,24.099776112616293,43.0
19hr_basal,130,21.666666666666668,4,417.840820231285,51.36663563858774,433.18149903435585,23.372230712603766,43.16666666666667
19hr_basal,131,21.833333333333332,4,418.3321784768152,53.64862809937423,432.6623227180705,21.316993143463122,43.33333333333333
19hr_basal,132,22.0,4,425.78386174848254,51.9549291955932,434.8133603352715,20.814470919897232,43.5
19hr_basal,133,22.166666666666668,4,431.38393179080117,46.369641984259616,438.2526775301501,19.656344363200407,43.66666666666667
19hr_basal,134,22.333333333333332,4,435.2870725396413,48.68399301514053,440.2983966017033,21.130684428387198,43.83333333333333
19hr_basal,135,22.5,4,435.0121191837346,53.03765141258844,437.09433485701163,22.0798401758892,44.0
19hr_basal,136,22.666666666666668,4,441.52258428166584,60.5795505067999,435.9838254680505,30.48201929459738,44.16666666666667
19hr_basal,137,22.833333333333332,4,434.3674437921952,58.7817958076116,430.1121744718329,25.91436173980506,44.33333333333333
19hr_basal,138,23.0,4,447.06680542186393,58.80786034989204,438.05916899531553,26.12094360726177,44.5
19hr_basal,139,23.166666666666668,4,445.2464620136086,61.504504983164274,439.91098137988445,23.840595707600578,44.66666666666667
19hr_basal,140,23.333333333333332,4,437.41194414789516,62.43591560374494,430.5654436597532,27.71857689988272,44.83333333333333
19hr_basal,141,23.5,4,451.76706844036227,62.60200451933566,436.62780630179225,27.576475320425402,45.0
19hr_basal,142,23.666666666666668,4,445.42942504363,62.69243166045155,431.3138118802205,28.191579830833373,45.16666666666667
19hr_basal,143,23.833333333333332,4,439.92419991878626,59.60742142976438,424.52603004826415,23.501619557282186,45.33333333333333
19hr_basal,144,24.0,4,446.4797920726003,59.279180087818226,428.82371987487846,22.180296991966024,45.5
19hr_basal,145,24.166666666666668,4,435.12714745978786,59.369476935841405,417.37602511491235,23.812630475878738,45.66666666666667
19hr_basal,146,24.333333333333332,4,453.79807898034636,61.714165591348994,427.8357174426603,21.30495937917045,45.83333333333333
19hr_basal,147,24.5,4,437.8018516751031,62.131750054588615,419.6061178614672,21.81633861951641,46.0
19hr_basal,148,24.666666666666668,4,443.91809974581463,62.33960604306134,417.85493627185735,21.979862020988794,46.16666666666667
19hr_basal,149,24.833333333333332,4,439.2351569415929,60.24659213712197,414.0812589983036,22.48507385095207,46.33333333333333
19hr_basal,150,25.0,4,444.5770253738716,57.55736219493654,409.595319976629,21.94348994918403,46.5
19hr_basal,151,25.166666666666668,4,446.2643607159452,57.21785927035415,404.301952924412,21.191623204712414,46.66666666666667
19hr_basal,152,25.333333333333332,4,454.96124822332007,58.31803037021114,409.3274828555608,20.468734899851928,46.83333333333333
19hr_basal,153,25.5,4,447.6277428645336,57.25819823541394,400.69857905973237,23.30094902843389,47.0
19hr_basal,154,25.666666666666668,4,463.88704487252994,59.444417122999184,406.5533602270232,23.34151248759716,47.16666666666667
19hr_basal,155,25.833333333333332,4,466.9667884709942,65.11162406835167,406.2952998802881,22.761031156611715,47.33333333333333
19hr_basal,156,26.0,4,462.86790828613056,60.25793749257252,400.74774560406775,22.172580424263003,47.5
19hr_basal,157,26.166666666666668,4,456.6629519449923,62.46366340096961,399.26437966540834,20.205559467226635,47.66666666666667
19hr_basal,158,26.333333333333332,4,467.13825220321837,59.95771182102401,407.3616016415335,16.95545254675635,47.83333333333333
19hr_basal,159,26.5,4,468.3213243803922,64.71705255708788,414.0229238348839,20.465836200267034,48.0
19hr_basal,160,26.666666666666668,4,469.26838486605163,62.31930105426892,402.8899574776901,16.469774300844517,48.16666666666667
19hr_basal,161,26.833333333333332,4,468.8680711332464,61.35998682107491,408.1817918264736,16.31123027667177,48.33333333333333
19hr_basal,162,27.0,4,467.7150353294343,58.525548297562445,407.01203192700643,14.118469881785785,48.5
19hr_basal,163,27.166666666666668,4,464.08830066040696,57.94777021581556,395.87573451202695,14.393367355064129,48.66666666666667
19hr_basal,164,27.333333333333332,4,458.416329701642,56.35624154947179,384.99488707326185,15.984070201059398,48.83333333333333
19hr_basal,165,27.5,4,480.74712626890505,58.16445203859745,387.15747257603635,13.9594838392314,49.0
19hr_basal,166,27.666666666666668,4,477.6717144726059,58.9192760422657,386.90006294381965,16.842934438586376,49.16666666666667
19hr_basal,167,27.833333333333332,4,479.47334292966536,55.693930906847534,377.5574656006604,16.227389900334966,49.33333333333333
19hr_basal,168,28.0,4,475.63895588123347,55.49528463762014,376.9406332393738,17.873167263859738,49.5
19hr_basal,169,28.166666666666668,4,475.6938101628808,50.516455506352564,376.55160725314147,12.434075296306094,49.66666666666667
19hr_basal,170,28.333333333333332,4,483.29616738245727,56.822585406855175,377.65669766534387,11.82706401927685,49.83333333333333
19hr_basal,171,28.5,4,487.1593710821204,56.829912180028515,373.6989503873638,12.995309794662484,50.0
19hr_basal,172,28.666666666666668,4,483.9698925655893,60.8093809300353,363.84558697898024,14.849330690747049,50.16666666666667
19hr_basal,173,28.833333333333332,4,490.03883785382254,58.394161426353485,363.97997073929764,14.376736571606722,50.33333333333333
19hr_basal,174,29.0,4,494.8066469381775,56.963738531322775,361.4045844622219,12.145319042051266,50.5
19hr_basal,175,29.166666666666668,4,489.506148816114,55.26074027120351,358.2314960393228,13.156046827156686,50.66666666666667
19hr_basal,176,29.333333333333332,4,483.86942669197924,48.62139817608414,353.38174751738046,10.04024851919132,50.83333333333333
19hr_basal,177,29.5,4,502.79135075641227,52.649342863110704,357.7716949125735,9.917316965526554,51.0
19hr_basal,178,29.666666666666668,4,495.0214662292061,49.11740715714004,351.5342765112713,13.172620191895414,51.16666666666667
19hr_basal,179,29.833333333333332,4,495.9902041676895,52.240942631849755,348.39464137178425,12.039659332883145,51.33333333333333
19hr_basal,180,30.0,4,504.4872183903003,55.03024245717747,346.6201447744445,12.824974441573893,51.5
19hr_basal,181,30.166666666666668,4,504.37893954097376,55.5204427267637,349.75983636082356,14.629670783692726,51.66666666666667
19hr_basal,182,30.333333333333332,4,505.64439892221594,51.68944060501581,346.0129282087553,11.597818493542142,51.83333333333333
19hr_basal,183,30.5,4,511.3302169674838,57.583450445940386,346.01747555078714,12.6793352556343,52.0
19hr_basal,184,30.666666666666668,4,497.2996680571532,53.67548842238115,336.032886554172,12.029032990499926,52.16666666666667
19hr_basal,185,30.833333333333332,4,502.8305832358967,49.26820730762253,333.47420388784474,7.188681374676155,52.33333333333333
19hr_basal,186,31.0,4,505.12712054043936,46.63692296197018,340.90926832154395,13.81656124407039,52.5
19hr_basal,187,31.166666666666668,4,517.0786266560746,56.13530207654974,341.4113447855376,9.36311401672001,52.66666666666667
19hr_basal,188,31.333333333333332,4,516.7013239972806,51.52388316319154,338.1755448327093,9.068076548955124,52.83333333333333
19hr_basal,189,31.5,4,518.1612410022489,49.32226368953408,337.370455167127,11.063294705273643,53.0
19hr_basal,190,31.666666666666668,4,517.5511932754769,52.641018300057404,334.43966488453157,10.789750246877306,53.16666666666667
19hr_basal,191,31.833333333333332,4,518.0396029420433,53.86131399496864,333.07092362459355,8.87918346279528,53.33333333333333
19hr_basal,192,32.0,4,506.84989110484213,50.05476405659869,324.47539560326555,12.556673703312413,53.5
19hr_basal,193,32.166666666666664,4,508.24934644251744,53.790941350744546,319.3489331104711,11.99271529114763,53.666666666666664
19hr_basal,194,32.333333333333336,4,516.7991239378304,52.55237067159732,324.8998291374987,12.77941937061462,53.833333333333336
19hr_basal,195,32.5,4,517.1572388583596,49.0630660173352,323.9982118772582,13.858753675578638,54.0
19hr_basal,196,32.666666666666664,4,529.3333112631467,52.53609431466397,321.2286021953687,14.635272872680943,54.166666666666664
19hr_basal,197,32.833333333333336,4,511.74895545571417,52.492836967746435,312.40485553473457,11.257321315966783,54.333333333333336
19hr_basal,198,33.0,4,516.9432195944034,50.43419747608592,312.92363321831283,11.472549196958967,54.5
19hr_basal,199,33.166666666666664,4,505.547864756775,51.15956283880023,300.0812089508524,11.371963079928229,54.666666666666664
19hr_basal,200,33.333333333333336,4,523.4547629547968,50.808452298288614,304.6729055192724,9.038517836287085,54.833333333333336
19hr_basal,201,33.5,4,513.7029811805807,50.533433098466055,303.1408452974616,10.820978919657048,55.0
19hr_basal,202,33.666666666666664,4,503.4386598461533,45.347785656815454,298.4795005338547,12.038346444069695,55.166666666666664
19hr_basal,203,33.833333333333336,4,519.7242220722337,49.50067791599018,300.9750508116948,11.541612389668966,55.333333333333336
19hr_basal,204,34.0,4,524.7835333637038,45.32234604366176,300.3728915202365,11.553829071169297,55.5
19hr_basal,205,34.166666666666664,4,523.0198819184291,45.07745001943639,294.24170846389114,11.092018130748645,55.666666666666664
19hr_basal,206,34.333333333333336,4,525.8440637978485,52.15718134150554,294.4677245777393,9.98863905268953,55.833333333333336
19hr_basal,207,34.5,4,545.4834532248501,48.76534111602815,298.55173522349145,10.131422318881622,56.0
19hr_basal,208,34.666666666666664,4,527.3204542490923,46.80246862889797,290.12039264433196,9.02593458007182,56.166666666666664
19hr_basal,209,34.833333333333336,4,529.9969316196374,47.23995328118462,288.47796848480056,9.810142682295634,56.333333333333336
19hr_basal,210,35.0,4,528.8126203774949,52.80507998805023,288.3772654590803,9.586468572985401,56.5
19hr_basal,211,35.166666666666664,4,531.3695233788903,51.15549582780166,291.55260927911576,11.664453316707247,56.666666666666664
19hr_basal,212,35.333333333333336,4,535.3661698963019,49.73896127029501,288.8215568018078,12.081213622995053,56.833333333333336
19hr_basal,213,35.5,4,533.0703524430214,49.775729996798994,290.8100506548427,13.40888626400684,57.0
19hr_basal,214,35.666666666666664,4,540.078001397651,52.39578464354846,290.8848138960322,11.961611515502986,57.166666666666664
19hr_basal,215,35.833333333333336,4,540.1192729533934,53.18013976044021,288.5844444215993,9.753189233569856,57.333333333333336
19hr_basal,216,36.0,4,535.9708145371767,53.46535181755819,287.03179259402657,8.413108014237883,57.5
19hr_basal,217,36.166666666666664,4,539.320296464349,53.00917773657891,284.72427851784846,8.701570196605987,57.666666666666664
19hr_basal,218,36.333333333333336,4,539.9097420653543,56.83544721282525,280.47593200969936,2.7360861373236323,57.833333333333336
19hr_basal,219,36.5,4,528.6949613237048,49.945972306995834,275.10657093759806,10.5562678096324,58.0
19hr_basal,220,36.666666666666664,4,541.9954489936542,52.03757156469736,279.01460102726327,10.23306519194247,58.166666666666664
19hr_basal,221,36.833333333333336,4,543.3570318852552,54.670958591552775,281.2631851233328,13.0296443722046,58.333333333333336
19hr_basal,222,37.0,4,553.3544976821976,52.851986858452825,276.2474520882777,10.63421837001756,58.5
19hr_basal,223,37.166666666666664,4,553.2495907691498,51.26372473343031,274.16687928490563,11.217573538116495,58.666666666666664
19hr_basal,224,37.333333333333336,4,554.9953243072695,55.23996781348524,274.6265261543836,11.119344846286872,58.833333333333336
19hr_basal,225,37.5,4,548.2468039588446,51.01817840363852,272.4709450336538,10.598395022863494,59.0
19hr_basal,226,37.666666666666664,4,560.7658421586578,58.2170770645924,271.9533765354884,11.15186862045759,59.166666666666664
19hr_basal,227,37.833333333333336,4,559.5675742381903,53.92723604782071,270.9087216677404,11.606689720889944,59.333333333333336
19hr_basal,228,38.0,4,580.7960607335483,58.16839288470626,282.0229725413403,9.563993219424953,59.5
19hr_basal,229,38.166666666666664,4,575.4168340799829,56.41996078867086,268.97827902438985,9.166013414514195,59.666666666666664
19hr_basal,230,38.333333333333336,4,564.7006696799679,59.7590800488148,265.6814937226106,7.178998059114226,59.833333333333336
19hr_basal,231,38.5,4,572.1474643069063,59.34296422134511,267.5896915601816,8.10954138600202,60.0
19hr_basal,232,38.666666666666664,4,573.304157965148,60.5290087825873,266.3020153452347,8.69618759322166,60.166666666666664
19hr_basal,233,38.833333333333336,4,568.5915684600204,61.18308312080006,261.9674008073663,7.934139050760866,60.333333333333336
19hr_basal,234,39.0,4,578.5295841212584,61.48261897507025,263.5606562336312,12.032410424004615,60.5
19hr_basal,235,39.166666666666664,4,592.2609005457555,56.23911574890061,265.6283583629156,12.693488462466563,60.666666666666664
19hr_basal,236,39.333333333333336,4,594.492069253301,58.155057681514386,264.0271584677441,11.614263747660406,60.833333333333336
19hr_basal,237,39.5,4,588.9286289995255,56.78473358312617,260.2867640275813,11.676634930816002,61.0
19hr_basal,238,39.666666666666664,4,582.1251223941038,51.98539837401262,254.02983233996207,12.712235567946562,61.166666666666664
19hr_basal,239,39.833333333333336,4,593.9462484165988,53.25263137559322,257.4966371852937,12.77053156294161,61.333333333333336
19hr_basal,240,40.0,4,593.2224513957735,51.16674462861216,251.72473569850098,12.228379057780444,61.5
19hr_basal,241,40.166666666666664,4,589.6027581153518,51.28191487835278,251.9057150370063,12.1217138782195,61.666666666666664
19hr_basal,242,40.333333333333336,4,592.6986530339148,48.86780490499879,247.20017582900786,13.24702825336923,61.833333333333336
19hr_basal,243,40.5,4,591.0280921489732,52.11054812206481,244.03794294693415,12.402157154254981,62.0
19hr_basal,244,40.666666666666664,4,592.5111759654449,49.509315823991976,246.16597610563423,11.279152455368749,62.166666666666664
19hr_basal,245,40.833333333333336,4,593.7968393025183,51.248579276297875,238.93424761789763,11.463365638782276,62.333333333333336
19hr_basal,246,41.0,4,603.463199640048,55.51800129541675,241.1397039874155,9.561371447386302,62.5
19hr_basal,247,41.166666666666664,4,596.7094340284951,58.420452919133545,237.75870252503955,9.753873489526878,62.666666666666664
19hr_basal,248,41.333333333333336,4,609.9260170499466,60.618060533892226,238.1492771797446,10.848105606880782,62.833333333333336
19hr_basal,249,41.5,4,602.5705708613307,51.970815941681586,232.14711750588884,14.41292924808534,63.0
19hr_basal,250,41.666666666666664,4,605.7416688118037,49.8133684899726,231.80315732751183,14.396475945312282,63.166666666666664
19hr_basal,251,41.833333333333336,4,600.2259559805154,50.10033706912276,232.06402621602578,15.175899932935792,63.333333333333336
19hr_basal,252,42.0,4,582.1702833630171,49.17911258302096,221.57403714437024,15.686277790684171,63.5
19hr_basal,253,42.166666666666664,4,590.5704261504968,49.02457430934702,224.48197217383097,14.394622818340341,63.666666666666664
19hr_basal,254,42.333333333333336,4,599.1831754748874,54.118517020669074,225.39274810898542,13.96694612846982,63.833333333333336
19hr_basal,255,42.5,4,586.823015863815,53.99994447887433,222.15529908816413,13.358357495969926,64.0
19hr_basal,256,42.666666666666664,4,599.7396932605465,57.67785143030551,222.7598478960478,10.559621917176516,64.16666666666666
19hr_basal,257,42.833333333333336,4,590.9315494355868,56.176151138518804,216.98647111360594,11.724280717182607,64.33333333333334
19hr_basal,258,43.0,4,589.4040971437311,59.30177360205121,217.28079229771396,10.56741059090797,64.5
19hr_basal,259,43.166666666666664,4,597.7624388628321,58.33514828793002,218.00509688089437,13.74026300078326,64.66666666666666
19hr_basal,260,43.333333333333336,4,594.7648507631034,57.03084277131394,217.47533133645516,13.730667151935926,64.83333333333334
19hr_basal,261,43.5,4,599.0380349430881,56.22533373473941,217.14728967958547,12.371500221593678,65.0
19hr_basal,262,43.666666666666664,4,586.5472219577504,54.3456906927727,213.37321858432176,10.548313024957393,65.16666666666666
19hr_basal,263,43.833333333333336,4,584.0721777981854,49.51322060451595,212.97354479339532,12.449917163965566,65.33333333333334
19hr_basal,264,44.0,4,580.650613813569,46.85123724431584,212.53111441782914,12.94858286500922,65.5
19hr_basal,265,44.166666666666664,4,586.8474535286792,51.51467891345707,213.0934530263079,12.990006712527972,65.66666666666666
19hr_basal,266,44.333333333333336,4,576.9484095985562,50.61360017387524,207.26364866402844,12.983266578587623,65.83333333333334
19hr_basal,267,44.5,4,576.5609253022238,49.372818943553256,206.9164406763153,12.939050538388354,66.0
19hr_basal,268,44.666666666666664,4,583.716501006129,45.13337919699709,203.11379304195287,13.373482654561224,66.16666666666666
19hr_basal,269,44.833333333333336,4,576.2334023161885,47.022444979575354,202.24088882779972,12.853453988909449,66.33333333333334
19hr_basal,270,45.0,4,582.9559782668321,44.504575827364306,205.60379633922102,12.332905096259907,66.5
19hr_basal,271,45.166666666666664,4,588.4494587582205,49.24309779853408,199.4859033114706,12.52855794469193,66.66666666666666
19hr_basal,272,45.333333333333336,4,593.8308013305457,44.14883330998263,209.1998666663396,13.956604021546477,66.83333333333334
19hr_basal,273,45.5,4,591.3965630092662,49.92432635627699,203.97339327314725,10.771975927132685,67.0
19hr_basal,274,45.666666666666664,4,580.0834632780306,50.6912319341953,201.32095822202405,9.404902835757412,67.16666666666666
19hr_basal,275,45.833333333333336,4,584.6679170174564,49.03184386131504,202.9078001757291,9.897994443206485,67.33333333333334
19hr_basal,276,46.0,4,591.3797248226911,48.47187747475993,200.97379247732695,10.151636146268174,67.5
19hr_basal,277,46.166666666666664,4,577.4740551956404,42.21274856953616,200.07027585331534,10.844089027828316,67.66666666666666
19hr_basal,278,46.333333333333336,4,575.4650465333102,46.19006204911402,197.0761137101061,8.791976803874102,67.83333333333334
19hr_basal,279,46.5,4,582.8627747247169,56.095087366516964,193.1937938751147,8.624252802907975,68.0
19hr_basal,280,46.666666666666664,4,578.6662754463573,46.28717837307441,193.48014502317358,11.27074525116339,68.16666666666666
19hr_basal,281,46.833333333333336,4,583.4553787264083,52.91784090997754,196.6420169143399,9.287681982599668,68.33333333333334
19hr_basal,282,47.0,4,585.5255207607356,47.41413402783984,198.67874222853624,10.277140077492795,68.5
19hr_basal,283,47.166666666666664,4,584.3097155623601,49.29709162335652,193.37677436283263,9.562678481641392,68.66666666666666
19hr_basal,284,47.333333333333336,4,582.250151399626,45.37583289210846,193.0024225993493,12.126577770516331,68.83333333333334
19hr_basal,285,47.5,4,586.602078646763,54.53870328640888,191.28485369291917,10.93125926067088,69.0
19hr_basal,286,47.666666666666664,4,586.4018653928878,51.386849419217796,190.75448427192075,11.586491908591112,69.16666666666666
19hr_basal,287,47.833333333333336,4,572.5838326078832,50.37981105414967,193.21754513842436,10.82623896775824,69.33333333333334
19hr_basal,288,48.0,4,579.332078582785,50.01024548376725,188.50303443944824,10.744148143223157,69.5
19hr_basal,289,48.166666666666664,4,583.4066622249052,55.604904746880784,191.71260060786602,11.381526853859125,69.66666666666666
19hr_basal,290,48.333333333333336,4,577.1791314381164,53.05441717196811,189.3961396466359,9.564581649664202,69.83333333333334
19hr_basal,291,48.5,4,586.7459445766979,50.206919855026285,192.57735983107762,10.368401638776497,70.0
19hr_basal,292,48.666666666666664,4,583.7999729527186,55.3645108210072,189.00583375147335,7.6805655627367955,70.16666666666666
19hr_basal,293,48.833333333333336,4,577.6535806960437,54.395701645935446,192.10587201485635,9.923269892132897,70.33333333333334
19hr_basal,294,49.0,4,587.0962536776286,56.6195554666436,193.08194342591236,8.223015052243039,70.5
19hr_basal,295,49.166666666666664,4,584.290959565767,53.864193052557624,190.75275944988798,9.242199073257936,70.66666666666666
19hr_basal,296,49.333333333333336,4,580.2608917034347,49.831480284313535,187.66744282258176,7.91388839987784,70.83333333333334
19hr_basal,297,49.5,4,577.7632975860239,56.01663441983771,185.64280054164522,7.558079942137955,71.0
19hr_basal,298,49.666666666666664,4,587.6736003640398,53.60414717367028,190.0698817915703,7.405800071077068,71.16666666666666
19hr_basal,299,49.833333333333336,4,569.2707403660643,57.70350070305043,184.0040663731567,6.109581177134637,71.33333333333334
19hr_d1,0,0.0,4,80.20546335403837,6.777245056411246,35.67200039873257,1.796059400647461,21.5
19hr_d1,1,0.1666666666666666,4,88.55634099032942,7.693293304015488,33.96115676161405,1.2769900578664442,21.666666666666668
19hr_d1,2,0.3333333333333333,4,89.9598577403941,3.9373105835756315,34.12900416856551,1.2405596209815006,21.833333333333332
19hr_d1,3,0.5,4,96.16266826550766,7.773301535549905,34.318534511345916,1.225414548584751,22.0
19hr_d1,4,0.6666666666666666,4,97.22198549718993,8.96087000780924,34.227701423062044,1.0586780384266388,22.166666666666668
19hr_d1,5,0.8333333333333334,4,102.61995933768533,7.167173942029885,35.05138064884154,1.8728618905195569,22.333333333333332
19hr_d1,6,1.0,4,96.67676937600608,8.256178071332286,34.93324514451385,1.1971739566467547,22.5
19hr_d1,7,1.1666666666666667,4,104.35626041823483,3.7687222154818083,35.493641262211796,1.8080278643275183,22.666666666666668
19hr_d1,8,1.3333333333333333,4,117.77652987216932,9.594917304007883,36.20405840630778,1.4755098157475544,22.833333333333332
19hr_d1,9,1.5,4,116.3061603231566,7.629675898061175,36.82767188631111,1.4086133624166022,23.0
19hr_d1,10,1.6666666666666667,4,106.477695112118,4.032800776730248,36.53489415450097,1.7279498563028421,23.166666666666668
19hr_d1,11,1.8333333333333333,4,114.28717978910262,3.7051558062658287,36.85594199516899,1.5865073139724484,23.333333333333332
19hr_d1,12,2.0,4,123.93437013000778,4.675128480846582,36.96216734563803,1.2285365599337355,23.5
19hr_d1,13,2.1666666666666665,4,131.92624523183136,5.472077096441879,36.598126720571045,0.7999782478237052,23.666666666666668
19hr_d1,14,2.3333333333333335,4,138.73700397531337,9.53366342533368,37.81642201605476,2.179070354554185,23.833333333333332
19hr_d1,15,2.5,4,137.82682023015127,6.450723388974452,37.20575430918958,1.3887422015467032,24.0
19hr_d1,16,2.6666666666666665,4,145.506401180886,7.502804964835262,38.29448214765691,1.3172220984156522,24.166666666666668
19hr_d1,17,2.8333333333333335,4,144.02677782865703,12.412383468170484,37.89258165795306,1.5081382841243502,24.333333333333332
19hr_d1,18,3.0,4,141.0686671105941,9.413972606201241,38.18442443972216,1.564984027068733,24.5
19hr_d1,19,3.1666666666666665,4,150.8586753745301,2.890459416331152,39.27387464959295,2.192131300351129,24.666666666666668
19hr_d1,20,3.3333333333333335,4,156.55052027364428,3.535944217688804,39.51816757931155,2.0195275564948205,24.833333333333332
19hr_d1,21,3.5,4,159.27973617091084,12.111584519379635,40.440714927113724,1.7172645716654262,25.0
19hr_d1,22,3.6666666666666665,4,171.15977421581542,17.039463872764795,41.127107580616766,1.0737627945478365,25.166666666666668
19hr_d1,23,3.8333333333333335,4,161.02934675500083,8.892394247398945,41.26550929344792,1.5388628154910038,25.333333333333332
19hr_d1,24,4.0,4,175.9290004678583,21.147257736817178,41.526680546497566,1.1591197820299337,25.5
19hr_d1,25,4.166666666666667,4,188.4006407942013,19.310870550306216,41.84535346247151,1.1883825744686092,25.666666666666668
19hr_d1,26,4.333333333333333,4,177.91030678599893,16.289455189021176,42.39718089914487,0.6037763487934719,25.833333333333332
19hr_d1,27,4.5,4,177.20281001214116,15.78046430233754,42.826506488089585,0.39674141306300864,26.0
19hr_d1,28,4.666666666666667,4,194.3198367345583,21.179094049600586,44.20981229221083,1.3501202055318282,26.166666666666668
19hr_d1,29,4.833333333333333,4,195.6943244463162,16.863767427063944,45.43295737947355,0.9440848487547572,26.333333333333332
19hr_d1,30,5.0,4,189.94422949810024,7.67100101709148,44.27164193735241,1.8374385152261432,26.5
19hr_d1,31,5.166666666666667,4,191.7963742265336,10.008315251213176,45.05333280920785,1.172239913166201,26.666666666666668
19hr_d1,32,5.333333333333333,4,194.9295577271529,18.094352830573293,46.388636310927566,2.314885102152307,26.833333333333332
19hr_d1,33,5.5,4,191.25177399073692,13.707741873993967,45.54234046190017,1.495732732375645,27.0
19hr_d1,34,5.666666666666667,4,212.51056261457697,13.835487390887845,46.65484711409353,2.2725888081747927,27.166666666666668
19hr_d1,35,5.833333333333333,4,203.1265407156668,11.47910084179504,45.76952218104625,1.6517847716741996,27.333333333333332
19hr_d1,36,6.0,4,211.99702542434136,16.15964617575288,48.05242375351507,1.0507644224747863,27.5
19hr_d1,37,6.166666666666667,4,211.72397801244958,10.807067101564412,48.395078856613544,2.051965375804559,27.666666666666668
19hr_d1,38,6.333333333333333,4,214.23223413748894,14.97241655850769,50.61471762749984,1.397696131916953,27.833333333333332
19hr_d1,39,6.5,4,217.36875783985352,11.391142460339358,49.57461462108011,1.9014234541544095,28.0
19hr_d1,40,6.666666666666667,4,218.2367924274452,8.377775391474744,50.58287551057242,0.9040316068422064,28.166666666666668
19hr_d1,41,6.833333333333333,4,220.5565124576268,15.856207791047703,51.376242970445425,1.9645365782189432,28.333333333333332
19hr_d1,42,7.0,4,222.2272186443176,16.84275142715086,52.47632031114992,2.016025557157907,28.5
19hr_d1,43,7.166666666666667,4,221.17061590957766,15.876450060755621,53.00018785424982,0.9639216968434227,28.666666666666668
19hr_d1,44,7.333333333333333,4,231.50888236758516,20.54288360770954,55.37329576500942,2.3468137888179976,28.833333333333332
19hr_d1,45,7.5,4,222.6595754294276,17.382850898344856,54.854310896895,1.518195235909871,29.0
19hr_d1,46,7.666666666666667,4,226.40595812623894,20.388598302502448,54.75869044146852,2.1479806306613507,29.166666666666668
19hr_d1,47,7.833333333333333,4,230.04139612734969,14.761424096638109,56.97306087430671,0.5444049868940045,29.333333333333332
19hr_d1,48,8.0,4,236.7842281380386,22.16493991712539,59.22302137920967,2.6142018410227097,29.5
19hr_d1,49,8.166666666666666,4,237.66166958574345,14.002266047914409,62.122401734531486,2.0052335986749137,29.666666666666664
19hr_d1,50,8.333333333333334,4,245.93404478829575,26.04144619883865,62.86691087587677,2.470397053931862,29.833333333333336
19hr_d1,51,8.5,4,243.03786607755686,20.04938690838185,66.22159269617866,1.5135708925200178,30.0
19hr_d1,52,8.666666666666666,4,244.9746339966277,23.533519802479404,65.60973446457484,1.7301939216360664,30.166666666666664
19hr_d1,53,8.833333333333334,4,232.7794503100426,25.130011654981477,65.0436962553228,3.0096749334298987,30.333333333333336
19hr_d1,54,9.0,4,240.10536995631855,24.63634167721904,66.25596339971423,3.1321049258346543,30.5
19hr_d1,55,9.166666666666666,4,239.05873565760538,24.518444371088087,69.56053917275052,3.0356130490915203,30.666666666666664
19hr_d1,56,9.333333333333334,4,245.40807489598794,24.419237381047193,71.91352517088619,2.666863409771276,30.833333333333336
19hr_d1,57,9.5,4,249.15663799679976,25.781932372070052,74.266273074244,2.7969288361601783,31.0
19hr_d1,58,9.666666666666666,4,248.91414281657688,24.312529723178812,74.74236936163113,2.0362986428459626,31.166666666666664
19hr_d1,59,9.833333333333334,4,240.11715091305695,29.325628542582592,75.78197482070168,2.826769971076513,31.333333333333336
19hr_d1,60,10.0,4,251.36371665284344,27.21139085474352,77.45303801667195,3.493417148328926,31.5
19hr_d1,61,10.166666666666666,4,251.33687159196245,35.23354095273492,78.62273971082391,5.148621509260727,31.666666666666664
19hr_d1,62,10.333333333333334,4,248.05788635155153,28.552233358751277,81.14228461114787,4.195336896568706,31.833333333333336
19hr_d1,63,10.5,4,256.7053975267098,24.882840724887117,84.85819465470112,2.4069815017074587,32.0
19hr_d1,64,10.666666666666666,4,260.6561219891897,30.351565402738306,88.8682599889096,3.8358166317523454,32.166666666666664
19hr_d1,65,10.833333333333334,4,261.30900909962946,25.13546513360071,91.57612080541037,3.9028688405160934,32.333333333333336
19hr_d1,66,11.0,4,262.8126082883573,26.255574478375767,93.72452011065661,4.405112314715591,32.5
19hr_d1,67,11.166666666666666,4,261.71451650039296,29.270691722575474,94.8269562581308,4.784038113639691,32.666666666666664
19hr_d1,68,11.333333333333334,4,261.81904635011995,29.00665340063292,96.21615733618695,4.990030436291549,32.833333333333336
19hr_d1,69,11.5,4,258.58829166668784,20.990042514142292,97.51180690351688,4.221984070015003,33.0
19hr_d1,70,11.666666666666666,4,259.47346901726405,21.37770905416139,102.7730564300511,3.0059665448204687,33.166666666666664
19hr_d1,71,11.833333333333334,4,269.3959516064493,23.307789865090463,105.59262620430361,5.831893226838289,33.333333333333336
19hr_d1,72,12.0,4,265.7795674680706,21.64793738555022,107.15881019360609,7.205154241969866,33.5
19hr_d1,73,12.166666666666666,4,269.9403858389877,22.881146534308034,110.66065273540607,7.275020714471444,33.666666666666664
19hr_d1,74,12.333333333333334,4,274.1282463730929,22.74559413445762,118.25510011453105,7.756235395337593,33.833333333333336
19hr_d1,75,12.5,4,269.58434630962074,23.00195774228889,118.43069727818059,8.868329256036084,34.0
19hr_d1,76,12.666666666666666,4,275.4298372868284,20.40943677364673,123.58439334500045,8.382682066094443,34.166666666666664
19hr_d1,77,12.833333333333334,4,270.58410661622077,24.75255400425636,124.46175205776515,10.32630967064392,34.333333333333336
19hr_d1,78,13.0,4,268.9578120821433,24.016408815455748,124.54927514867683,12.102160035333698,34.5
19hr_d1,79,13.166666666666666,4,268.08659074243633,25.099573874379765,125.95151858523064,12.569004079720429,34.666666666666664
19hr_d1,80,13.333333333333334,4,269.6031867000142,24.414105779063348,131.67031334865123,12.858087746586396,34.833333333333336
19hr_d1,81,13.5,4,266.32062069364,23.257348248517197,131.86934919132398,11.733969262189778,35.0
19hr_d1,82,13.666666666666666,4,264.62228580345493,22.12972987182909,133.1325373474719,10.919662090635724,35.166666666666664
19hr_d1,83,13.833333333333334,4,269.2059555362031,28.734818143653737,137.08984634101182,12.77318024921284,35.333333333333336
19hr_d1,84,14.0,4,269.39861720903343,28.808030965104575,139.43130490002667,13.409151362880902,35.5
19hr_d1,85,14.166666666666666,4,274.81246926651994,26.06522847639261,144.71175860904444,10.928716697712815,35.666666666666664
19hr_d1,86,14.333333333333334,4,278.18522221886604,27.128078240973895,144.3315297284287,11.95589410573539,35.833333333333336
19hr_d1,87,14.5,4,293.9674555590593,27.32191956284664,150.37018611407015,12.795742442377048,36.0
19hr_d1,88,14.666666666666666,4,287.82891131134727,28.06836948817422,151.18729208525752,14.286118817028933,36.166666666666664
19hr_d1,89,14.833333333333334,4,290.9166639572056,32.41298345861382,154.17045955942694,13.911233835745278,36.333333333333336
19hr_d1,90,15.0,4,286.41339120848903,27.30431517719196,155.19051815034862,14.273572392782985,36.5
19hr_d1,91,15.166666666666666,4,281.00896650538436,30.507110030220925,153.39457832427183,12.792347391728713,36.666666666666664
19hr_d1,92,15.333333333333334,4,297.01959256863967,30.673286145485413,161.32528535529116,12.508877839911511,36.833333333333336
19hr_d1,93,15.5,4,289.3878243211306,30.80832429241429,161.91953456718045,14.836468903233207,37.0
19hr_d1,94,15.666666666666666,4,300.0999183372684,32.133114046873054,169.5466437608904,14.930961922353594,37.166666666666664
19hr_d1,95,15.833333333333334,4,300.0974316857886,31.662347226910462,171.8432186512291,14.145992619743312,37.333333333333336
19hr_d1,96,16.0,4,296.8362183633054,33.36616970062921,171.83641172392652,15.70526825398734,37.5
19hr_d1,97,16.166666666666668,4,302.0192775561535,32.56381580549684,177.62122185992186,18.170860163873563,37.66666666666667
19hr_d1,98,16.333333333333332,4,300.61646112075124,31.98967399442236,175.53749323930072,16.191567332930518,37.83333333333333
19hr_d1,99,16.5,4,295.24363244058384,25.567786957377415,172.3925613690822,13.747752150004965,38.0
19hr_d1,100,16.666666666666668,4,309.60021753230336,27.43312550545871,182.27287854020963,14.102216371041266,38.16666666666667
19hr_d1,101,16.833333333333332,4,304.57312467317007,26.297541826196785,179.07426033113245,13.101118465125078,38.33333333333333
19hr_d1,102,17.0,4,305.09201635739356,30.67875042003962,180.97608427428395,15.970639987695565,38.5
19hr_d1,103,17.166666666666668,4,312.6041471265937,32.974181491566526,185.42497270888146,16.547942571489042,38.66666666666667
19hr_d1,104,17.333333333333332,4,309.46507751226653,32.23189407646028,186.2346871118231,16.638855531910988,38.83333333333333
19hr_d1,105,17.5,4,315.1968039103397,33.34463348492523,189.67686865441,18.24516109998848,39.0
19hr_d1,106,17.666666666666668,4,311.3385828242104,31.17916845789009,187.0461092878891,15.790536298518647,39.16666666666667
19hr_d1,107,17.833333333333332,4,312.82932025694515,30.942151256845545,189.99896516469423,17.291357215144373,39.33333333333333
19hr_d1,108,18.0,4,325.7111848837693,30.935865752015413,192.4581477102193,17.2917968453097,39.5
19hr_d1,109,18.166666666666668,4,331.4656253913333,32.98526414849949,197.6280668180801,19.658881977832408,39.66666666666667
19hr_d1,110,18.333333333333332,4,335.3767607608049,36.15676081067142,198.84497308285685,19.052209753234692,39.83333333333333
19hr_d1,111,18.5,4,342.10886831228805,32.677898730330135,205.65850353550377,19.552489770910462,40.0
19hr_d1,112,18.666666666666668,4,332.9358749831866,30.76686908095848,197.8465574256475,20.81899454401053,40.16666666666667
19hr_d1,113,18.833333333333332,4,336.95689940003865,29.860657645837104,198.24148490757042,17.262476857822424,40.33333333333333
19hr_d1,114,19.0,4,331.2404922054287,30.444728155752657,199.57487308228332,18.88476174423425,40.5
19hr_d1,115,19.166666666666668,4,339.27672562123723,32.1352562982224,202.5384436560393,20.38499338784826,40.66666666666667
19hr_d1,116,19.333333333333332,4,339.3090879519733,30.69249939337282,204.55698259596005,20.219708093825766,40.83333333333333
19hr_d1,117,19.5,4,338.03103969859217,34.11776726485294,202.28320671510676,22.19260109480726,41.0
19hr_d1,118,19.666666666666668,4,345.43499070109453,35.039615806828934,208.5696774498079,22.837862063835587,41.16666666666667
19hr_d1,119,19.833333333333332,4,348.5958331944363,37.59654868507512,207.1951030590469,24.463870157996308,41.33333333333333
19hr_d1,120,20.0,4,343.6132798809961,31.300546146274144,207.9191454652214,22.572312691703793,41.5
19hr_d1,121,20.166666666666668,4,352.45264415279576,37.87032668040634,211.553255842477,25.372115731213658,41.66666666666667
19hr_d1,122,20.333333333333332,4,349.11423684880873,35.05629664558396,214.21522045376122,25.90048234332094,41.83333333333333
19hr_d1,123,20.5,4,353.2008510519476,38.32110626699294,214.1388557020802,25.530492319368836,42.0
19hr_d1,124,20.666666666666668,4,353.17225704851137,39.73830099259054,214.17526117026912,26.10028787331299,42.16666666666667
19hr_d1,125,20.833333333333332,4,343.9747273933086,34.2786067994171,208.0040033424027,22.73149232684737,42.33333333333333
19hr_d1,126,21.0,4,355.110233655362,37.391678750733846,213.55266451956265,24.30204885451037,42.5
19hr_d1,127,21.166666666666668,4,370.27593698205595,40.1621292600707,217.61955547995973,24.423847533178606,42.66666666666667
19hr_d1,128,21.333333333333332,4,362.8999295611794,39.07900304217481,216.01496970791038,24.646352153287626,42.83333333333333
19hr_d1,129,21.5,4,370.23425905710246,40.33390642144167,217.96935070211947,25.768065823991332,43.0
19hr_d1,130,21.666666666666668,4,373.9809684832565,42.09709853321376,221.57648853905877,26.31867614026982,43.16666666666667
19hr_d1,131,21.833333333333332,4,373.021278105071,40.86468155302264,215.51066109268592,25.67024258495614,43.33333333333333
19hr_d1,132,22.0,4,384.7179081072556,42.11758738328093,220.96065687360831,24.197526316740177,43.5
19hr_d1,133,22.166666666666668,4,379.1035813003365,39.70764058561725,220.45389230086434,25.758619803977144,43.66666666666667
19hr_d1,134,22.333333333333332,4,377.8366810484549,41.50789293634281,217.23892591420812,24.28933345656272,43.83333333333333
19hr_d1,135,22.5,4,390.5064127583156,44.87718437240267,221.34110798172753,24.399600469764863,44.0
19hr_d1,136,22.666666666666668,4,393.8111627356323,43.76430004652196,226.06070320303735,25.077744019105694,44.16666666666667
19hr_d1,137,22.833333333333332,4,393.21200226159925,42.52289769601556,225.0043110761144,27.58410523721818,44.33333333333333
19hr_d1,138,23.0,4,405.66466771725516,46.82334443188561,229.94481920338052,29.48728899719299,44.5
19hr_d1,139,23.166666666666668,4,404.7252889260878,47.66817786512876,229.00090942501413,29.07556701963785,44.66666666666667
19hr_d1,140,23.333333333333332,4,400.8996235053656,45.06687801110001,225.16002496077746,27.91506264523233,44.83333333333333
19hr_d1,141,23.5,4,410.9241884851536,43.857741516379505,229.8686460825908,27.678256449350723,45.0
19hr_d1,142,23.666666666666668,4,420.53686683106514,45.5553431686611,228.38523632820187,28.84694925190215,45.16666666666667
19hr_d1,143,23.833333333333332,4,415.4955393164992,47.23252267042697,224.6958976175302,27.850826972125613,45.33333333333333
19hr_d1,144,24.0,4,416.40387325774736,50.264881559077935,224.479296268079,28.802028753848784,45.5
19hr_d1,145,24.166666666666668,4,429.6690195549332,49.30753531000794,228.1366401788402,29.046035628745347,45.66666666666667
19hr_d1,146,24.333333333333332,4,429.77394584494004,48.823561106483204,226.46765603809726,29.468586483274155,45.83333333333333
19hr_d1,147,24.5,4,435.04402406355524,46.14888845847329,224.76571348427655,29.266864134933286,46.0
19hr_d1,148,24.666666666666668,4,447.138453241935,44.84611181436376,226.30052818692485,30.31201595590692,46.16666666666667
19hr_d1,149,24.833333333333332,4,442.85483581451354,43.63659623243172,222.64683326416147,27.899207599317926,46.33333333333333
19hr_d1,150,25.0,4,448.4203204851288,46.03573884729829,224.34633590279714,29.766625665397807,46.5
19hr_d1,151,25.166666666666668,4,455.81991301778214,45.33595678419079,223.877718896576,30.87093937574213,46.66666666666667
19hr_d1,152,25.333333333333332,4,448.5914555052632,48.517024301067046,217.46444770140425,26.916355106963042,46.83333333333333
19hr_d1,153,25.5,4,456.74582013842803,45.70448670534427,219.83093211880532,28.892479268302612,47.0
19hr_d1,154,25.666666666666668,4,463.91678177841186,46.44696617991596,223.21465768813815,25.475850801363215,47.16666666666667
19hr_d1,155,25.833333333333332,4,472.2082682308213,44.18095971537545,224.56837843587167,26.80025346496815,47.33333333333333
19hr_d1,156,26.0,4,471.15051168022524,45.33385301725046,221.64381485636224,28.008493622818044,47.5
19hr_d1,157,26.166666666666668,4,476.04462401377253,49.23798069585974,218.96640859320502,28.727260527118467,47.66666666666667
19hr_d1,158,26.333333333333332,4,483.302968035083,50.70750884249008,218.63058701278646,28.380275986954125,47.83333333333333
19hr_d1,159,26.5,4,489.8493520408754,52.93011340012197,219.5589484306891,27.938289849865377,48.0
19hr_d1,160,26.666666666666668,4,498.48946861995785,51.95145956912407,220.54949755458267,27.59221684753813,48.16666666666667
19hr_d1,161,26.833333333333332,4,492.0456328100506,47.26889655006107,214.75365491805366,26.010968102828922,48.33333333333333
19hr_d1,162,27.0,4,497.36010289193564,45.68321661442782,214.9033877664982,25.74642451507313,48.5
19hr_d1,163,27.166666666666668,4,499.03476178563307,47.99289756483456,215.7135126318774,27.362978295081646,48.66666666666667
19hr_d1,164,27.333333333333332,4,507.7387900349517,51.15204520890123,213.0475586739907,23.55750903776196,48.83333333333333
19hr_d1,165,27.5,4,521.5302642167326,45.851056346817074,214.76321934716583,24.96994988034008,49.0
19hr_d1,166,27.666666666666668,4,537.1563470129261,48.090284722861504,215.67491386717177,26.841921733707494,49.16666666666667
19hr_d1,167,27.833333333333332,4,541.9469479765417,45.45609933488327,217.7790121446431,28.55831154934745,49.33333333333333
19hr_d1,168,28.0,4,549.4650534461985,48.52322461868532,215.66310912972858,27.03074696570255,49.5
19hr_d1,169,28.166666666666668,4,546.1135950320255,52.19844974942587,209.11391194789869,24.718257216247594,49.66666666666667
19hr_d1,170,28.333333333333332,4,555.5006089061754,47.02192721777698,210.44669175362463,26.32504082524751,49.83333333333333
19hr_d1,171,28.5,4,563.3748025516693,51.73678285395206,210.9158832473121,25.76322618702134,50.0
19hr_d1,172,28.666666666666668,4,570.4963288490723,53.01026643322378,206.6853935602461,26.25790207378491,50.16666666666667
19hr_d1,173,28.833333333333332,4,565.6716475861167,48.601641875678354,206.0091850300455,27.83224343094681,50.33333333333333
19hr_d1,174,29.0,4,577.7540764185403,45.42443142032099,210.7019513139732,25.174500615134686,50.5
19hr_d1,175,29.166666666666668,4,573.7815799997986,49.1422054041972,207.41492026437263,26.278111746444985,50.66666666666667
19hr_d1,176,29.333333333333332,4,580.6140147578966,51.00390062904873,207.7371206229146,25.118717693588877,50.83333333333333
19hr_d1,177,29.5,4,585.6628523928212,44.60015692416283,208.9380294772019,24.47755266136262,51.0
19hr_d1,178,29.666666666666668,4,595.7668916767734,44.098605927067126,210.9717812259358,26.742022338254436,51.16666666666667
19hr_d1,179,29.833333333333332,4,606.074509071643,46.183948962291346,207.2307121979951,25.036423811779066,51.33333333333333
19hr_d1,180,30.0,4,612.5343680058909,49.293004314873414,208.42287277526157,25.2145452511517,51.5
19hr_d1,181,30.166666666666668,4,611.2933591402413,48.09570843311875,205.1258981204871,25.66656667607643,51.66666666666667
19hr_d1,182,30.333333333333332,4,623.6787978223488,50.30873742567275,206.05254764175555,25.551206436133562,51.83333333333333
19hr_d1,183,30.5,4,622.7130502499838,47.14188905146853,206.90576910531365,25.982182561727,52.0
19hr_d1,184,30.666666666666668,4,624.7464203198191,54.54414146454641,204.82509151887348,25.12035913592352,52.16666666666667
19hr_d1,185,30.833333333333332,4,604.9115576380702,48.926682727399296,192.48754477653463,22.118729916206746,52.33333333333333
19hr_d1,186,31.0,4,640.2460772561506,49.13793724811344,202.94457604511473,23.876707247543088,52.5
19hr_d1,187,31.166666666666668,4,640.926766856566,51.4363905365664,201.5937913724223,22.6767943001093,52.66666666666667
19hr_d1,188,31.333333333333332,4,659.6382496367603,50.10521227151444,203.08298259061684,23.685047922775972,52.83333333333333
19hr_d1,189,31.5,4,653.520628495708,51.095385135622365,199.42058130987718,22.284880706395693,53.0
19hr_d1,190,31.666666666666668,4,651.8919289559499,55.940339004246454,194.9520100449546,22.001032739476962,53.16666666666667
19hr_d1,191,31.833333333333332,4,667.9352039430757,48.762035305719834,196.82925440160554,22.040468405943002,53.33333333333333
19hr_d1,192,32.0,4,654.6779459594572,50.8444680671017,194.9948682568057,22.059444813945824,53.5
19hr_d1,193,32.166666666666664,4,661.612265843747,49.56202414992003,192.95250040337274,20.816656369371916,53.666666666666664
19hr_d1,194,32.333333333333336,4,671.667987557023,53.00502761478353,192.61478801415694,19.861450495184428,53.833333333333336
19hr_d1,195,32.5,4,674.5419854787428,53.08654135863879,194.1621143198969,21.35195587186691,54.0
19hr_d1,196,32.666666666666664,4,686.911274448247,49.12850416788657,196.6447107661345,21.762329915595977,54.166666666666664
19hr_d1,197,32.833333333333336,4,664.1347585986331,51.574143237413075,189.31886099367023,21.431599167756417,54.333333333333336
19hr_d1,198,33.0,4,675.8385602741572,49.84840504241962,189.9059426258628,20.274347467628047,54.5
19hr_d1,199,33.166666666666664,4,676.1659264654874,51.26987785361823,191.04463886754436,22.098852757284458,54.666666666666664
19hr_d1,200,33.333333333333336,4,663.4590489150394,48.64847583792627,180.9770248711863,20.150561215167844,54.833333333333336
19hr_d1,201,33.5,4,669.9174357373319,49.12713916226932,182.8159668410938,19.580356592574027,55.0
19hr_d1,202,33.666666666666664,4,673.858984282608,51.61630506063177,182.08290517881318,19.947815308374043,55.166666666666664
19hr_d1,203,33.833333333333336,4,681.7866066469413,47.465225628050796,183.43152330449732,20.003919137194934,55.333333333333336
19hr_d1,204,34.0,4,670.2268081332886,47.76084455289807,177.6133656351023,20.096788392034473,55.5
19hr_d1,205,34.166666666666664,4,688.4042791739124,46.76323327009286,179.71272608464835,20.88558428057276,55.666666666666664
19hr_d1,206,34.333333333333336,4,670.8588520029191,41.166855527752446,174.1856727774482,18.577232862878827,55.833333333333336
19hr_d1,207,34.5,4,690.3979365537964,33.26317628186247,177.14152405228998,17.73461618879829,56.0
19hr_d1,208,34.666666666666664,4,686.8221876666918,45.852764135555034,175.48474971259367,18.413819701780202,56.166666666666664
19hr_d1,209,34.833333333333336,4,674.5880160161669,40.23563544091116,171.91765617253117,18.573088987997977,56.333333333333336
19hr_d1,210,35.0,4,696.132620311152,42.13362338541853,176.15350107994078,19.784619424717796,56.5
19hr_d1,211,35.166666666666664,4,704.7768578730074,41.26681826314097,173.1358062431647,21.00735368105851,56.666666666666664
19hr_d1,212,35.333333333333336,4,707.4530019927985,37.93190268914656,172.83826630873955,19.672096904301007,56.833333333333336
19hr_d1,213,35.5,4,714.2936000124419,40.79802020017381,175.2010563311135,18.821463513027407,57.0
19hr_d1,214,35.666666666666664,4,707.108769539768,38.41669667521974,172.9665766216762,18.109499867102365,57.166666666666664
19hr_d1,215,35.833333333333336,4,695.4678709366761,39.772583731317496,170.75250155590436,19.364489418743556,57.333333333333336
19hr_d1,216,36.0,4,698.9437686797049,33.928530604810526,170.7123993614556,18.74390952665531,57.5
19hr_d1,217,36.166666666666664,4,702.719455181465,45.60188938001739,168.98753056802198,19.8217398157484,57.666666666666664
19hr_d1,218,36.333333333333336,4,726.1619414599104,44.15001928004967,172.58381961024133,20.40497868872489,57.833333333333336
19hr_d1,219,36.5,4,719.2683236767564,43.6695582718997,168.01875403750813,20.368545052367562,58.0
19hr_d1,220,36.666666666666664,4,733.2443355291766,46.15962905403188,170.8342510718881,20.69984749267317,58.166666666666664
19hr_d1,221,36.833333333333336,4,717.2312546481348,46.358641294422966,166.5120500081017,19.35209944984001,58.333333333333336
19hr_d1,222,37.0,4,729.5502751625186,45.75543971856647,168.38388035986645,18.429142540467705,58.5
19hr_d1,223,37.166666666666664,4,738.1318489171247,48.5671755592897,167.2827622931585,18.330927971343236,58.666666666666664
19hr_d1,224,37.333333333333336,4,742.9762007615711,41.18812398730166,167.2211315619749,18.16960684518983,58.833333333333336
19hr_d1,225,37.5,4,741.9821257115894,42.09750413964316,166.14891864998586,20.165996873699267,59.0
19hr_d1,226,37.666666666666664,4,749.3744265638395,41.59069827382155,166.4360558621908,18.969902078885887,59.166666666666664
19hr_d1,227,37.833333333333336,4,756.3500480313006,48.12844044521615,168.00973259082977,19.90019814295945,59.333333333333336
19hr_d1,228,38.0,4,743.1260823598633,48.611735698883265,163.74676874937396,20.16805993359343,59.5
19hr_d1,229,38.166666666666664,4,733.8466940195244,42.70219337772757,161.73446558937218,19.39985101870373,59.666666666666664
19hr_d1,230,38.333333333333336,4,730.3351378432642,45.33576345477426,159.46995170057698,17.888971102030354,59.833333333333336
19hr_d1,231,38.5,4,732.0967880133627,42.51479342666077,161.27445738482612,18.608544457902024,60.0
19hr_d1,232,38.666666666666664,4,733.4590327606303,42.96424878817928,159.94754083387087,18.530141750901063,60.166666666666664
19hr_d1,233,38.833333333333336,4,726.5505105191619,33.20675186173849,156.8218567338814,17.30812581839726,60.333333333333336
19hr_d1,234,39.0,4,738.729762307525,39.48448321556085,156.29125213205245,15.584215027790778,60.5
19hr_d1,235,39.166666666666664,4,753.6359724378609,38.81100588045804,158.82085670861085,17.79794354434476,60.666666666666664
19hr_d1,236,39.333333333333336,4,751.08889393551,36.095375809692335,157.38219727282743,16.382195105775786,60.833333333333336
19hr_d1,237,39.5,4,743.3317454121882,36.29932176097169,154.94904530748715,16.130382997747166,61.0
19hr_d1,238,39.666666666666664,4,736.9174678709563,43.272475547195214,153.27359893368686,16.58362675574172,61.166666666666664
19hr_d1,239,39.833333333333336,4,738.9395211077322,35.67973122106206,153.77836739294256,14.438721264828377,61.333333333333336
19hr_d1,240,40.0,4,746.6741421996728,29.98043300129957,152.70927107073467,15.925235882399848,61.5
19hr_d1,241,40.166666666666664,4,735.8349955422224,36.25562843838017,149.7124659752496,15.606613104735217,61.666666666666664
19hr_d1,242,40.333333333333336,4,749.109279167592,37.50998703585445,150.9578476564419,15.047457751894987,61.833333333333336
19hr_d1,243,40.5,4,745.4348281383429,33.0708716474364,150.43677262007495,15.124276094530341,62.0
19hr_d1,244,40.666666666666664,4,759.9239034372167,33.443746302243504,150.85758481816333,15.275336164652126,62.166666666666664
19hr_d1,245,40.833333333333336,4,763.4261837225844,40.47100726313508,149.41717993443814,16.244708600442646,62.333333333333336
19hr_d1,246,41.0,4,757.6387433447744,34.34926096790387,146.46029432229804,16.378293811087072,62.5
19hr_d1,247,41.166666666666664,4,764.731982525142,36.42963145439568,147.02477169710326,16.062992602756317,62.666666666666664
19hr_d1,248,41.333333333333336,4,773.5592109851316,35.275810539497165,148.10839833880976,15.037837383884673,62.833333333333336
19hr_d1,249,41.5,4,762.3737606196463,33.170984608878854,146.19287772025052,15.334054984702375,63.0
19hr_d1,250,41.666666666666664,4,768.1860226103137,31.77322991612897,144.99056733042195,15.266989028854145,63.166666666666664
19hr_d1,251,41.833333333333336,4,744.6084679559817,37.23453739571552,140.61670223912105,15.132100943842003,63.333333333333336
19hr_d1,252,42.0,4,750.4123273889005,33.483946712874946,139.88646987049736,14.893027124507187,63.5
19hr_d1,253,42.166666666666664,4,769.7343100421741,32.93427025630917,145.3171523545127,15.114597688596684,63.666666666666664
19hr_d1,254,42.333333333333336,4,760.5617722105258,37.91430090116539,141.48181293943645,15.054367699875087,63.833333333333336
19hr_d1,255,42.5,4,754.6645527066933,35.89354996837917,137.87215387289447,14.05679846826981,64.0
19hr_d1,256,42.666666666666664,4,747.132432469097,35.94372263651892,137.15146015599578,13.510241890253113,64.16666666666666
19hr_d1,257,42.833333333333336,4,754.8909814084535,36.30178094296794,135.9745572461472,13.97435557650254,64.33333333333334
19hr_d1,258,43.0,4,744.6398721873868,29.609961940636108,133.84175335843193,12.660479188256788,64.5
19hr_d1,259,43.166666666666664,4,754.4406618038828,29.204520865748812,134.82335258194772,13.364662122752177,64.66666666666666
19hr_d1,260,43.333333333333336,4,743.9704980120099,32.2671638707814,130.32673430387933,13.18530341197922,64.83333333333334
19hr_d1,261,43.5,4,750.4719878371823,34.165669482949696,132.2009714928549,12.62787319551724,65.0
19hr_d1,262,43.666666666666664,4,773.4275913288823,29.572539307716443,133.0586659459394,11.867950374896358,65.16666666666666
19hr_d1,263,43.833333333333336,4,766.64013584945,34.38858562057398,133.05418662536488,11.755668632233641,65.33333333333334
19hr_d1,264,44.0,4,763.1092746738506,38.55471587943715,130.3655326795803,11.704448733993408,65.5
19hr_d1,265,44.166666666666664,4,774.7995751751262,35.0601653859415,131.83012570053464,11.93138309814822,65.66666666666666
19hr_d1,266,44.333333333333336,4,776.4487398004167,35.512274921166025,131.11169809264368,12.278772645385407,65.83333333333334
19hr_d1,267,44.5,4,757.1625628836384,35.26690091184781,127.89470161822686,11.790597290792943,66.0
19hr_d1,268,44.666666666666664,4,768.0248408369958,35.29343749027104,128.0400361073037,11.625534741896631,66.16666666666666
19hr_d1,269,44.833333333333336,4,737.0094894860614,42.34280279169977,122.9569794013162,11.253797761077102,66.33333333333334
19hr_d1,270,45.0,4,738.4847608364516,33.762611216635136,122.26537309607191,10.935412318068899,66.5
19hr_d1,271,45.166666666666664,4,745.1953108985394,36.55157709315191,121.6637453160823,11.159664640616551,66.66666666666666
19hr_d1,272,45.333333333333336,4,753.6593316474109,36.79252591116839,123.56631565495059,10.465977024758589,66.83333333333334
19hr_d1,273,45.5,4,755.5516611197343,36.3926754350877,122.07920920764094,8.902118993003148,67.0
19hr_d1,274,45.666666666666664,4,734.1324389070996,34.38184741823191,118.10776979132635,9.002902835790547,67.16666666666666
19hr_d1,275,45.833333333333336,4,763.4282947371763,37.22093843015516,119.44197940048878,9.661941371270908,67.33333333333334
19hr_d1,276,46.0,4,762.6445691586217,31.325530465863707,120.55443208798076,8.160859841670327,67.5
19hr_d1,277,46.166666666666664,4,751.143591045441,33.994982646017306,117.85998834701513,10.046670275147521,67.66666666666666
19hr_d1,278,46.333333333333336,4,753.0231317660592,41.895451052605935,117.44739691893523,9.946075730868703,67.83333333333334
19hr_d1,279,46.5,4,753.5965006983282,39.16464268621533,118.26902814982239,9.863726539171152,68.0
19hr_d1,280,46.666666666666664,4,760.8274639322802,33.20784160820058,119.47870461253866,9.943492467340116,68.16666666666666
19hr_d1,281,46.833333333333336,4,762.20759468336,41.1828998162402,119.98255379007175,8.153151120697487,68.33333333333334
19hr_d1,282,47.0,4,780.0025290801248,43.787228907540104,119.45245111636606,11.286407033515141,68.5
19hr_d1,283,47.166666666666664,4,763.6012729189113,45.416465616147036,118.73323947081911,10.235050233560925,68.66666666666666
19hr_d1,284,47.333333333333336,4,745.2242712563185,43.873027104798524,114.77800071690658,9.367452682372765,68.83333333333334
19hr_d1,285,47.5,4,745.9037180815523,41.386364356022106,114.45838122432474,9.878984038027411,69.0
19hr_d1,286,47.666666666666664,4,744.6687028259014,37.99996222150584,113.16526792887936,8.157434095681051,69.16666666666666
19hr_d1,287,47.833333333333336,4,745.4895132306485,36.370712917063045,113.80464367178229,8.375122507610811,69.33333333333334
19hr_d1,288,48.0,4,754.5832741978643,40.34184670950278,113.57497615402539,9.62571819112008,69.5
19hr_d1,289,48.166666666666664,4,769.3366718351463,32.509216389442074,116.29762428733589,8.896700859244827,69.66666666666666
19hr_d1,290,48.333333333333336,4,762.8906592490124,32.936127779732885,114.07259284307983,9.62878465000814,69.83333333333334
19hr_d1,291,48.5,4,761.7932189482127,35.669408768367376,112.54491663722382,9.013969517641458,70.0
19hr_d1,292,48.666666666666664,4,747.0269914792689,37.47395350819413,110.6207298797926,7.84938914170068,70.16666666666666
19hr_d1,293,48.833333333333336,4,747.0421642711129,39.93270852075969,110.23879967040997,8.862301389155604,70.33333333333334
19hr_d1,294,49.0,4,767.8645276635584,35.50769671831325,113.3598698399361,8.826978435275144,70.5
19hr_d1,295,49.166666666666664,4,764.9314713978076,33.19832786000567,112.0029754607903,8.872460308639702,70.66666666666666
19hr_d1,296,49.333333333333336,4,757.2611482646587,32.385859940934715,109.47135947376466,8.266250669118568,70.83333333333334
19hr_d1,297,49.5,4,751.6191748315299,38.44176064866267,110.28897900845527,8.611494363245365,71.0
19hr_d1,298,49.666666666666664,4,758.9496935214075,33.599052101428754,109.62762436649959,8.81040997281229,71.16666666666666
19hr_d1,299,49.833333333333336,4,746.8271327294163,30.206182997640752,107.18108489120922,9.537971280674707,71.33333333333334
24hr_basal,0,0.0,4,343.45564005346273,33.99682864182736,104.11877425338237,6.541777122569173,26.5
24hr_basal,1,0.1666666666666666,4,345.000979261722,29.995658883538084,102.6338382064651,6.055211000405858,26.666666666666668
24hr_basal,2,0.3333333333333333,4,342.39773825499896,29.30762399690277,100.74493401239931,5.536615105181995,26.833333333333332
24hr_basal,3,0.5,4,350.74525263303605,15.947481810393498,104.74287433414636,2.2498756709606753,27.0
24hr_basal,4,0.6666666666666666,4,352.079332253354,14.350182238251346,103.51561265462414,4.466301090530032,27.166666666666668
24hr_basal,5,0.8333333333333334,4,364.37713237344803,25.96756461271451,102.86732488922357,6.251254289216326,27.333333333333332
24hr_basal,6,1.0,4,341.1778021192302,21.6358261228986,101.44426006210682,4.569824273881102,27.5
24hr_basal,7,1.1666666666666667,4,371.55116519680917,22.264040086389937,109.71965892053016,3.4956068840063645,27.666666666666668
24hr_basal,8,1.3333333333333333,4,366.8420745535026,22.504578799752956,109.17142608283447,6.161397982879891,27.833333333333332
24hr_basal,9,1.5,4,380.38739448338606,19.837017250923207,113.70595672543011,6.016724000569954,28.0
24hr_basal,10,1.6666666666666667,4,374.9626271661971,19.68898471822348,113.59690017650243,4.026192259670875,28.166666666666668
24hr_basal,11,1.8333333333333333,4,390.4459944897127,12.95957883272458,117.12379096209514,2.241336366318225,28.333333333333332
24hr_basal,12,2.0,4,384.2092519097939,12.720088221534,116.6052873356369,2.143492002783094,28.5
24hr_basal,13,2.1666666666666665,4,388.0941003376728,10.699101947661411,121.8565806750898,5.177476133475537,28.666666666666668
24hr_basal,14,2.3333333333333335,4,394.6999122385475,13.383121168128055,120.89332852061456,3.808776775310172,28.833333333333332
24hr_basal,15,2.5,4,395.1809957685336,14.702864560715884,123.10815451152097,6.863846996353698,29.0
24hr_basal,16,2.6666666666666665,4,397.2105185949081,22.45898080130166,128.05937636796295,5.027914340739247,29.166666666666668
24hr_basal,17,2.8333333333333335,4,399.9813806899315,12.20781936921428,124.25607648866978,5.842297077799844,29.333333333333332
24hr_basal,18,3.0,4,400.4206825206529,19.15948109289918,127.76655742729494,2.9203571664263155,29.5
24hr_basal,19,3.1666666666666665,4,397.31220741420674,19.386059113958005,132.0237205333868,4.044191194632346,29.666666666666668
24hr_basal,20,3.3333333333333335,4,411.5952848862164,10.991744889263357,132.1524309494264,5.029960652976396,29.833333333333332
24hr_basal,21,3.5,4,411.06540647503545,17.47010306072559,137.47116810204284,6.442992321450843,30.0
24hr_basal,22,3.6666666666666665,4,410.8526501679132,16.12459314677307,136.7187530036133,5.5617444095547794,30.166666666666668
24hr_basal,23,3.8333333333333335,4,416.8809149335823,9.005418060125125,140.58858670859277,7.094199680062202,30.333333333333332
24hr_basal,24,4.0,4,419.1247513976837,8.552119451355079,140.01834277521343,8.011936308335837,30.5
24hr_basal,25,4.166666666666667,4,406.5347742196041,14.504957809326422,138.1170835580235,5.339602876363293,30.666666666666668
24hr_basal,26,4.333333333333333,4,405.76889838601113,15.069222019699563,139.32063739395838,6.273423069499194,30.833333333333332
24hr_basal,27,4.5,4,412.76836054320927,22.95197493599046,141.6387120418935,6.668935273909094,31.0
24hr_basal,28,4.666666666666667,4,393.25163419019833,19.970303903409697,142.52586302581506,5.684804728402655,31.166666666666668
24hr_basal,29,4.833333333333333,4,420.4025953732803,15.996806086653079,152.5365804451966,4.2640219229998495,31.333333333333332
24hr_basal,30,5.0,4,405.6473415137976,15.350318424451052,157.73418578320738,5.1263338443719055,31.5
24hr_basal,31,5.166666666666667,4,409.1167917874797,18.044437997761733,159.55164301049973,3.698560117242262,31.666666666666668
24hr_basal,32,5.333333333333333,4,412.91809544937405,14.474815157877435,160.14172165011797,2.8386338462895786,31.833333333333332
24hr_basal,33,5.5,4,402.0136197094019,15.905577963706236,158.16590455813474,2.0055621978175533,32.0
24hr_basal,34,5.666666666666667,4,419.5578978869505,13.797248132771518,169.05853246961323,2.4506084064880014,32.166666666666664
24hr_basal,35,5.833333333333333,4,400.1767962525954,16.915868143495732,165.76283931901293,5.256149503268639,32.333333333333336
24hr_basal,36,6.0,4,402.23912399775975,15.641836042405684,171.7189226826656,7.771708367864924,32.5
24hr_basal,37,6.166666666666667,4,416.24408491527583,15.813218538632452,176.0143346001949,6.758960243050954,32.666666666666664
24hr_basal,38,6.333333333333333,4,421.5216533069379,18.128643409011904,185.17019250373397,8.16455611773467,32.833333333333336
24hr_basal,39,6.5,4,411.6421077345359,13.908159776912573,183.05617588466257,7.445355457238422,33.0
24hr_basal,40,6.666666666666667,4,417.0007050433874,19.328010992462698,191.34784937831444,8.44388311579448,33.166666666666664
24hr_basal,41,6.833333333333333,4,399.1722956045453,14.852041025295156,189.04643989429573,6.515276080231382,33.333333333333336
24hr_basal,42,7.0,4,407.36535331298165,11.949192967069408,196.8382124163495,8.196807579128958,33.5
24hr_basal,43,7.166666666666667,4,404.91960082050593,21.413780006758678,199.99012356523087,7.149922875232533,33.666666666666664
24hr_basal,44,7.333333333333333,4,406.89723274583906,5.949769131047604,209.00886397940104,4.583851572187826,33.833333333333336
24hr_basal,45,7.5,4,384.9136146217585,10.938569305070166,205.2661293253795,5.551267451993372,34.0
24hr_basal,46,7.666666666666667,4,388.43376267568095,11.75296546875938,208.20936597676024,2.9205349020469495,34.166666666666664
24hr_basal,47,7.833333333333333,4,385.3804499652765,15.871072483351426,212.41969883627505,6.844003976969627,34.333333333333336
24hr_basal,48,8.0,4,387.5475804110537,14.048395402992266,214.54805107754984,12.42361314647517,34.5
24hr_basal,49,8.166666666666666,4,392.99315341703624,14.68158840490659,225.17056016027885,14.986111572448738,34.666666666666664
24hr_basal,50,8.333333333333334,4,383.6692513938692,21.47207364816792,229.86134239179586,12.907817313493434,34.833333333333336
24hr_basal,51,8.5,4,386.08184534894997,19.050442110929165,235.90565047374122,16.24501279640603,35.0
24hr_basal,52,8.666666666666666,4,389.1410730143214,11.443054733924223,238.46895465520169,17.666016120772845,35.166666666666664
24hr_basal,53,8.833333333333334,4,379.87511615118245,10.966213441472563,243.210002334443,17.28337852828042,35.333333333333336
24hr_basal,54,9.0,4,393.5489079151996,14.304156787573229,256.3743964287911,17.584009403176953,35.5
24hr_basal,55,9.166666666666666,4,387.54079324532466,13.511267393518256,259.61373506977793,15.740287071395775,35.666666666666664
24hr_basal,56,9.333333333333334,4,397.1989165265918,24.732525340931453,273.54732350204165,15.931554605300992,35.833333333333336
24hr_basal,57,9.5,4,403.30954310553415,24.051984110726426,277.24755640344983,15.50691559287645,36.0
24hr_basal,58,9.666666666666666,4,398.0043495546586,22.676786027709642,281.4459816343623,14.457825559095829,36.166666666666664
24hr_basal,59,9.833333333333334,4,396.6024449836534,25.734183714536208,284.37691895160935,15.604905428563528,36.333333333333336
24hr_basal,60,10.0,4,385.7254909991313,23.66224552894294,279.62282478337545,19.56451993844975,36.5
24hr_basal,61,10.166666666666666,4,381.0238416536807,21.820986828387635,279.4784397403845,18.594339441319253,36.666666666666664
24hr_basal,62,10.333333333333334,4,388.7852529605243,31.173868860363118,288.83409843542984,17.44425866785078,36.833333333333336
24hr_basal,63,10.5,4,385.64534993206377,17.98170566451413,292.8679968879951,9.53253853415986,37.0
24hr_basal,64,10.666666666666666,4,387.685920233173,22.186628573648584,311.88416743729164,9.38437715367574,37.166666666666664
24hr_basal,65,10.833333333333334,4,389.3157706231496,20.776694897961622,300.213829133614,8.692670104092963,37.333333333333336
24hr_basal,66,11.0,4,395.73045663085264,24.06047443125761,316.32008403998293,14.870397957419984,37.5
24hr_basal,67,11.166666666666666,4,388.754411417898,21.521149859211256,324.44170697229714,13.617974892530645,37.666666666666664
24hr_basal,68,11.333333333333334,4,386.7140748324558,17.25008990504239,329.2675688636783,10.12082961149372,37.833333333333336
24hr_basal,69,11.5,4,390.46429621668534,21.12624933989152,349.33421429374954,9.709590742832374,38.0
24hr_basal,70,11.666666666666666,4,397.2032706065474,18.471121186325455,354.6447581682121,9.96731603724356,38.166666666666664
24hr_basal,71,11.833333333333334,4,383.0430706474577,15.74023244749243,346.479958197799,4.864270302307871,38.333333333333336
24hr_basal,72,12.0,4,386.9660971960198,20.999914551984165,357.3004664622956,5.223013088046308,38.5
24hr_basal,73,12.166666666666666,4,400.57367979803576,16.38854035174504,365.78264611285664,7.937129464058552,38.666666666666664
24hr_basal,74,12.333333333333334,4,394.57934171343413,12.255417773085952,373.28804544521387,7.034072276220994,38.833333333333336
24hr_basal,75,12.5,4,405.73503521726013,14.527021139371872,383.2642179822061,11.821051006121078,39.0
24hr_basal,76,12.666666666666666,4,403.11919080477895,20.05788992018346,384.6306680466952,11.353662106527365,39.166666666666664
24hr_basal,77,12.833333333333334,4,402.5595657282591,22.712871624495058,386.7019505188796,15.609293928085533,39.333333333333336
24hr_basal,78,13.0,4,398.97552903952396,13.683475752262254,385.90731462348776,8.056855947854732,39.5
24hr_basal,79,13.166666666666666,4,388.8332797800756,16.060950417182585,381.6066989180549,10.28462881866255,39.666666666666664
24hr_basal,80,13.333333333333334,4,387.2509134518449,11.071835296553118,381.9525103394182,10.414680148643194,39.833333333333336
24hr_basal,81,13.5,4,392.2640417325518,15.262538290213431,383.13437019861516,11.06457749951052,40.0
24hr_basal,82,13.666666666666666,4,383.9378575213105,14.187560055953695,379.29070331221044,11.282410226976593,40.166666666666664
24hr_basal,83,13.833333333333334,4,394.30998508277685,15.6649930678139,399.3716350490673,8.17341538092636,40.333333333333336
24hr_basal,84,14.0,4,395.96446008476664,20.20714119670119,401.97166118194195,8.823630698628216,40.5
24hr_basal,85,14.166666666666666,4,389.96603453623493,10.950924723729901,400.8608058349566,10.607235962154551,40.666666666666664
24hr_basal,86,14.333333333333334,4,406.35070028033374,11.17101322350089,416.48701506595796,6.773305566916402,40.833333333333336
24hr_basal,87,14.5,4,411.3068245814825,12.49010508087298,412.3016003536726,15.235115883049584,41.0
24hr_basal,88,14.666666666666666,4,407.6248199394493,12.169991417778904,394.80450141102784,11.595723711395655,41.166666666666664
24hr_basal,89,14.833333333333334,4,405.64330228172514,24.715924014780942,395.9886368763795,23.135304115891362,41.333333333333336
24hr_basal,90,15.0,4,406.7459084197769,18.111204626300374,397.86005879330605,12.552307197743467,41.5
24hr_basal,91,15.166666666666666,4,422.4706080275593,23.338690714154595,410.246951399187,26.341641407019925,41.666666666666664
24hr_basal,92,15.333333333333334,4,415.3406056441564,19.900781499175785,406.26372421787465,21.540389806138116,41.833333333333336
24hr_basal,93,15.5,4,404.0298650617448,18.898103269576566,404.6465824625025,18.807220643886403,42.0
24hr_basal,94,15.666666666666666,4,409.6626429744327,17.929847219034386,404.5246045470037,16.049608181557367,42.166666666666664
24hr_basal,95,15.833333333333334,4,412.28688827779547,14.117009076986008,408.43427009455314,18.010737031337293,42.333333333333336
24hr_basal,96,16.0,4,410.22261764347036,16.225980244626776,419.9660035848716,16.4566235449346,42.5
24hr_basal,97,16.166666666666668,4,410.4795896580896,11.584314119258329,425.6149982095437,14.38036303134431,42.66666666666667
24hr_basal,98,16.333333333333332,4,421.23982942235443,15.871187438587272,441.1958451089052,16.880565390544916,42.83333333333333
24hr_basal,99,16.5,4,413.6124864687044,14.095835604890176,429.9077758978594,11.32799009886899,43.0
24hr_basal,100,16.666666666666668,4,417.203803255699,13.731094571539453,435.43806761184373,16.88038610496873,43.16666666666667
24hr_basal,101,16.833333333333332,4,423.42348536004727,8.542007495526839,427.8503688091607,15.164276952422309,43.33333333333333
24hr_basal,102,17.0,4,406.7888237634736,13.026735035385157,403.93937571029994,20.707593562663348,43.5
24hr_basal,103,17.166666666666668,4,418.34095758144645,15.114218774945577,417.15046476949226,16.258320768154135,43.66666666666667
24hr_basal,104,17.333333333333332,4,421.9613566299863,9.99621060680345,426.6876005652789,16.717438414518654,43.83333333333333
24hr_basal,105,17.5,4,425.10823731747007,12.82117493035744,437.1120302974168,12.8040220515986,44.0
24hr_basal,106,17.666666666666668,4,421.02058231234935,14.24467478141182,426.1075035018208,17.457602149927375,44.16666666666667
24hr_basal,107,17.833333333333332,4,414.76403757497667,12.890520179389076,422.2601170491897,19.218393693755946,44.33333333333333
24hr_basal,108,18.0,4,420.65734589002875,13.224295063249192,429.97442090150014,19.131517027677067,44.5
24hr_basal,109,18.166666666666668,4,416.6705167862987,10.07490891008311,420.2988918629651,13.02604819837883,44.66666666666667
24hr_basal,110,18.333333333333332,4,406.6702761833656,10.031075195745519,419.8358748274337,14.708443571335446,44.83333333333333
24hr_basal,111,18.5,4,405.28223717886874,6.112687043929876,416.72286978334466,8.205660654825051,45.0
24hr_basal,112,18.666666666666668,4,404.17019892572864,14.204037509142804,420.39337655204076,8.102011268549932,45.16666666666667
24hr_basal,113,18.833333333333332,4,401.4126911399717,13.987344021251046,419.0501613860945,10.789000057710012,45.33333333333333
24hr_basal,114,19.0,4,401.481768883453,10.151082923065712,406.7352920606433,8.937342557566488,45.5
24hr_basal,115,19.166666666666668,4,417.066357372375,11.453201995169426,413.85264149323723,9.996046615967574,45.66666666666667
24hr_basal,116,19.333333333333332,4,416.02638103196034,7.937533559603722,425.8068596352116,6.984625902230504,45.83333333333333
24hr_basal,117,19.5,4,410.0379450206934,15.595792370806985,431.19182681010454,10.793394387561408,46.0
24hr_basal,118,19.666666666666668,4,426.28335372670193,12.711108260759852,437.3716083677551,12.063970661648266,46.16666666666667
24hr_basal,119,19.833333333333332,4,419.4076029880687,12.473551423560576,427.24866499446006,14.344274773969474,46.33333333333333
24hr_basal,120,20.0,4,411.86347596019004,10.201228838509076,423.355568906371,19.830365192706882,46.5
24hr_basal,121,20.166666666666668,4,405.5144288214505,10.326078865450345,409.69847111782695,15.104764920890718,46.66666666666667
24hr_basal,122,20.333333333333332,4,410.98090221251834,8.432609381731773,419.5820355108981,13.91078213006718,46.83333333333333
24hr_basal,123,20.5,4,421.2470254500318,12.235863888288968,428.8403673834172,5.121143576529328,47.0
24hr_basal,124,20.666666666666668,4,424.84320017932214,15.643352765435191,421.90049563352557,4.206668626275016,47.16666666666667
24hr_basal,125,20.833333333333332,4,407.3637078590515,17.37742081834958,403.94375115851886,11.834783142900786,47.33333333333333
24hr_basal,126,21.0,4,418.35014411614634,16.866421168177727,410.6659298950733,12.000585935237199,47.5
24hr_basal,127,21.166666666666668,4,416.9981043269369,11.772350652140636,404.60442008678353,10.815836515227634,47.66666666666667
24hr_basal,128,21.333333333333332,4,426.0595164555159,8.433655903245132,413.2667790573761,11.676857521393813,47.83333333333333
24hr_basal,129,21.5,4,427.37086220703355,14.112602854196616,413.42497824589634,13.548303480679868,48.0
24hr_basal,130,21.666666666666668,4,415.0882379539034,13.219279274552646,397.18065374624535,8.550644398035503,48.16666666666667
24hr_basal,131,21.833333333333332,4,426.2888381512142,16.847676344209212,401.5656808689866,12.202742200782428,48.33333333333333
24hr_basal,132,22.0,4,428.4478870405412,14.376655473055447,408.9078866806299,9.032471942058153,48.5
24hr_basal,133,22.166666666666668,4,433.51503544868916,12.26651665035331,406.3208027459641,5.22757986646841,48.66666666666667
24hr_basal,134,22.333333333333332,4,424.3796889145978,16.967506972994972,398.748335820972,6.418502908923739,48.83333333333333
24hr_basal,135,22.5,4,440.0560106261178,22.53372659273499,411.5456143729455,13.673918594419177,49.0
24hr_basal,136,22.666666666666668,4,428.6180628580602,20.42314665064997,404.5314912079676,9.476114684616773,49.16666666666667
24hr_basal,137,22.833333333333332,4,430.02565488622236,21.92519782383989,403.5517263216126,6.694555506332735,49.33333333333333
24hr_basal,138,23.0,4,434.5318480991576,19.59304166028424,404.0609855406659,9.876277237676536,49.5
24hr_basal,139,23.166666666666668,4,421.2594966360314,21.552531542668955,396.398086543772,9.574187636358285,49.66666666666667
24hr_basal,140,23.333333333333332,4,429.33173175926504,25.562172035006725,395.8844883310144,7.450179825519561,49.83333333333333
24hr_basal,141,23.5,4,429.17957479491633,24.694942124479898,392.5864884312457,5.628476629959481,50.0
24hr_basal,142,23.666666666666668,4,437.2008702140448,27.40277385391897,402.3550196527923,4.212777641275613,50.16666666666667
24hr_basal,143,23.833333333333332,4,440.90218942147544,26.256899059169065,405.02681825518744,5.685162659258634,50.33333333333333
24hr_basal,144,24.0,4,429.9460031213775,30.650153468431473,401.40962766287504,5.609315907084988,50.5
24hr_basal,145,24.166666666666668,4,436.42787709290246,29.753047692430737,406.2868160039677,7.758035570939895,50.66666666666667
24hr_basal,146,24.333333333333332,4,427.7630822449985,25.93685966250468,399.6907836525866,8.902180796329308,50.83333333333333
24hr_basal,147,24.5,4,438.4356945451992,27.827673232018647,402.66832759791606,7.232062382696011,51.0
24hr_basal,148,24.666666666666668,4,438.8714702441851,29.523690568684625,392.6586922236236,7.294522016747123,51.16666666666667
24hr_basal,149,24.833333333333332,4,438.60414331622724,24.44177484065023,391.1317016821985,6.834686749515368,51.33333333333333
24hr_basal,150,25.0,4,438.09399541773485,25.78436991031081,389.1298002279881,8.909290265951295,51.5
24hr_basal,151,25.166666666666668,4,436.9714968063034,23.85503116964314,395.61147699805525,3.133065421118735,51.66666666666667
24hr_basal,152,25.333333333333332,4,440.3980450343953,26.297692839347917,392.0831158939094,3.9695847265958486,51.83333333333333
24hr_basal,153,25.5,4,449.5193091967037,26.00919081018444,397.61985419363714,7.61702433723892,52.0
24hr_basal,154,25.666666666666668,4,433.5777945136507,23.65125917509552,381.32256360501987,10.203135726650682,52.16666666666667
24hr_basal,155,25.833333333333332,4,438.2849820312342,26.16436181173712,378.1233030279526,9.264656347142683,52.33333333333333
24hr_basal,156,26.0,4,443.05301918166464,26.99589451948413,379.8280335808457,7.131430084273296,52.5
24hr_basal,157,26.166666666666668,4,443.3509009840955,24.33035826373377,377.08505012039205,5.646537849387561,52.66666666666667
24hr_basal,158,26.333333333333332,4,451.25152081985357,29.375520765129885,384.38346806481775,7.3086572309019395,52.83333333333333
24hr_basal,159,26.5,4,457.49318453810736,24.51220845023877,381.6798355765634,5.418077487976588,53.0
24hr_basal,160,26.666666666666668,4,451.04258897429827,20.89994144868368,378.5670680298459,6.722029221592089,53.16666666666667
24hr_basal,161,26.833333333333332,4,451.16138398081137,26.022763921605762,375.8857390772915,6.690943682436049,53.33333333333333
24hr_basal,162,27.0,4,457.87060451102815,29.811124912525067,375.0933392295989,6.513972805765665,53.5
24hr_basal,163,27.166666666666668,4,460.80944057543525,25.591947560592263,375.3805949667344,6.386831899722083,53.66666666666667
24hr_basal,164,27.333333333333332,4,465.739876692838,24.53861221877823,378.4510156634847,7.168141975956908,53.83333333333333
24hr_basal,165,27.5,4,452.66499307975096,27.3189595114424,365.0896015344019,7.727564850140136,54.0
24hr_basal,166,27.666666666666668,4,470.6406461103787,32.50835941720899,371.5133534864434,6.649436757251345,54.16666666666667
24hr_basal,167,27.833333333333332,4,460.51236119265695,26.373799767576035,358.9446948468064,4.102065912881757,54.33333333333333
24hr_basal,168,28.0,4,458.2882021536347,31.067349633465167,353.8263021508878,5.48561076780911,54.5
24hr_basal,169,28.166666666666668,4,457.7883755891415,24.36055644349509,353.3082653751881,7.121992372557768,54.66666666666667
24hr_basal,170,28.333333333333332,4,469.8544250960792,28.66527058792657,356.6646864512402,6.536066107350358,54.83333333333333
24hr_basal,171,28.5,4,474.8533348835745,30.56931444600398,362.3260675916756,7.246327131579125,55.0
24hr_basal,172,28.666666666666668,4,475.18275969356444,27.04901735696107,356.1225260911228,7.154386417482644,55.16666666666667
24hr_basal,173,28.833333333333332,4,475.15501607088305,34.26350434694081,352.50932104854166,9.55602047721484,55.33333333333333
24hr_basal,174,29.0,4,474.64922545552076,31.266970503046917,353.4549461033876,8.25670610830198,55.5
24hr_basal,175,29.166666666666668,4,480.1216307121671,23.731061661948075,351.10832703187924,9.374220944460074,55.66666666666667
24hr_basal,176,29.333333333333332,4,471.5620090414543,26.33287235442505,336.26373518707936,8.765082943904849,55.83333333333333
24hr_basal,177,29.5,4,468.50545001544083,31.516488838087824,329.69050968949966,5.420818694650371,56.0
24hr_basal,178,29.666666666666668,4,484.7743234416965,30.552389809880452,337.3049433506392,9.274228942621226,56.16666666666667
24hr_basal,179,29.833333333333332,4,470.6093125220226,36.52194778215066,323.4142672238556,11.04776071866273,56.33333333333333
24hr_basal,180,30.0,4,480.84522002543815,35.78869143784725,325.8176092296509,12.088882683923302,56.5
24hr_basal,181,30.166666666666668,4,483.32464856550456,36.80923673545572,322.5582850840691,6.764295931379102,56.66666666666667
24hr_basal,182,30.333333333333332,4,489.22196834214145,35.85839387950906,327.800498913365,12.421953862277503,56.83333333333333
24hr_basal,183,30.5,4,477.31138364525543,33.764015052275454,316.26664022246564,10.701030972416142,57.0
24hr_basal,184,30.666666666666668,4,472.2983026314847,34.150152514823525,311.69158756862396,10.431857559300981,57.16666666666667
24hr_basal,185,30.833333333333332,4,466.58476579544856,36.86965637661358,307.696139818643,10.148954065540739,57.33333333333333
24hr_basal,186,31.0,4,481.0504642316942,35.11171248908755,308.9393391703966,9.909110932500004,57.5
24hr_basal,187,31.166666666666668,4,476.5528324506801,36.42888628812608,304.7676538517019,11.88993465204715,57.66666666666667
24hr_basal,188,31.333333333333332,4,478.85837757049416,37.414390922465394,302.08033951997623,14.399891805058964,57.83333333333333
24hr_basal,189,31.5,4,476.36477046724383,35.681228044588494,299.5718057616997,12.246326782006896,58.0
24hr_basal,190,31.666666666666668,4,479.39699703194844,36.131514547313465,300.02558080944317,13.449186607886986,58.16666666666667
24hr_basal,191,31.833333333333332,4,480.7021536826508,34.441291393364644,298.5404491816855,9.30949115311547,58.33333333333333
24hr_basal,192,32.0,4,483.1057042794447,39.3046904003457,291.83694412127943,8.721373183630506,58.5
24hr_basal,193,32.166666666666664,4,478.02577157763676,41.757016936258,284.67002514951366,11.624280488402338,58.666666666666664
24hr_basal,194,32.333333333333336,4,469.69117467613034,46.00206366226754,280.97260960284757,9.851699604402889,58.833333333333336
24hr_basal,195,32.5,4,478.5983942632461,43.4341142655814,281.56572256566903,12.648554134031754,59.0
24hr_basal,196,32.666666666666664,4,483.2098494992192,38.89475802514497,278.4962605773134,11.52038849049996,59.166666666666664
24hr_basal,197,32.833333333333336,4,482.3987070123534,43.91482531422755,273.17775851413313,11.707184634919145,59.333333333333336
24hr_basal,198,33.0,4,485.5392460481538,44.59123214026326,270.9833449198036,8.824482681246781,59.5
24hr_basal,199,33.166666666666664,4,471.62048972004584,47.95349138479195,265.99483071516795,7.6800299098665015,59.666666666666664
24hr_basal,200,33.333333333333336,4,482.5819991800138,44.443633359703604,269.365228202259,8.21971272502572,59.833333333333336
24hr_basal,201,33.5,4,479.104107345334,45.625528283857875,264.4057873503842,10.000114433870708,60.0
24hr_basal,202,33.666666666666664,4,463.94680032360554,40.28876058004135,254.64636698776548,9.253158259502449,60.166666666666664
24hr_basal,203,33.833333333333336,4,466.98418676617564,42.411764305601245,252.5017250945832,11.1760063684468,60.333333333333336
24hr_basal,204,34.0,4,462.0334224478763,40.61956753967622,245.78474922222443,11.197854629281697,60.5
24hr_basal,205,34.166666666666664,4,469.35724576728137,42.62422088210097,250.97932852691633,11.799543651933371,60.666666666666664
24hr_basal,206,34.333333333333336,4,464.8944271128581,36.7166411176149,245.93595886025733,11.578900817947433,60.833333333333336
24hr_basal,207,34.5,4,467.8495955790453,37.690946479606446,243.33040979818202,11.898220480859093,61.0
24hr_basal,208,34.666666666666664,4,463.5848959093301,40.90291486780758,240.51000034699456,9.24365111165181,61.166666666666664
24hr_basal,209,34.833333333333336,4,464.90421274085264,34.90829458023021,236.81237039765728,10.538036768125428,61.333333333333336
24hr_basal,210,35.0,4,472.51496813567695,39.402264463470665,236.66058247518401,8.665912291455516,61.5
24hr_basal,211,35.166666666666664,4,472.06430791648296,40.27379583163693,237.4834370457809,12.9011701822686,61.666666666666664
24hr_basal,212,35.333333333333336,4,484.0738195778506,39.92949997962557,243.16513991466573,13.778533533473713,61.833333333333336
24hr_basal,213,35.5,4,480.1050380329018,40.385692855766266,244.2600738223357,13.2142406531258,62.0
24hr_basal,214,35.666666666666664,4,479.43096334692547,44.619465356470094,237.74775719242155,13.483864937659193,62.166666666666664
24hr_basal,215,35.833333333333336,4,473.82853062693204,44.944493721946024,236.79562580133705,10.356555052080152,62.333333333333336
24hr_basal,216,36.0,4,480.5443902139465,40.87838658980901,235.56607871955526,11.23150851035515,62.5
24hr_basal,217,36.166666666666664,4,479.76720813701627,47.772752800837765,234.1070978761361,8.384080242803952,62.666666666666664
24hr_basal,218,36.333333333333336,4,483.8755668590171,41.72001046652385,235.0937125367477,8.60460082568379,62.833333333333336
24hr_basal,219,36.5,4,483.4307512486089,47.064947491715124,232.2565869231927,7.432808249912478,63.0
24hr_basal,220,36.666666666666664,4,495.42924445592223,45.665045394306134,235.51882442755235,10.35805611588754,63.166666666666664
24hr_basal,221,36.833333333333336,4,488.2736312837454,48.25979233250853,231.18717759282825,9.793170218945717,63.333333333333336
24hr_basal,222,37.0,4,490.57814728685844,49.19514437306042,230.66286648971317,9.3482991172513,63.5
24hr_basal,223,37.166666666666664,4,486.1810946778637,46.916064041935655,229.48237723534504,9.423886797865276,63.666666666666664
24hr_basal,224,37.333333333333336,4,491.59390151540015,48.94793990951245,225.8461122465165,12.527162510093781,63.833333333333336
24hr_basal,225,37.5,4,486.6257623629259,47.383280694309406,224.30592003647556,12.54605117030787,64.0
24hr_basal,226,37.666666666666664,4,491.1957165966115,50.101041404893756,229.13817516853686,10.234385678542095,64.16666666666666
24hr_basal,227,37.833333333333336,4,500.24604410833376,49.201422156779806,231.13328540151625,10.556734600246306,64.33333333333334
24hr_basal,228,38.0,4,491.90804474547014,48.51001086718834,222.42832865533273,12.450850553977537,64.5
24hr_basal,229,38.166666666666664,4,485.23130013534137,45.47361168134507,216.9493465481834,13.154359884281362,64.66666666666666
24hr_basal,230,38.333333333333336,4,480.7619538730877,46.41645290623117,214.91257805715753,12.634390713090136,64.83333333333334
24hr_basal,231,38.5,4,492.7900635559825,49.96683755288522,215.68242789446967,10.974026002279642,65.0
24hr_basal,232,38.666666666666664,4,501.9258050511447,44.79711381883454,218.15026127181918,12.432443860402097,65.16666666666666
24hr_basal,233,38.833333333333336,4,495.67396423496666,42.96988161341885,220.95176451755097,12.648047556160352,65.33333333333334
24hr_basal,234,39.0,4,496.92426308130285,46.396332104329176,218.26222188515925,10.407004243385419,65.5
24hr_basal,235,39.166666666666664,4,494.3046653452857,47.06509804082306,212.73935563137806,10.419489029758456,65.66666666666666
24hr_basal,236,39.333333333333336,4,505.64469758692167,48.96162361916556,215.44062616179133,10.413321617462936,65.83333333333334
24hr_basal,237,39.5,4,495.51984691477605,48.17434901672135,209.061270979749,10.464241404317795,66.0
24hr_basal,238,39.666666666666664,4,506.73156596538877,44.30837692901119,211.68426335471392,11.537618046843884,66.16666666666666
24hr_basal,239,39.833333333333336,4,502.4885685983846,44.76132474703829,207.4070287749098,11.520934954236138,66.33333333333334
24hr_basal,240,40.0,4,501.3153726818157,42.197417776715,201.99192737876166,12.33926552030775,66.5
24hr_basal,241,40.166666666666664,4,507.6842089876049,48.167341287150265,204.95269328550515,13.171029805064338,66.66666666666666
24hr_basal,242,40.333333333333336,4,520.015585139009,49.39232927140489,210.35369589842514,13.077510168439254,66.83333333333334
24hr_basal,243,40.5,4,502.1662675718999,49.284139022502785,201.7475941641648,10.668483827913924,67.0
24hr_basal,244,40.666666666666664,4,509.0145522448022,44.1709555548904,205.55714596144674,12.543329834155827,67.16666666666666
24hr_basal,245,40.833333333333336,4,501.3490350168408,44.37212567979427,202.1969045852109,10.642121911618752,67.33333333333334
24hr_basal,246,41.0,4,503.899115477962,43.831508509960045,196.95088423893085,9.45236378546719,67.5
24hr_basal,247,41.166666666666664,4,502.54787913686664,42.76481809824768,200.52155066136976,12.16564581056437,67.66666666666666
24hr_basal,248,41.333333333333336,4,497.19288668429095,44.65914886334589,200.7943545756951,12.63911793920766,67.83333333333334
24hr_basal,249,41.5,4,503.4979049219693,44.11523989183764,198.25523893251886,12.161452233767724,68.0
24hr_basal,250,41.666666666666664,4,499.0310565555879,47.913351184815454,195.10980706144727,10.631905447688782,68.16666666666666
24hr_basal,251,41.833333333333336,4,503.28678944559977,47.25312737034888,195.20355710702333,10.279425613268234,68.33333333333334
24hr_basal,252,42.0,4,501.4448062512722,46.769577573166686,193.28194164398954,13.09315793578127,68.5
24hr_basal,253,42.166666666666664,4,507.38418357495243,49.538025625289144,194.53750494117014,10.176807280662093,68.66666666666666
24hr_basal,254,42.333333333333336,4,504.7451216059834,44.140997815560105,190.57422614419926,13.186074846018203,68.83333333333334
24hr_basal,255,42.5,4,507.9306924790577,43.03916423748675,192.11409429271998,12.661654643663129,69.0
24hr_basal,256,42.666666666666664,4,504.8763946724124,40.711152700781554,191.85631701371238,11.801985754768154,69.16666666666666
24hr_basal,257,42.833333333333336,4,503.24041975420755,34.46772722198448,191.3177537067837,14.375787437579037,69.33333333333334
24hr_basal,258,43.0,4,503.1451487136592,42.930896890764416,188.24237496656258,12.113384207100342,69.5
24hr_basal,259,43.166666666666664,4,500.2247532799278,36.075250107843424,190.45675464637998,14.30043340380682,69.66666666666666
24hr_basal,260,43.333333333333336,4,503.59594312463196,35.481937249563885,187.07052413988373,12.221421839577728,69.83333333333334
24hr_basal,261,43.5,4,507.01368453623945,41.456030438773176,184.65810373011928,12.717685964042204,70.0
24hr_basal,262,43.666666666666664,4,505.6356387834844,37.50310856535233,183.97244438492066,11.49844215670229,70.16666666666666
24hr_basal,263,43.833333333333336,4,503.5783088160723,32.51572040748307,183.15228280617993,14.235647275368848,70.33333333333334
24hr_basal,264,44.0,4,498.89480503395566,35.886023128492035,180.02520589573464,11.718783263804584,70.5
24hr_basal,265,44.166666666666664,4,505.9638862075769,36.493095035075,183.85498738618534,11.590281009790294,70.66666666666666
24hr_basal,266,44.333333333333336,4,511.8118186608664,37.63704342907495,184.86304338966258,12.247475140568453,70.83333333333334
24hr_basal,267,44.5,4,510.06889749024043,34.43620281653339,183.39569298783735,13.841763916626103,71.0
24hr_basal,268,44.666666666666664,4,514.5062054593806,36.70747434615966,179.16404975916038,12.033655846166806,71.16666666666666
24hr_basal,269,44.833333333333336,4,504.9149598248532,32.21211254330916,179.02886966581974,13.910364257342364,71.33333333333334
24hr_basal,270,45.0,4,499.7934608734918,36.34138239145671,174.01504309061895,14.129934570374747,71.5
24hr_basal,271,45.166666666666664,4,505.67200595950277,32.01980513696506,173.80715955241976,13.020644261929116,71.66666666666666
24hr_basal,272,45.333333333333336,4,502.9055708590805,34.752236480889415,172.8923506468029,12.750417394457251,71.83333333333334
24hr_basal,273,45.5,4,510.48385258728325,37.43585854937898,173.3950982105052,12.081066625948177,72.0
24hr_basal,274,45.666666666666664,4,514.1973021770336,34.08857246177031,172.3445396932349,13.022689837066567,72.16666666666666
24hr_basal,275,45.833333333333336,4,507.1712611819556,25.87910326982761,171.2092338314775,13.69930435275326,72.33333333333334
24hr_basal,276,46.0,4,514.0921944209035,26.792965595980057,176.46619142882295,15.208774251467656,72.5
24hr_basal,277,46.166666666666664,4,510.4890851799553,24.79062863637975,172.3278759651903,16.42219705488917,72.66666666666666
24hr_basal,278,46.333333333333336,4,511.06243212535827,28.11804856258445,172.7646846525005,14.785498783300651,72.83333333333334
24hr_basal,279,46.5,4,514.0954597357651,29.39777891094878,172.33833815178755,13.815089903618311,73.0
24hr_basal,280,46.666666666666664,4,521.7253372758228,25.68925910798413,169.27735122544377,15.785968763191445,73.16666666666666
24hr_basal,281,46.833333333333336,4,511.8054968491295,22.505290880465616,166.01794350226103,13.555817252531895,73.33333333333334
24hr_basal,282,47.0,4,505.3610611077386,18.41127966687621,167.0450766790658,14.69588158919722,73.5
24hr_basal,283,47.166666666666664,4,505.2206261274325,25.595588717219766,167.00878465637305,14.289659210664574,73.66666666666666
24hr_basal,284,47.333333333333336,4,505.3116090987,22.804851906757975,165.48233937152622,14.215426934508077,73.83333333333334
24hr_basal,285,47.5,4,515.0305581099426,22.244757794047693,168.02751791995345,16.075623493638027,74.0
24hr_basal,286,47.666666666666664,4,509.1117349029079,30.721659966452716,164.15335765446258,12.876550264161184,74.16666666666666
24hr_basal,287,47.833333333333336,4,510.3997883090117,22.206962258745772,164.5902576037229,14.61286073525728,74.33333333333334
24hr_basal,288,48.0,4,508.11413239420114,26.137812231881746,160.30422188599124,13.049017634303773,74.5
24hr_basal,289,48.166666666666664,4,506.4151857677805,29.958003764614684,157.68449582690658,10.433661939348939,74.66666666666666
24hr_basal,290,48.333333333333336,4,507.1238111408358,27.678693587669493,160.2642004487339,10.824186289825839,74.83333333333334
24hr_basal,291,48.5,4,507.4617474275026,29.039514124681244,158.7952151369324,11.05277928220232,75.0
24hr_basal,292,48.666666666666664,4,506.69148080046773,28.87670188896601,158.34427075988967,10.1296677508052,75.16666666666666
24hr_basal,293,48.833333333333336,4,516.7940022511624,30.224841482510012,161.81935262786072,13.01833243076954,75.33333333333334
24hr_basal,294,49.0,4,507.7679391113899,30.058155016464703,160.28149059428898,14.256256096585297,75.5
24hr_basal,295,49.166666666666664,4,510.4686495790473,28.52520729261151,161.361716235203,13.964108552804253,75.66666666666666
24hr_basal,296,49.333333333333336,4,503.98884737307577,23.746832579755313,159.93502269486387,14.418928223221691,75.83333333333334
24hr_basal,297,49.5,4,505.98351822227255,28.024223119370248,159.96976922040346,15.809200781399618,76.0
24hr_basal,298,49.666666666666664,4,506.95526799032046,24.843322522440207,156.60099669567677,15.182654751753574,76.16666666666666
24hr_basal,299,49.833333333333336,4,505.54689075453575,22.74401932208304,155.55217458696336,15.07933340468999,76.33333333333334
24hr_d1,0,0.0,4,301.99714357111844,9.486735747690526,102.329892441518,5.250605345154489,26.5
24hr_d1,1,0.1666666666666666,4,315.5111573714013,5.791921306308841,102.77526511068083,6.215533000567629,26.666666666666668
24hr_d1,2,0.3333333333333333,4,327.56363301157376,11.162034371638743,103.21551571837408,5.1335100609116315,26.833333333333332
24hr_d1,3,0.5,4,314.3238685712588,8.720323372821838,100.00727334144281,4.246652131976103,27.0
24hr_d1,4,0.6666666666666666,4,330.4870879441153,6.850073036824317,102.10485303447778,4.525973283776802,27.166666666666668
24hr_d1,5,0.8333333333333334,4,334.79110640393355,11.353305563123085,101.86193502242652,5.577311847168075,27.333333333333332
24hr_d1,6,1.0,4,351.1819845149029,14.36671154993795,101.35709068525927,5.351219003488964,27.5
24hr_d1,7,1.1666666666666667,4,361.9930926534039,14.798386234539139,106.71616969337367,5.240625076739094,27.666666666666668
24hr_d1,8,1.3333333333333333,4,357.1946499335306,8.950706825325797,106.01347223524513,2.7514400569375317,27.833333333333332
24hr_d1,9,1.5,4,366.64371079032674,14.443301139013178,104.78431253866295,2.4949065153115666,28.0
24hr_d1,10,1.6666666666666667,4,356.13787152780924,10.184619264867564,105.43870635734075,2.138261794199071,28.166666666666668
24hr_d1,11,1.8333333333333333,4,374.279095508159,17.622192915147814,111.36026215783353,2.8575159795779483,28.333333333333332
24hr_d1,12,2.0,4,385.6198404724577,6.409197377856976,113.30268039010316,3.8258276722846407,28.5
24hr_d1,13,2.1666666666666665,4,390.41686403585004,11.050124596829315,114.69273586686927,5.201149800249713,28.666666666666668
24hr_d1,14,2.3333333333333335,4,366.04640791577475,17.37682473718453,105.41757050838899,6.701561479107783,28.833333333333332
24hr_d1,15,2.5,4,392.9941510815899,8.371173158271793,114.04061817255888,4.51732221883524,29.0
24hr_d1,16,2.6666666666666665,4,420.15894821106934,8.464437267260568,118.63892448017539,5.461623524277179,29.166666666666668
24hr_d1,17,2.8333333333333335,4,401.303763595172,12.145027769040464,111.70060415545821,5.929362770130142,29.333333333333332
24hr_d1,18,3.0,4,403.56653708824217,5.915903174964862,114.17051583192347,6.134129473662616,29.5
24hr_d1,19,3.1666666666666665,4,415.04413287434204,11.599390213879875,120.06796639110102,4.099573232198399,29.666666666666668
24hr_d1,20,3.3333333333333335,4,414.25184518125457,6.588261214200324,114.18362278786788,4.184130696670933,29.833333333333332
24hr_d1,21,3.5,4,420.8170131320079,13.124803574995203,115.84147298433484,4.334321084451315,30.0
24hr_d1,22,3.6666666666666665,4,409.89669222201604,16.931360038434253,116.39220935508446,3.4675966235633293,30.166666666666668
24hr_d1,23,3.8333333333333335,4,429.5086685442112,22.512514644777468,121.44686220831494,5.775175472017408,30.333333333333332
24hr_d1,24,4.0,4,431.7971719920126,18.905917528870443,124.02518680401354,8.356546527012457,30.5
24hr_d1,25,4.166666666666667,4,437.2028642526169,19.507478267212896,121.11393335715495,5.31787133842241,30.666666666666668
24hr_d1,26,4.333333333333333,4,420.89177253189143,15.648849236310255,119.72209921585451,3.5148150269733245,30.833333333333332
24hr_d1,27,4.5,4,443.07165735720105,15.170876102233155,125.46015271275613,5.022371776554848,31.0
24hr_d1,28,4.666666666666667,4,446.54192317249357,19.370242494829924,125.76422926232273,6.884653833320281,31.166666666666668
24hr_d1,29,4.833333333333333,4,456.17170099202565,13.717807102352719,129.77527176053286,2.9953831464653797,31.333333333333332
24hr_d1,30,5.0,4,465.49717743040554,10.166138355896637,132.63787031897596,4.411842544058556,31.5
24hr_d1,31,5.166666666666667,4,447.46161863721557,17.438456299966802,128.237213937507,3.3515906549507317,31.666666666666668
24hr_d1,32,5.333333333333333,4,457.7945498181113,7.627055477912235,132.28273414893846,3.664447330040375,31.833333333333332
24hr_d1,33,5.5,4,458.6592635071192,8.114100548727071,135.48354733968213,3.4501276054695373,32.0
24hr_d1,34,5.666666666666667,4,454.93042465566845,10.859260757804547,133.4140306885989,0.9436564465857089,32.166666666666664
24hr_d1,35,5.833333333333333,4,453.5782424964737,15.675447951750426,137.12846073885135,2.8805442726228594,32.333333333333336
24hr_d1,36,6.0,4,470.14308871013606,15.07955630426679,140.81798911806186,2.4766249581429878,32.5
24hr_d1,37,6.166666666666667,4,473.0608985294852,25.092345909723004,141.5116441543297,1.5471040320335328,32.666666666666664
24hr_d1,38,6.333333333333333,4,473.04256631953217,10.750157153739858,140.74062910458852,2.9648163415908844,32.833333333333336
24hr_d1,39,6.5,4,465.25172279209926,14.942362578515729,140.91483548539085,2.38627795219282,33.0
24hr_d1,40,6.666666666666667,4,465.46224220141204,19.657830640980585,145.14371551507045,2.8143235382685194,33.166666666666664
24hr_d1,41,6.833333333333333,4,458.95527457380285,14.628640999802222,144.57970501936623,3.6921366247724845,33.333333333333336
24hr_d1,42,7.0,4,452.9540179129932,20.262623578951512,143.1793877771451,3.969251533857268,33.5
24hr_d1,43,7.166666666666667,4,454.3527121993825,15.19400687527844,147.7659945265422,6.086915118684989,33.666666666666664
24hr_d1,44,7.333333333333333,4,441.2843753446667,21.030140949858783,146.9143727648714,4.315625458290273,33.833333333333336
24hr_d1,45,7.5,4,451.7273498800755,20.016679154058117,152.0304625520863,0.8422591531830712,34.0
24hr_d1,46,7.666666666666667,4,439.71047048339585,20.96994661031435,152.76575079835013,2.7039660192687927,34.166666666666664
24hr_d1,47,7.833333333333333,4,431.49711686915515,17.411113454870097,151.92960051704938,4.260705348495106,34.333333333333336
24hr_d1,48,8.0,4,455.0915091988004,23.557801316502243,162.7038532421551,5.779565127646056,34.5
24hr_d1,49,8.166666666666666,4,454.64688774014166,22.868300155452296,164.94373926023343,6.121354835834678,34.666666666666664
24hr_d1,50,8.333333333333334,4,456.24179127358286,25.19989101316088,165.6837828264923,6.5416786269557,34.833333333333336
24hr_d1,51,8.5,4,462.41174662536355,24.056778417888832,170.68972827180397,5.453920998935169,35.0
24hr_d1,52,8.666666666666666,4,452.15126141847645,22.79891433975012,169.92998118435548,5.52405105703956,35.166666666666664
24hr_d1,53,8.833333333333334,4,444.5812008608187,16.902489720430875,167.89921167769802,5.08895669218441,35.333333333333336
24hr_d1,54,9.0,4,464.5878650010643,16.484835262216603,177.50130677537277,4.3590429920202585,35.5
24hr_d1,55,9.166666666666666,4,466.02946965562785,15.626051856557421,179.43733586416408,5.840935120173185,35.666666666666664
24hr_d1,56,9.333333333333334,4,465.74503498260515,15.933951068419773,181.7059438210808,8.458801664421738,35.833333333333336
24hr_d1,57,9.5,4,459.1162460735302,14.84130674800706,185.0189219364669,7.279983255072211,36.0
24hr_d1,58,9.666666666666666,4,462.7894744419356,16.46097359566512,189.92818868156064,7.011682104146429,36.166666666666664
24hr_d1,59,9.833333333333334,4,459.4348175611311,17.375082229554238,189.01147991572418,3.4511782061699208,36.333333333333336
24hr_d1,60,10.0,4,471.87573417134837,16.21775352939627,199.71692433412107,4.1424135944005425,36.5
24hr_d1,61,10.166666666666666,4,455.8890934150428,15.236635788419918,195.0382027600147,6.894328681342953,36.666666666666664
24hr_d1,62,10.333333333333334,4,454.29324731600815,15.827027175455557,197.21438367360096,6.361459730345574,36.833333333333336
24hr_d1,63,10.5,4,458.54538667157635,10.495957706165543,202.34838497418718,5.459439958116207,37.0
24hr_d1,64,10.666666666666666,4,466.872080087847,17.30456054181557,206.47772324509367,2.2963346655601438,37.166666666666664
24hr_d1,65,10.833333333333334,4,470.40669458063564,20.009237376385954,212.259392782794,7.404396837995358,37.333333333333336
24hr_d1,66,11.0,4,470.2094124709413,17.195305097971048,210.37270296907397,9.439170008753457,37.5
24hr_d1,67,11.166666666666666,4,470.2737961164398,11.262415413308181,213.96072274248323,6.09471921764365,37.666666666666664
24hr_d1,68,11.333333333333334,4,474.5572967212668,13.522932497427842,213.42679961700387,5.657951693680593,37.833333333333336
24hr_d1,69,11.5,4,474.3601686870883,16.432896708274498,217.14168457326127,4.805232658897353,38.0
24hr_d1,70,11.666666666666666,4,477.78432669446534,17.197608645798997,219.68274277559846,6.101399747608625,38.166666666666664
24hr_d1,71,11.833333333333334,4,472.4693225416756,13.667103859840259,218.6396384312485,5.283074231066569,38.333333333333336
24hr_d1,72,12.0,4,473.70333827415345,16.298792321329927,221.33865843691677,7.212760123232623,38.5
24hr_d1,73,12.166666666666666,4,482.98599427230585,23.425263818498177,223.97795766578054,10.400864053176653,38.666666666666664
24hr_d1,74,12.333333333333334,4,487.75058530584744,21.64766327617264,227.58934447212172,11.654935723777418,38.833333333333336
24hr_d1,75,12.5,4,497.1813965564756,19.67758896181808,230.14916404031158,8.696679246702706,39.0
24hr_d1,76,12.666666666666666,4,494.1455462160671,14.656976808064385,235.79135452702977,7.708328222647576,39.166666666666664
24hr_d1,77,12.833333333333334,4,504.35741276511044,6.8228297743832576,241.788115613069,7.486267124852075,39.333333333333336
24hr_d1,78,13.0,4,501.08118760393023,10.974946449048444,237.74008658360714,9.496332372199909,39.5
24hr_d1,79,13.166666666666666,4,500.37711049937013,12.326887267480421,239.51177662157778,8.738967205551951,39.666666666666664
24hr_d1,80,13.333333333333334,4,508.6841181391987,13.097990708582696,243.28121525073772,9.17677200491003,39.833333333333336
24hr_d1,81,13.5,4,504.41063623220464,22.403297765190732,242.67521678828552,10.940516665514187,40.0
24hr_d1,82,13.666666666666666,4,516.7562597308101,14.501999420779669,243.22282590763095,6.510557145327724,40.166666666666664
24hr_d1,83,13.833333333333334,4,509.6934391371076,20.05067840020733,243.30465124754954,8.519215039075307,40.333333333333336
24hr_d1,84,14.0,4,493.70104298739585,27.369262829970015,238.43249017915298,11.65436777464982,40.5
24hr_d1,85,14.166666666666666,4,507.6225172380939,24.11088276621634,243.5909528956259,12.459659427556467,40.666666666666664
24hr_d1,86,14.333333333333334,4,518.395641738923,23.310831324125946,246.58020564669704,9.710946019879787,40.833333333333336
24hr_d1,87,14.5,4,520.0529692909392,25.743868097542542,251.57899947427393,7.945377335793554,41.0
24hr_d1,88,14.666666666666666,4,517.0463125084065,22.088567294468408,249.03931267705698,8.01895471978949,41.166666666666664
24hr_d1,89,14.833333333333334,4,523.1386044501603,20.12727388198684,247.8789143207062,7.395384256654877,41.333333333333336
24hr_d1,90,15.0,4,515.1254599642277,19.50113310402295,243.63976892345482,8.134736087523384,41.5
24hr_d1,91,15.166666666666666,4,527.1791116016082,23.94363247783303,250.0542454611765,9.359312070698849,41.666666666666664
24hr_d1,92,15.333333333333334,4,528.9915245311612,21.468226008822757,251.741581231127,10.587418267322228,41.833333333333336
24hr_d1,93,15.5,4,524.2813942661485,24.533121022849407,247.7774383967431,10.765257432565463,42.0
24hr_d1,94,15.666666666666666,4,518.4503774213064,23.873196022608724,245.2641282791287,10.482814785088886,42.166666666666664
24hr_d1,95,15.833333333333334,4,524.1045627245871,22.446869438465377,247.56868817002714,7.934025455943046,42.333333333333336
24hr_d1,96,16.0,4,533.7196617741291,28.95313113085222,252.94172610129957,11.197581062846671,42.5
24hr_d1,97,16.166666666666668,4,531.2619756191428,22.04723986603304,255.3132552864147,7.5507866892006,42.66666666666667
24hr_d1,98,16.333333333333332,4,542.3956195767687,22.64506621842943,261.0023777337285,6.3247393487866415,42.83333333333333
24hr_d1,99,16.5,4,534.283609456644,20.289292012829062,255.99029819957644,5.181213782876719,43.0
24hr_d1,100,16.666666666666668,4,550.4186611263456,22.48515017927269,259.6939860268846,6.961318191124992,43.16666666666667
24hr_d1,101,16.833333333333332,4,543.6455790869311,18.695781119897788,254.78374802538704,6.2930285215738015,43.33333333333333
24hr_d1,102,17.0,4,554.496656072295,13.669799857051778,260.22722506436776,4.30942382465835,43.5
24hr_d1,103,17.166666666666668,4,549.7951431608999,23.039859827962747,260.19881903971714,6.294868700775714,43.66666666666667
24hr_d1,104,17.333333333333332,4,539.2432144573584,23.772671418036495,258.80303466049793,6.585335449192908,43.83333333333333
24hr_d1,105,17.5,4,552.1387522746177,28.049057302756843,264.98501813566384,9.950972119701893,44.0
24hr_d1,106,17.666666666666668,4,548.0354098961518,28.588008961093305,266.7553804095804,9.364862506335257,44.16666666666667
24hr_d1,107,17.833333333333332,4,546.8234723924357,25.660134882437237,266.4110860452506,7.578527568921076,44.33333333333333
24hr_d1,108,18.0,4,554.3224673888107,24.60049284001798,266.1060349195345,8.240761502822437,44.5
24hr_d1,109,18.166666666666668,4,551.3253398307533,21.459655139360777,266.32219359420674,4.933902445627378,44.66666666666667
24hr_d1,110,18.333333333333332,4,552.1182326113682,22.89643813272912,265.68685479204623,6.029043046301476,44.83333333333333
24hr_d1,111,18.5,4,559.7684407961901,23.953087415556666,271.3311237814909,5.981995076596544,45.0
24hr_d1,112,18.666666666666668,4,562.9071377440417,26.419509454634102,274.64046993075,7.400200718268894,45.16666666666667
24hr_d1,113,18.833333333333332,4,570.0903013880686,22.680404249946392,279.4366528140363,4.722739619431903,45.33333333333333
24hr_d1,114,19.0,4,567.5112982511184,16.4320724229646,276.1261556173247,6.138510635230835,45.5
24hr_d1,115,19.166666666666668,4,561.7520047918946,25.29875448942258,274.54139643701416,6.222160335079205,45.66666666666667
24hr_d1,116,19.333333333333332,4,574.3563568619159,21.337480420830765,281.59580846379606,3.204078165918315,45.83333333333333
24hr_d1,117,19.5,4,576.6782519924079,25.29158140226409,287.2071603058913,5.405535397074697,46.0
24hr_d1,118,19.666666666666668,4,579.6239676110151,27.920603477091262,289.28773973327475,4.734509906440781,46.16666666666667
24hr_d1,119,19.833333333333332,4,566.9340453401473,24.672384537474887,278.9968678036565,4.436234461551901,46.33333333333333
24hr_d1,120,20.0,4,569.5830523318427,21.504367955666698,281.01880153151103,6.846746123736292,46.5
24hr_d1,121,20.166666666666668,4,580.8818911523258,17.7939092906693,286.7795259005101,2.2246931902952416,46.66666666666667
24hr_d1,122,20.333333333333332,4,585.7696181167521,21.572453056987012,285.7296945687041,4.327444567960368,46.83333333333333
24hr_d1,123,20.5,4,597.5649571983959,22.990949606648986,290.81397678947866,5.751086528872025,47.0
24hr_d1,124,20.666666666666668,4,604.5773671692591,20.9461904882776,296.766975365158,7.088684632526686,47.16666666666667
24hr_d1,125,20.833333333333332,4,579.5057652485167,23.232688059989716,285.7136517699579,5.233921480260757,47.33333333333333
24hr_d1,126,21.0,4,598.4343696253826,25.964489537550204,292.7562741792744,6.244448907120804,47.5
24hr_d1,127,21.166666666666668,4,598.0229168332502,27.10678359795658,290.75791838463704,6.6183444402173555,47.66666666666667
24hr_d1,128,21.333333333333332,4,603.0923005263478,28.475003265501808,291.0767860163556,8.468768438202034,47.83333333333333
24hr_d1,129,21.5,4,603.4363373914917,30.60041271356303,290.57616008072165,10.028374785366825,48.0
24hr_d1,130,21.666666666666668,4,607.0000555068785,29.70955722597142,294.41960456689424,9.203635299326391,48.16666666666667
24hr_d1,131,21.833333333333332,4,607.8564559803685,28.114689624763802,294.7001734966355,7.9026886629415705,48.33333333333333
24hr_d1,132,22.0,4,610.4511274383907,32.31355502335867,294.6309841038583,8.40334602744339,48.5
24hr_d1,133,22.166666666666668,4,606.5175709192708,25.905143791801347,291.5233866667404,10.146521561494376,48.66666666666667
24hr_d1,134,22.333333333333332,4,616.9841728063936,29.241349597405268,294.64045931916615,9.055021727928224,48.83333333333333
24hr_d1,135,22.5,4,612.3152928442855,31.571384146228677,289.39026479253187,11.759487621828963,49.0
24hr_d1,136,22.666666666666668,4,620.657315249623,28.881764157038816,291.7413113599222,14.414661295990564,49.16666666666667
24hr_d1,137,22.833333333333332,4,626.5532522500314,28.351648832561366,288.6742746832139,11.697933889923718,49.33333333333333
24hr_d1,138,23.0,4,631.0327818625397,38.77421824277027,290.5160839439383,10.821539385861037,49.5
24hr_d1,139,23.166666666666668,4,635.0924528809329,39.45615412193844,292.1044705308088,11.563971476497137,49.66666666666667
24hr_d1,140,23.333333333333332,4,645.5017211581254,36.6863091515429,291.2251397753739,9.952665906328843,49.83333333333333
24hr_d1,141,23.5,4,626.909837859222,34.48802278731678,284.60274220466374,7.34804093632721,50.0
24hr_d1,142,23.666666666666668,4,631.5481189484677,41.904386299742754,281.37831453494243,9.520355314904132,50.16666666666667
24hr_d1,143,23.833333333333332,4,639.004440225881,38.33009508072024,283.8432613527053,9.740364289807669,50.33333333333333
24hr_d1,144,24.0,4,633.2638888988772,38.13191417345119,279.13852414004435,9.541573863281979,50.5
24hr_d1,145,24.166666666666668,4,641.4652004644362,37.92323088179942,280.3296542891269,12.32850575849741,50.66666666666667
24hr_d1,146,24.333333333333332,4,632.6320173681121,38.63100417753163,272.5949234293703,8.782964198561436,50.83333333333333
24hr_d1,147,24.5,4,630.2275192610911,43.37058103835055,273.76312317899306,11.142448789987855,51.0
24hr_d1,148,24.666666666666668,4,655.0396494331014,37.063228714444676,282.21019357804533,13.222137078274162,51.16666666666667
24hr_d1,149,24.833333333333332,4,654.6633542500075,40.26547801225692,277.73071953420595,10.68142163934882,51.33333333333333
24hr_d1,150,25.0,4,654.8592571579313,42.29289453560663,276.2839551190684,11.548901444306003,51.5
24hr_d1,151,25.166666666666668,4,664.9017876367308,36.617196535713596,278.2258445268893,13.284163213284014,51.66666666666667
24hr_d1,152,25.333333333333332,4,658.9485445587662,41.45790472597681,271.239434201312,12.428039715960884,51.83333333333333
24hr_d1,153,25.5,4,666.997766209202,39.55613920688412,275.0794608570016,11.700222373737459,52.0
24hr_d1,154,25.666666666666668,4,671.7875486424133,42.99388864535074,278.59989860073244,14.538474861933965,52.16666666666667
24hr_d1,155,25.833333333333332,4,689.6292155861186,50.884276543788275,283.9816879620074,13.039196105923738,52.33333333333333
24hr_d1,156,26.0,4,691.6111051044736,42.70772403488246,277.1456195683844,12.469189843680736,52.5
24hr_d1,157,26.166666666666668,4,690.3877822439067,53.75147434800756,275.48656921199125,8.533245583121609,52.66666666666667
24hr_d1,158,26.333333333333332,4,705.2100250515994,51.454788752456665,278.5562663160207,10.288227650878431,52.83333333333333
24hr_d1,159,26.5,4,701.0812291058975,51.18842059201687,275.76321973223673,11.670457984356583,53.0
24hr_d1,160,26.666666666666668,4,708.5263051741986,49.2542870989333,275.5406325226206,11.271064231836416,53.16666666666667
24hr_d1,161,26.833333333333332,4,707.9234613548692,58.272487473556126,273.6413678293215,13.427197270643378,53.33333333333333
24hr_d1,162,27.0,4,710.8491406047954,53.82835507879039,272.0899032264838,10.964144531684754,53.5
24hr_d1,163,27.166666666666668,4,705.1700476878902,54.088705061016285,271.15925650166224,12.638785471289683,53.66666666666667
24hr_d1,164,27.333333333333332,4,717.59258232879,56.32745586772485,270.00052988496674,12.209872586381318,53.83333333333333
24hr_d1,165,27.5,4,729.0202659997157,47.17738015781485,270.89398194312355,12.329773568482072,54.0
24hr_d1,166,27.666666666666668,4,731.7710467677132,49.03574909456832,271.57914548928113,12.69904171618591,54.16666666666667
24hr_d1,167,27.833333333333332,4,749.6835391903307,54.29422832119399,269.6736458304823,14.235523152724115,54.33333333333333
24hr_d1,168,28.0,4,759.671587939109,52.26320962964739,270.20465246675803,14.8530532508342,54.5
24hr_d1,169,28.166666666666668,4,765.3504231578135,49.28977742875497,270.1780424302359,14.151139188620691,54.66666666666667
24hr_d1,170,28.333333333333332,4,774.0491683782651,57.18767670116793,268.3782206629741,14.996089098393671,54.83333333333333
24hr_d1,171,28.5,4,788.9042897629726,55.890931260306246,271.30099343939276,13.21510589210978,55.0
24hr_d1,172,28.666666666666668,4,784.6927851208818,53.575442881081415,267.43399190627105,14.911328762299219,55.16666666666667
24hr_d1,173,28.833333333333332,4,757.8589267675898,48.33830809431848,254.20091286259492,15.124388355336155,55.33333333333333
24hr_d1,174,29.0,4,787.275025845415,52.30404743247068,261.54324185916016,13.599119916367172,55.5
24hr_d1,175,29.166666666666668,4,788.9135056748916,50.53370963392643,261.83275137288666,15.085424957413068,55.66666666666667
24hr_d1,176,29.333333333333332,4,791.3152765155666,55.07760430875248,258.3510707426825,16.29608911690473,55.83333333333333
24hr_d1,177,29.5,4,786.5009445486709,50.65774747783754,257.37141751470284,14.998517953002857,56.0
24hr_d1,178,29.666666666666668,4,796.2138133215806,52.47953302820343,257.40193086299075,15.214604052455767,56.16666666666667
24hr_d1,179,29.833333333333332,4,793.9885872791392,48.8410977996261,252.6345317097572,16.98406643862906,56.33333333333333
24hr_d1,180,30.0,4,799.0845774160277,47.42398812729563,253.57540139778843,16.437439549161006,56.5
24hr_d1,181,30.166666666666668,4,791.2996630200979,53.19814691644042,251.50220182591337,15.04840583372856,56.66666666666667
24hr_d1,182,30.333333333333332,4,813.6216691551809,51.3468466360521,257.6390539179915,15.703636952221816,56.83333333333333
24hr_d1,183,30.5,4,794.8943754634043,49.60570077286446,248.74910229702772,17.57717568595907,57.0
24hr_d1,184,30.666666666666668,4,803.0974802498478,49.151002451856016,248.56204312189317,15.205152670755567,57.16666666666667
24hr_d1,185,30.833333333333332,4,801.0985655310355,56.10517954926106,241.51033376182224,16.995817536786184,57.33333333333333
24hr_d1,186,31.0,4,810.7726779381284,52.451631494727906,245.83319602992879,17.127040807175092,57.5
24hr_d1,187,31.166666666666668,4,838.1390184732909,57.878119246171785,249.77309438732462,17.23326141173553,57.66666666666667
24hr_d1,188,31.333333333333332,4,828.5019774464981,49.12665710348834,246.72489890481245,17.654710776361306,57.83333333333333
24hr_d1,189,31.5,4,842.3877701357701,47.179460994955754,246.30858249917807,20.435730149297527,58.0
24hr_d1,190,31.666666666666668,4,840.498122543232,52.92021821466591,243.28043116524393,17.348720881351305,58.16666666666667
24hr_d1,191,31.833333333333332,4,861.922386040666,53.505097291250316,247.82380062776866,21.908587081233755,58.33333333333333
24hr_d1,192,32.0,4,838.7537519222599,51.225731286949944,238.27228317498748,21.2267760752685,58.5
24hr_d1,193,32.166666666666664,4,845.9183284421129,50.2450309542236,235.56764280613723,20.14921790966366,58.666666666666664
24hr_d1,194,32.333333333333336,4,823.4453311554134,49.07495583133197,228.8814542545969,20.659305195430925,58.833333333333336
24hr_d1,195,32.5,4,848.8490892429577,55.599667128831605,234.86966152073123,20.280151034409485,59.0
24hr_d1,196,32.666666666666664,4,861.5545637610055,57.41511963584431,237.62019513900847,20.059343199947097,59.166666666666664
24hr_d1,197,32.833333333333336,4,831.3935708408962,51.368462907970915,224.77400360973888,18.3193314633347,59.333333333333336
24hr_d1,198,33.0,4,834.7825802937847,50.93139531360741,223.9373390154489,18.783789482421177,59.5
24hr_d1,199,33.166666666666664,4,843.8649777718983,49.89469787281049,226.9181639311618,18.85175223547131,59.666666666666664
24hr_d1,200,33.333333333333336,4,822.2897815149458,57.58531581250584,217.3693029707113,18.21268661392503,59.833333333333336
24hr_d1,201,33.5,4,818.0400228829939,53.55717467424183,216.27905275335996,17.672350250891167,60.0
24hr_d1,202,33.666666666666664,4,824.9556537562869,54.50682481249829,213.95282026722438,18.610984424094088,60.166666666666664
24hr_d1,203,33.833333333333336,4,830.7952723161176,52.745531786580464,213.7650680463487,17.620454625344706,60.333333333333336
24hr_d1,204,34.0,4,835.8553778462053,47.28815712828331,213.75551616696,20.232688862168864,60.5
24hr_d1,205,34.166666666666664,4,834.7202487675952,46.374687356104424,212.94872949505844,17.164585999294555,60.666666666666664
24hr_d1,206,34.333333333333336,4,831.5634769839464,43.05505618567001,206.3801702040955,17.379759348139846,60.833333333333336
24hr_d1,207,34.5,4,849.8047345778946,42.98829701496454,209.07224529537547,19.597317311284446,61.0
24hr_d1,208,34.666666666666664,4,839.8950530798568,47.19990273476903,206.52690417425416,18.038956824125968,61.166666666666664
24hr_d1,209,34.833333333333336,4,838.566490194796,53.82013851082415,199.45582654597388,16.890859916744812,61.333333333333336
24hr_d1,210,35.0,4,835.375223361366,45.28804541129951,201.16104278251407,18.032878940774744,61.5
24hr_d1,211,35.166666666666664,4,834.1087354007933,46.209790060293265,199.45454208154325,17.49049831966645,61.666666666666664
24hr_d1,212,35.333333333333336,4,853.9733857793328,45.52924305761704,201.63326307784286,18.83217642282013,61.833333333333336
24hr_d1,213,35.5,4,855.8597086490594,45.404672943966894,199.00275881274493,17.2745406529513,62.0
24hr_d1,214,35.666666666666664,4,851.8530922464777,50.95698970237438,195.7591653817944,15.388007615820525,62.166666666666664
24hr_d1,215,35.833333333333336,4,849.2862897328216,45.49661221952708,192.42954917889756,16.46384885970613,62.333333333333336
24hr_d1,216,36.0,4,866.4937792749138,53.71203488263089,191.45513440583017,17.208900606730573,62.5
24hr_d1,217,36.166666666666664,4,842.7701663862425,53.263183344155856,186.191894849919,17.178018457846512,62.666666666666664
24hr_d1,218,36.333333333333336,4,855.6888405555633,50.022880045742504,188.31336395139118,18.26617515592006,62.833333333333336
24hr_d1,219,36.5,4,848.5688862869181,51.81697663971739,187.07466719996455,17.057309234396868,63.0
24hr_d1,220,36.666666666666664,4,857.3830009769044,49.48082528015844,187.60612760932597,16.68666296261862,63.166666666666664
24hr_d1,221,36.833333333333336,4,861.0718274712768,44.988329100773655,184.75841948586776,18.314724805638047,63.333333333333336
24hr_d1,222,37.0,4,880.8380085819106,48.720196623579305,190.0520065116261,18.246028726343614,63.5
24hr_d1,223,37.166666666666664,4,876.0414472035563,51.15926322933216,186.46480152959705,16.782907475312715,63.666666666666664
24hr_d1,224,37.333333333333336,4,885.4245993982257,44.00105251639188,186.0607151578403,16.180158528231228,63.833333333333336
24hr_d1,225,37.5,4,863.0450464013192,48.83418005742732,180.6641475811731,14.622843591882628,64.0
24hr_d1,226,37.666666666666664,4,880.516805579744,55.99241850969358,180.8675901326694,12.27124933746651,64.16666666666666
24hr_d1,227,37.833333333333336,4,880.2024024285231,45.2759070378941,179.59980508715466,14.778431831666683,64.33333333333334
24hr_d1,228,38.0,4,871.2228408192434,48.89020299988207,178.15627199527796,15.425601496209628,64.5
24hr_d1,229,38.166666666666664,4,841.7394992982177,42.101591690220154,167.8639710760064,15.600355418494871,64.66666666666666
24hr_d1,230,38.333333333333336,4,855.4404436763199,42.405710323749936,171.01463118552357,15.328129525736058,64.83333333333334
24hr_d1,231,38.5,4,875.8923297957065,45.615009957917756,170.94190508661242,14.874236915678694,65.0
24hr_d1,232,38.666666666666664,4,860.0537365401826,41.35271599619735,168.2932744452077,13.916551805860058,65.16666666666666
24hr_d1,233,38.833333333333336,4,862.0271201914804,43.426960668036706,168.07178916586187,14.26576977966875,65.33333333333334
24hr_d1,234,39.0,4,882.4212247619035,46.656028459548196,169.6919700376418,13.63151970841923,65.5
24hr_d1,235,39.166666666666664,4,887.4165282485292,41.212425683640646,167.6875117636255,14.872372742110874,65.66666666666666
24hr_d1,236,39.333333333333336,4,888.7284996138837,41.76545466159572,168.3801404914636,15.397169426189503,65.83333333333334
24hr_d1,237,39.5,4,880.0804349326013,36.917115669742856,165.33695801667264,15.8896792009398,66.0
24hr_d1,238,39.666666666666664,4,861.8873178508643,41.66276594533883,159.98470876537547,13.543968573556306,66.16666666666666
24hr_d1,239,39.833333333333336,4,880.4789433933738,39.858756367547976,164.8169078362581,15.662591481655083,66.33333333333334
24hr_d1,240,40.0,4,871.736444436613,41.675237597065674,160.25349370567858,13.010324851042697,66.5
24hr_d1,241,40.166666666666664,4,873.1808920201377,42.43059410995982,159.56245070689516,14.67078731861031,66.66666666666666
24hr_d1,242,40.333333333333336,4,875.2348043293812,36.138049242033595,159.21742433195308,14.321949614183879,66.83333333333334
24hr_d1,243,40.5,4,873.8108722228071,46.70641183606442,156.50876034801203,13.784156006323288,67.0
24hr_d1,244,40.666666666666664,4,885.8504756502639,45.880177623896444,157.52104972296627,14.218884774336724,67.16666666666666
24hr_d1,245,40.833333333333336,4,877.2257223231342,45.49181438910987,152.56738325197549,13.591702980712945,67.33333333333334
24hr_d1,246,41.0,4,865.8108607413859,42.9571849356421,149.30530313262108,13.530511376519613,67.5
24hr_d1,247,41.166666666666664,4,867.5608643096978,39.53161610654049,149.35012753963957,13.54679218750648,67.66666666666666
24hr_d1,248,41.333333333333336,4,869.0544732149046,36.8622961657014,147.89702745559555,14.259891785735958,67.83333333333334
24hr_d1,249,41.5,4,867.73790055113,29.055282528585398,146.07547587423664,15.505811740565967,68.0
24hr_d1,250,41.666666666666664,4,851.5307806215119,25.878841524509596,143.15335761794242,14.94430146245988,68.16666666666666
24hr_d1,251,41.833333333333336,4,874.8544117764973,32.60742326610159,146.19214459101113,14.565247137202077,68.33333333333334
24hr_d1,252,42.0,4,845.0013148520792,24.933924306034132,138.4080597753287,14.452994567545783,68.5
24hr_d1,253,42.166666666666664,4,872.8578172305661,22.377068141716038,143.6225358192645,14.95615744752568,68.66666666666666
24hr_d1,254,42.333333333333336,4,856.4283331541728,28.278799464268634,138.13801317446547,13.96132378430256,68.83333333333334
24hr_d1,255,42.5,4,856.3009301247897,23.54614185059331,137.32683273370657,13.48207178298079,69.0
24hr_d1,256,42.666666666666664,4,847.4513792914615,27.00461795123719,133.51414390975478,13.418580755277658,69.16666666666666
24hr_d1,257,42.833333333333336,4,848.3936493783018,30.176025832748095,132.59237884689082,12.99545390611515,69.33333333333334
24hr_d1,258,43.0,4,845.3873776907856,40.17108051953398,131.73414070692607,12.231556365707304,69.5
24hr_d1,259,43.166666666666664,4,852.8118354307318,31.39966864827865,131.98245931559978,13.333799678938353,69.66666666666666
24hr_d1,260,43.333333333333336,4,825.1150666326091,34.82344040443751,126.05816169368794,11.519836174430257,69.83333333333334
24hr_d1,261,43.5,4,845.3574271148054,37.185015955457835,129.01626300105008,11.80842416718499,70.0
24hr_d1,262,43.666666666666664,4,852.2790860712906,29.256233683378667,127.58936827539536,12.073419697046495,70.16666666666666
24hr_d1,263,43.833333333333336,4,833.8852311372824,33.77528451908373,123.68569861367276,9.690237449506839,70.33333333333334
24hr_d1,264,44.0,4,836.6280808886529,29.862769559233758,121.67731853924093,11.15515144555288,70.5
24hr_d1,265,44.166666666666664,4,836.5226085283903,34.69603760245892,120.22766313995965,11.119213996190567,70.66666666666666
24hr_d1,266,44.333333333333336,4,834.3133859848737,32.865391998597865,119.21843654386262,10.424607302898238,70.83333333333334
24hr_d1,267,44.5,4,834.0949820591753,33.746806640005154,119.18865018531237,10.060240602706697,71.0
24hr_d1,268,44.666666666666664,4,842.0427470033529,32.10408091308753,120.69845606399741,11.323240348981342,71.16666666666666
24hr_d1,269,44.833333333333336,4,809.8391550735194,44.15024964522817,113.94977183063227,9.388635725978464,71.33333333333334
24hr_d1,270,45.0,4,814.1295057724415,36.7852623937485,115.88277105933204,9.99945990693202,71.5
24hr_d1,271,45.166666666666664,4,798.7554455488387,39.64069373385823,111.44760010302679,9.396958229636226,71.66666666666666
24hr_d1,272,45.333333333333336,4,822.7509586926888,32.14410053540768,113.65938643728312,9.291967164412052,71.83333333333334
24hr_d1,273,45.5,4,826.6718448840797,25.12783959267041,112.75470330295644,8.709701541492755,72.0
24hr_d1,274,45.666666666666664,4,812.6075913060777,30.842243548437104,110.08469750115036,9.231264382226382,72.16666666666666
24hr_d1,275,45.833333333333336,4,812.1299888048392,34.08708001631421,109.47773195975495,8.136458646680056,72.33333333333334
24hr_d1,276,46.0,4,821.9270033825937,27.885905280293812,111.28075542831543,8.41830572703015,72.5
24hr_d1,277,46.166666666666664,4,807.1801356794504,29.067495426975157,110.20390616810185,8.847364466967203,72.66666666666666
24hr_d1,278,46.333333333333336,4,807.4796222395311,32.7616066738574,109.67502685042865,7.50417646636175,72.83333333333334
24hr_d1,279,46.5,4,803.7724837479618,30.854207233340887,110.72464068713165,8.827155684683879,73.0
24hr_d1,280,46.666666666666664,4,798.9536331518182,32.13236618891148,106.61770759969471,7.097478999513293,73.16666666666666
24hr_d1,281,46.833333333333336,4,814.6797107764851,34.0528881388577,105.45310836787148,7.873591696913482,73.33333333333334
24hr_d1,282,47.0,4,802.1551126866473,29.189035836049765,103.51745854463297,7.287855467840118,73.5
24hr_d1,283,47.166666666666664,4,803.1716489314592,27.535332958266842,103.75071235088456,8.256069054255779,73.66666666666666
24hr_d1,284,47.333333333333336,4,795.7895654700646,30.886195536617024,103.43542937897189,7.701532488751344,73.83333333333334
24hr_d1,285,47.5,4,784.4320188944289,25.417990171997527,101.31812850800436,8.562744675632034,74.0
24hr_d1,286,47.666666666666664,4,778.013428850846,29.700892346293582,100.11069922880894,6.617562484075636,74.16666666666666
24hr_d1,287,47.833333333333336,4,772.1321151669526,23.138438076341416,99.10076621661457,7.83558112491526,74.33333333333334
24hr_d1,288,48.0,4,766.3312747965925,25.121187256232602,96.46073156593582,6.9389291388409005,74.5
24hr_d1,289,48.166666666666664,4,773.8596608580705,19.58267634810295,98.91609396046887,6.8483718440473345,74.66666666666666
24hr_d1,290,48.333333333333336,4,807.0119708684583,21.384465005983472,100.82231090678012,6.931901204925633,74.83333333333334
24hr_d1,291,48.5,4,786.4777589625219,24.047331285459293,98.17325109453208,6.835755481345656,75.0
24hr_d1,292,48.666666666666664,4,760.5070482388119,26.91339526534347,95.58995485907617,6.031371188774792,75.16666666666666
24hr_d1,293,48.833333333333336,4,764.2103577983639,24.743495058126225,93.86625524170522,5.765014782231333,75.33333333333334
24hr_d1,294,49.0,4,782.5413531660782,26.131805916210656,96.74184906194795,6.969369016523931,75.5
24hr_d1,295,49.166666666666664,4,770.1321969668453,22.81433867319269,94.5178185789074,6.004035223031552,75.66666666666666
24hr_d1,296,49.333333333333336,4,773.0690378667621,27.678996332757684,95.99991282805772,5.4420501886206765,75.83333333333334
24hr_d1,297,49.5,4,776.9049266664598,19.807878271860904,93.94058599794147,6.168826474496706,76.0
24hr_d1,298,49.666666666666664,4,759.2414176975685,24.62753673441515,90.35571673840245,5.499340578116213,76.16666666666666
24hr_d1,299,49.833333333333336,4,759.2049400726622,23.336802796942028,91.44217257598285,6.407062597613627,76.33333333333334
