cyst_id,scene_index,scene,bead_present,distance_local_um,ratio_mean,ratio_median,ratio_std,n_pixels,dapi_raw_mean,count_support_n_pixels,distance_bin_kept,trim_reason
manual_s00_cyst_0001,0,scene00,True,775.0,0.28738097702766924,0.284402459859848,0.030627705811969424,311,2521.816720257235,322.6666666666667,True,kept
manual_s00_cyst_0001,0,scene00,True,785.0,0.2508779566173684,0.24831588566303253,0.03147041789847027,657,3192.8721461187215,613.6666666666666,True,kept
manual_s00_cyst_0001,0,scene00,True,795.0,0.2362087301713631,0.23095470666885376,0.024726970675745998,873,3551.9003436426115,881.0,True,kept
manual_s00_cyst_0001,0,scene00,True,805.0,0.23168591450755915,0.2281535118818283,0.024979827402433843,1113,3744.289308176101,1092.6666666666667,True,kept
manual_s00_cyst_0001,0,scene00,True,815.0,0.23002660204151837,0.22624409198760986,0.032373835482664065,1292,3924.201238390093,1286.0,True,kept
manual_s00_cyst_0001,0,scene00,True,825.0,0.23763990163269819,0.23303057253360748,0.03083219875740305,1453,3889.6517549896766,1444.3333333333333,True,kept
manual_s00_cyst_0001,0,scene00,True,835.0,0.2392669390765035,0.23382451385259628,0.035060881978391245,1588,4002.785894206549,1540.3333333333333,True,kept
manual_s00_cyst_0001,0,scene00,True,845.0,0.24380602585741237,0.23770097643136978,0.03481140660468224,1580,4015.5632911392404,1514.6666666666667,True,kept
manual_s00_cyst_0001,0,scene00,True,855.0,0.24618190556201477,0.2354905903339386,0.041562161509876384,1376,3972.6184593023254,1464.3333333333333,True,kept
manual_s00_cyst_0001,0,scene00,True,865.0,0.2542091979798793,0.24142105877399445,0.04198521410821232,1437,3889.4662491301324,1561.0,True,kept
manual_s00_cyst_0001,0,scene00,True,875.0,0.2522567353385655,0.24242540448904037,0.03637484874743738,1870,3905.535294117647,1740.6666666666667,True,kept
manual_s00_cyst_0001,0,scene00,True,885.0,0.25100531581954605,0.2435084730386734,0.03354281109361847,1915,3929.1430809399476,1914.6666666666667,True,kept
manual_s00_cyst_0001,0,scene00,True,895.0,0.25169180038481603,0.2442190945148468,0.035620220583009364,1959,3918.3675344563553,1970.3333333333333,True,kept
manual_s00_cyst_0001,0,scene00,True,905.0,0.25357349871652757,0.24704620242118835,0.03521672478748139,2037,3888.257241040746,2020.6666666666667,True,kept
manual_s00_cyst_0001,0,scene00,True,915.0,0.25256712143268845,0.24696090817451477,0.03280173518959258,2066,3871.092933204259,2067.3333333333335,True,kept
manual_s00_cyst_0001,0,scene00,True,925.0,0.2624202040035194,0.25479331612586975,0.03497915755992623,2099,3716.7289185326345,2082.0,True,kept
manual_s00_cyst_0001,0,scene00,True,935.0,0.2783227288511039,0.26283207535743713,0.04600402965181865,2081,3426.0345987506007,1931.0,True,kept
manual_s00_cyst_0001,0,scene00,True,945.0,0.26282350547145183,0.2573260962963104,0.029121566683955078,1613,3537.820830750155,1733.0,True,kept
manual_s00_cyst_0001,0,scene00,True,955.0,0.2619932116167094,0.26034775376319885,0.023951092961768512,1505,3533.807973421927,1520.0,True,kept
manual_s00_cyst_0001,0,scene00,True,965.0,0.26585736592789794,0.2626422345638275,0.026090213235376702,1442,3444.137309292649,1426.0,True,kept
manual_s00_cyst_0001,0,scene00,True,975.0,0.2686033469899806,0.2675698399543762,0.027670628984838946,1331,3424.102178812923,1325.6666666666667,True,kept
manual_s00_cyst_0001,0,scene00,True,985.0,0.2725622497028687,0.2704768031835556,0.023021968982818282,1204,3392.752491694352,1211.0,True,kept
manual_s00_cyst_0001,0,scene00,True,995.0,0.2824079793197644,0.28160904347896576,0.025680320227185888,1098,3298.7386156648454,1089.3333333333333,True,kept
manual_s00_cyst_0001,0,scene00,True,1005.0,0.28848849506913754,0.28637978434562683,0.028047174543273826,966,3238.3747412008283,966.6666666666666,True,kept
manual_s00_cyst_0001,0,scene00,True,1015.0,0.3020907149574403,0.3000190556049347,0.024412988893078455,836,3087.0574162679427,847.3333333333334,True,kept
manual_s00_cyst_0001,0,scene00,True,1025.0,0.29747581993405886,0.2952776253223419,0.027392235885559117,740,3098.412162162162,741.6666666666666,True,kept
manual_s00_cyst_0001,0,scene00,True,1035.0,0.3106977906543044,0.30474045872688293,0.03270234885194852,649,2961.084745762712,604.6666666666666,True,kept
manual_s00_cyst_0001,0,scene00,True,1045.0,0.33659786469796127,0.33320483565330505,0.035617305300827656,425,2714.2329411764704,383.0,True,kept
manual_s00_cyst_0002,0,scene00,True,715.0,0.24040171548724174,0.2400864064693451,0.020178125427110276,300,2586.3866666666668,309.3333333333333,True,kept
manual_s00_cyst_0002,0,scene00,True,725.0,0.22373665136041915,0.22120361030101776,0.026808105533662092,628,3470.8359872611463,598.6666666666666,True,kept
manual_s00_cyst_0002,0,scene00,True,735.0,0.21715243411366292,0.20682565867900848,0.03255997742602676,868,4162.051843317972,836.0,True,kept
manual_s00_cyst_0002,0,scene00,True,745.0,0.22357768687629417,0.2178962305188179,0.02997878426894174,1012,4496.100790513834,1000.0,True,kept
manual_s00_cyst_0002,0,scene00,True,755.0,0.23593092845486743,0.23215176910161972,0.032022641769800415,1120,4590.48125,1111.6666666666667,True,kept
manual_s00_cyst_0002,0,scene00,True,765.0,0.24788359973149207,0.24354961514472961,0.028086000175119516,1203,4435.625935162095,1187.6666666666667,True,kept
manual_s00_cyst_0002,0,scene00,True,775.0,0.2572048697380289,0.2534136027097702,0.0297989162419353,1240,4216.151612903226,1194.0,True,kept
manual_s00_cyst_0002,0,scene00,True,785.0,0.2624533939010957,0.2591354250907898,0.035452580478963956,1139,4016.6136962247588,1120.6666666666667,True,kept
manual_s00_cyst_0002,0,scene00,True,795.0,0.26463141719055566,0.2625272572040558,0.04093861817043147,983,3916.6978636826043,1020.3333333333334,True,kept
manual_s00_cyst_0002,0,scene00,True,805.0,0.27190476500442107,0.26400455832481384,0.04496399574430554,939,3864.052183173589,980.0,True,kept
manual_s00_cyst_0002,0,scene00,True,815.0,0.26810579902121034,0.26097194850444794,0.04432811062583312,1018,3870.5707269155205,1008.6666666666666,True,kept
manual_s00_cyst_0002,0,scene00,True,825.0,0.26734804443603816,0.2590957581996918,0.04813857257508795,1069,3865.4134705332085,1063.3333333333333,True,kept
manual_s00_cyst_0002,0,scene00,True,835.0,0.26538212956727253,0.2577280104160309,0.044981260332333114,1103,3835.959202175884,1085.6666666666667,True,kept
manual_s00_cyst_0002,0,scene00,True,845.0,0.26470456406268106,0.2604885697364807,0.039744206556441404,1085,3767.4764976958527,1062.3333333333333,True,kept
manual_s00_cyst_0002,0,scene00,True,855.0,0.2631690971874021,0.2615562975406647,0.03647903631152235,999,3745.202202202202,993.0,True,kept
manual_s00_cyst_0002,0,scene00,True,865.0,0.25950715232161836,0.25783514976501465,0.038822427465625524,895,3843.376536312849,899.3333333333334,True,kept
manual_s00_cyst_0002,0,scene00,True,875.0,0.26376060185147754,0.2638753354549408,0.04206696036162494,804,3763.126865671642,799.3333333333334,True,kept
manual_s00_cyst_0002,0,scene00,True,885.0,0.2753996565319779,0.2734518349170685,0.04375874376174794,699,3603.3304721030045,685.3333333333334,True,kept
manual_s00_cyst_0002,0,scene00,True,895.0,0.28791702971212685,0.27926886081695557,0.03912020053969789,553,3444.7956600361663,547.0,True,kept
manual_s00_cyst_0002,0,scene00,True,905.0,0.3388713992806511,0.32856330275535583,0.05450383061898186,389,2979.686375321337,339.0,True,kept
manual_s00_cyst_0004,0,scene00,True,545.0,0.367060156928502,0.36484959721565247,0.043938021890848375,397,3165.954659949622,372.0,True,kept
manual_s00_cyst_0004,0,scene00,True,555.0,0.3302738014540393,0.31647534668445587,0.05036045771934761,546,3561.760073260073,537.0,True,kept
manual_s00_cyst_0004,0,scene00,True,565.0,0.31648200435820456,0.31528352200984955,0.04290841322040871,668,3746.7260479041915,660.3333333333334,True,kept
manual_s00_cyst_0004,0,scene00,True,575.0,0.30719765686615813,0.3104868531227112,0.03679120985248545,767,3886.1408083441984,763.6666666666666,True,kept
manual_s00_cyst_0004,0,scene00,True,585.0,0.3027958697769965,0.3063213676214218,0.03772339036133451,856,3927.7570093457944,857.3333333333334,True,kept
manual_s00_cyst_0004,0,scene00,True,595.0,0.3069360085043691,0.3064323365688324,0.04340891765735629,949,3877.3614330874607,940.3333333333334,True,kept
manual_s00_cyst_0004,0,scene00,True,605.0,0.30555855102954416,0.29590363800525665,0.04851103543241169,1016,3879.9517716535433,984.0,True,kept
manual_s00_cyst_0004,0,scene00,True,615.0,0.29975691629458584,0.2914464473724365,0.049591141815615324,987,3879.271529888551,974.0,True,kept
manual_s00_cyst_0004,0,scene00,True,625.0,0.29561433792762837,0.28393587470054626,0.05146451533890081,919,3962.689880304679,930.0,True,kept
manual_s00_cyst_0004,0,scene00,True,635.0,0.294803409858257,0.28792157769203186,0.04749809114821976,884,3948.1244343891403,885.0,True,kept
manual_s00_cyst_0004,0,scene00,True,645.0,0.2966715463835029,0.2890562266111374,0.047640079587954985,852,3928.9330985915494,860.3333333333334,True,kept
manual_s00_cyst_0004,0,scene00,True,655.0,0.28965496211009617,0.28385934233665466,0.052267104360577944,845,3975.841420118343,859.0,True,kept
manual_s00_cyst_0004,0,scene00,True,665.0,0.28982700802047145,0.2819967418909073,0.05258284045328862,880,3928.659090909091,899.6666666666666,True,kept
manual_s00_cyst_0004,0,scene00,True,675.0,0.2895759453947294,0.27961668372154236,0.04832833706458653,974,3869.1427104722793,1001.3333333333334,True,kept
manual_s00_cyst_0004,0,scene00,True,685.0,0.2841420365805211,0.27463267743587494,0.03810767831079308,1150,3859.515652173913,1086.3333333333333,True,kept
manual_s00_cyst_0004,0,scene00,True,695.0,0.286868170914671,0.27728527784347534,0.04291427261426668,1135,3885.5603524229073,1124.0,True,kept
manual_s00_cyst_0004,0,scene00,True,705.0,0.2938394544726681,0.2803565263748169,0.04523968236582692,1087,3833.1453541858327,1083.0,True,kept
manual_s00_cyst_0004,0,scene00,True,715.0,0.3027398011120292,0.29267752170562744,0.03935035568228143,1027,3687.724440116845,1004.3333333333334,True,kept
manual_s00_cyst_0004,0,scene00,True,725.0,0.31434434895984853,0.3044174611568451,0.0425578524766751,899,3544.6140155728585,890.3333333333334,True,kept
manual_s00_cyst_0004,0,scene00,True,735.0,0.32165363660994795,0.3134518563747406,0.044310722003123096,745,3471.7261744966445,726.0,True,kept
manual_s00_cyst_0004,0,scene00,True,745.0,0.33326127910323805,0.3263271749019623,0.05492174975991146,534,3247.8333333333335,488.3333333333333,True,kept
manual_s00_cyst_0005,0,scene00,True,465.0,0.3290474318860032,0.333473265171051,0.038408646343082574,309,2612.491909385113,331.0,True,kept
manual_s00_cyst_0005,0,scene00,True,475.0,0.30165601892080923,0.2964252531528473,0.059383570621449985,684,3483.902046783626,616.0,True,kept
manual_s00_cyst_0005,0,scene00,True,485.0,0.3022646042687154,0.3038269877433777,0.07172027020084906,855,3919.611695906433,832.3333333333334,True,kept
manual_s00_cyst_0005,0,scene00,True,495.0,0.2998482768029161,0.31306929886341095,0.06387498977185475,958,4057.5229645093946,949.3333333333334,True,kept
manual_s00_cyst_0005,0,scene00,True,505.0,0.2942187798627909,0.28936508297920227,0.06287623399665544,1035,4252.909178743961,1034.0,True,kept
manual_s00_cyst_0005,0,scene00,True,515.0,0.2862875655602506,0.2786455750465393,0.05805457503275796,1109,4311.082055906222,1104.6666666666667,True,kept
manual_s00_cyst_0005,0,scene00,True,525.0,0.2756128578486606,0.2664899080991745,0.056277043589558304,1170,4327.62735042735,1112.3333333333333,True,kept
manual_s00_cyst_0005,0,scene00,True,535.0,0.2659124702440543,0.2551630586385727,0.04666148299923987,1058,4284.7485822306235,1033.3333333333333,True,kept
manual_s00_cyst_0005,0,scene00,True,545.0,0.26566851721786033,0.25414639711380005,0.04422439284693322,872,4226.522935779816,926.0,True,kept
manual_s00_cyst_0005,0,scene00,True,555.0,0.26093624925838327,0.25530506670475006,0.046772114460199334,848,4264.645047169812,856.6666666666666,True,kept
manual_s00_cyst_0005,0,scene00,True,565.0,0.2584290013418478,0.25275591015815735,0.048294488949955104,850,4187.788235294118,861.6666666666666,True,kept
manual_s00_cyst_0005,0,scene00,True,575.0,0.256464461446346,0.23958942294120789,0.05044093432801371,887,4159.233370913191,974.3333333333334,True,kept
manual_s00_cyst_0005,0,scene00,True,585.0,0.24664835703463417,0.22924023121595383,0.05029946404449319,1186,4280.484822934232,1143.6666666666667,True,kept
manual_s00_cyst_0005,0,scene00,True,595.0,0.24064437122206273,0.22740114480257034,0.04093451605749971,1358,4316.415316642121,1300.0,True,kept
manual_s00_cyst_0005,0,scene00,True,605.0,0.2412028426859407,0.22690724581480026,0.04658879284475697,1356,4339.540560471976,1348.0,True,kept
manual_s00_cyst_0005,0,scene00,True,615.0,0.24718719737646275,0.2272338569164276,0.05540277707951771,1330,4240.388721804511,1309.3333333333333,True,kept
manual_s00_cyst_0005,0,scene00,True,625.0,0.24227872308517615,0.22944317013025284,0.04671888283703605,1242,4107.437198067633,1224.0,True,kept
manual_s00_cyst_0005,0,scene00,True,635.0,0.25227254381233993,0.23652181029319763,0.05639524254524915,1100,3863.2172727272728,1079.0,True,kept
manual_s00_cyst_0005,0,scene00,True,645.0,0.284206730926503,0.27567338943481445,0.04337204550178145,895,3130.5944134078213,780.0,True,kept
manual_s00_cyst_0005,0,scene00,True,655.0,0.30190990385801897,0.3003912568092346,0.031570302444786924,345,2464.008695652174,413.3333333333333,True,kept
manual_s00_cyst_0006,0,scene00,True,335.0,0.4917354465020511,0.49047181010246277,0.03696507850174483,487,2714.2977412731007,412.6666666666667,True,kept
manual_s00_cyst_0006,0,scene00,True,345.0,0.48516407397253586,0.48662056028842926,0.04454271738280975,746,3758.8243967828416,714.6666666666666,True,kept
manual_s00_cyst_0006,0,scene00,True,355.0,0.4686111637383994,0.4680842459201813,0.040304217925425614,911,4274.317233809001,892.3333333333334,True,kept
manual_s00_cyst_0006,0,scene00,True,365.0,0.4619925634825931,0.4551772475242615,0.04183154593715254,1020,4270.719607843137,1012.6666666666666,True,kept
manual_s00_cyst_0006,0,scene00,True,375.0,0.4357857416638837,0.43091773986816406,0.03846584321318338,1107,4291.306233062331,1110.6666666666667,True,kept
manual_s00_cyst_0006,0,scene00,True,385.0,0.4096401497783503,0.3988654315471649,0.04644395870384332,1205,4247.392531120332,1191.3333333333333,True,kept
manual_s00_cyst_0006,0,scene00,True,395.0,0.3792489127576257,0.36845242977142334,0.0451754974897725,1262,4169.193343898573,1137.6666666666667,True,kept
manual_s00_cyst_0006,0,scene00,True,405.0,0.3736443511401372,0.35793566703796387,0.060401426946724755,946,4173.334038054968,1029.3333333333333,True,kept
manual_s00_cyst_0006,0,scene00,True,415.0,0.3618802038444714,0.3430062532424927,0.06170219289894885,880,4181.361363636363,924.3333333333334,True,kept
manual_s00_cyst_0006,0,scene00,True,425.0,0.34201721889542175,0.3233186602592468,0.06109679674906768,947,4171.2175290390705,949.6666666666666,True,kept
manual_s00_cyst_0006,0,scene00,True,435.0,0.3182779592106487,0.3091472238302231,0.04210031490234625,1022,4216.182974559687,1026.6666666666667,True,kept
manual_s00_cyst_0006,0,scene00,True,445.0,0.30022408838051057,0.2912324368953705,0.03529412805926735,1111,4220.785778577858,1109.0,True,kept
manual_s00_cyst_0006,0,scene00,True,455.0,0.28682885911796163,0.28313203155994415,0.03128581979141959,1194,4195.335008375209,1152.0,True,kept
manual_s00_cyst_0006,0,scene00,True,465.0,0.26395322360441437,0.2638646066188812,0.031598546615012164,1151,4373.718505647264,1143.0,True,kept
manual_s00_cyst_0006,0,scene00,True,475.0,0.262074531733,0.2606188803911209,0.026958983877767205,1084,4201.290590405904,1071.3333333333333,True,kept
manual_s00_cyst_0006,0,scene00,True,485.0,0.2585150218198687,0.25436463952064514,0.034657651958659004,979,4157.03064351379,956.6666666666666,True,kept
manual_s00_cyst_0006,0,scene00,True,495.0,0.2581091972790391,0.25046491622924805,0.04215083793478499,807,4092.825278810409,815.0,True,kept
manual_s00_cyst_0006,0,scene00,True,505.0,0.25067562115843633,0.2346767634153366,0.04306385633928862,659,3846.5735963581183,659.0,True,kept
manual_s00_cyst_0006,0,scene00,True,515.0,0.2671559331410085,0.26266342401504517,0.038047312295083936,511,3325.393346379648,456.3333333333333,True,kept
manual_s02_cyst_0001,2,scene02,True,315.0,0.5394017986642817,0.5346933901309967,0.07510083905372088,384,3103.3229166666665,344.6666666666667,True,kept
manual_s02_cyst_0001,2,scene02,True,325.0,0.46915588783561635,0.44827115535736084,0.09185458046183416,545,3825.3688073394496,531.0,True,kept
manual_s02_cyst_0001,2,scene02,True,335.0,0.42950740748320715,0.4081210196018219,0.08614009644082811,664,4178.155120481928,659.3333333333334,True,kept
manual_s02_cyst_0001,2,scene02,True,345.0,0.4040272425380578,0.382371723651886,0.09296697596794987,769,4227.825747724317,764.6666666666666,True,kept
manual_s02_cyst_0001,2,scene02,True,355.0,0.3721696784272011,0.3605911433696747,0.07254600320688055,861,4252.567944250871,863.6666666666666,True,kept
manual_s02_cyst_0001,2,scene02,True,365.0,0.3644517396540845,0.3509996235370636,0.06997301695223708,961,4145.041623309053,947.0,True,kept
manual_s02_cyst_0001,2,scene02,True,375.0,0.35197186831227695,0.3361854553222656,0.07479594918413607,1019,4170.405299313052,989.3333333333334,True,kept
manual_s02_cyst_0001,2,scene02,True,385.0,0.34059957055910395,0.32919226586818695,0.07462801009874609,988,4199.025303643724,984.3333333333334,True,kept
manual_s02_cyst_0001,2,scene02,True,395.0,0.3348632058715467,0.31663137674331665,0.08132649773795535,946,4201.649048625793,947.0,True,kept
manual_s02_cyst_0001,2,scene02,True,405.0,0.3224864698034663,0.3076609969139099,0.08209669195359239,907,4259.767364939361,907.6666666666666,True,kept
manual_s02_cyst_0001,2,scene02,True,415.0,0.3182368821967607,0.30312003195285797,0.08501709842142215,870,4281.526436781609,901.6666666666666,True,kept
manual_s02_cyst_0001,2,scene02,True,425.0,0.31606811248087163,0.29179801046848297,0.09695437514093554,928,4279.017241379311,954.3333333333334,True,kept
manual_s02_cyst_0001,2,scene02,True,435.0,0.2984695957580083,0.268330454826355,0.0900779403895697,1065,4343.507981220658,1083.0,True,kept
manual_s02_cyst_0001,2,scene02,True,445.0,0.2872214090363805,0.2659819722175598,0.07517179133298375,1256,4425.203025477707,1187.3333333333333,True,kept
manual_s02_cyst_0001,2,scene02,True,455.0,0.28103603401028465,0.2730393409729004,0.05860544365378577,1241,4455.536663980661,1233.0,True,kept
manual_s02_cyst_0001,2,scene02,True,465.0,0.2743827936157411,0.26451587677001953,0.05837836870676843,1202,4525.147254575707,1188.3333333333333,True,kept
manual_s02_cyst_0001,2,scene02,True,475.0,0.255076996198525,0.24064833670854568,0.062470479696783134,1122,4580.570409982175,1108.0,True,kept
manual_s02_cyst_0001,2,scene02,True,485.0,0.23204296135902405,0.20952009409666061,0.05865751546200282,1000,4592.439,979.6666666666666,True,kept
manual_s02_cyst_0001,2,scene02,True,495.0,0.23729634408997496,0.22468052804470062,0.056267289840350954,817,3831.8837209302324,776.6666666666666,True,kept
manual_s02_cyst_0001,2,scene02,True,505.0,0.2558812415971626,0.2518024742603302,0.028314611647443713,513,2647.6783625730995,461.0,True,kept
manual_s02_cyst_0002,2,scene02,True,525.0,0.3220304479201635,0.32368922233581543,0.04132102164275053,225,2466.52,336.0,True,kept
manual_s02_cyst_0002,2,scene02,True,535.0,0.2764398778954076,0.27630433440208435,0.04004279329227075,783,2816.185185185185,797.3333333333334,True,kept
manual_s02_cyst_0002,2,scene02,True,545.0,0.25430650131593896,0.24939391762018204,0.04265291337008548,1384,3300.623554913295,1281.3333333333333,True,kept
manual_s02_cyst_0002,2,scene02,True,555.0,0.22957853079908436,0.21148432791233063,0.05573996098174872,1677,4046.221824686941,1636.6666666666667,True,kept
manual_s02_cyst_0002,2,scene02,True,565.0,0.2264195399760813,0.20990875363349915,0.059084017106579234,1849,4452.600865332613,1835.3333333333333,True,kept
manual_s02_cyst_0002,2,scene02,True,575.0,0.23378140148941917,0.2173011675477028,0.05988308461100426,1980,4536.501515151515,1969.6666666666667,True,kept
manual_s02_cyst_0002,2,scene02,True,585.0,0.24581477312514416,0.22664855420589447,0.0726658275178541,2080,4471.169711538461,2044.6666666666667,True,kept
manual_s02_cyst_0002,2,scene02,True,595.0,0.25786141671865404,0.23925553262233734,0.08120909715049311,2074,4359.122950819672,1961.0,True,kept
manual_s02_cyst_0002,2,scene02,True,605.0,0.2653156946838212,0.24556481838226318,0.08718154390786466,1729,4307.575477154424,1618.3333333333333,True,kept
manual_s02_cyst_0002,2,scene02,True,615.0,0.2732205460620017,0.2624852955341339,0.0794268423032798,1052,4146.417300380228,1222.0,True,kept
manual_s02_cyst_0002,2,scene02,True,625.0,0.27023949065787645,0.2676505744457245,0.07476086193158656,885,4151.1581920903955,938.0,True,kept
manual_s02_cyst_0002,2,scene02,True,635.0,0.2680635787334246,0.2693934142589569,0.06752306265083796,877,4176.42645381984,890.0,True,kept
manual_s02_cyst_0002,2,scene02,True,645.0,0.26477813661623634,0.26076585054397583,0.06499655715304496,908,4198.953744493392,904.3333333333334,True,kept
manual_s02_cyst_0002,2,scene02,True,655.0,0.26711534520868085,0.25930698215961456,0.06449223969589728,928,4196.911637931034,923.0,True,kept
manual_s02_cyst_0002,2,scene02,True,665.0,0.27065077400092524,0.26521798968315125,0.06592855241395233,933,4223.411575562701,1044.6666666666667,True,kept
manual_s02_cyst_0002,2,scene02,True,675.0,0.264817359942858,0.253797709941864,0.05502139409617806,1273,4350.692065985861,1244.6666666666667,True,kept
manual_s02_cyst_0002,2,scene02,True,685.0,0.2600230976588127,0.2571782022714615,0.05454389010104967,1528,4476.943062827225,1459.0,True,kept
manual_s02_cyst_0002,2,scene02,True,695.0,0.25654857291788014,0.25231365859508514,0.0570481570888345,1576,4599.891497461929,1573.0,True,kept
manual_s02_cyst_0002,2,scene02,True,705.0,0.2511498304712514,0.23969705402851105,0.05671454077008995,1615,4625.484210526316,1606.3333333333333,True,kept
manual_s02_cyst_0002,2,scene02,True,715.0,0.24549367826166552,0.23106487840414047,0.054336142377882146,1628,4607.465601965602,1617.0,True,kept
manual_s02_cyst_0002,2,scene02,True,725.0,0.2502725780733041,0.22907546907663345,0.058438703973881345,1608,4394.577114427861,1592.6666666666667,True,kept
manual_s02_cyst_0002,2,scene02,True,735.0,0.2637658270145978,0.2388230562210083,0.0662527791864555,1542,3969.726329442283,1436.6666666666667,True,kept
manual_s02_cyst_0002,2,scene02,True,745.0,0.25913473235379003,0.2412971630692482,0.053343426202185594,1160,3906.8974137931036,1185.3333333333333,True,kept
manual_s02_cyst_0002,2,scene02,True,755.0,0.24056580189868493,0.23932405561208725,0.026115864220200184,854,4544.325526932084,954.6666666666666,True,kept
manual_s02_cyst_0002,2,scene02,True,765.0,0.24657528561704298,0.24587775766849518,0.03204512474765567,850,4657.558823529412,853.0,True,kept
manual_s02_cyst_0002,2,scene02,True,775.0,0.24835080075682256,0.24293018877506256,0.038300617971533196,855,4745.4269005847955,852.3333333333334,True,kept
manual_s02_cyst_0002,2,scene02,True,785.0,0.25307957284117527,0.24764595925807953,0.038288387430718475,852,4726.319248826291,852.6666666666666,True,kept
manual_s02_cyst_0002,2,scene02,True,795.0,0.25878193246071546,0.25453218817710876,0.03881238845124987,851,4725.170387779083,850.0,True,kept
manual_s02_cyst_0002,2,scene02,True,805.0,0.2729483546409866,0.2650585472583771,0.0471198016140758,847,4640.386068476978,863.3333333333334,True,kept
manual_s02_cyst_0002,2,scene02,True,815.0,0.27824982501265716,0.271774098277092,0.050371913500434524,892,4600.451793721973,926.0,True,kept
manual_s02_cyst_0002,2,scene02,True,825.0,0.2840293696915679,0.27831965684890747,0.045096377599156266,1039,4522.952839268527,1019.0,True,kept
manual_s02_cyst_0002,2,scene02,True,835.0,0.2917743976729166,0.2873578369617462,0.04302552695284783,1126,4544.396980461812,1085.0,True,kept
manual_s02_cyst_0002,2,scene02,True,845.0,0.30208092580694673,0.29338058829307556,0.05008572640176864,1090,4584.904587155963,1085.0,True,kept
manual_s02_cyst_0002,2,scene02,True,855.0,0.31572141542069837,0.30326661467552185,0.052434683224397254,1039,4536.81520692974,1032.6666666666667,True,kept
manual_s02_cyst_0002,2,scene02,True,865.0,0.3194354675533356,0.30458617210388184,0.05221238251411763,969,4444.872033023736,957.0,True,kept
manual_s02_cyst_0002,2,scene02,True,875.0,0.322340878557634,0.31295621395111084,0.040896176944098785,863,4123.042873696408,837.3333333333334,True,kept
manual_s02_cyst_0002,2,scene02,True,885.0,0.34307258032700594,0.34603723883628845,0.03462023087745354,680,3583.919117647059,652.6666666666666,True,kept
manual_s02_cyst_0002,2,scene02,True,895.0,0.38966732369848045,0.3856370151042938,0.034189790708904516,415,2802.055421686747,382.3333333333333,True,kept
manual_s02_cyst_0003,2,scene02,True,295.0,0.5711604457635145,0.5753344893455505,0.0877794044287372,325,2747.5046153846156,318.6666666666667,True,kept
manual_s02_cyst_0003,2,scene02,True,305.0,0.48368339377937586,0.47442400455474854,0.07574332535729268,564,3074.5159574468084,540.0,True,kept
manual_s02_cyst_0003,2,scene02,True,315.0,0.440955694780141,0.4189901053905487,0.08227888073753822,731,3392.389876880985,705.3333333333334,True,kept
manual_s02_cyst_0003,2,scene02,True,325.0,0.40327437550519185,0.3790011405944824,0.07920939963762022,821,3707.0816077953714,818.0,True,kept
manual_s02_cyst_0003,2,scene02,True,335.0,0.37968340489658176,0.3532934635877609,0.07926863997199665,902,3756.8813747228382,899.3333333333334,True,kept
manual_s02_cyst_0003,2,scene02,True,345.0,0.35301151902247696,0.3357779383659363,0.05823595909254987,975,3643.68,968.3333333333334,True,kept
manual_s02_cyst_0003,2,scene02,True,355.0,0.34535706208489747,0.3280636817216873,0.05797782400402336,1028,3573.6079766536964,1000.0,True,kept
manual_s02_cyst_0003,2,scene02,True,365.0,0.3356595764697017,0.31793835759162903,0.06505040077079921,997,3612.58074222668,973.0,True,kept
manual_s02_cyst_0003,2,scene02,True,375.0,0.33557736351919387,0.31184275448322296,0.07163280245535344,894,3587.549217002237,930.3333333333334,True,kept
manual_s02_cyst_0003,2,scene02,True,385.0,0.32003243585427604,0.3021005541086197,0.06272858811749034,900,3657.257777777778,908.0,True,kept
manual_s02_cyst_0003,2,scene02,True,395.0,0.307211622403514,0.2894349992275238,0.05278810292506642,930,3694.874193548387,979.3333333333334,True,kept
manual_s02_cyst_0003,2,scene02,True,405.0,0.29630416140821003,0.2813679277896881,0.044856482612683976,1108,3653.7960288808663,1042.3333333333333,True,kept
manual_s02_cyst_0003,2,scene02,True,415.0,0.2891190187087072,0.2719670534133911,0.050022163962690325,1089,3672.4609733700645,1086.6666666666667,True,kept
manual_s02_cyst_0003,2,scene02,True,425.0,0.29047834047537757,0.2789115607738495,0.04510311752185934,1063,3637.7704609595485,1057.0,True,kept
manual_s02_cyst_0003,2,scene02,True,435.0,0.2748782113267582,0.26822590827941895,0.04012058990412519,1019,3840.4749754661434,1009.0,True,kept
manual_s02_cyst_0003,2,scene02,True,445.0,0.25565900375288,0.24086976051330566,0.04550405991911555,945,3930.7714285714287,924.3333333333334,True,kept
manual_s02_cyst_0003,2,scene02,True,455.0,0.25775301887461516,0.2507275640964508,0.04876179202721313,809,3579.300370828183,767.3333333333334,True,kept
manual_s02_cyst_0003,2,scene02,True,465.0,0.2858403252750418,0.28217095136642456,0.03132170770007014,548,2552.2627737226276,455.6666666666667,True,kept
manual_s02_cyst_0004,2,scene02,True,355.0,0.4555740788374862,0.4555557072162628,0.03731952779357296,365,2768.131506849315,326.3333333333333,True,kept
manual_s02_cyst_0004,2,scene02,True,365.0,0.4227608702056212,0.41515009105205536,0.05141239529525018,584,3715.3835616438355,550.0,True,kept
manual_s02_cyst_0004,2,scene02,True,375.0,0.3972073631007729,0.38104766607284546,0.05491416701152585,701,4011.613409415121,696.3333333333334,True,kept
manual_s02_cyst_0004,2,scene02,True,385.0,0.3599727927378161,0.3449702858924866,0.05667491213506136,804,4364.424129353234,805.6666666666666,True,kept
manual_s02_cyst_0004,2,scene02,True,395.0,0.33632132870128806,0.3334200084209442,0.03912008635362233,912,4580.787280701755,894.3333333333334,True,kept
manual_s02_cyst_0004,2,scene02,True,405.0,0.33252354843046944,0.32581713795661926,0.036145922751126575,967,4501.70734229576,968.3333333333334,True,kept
manual_s02_cyst_0004,2,scene02,True,415.0,0.33040863908754686,0.32714907824993134,0.044825689708602345,1026,4353.979532163743,985.6666666666666,True,kept
manual_s02_cyst_0004,2,scene02,True,425.0,0.32279586269524085,0.323639377951622,0.04610578404289705,964,4357.142116182573,968.6666666666666,True,kept
manual_s02_cyst_0004,2,scene02,True,435.0,0.3197755401213877,0.32285933196544647,0.04555949009260045,916,4316.7620087336245,924.3333333333334,True,kept
manual_s02_cyst_0004,2,scene02,True,445.0,0.31217313468589764,0.3130800426006317,0.053173810124015446,893,4372.96640537514,898.0,True,kept
manual_s02_cyst_0004,2,scene02,True,455.0,0.31560564879643715,0.31174570322036743,0.058756778699897524,885,4300.326553672317,882.6666666666666,True,kept
manual_s02_cyst_0004,2,scene02,True,465.0,0.313767750287193,0.3080856502056122,0.06920794021347478,870,4369.45632183908,901.3333333333334,True,kept
manual_s02_cyst_0004,2,scene02,True,475.0,0.31386424985776085,0.29868271946907043,0.07959885629093189,949,4293.442571127503,957.6666666666666,True,kept
manual_s02_cyst_0004,2,scene02,True,485.0,0.3025211876495061,0.28828054666519165,0.0645341080379972,1054,4345.500948766604,1067.0,True,kept
manual_s02_cyst_0004,2,scene02,True,495.0,0.2963270762304034,0.2812865823507309,0.05685527645492213,1198,4363.40734557596,1190.0,True,kept
manual_s02_cyst_0004,2,scene02,True,505.0,0.2872093816786688,0.2720346450805664,0.05454314151185111,1318,4394.1820940819425,1258.6666666666667,True,kept
manual_s02_cyst_0004,2,scene02,True,515.0,0.2845226909314829,0.26649290323257446,0.06092529841816021,1260,4464.279365079365,1259.6666666666667,True,kept
manual_s02_cyst_0004,2,scene02,True,525.0,0.27784468526397516,0.26059257984161377,0.06175318809563193,1201,4468.947543713572,1175.6666666666667,True,kept
manual_s02_cyst_0004,2,scene02,True,535.0,0.2755990740170398,0.25721341371536255,0.05903221519160965,1066,4268.003752345216,1048.0,True,kept
manual_s02_cyst_0004,2,scene02,True,545.0,0.2660909174615464,0.24508780241012573,0.058719033418744335,877,4134.379703534778,880.6666666666666,True,kept
manual_s02_cyst_0004,2,scene02,True,555.0,0.2795343148989739,0.27409255504608154,0.0582081702825002,699,3664.3304721030045,668.0,True,kept
manual_s02_cyst_0004,2,scene02,True,565.0,0.3330666573248177,0.33904269337654114,0.04082843168341693,428,2750.6682242990655,394.6666666666667,True,kept
manual_s02_cyst_0005,2,scene02,True,375.0,0.41133909496037585,0.406784251332283,0.05097272312232246,456,3579.2280701754385,423.0,True,kept
manual_s02_cyst_0005,2,scene02,True,385.0,0.3795930716791764,0.37524330615997314,0.046482186572772255,609,4153.742200328407,596.3333333333334,True,kept
manual_s02_cyst_0005,2,scene02,True,395.0,0.3654528566898562,0.3695286363363266,0.04924694236775337,724,4295.291436464088,716.0,True,kept
manual_s02_cyst_0005,2,scene02,True,405.0,0.37534141924483644,0.3792068064212799,0.04287269807476607,815,4156.824539877301,810.6666666666666,True,kept
manual_s02_cyst_0005,2,scene02,True,415.0,0.34759982058742944,0.34305593371391296,0.04019459084361618,893,4156.2071668533035,892.6666666666666,True,kept
manual_s02_cyst_0005,2,scene02,True,425.0,0.3355482610691454,0.33053068816661835,0.0417469036471959,970,4069.2484536082475,952.0,True,kept
manual_s02_cyst_0005,2,scene02,True,435.0,0.32844986789836383,0.32488176226615906,0.0453871363112948,993,4023.9889224572003,957.3333333333334,True,kept
manual_s02_cyst_0005,2,scene02,True,445.0,0.32218741123104516,0.3151678442955017,0.05234148986812322,909,4087.895489548955,937.0,True,kept
manual_s02_cyst_0005,2,scene02,True,455.0,0.3173757797420615,0.3070937693119049,0.048073970984237234,909,4001.107810781078,934.0,True,kept
manual_s02_cyst_0005,2,scene02,True,465.0,0.30830210533629104,0.29376065731048584,0.050565441808638735,984,4051.4024390243903,995.0,True,kept
manual_s02_cyst_0005,2,scene02,True,475.0,0.2959478069028575,0.2800508141517639,0.046963999365144664,1092,4113.59706959707,1064.3333333333333,True,kept
manual_s02_cyst_0005,2,scene02,True,485.0,0.28879545416913077,0.2775363326072693,0.042319265960070025,1117,4111.820948970457,1091.6666666666667,True,kept
manual_s02_cyst_0005,2,scene02,True,495.0,0.2790459089302659,0.2674706280231476,0.04529709787546403,1066,4221.409943714822,1056.0,True,kept
manual_s02_cyst_0005,2,scene02,True,505.0,0.27600250778161933,0.26194116473197937,0.0505343603194598,985,4266.080203045685,972.6666666666666,True,kept
manual_s02_cyst_0005,2,scene02,True,515.0,0.2691402349539419,0.25162601470947266,0.05275818091978604,867,4216.227220299885,863.6666666666666,True,kept
manual_s02_cyst_0005,2,scene02,True,525.0,0.2648551864738555,0.241561159491539,0.06174954062101392,739,3970.3707713125846,717.6666666666666,True,kept
manual_s02_cyst_0005,2,scene02,True,535.0,0.30096284712799287,0.3054681420326233,0.042976862865324185,547,3022.729433272395,477.6666666666667,True,kept
manual_s03_cyst_0001,3,scene03,True,325.0,0.7685776758885038,0.7595579624176025,0.10701601805219269,414,2667.753623188406,373.3333333333333,True,kept
manual_s03_cyst_0001,3,scene03,True,335.0,0.6436057154137593,0.6086140871047974,0.10953386310661421,616,3616.353896103896,597.6666666666666,True,kept
manual_s03_cyst_0001,3,scene03,True,345.0,0.5750190500428761,0.5567202568054199,0.09107518725040013,763,3923.193971166448,748.6666666666666,True,kept
manual_s03_cyst_0001,3,scene03,True,355.0,0.5467471810704422,0.5364632606506348,0.08630805910308582,867,3989.5663206459053,866.0,True,kept
manual_s03_cyst_0001,3,scene03,True,365.0,0.5099072087217461,0.49395298957824707,0.07368182943172166,968,3980.686983471074,968.6666666666666,True,kept
manual_s03_cyst_0001,3,scene03,True,375.0,0.48129177421860114,0.45789554715156555,0.07905744859513904,1071,3980.095238095238,1056.0,True,kept
manual_s03_cyst_0001,3,scene03,True,385.0,0.4608727983397863,0.44172805547714233,0.07965186937328586,1129,3942.33215234721,1077.3333333333333,True,kept
manual_s03_cyst_0001,3,scene03,True,395.0,0.44221950429239015,0.4213043749332428,0.07651309811760544,1032,3909.5271317829456,1040.0,True,kept
manual_s03_cyst_0001,3,scene03,True,405.0,0.42186505898320514,0.3947170078754425,0.07901250721879896,959,3884.023983315954,957.6666666666666,True,kept
manual_s03_cyst_0001,3,scene03,True,415.0,0.41058463253537003,0.38298311829566956,0.08448582785612573,882,3880.2596371882087,901.6666666666666,True,kept
manual_s03_cyst_0001,3,scene03,True,425.0,0.38559128889055166,0.3675169199705124,0.07560359603159304,864,3879.4236111111113,966.6666666666666,True,kept
manual_s03_cyst_0001,3,scene03,True,435.0,0.37864858268451856,0.36223888397216797,0.07665290442101697,1154,3848.0043327556327,1127.0,True,kept
manual_s03_cyst_0001,3,scene03,True,445.0,0.36762304690421194,0.35249510407447815,0.06853693505247885,1363,3923.97798972854,1283.3333333333333,True,kept
manual_s03_cyst_0001,3,scene03,True,455.0,0.36255676390439695,0.35282090306282043,0.06886845807063718,1333,4043.6054013503376,1339.0,True,kept
manual_s03_cyst_0001,3,scene03,True,465.0,0.3551314899092998,0.34589308500289917,0.07187846560759739,1321,4182.57910673732,1302.0,True,kept
manual_s03_cyst_0001,3,scene03,True,475.0,0.33768475434174555,0.3266814798116684,0.07975847256925263,1252,4110.884984025559,1227.6666666666667,True,kept
manual_s03_cyst_0001,3,scene03,True,485.0,0.3104061608513196,0.28609608113765717,0.0793240072794447,1110,4080.0855855855857,1097.6666666666667,True,kept
manual_s03_cyst_0001,3,scene03,True,495.0,0.3371269529251228,0.32006531953811646,0.06801738242132839,931,3056.1450053705694,824.3333333333334,True,kept
manual_s03_cyst_0001,3,scene03,True,505.0,0.346266876216288,0.33670011162757874,0.04649414034378255,432,2152.337962962963,454.3333333333333,True,kept
manual_s03_cyst_0002,3,scene03,True,375.0,0.5142303759119863,0.49848946928977966,0.06970711807784201,481,2818.6320166320165,434.6666666666667,True,kept
manual_s03_cyst_0002,3,scene03,True,385.0,0.4746313931173875,0.46196630597114563,0.06168546646206283,627,3258.342902711324,616.3333333333334,True,kept
manual_s03_cyst_0002,3,scene03,True,395.0,0.4591355745287238,0.44293636083602905,0.06876209795723146,741,3419.8110661268556,735.6666666666666,True,kept
manual_s03_cyst_0002,3,scene03,True,405.0,0.4409971322433599,0.4225945472717285,0.08519572591885581,839,3550.812872467223,827.0,True,kept
manual_s03_cyst_0002,3,scene03,True,415.0,0.4199506239872529,0.40032514929771423,0.07486898327390103,901,3605.206437291898,898.6666666666666,True,kept
manual_s03_cyst_0002,3,scene03,True,425.0,0.39614137605019695,0.3748944401741028,0.06973116036478583,956,3638.2688284518827,943.0,True,kept
manual_s03_cyst_0002,3,scene03,True,435.0,0.3770093450575699,0.3615138530731201,0.05997845277779697,972,3663.048353909465,952.6666666666666,True,kept
manual_s03_cyst_0002,3,scene03,True,445.0,0.37245000136154954,0.35071463882923126,0.07582814470135062,930,3779.956989247312,935.3333333333334,True,kept
manual_s03_cyst_0002,3,scene03,True,455.0,0.36180604216271794,0.3416419178247452,0.07017398708247649,904,3859.880530973451,911.6666666666666,True,kept
manual_s03_cyst_0002,3,scene03,True,465.0,0.3526796934739599,0.3308253288269043,0.0859375790265171,901,4025.8457269700334,900.6666666666666,True,kept
manual_s03_cyst_0002,3,scene03,True,475.0,0.3506433208584121,0.3298206329345703,0.07943451238530924,897,4008.2207357859534,897.6666666666666,True,kept
manual_s03_cyst_0002,3,scene03,True,485.0,0.34022596811449063,0.31951308250427246,0.07323136148294981,895,4020.2346368715084,897.0,True,kept
manual_s03_cyst_0002,3,scene03,True,495.0,0.34030886055762827,0.3241703510284424,0.06132871253552579,899,3992.9021134593995,897.6666666666666,True,kept
manual_s03_cyst_0002,3,scene03,True,505.0,0.3542109910684645,0.33119821548461914,0.07453166853970594,899,3928.9866518353724,892.6666666666666,True,kept
manual_s03_cyst_0002,3,scene03,True,515.0,0.34931545691056687,0.3314514756202698,0.06463632315750835,880,3924.4954545454543,888.3333333333334,True,kept
manual_s03_cyst_0002,3,scene03,True,525.0,0.33703330959746314,0.31944529712200165,0.059896021577209836,886,3976.133182844244,889.0,True,kept
manual_s03_cyst_0002,3,scene03,True,535.0,0.33446451275713834,0.31946128606796265,0.05756543735214684,901,4008.261931187569,897.6666666666666,True,kept
manual_s03_cyst_0002,3,scene03,True,545.0,0.34837776466908044,0.33584292232990265,0.06235692386696501,906,3875.9679911699777,900.3333333333334,True,kept
manual_s03_cyst_0002,3,scene03,True,555.0,0.34977014294473385,0.34483037889003754,0.049286071919498735,894,3859.681208053691,887.3333333333334,True,kept
manual_s03_cyst_0002,3,scene03,True,565.0,0.345025293892055,0.33919021487236023,0.04121953759463726,862,3920.421113689095,861.3333333333334,True,kept
manual_s03_cyst_0002,3,scene03,True,575.0,0.3413543299488399,0.33259953558444977,0.043499757769947064,828,3863.5157004830917,830.3333333333334,True,kept
manual_s03_cyst_0002,3,scene03,True,585.0,0.3385122295250458,0.3315104842185974,0.0485856167404786,801,3843.63670411985,801.6666666666666,True,kept
manual_s03_cyst_0002,3,scene03,True,595.0,0.3407647212794454,0.3314071446657181,0.053447222031193176,776,3842.9690721649486,775.0,True,kept
manual_s03_cyst_0002,3,scene03,True,605.0,0.3545970930692984,0.3487122505903244,0.0462592564974366,748,3694.1029411764707,741.3333333333334,True,kept
manual_s03_cyst_0002,3,scene03,True,615.0,0.38181777417659757,0.3658665418624878,0.0634577406849382,700,3580.5257142857145,698.6666666666666,True,kept
manual_s03_cyst_0002,3,scene03,True,625.0,0.3919820421731766,0.36924999952316284,0.0669949765014961,648,3444.645061728395,648.6666666666666,True,kept
manual_s03_cyst_0002,3,scene03,True,635.0,0.38742521769027644,0.3764793276786804,0.07249397363395572,598,3509.6120401337794,588.3333333333334,True,kept
manual_s03_cyst_0002,3,scene03,True,645.0,0.3994047954133021,0.38374513387680054,0.0782878722654947,519,3394.8921001926783,514.3333333333334,True,kept
manual_s03_cyst_0002,3,scene03,True,655.0,0.4334042685832216,0.42781636118888855,0.06154973035190415,426,2975.5046948356808,408.3333333333333,True,kept
manual_s03_cyst_0003,3,scene03,True,325.0,0.784912880171429,0.7557536959648132,0.1452145354747189,440,2700.481818181818,378.0,True,kept
manual_s03_cyst_0003,3,scene03,True,335.0,0.6545063663154286,0.6277321577072144,0.11325120877700548,591,3188.580372250423,584.6666666666666,True,kept
manual_s03_cyst_0003,3,scene03,True,345.0,0.5847155734134083,0.5601674914360046,0.10673453504915792,723,3406.218533886584,725.6666666666666,True,kept
manual_s03_cyst_0003,3,scene03,True,355.0,0.5300606217749011,0.49521055817604065,0.10057713837659644,863,3530.098493626883,838.3333333333334,True,kept
manual_s03_cyst_0003,3,scene03,True,365.0,0.49395397931048635,0.456560343503952,0.10092521531651669,929,3714.707212055974,941.6666666666666,True,kept
manual_s03_cyst_0003,3,scene03,True,375.0,0.4540725366824594,0.4215962290763855,0.09456462287498675,1033,3802.538238141336,1029.3333333333333,True,kept
manual_s03_cyst_0003,3,scene03,True,385.0,0.43696848659066495,0.40412503480911255,0.10181347078467318,1126,3755.8134991119005,1091.0,True,kept
manual_s03_cyst_0003,3,scene03,True,395.0,0.4129573349143701,0.38886114954948425,0.07657545869701825,1114,3759.306104129264,1138.3333333333333,True,kept
manual_s03_cyst_0003,3,scene03,True,405.0,0.40151960431261263,0.3744697868824005,0.08582750557115616,1175,3743.52085106383,1175.6666666666667,True,kept
manual_s03_cyst_0003,3,scene03,True,415.0,0.38861172847293307,0.35590381920337677,0.08469602086421398,1238,3758.9014539579966,1244.6666666666667,True,kept
manual_s03_cyst_0003,3,scene03,True,425.0,0.37364244102348804,0.34393081068992615,0.07316084240495127,1321,3789.86449659349,1298.0,True,kept
manual_s03_cyst_0003,3,scene03,True,435.0,0.36075361467032846,0.3362427055835724,0.07014587838785748,1335,3854.3460674157304,1332.6666666666667,True,kept
manual_s03_cyst_0003,3,scene03,True,445.0,0.3542937679901919,0.33990126848220825,0.060189991906812866,1342,3786.774962742176,1323.6666666666667,True,kept
manual_s03_cyst_0003,3,scene03,True,455.0,0.33374094594575154,0.32269376516342163,0.04674926619096635,1294,3818.496136012365,1303.3333333333333,True,kept
manual_s03_cyst_0003,3,scene03,True,465.0,0.3140167953268138,0.3053564131259918,0.03854091355478774,1274,3790.7252747252746,1269.0,True,kept
manual_s03_cyst_0003,3,scene03,True,475.0,0.30053537289061016,0.2943648397922516,0.03250744436012684,1239,3798.4196933010494,1228.0,True,kept
manual_s03_cyst_0003,3,scene03,True,485.0,0.29966575169441134,0.289303719997406,0.03920201690427921,1171,3860.0392826643892,1200.6666666666667,True,kept
manual_s03_cyst_0003,3,scene03,True,495.0,0.29151598314110866,0.2858182340860367,0.0348940966547914,1192,3858.9110738255035,1166.3333333333333,True,kept
manual_s03_cyst_0003,3,scene03,True,505.0,0.2843790917565495,0.28018006682395935,0.027066196769896834,1136,3806.6610915492956,1137.0,True,kept
manual_s03_cyst_0003,3,scene03,True,515.0,0.2733458882663829,0.2721988558769226,0.024241792650705293,1083,3814.6989843028623,1073.0,True,kept
manual_s03_cyst_0003,3,scene03,True,525.0,0.2711510642170906,0.26980067789554596,0.026759819538305196,1000,3748.292,996.3333333333334,True,kept
manual_s03_cyst_0003,3,scene03,True,535.0,0.27464201691134876,0.2704700529575348,0.031295055403827196,906,3551.6975717439295,910.6666666666666,True,kept
manual_s03_cyst_0003,3,scene03,True,545.0,0.27293784353548334,0.26992225646972656,0.029489342369367143,826,3378.733656174334,818.0,True,kept
manual_s03_cyst_0003,3,scene03,True,555.0,0.2886194361585329,0.2813962250947952,0.041266155450884044,722,2982.932132963989,682.6666666666666,True,kept
manual_s03_cyst_0003,3,scene03,True,565.0,0.31181585940718654,0.29024839401245117,0.05562044664835053,500,2703.43,484.0,True,kept
manual_s03_cyst_0004,3,scene03,True,305.0,0.5356406324676105,0.5301773250102997,0.059989154234389996,392,2927.9132653061224,350.0,True,kept
manual_s03_cyst_0004,3,scene03,True,315.0,0.5221979455666595,0.5197003483772278,0.041441537984204024,534,3421.4157303370785,532.0,True,kept
manual_s03_cyst_0004,3,scene03,True,325.0,0.4859146574095114,0.48784516751766205,0.05204814295644227,670,3813.020895522388,651.6666666666666,True,kept
manual_s03_cyst_0004,3,scene03,True,335.0,0.4910993170881081,0.4887239634990692,0.05185611847449005,751,3852.925432756325,744.0,True,kept
manual_s03_cyst_0004,3,scene03,True,345.0,0.4554899048643547,0.4561918079853058,0.05696704943836468,811,3849.8273736128235,814.6666666666666,True,kept
manual_s03_cyst_0004,3,scene03,True,355.0,0.421809325615565,0.42057184875011444,0.03631021358224559,882,3897.486394557823,881.6666666666666,True,kept
manual_s03_cyst_0004,3,scene03,True,365.0,0.3946333068634282,0.3910455256700516,0.03965507960834738,952,3825.02731092437,920.0,True,kept
manual_s03_cyst_0004,3,scene03,True,375.0,0.37401791270942975,0.3683730810880661,0.0349410635986028,926,3911.1900647948164,926.6666666666666,True,kept
manual_s03_cyst_0004,3,scene03,True,385.0,0.37105042700492624,0.36221088469028473,0.03950630500566323,902,3939.967849223947,912.3333333333334,True,kept
manual_s03_cyst_0004,3,scene03,True,395.0,0.36307628464252906,0.35286054015159607,0.046829120385987175,909,4019.4620462046205,898.6666666666666,True,kept
manual_s03_cyst_0004,3,scene03,True,405.0,0.3576479710764804,0.3528112471103668,0.0404695688985752,885,4062.1322033898305,891.0,True,kept
manual_s03_cyst_0004,3,scene03,True,415.0,0.36638153918231575,0.3582232892513275,0.04095530275107424,879,3990.307167235495,910.6666666666666,True,kept
manual_s03_cyst_0004,3,scene03,True,425.0,0.3554477203206336,0.35524487495422363,0.04681832362334564,968,3931.9762396694214,993.3333333333334,True,kept
manual_s03_cyst_0004,3,scene03,True,435.0,0.3476764062865056,0.3396874666213989,0.04552231855124758,1133,3856.270079435128,1083.3333333333333,True,kept
manual_s03_cyst_0004,3,scene03,True,445.0,0.33997631311624127,0.3295753598213196,0.044397296943482566,1149,3914.54046997389,1140.0,True,kept
manual_s03_cyst_0004,3,scene03,True,455.0,0.3420637145717031,0.33169522881507874,0.04874781364569042,1138,3939.8312829525485,1124.0,True,kept
manual_s03_cyst_0004,3,scene03,True,465.0,0.32819339866462394,0.3186608850955963,0.04273670091062255,1085,4139.902304147466,1067.6666666666667,True,kept
manual_s03_cyst_0004,3,scene03,True,475.0,0.33199781053224386,0.3161483556032181,0.04943378730788669,980,4042.101020408163,970.0,True,kept
manual_s03_cyst_0004,3,scene03,True,485.0,0.3459952673968479,0.3307543396949768,0.0779494141260549,845,3716.8130177514795,819.3333333333334,True,kept
manual_s03_cyst_0004,3,scene03,True,495.0,0.38383880238774076,0.39060619473457336,0.05880125876639504,633,2848.7172195892576,562.0,True,kept
manual_s03_cyst_0004,3,scene03,True,505.0,0.42515087901399684,0.4225335419178009,0.03276576070808151,208,2130.7259615384614,280.3333333333333,True,kept
manual_s04_cyst_0001,4,scene04,True,585.0,0.26179642805370157,0.2589781880378723,0.03289889323028141,377,2821.371352785146,349.6666666666667,True,kept
manual_s04_cyst_0001,4,scene04,True,595.0,0.25079365440511275,0.2400946170091629,0.04098211543793754,672,3712.7023809523807,622.6666666666666,True,kept
manual_s04_cyst_0001,4,scene04,True,605.0,0.24487735101809868,0.2337028682231903,0.044873548789044364,819,4501.693528693529,800.6666666666666,True,kept
manual_s04_cyst_0001,4,scene04,True,615.0,0.2628468967131804,0.2577577233314514,0.04360548549430144,911,4707.444566410538,900.0,True,kept
manual_s04_cyst_0001,4,scene04,True,625.0,0.2800216718279209,0.27991916239261627,0.03868761942810862,970,4582.860824742268,974.6666666666666,True,kept
manual_s04_cyst_0001,4,scene04,True,635.0,0.2823725056871129,0.28332260251045227,0.043520696017296925,1043,4548.940556088207,1033.3333333333333,True,kept
manual_s04_cyst_0001,4,scene04,True,645.0,0.2837344242162187,0.2812347114086151,0.047665715682660294,1087,4526.827966881325,1056.6666666666667,True,kept
manual_s04_cyst_0001,4,scene04,True,655.0,0.2851299793531115,0.2845582813024521,0.04681383143610423,1040,4581.779807692307,1024.3333333333333,True,kept
manual_s04_cyst_0001,4,scene04,True,665.0,0.28982938311001716,0.29774487018585205,0.052532629617994576,946,4608.624735729387,966.0,True,kept
manual_s04_cyst_0001,4,scene04,True,675.0,0.2891244629986192,0.2946891635656357,0.05102792299475152,912,4662.148026315789,924.0,True,kept
manual_s04_cyst_0001,4,scene04,True,685.0,0.3008529234278124,0.30483101308345795,0.058782657260931036,914,4545.739606126915,918.3333333333334,True,kept
manual_s04_cyst_0001,4,scene04,True,695.0,0.294636582532663,0.2985978424549103,0.056015501217699555,929,4631.727664155005,932.3333333333334,True,kept
manual_s04_cyst_0001,4,scene04,True,705.0,0.2982488290037749,0.29979974031448364,0.05814834018076076,954,4593.008385744235,954.6666666666666,True,kept
manual_s04_cyst_0001,4,scene04,True,715.0,0.3038939214050466,0.30063873529434204,0.06090830984265227,981,4599.153924566768,978.6666666666666,True,kept
manual_s04_cyst_0001,4,scene04,True,725.0,0.31246659701520746,0.30638667941093445,0.053206876874087226,1001,4562.57042957043,1000.0,True,kept
manual_s04_cyst_0001,4,scene04,True,735.0,0.3130530573295938,0.3116089254617691,0.05609442730369912,1018,4582.979371316306,1037.6666666666667,True,kept
manual_s04_cyst_0001,4,scene04,True,745.0,0.31413006880601535,0.3109678626060486,0.05389595822885039,1094,4547.303473491774,1054.0,True,kept
manual_s04_cyst_0001,4,scene04,True,755.0,0.329147120870295,0.3265913426876068,0.05096762428210133,1050,4476.266666666666,1043.0,True,kept
manual_s04_cyst_0001,4,scene04,True,765.0,0.33917842268338666,0.33289024233818054,0.061085074780376954,985,4529.373604060914,984.6666666666666,True,kept
manual_s04_cyst_0001,4,scene04,True,775.0,0.3465351738984229,0.3354761004447937,0.08524511265024412,919,4693.342763873776,910.0,True,kept
manual_s04_cyst_0001,4,scene04,True,785.0,0.3563315864950058,0.32418718934059143,0.09738096268250684,826,4630.598062953995,811.0,True,kept
manual_s04_cyst_0001,4,scene04,True,795.0,0.37953592100462247,0.3507266193628311,0.07709227278450949,688,4080.5494186046512,655.3333333333334,True,kept
manual_s04_cyst_0001,4,scene04,True,805.0,0.4499013056665395,0.4558343291282654,0.06829123737316227,452,3132.1017699115046,393.0,True,kept
manual_s04_cyst_0002,4,scene04,True,305.0,0.6727561749974076,0.6636622846126556,0.06686951918932378,392,3209.704081632653,333.3333333333333,True,kept
manual_s04_cyst_0002,4,scene04,True,315.0,0.5984203366497308,0.5836080312728882,0.07975245874668428,541,3882.2883548983364,542.6666666666666,True,kept
manual_s04_cyst_0002,4,scene04,True,325.0,0.5544538566534468,0.530490517616272,0.07419833242403341,695,3892.4906474820145,677.6666666666666,True,kept
manual_s04_cyst_0002,4,scene04,True,335.0,0.508452182170588,0.502748429775238,0.056237371120036794,797,3987.7867001254704,791.6666666666666,True,kept
manual_s04_cyst_0002,4,scene04,True,345.0,0.46905432737697156,0.46140652894973755,0.05371085476582735,883,3960.5005662514154,877.3333333333334,True,kept
manual_s04_cyst_0002,4,scene04,True,355.0,0.43565258339923973,0.42791062593460083,0.04358181354317226,952,3902.345588235294,952.3333333333334,True,kept
manual_s04_cyst_0002,4,scene04,True,365.0,0.4169556110397477,0.4064893424510956,0.04953129778449731,1022,3856.795499021526,978.0,True,kept
manual_s04_cyst_0002,4,scene04,True,375.0,0.4104895806250473,0.3995258957147598,0.06813131343947827,960,3935.3020833333335,952.6666666666666,True,kept
manual_s04_cyst_0002,4,scene04,True,385.0,0.39290056455897415,0.3826277256011963,0.06501286734538876,876,3968.599315068493,927.0,True,kept
manual_s04_cyst_0002,4,scene04,True,395.0,0.3809936108097198,0.37680989503860474,0.0517618507639756,945,3879.0126984126982,958.0,True,kept
manual_s04_cyst_0002,4,scene04,True,405.0,0.36766337728568294,0.3591572344303131,0.05326549271752702,1053,3917.0066476733145,1045.6666666666667,True,kept
manual_s04_cyst_0002,4,scene04,True,415.0,0.3539359017068404,0.3446579873561859,0.05785463484156968,1139,3998.5241439859524,1109.3333333333333,True,kept
manual_s04_cyst_0002,4,scene04,True,425.0,0.34639513602768873,0.3250928521156311,0.05589179167985936,1136,4038.676936619718,1121.0,True,kept
manual_s04_cyst_0002,4,scene04,True,435.0,0.3332094759132494,0.32016755640506744,0.04287995273548987,1088,4161.261029411765,1081.0,True,kept
manual_s04_cyst_0002,4,scene04,True,445.0,0.31230908860402207,0.29953426122665405,0.04708099837189316,1019,4316.308145240432,998.3333333333334,True,kept
manual_s04_cyst_0002,4,scene04,True,455.0,0.28485869089359633,0.26979121565818787,0.04917609960107937,888,4294.695945945946,868.3333333333334,True,kept
manual_s04_cyst_0002,4,scene04,True,465.0,0.25811755721241153,0.24958031624555588,0.04377202656876391,698,4189.744985673353,676.0,True,kept
manual_s04_cyst_0002,4,scene04,True,475.0,0.28873294355912443,0.2899910509586334,0.032045997544715356,442,2970.4004524886877,388.6666666666667,True,kept
manual_s04_cyst_0003,4,scene04,True,525.0,0.2950902411963527,0.2895013839006424,0.03952796801601208,508,3214.2086614173227,484.0,True,kept
manual_s04_cyst_0003,4,scene04,True,535.0,0.28818307880391464,0.28021907806396484,0.049053719762269306,658,3728.5091185410333,658.3333333333334,True,kept
manual_s04_cyst_0003,4,scene04,True,545.0,0.29030966841614586,0.2786557376384735,0.04776842384541346,809,3910.833127317676,815.0,True,kept
manual_s04_cyst_0003,4,scene04,True,555.0,0.31113890497535773,0.28369569778442383,0.06919407862777092,978,3999.4601226993864,968.0,True,kept
manual_s04_cyst_0003,4,scene04,True,565.0,0.3215162228049182,0.28858232498168945,0.09820811803929724,1117,4323.616830796777,1108.0,True,kept
manual_s04_cyst_0003,4,scene04,True,575.0,0.336409719374434,0.2954905927181244,0.11974576081943725,1229,4473.387306753458,1211.0,True,kept
manual_s04_cyst_0003,4,scene04,True,585.0,0.3475947040708471,0.3122674822807312,0.11555899341269804,1287,4407.5641025641025,1262.0,True,kept
manual_s04_cyst_0003,4,scene04,True,595.0,0.3635993100761429,0.32086604833602905,0.12780740793103837,1270,4342.491338582678,1264.6666666666667,True,kept
manual_s04_cyst_0003,4,scene04,True,605.0,0.3739553775966601,0.3436829745769501,0.12705772222853712,1237,4300.805173807599,1221.0,True,kept
manual_s04_cyst_0003,4,scene04,True,615.0,0.3658966429557355,0.3478846848011017,0.1269801090626623,1156,4302.700692041522,1167.3333333333333,True,kept
manual_s04_cyst_0003,4,scene04,True,625.0,0.36391126543847796,0.33857059478759766,0.13167303149525733,1109,4231.990982867448,1101.3333333333333,True,kept
manual_s04_cyst_0003,4,scene04,True,635.0,0.36819144471031295,0.29461589455604553,0.13577467616917066,1039,4240.896053897979,1065.3333333333333,True,kept
manual_s04_cyst_0003,4,scene04,True,645.0,0.36513367565419835,0.28338971734046936,0.13853904522010888,1048,4218.952290076336,1074.6666666666667,True,kept
manual_s04_cyst_0003,4,scene04,True,655.0,0.3566061856721511,0.2883845865726471,0.12967565781444965,1137,4230.306948109059,1145.0,True,kept
manual_s04_cyst_0003,4,scene04,True,665.0,0.35244667149782183,0.30965232849121094,0.11335386259513455,1250,4253.9616,1240.6666666666667,True,kept
manual_s04_cyst_0003,4,scene04,True,675.0,0.35812222348170336,0.3346671462059021,0.11071462861389311,1335,4306.777528089888,1276.6666666666667,True,kept
manual_s04_cyst_0003,4,scene04,True,685.0,0.3638939814275527,0.33640408515930176,0.10536045610874756,1245,4368.973493975904,1246.3333333333333,True,kept
manual_s04_cyst_0003,4,scene04,True,695.0,0.35883491093532294,0.3408723771572113,0.1035285943893636,1159,4503.009490940466,1145.6666666666667,True,kept
manual_s04_cyst_0003,4,scene04,True,705.0,0.36208021803781576,0.34412577748298645,0.10444681143863249,1033,4615.882865440464,1028.3333333333333,True,kept
manual_s04_cyst_0003,4,scene04,True,715.0,0.37785239786343505,0.3666864037513733,0.10302106560297053,893,4539.049272116461,869.3333333333334,True,kept
manual_s04_cyst_0003,4,scene04,True,725.0,0.3936338860792848,0.3736324906349182,0.08970470970302527,682,4195.819648093841,671.3333333333334,True,kept
manual_s04_cyst_0003,4,scene04,True,735.0,0.44521749508408043,0.4347818195819855,0.06422133618209797,439,3151.6993166287016,392.6666666666667,True,kept
manual_s04_cyst_0004,4,scene04,True,325.0,0.5976402288725396,0.5880928039550781,0.0779741089774544,357,3357.890756302521,331.6666666666667,True,kept
manual_s04_cyst_0004,4,scene04,True,335.0,0.5281401817051191,0.5270425975322723,0.0834494968262917,504,3888.8194444444443,500.6666666666667,True,kept
manual_s04_cyst_0004,4,scene04,True,345.0,0.5125055871962013,0.4936259090900421,0.08096737498903685,641,4100.739469578783,631.3333333333334,True,kept
manual_s04_cyst_0004,4,scene04,True,355.0,0.49811804008101906,0.48530539870262146,0.06847015087317632,749,4082.4205607476633,749.3333333333334,True,kept
manual_s04_cyst_0004,4,scene04,True,365.0,0.47229477520033475,0.45578984916210175,0.07025257339473233,858,4146.332167832168,853.3333333333334,True,kept
manual_s04_cyst_0004,4,scene04,True,375.0,0.4571755051237589,0.43740928173065186,0.09553860850217455,953,4121.326337880378,944.6666666666666,True,kept
manual_s04_cyst_0004,4,scene04,True,385.0,0.44114518419039217,0.4318844974040985,0.08442125621899058,1023,3976.9120234604106,994.3333333333334,True,kept
manual_s04_cyst_0004,4,scene04,True,395.0,0.4207354847345475,0.40161994099617004,0.08032355926855643,1007,3967.4121151936447,992.3333333333334,True,kept
manual_s04_cyst_0004,4,scene04,True,405.0,0.4279446704460676,0.39171722531318665,0.09914327983250877,947,3855.568109820486,982.3333333333334,True,kept
manual_s04_cyst_0004,4,scene04,True,415.0,0.40618766488625563,0.3700796961784363,0.10979038076861478,993,3864.226586102719,1007.0,True,kept
manual_s04_cyst_0004,4,scene04,True,425.0,0.38330354059768096,0.34334471821784973,0.10501282809893671,1081,4011.6697502312672,1087.3333333333333,True,kept
manual_s04_cyst_0004,4,scene04,True,435.0,0.3744719440888877,0.3337053060531616,0.09602450856676065,1188,4082.5732323232323,1152.6666666666667,True,kept
manual_s04_cyst_0004,4,scene04,True,445.0,0.37409859472107143,0.3337174355983734,0.09529221420592131,1189,4129.380992430614,1169.3333333333333,True,kept
manual_s04_cyst_0004,4,scene04,True,455.0,0.36240941127984533,0.32436037063598633,0.08227859025604313,1131,4113.1175950486295,1117.6666666666667,True,kept
manual_s04_cyst_0004,4,scene04,True,465.0,0.3523311934651156,0.31822431087493896,0.08600161972509103,1033,4149.744433688286,1026.3333333333333,True,kept
manual_s04_cyst_0004,4,scene04,True,475.0,0.32833476053561017,0.3012094497680664,0.07770816024640238,915,4133.309289617487,895.3333333333334,True,kept
manual_s04_cyst_0004,4,scene04,True,485.0,0.3072614479597991,0.28725549578666687,0.057235783091300244,738,4027.777777777778,731.6666666666666,True,kept
manual_s04_cyst_0004,4,scene04,True,495.0,0.3089410337684779,0.3044169247150421,0.03243025329355026,542,3278.369003690037,518.6666666666666,True,kept
manual_s04_cyst_0005,4,scene04,True,375.0,0.5138213283970428,0.5084310173988342,0.05563236447152094,369,2939.308943089431,312.6666666666667,True,kept
manual_s04_cyst_0005,4,scene04,True,385.0,0.4618925253550212,0.4540407806634903,0.0601707117383451,492,3247.3617886178863,492.6666666666667,True,kept
manual_s04_cyst_0005,4,scene04,True,395.0,0.43460380040845764,0.42910298705101013,0.051300894297594025,617,3413.779578606159,611.3333333333334,True,kept
manual_s04_cyst_0005,4,scene04,True,405.0,0.40920278828719564,0.4015779197216034,0.06617092336540384,725,3568.4924137931034,723.0,True,kept
manual_s04_cyst_0005,4,scene04,True,415.0,0.37199834965737005,0.355978399515152,0.06913331295017439,827,3716.6735187424424,815.6666666666666,True,kept
manual_s04_cyst_0005,4,scene04,True,425.0,0.3455258383764235,0.3223314881324768,0.07142689915319542,895,3786.487150837989,895.0,True,kept
manual_s04_cyst_0005,4,scene04,True,435.0,0.3325367412555998,0.3042896091938019,0.07662586405977585,963,3751.4174454828662,949.3333333333334,True,kept
manual_s04_cyst_0005,4,scene04,True,445.0,0.31630535229589,0.2956434339284897,0.06616669152786081,990,3788.831313131313,992.6666666666666,True,kept
manual_s04_cyst_0005,4,scene04,True,455.0,0.30574586629867556,0.2789837419986725,0.07587952496567885,1025,3858.2185365853657,1032.0,True,kept
manual_s04_cyst_0005,4,scene04,True,465.0,0.2802468483008024,0.25452008843421936,0.08037922507155609,1081,4004.6706753006474,1084.6666666666667,True,kept
manual_s04_cyst_0005,4,scene04,True,475.0,0.2528903268615128,0.23771405220031738,0.06556120111844367,1148,4133.614982578397,1133.0,True,kept
manual_s04_cyst_0005,4,scene04,True,485.0,0.24260493008754191,0.23944252729415894,0.04566749721085644,1170,4221.921367521368,1176.6666666666667,True,kept
manual_s04_cyst_0005,4,scene04,True,495.0,0.24204951539488123,0.23828788101673126,0.04406009137658043,1212,4183.984323432343,1201.3333333333333,True,kept
manual_s04_cyst_0005,4,scene04,True,505.0,0.23753496041176947,0.2332318052649498,0.04181169644731569,1222,4151.798690671031,1185.6666666666667,True,kept
manual_s04_cyst_0005,4,scene04,True,515.0,0.23421113350937012,0.22660109400749207,0.03718876141521357,1123,4207.960819234194,1119.3333333333333,True,kept
manual_s04_cyst_0005,4,scene04,True,525.0,0.232403112260987,0.22171102464199066,0.03781041071667624,1013,4123.042448173741,1031.0,True,kept
manual_s04_cyst_0005,4,scene04,True,535.0,0.22749569828358315,0.22312355041503906,0.029986495512867153,957,4178.71473354232,981.3333333333334,True,kept
manual_s04_cyst_0005,4,scene04,True,545.0,0.23063223998710605,0.228157639503479,0.024102837482410648,974,4133.161190965093,983.0,True,kept
manual_s04_cyst_0005,4,scene04,True,555.0,0.22715998957691116,0.22545211762189865,0.022054551703845356,1018,4182.7721021611005,1015.0,True,kept
manual_s04_cyst_0005,4,scene04,True,565.0,0.2300621096508229,0.22777427732944489,0.019867821653937256,1053,4086.303893637227,1045.6666666666667,True,kept
manual_s04_cyst_0005,4,scene04,True,575.0,0.22371639634218718,0.22170286625623703,0.021812452643518773,1066,4162.377110694184,1045.6666666666667,True,kept
manual_s04_cyst_0005,4,scene04,True,585.0,0.22914221107022936,0.22718298435211182,0.01844823583893876,1018,3998.712180746562,1009.6666666666666,True,kept
manual_s04_cyst_0005,4,scene04,True,595.0,0.22622237426263314,0.22349144518375397,0.02004922602683698,945,3956.584126984127,945.3333333333334,True,kept
manual_s04_cyst_0005,4,scene04,True,605.0,0.2282235481416783,0.2238711714744568,0.025049652382392616,873,3963.281786941581,874.3333333333334,True,kept
manual_s04_cyst_0005,4,scene04,True,615.0,0.23268347721292365,0.22666576504707336,0.025153138429390008,805,3876.4919254658384,795.3333333333334,True,kept
manual_s04_cyst_0005,4,scene04,True,625.0,0.2370418329528496,0.23062080889940262,0.026263662181062117,708,3768.512711864407,716.0,True,kept
manual_s04_cyst_0005,4,scene04,True,635.0,0.24639701075910583,0.23946189880371094,0.028259664584126373,635,3583.451968503937,625.0,True,kept
manual_s04_cyst_0005,4,scene04,True,645.0,0.24854033569196113,0.2414342239499092,0.02680999253907266,532,3370.7406015037595,528.6666666666666,True,kept
manual_s04_cyst_0005,4,scene04,True,655.0,0.26060837037808,0.25027182698249817,0.033146995228760995,419,3158.6038186157516,396.3333333333333,True,kept
manual_s04_cyst_0006,4,scene04,True,325.0,0.49928637381563795,0.49594496190547943,0.042894908466484936,470,3863.951063829787,447.0,True,kept
manual_s04_cyst_0006,4,scene04,True,335.0,0.473244473988097,0.47325199842453003,0.05481301699608843,619,4297.991922455573,599.0,True,kept
manual_s04_cyst_0006,4,scene04,True,345.0,0.45099256221352324,0.4554074704647064,0.04788174905180888,708,4436.8516949152545,709.0,True,kept
manual_s04_cyst_0006,4,scene04,True,355.0,0.43228239368647337,0.4355056583881378,0.04342483295206739,800,4640.76125,798.3333333333334,True,kept
manual_s04_cyst_0006,4,scene04,True,365.0,0.42269259916351776,0.4130416214466095,0.04570955142385774,887,4677.449830890642,876.6666666666666,True,kept
manual_s04_cyst_0006,4,scene04,True,375.0,0.4205440370047965,0.41439083218574524,0.048873705148692284,943,4517.282078472958,928.3333333333334,True,kept
manual_s04_cyst_0006,4,scene04,True,385.0,0.3863780196112488,0.37998756766319275,0.04792103954390042,955,4598.277486910994,933.0,True,kept
manual_s04_cyst_0006,4,scene04,True,395.0,0.38036371345789927,0.37427836656570435,0.05687957480518673,901,4584.957824639289,910.6666666666666,True,kept
manual_s04_cyst_0006,4,scene04,True,405.0,0.3700756900794974,0.3604210615158081,0.06248065489379798,876,4649.334474885844,879.3333333333334,True,kept
manual_s04_cyst_0006,4,scene04,True,415.0,0.35786677808711753,0.34799879789352417,0.062100745332876274,861,4623.622531939605,875.0,True,kept
manual_s04_cyst_0006,4,scene04,True,425.0,0.3497412094997393,0.3461579978466034,0.05723746562277863,888,4611.343468468468,890.0,True,kept
manual_s04_cyst_0006,4,scene04,True,435.0,0.3381635836132445,0.3278850018978119,0.05320112909798922,921,4596.907709011944,923.6666666666666,True,kept
manual_s04_cyst_0006,4,scene04,True,445.0,0.3167836257951671,0.3098391890525818,0.056108801448104234,962,4674.224532224533,962.0,True,kept
manual_s04_cyst_0006,4,scene04,True,455.0,0.3073609599830622,0.2952273488044739,0.05497249458273037,1003,4637.445663010967,1024.6666666666667,True,kept
manual_s04_cyst_0006,4,scene04,True,465.0,0.3001064315397961,0.2950136363506317,0.053156212219556784,1109,4560.963029756537,1083.3333333333333,True,kept
manual_s04_cyst_0006,4,scene04,True,475.0,0.28647487010865724,0.2875787913799286,0.051533029339922244,1138,4613.063268892794,1116.3333333333333,True,kept
manual_s04_cyst_0006,4,scene04,True,485.0,0.2800889615300779,0.2722083181142807,0.06138713823937524,1102,4692.35390199637,1072.0,True,kept
manual_s04_cyst_0006,4,scene04,True,495.0,0.2749725978088672,0.25976531207561493,0.04849228094965278,976,4641.351434426229,985.3333333333334,True,kept
manual_s04_cyst_0006,4,scene04,True,505.0,0.2733928656252207,0.26103873550891876,0.04704167252444532,878,4378.579726651481,857.6666666666666,True,kept
manual_s04_cyst_0006,4,scene04,True,515.0,0.2642166117136269,0.25270095467567444,0.04642388900968255,719,4294.952712100139,707.6666666666666,True,kept
manual_s04_cyst_0006,4,scene04,True,525.0,0.3095510195473301,0.3161506652832031,0.047266233494693145,526,3374.7604562737642,459.6666666666667,True,kept
manual_s07_cyst_0001,7,scene07,True,765.0,0.22586175320258908,0.22380070388317108,0.024358535526903726,367,3146.569482288828,323.0,True,kept
manual_s07_cyst_0001,7,scene07,True,775.0,0.21234482939426716,0.20841749757528305,0.024952326164108824,520,3744.4865384615387,501.0,True,kept
manual_s07_cyst_0001,7,scene07,True,785.0,0.21856858266831994,0.21876587718725204,0.02320607634555917,616,3899.378246753247,611.0,True,kept
manual_s07_cyst_0001,7,scene07,True,795.0,0.2271577472153148,0.22807201743125916,0.02243426531606221,697,3969.9784791965567,686.0,True,kept
manual_s07_cyst_0001,7,scene07,True,805.0,0.23550244075739943,0.2353103756904602,0.02180788427688031,745,3896.9691275167784,744.3333333333334,True,kept
manual_s07_cyst_0001,7,scene07,True,815.0,0.23829664986971508,0.238967627286911,0.02223853335263692,791,3853.7420986093553,795.0,True,kept
manual_s07_cyst_0001,7,scene07,True,825.0,0.24406117381631134,0.2432364523410797,0.019074876279703924,849,3785.65371024735,848.0,True,kept
manual_s07_cyst_0001,7,scene07,True,835.0,0.2474277682305701,0.24839232116937637,0.02454235972648306,904,3800.4811946902655,897.0,True,kept
manual_s07_cyst_0001,7,scene07,True,845.0,0.2518655297789238,0.2536030411720276,0.02376936325531809,938,3807.095948827292,925.0,True,kept
manual_s07_cyst_0001,7,scene07,True,855.0,0.2607576195450074,0.25732430815696716,0.0245710166540559,933,3746.069667738478,925.6666666666666,True,kept
manual_s07_cyst_0001,7,scene07,True,865.0,0.2706361509876009,0.26966115832328796,0.028147467076291597,906,3712.8134657836645,928.3333333333334,True,kept
manual_s07_cyst_0001,7,scene07,True,875.0,0.2667012879857301,0.26475290954113007,0.026518442322833666,946,3755.1807610993656,945.3333333333334,True,kept
manual_s07_cyst_0001,7,scene07,True,885.0,0.2715213303492079,0.2680506557226181,0.02862991658820211,984,3719.481707317073,969.3333333333334,True,kept
manual_s07_cyst_0001,7,scene07,True,895.0,0.289026408945734,0.2778327316045761,0.04580964153526326,978,3708.9130879345603,967.0,True,kept
manual_s07_cyst_0001,7,scene07,True,905.0,0.29914793616539626,0.2868773639202118,0.05264465491934969,939,3745.12673056443,931.0,True,kept
manual_s07_cyst_0001,7,scene07,True,915.0,0.3117147175314492,0.30168668925762177,0.04457655532441935,876,3758.0924657534247,867.3333333333334,True,kept
manual_s07_cyst_0001,7,scene07,True,925.0,0.33516342917118774,0.3147716820240021,0.0611620896200731,787,3652.987293519695,753.6666666666666,True,kept
manual_s07_cyst_0001,7,scene07,True,935.0,0.3889643103881026,0.37871067225933075,0.059317673491302486,598,3266.964882943144,537.0,True,kept
manual_s07_cyst_0002,7,scene07,True,555.0,0.485331248412741,0.48043394088745117,0.05830205712690696,376,2925.284574468085,319.6666666666667,True,kept
manual_s07_cyst_0002,7,scene07,True,565.0,0.42655657830804883,0.41963866353034973,0.06532683775265223,505,3500.4257425742576,503.3333333333333,True,kept
manual_s07_cyst_0002,7,scene07,True,575.0,0.3736474057259734,0.36919042468070984,0.04917306847063871,629,3810.1446740858505,621.6666666666666,True,kept
manual_s07_cyst_0002,7,scene07,True,585.0,0.3682635537005971,0.358428418636322,0.05712051911001777,731,3874.7154582763337,716.0,True,kept
manual_s07_cyst_0002,7,scene07,True,595.0,0.3551085110621404,0.3432811200618744,0.05830316005608656,788,3843.3578680203045,805.6666666666666,True,kept
manual_s07_cyst_0002,7,scene07,True,605.0,0.3498636075940589,0.3379496783018112,0.06897934844144553,898,3845.6024498886413,891.0,True,kept
manual_s07_cyst_0002,7,scene07,True,615.0,0.33618164127418937,0.3277527987957001,0.06452590736291416,987,3848.8976697061803,969.3333333333334,True,kept
manual_s07_cyst_0002,7,scene07,True,625.0,0.318607043456705,0.3118327856063843,0.060362608518135005,1023,3889.0811339198435,1002.6666666666666,True,kept
manual_s07_cyst_0002,7,scene07,True,635.0,0.31492466912539546,0.2990587204694748,0.0728954601069601,998,3923.4659318637273,1002.6666666666666,True,kept
manual_s07_cyst_0002,7,scene07,True,645.0,0.3137428912559662,0.28671714663505554,0.0891750786890682,987,3926.0587639311043,988.6666666666666,True,kept
manual_s07_cyst_0002,7,scene07,True,655.0,0.2982480209719515,0.27773720026016235,0.09197472718863514,981,4088.619775739042,993.6666666666666,True,kept
manual_s07_cyst_0002,7,scene07,True,665.0,0.29534298824357846,0.28008797764778137,0.08716508523925806,1013,4097.06614017769,1016.3333333333334,True,kept
manual_s07_cyst_0002,7,scene07,True,675.0,0.28504203326329236,0.2758348882198334,0.07347386500162913,1055,4209.141232227488,1041.0,True,kept
manual_s07_cyst_0002,7,scene07,True,685.0,0.2798570263583513,0.26961562037467957,0.06137447779814402,1055,4197.401895734597,1058.6666666666667,True,kept
manual_s07_cyst_0002,7,scene07,True,695.0,0.277815179937776,0.2670389860868454,0.0595687946598527,1066,4168.43808630394,1090.3333333333333,True,kept
manual_s07_cyst_0002,7,scene07,True,705.0,0.2710881935643113,0.26391901075839996,0.049333097136572926,1150,4108.784347826087,1116.6666666666667,True,kept
manual_s07_cyst_0002,7,scene07,True,715.0,0.25773478027374025,0.25110040605068207,0.04464144677686038,1134,4232.038800705467,1106.0,True,kept
manual_s07_cyst_0002,7,scene07,True,725.0,0.25015945282964686,0.2446567341685295,0.04492236509060886,1034,4283.165377176016,1041.0,True,kept
manual_s07_cyst_0002,7,scene07,True,735.0,0.24584145361840412,0.24597246944904327,0.03520016923095389,955,4254.08167539267,948.6666666666666,True,kept
manual_s07_cyst_0002,7,scene07,True,745.0,0.23194989911525085,0.22486945986747742,0.04114534007280481,857,4396.3325554259045,847.3333333333334,True,kept
manual_s07_cyst_0002,7,scene07,True,755.0,0.21392522074588358,0.20211777836084366,0.04370804646558401,730,4407.894520547945,716.6666666666666,True,kept
manual_s07_cyst_0002,7,scene07,True,765.0,0.24338294536563473,0.23346754908561707,0.040257515029225956,563,3469.664298401421,500.6666666666667,True,kept
manual_s07_cyst_0003,7,scene07,True,725.0,0.20203315146633835,0.2020445168018341,0.016988334892161894,305,2689.032786885246,287.0,True,kept
manual_s07_cyst_0003,7,scene07,True,735.0,0.18466106097368026,0.18487802892923355,0.02263250962566727,556,3792.203237410072,525.6666666666666,True,kept
manual_s07_cyst_0003,7,scene07,True,745.0,0.17642185545666925,0.169676274061203,0.02750826615056288,716,4642.393854748603,700.0,True,kept
manual_s07_cyst_0003,7,scene07,True,755.0,0.1818760665142594,0.17979326844215393,0.026094554213345684,828,4915.599033816425,817.6666666666666,True,kept
manual_s07_cyst_0003,7,scene07,True,765.0,0.19842556815664106,0.20162945985794067,0.027819287770922487,909,4826.423542354235,907.0,True,kept
manual_s07_cyst_0003,7,scene07,True,775.0,0.21084299872864068,0.21330317854881287,0.023023611593571587,984,4698.944105691057,980.3333333333334,True,kept
manual_s07_cyst_0003,7,scene07,True,785.0,0.21284915174122984,0.21420612186193466,0.024096305994815916,1048,4735.667938931298,1021.0,True,kept
manual_s07_cyst_0003,7,scene07,True,795.0,0.21206215240791165,0.21679815649986267,0.029169835676542317,1031,4837.463627546072,1014.6666666666666,True,kept
manual_s07_cyst_0003,7,scene07,True,805.0,0.21804085415570848,0.22236290574073792,0.035012811963184294,965,4813.60518134715,977.0,True,kept
manual_s07_cyst_0003,7,scene07,True,815.0,0.2267505097835459,0.22666756808757782,0.03286728096066169,935,4730.181818181818,934.0,True,kept
manual_s07_cyst_0003,7,scene07,True,825.0,0.2245150918343379,0.22536814212799072,0.02647290361594238,902,4723.768292682927,910.6666666666666,True,kept
manual_s07_cyst_0003,7,scene07,True,835.0,0.22819470969658323,0.22813250124454498,0.024898433067308344,895,4703.908379888268,895.3333333333334,True,kept
manual_s07_cyst_0003,7,scene07,True,845.0,0.23632448195941805,0.2361600250005722,0.029499941666532047,889,4680.1968503937005,886.0,True,kept
manual_s07_cyst_0003,7,scene07,True,855.0,0.2461259729256619,0.2423144280910492,0.029626649450333595,874,4561.503432494279,873.0,True,kept
manual_s07_cyst_0003,7,scene07,True,865.0,0.25163854498451,0.24538199603557587,0.03755441075671765,856,4568.656542056075,886.0,True,kept
manual_s07_cyst_0003,7,scene07,True,875.0,0.25442062429120316,0.2486557960510254,0.036169150343434875,928,4516.179956896552,987.3333333333334,True,kept
manual_s07_cyst_0003,7,scene07,True,885.0,0.2568923179914065,0.2491566389799118,0.03434391122283706,1178,4452.309847198641,1123.0,True,kept
manual_s07_cyst_0003,7,scene07,True,895.0,0.26150973140013567,0.2546665668487549,0.03322046221469663,1263,4504.9524940617575,1224.0,True,kept
manual_s07_cyst_0003,7,scene07,True,905.0,0.27124158189511705,0.26517146825790405,0.03866195324152712,1231,4541.424045491471,1222.3333333333333,True,kept
manual_s07_cyst_0003,7,scene07,True,915.0,0.27803285421211293,0.2670469582080841,0.04548939948420073,1173,4597.054560954817,1163.3333333333333,True,kept
manual_s07_cyst_0003,7,scene07,True,925.0,0.28933582106402783,0.27707935869693756,0.05017851248357283,1086,4432.634438305709,1069.6666666666667,True,kept
manual_s07_cyst_0003,7,scene07,True,935.0,0.2984200432426051,0.2833096534013748,0.05097815808178767,950,4248.563157894737,923.6666666666666,True,kept
manual_s07_cyst_0003,7,scene07,True,945.0,0.34642664911795634,0.3405594825744629,0.05647181558365134,735,3539.0680272108843,668.3333333333334,True,kept
manual_s07_cyst_0003,7,scene07,True,955.0,0.42006396120414136,0.4196636378765106,0.03589092461809159,320,2604.85,351.6666666666667,True,kept
manual_s07_cyst_0004,7,scene07,True,375.0,0.5209098979830742,0.5177082121372223,0.05683926668907328,388,3294.360824742268,369.3333333333333,True,kept
manual_s07_cyst_0004,7,scene07,True,385.0,0.4701183594514003,0.4678930789232254,0.037137264951683645,538,3846.3029739776953,536.0,True,kept
manual_s07_cyst_0004,7,scene07,True,395.0,0.43369445410117374,0.4319707453250885,0.041654177363251874,682,4005.024926686217,662.6666666666666,True,kept
manual_s07_cyst_0004,7,scene07,True,405.0,0.4187117707915604,0.41355395317077637,0.06912340990086313,768,4156.130208333333,770.0,True,kept
manual_s07_cyst_0004,7,scene07,True,415.0,0.39370712774784067,0.3765445649623871,0.07954306861402642,860,4243.455813953488,866.3333333333334,True,kept
manual_s07_cyst_0004,7,scene07,True,425.0,0.38522356535268737,0.36031675338745117,0.08784611504590298,971,4164.7342945417095,961.3333333333334,True,kept
manual_s07_cyst_0004,7,scene07,True,435.0,0.3765012566690092,0.3551338315010071,0.08694213298727888,1053,4122.881291547958,1013.0,True,kept
manual_s07_cyst_0004,7,scene07,True,445.0,0.3775206549120654,0.3546593189239502,0.09351461469091378,1015,4053.6423645320197,1011.0,True,kept
manual_s07_cyst_0004,7,scene07,True,455.0,0.3619667271412716,0.34168577194213867,0.0919057623592557,965,3988.503626943005,971.0,True,kept
manual_s07_cyst_0004,7,scene07,True,465.0,0.3480788646595271,0.32602232694625854,0.08757317434494058,933,4031.3987138263665,976.6666666666666,True,kept
manual_s07_cyst_0004,7,scene07,True,475.0,0.3434601052440414,0.3213847726583481,0.09215756913870932,1032,4079.1782945736436,1032.0,True,kept
manual_s07_cyst_0004,7,scene07,True,485.0,0.3426952135183451,0.3229578733444214,0.08913521854517255,1131,4035.971706454465,1122.6666666666667,True,kept
manual_s07_cyst_0004,7,scene07,True,495.0,0.33085883582528697,0.3081343173980713,0.08731558289613922,1205,4131.545228215768,1186.0,True,kept
manual_s07_cyst_0004,7,scene07,True,505.0,0.32262700465667854,0.2978537976741791,0.10638937467564277,1222,4294.96317512275,1199.6666666666667,True,kept
manual_s07_cyst_0004,7,scene07,True,515.0,0.3130458546325615,0.29064060747623444,0.10245688077521138,1172,4398.41638225256,1155.0,True,kept
manual_s07_cyst_0004,7,scene07,True,525.0,0.30072283755942664,0.28161856532096863,0.0861937760257023,1071,4371.428571428572,1061.6666666666667,True,kept
manual_s07_cyst_0004,7,scene07,True,535.0,0.27877856617014374,0.26161807775497437,0.06338740656109405,942,4400.321656050955,944.0,True,kept
manual_s07_cyst_0004,7,scene07,True,545.0,0.26738987757536664,0.24735544621944427,0.053289529276671396,819,4196.410256410257,798.6666666666666,True,kept
manual_s07_cyst_0004,7,scene07,True,555.0,0.25588769002223577,0.23713542520999908,0.049626401623358074,635,3987.2708661417323,637.6666666666666,True,kept
manual_s07_cyst_0004,7,scene07,True,565.0,0.2838151726003306,0.2886163890361786,0.048217983336823304,459,3235.5511982570806,398.6666666666667,True,kept
manual_s07_cyst_0005,7,scene07,True,565.0,0.22826302094047501,0.22541316598653793,0.026825865321839712,596,3364.9395973154365,550.0,True,kept
manual_s07_cyst_0005,7,scene07,True,575.0,0.2167269780204214,0.21021592617034912,0.035005667462070435,870,4231.952873563218,834.3333333333334,True,kept
manual_s07_cyst_0005,7,scene07,True,585.0,0.2170883183481608,0.21791133284568787,0.041248223229550615,1037,4718.287367405979,1024.6666666666667,True,kept
manual_s07_cyst_0005,7,scene07,True,595.0,0.2305343845330862,0.23419125378131866,0.04210174270523402,1167,4749.481576692374,1153.0,True,kept
manual_s07_cyst_0005,7,scene07,True,605.0,0.25219725299166496,0.24879024922847748,0.04696601565398825,1255,4557.377689243028,1249.0,True,kept
manual_s07_cyst_0005,7,scene07,True,615.0,0.2589798864890944,0.2449466586112976,0.05069300753052812,1325,4356.869433962264,1287.0,True,kept
manual_s07_cyst_0005,7,scene07,True,625.0,0.25326913075229324,0.24352890253067017,0.044929274335887066,1281,4316.018735362998,1210.6666666666667,True,kept
manual_s07_cyst_0005,7,scene07,True,635.0,0.2521836214769653,0.2422696277499199,0.0452700292837237,1026,4276.767056530214,1060.6666666666667,True,kept
manual_s07_cyst_0005,7,scene07,True,645.0,0.2599886049543108,0.263203501701355,0.05048155442728922,875,4251.732571428572,941.6666666666666,True,kept
manual_s07_cyst_0005,7,scene07,True,655.0,0.25661125448552563,0.25758591294288635,0.050431893520022295,924,4307.63961038961,937.6666666666666,True,kept
manual_s07_cyst_0005,7,scene07,True,665.0,0.24538509324339955,0.24133414775133133,0.045780871031173315,1014,4367.557199211045,1029.3333333333333,True,kept
manual_s07_cyst_0005,7,scene07,True,675.0,0.24362534265155378,0.23448534309864044,0.04601068312514011,1150,4419.770434782608,1165.0,True,kept
manual_s07_cyst_0005,7,scene07,True,685.0,0.2461558725603714,0.23715335130691528,0.04561539452263826,1331,4413.151765589782,1257.6666666666667,True,kept
manual_s07_cyst_0005,7,scene07,True,695.0,0.24178441031475553,0.23589913547039032,0.047644547687775686,1292,4590.491486068111,1277.3333333333333,True,kept
manual_s07_cyst_0005,7,scene07,True,705.0,0.24467789144482466,0.24113528430461884,0.04915492578709489,1209,4612.466501240695,1194.6666666666667,True,kept
manual_s07_cyst_0005,7,scene07,True,715.0,0.2494012183980158,0.2405470311641693,0.04854809976358958,1083,4514.63619575254,1083.0,True,kept
manual_s07_cyst_0005,7,scene07,True,725.0,0.24771178787031145,0.2396913766860962,0.056202557572124896,957,4533.711598746081,941.3333333333334,True,kept
manual_s07_cyst_0005,7,scene07,True,735.0,0.25850426194695186,0.2459651380777359,0.05994653302792735,784,4180.326530612245,762.6666666666666,True,kept
manual_s07_cyst_0005,7,scene07,True,745.0,0.3205427774781501,0.3102933168411255,0.05581130618565922,547,3144.1005484460693,475.0,True,kept
manual_s07_cyst_0007,7,scene07,True,325.0,0.45277659319065233,0.4532165229320526,0.03434095213714853,513,3402.1403508771928,465.6666666666667,True,kept
manual_s07_cyst_0007,7,scene07,True,335.0,0.43752077263610367,0.437593474984169,0.04044799495484881,714,4019.049019607843,692.3333333333334,True,kept
manual_s07_cyst_0007,7,scene07,True,345.0,0.4197401834936703,0.4195197969675064,0.03416138958010654,850,4419.103529411765,843.3333333333334,True,kept
manual_s07_cyst_0007,7,scene07,True,355.0,0.41143674003905145,0.40986721217632294,0.04382530924791798,966,4568.425465838509,960.3333333333334,True,kept
manual_s07_cyst_0007,7,scene07,True,365.0,0.40806872592845433,0.41241899132728577,0.0383613785366381,1065,4506.696713615023,1057.6666666666667,True,kept
manual_s07_cyst_0007,7,scene07,True,375.0,0.3878003863288308,0.38548149168491364,0.04133432815186833,1142,4454.476357267951,1121.3333333333333,True,kept
manual_s07_cyst_0007,7,scene07,True,385.0,0.36054206984045184,0.35540735721588135,0.047170744533453914,1157,4531.401901469318,1096.3333333333333,True,kept
manual_s07_cyst_0007,7,scene07,True,395.0,0.3481170799244534,0.35530297458171844,0.049935920184452275,990,4547.636363636364,1029.3333333333333,True,kept
manual_s07_cyst_0007,7,scene07,True,405.0,0.327417616668087,0.3312859833240509,0.048959800710484176,941,4557.239107332625,944.0,True,kept
manual_s07_cyst_0007,7,scene07,True,415.0,0.31608769944253956,0.3215581774711609,0.054292487108188334,901,4607.04550499445,908.3333333333334,True,kept
manual_s07_cyst_0007,7,scene07,True,425.0,0.3013594350856671,0.2955333888530731,0.05679838919892894,883,4615.016987542469,901.3333333333334,True,kept
manual_s07_cyst_0007,7,scene07,True,435.0,0.30070381323280543,0.3041355311870575,0.060531735525454294,920,4587.714130434782,931.0,True,kept
manual_s07_cyst_0007,7,scene07,True,445.0,0.2974238513545556,0.30050988495349884,0.050413601658252545,990,4574.627272727273,983.3333333333334,True,kept
manual_s07_cyst_0007,7,scene07,True,455.0,0.2923808668955014,0.2952257990837097,0.04683697428575879,1040,4649.467307692307,1044.6666666666667,True,kept
manual_s07_cyst_0007,7,scene07,True,465.0,0.27685932439846406,0.2726316452026367,0.045187327766058764,1104,4784.595108695652,1111.6666666666667,True,kept
manual_s07_cyst_0007,7,scene07,True,475.0,0.26623543655291815,0.2614745795726776,0.05244278632254059,1191,4777.834592779177,1238.3333333333333,True,kept
manual_s07_cyst_0007,7,scene07,True,485.0,0.25344230013204294,0.2491774708032608,0.04342351106907769,1420,4782.0549295774645,1336.6666666666667,True,kept
manual_s07_cyst_0007,7,scene07,True,495.0,0.24776000318099467,0.24658314883708954,0.04110095223221303,1399,4777.877055039314,1385.0,True,kept
manual_s07_cyst_0007,7,scene07,True,505.0,0.24149980833252033,0.2400616779923439,0.040558246634063246,1336,4805.562125748503,1325.0,True,kept
manual_s07_cyst_0007,7,scene07,True,515.0,0.2326120925286124,0.22502269595861435,0.03826588950726138,1240,4763.563709677419,1238.3333333333333,True,kept
manual_s07_cyst_0007,7,scene07,True,525.0,0.21061853617037254,0.20227952301502228,0.03315407154494182,1139,4875.448639157155,1132.3333333333333,True,kept
manual_s07_cyst_0007,7,scene07,True,535.0,0.22019863190140376,0.21107809990644455,0.03712460320459922,1018,4291.175834970531,973.0,True,kept
manual_s07_cyst_0007,7,scene07,True,545.0,0.242835470560811,0.23170272260904312,0.05352425145132887,762,3598.748031496063,706.3333333333334,True,kept
manual_s07_cyst_0007,7,scene07,True,555.0,0.24521646914580578,0.23648415505886078,0.03556301962883906,339,3098.7227138643066,395.6666666666667,True,kept
manual_s09_cyst_0001,9,scene09,True,335.0,0.5456819602509135,0.5400643348693848,0.06237982643455758,485,3397.498969072165,454.3333333333333,True,kept
manual_s09_cyst_0001,9,scene09,True,345.0,0.48024558304288795,0.4684726595878601,0.06208417105463576,657,4494.164383561644,632.6666666666666,True,kept
manual_s09_cyst_0001,9,scene09,True,355.0,0.45410552581466695,0.448702409863472,0.0704845525758668,756,4509.505291005291,760.6666666666666,True,kept
manual_s09_cyst_0001,9,scene09,True,365.0,0.44080018493056433,0.42939630150794983,0.08409629924010377,869,4423.446490218642,858.6666666666666,True,kept
manual_s09_cyst_0001,9,scene09,True,375.0,0.424000609497668,0.4042656421661377,0.08672822585398032,951,4171.371188222924,942.3333333333334,True,kept
manual_s09_cyst_0001,9,scene09,True,385.0,0.38943234846632196,0.3767014741897583,0.0726040281647994,1007,4066.087388282026,985.0,True,kept
manual_s09_cyst_0001,9,scene09,True,395.0,0.3693649490833761,0.35369300842285156,0.0655168841643463,997,4050.3109327983952,977.0,True,kept
manual_s09_cyst_0001,9,scene09,True,405.0,0.3540660474839205,0.32453200221061707,0.08737822672049816,927,4212.462783171521,942.3333333333334,True,kept
manual_s09_cyst_0001,9,scene09,True,415.0,0.3456949333382867,0.3026154637336731,0.11383332573987238,903,4155.496124031008,894.6666666666666,True,kept
manual_s09_cyst_0001,9,scene09,True,425.0,0.32819462817083755,0.28605441749095917,0.09808403768442818,854,4187.749414519906,877.3333333333334,True,kept
manual_s09_cyst_0001,9,scene09,True,435.0,0.32055493135111673,0.279321551322937,0.09651001552912536,875,4114.489142857143,898.6666666666666,True,kept
manual_s09_cyst_0001,9,scene09,True,445.0,0.30281025149706353,0.27594152092933655,0.08607710304025737,967,4107.101344364012,998.6666666666666,True,kept
manual_s09_cyst_0001,9,scene09,True,455.0,0.28387783261167737,0.26753170788288116,0.0657420065121279,1154,4069.0736568457537,1091.3333333333333,True,kept
manual_s09_cyst_0001,9,scene09,True,465.0,0.27928737477954324,0.2644599974155426,0.0657886431484189,1153,4082.8074588031222,1141.0,True,kept
manual_s09_cyst_0001,9,scene09,True,475.0,0.276547518094808,0.26625560224056244,0.07106253916116617,1116,4268.528673835125,1104.3333333333333,True,kept
manual_s09_cyst_0001,9,scene09,True,485.0,0.2694860645980214,0.26457759737968445,0.06979989651140316,1044,4320.448275862069,1043.6666666666667,True,kept
manual_s09_cyst_0001,9,scene09,True,495.0,0.25616893089394616,0.24196307361125946,0.06917809435311072,971,4320.227600411947,942.6666666666666,True,kept
manual_s09_cyst_0001,9,scene09,True,505.0,0.2635139412215715,0.24269649386405945,0.06274107065660398,813,3614.5043050430504,753.3333333333334,True,kept
manual_s09_cyst_0001,9,scene09,True,515.0,0.3015215382167772,0.29938219487667084,0.0612832793662136,476,2394.376050420168,432.3333333333333,True,kept
manual_s09_cyst_0002,9,scene09,True,615.0,0.29928667140456866,0.3010857254266739,0.036796607345304794,318,2428.6761006289307,288.0,True,kept
manual_s09_cyst_0002,9,scene09,True,625.0,0.26409463820728796,0.24961558729410172,0.06187301752636972,536,3457.3992537313434,501.3333333333333,True,kept
manual_s09_cyst_0002,9,scene09,True,635.0,0.24249224201991007,0.22916707396507263,0.04489521279609735,650,4182.567692307693,645.3333333333334,True,kept
manual_s09_cyst_0002,9,scene09,True,645.0,0.24601653317610422,0.23785272240638733,0.04162664723453115,750,4326.776,747.0,True,kept
manual_s09_cyst_0002,9,scene09,True,655.0,0.25136265612243897,0.2526182234287262,0.04632182589787297,841,4281.79548156956,830.6666666666666,True,kept
manual_s09_cyst_0002,9,scene09,True,665.0,0.24795939233340117,0.24638549983501434,0.047006860102328345,901,4356.9589345172035,898.0,True,kept
manual_s09_cyst_0002,9,scene09,True,675.0,0.2457593035798113,0.24140772223472595,0.045906483235991793,952,4399.6134453781515,930.6666666666666,True,kept
manual_s09_cyst_0002,9,scene09,True,685.0,0.2503199617956647,0.24129603803157806,0.04545717460229958,939,4348.851970181044,932.6666666666666,True,kept
manual_s09_cyst_0002,9,scene09,True,695.0,0.2585114104120839,0.2519143521785736,0.045365948127483895,907,4232.813671444322,906.6666666666666,True,kept
manual_s09_cyst_0002,9,scene09,True,705.0,0.2590722930820092,0.2514316439628601,0.047861628517663624,874,4325.078947368421,885.6666666666666,True,kept
manual_s09_cyst_0002,9,scene09,True,715.0,0.2608203021086514,0.2488413229584694,0.06404210605993525,876,4348.495433789954,878.0,True,kept
manual_s09_cyst_0002,9,scene09,True,725.0,0.2597669879674102,0.255820095539093,0.055980501663514246,884,4357.731900452489,873.6666666666666,True,kept
manual_s09_cyst_0002,9,scene09,True,735.0,0.26428756507223905,0.25625845789909363,0.05285802580820916,861,4377.180023228803,864.6666666666666,True,kept
manual_s09_cyst_0002,9,scene09,True,745.0,0.2747718634608216,0.26768848299980164,0.054334739460784834,849,4329.6230859835105,867.3333333333334,True,kept
manual_s09_cyst_0002,9,scene09,True,755.0,0.2841105223069544,0.27457453310489655,0.06052407942908351,892,4223.670403587444,911.0,True,kept
manual_s09_cyst_0002,9,scene09,True,765.0,0.2767272150564578,0.2675710916519165,0.052391937023277615,992,4243.193548387097,971.0,True,kept
manual_s09_cyst_0002,9,scene09,True,775.0,0.28358025091498423,0.277421772480011,0.05557094051706732,1029,4045.0184645286686,1000.3333333333334,True,kept
manual_s09_cyst_0002,9,scene09,True,785.0,0.3030609518745724,0.3009208142757416,0.05174015050592513,980,3911.2112244897958,977.3333333333334,True,kept
manual_s09_cyst_0002,9,scene09,True,795.0,0.314811496489872,0.31283071637153625,0.04659687797076943,923,3917.9100758396535,917.0,True,kept
manual_s09_cyst_0002,9,scene09,True,805.0,0.3271005696283196,0.32669344544410706,0.056995321394599736,848,3941.048349056604,831.0,True,kept
manual_s09_cyst_0002,9,scene09,True,815.0,0.3280783461979552,0.31473542749881744,0.056866771985073616,722,3965.279778393352,711.6666666666666,True,kept
manual_s09_cyst_0002,9,scene09,True,825.0,0.33641372093584687,0.3090384006500244,0.06828055953706777,565,3719.973451327434,547.3333333333334,True,kept
manual_s09_cyst_0002,9,scene09,True,835.0,0.3940723757508775,0.3919679522514343,0.060020718076272815,355,2708.281690140845,324.3333333333333,True,kept
manual_s09_cyst_0004,9,scene09,True,295.0,0.6363603721668081,0.6090209484100342,0.13974338384401094,492,3504.5508130081303,471.0,True,kept
manual_s09_cyst_0004,9,scene09,True,305.0,0.598805586178077,0.5842503905296326,0.07212010673056073,623,3630.714285714286,610.0,True,kept
manual_s09_cyst_0004,9,scene09,True,315.0,0.5393303921172669,0.5242233276367188,0.07170172972674475,715,3943.0713286713285,710.0,True,kept
manual_s09_cyst_0004,9,scene09,True,325.0,0.5029411677534532,0.48134376108646393,0.0871318394683357,792,3856.7386363636365,797.3333333333334,True,kept
manual_s09_cyst_0004,9,scene09,True,335.0,0.4524354170944731,0.43206435441970825,0.07942625565817103,885,3784.7841807909604,872.3333333333334,True,kept
manual_s09_cyst_0004,9,scene09,True,345.0,0.43291460117127034,0.4099230021238327,0.08957662376242027,940,3617.85,923.0,True,kept
manual_s09_cyst_0004,9,scene09,True,355.0,0.4181211173723815,0.4061281979084015,0.0783251143628476,944,3624.9046610169494,929.6666666666666,True,kept
manual_s09_cyst_0004,9,scene09,True,365.0,0.39334804227997583,0.38515323400497437,0.07218524908043934,905,3642.678453038674,920.6666666666666,True,kept
manual_s09_cyst_0004,9,scene09,True,375.0,0.3635287195737887,0.36025089025497437,0.04845001398392626,913,3620.395399780942,943.6666666666666,True,kept
manual_s09_cyst_0004,9,scene09,True,385.0,0.337958058417726,0.3299082815647125,0.04547660690990913,1013,3661.8104639684107,986.6666666666666,True,kept
manual_s09_cyst_0004,9,scene09,True,395.0,0.3328698159301765,0.31930865347385406,0.04640073745572387,1034,3670.685686653772,1018.6666666666666,True,kept
manual_s09_cyst_0004,9,scene09,True,405.0,0.3295363176713732,0.32342958450317383,0.04533176537329295,1009,3736.9890981169474,1006.6666666666666,True,kept
manual_s09_cyst_0004,9,scene09,True,415.0,0.3306876746146437,0.32236504554748535,0.05648612161849906,977,3776.7369498464686,968.0,True,kept
manual_s09_cyst_0004,9,scene09,True,425.0,0.3055063963650618,0.30114351212978363,0.03261445433153149,918,3879.4237472766886,909.6666666666666,True,kept
manual_s09_cyst_0004,9,scene09,True,435.0,0.2978419850913169,0.2953892946243286,0.029796613860207346,834,3696.952038369305,809.3333333333334,True,kept
manual_s09_cyst_0004,9,scene09,True,445.0,0.27612784022145725,0.272998183965683,0.035559910727325,676,3548.359467455621,644.3333333333334,True,kept
manual_s09_cyst_0004,9,scene09,True,455.0,0.2985869951141078,0.2930305302143097,0.04446548962190902,423,2551.2836879432625,377.3333333333333,True,kept
manual_s09_cyst_0005,9,scene09,True,605.0,0.29272619385366905,0.2868783175945282,0.055057631540086624,433,3240.2124711316396,395.0,True,kept
manual_s09_cyst_0005,9,scene09,True,615.0,0.27233370076011115,0.25687041878700256,0.05939330368161275,589,3797.8641765704583,572.0,True,kept
manual_s09_cyst_0005,9,scene09,True,625.0,0.26637728215981626,0.2611655294895172,0.045747290040892875,694,4004.49711815562,687.3333333333334,True,kept
manual_s09_cyst_0005,9,scene09,True,635.0,0.2670865780237551,0.264098197221756,0.04120011441605391,779,3911.275994865212,776.0,True,kept
manual_s09_cyst_0005,9,scene09,True,645.0,0.2715982184249755,0.2667207717895508,0.041920920961597,855,3800.0421052631577,845.3333333333334,True,kept
manual_s09_cyst_0005,9,scene09,True,655.0,0.2689416231938582,0.26261356472969055,0.03636184653162035,902,3786.759423503326,893.6666666666666,True,kept
manual_s09_cyst_0005,9,scene09,True,665.0,0.27065178177831495,0.26377424597740173,0.04057390632778595,924,3764.7694805194806,914.6666666666666,True,kept
manual_s09_cyst_0005,9,scene09,True,675.0,0.2694560800372645,0.26440347731113434,0.04169396257752679,918,3808.309368191721,926.3333333333334,True,kept
manual_s09_cyst_0005,9,scene09,True,685.0,0.27083770021112397,0.2638908326625824,0.03396328590953507,937,3793.889007470651,941.3333333333334,True,kept
manual_s09_cyst_0005,9,scene09,True,695.0,0.27665346431842897,0.27106356620788574,0.03194883402025703,969,3774.5232198142417,958.6666666666666,True,kept
manual_s09_cyst_0005,9,scene09,True,705.0,0.27852246716772155,0.2763815075159073,0.035527091297760126,970,3851.542268041237,960.0,True,kept
manual_s09_cyst_0005,9,scene09,True,715.0,0.294150566161629,0.2947998642921448,0.04124935380402305,941,3818.1668437832095,932.6666666666666,True,kept
manual_s09_cyst_0005,9,scene09,True,725.0,0.3022243202975799,0.3012050688266754,0.05140590933335396,887,3816.718151071026,871.6666666666666,True,kept
manual_s09_cyst_0005,9,scene09,True,735.0,0.2917038863276284,0.28747865557670593,0.055164480015393806,787,3951.833545108005,792.0,True,kept
manual_s09_cyst_0005,9,scene09,True,745.0,0.3040075742366307,0.30072250962257385,0.05788373813766468,702,3816.125356125356,693.6666666666666,True,kept
manual_s09_cyst_0005,9,scene09,True,755.0,0.31566042825579643,0.3070301115512848,0.06243749421462399,592,3637.2449324324325,588.6666666666666,True,kept
manual_s09_cyst_0005,9,scene09,True,765.0,0.31761587815264525,0.3069443702697754,0.05253641110285844,472,3353.603813559322,456.0,True,kept
manual_s10_cyst_0001,10,scene10,True,275.0,0.4856334105935148,0.48874320089817047,0.06964028568980259,558,3202.152329749104,516.0,True,kept
manual_s10_cyst_0001,10,scene10,True,285.0,0.3976297297487698,0.37318557500839233,0.07830136342346389,717,4155.165969316597,698.6666666666666,True,kept
manual_s10_cyst_0001,10,scene10,True,295.0,0.37927190618233325,0.36913013458251953,0.07371875561856736,821,4155.185140073082,808.3333333333334,True,kept
manual_s10_cyst_0001,10,scene10,True,305.0,0.3607880447937644,0.34789255261421204,0.06389985366458001,887,4033.334836527621,885.6666666666666,True,kept
manual_s10_cyst_0001,10,scene10,True,315.0,0.3254546443485234,0.3157964050769806,0.04777878715819027,949,3991.9894625922025,938.0,True,kept
manual_s10_cyst_0001,10,scene10,True,325.0,0.3069974276063876,0.3026576489210129,0.04283891135904701,978,4006.51226993865,938.0,True,kept
manual_s10_cyst_0001,10,scene10,True,335.0,0.2973032981963679,0.2913850247859955,0.03954642704806144,887,4079.881623449831,908.3333333333334,True,kept
manual_s10_cyst_0001,10,scene10,True,345.0,0.2909352965306404,0.2833559513092041,0.037868259385257445,860,4150.51511627907,873.3333333333334,True,kept
manual_s10_cyst_0001,10,scene10,True,355.0,0.2679199268283986,0.2614898085594177,0.03620078899212564,873,4228.838487972509,866.6666666666666,True,kept
manual_s10_cyst_0001,10,scene10,True,365.0,0.263485467970165,0.26026618480682373,0.03228773977375633,867,4220.42214532872,874.0,True,kept
manual_s10_cyst_0001,10,scene10,True,375.0,0.26128507285566827,0.25884364545345306,0.03208966218152153,882,4174.879818594104,881.3333333333334,True,kept
manual_s10_cyst_0001,10,scene10,True,385.0,0.256978100937838,0.2577051520347595,0.031856805686404734,895,4220.179888268156,908.0,True,kept
manual_s10_cyst_0001,10,scene10,True,395.0,0.24601238895180108,0.24666757881641388,0.029548708531475086,947,4213.268215417107,930.0,True,kept
manual_s10_cyst_0001,10,scene10,True,405.0,0.23554201988416884,0.23869405686855316,0.031050173849339044,948,4208.878691983123,932.0,True,kept
manual_s10_cyst_0001,10,scene10,True,415.0,0.22372137392136154,0.23064406216144562,0.03096862282660227,901,4396.320754716981,894.3333333333334,True,kept
manual_s10_cyst_0001,10,scene10,True,425.0,0.2168235113973812,0.21998702734708786,0.037778660181198104,834,4481.437649880096,834.6666666666666,True,kept
manual_s10_cyst_0001,10,scene10,True,435.0,0.2001884071294446,0.1983635276556015,0.031275924624006635,769,4396.4642392717815,755.6666666666666,True,kept
manual_s10_cyst_0001,10,scene10,True,445.0,0.19199922578745937,0.18843749165534973,0.026254940265741235,664,4025.335843373494,638.6666666666666,True,kept
manual_s10_cyst_0001,10,scene10,True,455.0,0.17995533686493742,0.17697519063949585,0.02117041086438993,483,3335.3167701863354,435.0,True,kept
manual_s10_cyst_0002,10,scene10,True,435.0,0.4241842967207714,0.40721623599529266,0.06624711791488397,372,2375.0940860215055,343.0,True,kept
manual_s10_cyst_0002,10,scene10,True,445.0,0.3480082081738008,0.33268681168556213,0.08831079257004612,643,3510.0388802488337,614.3333333333334,True,kept
manual_s10_cyst_0002,10,scene10,True,455.0,0.305361348811699,0.2780909091234207,0.09846355289028974,828,4227.200483091788,810.6666666666666,True,kept
manual_s10_cyst_0002,10,scene10,True,465.0,0.28140730061156444,0.2627997398376465,0.07697839772017252,961,4551.373569198751,950.6666666666666,True,kept
manual_s10_cyst_0002,10,scene10,True,475.0,0.27538402050537314,0.26070907711982727,0.06427477533897069,1063,4598.219190968955,1052.0,True,kept
manual_s10_cyst_0002,10,scene10,True,485.0,0.2680536792498385,0.25291872024536133,0.05948307343587674,1132,4575.891342756184,1127.0,True,kept
manual_s10_cyst_0002,10,scene10,True,495.0,0.26664225998355,0.2501671016216278,0.05512862480987744,1186,4528.522765598651,1124.6666666666667,True,kept
manual_s10_cyst_0002,10,scene10,True,505.0,0.27544765671094257,0.25085118412971497,0.0646170999970783,1056,4395.91571969697,1051.6666666666667,True,kept
manual_s10_cyst_0002,10,scene10,True,515.0,0.2873188458946161,0.2715880572795868,0.06590979203434957,913,4407.363636363636,944.3333333333334,True,kept
manual_s10_cyst_0002,10,scene10,True,525.0,0.3113069450482726,0.30307453870773315,0.09085773607232688,864,4304.1400462962965,883.6666666666666,True,kept
manual_s10_cyst_0002,10,scene10,True,535.0,0.29784381751491085,0.28145717084407806,0.08743595091355828,874,4230.12585812357,956.6666666666666,True,kept
manual_s10_cyst_0002,10,scene10,True,545.0,0.2626083268505906,0.27558794617652893,0.0868411075487129,1132,4019.928445229682,1093.0,True,kept
manual_s10_cyst_0002,10,scene10,True,555.0,0.2707571990682633,0.2835972011089325,0.05507676701455101,1273,4265.129615082482,1250.0,True,kept
manual_s10_cyst_0002,10,scene10,True,565.0,0.2866874568302835,0.2881716191768646,0.039010716229462145,1345,4431.867657992565,1292.6666666666667,True,kept
manual_s10_cyst_0002,10,scene10,True,575.0,0.2947825452638051,0.3080768883228302,0.04880240600018685,1260,4684.943650793651,1267.3333333333333,True,kept
manual_s10_cyst_0002,10,scene10,True,585.0,0.28871230879423515,0.2956424653530121,0.058937275105070186,1197,4850.709273182957,1182.0,True,kept
manual_s10_cyst_0002,10,scene10,True,595.0,0.2810340245537412,0.2793169915676117,0.05703720223215171,1089,4765.838383838384,1077.6666666666667,True,kept
manual_s10_cyst_0002,10,scene10,True,605.0,0.27379736674058525,0.2545422911643982,0.0640679155858235,947,4476.327349524815,921.3333333333334,True,kept
manual_s10_cyst_0002,10,scene10,True,615.0,0.27954150812065864,0.26585911214351654,0.05409508053014635,728,3328.993131868132,704.0,True,kept
manual_s10_cyst_0002,10,scene10,True,625.0,0.23061367569307986,0.2249206304550171,0.04773777823070267,437,2474.9084668192218,437.3333333333333,True,kept
manual_s10_cyst_0003,10,scene10,True,435.0,0.36459942337344675,0.3638703376054764,0.05791758291827876,170,2062.135294117647,290.0,True,kept
manual_s10_cyst_0003,10,scene10,True,445.0,0.34001152138624874,0.32774707674980164,0.05834746327676819,700,2788.2557142857145,596.3333333333334,True,kept
manual_s10_cyst_0003,10,scene10,True,455.0,0.2817682120888225,0.2614031136035919,0.07896653600712417,919,4105.967355821545,892.3333333333334,True,kept
manual_s10_cyst_0003,10,scene10,True,465.0,0.25922320916938874,0.24400995671749115,0.07403018809634067,1058,4612.509451795841,1041.3333333333333,True,kept
manual_s10_cyst_0003,10,scene10,True,475.0,0.26878836230028164,0.2704222798347473,0.06001725371782832,1147,4408.949433304272,1157.3333333333333,True,kept
manual_s10_cyst_0003,10,scene10,True,485.0,0.27131279926650054,0.2584284245967865,0.07440298302558382,1267,4230.100236779795,1248.0,True,kept
manual_s10_cyst_0003,10,scene10,True,495.0,0.26747943106898686,0.24867074191570282,0.07609776461112593,1330,3970.6473684210528,1294.0,True,kept
manual_s10_cyst_0003,10,scene10,True,505.0,0.268227525478671,0.24898572266101837,0.05891048337831401,1285,3851.505058365759,1169.0,True,kept
manual_s10_cyst_0003,10,scene10,True,515.0,0.294605782063419,0.2719552218914032,0.08442130108857095,892,3900.035874439462,1012.6666666666666,True,kept
manual_s10_cyst_0003,10,scene10,True,525.0,0.2935576101940268,0.27402210235595703,0.08046508398763391,861,3869.1068524970965,897.3333333333334,True,kept
manual_s10_cyst_0003,10,scene10,True,535.0,0.2814498169385333,0.2630999684333801,0.06325563262576371,939,3890.762513312034,1039.0,True,kept
manual_s10_cyst_0003,10,scene10,True,545.0,0.2801854129578005,0.26646557450294495,0.059207911935763066,1317,3874.1374335611235,1246.6666666666667,True,kept
manual_s10_cyst_0003,10,scene10,True,555.0,0.2895146842011705,0.27828651666641235,0.06043109637645269,1484,3910.809973045822,1413.0,True,kept
manual_s10_cyst_0003,10,scene10,True,565.0,0.29669350108989256,0.29518985748291016,0.06012249992399328,1438,4029.8038942976355,1437.0,True,kept
manual_s10_cyst_0003,10,scene10,True,575.0,0.3119352181731067,0.3052966296672821,0.0797017290389066,1389,4044.6400287976962,1382.3333333333333,True,kept
manual_s10_cyst_0003,10,scene10,True,585.0,0.28879865761281864,0.2757548540830612,0.09003454200058947,1320,4298.306818181818,1295.6666666666667,True,kept
manual_s10_cyst_0003,10,scene10,True,595.0,0.27631372978660973,0.25329647958278656,0.0857425034523042,1178,4095.4821731748725,1139.3333333333333,True,kept
manual_s10_cyst_0003,10,scene10,True,605.0,0.2753365537394648,0.2601904273033142,0.05868531371917061,920,3189.2271739130433,830.0,True,kept
manual_s10_cyst_0003,10,scene10,True,615.0,0.2779039983466572,0.2739720642566681,0.043102431764862344,392,2272.2755102040815,437.3333333333333,True,kept
manual_s10_cyst_0005,10,scene10,True,285.0,0.6551238843818116,0.651341050863266,0.055036532909641764,306,2497.503267973856,284.3333333333333,True,kept
manual_s10_cyst_0005,10,scene10,True,295.0,0.6305333521374901,0.6222538352012634,0.06724238069032336,543,3503.475138121547,508.6666666666667,True,kept
manual_s10_cyst_0005,10,scene10,True,305.0,0.5936605293782459,0.5900490283966064,0.0793492408960155,677,3576.709010339734,656.3333333333334,True,kept
manual_s10_cyst_0005,10,scene10,True,315.0,0.5630920076163334,0.5597208142280579,0.07717482533009185,749,3328.3938584779708,747.0,True,kept
manual_s10_cyst_0005,10,scene10,True,325.0,0.5143038033707742,0.5152785181999207,0.054097509800646836,815,3159.279754601227,811.6666666666666,True,kept
manual_s10_cyst_0005,10,scene10,True,335.0,0.47739684687826855,0.4705770015716553,0.08107311296237478,871,3174.2376578645235,860.6666666666666,True,kept
manual_s10_cyst_0005,10,scene10,True,345.0,0.44778100178310914,0.4325135052204132,0.08503648624989062,896,3218.3660714285716,891.0,True,kept
manual_s10_cyst_0005,10,scene10,True,355.0,0.4074387572064305,0.39086197316646576,0.07894364631022464,906,3299.019867549669,901.0,True,kept
manual_s10_cyst_0005,10,scene10,True,365.0,0.3697721361287029,0.3574288785457611,0.05424157184381135,901,3476.429522752497,899.3333333333334,True,kept
manual_s10_cyst_0005,10,scene10,True,375.0,0.348028424579554,0.33471158146858215,0.056123516601883076,891,3600.1784511784513,879.6666666666666,True,kept
manual_s10_cyst_0005,10,scene10,True,385.0,0.3148247945301648,0.3073447048664093,0.054613060917925074,847,3899.5785123966944,842.3333333333334,True,kept
manual_s10_cyst_0005,10,scene10,True,395.0,0.31627689483274524,0.29939043521881104,0.06627863119309038,789,3822.5589353612168,767.6666666666666,True,kept
manual_s10_cyst_0005,10,scene10,True,405.0,0.3291262654752388,0.31845879554748535,0.06285888028993798,667,3419.8260869565215,625.0,True,kept
manual_s10_cyst_0005,10,scene10,True,415.0,0.38977140152653533,0.39838269352912903,0.07000914335431464,419,2629.892601431981,378.3333333333333,True,kept
manual_s10_cyst_0006,10,scene10,True,325.0,0.7538000697926651,0.7286613285541534,0.11387104058525904,556,3202.0647482014388,499.6666666666667,True,kept
manual_s10_cyst_0006,10,scene10,True,335.0,0.637298066087209,0.6052468419075012,0.11142583715735477,683,3718.714494875549,671.6666666666666,True,kept
manual_s10_cyst_0006,10,scene10,True,345.0,0.600239752647803,0.5668868720531464,0.10416402398336426,776,3664.078608247423,763.0,True,kept
manual_s10_cyst_0006,10,scene10,True,355.0,0.5421237470155739,0.5308557450771332,0.08138025735452627,830,3702.6831325301205,826.6666666666666,True,kept
manual_s10_cyst_0006,10,scene10,True,365.0,0.4841820560821952,0.46742475032806396,0.07800971139266055,874,3763.0400457665905,868.3333333333334,True,kept
manual_s10_cyst_0006,10,scene10,True,375.0,0.43623321828381734,0.42191246151924133,0.07387833322167395,901,3734.256381798002,886.0,True,kept
manual_s10_cyst_0006,10,scene10,True,385.0,0.4113385350963402,0.40148794651031494,0.07336636430378016,883,3710.0385050962627,889.6666666666666,True,kept
manual_s10_cyst_0006,10,scene10,True,395.0,0.38523855539365004,0.3745991885662079,0.05501038070884119,885,3706.9141242937853,900.0,True,kept
manual_s10_cyst_0006,10,scene10,True,405.0,0.36552386641374474,0.3637291043996811,0.056450535908454565,932,3710.6491416309013,911.3333333333334,True,kept
manual_s10_cyst_0006,10,scene10,True,415.0,0.3431341155404743,0.3311431407928467,0.05397622582752149,917,3925.671755725191,903.6666666666666,True,kept
manual_s10_cyst_0006,10,scene10,True,425.0,0.33211548560733306,0.31539276242256165,0.05572962505227337,862,4032.390951276102,863.0,True,kept
manual_s10_cyst_0006,10,scene10,True,435.0,0.3158168552282416,0.3042759448289871,0.05796528519636065,810,4051.756790123457,809.0,True,kept
manual_s10_cyst_0006,10,scene10,True,445.0,0.2969730006148484,0.2812396287918091,0.050474636233467644,755,4014.8635761589403,741.3333333333334,True,kept
manual_s10_cyst_0006,10,scene10,True,455.0,0.2733011035438011,0.24997422099113464,0.07288773744361496,659,4203.5933232169955,645.6666666666666,True,kept
manual_s10_cyst_0006,10,scene10,True,465.0,0.2885291863866791,0.28275611996650696,0.05191489390661683,523,3164.6673040152964,443.3333333333333,True,kept
manual_s10_cyst_0007,10,scene10,True,425.0,0.45417971523543493,0.44287075102329254,0.06283102861686012,402,2684.8109452736317,354.3333333333333,True,kept
manual_s10_cyst_0007,10,scene10,True,435.0,0.4567442395003083,0.43742844462394714,0.08066830244405229,603,3287.794361525705,597.0,True,kept
manual_s10_cyst_0007,10,scene10,True,445.0,0.44048560067594206,0.43043237924575806,0.0805711104977969,786,3731.7162849872775,769.3333333333334,True,kept
manual_s10_cyst_0007,10,scene10,True,455.0,0.4638587390442538,0.4752058684825897,0.08805808348025791,919,3545.49401523395,903.6666666666666,True,kept
manual_s10_cyst_0007,10,scene10,True,465.0,0.4188687184725557,0.4166247248649597,0.08707118991919345,1006,3662.8876739562625,1014.6666666666666,True,kept
manual_s10_cyst_0007,10,scene10,True,475.0,0.3998163014623712,0.3999529480934143,0.06609519176163053,1119,3655.207327971403,1110.0,True,kept
manual_s10_cyst_0007,10,scene10,True,485.0,0.38210672203188617,0.3747653365135193,0.07338681759840417,1205,3613.650622406639,1125.3333333333333,True,kept
manual_s10_cyst_0007,10,scene10,True,495.0,0.3751231678566779,0.36317408084869385,0.08508611556511482,1052,3685.1958174904944,1078.6666666666667,True,kept
manual_s10_cyst_0007,10,scene10,True,505.0,0.3638627068867357,0.3483112156391144,0.0812600104814773,979,3622.025536261491,987.6666666666666,True,kept
manual_s10_cyst_0007,10,scene10,True,515.0,0.36874914928759117,0.35120831429958344,0.08500777565373151,932,3522.0096566523607,1027.0,True,kept
manual_s10_cyst_0007,10,scene10,True,525.0,0.3609605675579136,0.3398008644580841,0.10304121991742948,1170,3543.652136752137,1141.6666666666667,True,kept
manual_s10_cyst_0007,10,scene10,True,535.0,0.3508496929188164,0.3228687047958374,0.09376745914824329,1323,3518.7309145880577,1266.0,True,kept
manual_s10_cyst_0007,10,scene10,True,545.0,0.3604263559497636,0.32916009426116943,0.09414807547018264,1305,3536.456704980843,1294.3333333333333,True,kept
manual_s10_cyst_0007,10,scene10,True,555.0,0.36550816810463527,0.3391374349594116,0.09393671475333108,1255,3645.614342629482,1245.3333333333333,True,kept
manual_s10_cyst_0007,10,scene10,True,565.0,0.3674806505948508,0.353818416595459,0.09554329119480336,1176,3777.9396258503402,1169.6666666666667,True,kept
manual_s10_cyst_0007,10,scene10,True,575.0,0.3571693334652453,0.3362128585577011,0.08217724631048767,1078,3752.6419294990724,1051.0,True,kept
manual_s10_cyst_0007,10,scene10,True,585.0,0.3948951464838393,0.36616408824920654,0.09841331338032998,899,3171.107897664071,791.0,True,kept
manual_s10_cyst_0007,10,scene10,True,595.0,0.44837505761722124,0.443313404917717,0.054216582382918314,396,2175.5429292929293,431.6666666666667,True,kept
manual_s11_cyst_0001,11,scene11,True,245.0,0.6653054125223651,0.6561161875724792,0.0852622554949205,447,2977.1118568232664,432.0,True,kept
manual_s11_cyst_0001,11,scene11,True,255.0,0.5754207881908973,0.5658435225486755,0.06495652177314436,618,3359.336569579288,603.0,True,kept
manual_s11_cyst_0001,11,scene11,True,265.0,0.510715464670812,0.49500860273838043,0.06698857394496063,744,3570.1639784946237,733.3333333333334,True,kept
manual_s11_cyst_0001,11,scene11,True,275.0,0.4592017427904794,0.44074659049510956,0.06678008893593568,838,3781.204057279236,838.0,True,kept
manual_s11_cyst_0001,11,scene11,True,285.0,0.4422500038863252,0.42187704145908356,0.06950953196644001,932,3772.0515021459228,925.3333333333334,True,kept
manual_s11_cyst_0001,11,scene11,True,295.0,0.42266385112083693,0.39559513330459595,0.08234947069075937,1006,3793.013916500994,990.3333333333334,True,kept
manual_s11_cyst_0001,11,scene11,True,305.0,0.3884176711145237,0.37150946259498596,0.06227314967358673,1033,3738.843175217812,997.6666666666666,True,kept
manual_s11_cyst_0001,11,scene11,True,315.0,0.3727849902003316,0.3534161150455475,0.07444608344840363,954,3759.538784067086,966.3333333333334,True,kept
manual_s11_cyst_0001,11,scene11,True,325.0,0.3715822529537897,0.3446404039859772,0.1037980811648576,912,3766.8497807017543,917.3333333333334,True,kept
manual_s11_cyst_0001,11,scene11,True,335.0,0.3503900924129895,0.328824907541275,0.10031778895585095,886,3847.805869074492,893.0,True,kept
manual_s11_cyst_0001,11,scene11,True,345.0,0.33415667645032776,0.3098929822444916,0.10149939022538026,881,3853.9273552780933,888.0,True,kept
manual_s11_cyst_0001,11,scene11,True,355.0,0.32084905529766444,0.30321231484413147,0.08847125764523193,897,3747.3177257525085,974.6666666666666,True,kept
manual_s11_cyst_0001,11,scene11,True,365.0,0.31657554530400467,0.30026011168956757,0.08996881083953258,1146,3658.8778359511343,1086.0,True,kept
manual_s11_cyst_0001,11,scene11,True,375.0,0.3124255188453345,0.29734206199645996,0.08249397918633733,1215,3717.848559670782,1187.0,True,kept
manual_s11_cyst_0001,11,scene11,True,385.0,0.3200370491668582,0.296919584274292,0.08782772609693995,1200,3765.2141666666666,1193.0,True,kept
manual_s11_cyst_0001,11,scene11,True,395.0,0.32326993123464975,0.29158730804920197,0.09755058473385766,1164,3914.4845360824743,1158.0,True,kept
manual_s11_cyst_0001,11,scene11,True,405.0,0.319202894777865,0.2743925303220749,0.12077360173533189,1110,4058.484684684685,1095.3333333333333,True,kept
manual_s11_cyst_0001,11,scene11,True,415.0,0.316002440694057,0.2711855471134186,0.11672058605111924,1012,3787.054347826087,982.0,True,kept
manual_s11_cyst_0001,11,scene11,True,425.0,0.3150608384782828,0.29381975531578064,0.08696193434937133,824,2927.902912621359,717.0,True,kept
manual_s11_cyst_0001,11,scene11,True,435.0,0.2983570095565584,0.299042671918869,0.03298507724035765,315,2179.974603174603,379.6666666666667,True,kept
manual_s11_cyst_0002,11,scene11,True,325.0,0.6228203588451435,0.6154705882072449,0.07185773512437371,306,2111.450980392157,319.0,True,kept
manual_s11_cyst_0002,11,scene11,True,335.0,0.5228620515349457,0.5152508616447449,0.07943642070935886,651,2981.0875576036865,593.3333333333334,True,kept
manual_s11_cyst_0002,11,scene11,True,345.0,0.4276256979887859,0.41861286759376526,0.06387023861280938,823,3762.6585662211423,806.3333333333334,True,kept
manual_s11_cyst_0002,11,scene11,True,355.0,0.40470293139023755,0.39343246817588806,0.0702850073049882,945,3935.258201058201,942.0,True,kept
manual_s11_cyst_0002,11,scene11,True,365.0,0.3901421321249639,0.37872935831546783,0.06452629633613927,1058,3756.0888468809076,1044.6666666666667,True,kept
manual_s11_cyst_0002,11,scene11,True,375.0,0.3547483285531652,0.34419310092926025,0.05919724403107396,1131,3636.2183908045977,1126.3333333333333,True,kept
manual_s11_cyst_0002,11,scene11,True,385.0,0.3406205864263182,0.3259595036506653,0.06431205905532665,1190,3515.3789915966386,1143.6666666666667,True,kept
manual_s11_cyst_0002,11,scene11,True,395.0,0.3417194002920443,0.32558751106262207,0.07784678811276573,1110,3422.0495495495497,1091.0,True,kept
manual_s11_cyst_0002,11,scene11,True,405.0,0.34633660180166836,0.32244613766670227,0.08612744546507696,973,3392.383350462487,1022.3333333333334,True,kept
manual_s11_cyst_0002,11,scene11,True,415.0,0.33425310612996906,0.3244398534297943,0.06446496930774391,984,3331.5711382113823,1026.0,True,kept
manual_s11_cyst_0002,11,scene11,True,425.0,0.3323697339175111,0.3226238787174225,0.06452907717142246,1121,3344.539696699376,1130.3333333333333,True,kept
manual_s11_cyst_0002,11,scene11,True,435.0,0.3202368906158867,0.31671877205371857,0.0555974696269947,1286,3438.443234836703,1213.0,True,kept
manual_s11_cyst_0002,11,scene11,True,445.0,0.3192013833042863,0.3137051910161972,0.04134842306581472,1232,3594.8035714285716,1226.6666666666667,True,kept
manual_s11_cyst_0002,11,scene11,True,455.0,0.3124791381819728,0.3110719472169876,0.037165582425048305,1162,3723.6506024096384,1148.6666666666667,True,kept
manual_s11_cyst_0002,11,scene11,True,465.0,0.2990746009287499,0.2964288145303726,0.04027437254012219,1052,3919.0114068441067,1044.0,True,kept
manual_s11_cyst_0002,11,scene11,True,475.0,0.2830739249526026,0.27820640802383423,0.04276592299188793,918,3983.918300653595,897.0,True,kept
manual_s11_cyst_0002,11,scene11,True,485.0,0.2697684676612465,0.2631881833076477,0.04177900280646088,721,3735.2343966712897,715.3333333333334,True,kept
manual_s11_cyst_0002,11,scene11,True,495.0,0.29275587412732595,0.2933562994003296,0.03301362432629223,507,2484.147928994083,428.0,True,kept
manual_s11_cyst_0003,11,scene11,True,345.0,0.6939775079069003,0.6885170042514801,0.07979875733518504,284,2173.975352112676,282.3333333333333,True,kept
manual_s11_cyst_0003,11,scene11,True,355.0,0.6035870001328775,0.5590253472328186,0.11707139369786733,563,2876.9644760213146,546.0,True,kept
manual_s11_cyst_0003,11,scene11,True,365.0,0.569916865504647,0.5419468879699707,0.11424781606756927,791,3190.4627054361567,778.0,True,kept
manual_s11_cyst_0003,11,scene11,True,375.0,0.5257092338435504,0.5057344734668732,0.0995008413164711,980,3549.3785714285714,950.0,True,kept
manual_s11_cyst_0003,11,scene11,True,385.0,0.47563052089044183,0.44738009572029114,0.10027999821577704,1079,3850.4448563484707,1075.6666666666667,True,kept
manual_s11_cyst_0003,11,scene11,True,395.0,0.44953874057184345,0.43273498117923737,0.08780656191247684,1168,3849.195205479452,1169.6666666666667,True,kept
manual_s11_cyst_0003,11,scene11,True,405.0,0.4281991660925552,0.4107751399278641,0.08207616322631481,1262,3710.729001584786,1235.0,True,kept
manual_s11_cyst_0003,11,scene11,True,415.0,0.40960209479518966,0.39313259720802307,0.08351834169245918,1275,3633.938823529412,1222.3333333333333,True,kept
manual_s11_cyst_0003,11,scene11,True,425.0,0.41822967713913034,0.38839948177337646,0.11722689750953304,1130,3496.4159292035397,1161.3333333333333,True,kept
manual_s11_cyst_0003,11,scene11,True,435.0,0.3752031842103371,0.3565080761909485,0.09518658246940598,1079,3531.22984244671,1115.0,True,kept
manual_s11_cyst_0003,11,scene11,True,445.0,0.3499002344250469,0.33336837589740753,0.08255247474820922,1136,3693.9771126760565,1141.0,True,kept
manual_s11_cyst_0003,11,scene11,True,455.0,0.3337460094137697,0.3194473683834076,0.07246365405003283,1208,3745.0637417218545,1209.3333333333333,True,kept
manual_s11_cyst_0003,11,scene11,True,465.0,0.3094135111783895,0.29367053508758545,0.062034734509251226,1284,3937.1035825545173,1267.3333333333333,True,kept
manual_s11_cyst_0003,11,scene11,True,475.0,0.3007456198448443,0.28084275126457214,0.06519813488020777,1310,3983.4572519083968,1297.0,True,kept
manual_s11_cyst_0003,11,scene11,True,485.0,0.2965985421226313,0.2734672427177429,0.07249576111144068,1297,3921.034695451041,1312.3333333333333,True,kept
manual_s11_cyst_0003,11,scene11,True,495.0,0.28630550150808537,0.26054614782333374,0.06959037299733659,1330,3811.593233082707,1324.0,True,kept
manual_s11_cyst_0003,11,scene11,True,505.0,0.27196999192237853,0.25302332639694214,0.05749746662331317,1345,3789.814126394052,1313.3333333333333,True,kept
manual_s11_cyst_0003,11,scene11,True,515.0,0.25614881507257226,0.24693523347377777,0.039172858269816334,1265,3874.581027667984,1267.6666666666667,True,kept
manual_s11_cyst_0003,11,scene11,True,525.0,0.25095484586243655,0.24545243382453918,0.03452051224006535,1193,3891.8667225481977,1192.0,True,kept
manual_s11_cyst_0003,11,scene11,True,535.0,0.23772019583711898,0.2289668619632721,0.0435936071418685,1118,4002.113595706619,1111.6666666666667,True,kept
manual_s11_cyst_0003,11,scene11,True,545.0,0.23915705479157623,0.2342522218823433,0.04487286316954887,1024,3847.248046875,1009.3333333333334,True,kept
manual_s11_cyst_0003,11,scene11,True,555.0,0.2479214882204818,0.2390121966600418,0.04760571184472223,886,3622.3092550790066,865.6666666666666,True,kept
manual_s11_cyst_0003,11,scene11,True,565.0,0.2708167435257022,0.27206477522850037,0.04185880172314385,687,3211.09461426492,665.0,True,kept
manual_s11_cyst_0003,11,scene11,True,575.0,0.334649897970577,0.33298979699611664,0.035349053070584405,422,2260.6824644549765,372.6666666666667,True,kept
manual_s11_cyst_0004,11,scene11,True,315.0,0.7443662109582321,0.7429384589195251,0.07947252899803732,345,2566.6840579710147,301.6666666666667,True,kept
manual_s11_cyst_0004,11,scene11,True,325.0,0.6113974091342904,0.6032716631889343,0.07464323295085389,528,3621.2613636363635,516.0,True,kept
manual_s11_cyst_0004,11,scene11,True,335.0,0.5917423790031009,0.5769624710083008,0.07687305981163062,675,3746.8044444444445,660.0,True,kept
manual_s11_cyst_0004,11,scene11,True,345.0,0.5548748116235476,0.5321148633956909,0.07229202780495697,777,3845.002574002574,771.0,True,kept
manual_s11_cyst_0004,11,scene11,True,355.0,0.5190519257497289,0.5076066255569458,0.05798282709297823,861,3787.1939605110338,857.3333333333334,True,kept
manual_s11_cyst_0004,11,scene11,True,365.0,0.4857647337609746,0.4738667607307434,0.06886510245624097,934,3866.6284796573877,933.3333333333334,True,kept
manual_s11_cyst_0004,11,scene11,True,375.0,0.46025719776082397,0.4537433385848999,0.06501986420750142,1005,3794.5124378109454,965.3333333333334,True,kept
manual_s11_cyst_0004,11,scene11,True,385.0,0.45503884261180116,0.43713220953941345,0.07008189658487368,957,3687.1306165099268,956.0,True,kept
manual_s11_cyst_0004,11,scene11,True,395.0,0.4333571463691741,0.42796389758586884,0.061118493078379466,906,3683.820088300221,908.6666666666666,True,kept
manual_s11_cyst_0004,11,scene11,True,405.0,0.4090642161745047,0.40181368589401245,0.06053958351113072,863,3688.508690614137,906.0,True,kept
manual_s11_cyst_0004,11,scene11,True,415.0,0.3942707059757727,0.3959524929523468,0.05841566736966818,949,3649.5574288724974,976.6666666666666,True,kept
manual_s11_cyst_0004,11,scene11,True,425.0,0.3911712721176779,0.39036498963832855,0.056677435797745306,1118,3538.087656529517,1059.3333333333333,True,kept
manual_s11_cyst_0004,11,scene11,True,435.0,0.39366946641010386,0.39291757345199585,0.05760433573956211,1111,3644.937893789379,1100.6666666666667,True,kept
manual_s11_cyst_0004,11,scene11,True,445.0,0.3876415121699757,0.37594836950302124,0.06363882717519702,1073,3778.098788443616,1058.6666666666667,True,kept
manual_s11_cyst_0004,11,scene11,True,455.0,0.3729053708694635,0.37758952379226685,0.06460515303462495,992,3951.4616935483873,985.0,True,kept
manual_s11_cyst_0004,11,scene11,True,465.0,0.3545538796300299,0.3430379331111908,0.07247907865922787,890,3994.7786516853935,877.3333333333334,True,kept
manual_s11_cyst_0004,11,scene11,True,475.0,0.36110349210103354,0.34584254026412964,0.06140452556290111,750,3546.7346666666667,711.3333333333334,True,kept
manual_s11_cyst_0004,11,scene11,True,485.0,0.4057560763378375,0.40766647458076477,0.05125695268575296,494,2645.910931174089,446.0,True,kept
manual_s12_cyst_0001,12,scene12,True,455.0,0.3040661162938841,0.2846428453922272,0.06973769409935844,454,3224.068281938326,403.6666666666667,True,kept
manual_s12_cyst_0001,12,scene12,True,465.0,0.2586705666005516,0.23746338486671448,0.07623783617788031,623,4236.438202247191,615.3333333333334,True,kept
manual_s12_cyst_0001,12,scene12,True,475.0,0.24053129131369225,0.22897930443286896,0.06477489450972064,769,4553.488946684005,762.6666666666666,True,kept
manual_s12_cyst_0001,12,scene12,True,485.0,0.23357461439445615,0.22537466138601303,0.07016102103369688,896,4698.948660714285,884.0,True,kept
manual_s12_cyst_0001,12,scene12,True,495.0,0.24368680598404874,0.23116707801818848,0.07606412849287449,987,4426.992907801418,975.6666666666666,True,kept
manual_s12_cyst_0001,12,scene12,True,505.0,0.23920611489093166,0.22548265755176544,0.06342260299559117,1044,4334.19061302682,1045.0,True,kept
manual_s12_cyst_0001,12,scene12,True,515.0,0.23229612384423398,0.21918882429599762,0.057630814367836146,1104,4274.304347826087,1051.0,True,kept
manual_s12_cyst_0001,12,scene12,True,525.0,0.2233909157526434,0.2204231172800064,0.048967689299195725,1005,4292.960199004975,1012.3333333333334,True,kept
manual_s12_cyst_0001,12,scene12,True,535.0,0.22851577849159466,0.22337066382169724,0.05585364935671409,928,4183.850215517241,941.0,True,kept
manual_s12_cyst_0001,12,scene12,True,545.0,0.22854844184404008,0.2278478443622589,0.05820308550350972,890,4249.075280898876,924.0,True,kept
manual_s12_cyst_0001,12,scene12,True,555.0,0.25088697125201953,0.2459477335214615,0.057504953525531526,954,4094.9423480083856,1023.3333333333334,True,kept
manual_s12_cyst_0001,12,scene12,True,565.0,0.2625314412580812,0.257609024643898,0.05083146871243023,1226,3911.022838499184,1142.3333333333333,True,kept
manual_s12_cyst_0001,12,scene12,True,575.0,0.2553534669310165,0.2579995095729828,0.04060557967945129,1247,4098.088211708099,1231.3333333333333,True,kept
manual_s12_cyst_0001,12,scene12,True,585.0,0.25943143942822794,0.2584185004234314,0.042820461773985546,1221,4329.562653562653,1209.0,True,kept
manual_s12_cyst_0001,12,scene12,True,595.0,0.25464520380350925,0.24678455293178558,0.049654686414661,1159,4575.996548748922,1153.3333333333333,True,kept
manual_s12_cyst_0001,12,scene12,True,605.0,0.24579718844206244,0.22631532698869705,0.05865261725098428,1080,4600.339814814814,1069.6666666666667,True,kept
manual_s12_cyst_0001,12,scene12,True,615.0,0.2537923455391963,0.22136953473091125,0.0836838380692462,970,4056.2309278350517,913.0,True,kept
manual_s12_cyst_0001,12,scene12,True,625.0,0.26156349339575136,0.2383657544851303,0.071032282986758,689,3112.8403483309144,604.0,True,kept
manual_s12_cyst_0001,12,scene12,True,635.0,0.25274809532695347,0.24776943027973175,0.03611920420534203,153,2336.052287581699,280.6666666666667,True,kept
manual_s12_cyst_0002,12,scene12,True,285.0,0.5068257255228888,0.5009215474128723,0.06189407348285004,557,3406.518850987433,488.3333333333333,True,kept
manual_s12_cyst_0002,12,scene12,True,295.0,0.43727757891670604,0.43171730637550354,0.057453072062940376,732,4524.068306010929,722.6666666666666,True,kept
manual_s12_cyst_0002,12,scene12,True,305.0,0.42056135231453134,0.4107415974140167,0.05189118518530172,879,4528.95449374289,866.6666666666666,True,kept
manual_s12_cyst_0002,12,scene12,True,315.0,0.3976410147936448,0.3871195912361145,0.045302366904991474,989,4235.298281092012,973.0,True,kept
manual_s12_cyst_0002,12,scene12,True,325.0,0.37546550419419067,0.36553826928138733,0.05055319384322837,1051,4161.22359657469,1052.6666666666667,True,kept
manual_s12_cyst_0002,12,scene12,True,335.0,0.34645491702505427,0.3381771296262741,0.044639685790800784,1118,4061.4454382826475,1079.0,True,kept
manual_s12_cyst_0002,12,scene12,True,345.0,0.3168273277803976,0.31201355159282684,0.031044423674119817,1068,4069.914794007491,1032.0,True,kept
manual_s12_cyst_0002,12,scene12,True,355.0,0.30121327687750804,0.2966304421424866,0.030743240478543415,910,4135.365934065934,969.0,True,kept
manual_s12_cyst_0002,12,scene12,True,365.0,0.2783946766406779,0.2758692800998688,0.028261202987146784,929,4233.628632938644,929.6666666666666,True,kept
manual_s12_cyst_0002,12,scene12,True,375.0,0.2567673409926264,0.2561511993408203,0.02814819368349635,950,4276.146315789474,941.3333333333334,True,kept
manual_s12_cyst_0002,12,scene12,True,385.0,0.2461632382932794,0.24739453196525574,0.028719845499103724,945,4241.577777777778,943.3333333333334,True,kept
manual_s12_cyst_0002,12,scene12,True,395.0,0.23590785476931914,0.2364208847284317,0.02799974980274073,935,4199.052406417112,930.3333333333334,True,kept
manual_s12_cyst_0002,12,scene12,True,405.0,0.23037772767172163,0.2318124771118164,0.029158441104777954,911,4232.38199780461,913.3333333333334,True,kept
manual_s12_cyst_0002,12,scene12,True,415.0,0.2274156926028947,0.23138722032308578,0.02985627224602068,894,4196.275167785235,909.3333333333334,True,kept
manual_s12_cyst_0002,12,scene12,True,425.0,0.2180943373481734,0.22018888592720032,0.03100206352406728,923,4215.927410617552,908.3333333333334,True,kept
manual_s12_cyst_0002,12,scene12,True,435.0,0.21112061840059473,0.2105569913983345,0.030107576569938715,908,4223.638766519824,903.3333333333334,True,kept
manual_s12_cyst_0002,12,scene12,True,445.0,0.2058221919883776,0.2069840431213379,0.02353852410570713,879,4196.152445961319,874.0,True,kept
manual_s12_cyst_0002,12,scene12,True,455.0,0.20588826542485975,0.20837342739105225,0.023307350400463764,835,4068.6838323353295,826.0,True,kept
manual_s12_cyst_0002,12,scene12,True,465.0,0.19843013446134422,0.20094141364097595,0.023402158341442943,764,4034.160994764398,760.6666666666666,True,kept
manual_s12_cyst_0002,12,scene12,True,475.0,0.186280963056084,0.18335562944412231,0.02634715409414477,683,3985.1098096632504,664.3333333333334,True,kept
manual_s12_cyst_0002,12,scene12,True,485.0,0.18496366915030357,0.18074499815702438,0.025637813850472067,546,3615.4542124542127,520.6666666666666,True,kept
manual_s12_cyst_0002,12,scene12,True,495.0,0.208123766668924,0.20571446418762207,0.022262148022555148,333,2705.084084084084,297.3333333333333,True,kept
manual_s12_cyst_0003,12,scene12,True,435.0,0.3915481533802731,0.39025260508060455,0.04503685568226746,284,2448.5985915492956,289.6666666666667,True,kept
manual_s12_cyst_0003,12,scene12,True,445.0,0.34302362835305367,0.326569527387619,0.07074636007205244,585,3590.5897435897436,539.6666666666666,True,kept
manual_s12_cyst_0003,12,scene12,True,455.0,0.29284378596146904,0.2769291549921036,0.07801791690276366,750,4656.253333333333,740.3333333333334,True,kept
manual_s12_cyst_0003,12,scene12,True,465.0,0.2762901043649721,0.26643718779087067,0.068303393644532,886,4959.840857787811,872.6666666666666,True,kept
manual_s12_cyst_0003,12,scene12,True,475.0,0.2756710561436208,0.27185316383838654,0.06388483810598476,982,4908.7230142566195,978.6666666666666,True,kept
manual_s12_cyst_0003,12,scene12,True,485.0,0.2775834332663245,0.27170272171497345,0.07448925529216521,1068,4901.4475655430715,1061.6666666666667,True,kept
manual_s12_cyst_0003,12,scene12,True,495.0,0.2662875819311268,0.2553309500217438,0.0670880696028382,1135,4676.802643171806,1091.3333333333333,True,kept
manual_s12_cyst_0003,12,scene12,True,505.0,0.25852508618940717,0.24750855565071106,0.0547468966944129,1071,4650.2446311858075,1046.6666666666667,True,kept
manual_s12_cyst_0003,12,scene12,True,515.0,0.2480243432317607,0.24911951273679733,0.044087966418754496,934,4716.914346895075,959.6666666666666,True,kept
manual_s12_cyst_0003,12,scene12,True,525.0,0.2391660308776513,0.2418006956577301,0.04475947900790996,874,4866.578947368421,889.6666666666666,True,kept
manual_s12_cyst_0003,12,scene12,True,535.0,0.2432469146523049,0.2347962111234665,0.053437333708069856,861,4786.694541231127,862.6666666666666,True,kept
manual_s12_cyst_0003,12,scene12,True,545.0,0.240627423627575,0.23619677126407623,0.05068782542084177,853,4759.242672919109,881.3333333333334,True,kept
manual_s12_cyst_0003,12,scene12,True,555.0,0.24272601931325852,0.23534538596868515,0.0519533377614068,930,4688.31935483871,1002.6666666666666,True,kept
manual_s12_cyst_0003,12,scene12,True,565.0,0.23575923476900373,0.2301592081785202,0.046229210105435896,1225,4587.435102040817,1138.6666666666667,True,kept
manual_s12_cyst_0003,12,scene12,True,575.0,0.22711812246895138,0.22770145535469055,0.03990512396691848,1261,4714.513084853291,1240.0,True,kept
manual_s12_cyst_0003,12,scene12,True,585.0,0.2251851285899864,0.22723045200109482,0.03796213361759669,1234,4866.068881685575,1227.3333333333333,True,kept
manual_s12_cyst_0003,12,scene12,True,595.0,0.22219888498126306,0.22460269927978516,0.03901493338206134,1187,4850.721988205561,1172.0,True,kept
manual_s12_cyst_0003,12,scene12,True,605.0,0.2039859542835793,0.20185421407222748,0.039137093030096826,1095,4913.625570776256,1083.6666666666667,True,kept
manual_s12_cyst_0003,12,scene12,True,615.0,0.21370109623553707,0.20006977021694183,0.06430108461199623,969,4377.334365325078,921.6666666666666,True,kept
manual_s12_cyst_0003,12,scene12,True,625.0,0.21883980944731435,0.2067158818244934,0.05890512534185714,701,3343.808844507846,623.0,True,kept
manual_s12_cyst_0003,12,scene12,True,635.0,0.23445884860939717,0.22827747464179993,0.035483530416408726,199,2307.472361809045,300.0,True,kept
manual_s12_cyst_0004,12,scene12,True,285.0,0.5360812059728615,0.527067631483078,0.05045437372244175,462,2709.095238095238,400.6666666666667,True,kept
manual_s12_cyst_0004,12,scene12,True,295.0,0.4290590973506714,0.433171883225441,0.06430753289742036,696,4120.517241379311,668.0,True,kept
manual_s12_cyst_0004,12,scene12,True,305.0,0.37465184109712607,0.3564915060997009,0.06578170646286606,846,4696.7836879432625,832.0,True,kept
manual_s12_cyst_0004,12,scene12,True,315.0,0.3550236321970102,0.33882851898670197,0.06323961325204307,954,4779.6194968553455,959.6666666666666,True,kept
manual_s12_cyst_0004,12,scene12,True,325.0,0.32405669538371534,0.30234962701797485,0.05872714075342177,1079,4629.899907321594,1057.6666666666667,True,kept
manual_s12_cyst_0004,12,scene12,True,335.0,0.3036493517327727,0.2895214706659317,0.05377664803215652,1140,4439.55701754386,1132.3333333333333,True,kept
manual_s12_cyst_0004,12,scene12,True,345.0,0.2787134167319243,0.26844970881938934,0.050598657145214034,1178,4364.765704584041,1096.3333333333333,True,kept
manual_s12_cyst_0004,12,scene12,True,355.0,0.2587183522699299,0.2515345811843872,0.04007088905121753,971,4364.163748712667,1008.6666666666666,True,kept
manual_s12_cyst_0004,12,scene12,True,365.0,0.24528322170914374,0.23869377374649048,0.03741188440795085,877,4349.340935005701,906.6666666666666,True,kept
manual_s12_cyst_0004,12,scene12,True,375.0,0.22536894021162746,0.2226950004696846,0.03305143760017455,872,4487.467889908256,892.3333333333334,True,kept
manual_s12_cyst_0004,12,scene12,True,385.0,0.22542227957205013,0.21997687965631485,0.035534564654414506,928,4460.384698275862,912.0,True,kept
manual_s12_cyst_0004,12,scene12,True,395.0,0.21089574490856922,0.20637789368629456,0.02769002943620743,936,4480.15811965812,928.0,True,kept
manual_s12_cyst_0004,12,scene12,True,405.0,0.20191657802333002,0.20342451333999634,0.027792129628710662,920,4540.002173913043,962.3333333333334,True,kept
manual_s12_cyst_0004,12,scene12,True,415.0,0.19217101862486072,0.1956055909395218,0.02471018564950583,1031,4532.344325897187,1024.3333333333333,True,kept
manual_s12_cyst_0004,12,scene12,True,425.0,0.18862911260648632,0.191990427672863,0.021701237223271802,1122,4422.939393939394,1081.3333333333333,True,kept
manual_s12_cyst_0004,12,scene12,True,435.0,0.17646530485011153,0.18128171563148499,0.02170513037587804,1091,4476.963336388634,1087.0,True,kept
manual_s12_cyst_0004,12,scene12,True,445.0,0.16655542902676887,0.17041504383087158,0.02273236914281246,1048,4642.904580152672,1048.3333333333333,True,kept
manual_s12_cyst_0004,12,scene12,True,455.0,0.15803972812402795,0.16193313896656036,0.02556303693703836,1006,4736.633200795229,995.3333333333334,True,kept
manual_s12_cyst_0004,12,scene12,True,465.0,0.14739441247297203,0.14714999496936798,0.02485022720398267,932,4719.662017167382,901.0,True,kept
manual_s12_cyst_0004,12,scene12,True,475.0,0.13714923130141365,0.1373583823442459,0.01979275421133648,765,4594.920261437908,734.0,True,kept
manual_s12_cyst_0004,12,scene12,True,485.0,0.12102368882682064,0.11855127662420273,0.015211755248128707,505,4377.908910891089,498.3333333333333,True,kept
manual_s12_cyst_0005,12,scene12,True,455.0,0.28582141775416936,0.2711212933063507,0.06207774782127015,489,2962.728016359918,459.3333333333333,True,kept
manual_s12_cyst_0005,12,scene12,True,465.0,0.2290595422000295,0.21267079561948776,0.06204971226539947,792,3842.3876262626263,784.6666666666666,True,kept
manual_s12_cyst_0005,12,scene12,True,475.0,0.20350340388555563,0.185929074883461,0.06376919240752596,1073,4417.547064305685,1064.3333333333333,True,kept
manual_s12_cyst_0005,12,scene12,True,485.0,0.18850119896681913,0.1744723543524742,0.058133544993182795,1328,4645.906626506024,1311.0,True,kept
manual_s12_cyst_0005,12,scene12,True,495.0,0.18247697558788967,0.16946589946746826,0.05329432082020179,1532,4623.922976501305,1506.6666666666667,True,kept
manual_s12_cyst_0005,12,scene12,True,505.0,0.18413311175732727,0.17465056478977203,0.058628254121791956,1660,4686.818072289157,1623.6666666666667,True,kept
manual_s12_cyst_0005,12,scene12,True,515.0,0.18799172490036437,0.1757737100124359,0.05740406630703765,1679,4795.353782013103,1622.3333333333333,True,kept
manual_s12_cyst_0005,12,scene12,True,525.0,0.18420208836491195,0.16535935550928116,0.05811518967537746,1528,4858.140706806283,1521.6666666666667,True,kept
manual_s12_cyst_0005,12,scene12,True,535.0,0.18416006925113948,0.16283033043146133,0.057933365528932065,1358,4747.112665684831,1359.0,True,kept
manual_s12_cyst_0005,12,scene12,True,545.0,0.19190998133944423,0.16938737034797668,0.05467927000128049,1191,4503.635600335852,1198.3333333333333,True,kept
manual_s12_cyst_0005,12,scene12,True,555.0,0.1960352945852006,0.17517130821943283,0.0544865770487481,1046,4468.39292543021,1068.0,True,kept
manual_s12_cyst_0005,12,scene12,True,565.0,0.21041711354329642,0.20058463513851166,0.04869979607289659,967,4217.001034126163,1077.6666666666667,True,kept
manual_s12_cyst_0005,12,scene12,True,575.0,0.2099223774231848,0.19998133927583694,0.040454246688449144,1220,4170.641803278689,1178.0,True,kept
manual_s12_cyst_0005,12,scene12,True,585.0,0.20795524440036497,0.19810113310813904,0.040362118374622336,1347,4198.06013363029,1409.3333333333333,True,kept
manual_s12_cyst_0005,12,scene12,True,595.0,0.207281429408043,0.1954677253961563,0.045243611201591934,1661,4303.299819385912,1656.0,True,kept
manual_s12_cyst_0005,12,scene12,True,605.0,0.20057199599639494,0.19218411296606064,0.03909071747681878,1960,4345.267857142857,1891.0,True,kept
manual_s12_cyst_0005,12,scene12,True,615.0,0.18731799987135692,0.18510057777166367,0.03381029926315762,2052,4434.921539961014,1989.0,True,kept
manual_s12_cyst_0005,12,scene12,True,625.0,0.17094305980083582,0.17157717049121857,0.03418046405232703,1955,4474.331457800511,1919.6666666666667,True,kept
manual_s12_cyst_0005,12,scene12,True,635.0,0.16177536656901445,0.16153119504451752,0.033442991030628574,1752,4188.986872146119,1702.0,True,kept
manual_s12_cyst_0005,12,scene12,True,645.0,0.1592775892021615,0.15756919980049133,0.030594325170305636,1399,3992.5718370264476,1443.3333333333333,True,kept
manual_s12_cyst_0005,12,scene12,True,655.0,0.16388940436416405,0.15879309177398682,0.027008476653986976,1179,3977.2315521628498,1123.3333333333333,True,kept
manual_s12_cyst_0005,12,scene12,True,665.0,0.16789631436419006,0.16219080239534378,0.026937415166111582,792,3636.4166666666665,771.3333333333334,True,kept
manual_s12_cyst_0005,12,scene12,True,675.0,0.18846408562305716,0.19220739603042603,0.029221455329407932,343,2516.4256559766764,378.3333333333333,True,kept
manual_s12_cyst_0006,12,scene12,True,665.0,0.1596528032621222,0.15704898536205292,0.024561720430957033,419,4097.458233890215,380.3333333333333,True,kept
manual_s12_cyst_0006,12,scene12,True,675.0,0.1619796762931221,0.15906491875648499,0.029445592109898024,663,4412.351432880845,635.6666666666666,True,kept
manual_s12_cyst_0006,12,scene12,True,685.0,0.1896350136399269,0.19042499363422394,0.03916084431489665,825,3927.477575757576,797.3333333333334,True,kept
manual_s12_cyst_0006,12,scene12,True,695.0,0.19741245533908364,0.19809263199567795,0.02431203561276639,904,4098.217920353983,907.6666666666666,True,kept
manual_s12_cyst_0006,12,scene12,True,705.0,0.20918204260604004,0.2120998278260231,0.028669305346534342,994,4191.664989939638,990.0,True,kept
manual_s12_cyst_0006,12,scene12,True,715.0,0.21398780696483247,0.2138439640402794,0.02917545193271999,1072,4291.007462686567,1060.0,True,kept
manual_s12_cyst_0006,12,scene12,True,725.0,0.21788106966409262,0.21680063009262085,0.03382117726237737,1114,4363.193895870736,1099.0,True,kept
manual_s12_cyst_0006,12,scene12,True,735.0,0.22747105850924468,0.22395823895931244,0.04151673296258802,1111,4382.744374437444,1087.3333333333333,True,kept
manual_s12_cyst_0006,12,scene12,True,745.0,0.23705679987240205,0.23392291367053986,0.04243176249750636,1037,4275.162005785921,1045.6666666666667,True,kept
manual_s12_cyst_0006,12,scene12,True,755.0,0.24192070359829343,0.23998042941093445,0.049169610527880735,989,4265.4337714863495,991.0,True,kept
manual_s12_cyst_0006,12,scene12,True,765.0,0.24917908700491836,0.2440282553434372,0.05353467027085336,947,4156.987328405491,954.6666666666666,True,kept
manual_s12_cyst_0006,12,scene12,True,775.0,0.25379588448538865,0.24944160133600235,0.054063057929663205,928,4168.326508620689,946.3333333333334,True,kept
manual_s12_cyst_0006,12,scene12,True,785.0,0.25230250215443834,0.25564728677272797,0.05390002410791685,964,4223.49377593361,971.6666666666666,True,kept
manual_s12_cyst_0006,12,scene12,True,795.0,0.2567021182700919,0.2600472867488861,0.050400784606567446,1023,4225.005865102639,1027.6666666666667,True,kept
manual_s12_cyst_0006,12,scene12,True,805.0,0.25711830606153846,0.2630404531955719,0.04567423675465113,1096,4366.639598540146,1092.0,True,kept
manual_s12_cyst_0006,12,scene12,True,815.0,0.2589144413468131,0.2629019320011139,0.04193788407615668,1157,4401.3232497839235,1118.3333333333333,True,kept
manual_s12_cyst_0006,12,scene12,True,825.0,0.27704121121044817,0.27360162138938904,0.04955532646739578,1102,4197.857531760435,1086.3333333333333,True,kept
manual_s12_cyst_0006,12,scene12,True,835.0,0.2868966011554003,0.2898465394973755,0.0419058885237906,1000,4210.052,1000.0,True,kept
manual_s12_cyst_0006,12,scene12,True,845.0,0.27963837302540884,0.27421917021274567,0.048029212966992314,898,4474.785077951003,894.3333333333334,True,kept
manual_s12_cyst_0006,12,scene12,True,855.0,0.2778568132288137,0.2727721035480499,0.05556526448717148,785,4450.83949044586,777.0,True,kept
manual_s12_cyst_0006,12,scene12,True,865.0,0.2785952921818804,0.25979183614254,0.05603217506306116,648,4191.199074074074,618.0,True,kept
manual_s12_cyst_0006,12,scene12,True,875.0,0.326384173153132,0.31926000118255615,0.0574067221752775,421,3081.0142517814725,382.3333333333333,True,kept
manual_s13_cyst_0001,13,scene13,True,695.0,0.21463458893858656,0.20377130806446075,0.03850746910421304,490,3765.934693877551,452.3333333333333,True,kept
manual_s13_cyst_0001,13,scene13,True,705.0,0.20288848570797646,0.19361847639083862,0.037569836799982805,623,4385.0,613.0,True,kept
manual_s13_cyst_0001,13,scene13,True,715.0,0.2133179425823787,0.21405470371246338,0.03432684019835078,726,4420.179063360882,725.6666666666666,True,kept
manual_s13_cyst_0001,13,scene13,True,725.0,0.21938597218353967,0.2220490574836731,0.03802444797087207,828,4417.367149758454,826.0,True,kept
manual_s13_cyst_0001,13,scene13,True,735.0,0.20311038194474204,0.1980576515197754,0.033189070538425056,924,4551.5670995671,913.0,True,kept
manual_s13_cyst_0001,13,scene13,True,745.0,0.1968479176271771,0.1959204077720642,0.024582285308254372,987,4600.709219858156,981.6666666666666,True,kept
manual_s13_cyst_0001,13,scene13,True,755.0,0.19028035529692813,0.19278964400291443,0.025707668450716877,1034,4704.189555125726,1003.0,True,kept
manual_s13_cyst_0001,13,scene13,True,765.0,0.19220651940325736,0.1976841315627098,0.03173991954582651,988,4719.627530364372,993.6666666666666,True,kept
manual_s13_cyst_0001,13,scene13,True,775.0,0.19424692524268802,0.1992952823638916,0.034036855189444395,959,4763.339937434828,959.0,True,kept
manual_s13_cyst_0001,13,scene13,True,785.0,0.2108541981507373,0.2134985774755478,0.03369703818369487,930,4563.909677419355,923.3333333333334,True,kept
manual_s13_cyst_0001,13,scene13,True,795.0,0.21849653185699366,0.2194322943687439,0.030640621842347344,881,4454.602724177072,889.3333333333334,True,kept
manual_s13_cyst_0001,13,scene13,True,805.0,0.21977586748650083,0.22043193876743317,0.03826930383305029,857,4482.6032672112015,868.3333333333334,True,kept
manual_s13_cyst_0001,13,scene13,True,815.0,0.22892535107496012,0.22930081188678741,0.039467151342728046,867,4404.509803921569,872.6666666666666,True,kept
manual_s13_cyst_0001,13,scene13,True,825.0,0.23200263948048522,0.23751333355903625,0.04053456344780636,894,4457.346756152126,938.6666666666666,True,kept
manual_s13_cyst_0001,13,scene13,True,835.0,0.23890532916191065,0.23880386352539062,0.03858155381556149,1055,4453.687203791469,1065.3333333333333,True,kept
manual_s13_cyst_0001,13,scene13,True,845.0,0.24046361735561128,0.23721779882907867,0.03091483253988449,1247,4529.532477947073,1185.6666666666667,True,kept
manual_s13_cyst_0001,13,scene13,True,855.0,0.25351356658565094,0.24411875009536743,0.04418055117067398,1255,4547.809561752988,1227.3333333333333,True,kept
manual_s13_cyst_0001,13,scene13,True,865.0,0.25431992239871265,0.2466452494263649,0.048842150877031545,1180,4824.317796610169,1179.6666666666667,True,kept
manual_s13_cyst_0001,13,scene13,True,875.0,0.26788413057616656,0.2578604072332382,0.05393152362551371,1104,4746.519927536232,1096.6666666666667,True,kept
manual_s13_cyst_0001,13,scene13,True,885.0,0.2771862734027696,0.2602345794439316,0.07134626838912977,1006,4680.876739562625,977.0,True,kept
manual_s13_cyst_0001,13,scene13,True,895.0,0.30017479237772515,0.27141129970550537,0.0736361041250206,821,4366.753958587089,798.6666666666666,True,kept
manual_s13_cyst_0001,13,scene13,True,905.0,0.3559543726366727,0.3627718687057495,0.0654679483463351,569,3472.420035149385,528.0,True,kept
manual_s13_cyst_0002,13,scene13,True,715.0,0.24002431611505623,0.24245595932006836,0.03654657496259413,487,2908.075975359343,410.6666666666667,True,kept
manual_s13_cyst_0002,13,scene13,True,725.0,0.21813534720447555,0.2085590958595276,0.03849081226219863,696,3797.300287356322,660.6666666666666,True,kept
manual_s13_cyst_0002,13,scene13,True,735.0,0.21876075216691396,0.21228154003620148,0.03614641623969183,799,4258.252816020025,802.6666666666666,True,kept
manual_s13_cyst_0002,13,scene13,True,745.0,0.22121442407206401,0.21135546267032623,0.039133962318355885,913,4440.304490690033,906.6666666666666,True,kept
manual_s13_cyst_0002,13,scene13,True,755.0,0.23294225697302157,0.22469834983348846,0.04249749617800566,1008,4358.208333333333,997.0,True,kept
manual_s13_cyst_0002,13,scene13,True,765.0,0.23965142707679873,0.23130902647972107,0.04776241536132676,1070,4331.0308411214955,1068.6666666666667,True,kept
manual_s13_cyst_0002,13,scene13,True,775.0,0.24395393963295517,0.2376343384385109,0.060929982791591335,1128,4348.258865248227,1082.0,True,kept
manual_s13_cyst_0002,13,scene13,True,785.0,0.24435946659561786,0.23622438311576843,0.05734926778181012,1048,4261.50286259542,1052.3333333333333,True,kept
manual_s13_cyst_0002,13,scene13,True,795.0,0.24986952786294936,0.23993425071239471,0.0575139149941305,981,4246.144750254842,998.3333333333334,True,kept
manual_s13_cyst_0002,13,scene13,True,805.0,0.2656545109476115,0.2585285156965256,0.05806659353236488,966,4114.320910973085,955.6666666666666,True,kept
manual_s13_cyst_0002,13,scene13,True,815.0,0.2808807708808909,0.25522996485233307,0.0834831893109842,920,4127.279347826087,925.0,True,kept
manual_s13_cyst_0002,13,scene13,True,825.0,0.2842127484331249,0.27159783244132996,0.0817025446518661,889,4160.516310461192,926.0,True,kept
manual_s13_cyst_0002,13,scene13,True,835.0,0.29614253545139596,0.2981685698032379,0.07974996258050464,969,4146.172342621259,1018.3333333333334,True,kept
manual_s13_cyst_0002,13,scene13,True,845.0,0.30278278461524416,0.28581470251083374,0.07145842762424585,1197,4082.8872180451126,1141.3333333333333,True,kept
manual_s13_cyst_0002,13,scene13,True,855.0,0.3154357564420882,0.29552507400512695,0.07460385511557534,1258,4124.109697933227,1222.3333333333333,True,kept
manual_s13_cyst_0002,13,scene13,True,865.0,0.3294665386328603,0.3121866285800934,0.06692020063342016,1212,4172.110561056105,1209.6666666666667,True,kept
manual_s13_cyst_0002,13,scene13,True,875.0,0.3451939330880656,0.3320520222187042,0.07732781253363508,1159,4287.88438308887,1143.6666666666667,True,kept
manual_s13_cyst_0002,13,scene13,True,885.0,0.37001507058739663,0.3444160670042038,0.0964466546839845,1060,4216.016037735849,1036.6666666666667,True,kept
manual_s13_cyst_0002,13,scene13,True,895.0,0.3770711623324556,0.3596770465373993,0.08617568559359111,891,4114.809203142537,890.0,True,kept
manual_s13_cyst_0002,13,scene13,True,905.0,0.42389191262247833,0.4205820560455322,0.08053913843690723,719,3252.9471488178024,614.3333333333334,True,kept
manual_s13_cyst_0002,13,scene13,True,915.0,0.4890637208463808,0.48145872354507446,0.047598652858440595,233,2393.716738197425,317.3333333333333,True,kept
manual_s13_cyst_0003,13,scene13,True,555.0,0.22717564968054726,0.21718361228704453,0.05386851650621791,596,3173.06711409396,524.3333333333334,True,kept
manual_s13_cyst_0003,13,scene13,True,565.0,0.21732809380440135,0.19143077731132507,0.06362879990105189,842,4044.6199524940616,809.0,True,kept
manual_s13_cyst_0003,13,scene13,True,575.0,0.2264384145502856,0.21670368313789368,0.050913952337347156,989,4277.426693629929,971.3333333333334,True,kept
manual_s13_cyst_0003,13,scene13,True,585.0,0.23739775334203672,0.22996078431606293,0.0479776885591145,1083,4331.913204062788,1074.3333333333333,True,kept
manual_s13_cyst_0003,13,scene13,True,595.0,0.2556437249032442,0.24644578993320465,0.05990357047550814,1151,4124.719374456994,1142.3333333333333,True,kept
manual_s13_cyst_0003,13,scene13,True,605.0,0.26018410437714623,0.24996241927146912,0.06471234101852201,1193,4008.8927074601843,1181.3333333333333,True,kept
manual_s13_cyst_0003,13,scene13,True,615.0,0.25960591639081637,0.25739119946956635,0.06520704368931485,1200,4000.975,1109.3333333333333,True,kept
manual_s13_cyst_0003,13,scene13,True,625.0,0.26266046034142293,0.25939399003982544,0.07447681936021985,935,4043.450267379679,1004.3333333333334,True,kept
manual_s13_cyst_0003,13,scene13,True,635.0,0.2612408263468797,0.2454419806599617,0.07513185408748235,878,4012.142369020501,910.0,True,kept
manual_s13_cyst_0003,13,scene13,True,645.0,0.2674359818158779,0.2586577832698822,0.07361889384202665,917,3998.369683751363,936.6666666666666,True,kept
manual_s13_cyst_0003,13,scene13,True,655.0,0.27135206982126375,0.26163578033447266,0.07105382290593269,1015,3988.871921182266,1013.6666666666666,True,kept
manual_s13_cyst_0003,13,scene13,True,665.0,0.2737139942976029,0.26736167073249817,0.06487158616414726,1109,3925.302975653742,1080.3333333333333,True,kept
manual_s13_cyst_0003,13,scene13,True,675.0,0.27699877105606596,0.27049732208251953,0.05671348102607328,1117,3923.290957923008,1104.3333333333333,True,kept
manual_s13_cyst_0003,13,scene13,True,685.0,0.2769412422054057,0.2749340534210205,0.05628819225335873,1087,3964.5409383624656,1067.6666666666667,True,kept
manual_s13_cyst_0003,13,scene13,True,695.0,0.2805917270638205,0.27748191356658936,0.07102613332065327,999,4086.2132132132133,989.0,True,kept
manual_s13_cyst_0003,13,scene13,True,705.0,0.28695842897716095,0.2802243232727051,0.07534893009286028,881,4002.099886492622,877.0,True,kept
manual_s13_cyst_0003,13,scene13,True,715.0,0.2880621720130212,0.27786991000175476,0.06720032206184576,751,3933.1984021304925,743.6666666666666,True,kept
manual_s13_cyst_0003,13,scene13,True,725.0,0.30424336663669654,0.2834649085998535,0.07134300534829172,599,3686.7495826377294,563.6666666666666,True,kept
manual_s13_cyst_0003,13,scene13,True,735.0,0.3771250649106817,0.36846935749053955,0.07308825565756169,341,2710.4692082111437,313.3333333333333,True,kept
manual_s13_cyst_0004,13,scene13,True,535.0,0.21581203449691286,0.2122291773557663,0.026597757848832407,493,2822.7464503042597,427.6666666666667,True,kept
manual_s13_cyst_0004,13,scene13,True,545.0,0.20340410700021697,0.18650147318840027,0.04881698606206783,726,3748.498622589532,693.6666666666666,True,kept
manual_s13_cyst_0004,13,scene13,True,555.0,0.2101832877179033,0.19206251949071884,0.05082653725749287,862,4205.6009280742455,850.6666666666666,True,kept
manual_s13_cyst_0004,13,scene13,True,565.0,0.22848105320853812,0.21754637360572815,0.046207613081799895,964,4083.933609958506,964.0,True,kept
manual_s13_cyst_0004,13,scene13,True,575.0,0.24025009684334553,0.22748597711324692,0.04981871603085365,1066,4108.354596622889,1050.0,True,kept
manual_s13_cyst_0004,13,scene13,True,585.0,0.24564543941191264,0.23271582275629044,0.05083042648576194,1120,4142.68125,1113.3333333333333,True,kept
manual_s13_cyst_0004,13,scene13,True,595.0,0.24779954841893095,0.2411910519003868,0.04795170170127128,1154,4128.292027729636,1070.6666666666667,True,kept
manual_s13_cyst_0004,13,scene13,True,605.0,0.254630739993251,0.2414976805448532,0.06023122836988907,938,4050.326226012793,991.3333333333334,True,kept
manual_s13_cyst_0004,13,scene13,True,615.0,0.2699554884920315,0.2563663423061371,0.07319150722200848,882,3997.998866213152,905.0,True,kept
manual_s13_cyst_0004,13,scene13,True,625.0,0.27342606604765246,0.2571903169155121,0.07878950494943542,895,4093.626815642458,916.6666666666666,True,kept
manual_s13_cyst_0004,13,scene13,True,635.0,0.27055553617176026,0.25483280420303345,0.07228948856230027,973,4179.756423432683,969.6666666666666,True,kept
manual_s13_cyst_0004,13,scene13,True,645.0,0.27573905200997184,0.262544184923172,0.06467603990270163,1041,4161.2055715658025,1044.6666666666667,True,kept
manual_s13_cyst_0004,13,scene13,True,655.0,0.2690809760109654,0.25407928228378296,0.06057564919723807,1120,4276.159821428571,1087.6666666666667,True,kept
manual_s13_cyst_0004,13,scene13,True,665.0,0.2830551276811671,0.26746346056461334,0.06157354003778301,1102,4181.856624319419,1094.3333333333333,True,kept
manual_s13_cyst_0004,13,scene13,True,675.0,0.308766348422641,0.2953357696533203,0.07627575280805439,1061,4067.5768143261075,1038.3333333333333,True,kept
manual_s13_cyst_0004,13,scene13,True,685.0,0.33164040744304657,0.3217639625072479,0.08794823106353508,952,4133.950630252101,953.3333333333334,True,kept
manual_s13_cyst_0004,13,scene13,True,695.0,0.34369237492259025,0.3483211398124695,0.0817127774245541,847,4100.924439197166,834.6666666666666,True,kept
manual_s13_cyst_0004,13,scene13,True,705.0,0.3770872895176529,0.3783912658691406,0.07068395651868274,705,3795.7404255319148,686.0,True,kept
manual_s13_cyst_0004,13,scene13,True,715.0,0.431989116866598,0.4290008097887039,0.07808074188918418,506,3474.513833992095,493.3333333333333,True,kept
manual_s13_cyst_0005,13,scene13,True,275.0,0.6143549622290514,0.6126488447189331,0.05008070017256364,352,2874.3522727272725,310.0,True,kept
manual_s13_cyst_0005,13,scene13,True,285.0,0.5273811810805704,0.5229496359825134,0.05608582718701697,562,4141.149466192171,543.0,True,kept
manual_s13_cyst_0005,13,scene13,True,295.0,0.47588623211934017,0.46985453367233276,0.05665332621626745,715,4790.201398601399,704.6666666666666,True,kept
manual_s13_cyst_0005,13,scene13,True,305.0,0.45236602881333593,0.4512920379638672,0.04560528050422541,837,4928.7144563918755,826.3333333333334,True,kept
manual_s13_cyst_0005,13,scene13,True,315.0,0.4420972845186565,0.44436395168304443,0.054172312427761216,927,4894.61380798274,927.3333333333334,True,kept
manual_s13_cyst_0005,13,scene13,True,325.0,0.4022331999537987,0.40541233122348785,0.05276220579831771,1018,4974.18467583497,1017.0,True,kept
manual_s13_cyst_0005,13,scene13,True,335.0,0.3640948626706225,0.35774728655815125,0.0464783284215566,1106,4992.234177215189,1045.6666666666667,True,kept
manual_s13_cyst_0005,13,scene13,True,345.0,0.3533171071410768,0.35380762815475464,0.047337127570232576,1013,4942.819348469891,1024.0,True,kept
manual_s13_cyst_0005,13,scene13,True,355.0,0.3402285569143195,0.3352462351322174,0.06333710614432957,953,4961.261280167891,957.0,True,kept
manual_s13_cyst_0005,13,scene13,True,365.0,0.3298971233940915,0.3205035924911499,0.07270182945568654,905,4991.855248618785,906.6666666666666,True,kept
manual_s13_cyst_0005,13,scene13,True,375.0,0.3135201273585417,0.2977503389120102,0.08273889505396988,862,5161.407192575406,872.6666666666666,True,kept
manual_s13_cyst_0005,13,scene13,True,385.0,0.3097102355767921,0.3002236783504486,0.09024408641034207,851,5111.070505287897,863.0,True,kept
manual_s13_cyst_0005,13,scene13,True,395.0,0.29349227407819606,0.29527269303798676,0.08664269846280842,876,5016.248858447489,884.3333333333334,True,kept
manual_s13_cyst_0005,13,scene13,True,405.0,0.28118622346457345,0.2766670286655426,0.08186570985889383,926,4935.354211663067,935.3333333333334,True,kept
manual_s13_cyst_0005,13,scene13,True,415.0,0.27496509142665276,0.27446480095386505,0.07954453139312653,1004,4963.005976095617,1032.3333333333333,True,kept
manual_s13_cyst_0005,13,scene13,True,425.0,0.2679932844388557,0.2652287185192108,0.07050278771104991,1167,4882.35646958012,1168.6666666666667,True,kept
manual_s13_cyst_0005,13,scene13,True,435.0,0.26243910603085707,0.25688421726226807,0.06384226951455224,1335,4867.684644194756,1271.0,True,kept
manual_s13_cyst_0005,13,scene13,True,445.0,0.25622743773924134,0.24335098266601562,0.07096729274000985,1311,5013.9145690312735,1280.6666666666667,True,kept
manual_s13_cyst_0005,13,scene13,True,455.0,0.2411499721150733,0.233368881046772,0.0611890983941109,1196,5172.772575250836,1205.6666666666667,True,kept
manual_s13_cyst_0005,13,scene13,True,465.0,0.22401278315632192,0.21013791859149933,0.05572065875262248,1110,5073.328828828829,1101.0,True,kept
manual_s13_cyst_0005,13,scene13,True,475.0,0.21802309318375562,0.20734015107154846,0.05671224760759913,997,4528.904714142427,966.0,True,kept
manual_s13_cyst_0005,13,scene13,True,485.0,0.2064680575985372,0.18910415470600128,0.05308233608103636,791,4190.571428571428,779.6666666666666,True,kept
manual_s13_cyst_0005,13,scene13,True,495.0,0.2186817735325403,0.21229353547096252,0.04537774577526243,551,3231.4990925589836,498.0,True,kept
manual_s13_cyst_0007,13,scene13,True,295.0,0.5136038832653678,0.5148024559020996,0.06063191532862712,441,3190.0680272108843,389.6666666666667,True,kept
manual_s13_cyst_0007,13,scene13,True,305.0,0.4509030188710545,0.4484979212284088,0.052738638928867196,626,4309.851437699681,603.6666666666666,True,kept
manual_s13_cyst_0007,13,scene13,True,315.0,0.4248875100766459,0.4187609702348709,0.05336953707925505,744,4906.477150537635,743.6666666666666,True,kept
manual_s13_cyst_0007,13,scene13,True,325.0,0.3894478523115109,0.3879152834415436,0.0561077796738115,861,4901.962833914054,858.0,True,kept
manual_s13_cyst_0007,13,scene13,True,335.0,0.3591178773880251,0.35942208766937256,0.05720606002258985,969,4979.5459236326105,968.6666666666666,True,kept
manual_s13_cyst_0007,13,scene13,True,345.0,0.3425731775818261,0.3404746502637863,0.05728462992138783,1076,4855.75278810409,1075.3333333333333,True,kept
manual_s13_cyst_0007,13,scene13,True,355.0,0.3241853211563992,0.31945258378982544,0.06362215244925125,1181,4693.499576629974,1120.0,True,kept
manual_s13_cyst_0007,13,scene13,True,365.0,0.3085563272670087,0.30991193652153015,0.07360250956066819,1103,4688.922030825022,1112.0,True,kept
manual_s13_cyst_0007,13,scene13,True,375.0,0.29095059585095356,0.29351598024368286,0.08276972352537831,1052,4675.141634980989,1052.6666666666667,True,kept
manual_s13_cyst_0007,13,scene13,True,385.0,0.27289601422081206,0.2622399628162384,0.08641671398941664,1003,4729.66999002991,989.3333333333334,True,kept
manual_s13_cyst_0007,13,scene13,True,395.0,0.2721932646119712,0.25712135434150696,0.08782654102350129,913,4700.4282584884995,928.3333333333334,True,kept
manual_s13_cyst_0007,13,scene13,True,405.0,0.2580451646560355,0.2511741518974304,0.0827578364065912,869,4769.65247410817,903.6666666666666,True,kept
manual_s13_cyst_0007,13,scene13,True,415.0,0.2580737826866534,0.2683943212032318,0.08282535297836446,929,4763.088266953714,942.6666666666666,True,kept
manual_s13_cyst_0007,13,scene13,True,425.0,0.2538456616760458,0.2616301476955414,0.07131361914661266,1030,4628.853398058252,1097.6666666666667,True,kept
manual_s13_cyst_0007,13,scene13,True,435.0,0.2423614847796342,0.23251856863498688,0.05813140781207827,1334,4559.125937031485,1304.3333333333333,True,kept
manual_s13_cyst_0007,13,scene13,True,445.0,0.23487912635983307,0.2209777534008026,0.06469504107835987,1549,4654.326016785022,1467.3333333333333,True,kept
manual_s13_cyst_0007,13,scene13,True,455.0,0.2253490939559789,0.21435606479644775,0.05678587662879303,1519,4735.62409479921,1499.3333333333333,True,kept
manual_s13_cyst_0007,13,scene13,True,465.0,0.208552724279307,0.20024869590997696,0.05438600866223724,1430,4896.5489510489515,1424.3333333333333,True,kept
manual_s13_cyst_0007,13,scene13,True,475.0,0.19672413927213123,0.1818462610244751,0.05902693982924409,1324,4784.439577039275,1318.0,True,kept
manual_s13_cyst_0007,13,scene13,True,485.0,0.18554581792404254,0.16431566327810287,0.05903654618511452,1200,4505.8325,1156.6666666666667,True,kept
manual_s13_cyst_0007,13,scene13,True,495.0,0.2005037257554163,0.18655535578727722,0.043038916354672024,946,3569.693446088795,871.3333333333334,True,kept
manual_s13_cyst_0007,13,scene13,True,505.0,0.2351084489725594,0.2384800910949707,0.04045783343569938,468,2547.3611111111113,473.6666666666667,True,kept
manual_s14_cyst_0001,14,scene14,True,405.0,0.43163300817926803,0.420181006193161,0.09602964926570509,493,3301.2474645030425,447.0,True,kept
manual_s14_cyst_0001,14,scene14,True,415.0,0.4145775150201966,0.3994114547967911,0.0805552095224451,658,3735.793313069909,640.0,True,kept
manual_s14_cyst_0001,14,scene14,True,425.0,0.4281061987728074,0.4019361138343811,0.11968783627464946,769,3876.0169050715213,763.3333333333334,True,kept
manual_s14_cyst_0001,14,scene14,True,435.0,0.3883381776019568,0.3697091341018677,0.09228080254318657,863,4035.657010428737,862.0,True,kept
manual_s14_cyst_0001,14,scene14,True,445.0,0.36567570728325993,0.35084569454193115,0.08912990104433856,954,4083.58071278826,947.3333333333334,True,kept
manual_s14_cyst_0001,14,scene14,True,455.0,0.35790032178890413,0.3411683440208435,0.08249068895104845,1025,4157.855609756098,1012.3333333333334,True,kept
manual_s14_cyst_0001,14,scene14,True,465.0,0.3468835228642128,0.3274371922016144,0.08230959363661473,1058,4136.431947069943,1017.6666666666666,True,kept
manual_s14_cyst_0001,14,scene14,True,475.0,0.3297007441674311,0.3102344423532486,0.08175347354089073,970,4268.785567010309,989.0,True,kept
manual_s14_cyst_0001,14,scene14,True,485.0,0.33760708981492143,0.31073087453842163,0.08902440002447246,939,4158.908413205538,937.0,True,kept
manual_s14_cyst_0001,14,scene14,True,495.0,0.3413716823754712,0.32066063582897186,0.09590295552300669,902,4177.294900221729,903.3333333333334,True,kept
manual_s14_cyst_0001,14,scene14,True,505.0,0.34426262866709945,0.3198513388633728,0.09577240227692721,869,4095.7433831990793,875.3333333333334,True,kept
manual_s14_cyst_0001,14,scene14,True,515.0,0.34629649675031854,0.31364309787750244,0.10958296838462457,855,4124.604678362573,895.0,True,kept
manual_s14_cyst_0001,14,scene14,True,525.0,0.3254424085323074,0.3043055236339569,0.08983636416970793,961,4126.61186264308,1025.0,True,kept
manual_s14_cyst_0001,14,scene14,True,535.0,0.3135493153068544,0.2974964678287506,0.0758460933776223,1259,4142.943606036537,1156.3333333333333,True,kept
manual_s14_cyst_0001,14,scene14,True,545.0,0.31902300923752536,0.30526217818260193,0.07814067453812601,1249,4070.3538831064852,1238.0,True,kept
manual_s14_cyst_0001,14,scene14,True,555.0,0.31956332096610696,0.31353825330734253,0.08506094617376288,1206,4185.712271973466,1200.6666666666667,True,kept
manual_s14_cyst_0001,14,scene14,True,565.0,0.3169736269513939,0.29797860980033875,0.10818912234270671,1147,4480.233653007846,1127.6666666666667,True,kept
manual_s14_cyst_0001,14,scene14,True,575.0,0.30823787512999135,0.2877116799354553,0.10201900666533509,1030,4594.377669902912,1012.3333333333334,True,kept
manual_s14_cyst_0001,14,scene14,True,585.0,0.3417031944837681,0.31165415048599243,0.10049833614674551,860,3995.525581395349,823.6666666666666,True,kept
manual_s14_cyst_0001,14,scene14,True,595.0,0.43468983648360904,0.42764654755592346,0.08539744513068505,581,2784.2220309810673,512.3333333333334,True,kept
manual_s14_cyst_0002,14,scene14,True,485.0,0.5290432613949443,0.5141940414905548,0.09186543153869231,344,2351.5377906976746,322.0,True,kept
manual_s14_cyst_0002,14,scene14,True,495.0,0.46567729786277967,0.43974997103214264,0.10339638580222478,622,3210.4533762057877,600.0,True,kept
manual_s14_cyst_0002,14,scene14,True,505.0,0.42333215446495037,0.3959493488073349,0.10949729463358304,834,3445.0731414868105,841.0,True,kept
manual_s14_cyst_0002,14,scene14,True,515.0,0.3890847513467883,0.3823668956756592,0.10211837745333757,1067,3589.144329896907,1079.0,True,kept
manual_s14_cyst_0002,14,scene14,True,525.0,0.3590607185273649,0.35256893932819366,0.0971954216042351,1336,3641.696107784431,1316.6666666666667,True,kept
manual_s14_cyst_0002,14,scene14,True,535.0,0.33040481735485633,0.34834757447242737,0.10402410726919284,1547,3899.5500969618615,1525.0,True,kept
manual_s14_cyst_0002,14,scene14,True,545.0,0.31720311788238814,0.3286711722612381,0.10635430757590668,1692,3936.570330969267,1653.6666666666667,True,kept
manual_s14_cyst_0002,14,scene14,True,555.0,0.29933045424616156,0.2762429118156433,0.0919363385663476,1722,4037.0040650406504,1670.3333333333333,True,kept
manual_s14_cyst_0002,14,scene14,True,565.0,0.2919117736215508,0.2642863690853119,0.09562290030417812,1597,4014.581089542893,1612.3333333333333,True,kept
manual_s14_cyst_0002,14,scene14,True,575.0,0.28481393150386447,0.2602461874485016,0.0859229276772575,1518,4019.9934123847165,1576.6666666666667,True,kept
manual_s14_cyst_0002,14,scene14,True,585.0,0.2944091714849413,0.2613365948200226,0.0848736473240491,1615,3935.45386996904,1559.3333333333333,True,kept
manual_s14_cyst_0002,14,scene14,True,595.0,0.29790308453311426,0.26175040006637573,0.09303910383900166,1545,3925.126860841424,1564.0,True,kept
manual_s14_cyst_0002,14,scene14,True,605.0,0.3043150382004581,0.2602088898420334,0.1090182706166082,1532,3909.951044386423,1540.0,True,kept
manual_s14_cyst_0002,14,scene14,True,615.0,0.2866265372417225,0.2550818920135498,0.09565330727630082,1543,4088.253402462735,1534.0,True,kept
manual_s14_cyst_0002,14,scene14,True,625.0,0.27124906893875683,0.24752025306224823,0.09138448690927059,1527,4218.320890635233,1525.0,True,kept
manual_s14_cyst_0002,14,scene14,True,635.0,0.2712760021520215,0.24537593126296997,0.08489929105701777,1505,4131.177408637874,1467.6666666666667,True,kept
manual_s14_cyst_0002,14,scene14,True,645.0,0.2717042962492686,0.2425965815782547,0.08548109068832663,1371,3972.1167031363966,1331.3333333333333,True,kept
manual_s14_cyst_0002,14,scene14,True,655.0,0.2491024142674342,0.23315143585205078,0.06323243059417767,1118,4087.1717352415026,1168.0,True,kept
manual_s14_cyst_0002,14,scene14,True,665.0,0.23842140308448245,0.2295115739107132,0.05717476277481868,1015,4157.272906403941,1042.3333333333333,True,kept
manual_s14_cyst_0002,14,scene14,True,675.0,0.23139337160937504,0.22275922447443008,0.04516015083425884,994,4140.413480885312,1027.3333333333333,True,kept
manual_s14_cyst_0002,14,scene14,True,685.0,0.23288044850068568,0.22919639945030212,0.03360468100327355,1073,3935.2926374650515,1068.0,True,kept
manual_s14_cyst_0002,14,scene14,True,695.0,0.23200366974348757,0.2301931381225586,0.03378009129641462,1137,3882.6033421284083,1159.0,True,kept
manual_s14_cyst_0002,14,scene14,True,705.0,0.23117052519660158,0.22590704262256622,0.033979858132294156,1267,3863.2659826361482,1247.0,True,kept
manual_s14_cyst_0002,14,scene14,True,715.0,0.22130522305785316,0.21386192739009857,0.04641381313552693,1337,4073.293941660434,1341.3333333333333,True,kept
manual_s14_cyst_0002,14,scene14,True,725.0,0.2350772398983089,0.2230280339717865,0.045739628707788534,1420,3895.5014084507043,1406.0,True,kept
manual_s14_cyst_0002,14,scene14,True,735.0,0.24017293731861128,0.22602465748786926,0.04880361342580068,1461,3867.2943189596167,1427.6666666666667,True,kept
manual_s14_cyst_0002,14,scene14,True,745.0,0.24181178748905233,0.2309587374329567,0.0402044676168022,1402,3953.0770328102712,1397.6666666666667,True,kept
manual_s14_cyst_0002,14,scene14,True,755.0,0.24499192682648063,0.24184763431549072,0.03725738950716822,1330,3993.7,1337.6666666666667,True,kept
manual_s14_cyst_0002,14,scene14,True,765.0,0.24631293451851183,0.23916897177696228,0.03894382100293683,1281,3980.3864168618265,1271.3333333333333,True,kept
manual_s14_cyst_0002,14,scene14,True,775.0,0.25926957581059096,0.2474951595067978,0.059059317024356836,1203,3956.3025768911057,1242.0,True,kept
manual_s14_cyst_0002,14,scene14,True,785.0,0.2681284563888866,0.2547871172428131,0.05568455881450998,1242,3871.74154589372,1250.3333333333333,True,kept
manual_s14_cyst_0002,14,scene14,True,795.0,0.27092077612739973,0.260302796959877,0.05321991305743385,1306,3895.9027565084225,1256.6666666666667,True,kept
manual_s14_cyst_0002,14,scene14,True,805.0,0.2847086452008659,0.2670074999332428,0.058556234113064064,1222,3843.1219312602293,1222.3333333333333,True,kept
manual_s14_cyst_0002,14,scene14,True,815.0,0.2876550583618581,0.265526682138443,0.07211309444680172,1139,3986.9798068481123,1134.6666666666667,True,kept
manual_s14_cyst_0002,14,scene14,True,825.0,0.29083656301777294,0.2759020924568176,0.06786414763771818,1043,4056.4784276126557,1034.3333333333333,True,kept
manual_s14_cyst_0002,14,scene14,True,835.0,0.3024662263877488,0.27514976263046265,0.08202828430155151,921,3978.0814332247555,890.6666666666666,True,kept
manual_s14_cyst_0002,14,scene14,True,845.0,0.36446751755172924,0.35482507944107056,0.08755420928231575,708,3329.281073446328,649.3333333333334,True,kept
manual_s14_cyst_0002,14,scene14,True,855.0,0.48054107584549716,0.4755125939846039,0.05811146119776628,319,2251.025078369906,342.3333333333333,True,kept
manual_s14_cyst_0003,14,scene14,True,335.0,0.7249297008935707,0.7289523482322693,0.08114345265148831,249,2231.3534136546186,297.0,True,kept
manual_s14_cyst_0003,14,scene14,True,345.0,0.6245767030389138,0.604345440864563,0.09295041432738486,642,3241.277258566978,574.0,True,kept
manual_s14_cyst_0003,14,scene14,True,355.0,0.583309054948506,0.5702669620513916,0.08746819412986745,831,3864.4368231046933,814.3333333333334,True,kept
manual_s14_cyst_0003,14,scene14,True,365.0,0.6207295756979087,0.6037692129611969,0.11944796354815199,970,3803.0123711340207,953.3333333333334,True,kept
manual_s14_cyst_0003,14,scene14,True,375.0,0.5995342551930205,0.5791907906532288,0.09971251686126871,1059,3724.543909348442,1054.3333333333333,True,kept
manual_s14_cyst_0003,14,scene14,True,385.0,0.5472252652758643,0.5236140191555023,0.08881064851335882,1134,3714.725749559083,1135.6666666666667,True,kept
manual_s14_cyst_0003,14,scene14,True,395.0,0.5157663984933049,0.497917503118515,0.08102569392768222,1214,3567.36902800659,1160.0,True,kept
manual_s14_cyst_0003,14,scene14,True,405.0,0.4998184822420771,0.4775414317846298,0.10752730939824826,1132,3564.7084805653712,1080.0,True,kept
manual_s14_cyst_0003,14,scene14,True,415.0,0.4968013757760626,0.4731070101261139,0.09182235832854493,894,3539.4485458612976,987.3333333333334,True,kept
manual_s14_cyst_0003,14,scene14,True,425.0,0.4547217948378151,0.4396321624517441,0.07370684004500856,936,3626.8504273504273,925.0,True,kept
manual_s14_cyst_0003,14,scene14,True,435.0,0.4231642790887722,0.4100227355957031,0.06879966373345404,945,3695.3449735449735,937.3333333333334,True,kept
manual_s14_cyst_0003,14,scene14,True,445.0,0.4158263039704168,0.41170090436935425,0.04972385144191352,931,3617.280343716434,942.3333333333334,True,kept
manual_s14_cyst_0003,14,scene14,True,455.0,0.4012096684688524,0.39359205961227417,0.052720775179544155,951,3687.272344900105,958.3333333333334,True,kept
manual_s14_cyst_0003,14,scene14,True,465.0,0.3956985440319038,0.384093701839447,0.059316825503809706,993,3599.619335347432,1002.3333333333334,True,kept
manual_s14_cyst_0003,14,scene14,True,475.0,0.37767866478141254,0.3714837431907654,0.05490280368390839,1063,3645.2756349952965,1037.0,True,kept
manual_s14_cyst_0003,14,scene14,True,485.0,0.36106479278107956,0.35651183128356934,0.04876705423095783,1055,3659.3469194312797,1052.6666666666667,True,kept
manual_s14_cyst_0003,14,scene14,True,495.0,0.3363916391506791,0.3327195793390274,0.05085162446818983,1040,3776.1384615384613,1022.0,True,kept
manual_s14_cyst_0003,14,scene14,True,505.0,0.29464637818837386,0.28121232986450195,0.0501631301749283,971,4204.592173017508,968.3333333333334,True,kept
manual_s14_cyst_0003,14,scene14,True,515.0,0.2743308122626087,0.2616279125213623,0.05220801850178713,894,4326.248322147651,867.6666666666666,True,kept
manual_s14_cyst_0003,14,scene14,True,525.0,0.25409903962841524,0.23965933173894882,0.059901087523249505,738,4331.967479674797,717.6666666666666,True,kept
manual_s14_cyst_0003,14,scene14,True,535.0,0.2666552640540586,0.24833537638187408,0.06146581940851526,521,3809.270633397313,512.3333333333334,True,kept
manual_s14_cyst_0004,14,scene14,True,235.0,0.8009725290098139,0.7983460426330566,0.11327926178240204,557,3074.2100538599643,508.0,True,kept
manual_s14_cyst_0004,14,scene14,True,245.0,0.708732015236862,0.677667498588562,0.11201799493817968,766,3627.5300261096604,761.3333333333334,True,kept
manual_s14_cyst_0004,14,scene14,True,255.0,0.6632726475301816,0.6423212289810181,0.09552424354114089,961,3742.418314255983,929.6666666666666,True,kept
manual_s14_cyst_0004,14,scene14,True,265.0,0.63050023195546,0.619124174118042,0.0845666530770057,1062,3606.6977401129943,1057.3333333333333,True,kept
manual_s14_cyst_0004,14,scene14,True,275.0,0.5757541205438974,0.555349588394165,0.09816579366854473,1149,3683.152306353351,1151.6666666666667,True,kept
manual_s14_cyst_0004,14,scene14,True,285.0,0.5117921165379298,0.4994760602712631,0.07028924942463499,1244,3764.7299035369774,1213.6666666666667,True,kept
manual_s14_cyst_0004,14,scene14,True,295.0,0.47707502018564785,0.4706775099039078,0.07236923172959468,1248,3825.2772435897436,1192.6666666666667,True,kept
manual_s14_cyst_0004,14,scene14,True,305.0,0.46141486166261175,0.44284798204898834,0.09038469987879558,1086,3878.744935543278,1121.6666666666667,True,kept
manual_s14_cyst_0004,14,scene14,True,315.0,0.4368699937914322,0.42653748393058777,0.09412134471273753,1031,3944.09796314258,1065.0,True,kept
manual_s14_cyst_0004,14,scene14,True,325.0,0.4122490221582671,0.404336079955101,0.08961210423805364,1078,3992.9758812615955,1073.6666666666667,True,kept
manual_s14_cyst_0004,14,scene14,True,335.0,0.37784823172276827,0.3553510159254074,0.08323188459591795,1112,4106.345323741008,1093.3333333333333,True,kept
manual_s14_cyst_0004,14,scene14,True,345.0,0.37437762637203986,0.34295912086963654,0.08970291628131069,1090,3996.7990825688075,1060.6666666666667,True,kept
manual_s14_cyst_0004,14,scene14,True,355.0,0.3492422782492881,0.33189135789871216,0.0731075888262685,980,4132.471428571429,1018.0,True,kept
manual_s14_cyst_0004,14,scene14,True,365.0,0.3282262444556729,0.3161596804857254,0.06296773557318532,984,4284.594512195122,1019.0,True,kept
manual_s14_cyst_0004,14,scene14,True,375.0,0.3150482519384054,0.30203431844711304,0.06336292897086752,1093,4388.993595608417,1050.6666666666667,True,kept
manual_s14_cyst_0004,14,scene14,True,385.0,0.2999678767143294,0.28948086500167847,0.06142717351430598,1075,4441.777674418605,1050.6666666666667,True,kept
manual_s14_cyst_0004,14,scene14,True,395.0,0.29243766684539435,0.28451642394065857,0.06692056052374032,984,4552.8953252032525,982.6666666666666,True,kept
manual_s14_cyst_0004,14,scene14,True,405.0,0.2863064793486429,0.2726137936115265,0.07410806500220775,889,4599.327334083239,887.0,True,kept
manual_s14_cyst_0004,14,scene14,True,415.0,0.26564245453567675,0.24302282184362411,0.07395813381926075,788,4723.285532994923,789.6666666666666,True,kept
manual_s14_cyst_0004,14,scene14,True,425.0,0.2965832991105628,0.2694765478372574,0.08219842871497655,692,3930.8179190751443,644.0,True,kept
manual_s14_cyst_0004,14,scene14,True,435.0,0.3713374240406319,0.37672916054725647,0.06757495947226252,452,2746.537610619469,397.0,True,kept
manual_s14_cyst_0005,14,scene14,True,355.0,0.6589054810187229,0.6528461575508118,0.10668057019287282,337,2468.1157270029676,303.0,True,kept
manual_s14_cyst_0005,14,scene14,True,365.0,0.5353634820984943,0.5170335173606873,0.13932342012123763,560,3587.7625,554.3333333333334,True,kept
manual_s14_cyst_0005,14,scene14,True,375.0,0.46708692088917714,0.45315468311309814,0.10729847399623875,766,3809.3289817232376,753.3333333333334,True,kept
manual_s14_cyst_0005,14,scene14,True,385.0,0.43591561782666394,0.42346546053886414,0.11405730151408192,934,3920.4571734475376,919.3333333333334,True,kept
manual_s14_cyst_0005,14,scene14,True,395.0,0.41107645347742594,0.4095469117164612,0.11665775455250901,1058,3945.6370510396973,1055.0,True,kept
manual_s14_cyst_0005,14,scene14,True,405.0,0.39546009966784423,0.39980432391166687,0.09261457619856187,1173,3909.924126172208,1166.6666666666667,True,kept
manual_s14_cyst_0005,14,scene14,True,415.0,0.3969965854482072,0.3836795687675476,0.10310727454570369,1269,3763.064617809299,1211.3333333333333,True,kept
manual_s14_cyst_0005,14,scene14,True,425.0,0.3896598211120839,0.36271852254867554,0.10567992510184054,1192,3737.1510067114095,1161.3333333333333,True,kept
manual_s14_cyst_0005,14,scene14,True,435.0,0.3933331876090079,0.347185879945755,0.12582943122508297,1023,3776.017595307918,1040.0,True,kept
manual_s14_cyst_0005,14,scene14,True,445.0,0.387509819124285,0.38134971261024475,0.122564719683786,905,3920.718232044199,926.3333333333334,True,kept
manual_s14_cyst_0005,14,scene14,True,455.0,0.37536828957069074,0.39622560143470764,0.10136483456141847,851,3952.601645123384,868.0,True,kept
manual_s14_cyst_0005,14,scene14,True,465.0,0.38097037069218337,0.406787246465683,0.11419624948812486,848,3965.6002358490564,874.6666666666666,True,kept
manual_s14_cyst_0005,14,scene14,True,475.0,0.38659950618808336,0.35706958174705505,0.12784080027170097,925,3939.0735135135137,953.3333333333334,True,kept
manual_s14_cyst_0005,14,scene14,True,485.0,0.3732132313579403,0.3385235071182251,0.10049573269865243,1087,3918.3495860165594,1129.0,True,kept
manual_s14_cyst_0005,14,scene14,True,495.0,0.3682187212705612,0.36603739857673645,0.08768237884268637,1375,3903.5127272727273,1293.0,True,kept
manual_s14_cyst_0005,14,scene14,True,505.0,0.37156093744173296,0.36187270283699036,0.08830957871339228,1417,3892.2815808045166,1384.0,True,kept
manual_s14_cyst_0005,14,scene14,True,515.0,0.3727575129555429,0.35883112251758575,0.10371225857966015,1360,3958.163235294118,1354.0,True,kept
manual_s14_cyst_0005,14,scene14,True,525.0,0.3875116795533362,0.37865927815437317,0.11007508757423992,1285,3849.27859922179,1266.0,True,kept
manual_s14_cyst_0005,14,scene14,True,535.0,0.372433956315077,0.3692498505115509,0.11302418711390462,1153,3924.0060711188203,1140.6666666666667,True,kept
manual_s14_cyst_0005,14,scene14,True,545.0,0.37661540867170185,0.37402649223804474,0.1057012058485433,984,3682.564024390244,959.3333333333334,True,kept
manual_s14_cyst_0005,14,scene14,True,555.0,0.4250968900206279,0.4197702705860138,0.07533525855166087,741,2923.110661268556,646.0,True,kept
manual_s14_cyst_0005,14,scene14,True,565.0,0.5119191855891769,0.5080382823944092,0.0633424724485742,213,2055.694835680751,318.0,True,kept
manual_s15_cyst_0001,15,scene15,True,505.0,0.5226994301529898,0.5155090987682343,0.04987210569687297,276,2159.481884057971,301.0,True,kept
manual_s15_cyst_0001,15,scene15,True,515.0,0.4622405037830511,0.45989248156547546,0.07716089315135413,627,2982.6092503987243,572.6666666666666,True,kept
manual_s15_cyst_0001,15,scene15,True,525.0,0.4069052664780178,0.381415992975235,0.07944656733000491,815,3839.153374233129,797.0,True,kept
manual_s15_cyst_0001,15,scene15,True,535.0,0.3700676022923784,0.34364205598831177,0.08217670269522526,949,4362.99894625922,937.3333333333334,True,kept
manual_s15_cyst_0001,15,scene15,True,545.0,0.35592464135803337,0.3427266776561737,0.058194025904636425,1048,4181.8253816793895,1038.6666666666667,True,kept
manual_s15_cyst_0001,15,scene15,True,555.0,0.3311402199788217,0.315444678068161,0.05165698562878159,1119,4076.1501340482573,1115.0,True,kept
manual_s15_cyst_0001,15,scene15,True,565.0,0.3161348655238014,0.30204591155052185,0.049528757098712274,1178,3963.2818336162986,1121.3333333333333,True,kept
manual_s15_cyst_0001,15,scene15,True,575.0,0.3142239904029412,0.29870766401290894,0.05704980424264804,1067,3920.6701030927834,1040.6666666666667,True,kept
manual_s15_cyst_0001,15,scene15,True,585.0,0.32228474886482633,0.30850422382354736,0.05669595857459287,877,3902.4070695553023,953.3333333333334,True,kept
manual_s15_cyst_0001,15,scene15,True,595.0,0.31382445623390537,0.30463220179080963,0.04906844399993749,916,3866.1823144104806,919.3333333333334,True,kept
manual_s15_cyst_0001,15,scene15,True,605.0,0.2953076613690569,0.2888602614402771,0.04252953981654188,965,3840.2062176165805,964.0,True,kept
manual_s15_cyst_0001,15,scene15,True,615.0,0.28026866875994216,0.2744904160499573,0.042631361182520935,1011,3926.35509396637,1006.0,True,kept
manual_s15_cyst_0001,15,scene15,True,625.0,0.26793996247529067,0.2547994703054428,0.04433406370093875,1042,3999.393474088292,1038.6666666666667,True,kept
manual_s15_cyst_0001,15,scene15,True,635.0,0.2610361155679735,0.2571193277835846,0.033176288423779725,1063,4014.008466603951,1046.3333333333333,True,kept
manual_s15_cyst_0001,15,scene15,True,645.0,0.250986681930447,0.24578087031841278,0.030805196367198192,1034,4076.961315280464,1014.3333333333334,True,kept
manual_s15_cyst_0001,15,scene15,True,655.0,0.24457751192451785,0.24144230037927628,0.03190408769846559,946,4101.125792811839,945.6666666666666,True,kept
manual_s15_cyst_0001,15,scene15,True,665.0,0.24744689560200814,0.24412894248962402,0.026372178985780412,857,3924.4317386231037,862.3333333333334,True,kept
manual_s15_cyst_0001,15,scene15,True,675.0,0.24399832634217278,0.24298688024282455,0.029672403529901605,784,3889.0408163265306,783.3333333333334,True,kept
manual_s15_cyst_0001,15,scene15,True,685.0,0.22563588547773858,0.22307154536247253,0.028481785096190464,709,3968.258110014104,698.3333333333334,True,kept
manual_s15_cyst_0001,15,scene15,True,695.0,0.21683926828378855,0.21229934692382812,0.028716758257721804,602,3716.956810631229,579.0,True,kept
manual_s15_cyst_0001,15,scene15,True,705.0,0.24148607981596754,0.23561841249465942,0.03872790434247348,426,2591.6784037558687,361.3333333333333,True,kept
manual_s15_cyst_0002,15,scene15,True,815.0,0.3131704932949491,0.30857646465301514,0.04105320442382345,323,2550.173374613003,288.3333333333333,True,kept
manual_s15_cyst_0002,15,scene15,True,825.0,0.2831150080648161,0.27367569506168365,0.04881900787649115,496,3221.1794354838707,473.6666666666667,True,kept
manual_s15_cyst_0002,15,scene15,True,835.0,0.28625592641359154,0.2750621885061264,0.05247170214477007,602,3353.098006644518,598.0,True,kept
manual_s15_cyst_0002,15,scene15,True,845.0,0.28743609715381574,0.2794165462255478,0.04725637221524034,696,3219.0316091954023,684.6666666666666,True,kept
manual_s15_cyst_0002,15,scene15,True,855.0,0.29067031753362804,0.2825276106595993,0.04367258946287688,756,3079.584656084656,759.3333333333334,True,kept
manual_s15_cyst_0002,15,scene15,True,865.0,0.2922344977536733,0.2855970561504364,0.04082159127311667,826,2992.498789346247,813.3333333333334,True,kept
manual_s15_cyst_0002,15,scene15,True,875.0,0.2898092330335737,0.2869773656129837,0.03561101657441022,858,3043.4102564102564,849.6666666666666,True,kept
manual_s15_cyst_0002,15,scene15,True,885.0,0.29822781080799987,0.2922873795032501,0.03305680781974785,865,3056.823121387283,865.0,True,kept
manual_s15_cyst_0002,15,scene15,True,895.0,0.3115938952824938,0.3056049048900604,0.03441409621367222,872,2969.0997706422017,882.6666666666666,True,kept
manual_s15_cyst_0002,15,scene15,True,905.0,0.3171757491209374,0.310108482837677,0.036077100691434855,911,2951.2810098792534,905.0,True,kept
manual_s15_cyst_0002,15,scene15,True,915.0,0.32798357992213173,0.3201375901699066,0.039565411320408236,932,2910.3723175965665,929.0,True,kept
manual_s15_cyst_0002,15,scene15,True,925.0,0.33814793927752873,0.32977452874183655,0.0469502699125729,944,2974.1896186440677,936.6666666666666,True,kept
manual_s15_cyst_0002,15,scene15,True,935.0,0.3569279688328696,0.3470570594072342,0.048405477070759914,934,3036.7516059957175,919.6666666666666,True,kept
manual_s15_cyst_0002,15,scene15,True,945.0,0.38291243138161746,0.37392961978912354,0.052883087084165344,881,3133.9670828603857,872.0,True,kept
manual_s15_cyst_0002,15,scene15,True,955.0,0.38392694973469377,0.3692057430744171,0.058414418363572015,801,3277.5955056179773,783.6666666666666,True,kept
manual_s15_cyst_0002,15,scene15,True,965.0,0.4201254513677104,0.4030647575855255,0.07079217022587601,669,2827.085201793722,586.3333333333334,True,kept
manual_s15_cyst_0002,15,scene15,True,975.0,0.46374431334977334,0.46655598282814026,0.04822611384447648,289,2170.955017301038,319.3333333333333,True,kept
manual_s15_cyst_0004,15,scene15,True,365.0,0.5543277093342373,0.5532004237174988,0.07426329461558022,497,2935.688128772636,440.0,True,kept
manual_s15_cyst_0004,15,scene15,True,375.0,0.4834969925664669,0.4657796621322632,0.06467588103301589,663,3835.8446455505277,644.3333333333334,True,kept
manual_s15_cyst_0004,15,scene15,True,385.0,0.4504014264025941,0.4350533187389374,0.06617937086735154,773,3895.2160413971537,764.3333333333334,True,kept
manual_s15_cyst_0004,15,scene15,True,395.0,0.42158588742709074,0.41566911339759827,0.0425140503973036,857,3659.656942823804,855.3333333333334,True,kept
manual_s15_cyst_0004,15,scene15,True,405.0,0.397818537381215,0.39103470742702484,0.05600675902737789,936,3599.280982905983,922.6666666666666,True,kept
manual_s15_cyst_0004,15,scene15,True,415.0,0.3811400301334186,0.3729502260684967,0.05884795339480982,975,3546.9261538461537,958.6666666666666,True,kept
manual_s15_cyst_0004,15,scene15,True,425.0,0.3583427437846525,0.34931138157844543,0.0512957188727973,965,3545.1523316062176,946.0,True,kept
manual_s15_cyst_0004,15,scene15,True,435.0,0.3395014850626013,0.33069606125354767,0.048624106707602074,898,3550.859688195991,924.0,True,kept
manual_s15_cyst_0004,15,scene15,True,445.0,0.32811284996364243,0.31618985533714294,0.05719226433699827,909,3622.2343234323434,908.6666666666666,True,kept
manual_s15_cyst_0004,15,scene15,True,455.0,0.3208030941566783,0.3179250657558441,0.04833212759605955,919,3586.130576713819,945.3333333333334,True,kept
manual_s15_cyst_0004,15,scene15,True,465.0,0.3170448977736727,0.3092446029186249,0.05740866087186776,1008,3531.3224206349205,975.6666666666666,True,kept
manual_s15_cyst_0004,15,scene15,True,475.0,0.30227898915112017,0.29126162827014923,0.05183966764012836,1000,3630.315,986.0,True,kept
manual_s15_cyst_0004,15,scene15,True,485.0,0.295059298810206,0.28140202164649963,0.04965521835564763,950,3655.1663157894736,942.3333333333334,True,kept
manual_s15_cyst_0004,15,scene15,True,495.0,0.2830003766744411,0.2712252140045166,0.04444960225397921,877,3733.2086659064994,871.0,True,kept
manual_s15_cyst_0004,15,scene15,True,505.0,0.2549176193186042,0.2360357716679573,0.05063164601690408,786,3903.8015267175574,774.3333333333334,True,kept
manual_s15_cyst_0004,15,scene15,True,515.0,0.24728168199459713,0.2280724197626114,0.06068349343581225,660,3737.8454545454547,647.3333333333334,True,kept
manual_s15_cyst_0004,15,scene15,True,525.0,0.2478203764485736,0.24279826134443283,0.04698984015604225,496,2923.9798387096776,436.6666666666667,True,kept
manual_s15_cyst_0005,15,scene15,True,585.0,0.4218500326925786,0.4195547252893448,0.05093249089860588,398,2353.93216080402,359.6666666666667,True,kept
manual_s15_cyst_0005,15,scene15,True,595.0,0.34305528774636435,0.323480024933815,0.07267124567150147,674,3524.614243323442,653.3333333333334,True,kept
manual_s15_cyst_0005,15,scene15,True,605.0,0.30275112907360263,0.29669637978076935,0.06505267346141107,888,4208.654279279279,864.3333333333334,True,kept
manual_s15_cyst_0005,15,scene15,True,615.0,0.2965910050414582,0.29523006081581116,0.06465013494554722,1031,4411.935014548982,1010.0,True,kept
manual_s15_cyst_0005,15,scene15,True,625.0,0.30027476818201027,0.30204978585243225,0.05831676402043564,1111,4287.3411341134115,1119.6666666666667,True,kept
manual_s15_cyst_0005,15,scene15,True,635.0,0.30644212692559697,0.30683112144470215,0.049505002619486455,1217,4057.9129005751847,1199.6666666666667,True,kept
manual_s15_cyst_0005,15,scene15,True,645.0,0.3027660160623696,0.30285876989364624,0.048529819173112956,1271,3914.2061369000785,1189.0,True,kept
manual_s15_cyst_0005,15,scene15,True,655.0,0.3005991985225589,0.29538992047309875,0.05426939966592211,1079,3932.9666357738647,1083.0,True,kept
manual_s15_cyst_0005,15,scene15,True,665.0,0.29797378087932197,0.29930615425109863,0.05012093934788666,899,3941.0567296996664,945.6666666666666,True,kept
manual_s15_cyst_0005,15,scene15,True,675.0,0.2997905269386605,0.2942398488521576,0.04847906702108063,859,3900.849825378347,884.0,True,kept
manual_s15_cyst_0005,15,scene15,True,685.0,0.3035458302504531,0.2981179356575012,0.04627865492555065,894,3903.4395973154365,892.6666666666666,True,kept
manual_s15_cyst_0005,15,scene15,True,695.0,0.30932671432559555,0.3029792904853821,0.044763256280540405,925,3880.1210810810812,927.6666666666666,True,kept
manual_s15_cyst_0005,15,scene15,True,705.0,0.3075368750639476,0.3027428090572357,0.04662850208194474,964,3944.332987551867,973.6666666666666,True,kept
manual_s15_cyst_0005,15,scene15,True,715.0,0.30656016298909056,0.3082909882068634,0.04061435865960878,1032,4011.5978682170544,1040.6666666666667,True,kept
manual_s15_cyst_0005,15,scene15,True,725.0,0.3113002328344391,0.31449292600154877,0.046431101521496626,1126,3988.7371225577263,1123.0,True,kept
manual_s15_cyst_0005,15,scene15,True,735.0,0.3144046197515396,0.31237316131591797,0.04515320732856227,1211,3957.3294797687863,1157.6666666666667,True,kept
manual_s15_cyst_0005,15,scene15,True,745.0,0.3366079483391114,0.3276446759700775,0.06138576394124652,1136,3901.3591549295775,1123.3333333333333,True,kept
manual_s15_cyst_0005,15,scene15,True,755.0,0.335718141317018,0.32528313994407654,0.06604462503952806,1023,4094.654936461388,1041.0,True,kept
manual_s15_cyst_0005,15,scene15,True,765.0,0.3484866811557677,0.34083037078380585,0.0738706255768165,964,4001.594398340249,929.6666666666666,True,kept
manual_s15_cyst_0005,15,scene15,True,775.0,0.3698352863849547,0.36053016781806946,0.06647728524095989,802,3708.5324189526186,798.3333333333334,True,kept
manual_s15_cyst_0005,15,scene15,True,785.0,0.37053031392620556,0.35118547081947327,0.06302091542131859,629,3542.0158982511925,625.0,True,kept
manual_s15_cyst_0005,15,scene15,True,795.0,0.4314826522861515,0.4255618155002594,0.08332649945284376,444,2899.7545045045044,391.3333333333333,True,kept
manual_s16_cyst_0001,16,scene16,True,295.0,0.5441793378474366,0.5428382158279419,0.08684359062445385,468,3235.33547008547,444.3333333333333,True,kept
manual_s16_cyst_0001,16,scene16,True,305.0,0.47509057394095827,0.4703637510538101,0.08070302791047206,602,3595.470099667774,602.6666666666666,True,kept
manual_s16_cyst_0001,16,scene16,True,315.0,0.4366583127558716,0.43356169760227203,0.07577019024737662,738,3637.689701897019,725.3333333333334,True,kept
manual_s16_cyst_0001,16,scene16,True,325.0,0.41727104936347625,0.3976205736398697,0.09147554755025875,836,3683.712918660287,831.6666666666666,True,kept
manual_s16_cyst_0001,16,scene16,True,335.0,0.3883592182210162,0.36774224042892456,0.08081562836226819,921,3698.512486427796,918.0,True,kept
manual_s16_cyst_0001,16,scene16,True,345.0,0.35769653764208675,0.33975061774253845,0.07689010325216679,997,3704.5877632898696,970.0,True,kept
manual_s16_cyst_0001,16,scene16,True,355.0,0.34100180708112254,0.32362933456897736,0.08578441588717804,992,3675.3870967741937,964.3333333333334,True,kept
manual_s16_cyst_0001,16,scene16,True,365.0,0.33413751640942246,0.3130301684141159,0.08843280830666184,904,3676.653761061947,945.3333333333334,True,kept
manual_s16_cyst_0001,16,scene16,True,375.0,0.3202770116798421,0.3014504164457321,0.08196476910721573,940,3606.0095744680852,961.6666666666666,True,kept
manual_s16_cyst_0001,16,scene16,True,385.0,0.29991034502083014,0.2772725224494934,0.0698003412703526,1041,3728.408261287224,1028.6666666666667,True,kept
manual_s16_cyst_0001,16,scene16,True,395.0,0.2887834503505025,0.2711099088191986,0.06842256400856515,1105,3812.017194570136,1078.3333333333333,True,kept
manual_s16_cyst_0001,16,scene16,True,405.0,0.28006440703479163,0.25923922657966614,0.06515512007853351,1089,3878.532598714417,1074.6666666666667,True,kept
manual_s16_cyst_0001,16,scene16,True,415.0,0.26289758220748993,0.2457621917128563,0.058033240059738485,1030,3869.588349514563,1019.3333333333334,True,kept
manual_s16_cyst_0001,16,scene16,True,425.0,0.24649570322138306,0.239696204662323,0.04878776874677973,939,3797.702875399361,927.3333333333334,True,kept
manual_s16_cyst_0001,16,scene16,True,435.0,0.22711445743087472,0.21632146835327148,0.05015608992269268,813,3734.587945879459,796.6666666666666,True,kept
manual_s16_cyst_0001,16,scene16,True,445.0,0.2106864424334798,0.203269824385643,0.03700566692426582,638,3303.319749216301,589.0,True,kept
manual_s16_cyst_0001,16,scene16,True,455.0,0.2164597909756099,0.21453626453876495,0.0309111683281915,316,2334.4113924050635,318.0,True,kept
manual_s16_cyst_0002,16,scene16,True,245.0,0.7109822234306385,0.7070046961307526,0.0881588126552919,378,2572.267195767196,318.6666666666667,True,kept
manual_s16_cyst_0002,16,scene16,True,255.0,0.5974382757578256,0.5837929546833038,0.09151952069852741,530,3545.1830188679246,519.0,True,kept
manual_s16_cyst_0002,16,scene16,True,265.0,0.5635291192858539,0.5546957850456238,0.07659311173749618,649,3604.1525423728813,642.3333333333334,True,kept
manual_s16_cyst_0002,16,scene16,True,275.0,0.5246774347867558,0.5181420743465424,0.06503827475214978,748,3741.409090909091,737.3333333333334,True,kept
manual_s16_cyst_0002,16,scene16,True,285.0,0.49929724076042875,0.4985578954219818,0.052883317273997706,815,3749.6171779141105,813.0,True,kept
manual_s16_cyst_0002,16,scene16,True,295.0,0.47743399216704174,0.47667296230793,0.06815065318146897,876,3782.928082191781,878.3333333333334,True,kept
manual_s16_cyst_0002,16,scene16,True,305.0,0.4486118760907044,0.4448825567960739,0.08179245246388582,944,3825.241525423729,911.0,True,kept
manual_s16_cyst_0002,16,scene16,True,315.0,0.4171571081661316,0.4169246554374695,0.07191573849319803,913,3884.1905805038336,909.6666666666666,True,kept
manual_s16_cyst_0002,16,scene16,True,325.0,0.4078069621645803,0.40266211330890656,0.07446506214997033,872,3690.5034403669724,882.0,True,kept
manual_s16_cyst_0002,16,scene16,True,335.0,0.3915131660773225,0.39187827706336975,0.07930433325682748,861,3715.1788617886177,862.3333333333334,True,kept
manual_s16_cyst_0002,16,scene16,True,345.0,0.3801845265356104,0.38006608188152313,0.08800914936312727,854,3669.4496487119436,854.0,True,kept
manual_s16_cyst_0002,16,scene16,True,355.0,0.3573475563645785,0.3583037853240967,0.07893914069018358,847,3668.401416765053,867.0,True,kept
manual_s16_cyst_0002,16,scene16,True,365.0,0.3527926770514912,0.34796226024627686,0.07605463913041624,900,3608.072222222222,921.6666666666666,True,kept
manual_s16_cyst_0002,16,scene16,True,375.0,0.3519825792646361,0.32790514826774597,0.08067317152622457,1018,3480.4685658153244,1008.0,True,kept
manual_s16_cyst_0002,16,scene16,True,385.0,0.33603659282972326,0.32096339762210846,0.06869508777174793,1106,3559.1962025316457,1062.0,True,kept
manual_s16_cyst_0002,16,scene16,True,395.0,0.3264918978240081,0.3262907862663269,0.05874306800933867,1062,3630.9934086629,1062.0,True,kept
manual_s16_cyst_0002,16,scene16,True,405.0,0.31719564770902775,0.3213519752025604,0.053610834514703117,1018,3672.965618860511,1001.3333333333334,True,kept
manual_s16_cyst_0002,16,scene16,True,415.0,0.30366227793551626,0.30185286700725555,0.054491042575358625,924,3649.8917748917747,913.6666666666666,True,kept
manual_s16_cyst_0002,16,scene16,True,425.0,0.2887422977124943,0.28116101026535034,0.05086392799806628,799,3557.345431789737,799.6666666666666,True,kept
manual_s16_cyst_0002,16,scene16,True,435.0,0.27164748249322,0.26494570076465607,0.04084905797984835,676,3364.5724852071007,639.3333333333334,True,kept
manual_s16_cyst_0002,16,scene16,True,445.0,0.26098998718417793,0.25830093026161194,0.0382829957636674,443,2634.884875846501,396.0,True,kept
manual_s16_cyst_0003,16,scene16,True,365.0,0.526606034416302,0.5197657644748688,0.07534050056840394,314,2385.7579617834394,332.0,True,kept
manual_s16_cyst_0003,16,scene16,True,375.0,0.45351044095608883,0.44497573375701904,0.0600437052140107,638,2797.1739811912225,592.3333333333334,True,kept
manual_s16_cyst_0003,16,scene16,True,385.0,0.4014496873003064,0.3948199152946472,0.06131985082713662,825,3227.6436363636362,793.6666666666666,True,kept
manual_s16_cyst_0003,16,scene16,True,395.0,0.37063584462100385,0.36740629374980927,0.062357543394104036,918,3457.740740740741,915.0,True,kept
manual_s16_cyst_0003,16,scene16,True,405.0,0.35032425611140483,0.3412053883075714,0.05504947479687351,1002,3511.327345309381,992.6666666666666,True,kept
manual_s16_cyst_0003,16,scene16,True,415.0,0.3182786605083199,0.3106384426355362,0.06630510848139234,1058,3538.117202268431,1051.3333333333333,True,kept
manual_s16_cyst_0003,16,scene16,True,425.0,0.30136411777362093,0.28937871754169464,0.07500992448762413,1094,3603.5767824497257,1068.0,True,kept
manual_s16_cyst_0003,16,scene16,True,435.0,0.27786200286770957,0.2713724672794342,0.04908153383730313,1052,3708.953422053232,1014.0,True,kept
manual_s16_cyst_0003,16,scene16,True,445.0,0.27449000761511605,0.26363058388233185,0.06415727638265369,896,3672.238839285714,969.3333333333334,True,kept
manual_s16_cyst_0003,16,scene16,True,455.0,0.2715219491161406,0.25591057538986206,0.0746635423333198,960,3723.984375,975.3333333333334,True,kept
manual_s16_cyst_0003,16,scene16,True,465.0,0.2694090815487309,0.2535383701324463,0.065929650179469,1070,3806.527102803738,1038.0,True,kept
manual_s16_cyst_0003,16,scene16,True,475.0,0.26895765719653497,0.25386038422584534,0.06251272030815315,1084,3821.6632841328415,1058.6666666666667,True,kept
manual_s16_cyst_0003,16,scene16,True,485.0,0.2609608362769661,0.2529248297214508,0.04881789488761936,1022,3890.398238747554,1013.3333333333334,True,kept
manual_s16_cyst_0003,16,scene16,True,495.0,0.2594562739261468,0.24884083122015,0.04965489934103611,934,3819.4539614561027,935.3333333333334,True,kept
manual_s16_cyst_0003,16,scene16,True,505.0,0.24704681270262774,0.23934561759233475,0.04745416709121214,850,3800.4611764705883,831.0,True,kept
manual_s16_cyst_0003,16,scene16,True,515.0,0.23687088355022695,0.23702837526798248,0.05108920170255601,709,3754.5204513399153,713.3333333333334,True,kept
manual_s16_cyst_0003,16,scene16,True,525.0,0.23473633284618028,0.22416706383228302,0.052753253355491435,581,3313.055077452668,550.0,True,kept
manual_s16_cyst_0003,16,scene16,True,535.0,0.25982970955471196,0.2590014338493347,0.0432078817528162,360,2325.891666666667,314.3333333333333,True,kept
manual_s16_cyst_0005,16,scene16,True,535.0,0.43483761266089865,0.4331548660993576,0.05786294619465245,276,2223.1884057971015,280.3333333333333,True,kept
manual_s16_cyst_0005,16,scene16,True,545.0,0.3774681602091713,0.3555319011211395,0.09100626117489224,561,2873.5686274509803,511.0,True,kept
manual_s16_cyst_0005,16,scene16,True,555.0,0.35637106388892936,0.34017834067344666,0.08608754881588422,696,3296.301724137931,693.0,True,kept
manual_s16_cyst_0005,16,scene16,True,565.0,0.3351933378952843,0.3277966380119324,0.05931558275404916,822,3376.6374695863747,790.3333333333334,True,kept
manual_s16_cyst_0005,16,scene16,True,575.0,0.32518754487230517,0.3158307671546936,0.056179710069580995,853,3363.9519343493553,836.0,True,kept
manual_s16_cyst_0005,16,scene16,True,585.0,0.3184121351997678,0.30790749192237854,0.05285680128412238,833,3416.436974789916,855.0,True,kept
manual_s16_cyst_0005,16,scene16,True,595.0,0.32221594468115133,0.30347940325737,0.07669604617638322,879,3429.5836177474403,861.6666666666666,True,kept
manual_s16_cyst_0005,16,scene16,True,605.0,0.3363940188189689,0.3119908571243286,0.07625933882409683,873,3254.0389461626573,860.6666666666666,True,kept
manual_s16_cyst_0005,16,scene16,True,615.0,0.3347835446337619,0.30978578329086304,0.0708792731059405,830,3212.231325301205,835.0,True,kept
manual_s16_cyst_0005,16,scene16,True,625.0,0.3384716494422304,0.3165566325187683,0.06317119515923171,802,3092.149625935162,798.3333333333334,True,kept
manual_s16_cyst_0005,16,scene16,True,635.0,0.3390802530325256,0.32288533449172974,0.06469712444865497,763,3060.5124508519,746.0,True,kept
manual_s16_cyst_0005,16,scene16,True,645.0,0.32789516849733924,0.31315574049949646,0.06748530271577023,673,3109.295690936107,664.6666666666666,True,kept
manual_s16_cyst_0005,16,scene16,True,655.0,0.35087592712867216,0.3419390618801117,0.05455357375137329,558,2776.8673835125446,487.0,True,kept
manual_s16_cyst_0006,16,scene16,True,325.0,0.6321857589053678,0.623859167098999,0.058166746088954814,444,2923.8333333333335,438.6666666666667,True,kept
manual_s16_cyst_0006,16,scene16,True,335.0,0.5611043978821147,0.559425413608551,0.05093602157403996,594,3361.104377104377,578.0,True,kept
manual_s16_cyst_0006,16,scene16,True,345.0,0.5123788328605822,0.5076086223125458,0.05178874058606924,696,3467.699712643678,689.0,True,kept
manual_s16_cyst_0006,16,scene16,True,355.0,0.4550532718959769,0.451793372631073,0.05960317413680686,777,3511.6190476190477,787.6666666666666,True,kept
manual_s16_cyst_0006,16,scene16,True,365.0,0.4178099300419347,0.40621334314346313,0.06133555545708473,890,3521.6696629213484,877.3333333333334,True,kept
manual_s16_cyst_0006,16,scene16,True,375.0,0.3856448053695995,0.3683754503726959,0.06758591948344313,965,3529.261139896373,939.3333333333334,True,kept
manual_s16_cyst_0006,16,scene16,True,385.0,0.353651321225201,0.3351244330406189,0.06741319958736673,963,3583.6458982346835,960.6666666666666,True,kept
manual_s16_cyst_0006,16,scene16,True,395.0,0.3459219720284894,0.3161473870277405,0.07305893456975883,954,3472.248427672956,943.6666666666666,True,kept
manual_s16_cyst_0006,16,scene16,True,405.0,0.3341513183660789,0.307351291179657,0.07337405564825544,914,3499.1498905908097,934.0,True,kept
manual_s16_cyst_0006,16,scene16,True,415.0,0.3188920670709467,0.2924209535121918,0.07851857183602858,934,3560.167023554604,949.0,True,kept
manual_s16_cyst_0006,16,scene16,True,425.0,0.307638187457372,0.29163646697998047,0.0624139275492769,999,3525.8238238238237,993.3333333333334,True,kept
manual_s16_cyst_0006,16,scene16,True,435.0,0.30673016187910135,0.29401612281799316,0.0480222029583034,1047,3539.6446991404014,1034.6666666666667,True,kept
manual_s16_cyst_0006,16,scene16,True,445.0,0.28744387737913707,0.27774155139923096,0.045640280952856625,1058,3634.0500945179583,1043.3333333333333,True,kept
manual_s16_cyst_0006,16,scene16,True,455.0,0.2763409103562192,0.27187424898147583,0.038900602623599304,1025,3605.018536585366,1012.6666666666666,True,kept
manual_s16_cyst_0006,16,scene16,True,465.0,0.270554931532026,0.26834869384765625,0.03563941868488629,955,3551.8115183246073,943.6666666666666,True,kept
manual_s16_cyst_0006,16,scene16,True,475.0,0.2684170151639349,0.26632779836654663,0.030557245700586256,851,3556.6310223266746,856.0,True,kept
manual_s16_cyst_0006,16,scene16,True,485.0,0.2652387061300553,0.2650660425424576,0.02811275342014212,762,3506.4711286089237,772.6666666666666,True,kept
manual_s16_cyst_0006,16,scene16,True,495.0,0.2413073776672918,0.24300053715705872,0.036205639702305135,705,3590.3375886524823,686.3333333333334,True,kept
manual_s16_cyst_0006,16,scene16,True,505.0,0.2204286769737263,0.2158587947487831,0.029781302276568448,592,3499.0152027027025,568.6666666666666,True,kept
manual_s16_cyst_0006,16,scene16,True,515.0,0.22848365155292316,0.22736817598342896,0.02956902742470983,409,2545.0268948655257,347.3333333333333,True,kept
manual_s16_cyst_0007,16,scene16,True,565.0,0.36096706989349103,0.35411103069782257,0.08666035161343325,510,3220.3392156862747,458.0,True,kept
manual_s16_cyst_0007,16,scene16,True,575.0,0.30406720093003026,0.2836897671222687,0.06453082438553376,675,4085.2266666666665,661.0,True,kept
manual_s16_cyst_0007,16,scene16,True,585.0,0.3003014404522745,0.2840269207954407,0.06345344356363547,798,4229.7406015037595,793.0,True,kept
manual_s16_cyst_0007,16,scene16,True,595.0,0.3175615014849646,0.30346326529979706,0.07338166637015439,906,4119.2825607064015,891.0,True,kept
manual_s16_cyst_0007,16,scene16,True,605.0,0.3086952832061317,0.3000323176383972,0.05826602869248375,969,4115.747162022703,962.6666666666666,True,kept
manual_s16_cyst_0007,16,scene16,True,615.0,0.3124529912347031,0.3011222779750824,0.05337717577373695,1013,4044.6150049358343,1004.6666666666666,True,kept
manual_s16_cyst_0007,16,scene16,True,625.0,0.3111299306385277,0.30184055864810944,0.05571182608238262,1032,3908.0096899224804,984.3333333333334,True,kept
manual_s16_cyst_0007,16,scene16,True,635.0,0.3124919608891798,0.3082839995622635,0.055947999990543916,908,3898.533039647577,935.6666666666666,True,kept
manual_s16_cyst_0007,16,scene16,True,645.0,0.319654160786115,0.30926641821861267,0.06574328757987555,867,3850.515570934256,901.3333333333334,True,kept
manual_s16_cyst_0007,16,scene16,True,655.0,0.3270387461868118,0.3185644745826721,0.053941374203465425,929,3809.174381054898,950.6666666666666,True,kept
manual_s16_cyst_0007,16,scene16,True,665.0,0.3146560562520542,0.30732277035713196,0.04607448948925383,1056,3846.7054924242425,1032.3333333333333,True,kept
manual_s16_cyst_0007,16,scene16,True,675.0,0.30857718938278206,0.3011130541563034,0.05210616273404113,1112,3924.4190647482014,1083.0,True,kept
manual_s16_cyst_0007,16,scene16,True,685.0,0.309598338372392,0.3119894564151764,0.053871832272482933,1081,3984.1665124884366,1080.0,True,kept
manual_s16_cyst_0007,16,scene16,True,695.0,0.3141753865119493,0.3232603073120117,0.05088312524143407,1047,3857.441260744986,1024.3333333333333,True,kept
manual_s16_cyst_0007,16,scene16,True,705.0,0.319641726199912,0.32627177238464355,0.04728798344923818,945,3743.736507936508,936.6666666666666,True,kept
manual_s16_cyst_0007,16,scene16,True,715.0,0.31881405112577244,0.3096715658903122,0.05474440996682163,818,3750.5537897310514,804.6666666666666,True,kept
manual_s16_cyst_0007,16,scene16,True,725.0,0.3610493426086716,0.3447272479534149,0.07601551208228076,651,3144.2473118279568,602.3333333333334,True,kept
manual_s16_cyst_0007,16,scene16,True,735.0,0.4175540009546562,0.4139597564935684,0.04798856598696691,338,2177.733727810651,329.6666666666667,True,kept
manual_s18_cyst_0001,18,scene18,True,305.0,0.5011538869522988,0.49482397735118866,0.07697083903771407,470,3360.021276595745,424.0,True,kept
manual_s18_cyst_0001,18,scene18,True,315.0,0.45667339500306814,0.44161489605903625,0.06433516420445579,586,4242.708191126279,580.0,True,kept
manual_s18_cyst_0001,18,scene18,True,325.0,0.4571633113667979,0.4433295279741287,0.06724555824157506,684,4471.818713450292,682.0,True,kept
manual_s18_cyst_0001,18,scene18,True,335.0,0.44694214686751366,0.43276846408843994,0.06269767728580981,776,4422.61469072165,770.6666666666666,True,kept
manual_s18_cyst_0001,18,scene18,True,345.0,0.42567524698698467,0.40670929849147797,0.0650936725313749,852,4296.104460093897,851.6666666666666,True,kept
manual_s18_cyst_0001,18,scene18,True,355.0,0.4049557421392607,0.39828410744667053,0.05192737886750091,927,4187.155339805825,920.6666666666666,True,kept
manual_s18_cyst_0001,18,scene18,True,365.0,0.39207318088651794,0.3835734724998474,0.07169653279310731,983,4148.128179043743,955.6666666666666,True,kept
manual_s18_cyst_0001,18,scene18,True,375.0,0.3895439155547721,0.37157461047172546,0.08101914224882671,957,4091.473354231975,954.6666666666666,True,kept
manual_s18_cyst_0001,18,scene18,True,385.0,0.3726138752518278,0.364206463098526,0.07396536586043731,924,4011.3896103896104,921.0,True,kept
manual_s18_cyst_0001,18,scene18,True,395.0,0.3626107058895418,0.3641924560070038,0.07921020705265272,882,3989.8639455782313,906.6666666666666,True,kept
manual_s18_cyst_0001,18,scene18,True,405.0,0.3619166168850934,0.35767562687397003,0.07764662826346343,914,3966.758205689278,927.3333333333334,True,kept
manual_s18_cyst_0001,18,scene18,True,415.0,0.3476654293873247,0.34398096799850464,0.07182799966130533,986,3943.682555780933,994.0,True,kept
manual_s18_cyst_0001,18,scene18,True,425.0,0.3188911811233448,0.31420837342739105,0.05934425773797288,1082,4110.685767097967,1082.3333333333333,True,kept
manual_s18_cyst_0001,18,scene18,True,435.0,0.3072322774757461,0.3013424277305603,0.05844426247090095,1179,4092.8931297709923,1137.0,True,kept
manual_s18_cyst_0001,18,scene18,True,445.0,0.29083252617846367,0.28908465802669525,0.059673675899652855,1150,4250.160869565218,1136.0,True,kept
manual_s18_cyst_0001,18,scene18,True,455.0,0.28597109254529013,0.27911171317100525,0.06756360746282458,1079,4339.002780352178,1065.3333333333333,True,kept
manual_s18_cyst_0001,18,scene18,True,465.0,0.26965266174897784,0.26042279601097107,0.05353520487588944,967,4408.498448810755,967.6666666666666,True,kept
manual_s18_cyst_0001,18,scene18,True,475.0,0.2560378492156711,0.24139730632305145,0.058310808933007274,857,4375.65577596266,845.3333333333334,True,kept
manual_s18_cyst_0001,18,scene18,True,485.0,0.25469740492741716,0.22900616377592087,0.07276297435325096,712,4002.5224719101125,699.6666666666666,True,kept
manual_s18_cyst_0001,18,scene18,True,495.0,0.27486922409174575,0.2663227766752243,0.0668894825517757,530,3009.0150943396225,455.3333333333333,True,kept
manual_s18_cyst_0002,18,scene18,True,315.0,0.6397538637347899,0.6422796845436096,0.07538386125481303,373,2559.6970509383377,342.3333333333333,True,kept
manual_s18_cyst_0002,18,scene18,True,325.0,0.5048499023168083,0.4926883578300476,0.07200390785850969,623,3598.285714285714,582.3333333333334,True,kept
manual_s18_cyst_0002,18,scene18,True,335.0,0.48453842954692766,0.4774238169193268,0.07182526858082126,751,3849.368841544607,745.3333333333334,True,kept
manual_s18_cyst_0002,18,scene18,True,345.0,0.501523033233917,0.49924664199352264,0.07832588167783842,862,3925.4593967517403,855.6666666666666,True,kept
manual_s18_cyst_0002,18,scene18,True,355.0,0.4657807826246106,0.4571899026632309,0.0848218587267073,954,3823.0440251572327,950.3333333333334,True,kept
manual_s18_cyst_0002,18,scene18,True,365.0,0.4291358604523295,0.4142782986164093,0.0882298904005666,1035,3746.4048309178743,1031.0,True,kept
manual_s18_cyst_0002,18,scene18,True,375.0,0.39849184745031857,0.38668927550315857,0.07415775414175588,1104,3800.5625,1047.3333333333333,True,kept
manual_s18_cyst_0002,18,scene18,True,385.0,0.39964592305280394,0.3810424506664276,0.08341020562530245,1003,3783.839481555334,1067.0,True,kept
manual_s18_cyst_0002,18,scene18,True,395.0,0.3916258125189671,0.35026319324970245,0.10846607785013314,1094,3729.1736745886656,1088.3333333333333,True,kept
manual_s18_cyst_0002,18,scene18,True,405.0,0.3657010738827186,0.3414066433906555,0.08695564661030356,1168,3822.236301369863,1158.3333333333333,True,kept
manual_s18_cyst_0002,18,scene18,True,415.0,0.3488840992821216,0.32779666781425476,0.09184632033521245,1213,3910.315746084089,1211.3333333333333,True,kept
manual_s18_cyst_0002,18,scene18,True,425.0,0.32314826879897124,0.30516934394836426,0.08887324445516118,1253,4048.2601755786113,1224.6666666666667,True,kept
manual_s18_cyst_0002,18,scene18,True,435.0,0.31327333946447106,0.2932601273059845,0.08407886122368403,1208,3968.6291390728475,1174.6666666666667,True,kept
manual_s18_cyst_0002,18,scene18,True,445.0,0.28439169895054595,0.2676076591014862,0.0698453291489477,1063,3991.0950141110065,1077.0,True,kept
manual_s18_cyst_0002,18,scene18,True,455.0,0.25861638512772817,0.24891430884599686,0.052850416671174794,960,3981.969791666667,948.3333333333334,True,kept
manual_s18_cyst_0002,18,scene18,True,465.0,0.25188687623199757,0.23815848678350449,0.048935014929082025,822,3823.205596107056,816.0,True,kept
manual_s18_cyst_0002,18,scene18,True,475.0,0.25054668342029013,0.23580559343099594,0.04796883106105005,666,3487.1501501501502,645.3333333333334,True,kept
manual_s18_cyst_0002,18,scene18,True,485.0,0.26361940831079017,0.25758296251296997,0.040947315399271204,448,2752.1116071428573,396.6666666666667,True,kept
manual_s18_cyst_0003,18,scene18,True,565.0,0.27181282703035564,0.252925768494606,0.07650032474328308,516,3197.748062015504,523.0,True,kept
manual_s18_cyst_0003,18,scene18,True,575.0,0.25496752280516427,0.2361326739192009,0.06931172978424957,826,3644.6985472154965,794.6666666666666,True,kept
manual_s18_cyst_0003,18,scene18,True,585.0,0.2519544058134368,0.23502907902002335,0.07092736941709915,1042,3899.953934740883,1003.0,True,kept
manual_s18_cyst_0003,18,scene18,True,595.0,0.2581509203894111,0.24108897149562836,0.07304747630454472,1141,3925.2094653812446,1133.3333333333333,True,kept
manual_s18_cyst_0003,18,scene18,True,605.0,0.2702754548488333,0.25377729535102844,0.08149970377493271,1217,3689.9145439605586,1206.6666666666667,True,kept
manual_s18_cyst_0003,18,scene18,True,615.0,0.27029232449369084,0.25266216695308685,0.07110736521348668,1262,3551.0515055467513,1240.6666666666667,True,kept
manual_s18_cyst_0003,18,scene18,True,625.0,0.26789540035630655,0.25649693608283997,0.06276635330518306,1243,3508.830249396621,1211.0,True,kept
manual_s18_cyst_0003,18,scene18,True,635.0,0.2696641952142859,0.25042296946048737,0.06669614169446308,1128,3500.5141843971633,1148.0,True,kept
manual_s18_cyst_0003,18,scene18,True,645.0,0.267274186737273,0.2549944519996643,0.07210530384243874,1073,3663.425908667288,1129.0,True,kept
manual_s18_cyst_0003,18,scene18,True,655.0,0.2665738871864485,0.2632898688316345,0.06975117211505791,1186,3745.3532883642497,1150.6666666666667,True,kept
manual_s18_cyst_0003,18,scene18,True,665.0,0.26954468749994404,0.2697553038597107,0.06523894267808356,1193,3764.0880134115673,1167.0,True,kept
manual_s18_cyst_0003,18,scene18,True,675.0,0.2687604350308471,0.27596527338027954,0.06350109622634822,1122,3910.7976827094476,1113.3333333333333,True,kept
manual_s18_cyst_0003,18,scene18,True,685.0,0.2604601147407439,0.26114436984062195,0.061616367978438155,1025,4067.0048780487805,1007.0,True,kept
manual_s18_cyst_0003,18,scene18,True,695.0,0.25661422044584353,0.2585381120443344,0.05963946131411322,874,4171.262013729977,877.3333333333334,True,kept
manual_s18_cyst_0003,18,scene18,True,705.0,0.2657207415666619,0.25799140334129333,0.057177435749260645,733,4070.924965893588,723.3333333333334,True,kept
manual_s18_cyst_0003,18,scene18,True,715.0,0.2936196896259145,0.2740427553653717,0.07217278414917086,563,3711.97513321492,541.0,True,kept
manual_s18_cyst_0003,18,scene18,True,725.0,0.3637003617458023,0.3603207468986511,0.05495070358450803,327,2440.3792048929663,297.3333333333333,True,kept
manual_s18_cyst_0005,18,scene18,True,345.0,0.537799007478444,0.5188203752040863,0.07992832333547756,544,3599.4301470588234,502.3333333333333,True,kept
manual_s18_cyst_0005,18,scene18,True,355.0,0.5169888123891153,0.5087249279022217,0.08032775637161245,701,3991.101283880171,691.6666666666666,True,kept
manual_s18_cyst_0005,18,scene18,True,365.0,0.4990318996719567,0.5034538507461548,0.07947750301306976,830,4059.713253012048,820.0,True,kept
manual_s18_cyst_0005,18,scene18,True,375.0,0.4850896373631751,0.4905312657356262,0.07936381462371829,929,3906.044133476857,919.3333333333334,True,kept
manual_s18_cyst_0005,18,scene18,True,385.0,0.4561563928922017,0.4515053927898407,0.07834302304523179,999,3763.645645645646,996.6666666666666,True,kept
manual_s18_cyst_0005,18,scene18,True,395.0,0.43491704161445527,0.43986915051937103,0.07896014753548607,1062,3727.268361581921,1022.6666666666666,True,kept
manual_s18_cyst_0005,18,scene18,True,405.0,0.4093731718124912,0.39960813522338867,0.09334667753954017,1007,3672.3326713008937,985.0,True,kept
manual_s18_cyst_0005,18,scene18,True,415.0,0.40969606216483945,0.38405656814575195,0.11530677142495453,886,3672.1230248306997,919.6666666666666,True,kept
manual_s18_cyst_0005,18,scene18,True,425.0,0.39502368690166406,0.38477855920791626,0.11287324744606907,866,3781.027713625866,931.3333333333334,True,kept
manual_s18_cyst_0005,18,scene18,True,435.0,0.372435669266331,0.3235704004764557,0.10869477368001156,1042,3691.8781190019195,1036.6666666666667,True,kept
manual_s18_cyst_0005,18,scene18,True,445.0,0.3556205686584685,0.3335517346858978,0.0949885153531672,1202,3719.006655574043,1143.6666666666667,True,kept
manual_s18_cyst_0005,18,scene18,True,455.0,0.3408338367411743,0.33826732635498047,0.07451017159402576,1187,3877.392586352148,1182.3333333333333,True,kept
manual_s18_cyst_0005,18,scene18,True,465.0,0.32311679107589014,0.31391213834285736,0.07556706433299859,1158,4134.480138169258,1154.3333333333333,True,kept
manual_s18_cyst_0005,18,scene18,True,475.0,0.3087686169526018,0.3001078963279724,0.0758227780734709,1118,4212.537567084079,1083.0,True,kept
manual_s18_cyst_0005,18,scene18,True,485.0,0.30035682218599175,0.2885913550853729,0.0670076700998549,973,4033.1644398766703,970.6666666666666,True,kept
manual_s18_cyst_0005,18,scene18,True,495.0,0.31352850319261816,0.29546812176704407,0.07487740446045041,821,3501.8428745432398,741.6666666666666,True,kept
manual_s18_cyst_0005,18,scene18,True,505.0,0.36639033676300137,0.3559989929199219,0.06788218930371143,431,2400.5522041763343,418.0,True,kept
manual_s18_cyst_0006,18,scene18,True,565.0,0.26147015719878963,0.2596057951450348,0.0335274080365979,369,2278.4254742547428,366.6666666666667,True,kept
manual_s18_cyst_0006,18,scene18,True,575.0,0.22895719019234914,0.2227783203125,0.04336781479977431,731,3608.6990424076607,668.6666666666666,True,kept
manual_s18_cyst_0006,18,scene18,True,585.0,0.22712981944315744,0.2190190628170967,0.04644045067294559,906,4512.710816777042,899.0,True,kept
manual_s18_cyst_0006,18,scene18,True,595.0,0.23830316411155575,0.2319481298327446,0.04823985425335036,1060,4708.367924528302,1037.6666666666667,True,kept
manual_s18_cyst_0006,18,scene18,True,605.0,0.2569063961791701,0.2527185082435608,0.046162056800011904,1147,4526.9319965126415,1145.3333333333333,True,kept
manual_s18_cyst_0006,18,scene18,True,615.0,0.2619102951881845,0.25933733582496643,0.042443272039770975,1229,4395.169243287225,1222.3333333333333,True,kept
manual_s18_cyst_0006,18,scene18,True,625.0,0.2547008605958139,0.2540014982223511,0.041493064950283556,1291,4254.1982958946555,1200.0,True,kept
manual_s18_cyst_0006,18,scene18,True,635.0,0.254210203472111,0.2525516450405121,0.04444712588490333,1080,4261.9638888888885,1081.3333333333333,True,kept
manual_s18_cyst_0006,18,scene18,True,645.0,0.2540115011004648,0.24418190121650696,0.05486634915631806,873,4381.711340206186,945.3333333333334,True,kept
manual_s18_cyst_0006,18,scene18,True,655.0,0.2587538434452001,0.2548280656337738,0.05349915689640128,883,4279.361268403171,924.3333333333334,True,kept
manual_s18_cyst_0006,18,scene18,True,665.0,0.2605176113084354,0.2515494227409363,0.043963303435686704,1017,4116.088495575221,1024.6666666666667,True,kept
manual_s18_cyst_0006,18,scene18,True,675.0,0.26590539041582933,0.2562057077884674,0.049383495680499906,1174,4074.7512776831345,1165.3333333333333,True,kept
manual_s18_cyst_0006,18,scene18,True,685.0,0.2624704334585146,0.25770822167396545,0.05495871242709233,1305,4187.816858237548,1255.6666666666667,True,kept
manual_s18_cyst_0006,18,scene18,True,695.0,0.260853196916558,0.2623732388019562,0.052699540977264245,1288,4401.670031055901,1268.0,True,kept
manual_s18_cyst_0006,18,scene18,True,705.0,0.26546120340916657,0.2663438320159912,0.04831830782920801,1211,4430.404624277457,1193.3333333333333,True,kept
manual_s18_cyst_0006,18,scene18,True,715.0,0.2692145229240571,0.27463021874427795,0.04767842261156247,1081,4494.659574468085,1078.6666666666667,True,kept
manual_s18_cyst_0006,18,scene18,True,725.0,0.27170546188697975,0.26790812611579895,0.051223742157223674,944,4402.9300847457625,911.3333333333334,True,kept
manual_s18_cyst_0006,18,scene18,True,735.0,0.280218005201376,0.26746007800102234,0.051530946141816435,709,4300.122708039492,721.3333333333334,True,kept
manual_s18_cyst_0006,18,scene18,True,745.0,0.331449365254251,0.3293069005012512,0.04277315369589942,511,3249.450097847358,463.3333333333333,True,kept
manual_s18_cyst_0007,18,scene18,True,345.0,0.5820814817437628,0.5696440935134888,0.07548858118731533,422,2988.829383886256,398.0,True,kept
manual_s18_cyst_0007,18,scene18,True,355.0,0.4795392210364554,0.47171589732170105,0.05965256937767743,561,3464.1604278074865,549.3333333333334,True,kept
manual_s18_cyst_0007,18,scene18,True,365.0,0.4644765587229478,0.45648476481437683,0.05858829357021806,665,3458.418045112782,666.6666666666666,True,kept
manual_s18_cyst_0007,18,scene18,True,375.0,0.42323038682765124,0.4181012809276581,0.0430482397381188,774,3492.0981912144703,762.3333333333334,True,kept
manual_s18_cyst_0007,18,scene18,True,385.0,0.4007088392621504,0.3979373723268509,0.05443689079301599,848,3402.4834905660377,861.0,True,kept
manual_s18_cyst_0007,18,scene18,True,395.0,0.3827655436965355,0.3660389184951782,0.06058989522035029,961,3313.689906347555,947.0,True,kept
manual_s18_cyst_0007,18,scene18,True,405.0,0.3601104627226212,0.34558114409446716,0.059204454530483466,1032,3322.65503875969,995.6666666666666,True,kept
manual_s18_cyst_0007,18,scene18,True,415.0,0.3401768502724962,0.3194348067045212,0.0718639266290934,994,3388.1006036217304,1047.3333333333333,True,kept
manual_s18_cyst_0007,18,scene18,True,425.0,0.3150146325455985,0.2995341718196869,0.057686509352096765,1116,3359.1272401433694,1082.6666666666667,True,kept
manual_s18_cyst_0007,18,scene18,True,435.0,0.29763494012959185,0.28534258902072906,0.051032981212402136,1138,3432.6300527240774,1125.6666666666667,True,kept
manual_s18_cyst_0007,18,scene18,True,445.0,0.28208850354672754,0.271638959646225,0.04572184394918624,1123,3576.775601068566,1118.0,True,kept
manual_s18_cyst_0007,18,scene18,True,455.0,0.2683739796594426,0.25785014033317566,0.04415303058059493,1093,3677.232387923147,1081.6666666666667,True,kept
manual_s18_cyst_0007,18,scene18,True,465.0,0.2571168316001447,0.2490011751651764,0.04820969461272166,1029,3807.586005830904,1022.6666666666666,True,kept
manual_s18_cyst_0007,18,scene18,True,475.0,0.25033984498670186,0.24463984370231628,0.0395729110523014,946,3706.373150105708,916.0,True,kept
manual_s18_cyst_0007,18,scene18,True,485.0,0.243271023613361,0.2391897588968277,0.04204440930021689,773,3489.2587322121603,736.6666666666666,True,kept
manual_s18_cyst_0007,18,scene18,True,495.0,0.27251390335880327,0.27569419145584106,0.05623203886629272,491,2885.0183299389,452.6666666666667,True,kept
manual_s19_cyst_0001,19,scene19,True,575.0,0.3771158132655463,0.36523181200027466,0.0756102772097808,559,3099.5903398926653,492.6666666666667,True,kept
manual_s19_cyst_0001,19,scene19,True,585.0,0.32949169323394434,0.30403198301792145,0.09305063913799191,764,3923.490837696335,734.0,True,kept
manual_s19_cyst_0001,19,scene19,True,595.0,0.31227621237775977,0.30181393027305603,0.06655889456629616,879,4010.6666666666665,875.3333333333334,True,kept
manual_s19_cyst_0001,19,scene19,True,605.0,0.3240121821299696,0.3155113160610199,0.060012280506241626,983,3680.210579857579,969.0,True,kept
manual_s19_cyst_0001,19,scene19,True,615.0,0.3184535013003783,0.3015694320201874,0.06464871343921443,1045,3616.067942583732,1042.6666666666667,True,kept
manual_s19_cyst_0001,19,scene19,True,625.0,0.2999227998337962,0.2899453192949295,0.05674689809438749,1100,3681.87,1087.3333333333333,True,kept
manual_s19_cyst_0001,19,scene19,True,635.0,0.2961360289779431,0.2819625735282898,0.06757109365682887,1117,3689.9409131602506,1074.3333333333333,True,kept
manual_s19_cyst_0001,19,scene19,True,645.0,0.30109183859102295,0.2770417034626007,0.07659516977923264,1006,3719.4165009940357,1050.6666666666667,True,kept
manual_s19_cyst_0001,19,scene19,True,655.0,0.29761821620955525,0.2779771387577057,0.07428416428471267,1029,3674.038872691934,1016.3333333333334,True,kept
manual_s19_cyst_0001,19,scene19,True,665.0,0.2953457989430522,0.2790144085884094,0.06448577435815045,1014,3578.701183431953,1013.6666666666666,True,kept
manual_s19_cyst_0001,19,scene19,True,675.0,0.301557952258176,0.2881051152944565,0.07111188580808438,998,3521.2164328657313,986.0,True,kept
manual_s19_cyst_0001,19,scene19,True,685.0,0.314207187824219,0.30144090950489044,0.07037814986683937,946,3376.076109936575,963.6666666666666,True,kept
manual_s19_cyst_0001,19,scene19,True,695.0,0.3182864933891306,0.3112808167934418,0.062591269103961,947,3280.3484688489966,953.0,True,kept
manual_s19_cyst_0001,19,scene19,True,705.0,0.32927459765295064,0.32157038152217865,0.06065297658558951,966,3182.5848861283644,951.0,True,kept
manual_s19_cyst_0001,19,scene19,True,715.0,0.35759689788869087,0.3507603406906128,0.07264707802497378,940,3096.493617021277,930.0,True,kept
manual_s19_cyst_0001,19,scene19,True,725.0,0.3743105647891625,0.37736383080482483,0.08170517020544099,884,3146.993212669683,890.0,True,kept
manual_s19_cyst_0001,19,scene19,True,735.0,0.39224340805418384,0.3947797417640686,0.06975045205055536,846,3087.5354609929077,822.0,True,kept
manual_s19_cyst_0001,19,scene19,True,745.0,0.3794731802266577,0.3794005215167999,0.052546869097248254,736,3207.3559782608695,747.0,True,kept
manual_s19_cyst_0001,19,scene19,True,755.0,0.35624372448110797,0.3506506681442261,0.04605272015165736,659,3306.619119878604,640.3333333333334,True,kept
manual_s19_cyst_0001,19,scene19,True,765.0,0.37814135413206124,0.36222025752067566,0.06349327940774185,526,2903.893536121673,441.3333333333333,True,kept
manual_s19_cyst_0002,19,scene19,True,285.0,0.5423008100604111,0.5404879450798035,0.07203802054205583,530,2997.967924528302,467.3333333333333,True,kept
manual_s19_cyst_0002,19,scene19,True,295.0,0.48728720675553044,0.4716298133134842,0.06776623170643982,744,3790.162634408602,721.0,True,kept
manual_s19_cyst_0002,19,scene19,True,305.0,0.4579898675796822,0.4487243890762329,0.06255834233562657,889,4180.841394825647,876.0,True,kept
manual_s19_cyst_0002,19,scene19,True,315.0,0.44465783882380727,0.43881452083587646,0.05017814262302776,995,4238.762814070352,989.6666666666666,True,kept
manual_s19_cyst_0002,19,scene19,True,325.0,0.44546956378743396,0.43233704566955566,0.06371135830425143,1085,4120.833179723502,1082.6666666666667,True,kept
manual_s19_cyst_0002,19,scene19,True,335.0,0.4163608052448867,0.4019560068845749,0.06410486817537242,1168,4087.3707191780823,1141.0,True,kept
manual_s19_cyst_0002,19,scene19,True,345.0,0.3840593720857914,0.3696393519639969,0.061396077059932705,1170,4119.013675213675,1083.6666666666667,True,kept
manual_s19_cyst_0002,19,scene19,True,355.0,0.38632756057078055,0.37758857011795044,0.06592500019125622,913,4076.8105147864185,981.3333333333334,True,kept
manual_s19_cyst_0002,19,scene19,True,365.0,0.3704783612219714,0.3597637414932251,0.06288481477893992,861,4113.738675958188,877.0,True,kept
manual_s19_cyst_0002,19,scene19,True,375.0,0.3555667450784107,0.3444841802120209,0.054458956517009764,857,4094.5414235705953,867.0,True,kept
manual_s19_cyst_0002,19,scene19,True,385.0,0.34572773054664024,0.3339017629623413,0.05682414730965292,883,4228.668176670441,872.3333333333334,True,kept
manual_s19_cyst_0002,19,scene19,True,395.0,0.34179666604392206,0.3280062973499298,0.056154052048978866,877,4255.036488027366,878.6666666666666,True,kept
manual_s19_cyst_0002,19,scene19,True,405.0,0.34479264481222793,0.3382783532142639,0.05792367368021216,876,4194.597031963471,887.6666666666666,True,kept
manual_s19_cyst_0002,19,scene19,True,415.0,0.3267707015295605,0.3151305317878723,0.05891741236539751,910,4246.062637362637,919.3333333333334,True,kept
manual_s19_cyst_0002,19,scene19,True,425.0,0.3033069088411184,0.2921656370162964,0.05129560562135682,972,4272.62962962963,965.6666666666666,True,kept
manual_s19_cyst_0002,19,scene19,True,435.0,0.2940017566305076,0.285056471824646,0.05159541232871698,1015,4295.08275862069,1046.3333333333333,True,kept
manual_s19_cyst_0002,19,scene19,True,445.0,0.288603264062355,0.2809607833623886,0.04469169891619394,1152,4162.746527777777,1121.0,True,kept
manual_s19_cyst_0002,19,scene19,True,455.0,0.2834926921886744,0.2786840498447418,0.046649273827052716,1196,4210.799331103679,1154.0,True,kept
manual_s19_cyst_0002,19,scene19,True,465.0,0.26981109440915246,0.26474253833293915,0.04870984945709378,1114,4381.361759425494,1112.3333333333333,True,kept
manual_s19_cyst_0002,19,scene19,True,475.0,0.25097359683520604,0.24650388956069946,0.03927099972979961,1027,4533.204479065239,1029.6666666666667,True,kept
manual_s19_cyst_0002,19,scene19,True,485.0,0.22901014570256828,0.21853036433458328,0.04458424585703708,948,4522.200421940928,929.3333333333334,True,kept
manual_s19_cyst_0002,19,scene19,True,495.0,0.2184871288903085,0.19872833788394928,0.0583876519561222,813,4308.825338253382,798.0,True,kept
manual_s19_cyst_0002,19,scene19,True,505.0,0.23474580106012063,0.2259417176246643,0.049880844147635384,633,3411.797788309637,585.6666666666666,True,kept
manual_s19_cyst_0002,19,scene19,True,515.0,0.26265129044508245,0.26141661405563354,0.02837056426054188,311,2291.672025723473,314.6666666666667,True,kept
manual_s19_cyst_0004,19,scene19,True,285.0,0.6345178417012661,0.6267819404602051,0.07956036601843898,395,2836.5594936708862,347.3333333333333,True,kept
manual_s19_cyst_0004,19,scene19,True,295.0,0.57569539582997,0.5569332242012024,0.09509436235124646,579,3795.7150259067357,559.6666666666666,True,kept
manual_s19_cyst_0004,19,scene19,True,305.0,0.5486541514278304,0.5268313884735107,0.08519679721730465,705,4028.750354609929,698.0,True,kept
manual_s19_cyst_0004,19,scene19,True,315.0,0.5130416949957977,0.4926297217607498,0.08588121957558549,810,3915.0296296296297,799.6666666666666,True,kept
manual_s19_cyst_0004,19,scene19,True,325.0,0.47469794719871894,0.4675539582967758,0.06507739112402677,884,3836.4468325791854,875.3333333333334,True,kept
manual_s19_cyst_0004,19,scene19,True,335.0,0.46366764662603455,0.45540085434913635,0.07868203450345854,932,3806.0396995708156,930.3333333333334,True,kept
manual_s19_cyst_0004,19,scene19,True,345.0,0.4343527722970033,0.42312315106391907,0.07986858396772376,975,3731.8102564102564,930.3333333333334,True,kept
manual_s19_cyst_0004,19,scene19,True,355.0,0.42237963814001817,0.39889727532863617,0.09374952630732962,884,3696.0463800904977,907.6666666666666,True,kept
manual_s19_cyst_0004,19,scene19,True,365.0,0.39659951227130713,0.38023215532302856,0.07665637779859508,864,3730.453703703704,880.6666666666666,True,kept
manual_s19_cyst_0004,19,scene19,True,375.0,0.35913169714028403,0.35468727350234985,0.04051738489102857,894,3853.539149888143,898.0,True,kept
manual_s19_cyst_0004,19,scene19,True,385.0,0.34566731381620097,0.3432430624961853,0.03671593239912392,936,3808.344017094017,926.0,True,kept
manual_s19_cyst_0004,19,scene19,True,395.0,0.33234182743646423,0.3271584063768387,0.03865880678653986,948,3885.4198312236285,940.0,True,kept
manual_s19_cyst_0004,19,scene19,True,405.0,0.3082022585738928,0.3019022047519684,0.037665549802541796,936,3905.3173076923076,920.3333333333334,True,kept
manual_s19_cyst_0004,19,scene19,True,415.0,0.31502242741454284,0.30840229988098145,0.03951241377572795,877,3746.2508551881415,879.0,True,kept
manual_s19_cyst_0004,19,scene19,True,425.0,0.30116918361158046,0.28919143974781036,0.04142394055314558,824,3918.0,830.6666666666666,True,kept
manual_s19_cyst_0004,19,scene19,True,435.0,0.2891352887061694,0.2829274535179138,0.037475986489206296,791,3916.7256637168143,771.3333333333334,True,kept
manual_s19_cyst_0004,19,scene19,True,445.0,0.2736908281182015,0.26426950097084045,0.05377298843820666,699,4066.9384835479254,690.6666666666666,True,kept
manual_s19_cyst_0004,19,scene19,True,455.0,0.2556884804183675,0.24507803469896317,0.042885520875210754,582,3842.3298969072166,557.0,True,kept
manual_s19_cyst_0004,19,scene19,True,465.0,0.28493836266108047,0.284299299120903,0.027449937357000617,390,2516.1717948717946,332.3333333333333,True,kept
manual_s19_cyst_0005,19,scene19,True,575.0,0.32493396161275134,0.32043972611427307,0.053292252708503934,592,2695.0945945945946,493.3333333333333,True,kept
manual_s19_cyst_0005,19,scene19,True,585.0,0.26522156257015556,0.24243231117725372,0.06161744288215509,804,4188.813432835821,785.0,True,kept
manual_s19_cyst_0005,19,scene19,True,595.0,0.2642805072108946,0.25046876072883606,0.057350148590828806,959,4492.809176225234,953.0,True,kept
manual_s19_cyst_0005,19,scene19,True,605.0,0.2782630206758741,0.27496030926704407,0.05561601709003562,1096,4467.948905109489,1078.6666666666667,True,kept
manual_s19_cyst_0005,19,scene19,True,615.0,0.2883858793777091,0.28506749868392944,0.05077113077854424,1181,4277.861134631668,1171.6666666666667,True,kept
manual_s19_cyst_0005,19,scene19,True,625.0,0.28686062653394045,0.2738519459962845,0.05082709454915521,1238,4083.723747980614,1228.3333333333333,True,kept
manual_s19_cyst_0005,19,scene19,True,635.0,0.2887900286423275,0.28144194185733795,0.04872467867876298,1266,3900.7788309636653,1149.3333333333333,True,kept
manual_s19_cyst_0005,19,scene19,True,645.0,0.29804010698729655,0.3006104826927185,0.061554310408860606,944,3938.6408898305085,1035.3333333333333,True,kept
manual_s19_cyst_0005,19,scene19,True,655.0,0.2920870692635487,0.2862159311771393,0.06234085686660804,896,4025.0613839285716,940.6666666666666,True,kept
manual_s19_cyst_0005,19,scene19,True,665.0,0.29081957266796876,0.2813590168952942,0.05714119097866796,982,3981.7902240325866,1007.6666666666666,True,kept
manual_s19_cyst_0005,19,scene19,True,675.0,0.29077714252159587,0.28593090176582336,0.04231139194931999,1145,3984.4585152838426,1135.3333333333333,True,kept
manual_s19_cyst_0005,19,scene19,True,685.0,0.292384708389069,0.2851729691028595,0.04485096209975141,1279,4061.3854573885847,1213.0,True,kept
manual_s19_cyst_0005,19,scene19,True,695.0,0.29124196702806054,0.2877809405326843,0.04072655476888056,1215,4178.469958847737,1207.6666666666667,True,kept
manual_s19_cyst_0005,19,scene19,True,705.0,0.2990222719916208,0.2916903793811798,0.03705761168133448,1129,4266.689105403011,1119.6666666666667,True,kept
manual_s19_cyst_0005,19,scene19,True,715.0,0.3016827101484308,0.29385051131248474,0.04988063551709336,1015,4235.327093596059,1009.0,True,kept
manual_s19_cyst_0005,19,scene19,True,725.0,0.3027125485452358,0.30057084560394287,0.05574710586190453,883,4052.6228765571914,869.6666666666666,True,kept
manual_s19_cyst_0005,19,scene19,True,735.0,0.3121409740209915,0.3053862154483795,0.044623150261226104,711,3697.434599156118,679.6666666666666,True,kept
manual_s19_cyst_0005,19,scene19,True,745.0,0.35834253122297566,0.3582732081413269,0.04829613326477953,445,2769.6359550561797,409.6666666666667,True,kept
manual_s20_cyst_0001,20,scene20,True,435.0,0.34529968461720273,0.3339519500732422,0.054847033348612045,512,3615.876953125,478.0,True,kept
manual_s20_cyst_0001,20,scene20,True,445.0,0.3164692574864501,0.3011278212070465,0.07002096152209811,715,4009.7034965034964,707.3333333333334,True,kept
manual_s20_cyst_0001,20,scene20,True,455.0,0.2990330699102839,0.29188522696495056,0.07429818065757908,895,4306.111731843575,877.3333333333334,True,kept
manual_s20_cyst_0001,20,scene20,True,465.0,0.2989926272729838,0.28694093227386475,0.07305970981039538,1022,4275.2896281800395,1014.6666666666666,True,kept
manual_s20_cyst_0001,20,scene20,True,475.0,0.28395719625247506,0.2841048240661621,0.07167133434736275,1127,4332.7471162378,1116.3333333333333,True,kept
manual_s20_cyst_0001,20,scene20,True,485.0,0.2772908875346184,0.2696530222892761,0.06457620132799928,1200,4355.854166666667,1175.0,True,kept
manual_s20_cyst_0001,20,scene20,True,495.0,0.2786928961218299,0.2699018716812134,0.061828694642814715,1198,4273.672787979966,1141.3333333333333,True,kept
manual_s20_cyst_0001,20,scene20,True,505.0,0.28075038702690114,0.2533947825431824,0.084501629691261,1026,4235.8986354775825,1043.3333333333333,True,kept
manual_s20_cyst_0001,20,scene20,True,515.0,0.28332229284261234,0.2551433593034744,0.09248286374920751,906,4241.043046357616,930.0,True,kept
manual_s20_cyst_0001,20,scene20,True,525.0,0.28013909064528547,0.2762041687965393,0.08789253941277214,858,4311.068764568765,884.0,True,kept
manual_s20_cyst_0001,20,scene20,True,535.0,0.2752414482838667,0.2692400813102722,0.08087286229884381,888,4248.902027027027,957.0,True,kept
manual_s20_cyst_0001,20,scene20,True,545.0,0.26377193575435215,0.25465014576911926,0.064110313169785,1125,4236.303111111111,1112.3333333333333,True,kept
manual_s20_cyst_0001,20,scene20,True,555.0,0.27016702558834027,0.2501230537891388,0.07611219487357139,1324,4223.256042296072,1241.6666666666667,True,kept
manual_s20_cyst_0001,20,scene20,True,565.0,0.2784397152360517,0.25824564695358276,0.0700705206689172,1276,4249.954545454545,1273.0,True,kept
manual_s20_cyst_0001,20,scene20,True,575.0,0.28351726183107,0.2825334966182709,0.07697843567313928,1219,4388.8490566037735,1219.6666666666667,True,kept
manual_s20_cyst_0001,20,scene20,True,585.0,0.27290454541438636,0.259053498506546,0.08448261780351304,1164,4453.244845360825,1146.3333333333333,True,kept
manual_s20_cyst_0001,20,scene20,True,595.0,0.25723355163283873,0.2300386056303978,0.09275421994849699,1056,4558.808712121212,1034.6666666666667,True,kept
manual_s20_cyst_0001,20,scene20,True,605.0,0.26008924260330957,0.22379301488399506,0.09312721233813732,884,3864.5361990950228,812.0,True,kept
manual_s20_cyst_0001,20,scene20,True,615.0,0.28027951978747884,0.2562767118215561,0.07334303829290655,496,2549.483870967742,460.0,True,kept
manual_s20_cyst_0002,20,scene20,True,275.0,0.5270882380163803,0.5167181491851807,0.0626450929105888,538,3984.4869888475837,507.0,True,kept
manual_s20_cyst_0002,20,scene20,True,285.0,0.48939635899427125,0.4847329556941986,0.054181300289205474,695,4318.087769784172,682.6666666666666,True,kept
manual_s20_cyst_0002,20,scene20,True,295.0,0.48814705434752387,0.473516583442688,0.06948394095938705,815,4181.511656441718,805.6666666666666,True,kept
manual_s20_cyst_0002,20,scene20,True,305.0,0.4359263958781136,0.4293542206287384,0.05255686031992721,907,4175.686879823595,897.0,True,kept
manual_s20_cyst_0002,20,scene20,True,315.0,0.3992480794957794,0.3904268443584442,0.04950246500285332,969,4061.9463364293088,966.3333333333334,True,kept
manual_s20_cyst_0002,20,scene20,True,325.0,0.3664202707021234,0.3550835847854614,0.04865016574123318,1023,3991.289345063539,988.6666666666666,True,kept
manual_s20_cyst_0002,20,scene20,True,335.0,0.34347637453607954,0.3318456560373306,0.04826290878306586,974,4003.522587268994,963.0,True,kept
manual_s20_cyst_0002,20,scene20,True,345.0,0.32328380169889853,0.3173086792230606,0.049172415088842215,892,4136.479820627803,923.3333333333334,True,kept
manual_s20_cyst_0002,20,scene20,True,355.0,0.3045233109619765,0.29696589708328247,0.04087875213515802,904,4219.33296460177,904.0,True,kept
manual_s20_cyst_0002,20,scene20,True,365.0,0.2856800603847056,0.27618108689785004,0.04117839234788191,916,4202.085152838428,904.3333333333334,True,kept
manual_s20_cyst_0002,20,scene20,True,375.0,0.2642042935562027,0.25805288553237915,0.035176037931062276,893,4223.754759238522,897.3333333333334,True,kept
manual_s20_cyst_0002,20,scene20,True,385.0,0.2473140459334729,0.24456752836704254,0.03482455103508263,883,4315.578708946772,896.0,True,kept
manual_s20_cyst_0002,20,scene20,True,395.0,0.2350247699865385,0.23436839133501053,0.03275158175734095,912,4247.185307017544,915.0,True,kept
manual_s20_cyst_0002,20,scene20,True,405.0,0.22582790109672043,0.22839004546403885,0.03466083755997515,950,4315.183157894737,926.0,True,kept
manual_s20_cyst_0002,20,scene20,True,415.0,0.21701050136547423,0.22016796469688416,0.03372201389331697,916,4398.338427947599,913.3333333333334,True,kept
manual_s20_cyst_0002,20,scene20,True,425.0,0.20719069754811392,0.21066664159297943,0.03141982516363846,874,4478.599542334096,868.6666666666666,True,kept
manual_s20_cyst_0002,20,scene20,True,435.0,0.19418090083362424,0.19511272013187408,0.03481201086824744,816,4728.479166666667,804.0,True,kept
manual_s20_cyst_0002,20,scene20,True,445.0,0.1850108156842373,0.1805168017745018,0.03336927089792763,722,4647.487534626039,712.6666666666666,True,kept
manual_s20_cyst_0002,20,scene20,True,455.0,0.18381821241229773,0.16836436092853546,0.04543214001877636,600,4387.888333333333,585.3333333333334,True,kept
manual_s20_cyst_0002,20,scene20,True,465.0,0.2071418295601546,0.20571386069059372,0.033682731583949764,434,3218.9193548387098,373.0,True,kept
manual_s20_cyst_0003,20,scene20,True,315.0,0.6690301540900361,0.6613923907279968,0.08298669120594918,440,2682.765909090909,377.6666666666667,True,kept
manual_s20_cyst_0003,20,scene20,True,325.0,0.5333211993286183,0.5253157019615173,0.0814830713142142,687,4081.145560407569,657.0,True,kept
manual_s20_cyst_0003,20,scene20,True,335.0,0.4667668790684492,0.44057483971118927,0.0867749582908985,844,4711.15047393365,825.6666666666666,True,kept
manual_s20_cyst_0003,20,scene20,True,345.0,0.4404374395377036,0.4292246848344803,0.06326146238473881,946,4581.542283298098,944.6666666666666,True,kept
manual_s20_cyst_0003,20,scene20,True,355.0,0.4352805299605903,0.408303901553154,0.09734796987815411,1044,4464.209770114942,1037.0,True,kept
manual_s20_cyst_0003,20,scene20,True,365.0,0.40607096686839633,0.3830837905406952,0.08125738921837929,1121,4367.223907225692,1118.0,True,kept
manual_s20_cyst_0003,20,scene20,True,375.0,0.373631177628311,0.3486473858356476,0.0713661842937026,1189,4316.182506307821,1096.6666666666667,True,kept
manual_s20_cyst_0003,20,scene20,True,385.0,0.3603966304690254,0.3442911356687546,0.06616664304362938,980,4355.788775510204,1006.0,True,kept
manual_s20_cyst_0003,20,scene20,True,395.0,0.34875976528590646,0.3404967188835144,0.05910736322981415,849,4391.173144876325,898.0,True,kept
manual_s20_cyst_0003,20,scene20,True,405.0,0.3211712901302845,0.3143731951713562,0.05149909037093788,865,4399.065895953757,864.3333333333334,True,kept
manual_s20_cyst_0003,20,scene20,True,415.0,0.2963685772728188,0.28766438364982605,0.047921583957556635,879,4426.935153583618,877.3333333333334,True,kept
manual_s20_cyst_0003,20,scene20,True,425.0,0.2824456425098417,0.2756289094686508,0.04840820820254564,888,4427.094594594595,888.0,True,kept
manual_s20_cyst_0003,20,scene20,True,435.0,0.27146187741953126,0.2651689350605011,0.03427904598975592,897,4391.810479375697,928.0,True,kept
manual_s20_cyst_0003,20,scene20,True,445.0,0.24876934661342576,0.24680311977863312,0.03517609730738239,999,4437.677677677678,1130.3333333333333,True,kept
manual_s20_cyst_0003,20,scene20,True,455.0,0.26293701353081095,0.2507894039154053,0.05446219412221717,1495,3888.1003344481605,1404.0,True,kept
manual_s20_cyst_0003,20,scene20,True,465.0,0.24050821565152325,0.23430707305669785,0.05479701097272118,1718,4367.027357392317,1699.0,True,kept
manual_s20_cyst_0003,20,scene20,True,475.0,0.23882719637893315,0.23028796166181564,0.07053144744932908,1884,4727.022292993631,1848.0,True,kept
manual_s20_cyst_0003,20,scene20,True,485.0,0.22939527407672206,0.21618451923131943,0.054708274785515223,1942,4900.201338825953,1926.3333333333333,True,kept
manual_s20_cyst_0003,20,scene20,True,495.0,0.2364913875468865,0.21936176717281342,0.05362424831911168,1953,4767.233998975935,1935.6666666666667,True,kept
manual_s20_cyst_0003,20,scene20,True,505.0,0.23552671444668555,0.22328772395849228,0.05444458483924776,1912,4647.1281380753135,1870.0,True,kept
manual_s20_cyst_0003,20,scene20,True,515.0,0.23626706834167327,0.22417543828487396,0.057378582699425244,1745,4542.171346704871,1654.6666666666667,True,kept
manual_s20_cyst_0003,20,scene20,True,525.0,0.23354534372721542,0.22673197090625763,0.061485654377270806,1307,4426.276205049732,1369.6666666666667,True,kept
manual_s20_cyst_0003,20,scene20,True,535.0,0.2336507953752745,0.2187081128358841,0.06570071124070301,1057,4435.129612109745,1144.0,True,kept
manual_s20_cyst_0003,20,scene20,True,545.0,0.23247439982125376,0.21432504057884216,0.05992367419963661,1068,4478.364232209738,1100.0,True,kept
manual_s20_cyst_0003,20,scene20,True,555.0,0.22756085340646987,0.20942948758602142,0.0699508271229884,1175,4636.9906382978725,1159.0,True,kept
manual_s20_cyst_0003,20,scene20,True,565.0,0.22638541447357963,0.2119530811905861,0.06302750242376336,1234,4547.985413290114,1213.0,True,kept
manual_s20_cyst_0003,20,scene20,True,575.0,0.2204802304748597,0.2161964625120163,0.06306405665593828,1230,4623.672357723577,1266.0,True,kept
manual_s20_cyst_0003,20,scene20,True,585.0,0.22145946987386586,0.2171306610107422,0.06210686532471999,1334,4439.890554722639,1352.6666666666667,True,kept
manual_s20_cyst_0003,20,scene20,True,595.0,0.22252103543205753,0.21939757466316223,0.060870491582155704,1494,4442.024096385542,1430.3333333333333,True,kept
manual_s20_cyst_0003,20,scene20,True,605.0,0.22406418214635496,0.22718805074691772,0.058532670710387,1463,4439.169514695831,1417.3333333333333,True,kept
manual_s20_cyst_0003,20,scene20,True,615.0,0.22832359910931826,0.22603517770767212,0.06428724000516844,1295,4492.618532818533,1278.3333333333333,True,kept
manual_s20_cyst_0003,20,scene20,True,625.0,0.22972901832371148,0.21937425434589386,0.06774795960919597,1077,4577.838440111421,1122.6666666666667,True,kept
manual_s20_cyst_0003,20,scene20,True,635.0,0.22180780350234375,0.20681361854076385,0.07819551002228416,996,4471.95281124498,984.0,True,kept
manual_s20_cyst_0003,20,scene20,True,645.0,0.22870769973026336,0.20325756072998047,0.07387690436777795,879,3940.6427758816835,822.0,True,kept
manual_s20_cyst_0003,20,scene20,True,655.0,0.25920107670746073,0.2424212396144867,0.06265892376020225,591,3227.8037225042303,546.0,True,kept
manual_s20_cyst_0004,20,scene20,True,535.0,0.19464936124330218,0.1941310316324234,0.0354079822195478,440,3325.556818181818,410.3333333333333,True,kept
manual_s20_cyst_0004,20,scene20,True,545.0,0.1719811976765571,0.16708020865917206,0.03610589949258776,681,4206.904552129222,646.3333333333334,True,kept
manual_s20_cyst_0004,20,scene20,True,555.0,0.1680051865088036,0.16765578836202621,0.02885413260842865,818,4580.902200488998,812.6666666666666,True,kept
manual_s20_cyst_0004,20,scene20,True,565.0,0.1704695540320632,0.17343075573444366,0.030898036555230865,939,4748.404685835996,931.0,True,kept
manual_s20_cyst_0004,20,scene20,True,575.0,0.17479694317522887,0.17647989094257355,0.02582723049298909,1036,4829.184362934363,1019.6666666666666,True,kept
manual_s20_cyst_0004,20,scene20,True,585.0,0.17856226829860045,0.18389030545949936,0.028325401810612955,1084,4941.682656826568,1089.6666666666667,True,kept
manual_s20_cyst_0004,20,scene20,True,595.0,0.17764279550448825,0.18082529306411743,0.029630267416275113,1149,5010.281114012185,1095.3333333333333,True,kept
manual_s20_cyst_0004,20,scene20,True,605.0,0.17821420876332272,0.18157128989696503,0.028216946805465045,1053,4941.534662867996,1063.6666666666667,True,kept
manual_s20_cyst_0004,20,scene20,True,615.0,0.17890973665626272,0.18478688597679138,0.02756405565034319,989,4839.88675429727,1021.0,True,kept
manual_s20_cyst_0004,20,scene20,True,625.0,0.17525701399940002,0.1788093000650406,0.02633649147251607,1021,4943.011753183154,1027.6666666666667,True,kept
manual_s20_cyst_0004,20,scene20,True,635.0,0.17141976309566995,0.1768566220998764,0.02570930149119547,1073,5151.677539608574,1066.3333333333333,True,kept
manual_s20_cyst_0004,20,scene20,True,645.0,0.17881617464496,0.18264000117778778,0.025564196496119383,1105,4945.874208144796,1111.6666666666667,True,kept
manual_s20_cyst_0004,20,scene20,True,655.0,0.18238118952244856,0.18794846534729004,0.02478240627664699,1157,4859.163353500432,1139.6666666666667,True,kept
manual_s20_cyst_0004,20,scene20,True,665.0,0.18391232839692948,0.18766048550605774,0.02234469979013755,1157,4847.115816767502,1154.3333333333333,True,kept
manual_s20_cyst_0004,20,scene20,True,675.0,0.1845668486479161,0.18882471323013306,0.024061399224830502,1149,4888.891209747607,1140.3333333333333,True,kept
manual_s20_cyst_0004,20,scene20,True,685.0,0.1833083651458736,0.18615193665027618,0.02867702092796764,1115,5126.281614349776,1106.6666666666667,True,kept
manual_s20_cyst_0004,20,scene20,True,695.0,0.19022832898366632,0.19068332761526108,0.02842996973616217,1056,5113.642045454545,1089.0,True,kept
manual_s20_cyst_0004,20,scene20,True,705.0,0.19267934620597937,0.1918954774737358,0.029936610262602963,1096,5090.671532846715,1091.3333333333333,True,kept
manual_s20_cyst_0004,20,scene20,True,715.0,0.19677895063172474,0.19416822493076324,0.03044342811936684,1122,4908.811051693405,1120.6666666666667,True,kept
manual_s20_cyst_0004,20,scene20,True,725.0,0.19915722038310307,0.19894596934318542,0.031098883074134376,1144,4708.055944055944,1132.3333333333333,True,kept
manual_s20_cyst_0004,20,scene20,True,735.0,0.2028281600284534,0.19989047944545746,0.028101905841330623,1131,4562.242263483643,1122.3333333333333,True,kept
manual_s20_cyst_0004,20,scene20,True,745.0,0.21124436107256037,0.2111860290169716,0.029340416286476594,1092,4460.996336996337,1113.6666666666667,True,kept
manual_s20_cyst_0004,20,scene20,True,755.0,0.21779755921451266,0.21688991785049438,0.029246599541669357,1118,4448.360465116279,1126.0,True,kept
manual_s20_cyst_0004,20,scene20,True,765.0,0.22129339472173828,0.22328981012105942,0.030852833045555014,1168,4538.4631849315065,1185.3333333333333,True,kept
manual_s20_cyst_0004,20,scene20,True,775.0,0.22819493065668842,0.22581572085618973,0.031152516603777148,1270,4493.851181102362,1218.6666666666667,True,kept
manual_s20_cyst_0004,20,scene20,True,785.0,0.23450084644781152,0.23620525002479553,0.035068559535886196,1218,4481.820197044335,1204.0,True,kept
manual_s20_cyst_0004,20,scene20,True,795.0,0.23489969552517787,0.23452997207641602,0.04668318217793066,1124,4613.5791814946615,1110.3333333333333,True,kept
manual_s20_cyst_0004,20,scene20,True,805.0,0.24708147512709286,0.2417776882648468,0.04682820870325676,989,4489.5267947421635,1000.0,True,kept
manual_s20_cyst_0004,20,scene20,True,815.0,0.26139562352735807,0.25002801418304443,0.04496691950896208,887,4398.281848928974,868.0,True,kept
manual_s20_cyst_0004,20,scene20,True,825.0,0.29438055732420515,0.2838296890258789,0.06751708086810933,728,4055.3035714285716,676.6666666666666,True,kept
manual_s20_cyst_0004,20,scene20,True,835.0,0.3859816668622465,0.394818514585495,0.07529951254489117,415,2876.790361445783,391.3333333333333,True,kept
manual_s20_cyst_0005,20,scene20,True,425.0,0.2969201978499239,0.2781212478876114,0.0657303171991809,550,3489.62,507.3333333333333,True,kept
manual_s20_cyst_0005,20,scene20,True,435.0,0.26046399941631393,0.25001630187034607,0.06596672052633017,765,4119.397385620915,741.3333333333334,True,kept
manual_s20_cyst_0005,20,scene20,True,445.0,0.25336259649400533,0.2517092823982239,0.0633459524183733,909,4309.430143014301,896.6666666666666,True,kept
manual_s20_cyst_0005,20,scene20,True,455.0,0.2452007288655897,0.2473234087228775,0.05329478423485705,1016,4381.299212598426,1006.0,True,kept
manual_s20_cyst_0005,20,scene20,True,465.0,0.23541729189012428,0.2375757396221161,0.05484790785659905,1093,4496.886550777676,1086.6666666666667,True,kept
manual_s20_cyst_0005,20,scene20,True,475.0,0.23985702253806912,0.22602257132530212,0.05360022511541711,1151,4289.969591659426,1121.6666666666667,True,kept
manual_s20_cyst_0005,20,scene20,True,485.0,0.22881012370711878,0.2164892703294754,0.04940383498699653,1121,4344.843889384478,1070.0,True,kept
manual_s20_cyst_0005,20,scene20,True,495.0,0.22591196316709397,0.2111840471625328,0.05550255386804413,938,4485.706823027718,980.3333333333334,True,kept
manual_s20_cyst_0005,20,scene20,True,505.0,0.2254301858157798,0.22269003093242645,0.053599437990421536,882,4528.861678004535,894.6666666666666,True,kept
manual_s20_cyst_0005,20,scene20,True,515.0,0.22579698000724116,0.21510513126850128,0.05167578705941549,864,4496.847222222223,892.3333333333334,True,kept
manual_s20_cyst_0005,20,scene20,True,525.0,0.21790908259428662,0.20765849947929382,0.04773266695564369,931,4498.411385606874,926.6666666666666,True,kept
manual_s20_cyst_0005,20,scene20,True,535.0,0.21207049508687809,0.20851536095142365,0.04321641794778464,985,4385.944162436548,964.6666666666666,True,kept
manual_s20_cyst_0005,20,scene20,True,545.0,0.2150193992278449,0.2095440998673439,0.04884595579666164,978,4332.891615541922,1060.6666666666667,True,kept
manual_s20_cyst_0005,20,scene20,True,555.0,0.2119883647993806,0.20968559384346008,0.04465346333884984,1219,4366.318293683347,1145.0,True,kept
manual_s20_cyst_0005,20,scene20,True,565.0,0.2072722662920328,0.20587623864412308,0.0456437057497519,1238,4654.373990306946,1212.0,True,kept
manual_s20_cyst_0005,20,scene20,True,575.0,0.21231519801193016,0.20856188237667084,0.03891966749011277,1179,4785.971162001696,1198.3333333333333,True,kept
manual_s20_cyst_0005,20,scene20,True,585.0,0.20530614203730746,0.1976194605231285,0.047853251831569125,1178,5110.290322580645,1166.6666666666667,True,kept
manual_s20_cyst_0005,20,scene20,True,595.0,0.20030764240057763,0.18032941222190857,0.056301580041277596,1143,5151.527559055118,1124.3333333333333,True,kept
manual_s20_cyst_0005,20,scene20,True,605.0,0.19788288344193547,0.1771102175116539,0.05264919655691012,1052,4843.427756653992,1048.3333333333333,True,kept
manual_s20_cyst_0005,20,scene20,True,615.0,0.23633048277152213,0.22417712211608887,0.056654537569000955,950,3632.9442105263156,788.3333333333334,True,kept
manual_s20_cyst_0005,20,scene20,True,625.0,0.3150408251554841,0.3101577162742615,0.050215100812344045,363,2394.3608815426996,437.6666666666667,True,kept
manual_s21_cyst_0001,21,scene21,True,275.0,0.7420573681047111,0.7474997043609619,0.09497854380610699,546,2617.893772893773,475.6666666666667,True,kept
manual_s21_cyst_0001,21,scene21,True,285.0,0.5960918608630634,0.5674074292182922,0.1204397347497695,794,3536.44080604534,755.6666666666666,True,kept
manual_s21_cyst_0001,21,scene21,True,295.0,0.5202476855170508,0.48657625913619995,0.10462475207150448,927,3914.4789644012944,921.0,True,kept
manual_s21_cyst_0001,21,scene21,True,305.0,0.4902234735278388,0.4680537283420563,0.09585616086180135,1042,3833.106525911708,1031.3333333333333,True,kept
manual_s21_cyst_0001,21,scene21,True,315.0,0.4353138629595439,0.41523095965385437,0.0794640703828022,1125,3872.9146666666666,1114.3333333333333,True,kept
manual_s21_cyst_0001,21,scene21,True,325.0,0.39624563941643354,0.37537747621536255,0.06605983643893538,1176,3890.8503401360545,1162.0,True,kept
manual_s21_cyst_0001,21,scene21,True,335.0,0.37080686902195087,0.35310497879981995,0.06891953170741187,1185,3919.7679324894516,1076.6666666666667,True,kept
manual_s21_cyst_0001,21,scene21,True,345.0,0.38035023452497596,0.3480507731437683,0.09122934281246126,869,3921.56501726122,971.3333333333334,True,kept
manual_s21_cyst_0001,21,scene21,True,355.0,0.36191129691379015,0.3406336307525635,0.08539948516470727,860,3979.0418604651163,872.0,True,kept
manual_s21_cyst_0001,21,scene21,True,365.0,0.3368471133971026,0.3187302350997925,0.05601360866591774,887,3971.536640360767,881.3333333333334,True,kept
manual_s21_cyst_0001,21,scene21,True,375.0,0.3289967747436319,0.3198765516281128,0.048087108823622174,897,4005.494983277592,894.3333333333334,True,kept
manual_s21_cyst_0001,21,scene21,True,385.0,0.3188114337647982,0.3111916780471802,0.0436441970831967,899,3976.2591768631814,905.6666666666666,True,kept
manual_s21_cyst_0001,21,scene21,True,395.0,0.30782504572283304,0.30005133152008057,0.04408040158292984,921,4017.14549402823,918.6666666666666,True,kept
manual_s21_cyst_0001,21,scene21,True,405.0,0.29555533490438235,0.287593737244606,0.0399092041291841,936,4084.5801282051284,934.0,True,kept
manual_s21_cyst_0001,21,scene21,True,415.0,0.2908340661456345,0.2853497266769409,0.03486031795204813,945,4107.5026455026455,943.0,True,kept
manual_s21_cyst_0001,21,scene21,True,425.0,0.2904708216336206,0.28470420837402344,0.03466391401680733,948,4025.603375527426,946.6666666666666,True,kept
manual_s21_cyst_0001,21,scene21,True,435.0,0.27608454836396756,0.27227646112442017,0.03344877313599395,947,4075.9577613516367,936.0,True,kept
manual_s21_cyst_0001,21,scene21,True,445.0,0.2699080035008841,0.26695477962493896,0.03648964581521834,913,4209.38882803943,919.3333333333334,True,kept
manual_s21_cyst_0001,21,scene21,True,455.0,0.27024595864233303,0.2661164402961731,0.0331562175704157,898,4226.067928730512,897.0,True,kept
manual_s21_cyst_0001,21,scene21,True,465.0,0.2666205132380128,0.2560614347457886,0.037201375751644006,880,4267.588636363636,894.6666666666666,True,kept
manual_s21_cyst_0001,21,scene21,True,475.0,0.26112762595183536,0.25041893124580383,0.03943783612823599,906,4272.546357615894,898.0,True,kept
manual_s21_cyst_0001,21,scene21,True,485.0,0.2621603619126759,0.2505301535129547,0.04183645208641264,908,4308.875550660793,913.3333333333334,True,kept
manual_s21_cyst_0001,21,scene21,True,495.0,0.2580664664603464,0.2500297874212265,0.04520351881108004,926,4368.965442764579,922.3333333333334,True,kept
manual_s21_cyst_0001,21,scene21,True,505.0,0.2660182548042023,0.24826598167419434,0.0559465827593956,933,4238.918542336549,939.3333333333334,True,kept
manual_s21_cyst_0001,21,scene21,True,515.0,0.2573747832223198,0.244981050491333,0.050572863085803145,959,4324.745568300313,947.3333333333334,True,kept
manual_s21_cyst_0001,21,scene21,True,525.0,0.26543234765529633,0.25315193831920624,0.04695374956445872,950,4188.012631578948,935.6666666666666,True,kept
manual_s21_cyst_0001,21,scene21,True,535.0,0.26083953713454755,0.24516096711158752,0.04489970900338602,898,4175.403118040089,897.0,True,kept
manual_s21_cyst_0001,21,scene21,True,545.0,0.2619780313007065,0.2532917857170105,0.04403708254607235,843,4088.4744958481615,836.3333333333334,True,kept
manual_s21_cyst_0001,21,scene21,True,555.0,0.2569549474671173,0.2589130848646164,0.048770339962437785,768,4197.290364583333,772.6666666666666,True,kept
manual_s21_cyst_0001,21,scene21,True,565.0,0.2634273811310656,0.26736682653427124,0.04680034805305945,707,3901.7256011315417,689.6666666666666,True,kept
manual_s21_cyst_0001,21,scene21,True,575.0,0.2634961185130206,0.25814707577228546,0.03845125524560854,594,3727.0117845117843,581.3333333333334,True,kept
manual_s21_cyst_0001,21,scene21,True,585.0,0.3180792411078718,0.3130650222301483,0.04749745811879042,443,2930.6185101580136,395.6666666666667,True,kept
manual_s21_cyst_0002,21,scene21,True,525.0,0.5474136525360995,0.5325902998447418,0.0785491266639713,378,2473.978835978836,340.3333333333333,True,kept
manual_s21_cyst_0002,21,scene21,True,535.0,0.4992777257435541,0.4870959520339966,0.08476751600985116,619,3295.9660743134086,607.6666666666666,True,kept
manual_s21_cyst_0002,21,scene21,True,545.0,0.45832180662969124,0.4427647888660431,0.08163230791735296,826,3698.03995157385,796.0,True,kept
manual_s21_cyst_0002,21,scene21,True,555.0,0.4383231734230814,0.41910192370414734,0.0827061823275768,943,3901.8568398727466,939.3333333333334,True,kept
manual_s21_cyst_0002,21,scene21,True,565.0,0.40522994784313343,0.399484783411026,0.07694370039653765,1049,3927.69590085796,1036.6666666666667,True,kept
manual_s21_cyst_0002,21,scene21,True,575.0,0.3875509360555246,0.3793962001800537,0.06903157027088289,1118,3858.3774597495526,1113.0,True,kept
manual_s21_cyst_0002,21,scene21,True,585.0,0.35614149086813063,0.3498990386724472,0.05916131654214573,1172,3936.1493174061434,1102.6666666666667,True,kept
manual_s21_cyst_0002,21,scene21,True,595.0,0.3416221934152961,0.3374958634376526,0.05465591414243165,1018,3958.9616895874265,1014.6666666666666,True,kept
manual_s21_cyst_0002,21,scene21,True,605.0,0.34555383202831413,0.3311140537261963,0.07216694806461178,854,3941.0971896955502,915.6666666666666,True,kept
manual_s21_cyst_0002,21,scene21,True,615.0,0.34547682569708144,0.32905662059783936,0.06372388139351086,875,3908.897142857143,869.0,True,kept
manual_s21_cyst_0002,21,scene21,True,625.0,0.3504584216446974,0.33467064797878265,0.058686699107577726,878,3850.976082004556,873.0,True,kept
manual_s21_cyst_0002,21,scene21,True,635.0,0.34764642091188364,0.3289489597082138,0.06891101072821913,866,3913.3706697459584,865.6666666666666,True,kept
manual_s21_cyst_0002,21,scene21,True,645.0,0.33873746683002215,0.322862446308136,0.06347527907536758,853,3927.778429073857,856.3333333333334,True,kept
manual_s21_cyst_0002,21,scene21,True,655.0,0.3335746595263481,0.3249562531709671,0.06412831376781877,850,3941.211764705882,850.3333333333334,True,kept
manual_s21_cyst_0002,21,scene21,True,665.0,0.3323602515430945,0.3231630027294159,0.06387478953051275,848,3953.132075471698,847.0,True,kept
manual_s21_cyst_0002,21,scene21,True,675.0,0.3290017449063904,0.31463488936424255,0.05740786076865655,843,4006.032028469751,850.0,True,kept
manual_s21_cyst_0002,21,scene21,True,685.0,0.32364467206184466,0.3146951496601105,0.059164914700564133,859,3971.4691501746215,855.6666666666666,True,kept
manual_s21_cyst_0002,21,scene21,True,695.0,0.32217735172696194,0.3138035237789154,0.058559044640309185,865,3999.98612716763,864.6666666666666,True,kept
manual_s21_cyst_0002,21,scene21,True,705.0,0.31964352780032435,0.3167312443256378,0.059539243536727605,870,4013.464367816092,865.3333333333334,True,kept
manual_s21_cyst_0002,21,scene21,True,715.0,0.3122786536345499,0.3067484200000763,0.0538624721318622,861,4032.1521486643437,864.3333333333334,True,kept
manual_s21_cyst_0002,21,scene21,True,725.0,0.3107864632683951,0.3000212013721466,0.058264910842048274,862,4033.937354988399,864.3333333333334,True,kept
manual_s21_cyst_0002,21,scene21,True,735.0,0.3095769970238894,0.29831463098526,0.056495473101219724,870,4040.7436781609194,869.6666666666666,True,kept
manual_s21_cyst_0002,21,scene21,True,745.0,0.3032843069074635,0.29962658882141113,0.050861914264639284,877,4076.2770809578105,877.6666666666666,True,kept
manual_s21_cyst_0002,21,scene21,True,755.0,0.29707721410567284,0.2933758646249771,0.05020382983032994,886,4037.416478555305,888.0,True,kept
manual_s21_cyst_0002,21,scene21,True,765.0,0.29666259102564674,0.28909486532211304,0.046809691896104726,901,4021.6248612652607,895.6666666666666,True,kept
manual_s21_cyst_0002,21,scene21,True,775.0,0.3083796356452836,0.30031372606754303,0.04282692717138558,900,3907.5944444444444,907.0,True,kept
manual_s21_cyst_0002,21,scene21,True,785.0,0.3046089710748714,0.2962794750928879,0.050637743633170355,920,3978.7934782608695,924.3333333333334,True,kept
manual_s21_cyst_0002,21,scene21,True,795.0,0.2991460256067428,0.2897403836250305,0.04000331292278996,953,3935.2665267576076,965.6666666666666,True,kept
manual_s21_cyst_0002,21,scene21,True,805.0,0.29859003299498,0.2883531451225281,0.04303722235877031,1024,3878.5185546875,995.3333333333334,True,kept
manual_s21_cyst_0002,21,scene21,True,815.0,0.29874157035728865,0.2854609489440918,0.04598240619476154,1009,3894.2021803766106,996.3333333333334,True,kept
manual_s21_cyst_0002,21,scene21,True,825.0,0.2878381447188525,0.27516455948352814,0.048873335154903795,956,3966.470711297071,950.6666666666666,True,kept
manual_s21_cyst_0002,21,scene21,True,835.0,0.29292920685405793,0.2742609977722168,0.05781290882721868,887,3895.086809470124,875.3333333333334,True,kept
manual_s21_cyst_0002,21,scene21,True,845.0,0.29584484059235144,0.2808295488357544,0.0513692425242181,783,3675.5632183908046,783.0,True,kept
manual_s21_cyst_0002,21,scene21,True,855.0,0.28527459715093884,0.2715854346752167,0.053950665536107875,679,3582.899852724595,671.3333333333334,True,kept
manual_s21_cyst_0002,21,scene21,True,865.0,0.2908866651950107,0.27731361985206604,0.05062726704857355,552,3251.4510869565215,511.0,True,kept
manual_s21_cyst_0002,21,scene21,True,875.0,0.34657028712184224,0.35230374336242676,0.0415732500439701,302,2374.2384105960264,286.0,True,kept
manual_s21_cyst_0004,21,scene21,True,685.0,0.35581611475178615,0.3533172905445099,0.03072722196559333,193,2097.295336787565,345.6666666666667,True,kept
manual_s21_cyst_0004,21,scene21,True,695.0,0.32670271569659926,0.3295876234769821,0.041343982104505426,844,2709.0509478672984,725.3333333333334,True,kept
manual_s21_cyst_0004,21,scene21,True,705.0,0.2778707128067201,0.2661838233470917,0.05161960282316062,1139,3763.8981562774366,1111.0,True,kept
manual_s21_cyst_0004,21,scene21,True,715.0,0.2649368489009363,0.24922475963830948,0.051619332391068785,1350,4221.91037037037,1337.6666666666667,True,kept
manual_s21_cyst_0004,21,scene21,True,725.0,0.2649531646135442,0.25478923320770264,0.050251242848202544,1524,4314.4947506561675,1508.6666666666667,True,kept
manual_s21_cyst_0004,21,scene21,True,735.0,0.26237613247757097,0.25506819784641266,0.04554099733766686,1652,4235.955205811138,1645.0,True,kept
manual_s21_cyst_0004,21,scene21,True,745.0,0.2624186471130036,0.2512657940387726,0.04064917307028394,1759,4085.006253553155,1719.3333333333333,True,kept
manual_s21_cyst_0004,21,scene21,True,755.0,0.26287925698856796,0.2513960599899292,0.04340374789198524,1747,4054.772753291357,1570.6666666666667,True,kept
manual_s21_cyst_0004,21,scene21,True,765.0,0.26737678078177757,0.258895143866539,0.03962574181414115,1206,3917.007462686567,1315.6666666666667,True,kept
manual_s21_cyst_0004,21,scene21,True,775.0,0.27199151254515774,0.26252564787864685,0.05035192971054299,994,3835.281690140845,1037.3333333333333,True,kept
manual_s21_cyst_0004,21,scene21,True,785.0,0.2762766651678504,0.2613554447889328,0.06330238575517999,912,3892.7971491228072,953.3333333333334,True,kept
manual_s21_cyst_0004,21,scene21,True,795.0,0.27363460273550244,0.25867484509944916,0.06309953854394112,954,3901.276729559748,1017.0,True,kept
manual_s21_cyst_0004,21,scene21,True,805.0,0.2678795331892585,0.2589074671268463,0.047414257546833476,1185,3957.267510548523,1223.3333333333333,True,kept
manual_s21_cyst_0004,21,scene21,True,815.0,0.2709846919673786,0.26249784231185913,0.04145128782356954,1531,3997.860875244938,1494.0,True,kept
manual_s21_cyst_0004,21,scene21,True,825.0,0.2787694147748963,0.27425210177898407,0.04187034179589732,1766,3996.6364665911665,1740.6666666666667,True,kept
manual_s21_cyst_0004,21,scene21,True,835.0,0.2767233223032642,0.2735995352268219,0.04220950557206044,1925,4118.813506493507,1854.3333333333333,True,kept
manual_s21_cyst_0004,21,scene21,True,845.0,0.2733389172289107,0.2666550427675247,0.04526104546468247,1872,4251.587072649572,1857.6666666666667,True,kept
manual_s21_cyst_0004,21,scene21,True,855.0,0.2632788739309789,0.2606159895658493,0.04645632282336132,1776,4299.074887387387,1752.0,True,kept
manual_s21_cyst_0004,21,scene21,True,865.0,0.2656406298724573,0.26090478897094727,0.04333381772661836,1608,4080.8638059701493,1572.3333333333333,True,kept
manual_s21_cyst_0004,21,scene21,True,875.0,0.28804759832136806,0.28007176518440247,0.04888764652582786,1333,3610.860465116279,1237.6666666666667,True,kept
manual_s21_cyst_0004,21,scene21,True,885.0,0.3317068558707447,0.32167449593544006,0.056234023581073954,772,3166.917098445596,835.0,True,kept
manual_s21_cyst_0004,21,scene21,True,895.0,0.3713222450017929,0.37205633521080017,0.043048568106550555,400,2445.205,391.0,True,kept
manual_s21_cyst_0005,21,scene21,True,905.0,0.32345689849539117,0.31196728348731995,0.0754216939244821,455,3414.18021978022,417.6666666666667,True,kept
manual_s21_cyst_0005,21,scene21,True,915.0,0.28842617801554576,0.2601509392261505,0.06479115640729059,602,3873.0863787375415,590.6666666666666,True,kept
manual_s21_cyst_0005,21,scene21,True,925.0,0.2826195077254222,0.26789000630378723,0.05190854346243813,715,3849.2013986013985,703.6666666666666,True,kept
manual_s21_cyst_0005,21,scene21,True,935.0,0.2805940972580117,0.2685120850801468,0.0521503082127963,794,3929.785894206549,789.3333333333334,True,kept
manual_s21_cyst_0005,21,scene21,True,945.0,0.28053341403482124,0.2705736458301544,0.04863511711621599,859,3947.951105937136,858.6666666666666,True,kept
manual_s21_cyst_0005,21,scene21,True,955.0,0.2747228580525999,0.26109859347343445,0.04956761634032847,923,3973.9989165763814,910.6666666666666,True,kept
manual_s21_cyst_0005,21,scene21,True,965.0,0.2766636504468165,0.2655116021633148,0.046791361492717405,950,3942.9147368421054,924.6666666666666,True,kept
manual_s21_cyst_0005,21,scene21,True,975.0,0.2829864935227954,0.27521848678588867,0.0484899778037314,901,3909.620421753607,909.3333333333334,True,kept
manual_s21_cyst_0005,21,scene21,True,985.0,0.28526282135477904,0.281728595495224,0.052969736098606494,877,3928.4709236031927,879.6666666666666,True,kept
manual_s21_cyst_0005,21,scene21,True,995.0,0.28498590480575164,0.2790517210960388,0.050108259644342366,861,3933.724738675958,862.3333333333334,True,kept
manual_s21_cyst_0005,21,scene21,True,1005.0,0.28108486166340163,0.28097769618034363,0.04402218516498156,849,3996.310954063604,853.0,True,kept
manual_s21_cyst_0005,21,scene21,True,1015.0,0.2838462022329528,0.2783225178718567,0.04436024880806542,849,3955.6018845700823,854.6666666666666,True,kept
manual_s21_cyst_0005,21,scene21,True,1025.0,0.28005864557231547,0.2748313546180725,0.04471171621461013,866,3991.5427251732103,859.3333333333334,True,kept
manual_s21_cyst_0005,21,scene21,True,1035.0,0.28045726697870366,0.27604588866233826,0.046314805486125515,863,3982.3348783314023,860.6666666666666,True,kept
manual_s21_cyst_0005,21,scene21,True,1045.0,0.2818764075898901,0.2778812050819397,0.04157913967203922,853,3935.9062133645957,855.0,True,kept
manual_s21_cyst_0005,21,scene21,True,1055.0,0.2833078960998881,0.2743901312351227,0.044222737859924775,849,3920.2885747938753,852.3333333333334,True,kept
manual_s21_cyst_0005,21,scene21,True,1065.0,0.28264630076132324,0.27317601442337036,0.045026276965253666,855,3917.143859649123,855.0,True,kept
manual_s21_cyst_0005,21,scene21,True,1075.0,0.28580836930964465,0.2794818878173828,0.0395711437157181,861,3879.0301974448316,859.3333333333334,True,kept
manual_s21_cyst_0005,21,scene21,True,1085.0,0.28419706816601364,0.27895399928092957,0.03870774557775819,862,3847.8236658932715,855.6666666666666,True,kept
manual_s21_cyst_0005,21,scene21,True,1095.0,0.2884403032502292,0.27996543049812317,0.040263016975878856,844,3841.872037914692,851.0,True,kept
manual_s21_cyst_0005,21,scene21,True,1105.0,0.29628900821192067,0.28834837675094604,0.038343841810000195,847,3750.974025974026,848.0,True,kept
manual_s21_cyst_0005,21,scene21,True,1115.0,0.30343353826932584,0.29304859042167664,0.04763977337567921,853,3740.6951934349354,855.3333333333334,True,kept
manual_s21_cyst_0005,21,scene21,True,1125.0,0.30715830653355247,0.29622821509838104,0.04750102388611795,866,3776.700923787529,903.0,True,kept
manual_s21_cyst_0005,21,scene21,True,1135.0,0.3058439337394454,0.29298947751522064,0.045668592344920066,990,3742.4474747474746,993.0,True,kept
manual_s21_cyst_0005,21,scene21,True,1145.0,0.3129378714045561,0.30385622382164,0.04614719516310519,1123,3714.6714158504005,1078.0,True,kept
manual_s21_cyst_0005,21,scene21,True,1155.0,0.3164483455278106,0.3087749481201172,0.04246048613151443,1121,3751.4201605709186,1104.3333333333333,True,kept
manual_s21_cyst_0005,21,scene21,True,1165.0,0.32519829291345026,0.3154457211494446,0.04298178304110502,1069,3716.783910196445,1061.3333333333333,True,kept
manual_s21_cyst_0005,21,scene21,True,1175.0,0.3344655211722587,0.3274744004011154,0.04777481524903556,994,3690.625754527163,989.0,True,kept
manual_s21_cyst_0005,21,scene21,True,1185.0,0.33361653555019766,0.32924069464206696,0.03724415191231746,904,3592.0342920353983,873.0,True,kept
manual_s21_cyst_0005,21,scene21,True,1195.0,0.33929541485898207,0.3308645188808441,0.03887534803877109,721,3465.3023578363386,712.0,True,kept
manual_s21_cyst_0005,21,scene21,True,1205.0,0.3876910318133882,0.3760867416858673,0.06152458855502056,511,2774.2446183953034,443.0,True,kept
manual_s22_cyst_0001,22,scene22,True,495.0,0.33433272922951773,0.33802366256713867,0.05085542801873843,431,2456.2807424593966,434.0,True,kept
manual_s22_cyst_0001,22,scene22,True,505.0,0.2872395797896741,0.2701059877872467,0.0708189175224465,871,3551.0022962112516,804.0,True,kept
manual_s22_cyst_0001,22,scene22,True,515.0,0.2752512956658999,0.2486952543258667,0.08745074185467795,1110,4280.490990990991,1100.0,True,kept
manual_s22_cyst_0001,22,scene22,True,525.0,0.2647244972067407,0.2424324005842209,0.0864718675717771,1319,4595.54586808188,1295.0,True,kept
manual_s22_cyst_0001,22,scene22,True,535.0,0.2688611037517478,0.25087349116802216,0.07644309285196288,1456,4369.151785714285,1440.6666666666667,True,kept
manual_s22_cyst_0001,22,scene22,True,545.0,0.2686553549096133,0.25518786907196045,0.06788634609027017,1547,4106.564318034906,1538.0,True,kept
manual_s22_cyst_0001,22,scene22,True,555.0,0.2604151714539987,0.2487114518880844,0.06649231132463905,1611,3982.037864680323,1503.0,True,kept
manual_s22_cyst_0001,22,scene22,True,565.0,0.2616481179444548,0.24948006868362427,0.06944728619049004,1351,3949.352331606218,1349.0,True,kept
manual_s22_cyst_0001,22,scene22,True,575.0,0.26546522632996605,0.2519407272338867,0.05480012418587711,1085,3849.484792626728,1209.0,True,kept
manual_s22_cyst_0001,22,scene22,True,585.0,0.25771527418962153,0.23829637467861176,0.06349361435522205,1191,3909.198992443325,1219.0,True,kept
manual_s22_cyst_0001,22,scene22,True,595.0,0.2526269057667143,0.23801934719085693,0.06439518383451566,1381,3989.094134685011,1368.6666666666667,True,kept
manual_s22_cyst_0001,22,scene22,True,605.0,0.24947686931494784,0.24166911840438843,0.048148764226059564,1534,4086.598435462842,1521.0,True,kept
manual_s22_cyst_0001,22,scene22,True,615.0,0.2402114808758341,0.2362929955124855,0.041936508656429984,1648,4254.293689320389,1587.0,True,kept
manual_s22_cyst_0001,22,scene22,True,625.0,0.24146057206705598,0.24060823023319244,0.038286999521742915,1579,4140.525015832805,1547.6666666666667,True,kept
manual_s22_cyst_0001,22,scene22,True,635.0,0.23445202522821681,0.23344534635543823,0.03951333207429754,1416,4222.085451977401,1422.0,True,kept
manual_s22_cyst_0001,22,scene22,True,645.0,0.2239553781591186,0.22119362652301788,0.03150770730699107,1271,4094.154209284028,1225.0,True,kept
manual_s22_cyst_0001,22,scene22,True,655.0,0.2140386697462937,0.20509443432092667,0.03865352780326147,988,4059.0597165991903,994.6666666666666,True,kept
manual_s22_cyst_0001,22,scene22,True,665.0,0.21117459473938777,0.19579948484897614,0.0426773138235476,725,3660.2372413793105,700.6666666666666,True,kept
manual_s22_cyst_0001,22,scene22,True,675.0,0.22410290939182734,0.22077229619026184,0.0234831799885251,389,2601.393316195373,372.3333333333333,True,kept
manual_s22_cyst_0002,22,scene22,True,295.0,0.5861492726988006,0.5772271156311035,0.09626653318230706,515,3127.6815533980584,485.3333333333333,True,kept
manual_s22_cyst_0002,22,scene22,True,305.0,0.5480834849199545,0.4989525079727173,0.1413661528004541,718,3442.1727019498608,687.0,True,kept
manual_s22_cyst_0002,22,scene22,True,315.0,0.49439230280509894,0.46272072196006775,0.11209808270571558,828,3432.586956521739,821.3333333333334,True,kept
manual_s22_cyst_0002,22,scene22,True,325.0,0.4406704081948806,0.40800492465496063,0.10885471258129868,918,3480.0196078431372,903.3333333333334,True,kept
manual_s22_cyst_0002,22,scene22,True,335.0,0.3944976706351482,0.37427088618278503,0.07817847898150335,964,3434.758298755187,953.6666666666666,True,kept
manual_s22_cyst_0002,22,scene22,True,345.0,0.35314555884747023,0.33685991168022156,0.05963938531429251,979,3480.209397344229,969.3333333333334,True,kept
manual_s22_cyst_0002,22,scene22,True,355.0,0.33743362022187423,0.3250430226325989,0.05199403800134333,965,3517.0632124352333,936.6666666666666,True,kept
manual_s22_cyst_0002,22,scene22,True,365.0,0.3253647044610757,0.31364887952804565,0.056186712915560134,866,3623.1685912240187,896.3333333333334,True,kept
manual_s22_cyst_0002,22,scene22,True,375.0,0.30358087231507114,0.28883717954158783,0.049949667116517826,858,3775.5664335664337,860.0,True,kept
manual_s22_cyst_0002,22,scene22,True,385.0,0.29530007641100997,0.29068727791309357,0.04430256648042372,856,3826.2721962616824,861.3333333333334,True,kept
manual_s22_cyst_0002,22,scene22,True,395.0,0.2811855947149211,0.2707855701446533,0.04537258969736393,870,3956.4632183908047,870.3333333333334,True,kept
manual_s22_cyst_0002,22,scene22,True,405.0,0.27283434997507405,0.270660936832428,0.036195309417694645,885,3937.128813559322,875.6666666666666,True,kept
manual_s22_cyst_0002,22,scene22,True,415.0,0.26623384389650384,0.2650348097085953,0.03554488615443831,872,3970.4243119266057,870.6666666666666,True,kept
manual_s22_cyst_0002,22,scene22,True,425.0,0.25901419753916777,0.256686270236969,0.032638379314483906,855,4068.237426900585,858.0,True,kept
manual_s22_cyst_0002,22,scene22,True,435.0,0.2591641223873974,0.25641587376594543,0.03144805709141914,847,4083.038961038961,851.3333333333334,True,kept
manual_s22_cyst_0002,22,scene22,True,445.0,0.24813586868730508,0.2515617460012436,0.03054917549310451,852,4187.639671361502,853.0,True,kept
manual_s22_cyst_0002,22,scene22,True,455.0,0.2420529289994129,0.2443823516368866,0.030225153414935788,860,4280.2953488372095,857.0,True,kept
manual_s22_cyst_0002,22,scene22,True,465.0,0.2413194776622186,0.24392549693584442,0.028225717294106306,859,4266.770663562282,860.0,True,kept
manual_s22_cyst_0002,22,scene22,True,475.0,0.23775941010620813,0.2390841394662857,0.030492355746422877,861,4305.221835075494,863.0,True,kept
manual_s22_cyst_0002,22,scene22,True,485.0,0.23216407439994044,0.23644009232521057,0.030601775546972375,869,4174.623705408516,871.6666666666666,True,kept
manual_s22_cyst_0002,22,scene22,True,495.0,0.23079435438086085,0.2357461154460907,0.029880360941609545,885,4153.589830508475,891.0,True,kept
manual_s22_cyst_0002,22,scene22,True,505.0,0.22665104519685284,0.23170635104179382,0.02533850581103517,919,4197.87486398259,902.3333333333334,True,kept
manual_s22_cyst_0002,22,scene22,True,515.0,0.221475143897309,0.22646699845790863,0.027019937689739287,903,4335.008859357697,901.0,True,kept
manual_s22_cyst_0002,22,scene22,True,525.0,0.21924621950957615,0.22536736726760864,0.029026045514866365,881,4275.265607264472,875.6666666666666,True,kept
manual_s22_cyst_0002,22,scene22,True,535.0,0.21354870865848424,0.21657785773277283,0.024304388629587472,843,4201.534994068802,826.0,True,kept
manual_s22_cyst_0002,22,scene22,True,545.0,0.20168321372185208,0.20532859861850739,0.027146825078969872,754,4310.885941644562,750.3333333333334,True,kept
manual_s22_cyst_0002,22,scene22,True,555.0,0.20645651920764088,0.20829635113477707,0.027917896917516075,654,4123.941896024465,640.6666666666666,True,kept
manual_s22_cyst_0002,22,scene22,True,565.0,0.2331335806661079,0.2268424704670906,0.03768833516062766,514,3632.929961089494,497.0,True,kept
manual_s22_cyst_0002,22,scene22,True,575.0,0.27103427804475966,0.2709134817123413,0.03042031996952977,323,2666.8204334365323,281.0,True,kept
manual_s22_cyst_0003,22,scene22,True,275.0,0.6685626716981578,0.6747113466262817,0.09410005191026141,363,2822.9531680440773,333.3333333333333,True,kept
manual_s22_cyst_0003,22,scene22,True,285.0,0.5944884805619216,0.5947979092597961,0.07864619929543686,595,3285.63025210084,568.0,True,kept
manual_s22_cyst_0003,22,scene22,True,295.0,0.5211780106813595,0.5155238211154938,0.06352156698498487,746,3491.9731903485253,718.3333333333334,True,kept
manual_s22_cyst_0003,22,scene22,True,305.0,0.49105144854113275,0.487336203455925,0.06337937150081197,814,3523.6633906633906,813.0,True,kept
manual_s22_cyst_0003,22,scene22,True,315.0,0.44904582739825677,0.4387507140636444,0.05755026198781994,879,3678.7565415244594,875.3333333333334,True,kept
manual_s22_cyst_0003,22,scene22,True,325.0,0.42265904588586906,0.4117186367511749,0.07071764448610829,933,3666.4844587352627,926.3333333333334,True,kept
manual_s22_cyst_0003,22,scene22,True,335.0,0.3947738086055452,0.3850136995315552,0.05032559907954908,967,3676.1075491209926,931.6666666666666,True,kept
manual_s22_cyst_0003,22,scene22,True,345.0,0.37356885238732707,0.3638955354690552,0.04200265617215928,895,3712.0212290502795,906.6666666666666,True,kept
manual_s22_cyst_0003,22,scene22,True,355.0,0.34906938481025207,0.3430805057287216,0.04299692273774494,858,3787.1480186480185,867.0,True,kept
manual_s22_cyst_0003,22,scene22,True,365.0,0.31992153782959815,0.3145467936992645,0.04708929385225754,848,3916.5224056603774,853.3333333333334,True,kept
manual_s22_cyst_0003,22,scene22,True,375.0,0.3053617992152654,0.30054786801338196,0.03527760973743994,854,3925.9871194379393,854.0,True,kept
manual_s22_cyst_0003,22,scene22,True,385.0,0.3005632891384668,0.29465484619140625,0.030883437580911235,860,3971.9337209302325,855.6666666666666,True,kept
manual_s22_cyst_0003,22,scene22,True,395.0,0.29719103795911894,0.29161491990089417,0.03487395702735855,853,3988.05978898007,856.0,True,kept
manual_s22_cyst_0003,22,scene22,True,405.0,0.28831184051538766,0.2820367217063904,0.03387321259706021,855,3967.8023391812867,852.3333333333334,True,kept
manual_s22_cyst_0003,22,scene22,True,415.0,0.2724756142662046,0.2662360966205597,0.03521561925623214,849,4142.7420494699645,849.6666666666666,True,kept
manual_s22_cyst_0003,22,scene22,True,425.0,0.2723299187845027,0.26669302582740784,0.03797275721218326,845,4057.7278106508875,849.0,True,kept
manual_s22_cyst_0003,22,scene22,True,435.0,0.2583772573633183,0.25557366013526917,0.030405963526766874,853,4075.464243845252,852.3333333333334,True,kept
manual_s22_cyst_0003,22,scene22,True,445.0,0.2510025074512495,0.25520098209381104,0.03802208308853682,859,4228.1036088474975,852.3333333333334,True,kept
manual_s22_cyst_0003,22,scene22,True,455.0,0.24109026154822852,0.24137663841247559,0.03470398971983553,845,4266.121893491124,855.0,True,kept
manual_s22_cyst_0003,22,scene22,True,465.0,0.2402865279738496,0.23592010140419006,0.033191027827886514,861,4271.094076655052,859.6666666666666,True,kept
manual_s22_cyst_0003,22,scene22,True,475.0,0.23770468699973063,0.23746764659881592,0.0328168173315875,873,4260.81443298969,870.3333333333334,True,kept
manual_s22_cyst_0003,22,scene22,True,485.0,0.2346190794231954,0.23715628683567047,0.03254643426900576,877,4238.90535917902,890.0,True,kept
manual_s22_cyst_0003,22,scene22,True,495.0,0.23286570767345635,0.23815827071666718,0.03450037064968907,920,4296.379347826087,951.3333333333334,True,kept
manual_s22_cyst_0003,22,scene22,True,505.0,0.2292683883979846,0.23295699059963226,0.03174524255260525,1057,4303.646168401136,1014.3333333333334,True,kept
manual_s22_cyst_0003,22,scene22,True,515.0,0.22095395718294059,0.224075548350811,0.026563804064581562,1066,4360.930581613508,1056.6666666666667,True,kept
manual_s22_cyst_0003,22,scene22,True,525.0,0.21624958138012726,0.21765372157096863,0.02363021427118714,1047,4404.4240687679085,1029.3333333333333,True,kept
manual_s22_cyst_0003,22,scene22,True,535.0,0.21429369666637518,0.21849380433559418,0.026169567368976982,975,4411.24,959.6666666666666,True,kept
manual_s22_cyst_0003,22,scene22,True,545.0,0.21105569044656208,0.21429918706417084,0.026847566752537824,857,4292.320886814469,846.6666666666666,True,kept
manual_s22_cyst_0003,22,scene22,True,555.0,0.2126220855756668,0.20803306996822357,0.030351934441555598,708,4062.4435028248586,702.6666666666666,True,kept
manual_s22_cyst_0003,22,scene22,True,565.0,0.2291610753558178,0.22451935708522797,0.03797767323430867,543,3539.07182320442,493.3333333333333,True,kept
manual_s22_cyst_0004,22,scene22,True,455.0,0.37957282931403774,0.36577047407627106,0.053796701472251976,226,2422.526548672566,314.6666666666667,True,kept
manual_s22_cyst_0004,22,scene22,True,465.0,0.3369980466274498,0.31985463201999664,0.07083464367659317,718,3185.6197771587745,630.3333333333334,True,kept
manual_s22_cyst_0004,22,scene22,True,475.0,0.3097481374818647,0.2951723039150238,0.057398784468646186,947,3938.3896515311512,915.6666666666666,True,kept
manual_s22_cyst_0004,22,scene22,True,485.0,0.30753671532142185,0.29709862172603607,0.0632873778224154,1082,4137.125693160813,1078.6666666666667,True,kept
manual_s22_cyst_0004,22,scene22,True,495.0,0.289309189538375,0.2834950387477875,0.0397357018298892,1207,4113.453189726595,1197.6666666666667,True,kept
manual_s22_cyst_0004,22,scene22,True,505.0,0.276409401724035,0.27195391058921814,0.044515602382908345,1304,4081.8266871165642,1289.3333333333333,True,kept
manual_s22_cyst_0004,22,scene22,True,515.0,0.2897173571252788,0.2681605815887451,0.07021266145339763,1357,3858.3773028739865,1332.3333333333333,True,kept
manual_s22_cyst_0004,22,scene22,True,525.0,0.2847765629809952,0.2604059427976608,0.07298226535384691,1336,3800.541167664671,1252.6666666666667,True,kept
manual_s22_cyst_0004,22,scene22,True,535.0,0.2911283582029208,0.2609701454639435,0.07836924877891278,1065,3709.668544600939,1159.6666666666667,True,kept
manual_s22_cyst_0004,22,scene22,True,545.0,0.28929653781740916,0.25660374760627747,0.08499134150980774,1078,3727.3849721706865,1170.3333333333333,True,kept
manual_s22_cyst_0004,22,scene22,True,555.0,0.2629905809370572,0.2455938309431076,0.06557576091926677,1368,3848.9597953216376,1295.3333333333333,True,kept
manual_s22_cyst_0004,22,scene22,True,565.0,0.2578863994114929,0.2506558746099472,0.05337889165904056,1440,3915.4895833333335,1398.3333333333333,True,kept
manual_s22_cyst_0004,22,scene22,True,575.0,0.2532094559419387,0.2500472962856293,0.034411599469398986,1387,4073.7483777937996,1373.3333333333333,True,kept
manual_s22_cyst_0004,22,scene22,True,585.0,0.2480773331693965,0.2462739795446396,0.03546255183268419,1293,4282.416086620263,1289.6666666666667,True,kept
manual_s22_cyst_0004,22,scene22,True,595.0,0.24223379492509053,0.23228277266025543,0.04728525344982714,1189,4349.015979814971,1153.3333333333333,True,kept
manual_s22_cyst_0004,22,scene22,True,605.0,0.2223372768405025,0.21487149596214294,0.040856230054830155,978,4326.221881390593,962.3333333333334,True,kept
manual_s22_cyst_0004,22,scene22,True,615.0,0.24120384756889607,0.23165011405944824,0.045078231597235716,720,3463.454166666667,647.6666666666666,True,kept
manual_s22_cyst_0004,22,scene22,True,625.0,0.2694154123262483,0.27096670866012573,0.0314609844863129,245,2377.25306122449,321.6666666666667,True,kept
manual_s22_cyst_0006,22,scene22,True,435.0,0.44810589473202544,0.44028952717781067,0.06852647720400704,424,2908.5849056603774,385.6666666666667,True,kept
manual_s22_cyst_0006,22,scene22,True,445.0,0.3725502526524954,0.3531169891357422,0.08105266124879933,583,3528.468267581475,594.0,True,kept
manual_s22_cyst_0006,22,scene22,True,455.0,0.3396438208703072,0.3340570330619812,0.07002532382880994,775,3721.678709677419,767.3333333333334,True,kept
manual_s22_cyst_0006,22,scene22,True,465.0,0.30911311207307596,0.3004775941371918,0.06679415078875599,944,3937.5646186440677,935.6666666666666,True,kept
manual_s22_cyst_0006,22,scene22,True,475.0,0.29137533053974896,0.274788960814476,0.06771468410962027,1088,4215.487132352941,1077.6666666666667,True,kept
manual_s22_cyst_0006,22,scene22,True,485.0,0.28707358738613764,0.2612927556037903,0.06898381344531215,1201,4236.578684429642,1195.6666666666667,True,kept
manual_s22_cyst_0006,22,scene22,True,495.0,0.27597005853575807,0.25475214421749115,0.0653634958620967,1298,4339.948382126348,1266.3333333333333,True,kept
manual_s22_cyst_0006,22,scene22,True,505.0,0.27194202827719544,0.25870247185230255,0.06025806478287915,1300,4327.170769230769,1275.0,True,kept
manual_s22_cyst_0006,22,scene22,True,515.0,0.2668718914118062,0.26013997197151184,0.047689987199791964,1227,4221.889160554198,1221.3333333333333,True,kept
manual_s22_cyst_0006,22,scene22,True,525.0,0.2692470281084274,0.26357439160346985,0.044825869706864516,1137,4114.980650835532,1143.6666666666667,True,kept
manual_s22_cyst_0006,22,scene22,True,535.0,0.2731284241924357,0.267467200756073,0.04400800014322901,1067,4056.4461105904406,1127.6666666666667,True,kept
manual_s22_cyst_0006,22,scene22,True,545.0,0.26848961187935766,0.26006850600242615,0.045005202388052855,1179,4080.576759966073,1223.6666666666667,True,kept
manual_s22_cyst_0006,22,scene22,True,555.0,0.2671809699033436,0.2571852505207062,0.045425756472508384,1425,4003.5677192982457,1390.3333333333333,True,kept
manual_s22_cyst_0006,22,scene22,True,565.0,0.2689925404913348,0.25557154417037964,0.05311981821281005,1567,4039.7817485641353,1557.0,True,kept
manual_s22_cyst_0006,22,scene22,True,575.0,0.2684796332798237,0.2509024739265442,0.06180350404999761,1679,4139.217986896962,1632.6666666666667,True,kept
manual_s22_cyst_0006,22,scene22,True,585.0,0.2594371286940199,0.24326912313699722,0.056967637167933884,1652,4283.200968523002,1633.6666666666667,True,kept
manual_s22_cyst_0006,22,scene22,True,595.0,0.24063132421416084,0.23041053116321564,0.04680856572713227,1570,4471.9866242038215,1535.0,True,kept
manual_s22_cyst_0006,22,scene22,True,605.0,0.22718036479693088,0.22107093036174774,0.040960841791573034,1383,4488.046999276934,1354.6666666666667,True,kept
manual_s22_cyst_0006,22,scene22,True,615.0,0.2245355690389362,0.2156534492969513,0.03968745788884219,1111,4156.929792979298,1072.3333333333333,True,kept
manual_s22_cyst_0006,22,scene22,True,625.0,0.2145557142433454,0.19581353664398193,0.04950381223349733,723,4141.055325034578,767.0,True,kept
manual_s22_cyst_0006,22,scene22,True,635.0,0.23250671391568806,0.23134492337703705,0.03677900249388008,467,2974.7687366167024,414.6666666666667,True,kept
manual_s22_cyst_0007,22,scene22,True,355.0,0.5429017024821249,0.543623149394989,0.05540189617519978,348,2759.1293103448274,314.0,True,kept
manual_s22_cyst_0007,22,scene22,True,365.0,0.48553512900962426,0.4761110842227936,0.06491360120037587,566,3333.6289752650177,540.3333333333334,True,kept
manual_s22_cyst_0007,22,scene22,True,375.0,0.44468067883602125,0.4393414855003357,0.04595595560976007,707,3508.179632248939,686.0,True,kept
manual_s22_cyst_0007,22,scene22,True,385.0,0.4278656784516231,0.4199685752391815,0.052209729637655515,785,3523.1936305732484,779.3333333333334,True,kept
manual_s22_cyst_0007,22,scene22,True,395.0,0.39948752547127697,0.388010710477829,0.06210790817054529,846,3667.8829787234044,835.0,True,kept
manual_s22_cyst_0007,22,scene22,True,405.0,0.36021068787683885,0.3470338433980942,0.06099562912775742,874,3793.245995423341,884.3333333333334,True,kept
manual_s22_cyst_0007,22,scene22,True,415.0,0.3225761437339415,0.3157770335674286,0.052904833005499655,933,3856.7234726688102,896.0,True,kept
manual_s22_cyst_0007,22,scene22,True,425.0,0.306357666647123,0.30151787400245667,0.05076445425821071,881,3962.183881952327,887.6666666666666,True,kept
manual_s22_cyst_0007,22,scene22,True,435.0,0.2963643799962649,0.2933216691017151,0.03799513831435789,849,4084.0318021201415,860.3333333333334,True,kept
manual_s22_cyst_0007,22,scene22,True,445.0,0.28784074139651067,0.2831172049045563,0.038643175973237055,851,3998.755581668625,850.0,True,kept
manual_s22_cyst_0007,22,scene22,True,455.0,0.2679338582123027,0.26436832547187805,0.036904830151949335,850,4146.769411764706,851.3333333333334,True,kept
manual_s22_cyst_0007,22,scene22,True,465.0,0.25515429874727064,0.2563624083995819,0.030356835572234942,853,4186.450175849941,857.6666666666666,True,kept
manual_s22_cyst_0007,22,scene22,True,475.0,0.2513420744017623,0.24891828745603561,0.027207386153347526,870,4177.419540229885,862.6666666666666,True,kept
manual_s22_cyst_0007,22,scene22,True,485.0,0.2452418902361324,0.24504460394382477,0.03113462166925128,865,4198.061271676301,866.6666666666666,True,kept
manual_s22_cyst_0007,22,scene22,True,495.0,0.23951560853189127,0.24063865840435028,0.038261304286129755,865,4227.646242774566,869.6666666666666,True,kept
manual_s22_cyst_0007,22,scene22,True,505.0,0.23260670415506157,0.2309330552816391,0.030291790155461074,879,4202.57337883959,879.6666666666666,True,kept
manual_s22_cyst_0007,22,scene22,True,515.0,0.23318028228575957,0.23127886652946472,0.02449845734027312,895,4179.204469273743,890.0,True,kept
manual_s22_cyst_0007,22,scene22,True,525.0,0.22902865287116064,0.22643540799617767,0.02820293287196927,896,4156.71875,898.0,True,kept
manual_s22_cyst_0007,22,scene22,True,535.0,0.22297061719041594,0.21870650351047516,0.030934719579792207,903,4236.150609080842,909.3333333333334,True,kept
manual_s22_cyst_0007,22,scene22,True,545.0,0.221351183541881,0.21861685812473297,0.02758514450875787,929,4158.9870828848225,926.0,True,kept
manual_s22_cyst_0007,22,scene22,True,555.0,0.21034270578534608,0.21228178590536118,0.03225090603038259,946,4346.904862579281,960.0,True,kept
manual_s22_cyst_0007,22,scene22,True,565.0,0.2157053917053327,0.21716320514678955,0.029576484359203868,1005,4198.191044776119,967.6666666666666,True,kept
manual_s22_cyst_0007,22,scene22,True,575.0,0.21301150337612929,0.21369808912277222,0.026022399093070008,952,4252.858193277311,950.0,True,kept
manual_s22_cyst_0007,22,scene22,True,585.0,0.21469280610960248,0.21314288675785065,0.027639466287213303,893,4272.804031354984,890.0,True,kept
manual_s22_cyst_0007,22,scene22,True,595.0,0.21565156094955676,0.21261748671531677,0.034409542408169035,825,4284.150303030303,818.6666666666666,True,kept
manual_s22_cyst_0007,22,scene22,True,605.0,0.20822200512256078,0.1989334523677826,0.03754319311865426,738,4395.4363143631435,730.6666666666666,True,kept
manual_s22_cyst_0007,22,scene22,True,615.0,0.21763916043579484,0.2085244208574295,0.040171683909770335,629,4136.3036565977745,604.6666666666666,True,kept
manual_s22_cyst_0007,22,scene22,True,625.0,0.2514972384077324,0.24604278802871704,0.05125415375009852,447,3532.51677852349,408.3333333333333,True,kept
manual_s22_cyst_0008,22,scene22,True,695.0,0.26459216184421275,0.262683242559433,0.024194344915218952,257,2413.2762645914395,300.0,True,kept
manual_s22_cyst_0008,22,scene22,True,705.0,0.228335416729491,0.21803812682628632,0.04753706241754345,643,3486.808709175739,582.0,True,kept
manual_s22_cyst_0008,22,scene22,True,715.0,0.20872466366553138,0.19585955888032913,0.044265567882007924,846,4254.229314420803,833.3333333333334,True,kept
manual_s22_cyst_0008,22,scene22,True,725.0,0.21957175865489345,0.20777639746665955,0.039664451316252375,1011,4429.817012858556,1006.6666666666666,True,kept
manual_s22_cyst_0008,22,scene22,True,735.0,0.22727475555570395,0.2231874167919159,0.030369875423365184,1163,4440.48581255374,1149.0,True,kept
manual_s22_cyst_0008,22,scene22,True,745.0,0.23004668025125788,0.22633129358291626,0.028312233589255068,1273,4292.575805184603,1268.0,True,kept
manual_s22_cyst_0008,22,scene22,True,755.0,0.22971634643032537,0.22626301646232605,0.029128657566530346,1368,4163.015350877193,1320.3333333333333,True,kept
manual_s22_cyst_0008,22,scene22,True,765.0,0.2358222655613314,0.22895878553390503,0.03577095822828661,1320,4080.6477272727275,1304.0,True,kept
manual_s22_cyst_0008,22,scene22,True,775.0,0.23843907041389958,0.23189249634742737,0.0358465962504559,1224,4053.974673202614,1282.6666666666667,True,kept
manual_s22_cyst_0008,22,scene22,True,785.0,0.24273486978208725,0.2316538468003273,0.05126885989355113,1304,4022.3780674846626,1291.6666666666667,True,kept
manual_s22_cyst_0008,22,scene22,True,795.0,0.2420434453638731,0.2345888465642929,0.05058537777803544,1347,4002.3073496659244,1337.3333333333333,True,kept
manual_s22_cyst_0008,22,scene22,True,805.0,0.2378496574313215,0.23416033387184143,0.04138046838628378,1361,4042.874357090375,1379.6666666666667,True,kept
manual_s22_cyst_0008,22,scene22,True,815.0,0.23744630953134313,0.23223266005516052,0.04214478531675213,1431,4060.715583508036,1395.6666666666667,True,kept
manual_s22_cyst_0008,22,scene22,True,825.0,0.2323720996418307,0.22920969128608704,0.04325603264825743,1395,4076.169892473118,1362.6666666666667,True,kept
manual_s22_cyst_0008,22,scene22,True,835.0,0.23344062856751274,0.23779218643903732,0.047803453199360316,1262,4089.6426307448496,1239.3333333333333,True,kept
manual_s22_cyst_0008,22,scene22,True,845.0,0.25013923174530467,0.2502124607563019,0.042199716403729534,1061,3796.3100848256363,1062.3333333333333,True,kept
manual_s22_cyst_0008,22,scene22,True,855.0,0.2613229798153043,0.26216594874858856,0.048969791358294455,864,3864.046296296296,879.3333333333334,True,kept
manual_s22_cyst_0008,22,scene22,True,865.0,0.2851880486391035,0.2742215394973755,0.06660553355860367,713,3683.152875175316,710.6666666666666,True,kept
manual_s22_cyst_0008,22,scene22,True,875.0,0.27684462309420643,0.270176500082016,0.048087483646742625,555,3695.0108108108107,554.3333333333334,True,kept
manual_s22_cyst_0008,22,scene22,True,885.0,0.3348394369022756,0.33092138171195984,0.0459524866380954,395,3022.787341772152,349.0,True,kept
manual_s22_cyst_0009,22,scene22,True,525.0,0.3202475954890251,0.31271399557590485,0.05040278057416206,500,3259.776,468.3333333333333,True,kept
manual_s22_cyst_0009,22,scene22,True,535.0,0.3019393789445796,0.301258847117424,0.04505772989963278,684,3456.3903508771928,671.3333333333334,True,kept
manual_s22_cyst_0009,22,scene22,True,545.0,0.2767614545771875,0.2774011641740799,0.05085517865370806,830,3704.886746987952,830.0,True,kept
manual_s22_cyst_0009,22,scene22,True,555.0,0.26750356575748957,0.26013030111789703,0.05012888038828931,976,3817.315573770492,971.3333333333334,True,kept
manual_s22_cyst_0009,22,scene22,True,565.0,0.26230925148090734,0.24871917068958282,0.05695976489666772,1108,3896.6543321299637,1101.0,True,kept
manual_s22_cyst_0009,22,scene22,True,575.0,0.2587628939217285,0.2502681612968445,0.05090273119228373,1219,3832.865463494668,1191.6666666666667,True,kept
manual_s22_cyst_0009,22,scene22,True,585.0,0.25165069057868844,0.24382726103067398,0.05085403183436335,1248,3782.883814102564,1250.0,True,kept
manual_s22_cyst_0009,22,scene22,True,595.0,0.2518656858223449,0.24216735363006592,0.052115608690612714,1283,3706.4123148869835,1283.3333333333333,True,kept
manual_s22_cyst_0009,22,scene22,True,605.0,0.2506270636497256,0.24000199139118195,0.048277553437943266,1319,3728.6633813495073,1290.6666666666667,True,kept
manual_s22_cyst_0009,22,scene22,True,615.0,0.25201399095180466,0.2438424527645111,0.04782861873805407,1270,3747.5322834645667,1274.0,True,kept
manual_s22_cyst_0009,22,scene22,True,625.0,0.25122535667425233,0.2406853437423706,0.050317683065963244,1233,3801.366585563666,1237.6666666666667,True,kept
manual_s22_cyst_0009,22,scene22,True,635.0,0.24346977080688004,0.23544525355100632,0.037825687344528985,1210,3827.1223140495867,1240.3333333333333,True,kept
manual_s22_cyst_0009,22,scene22,True,645.0,0.24065578051482756,0.23235545307397842,0.03678900723971705,1278,3843.154929577465,1219.6666666666667,True,kept
manual_s22_cyst_0009,22,scene22,True,655.0,0.23494793945505107,0.22677786648273468,0.03390133882807056,1171,3912.0751494449187,1163.0,True,kept
manual_s22_cyst_0009,22,scene22,True,665.0,0.2331327578626,0.2250145971775055,0.03406162158791872,1040,3964.494230769231,1048.0,True,kept
manual_s22_cyst_0009,22,scene22,True,675.0,0.23394334230008998,0.2270922213792801,0.032427014514811704,933,4004.8906752411576,928.0,True,kept
manual_s22_cyst_0009,22,scene22,True,685.0,0.22480473999030492,0.21674904227256775,0.03677866725361486,811,4126.057953144266,805.0,True,kept
manual_s22_cyst_0009,22,scene22,True,695.0,0.22526647179386122,0.2079535722732544,0.0480439393967729,671,3990.457526080477,646.3333333333334,True,kept
manual_s22_cyst_0009,22,scene22,True,705.0,0.2587975132843598,0.2613914906978607,0.036960876543509956,457,2845.0743982494528,388.3333333333333,True,kept
manual_s23_cyst_0001,23,scene23,True,355.0,0.618251783104353,0.612851083278656,0.07077551291760611,465,3432.004301075269,445.3333333333333,True,kept
manual_s23_cyst_0001,23,scene23,True,365.0,0.5694171520489976,0.5626960396766663,0.06761710455441314,583,3668.8233276157803,573.0,True,kept
manual_s23_cyst_0001,23,scene23,True,375.0,0.5496262430522907,0.5444384813308716,0.05883486929525664,671,3508.4649776453057,670.6666666666666,True,kept
manual_s23_cyst_0001,23,scene23,True,385.0,0.5045363730050643,0.4924789071083069,0.05623866979269021,758,3620.9511873350925,749.6666666666666,True,kept
manual_s23_cyst_0001,23,scene23,True,395.0,0.46924468402455494,0.4586804211139679,0.0679794861063733,820,3680.6658536585364,819.3333333333334,True,kept
manual_s23_cyst_0001,23,scene23,True,405.0,0.4482353682883761,0.4315921366214752,0.08264127961468055,880,3725.3829545454546,871.3333333333334,True,kept
manual_s23_cyst_0001,23,scene23,True,415.0,0.4248512526179299,0.4101712554693222,0.07795642693343939,914,3601.823851203501,895.3333333333334,True,kept
manual_s23_cyst_0001,23,scene23,True,425.0,0.4240048074668833,0.4167049527168274,0.055281331313927255,892,3539.82399103139,904.0,True,kept
manual_s23_cyst_0001,23,scene23,True,435.0,0.4265459796977096,0.41977816820144653,0.060099027174997086,906,3599.4690949227374,907.6666666666666,True,kept
manual_s23_cyst_0001,23,scene23,True,445.0,0.40597622143255696,0.3896622359752655,0.06589092442570527,925,3673.5513513513515,926.0,True,kept
manual_s23_cyst_0001,23,scene23,True,455.0,0.40755471672150756,0.39737579226493835,0.06243621613057032,947,3505.9313621964097,954.6666666666666,True,kept
manual_s23_cyst_0001,23,scene23,True,465.0,0.40370849321686453,0.3930077403783798,0.06597545222688585,992,3512.1280241935483,989.0,True,kept
manual_s23_cyst_0001,23,scene23,True,475.0,0.37815561322386626,0.36608263850212097,0.05692477479387154,1028,3618.2811284046693,1026.3333333333333,True,kept
manual_s23_cyst_0001,23,scene23,True,485.0,0.351527873725684,0.34580302238464355,0.04840061323577208,1059,3739.8101983002834,1048.0,True,kept
manual_s23_cyst_0001,23,scene23,True,495.0,0.3527046890899384,0.33864060044288635,0.06451069802455935,1057,3653.476821192053,1053.3333333333333,True,kept
manual_s23_cyst_0001,23,scene23,True,505.0,0.34568295517929215,0.33507126569747925,0.05767612079478642,1044,3692.9243295019155,1036.0,True,kept
manual_s23_cyst_0001,23,scene23,True,515.0,0.3378921236395244,0.3246475160121918,0.051064770700307904,1007,3792.8291956305857,1011.0,True,kept
manual_s23_cyst_0001,23,scene23,True,525.0,0.34074191257448644,0.3281780928373337,0.04632875631250671,982,3654.424643584521,987.0,True,kept
manual_s23_cyst_0001,23,scene23,True,535.0,0.3380675756452996,0.33289939165115356,0.037769052785986794,972,3674.9588477366256,962.6666666666666,True,kept
manual_s23_cyst_0001,23,scene23,True,545.0,0.3335173529526917,0.3316885679960251,0.0360658178086458,934,3728.3543897216273,920.6666666666666,True,kept
manual_s23_cyst_0001,23,scene23,True,555.0,0.3338989267630555,0.33064235746860504,0.04085746780817139,856,3605.1530373831774,868.6666666666666,True,kept
manual_s23_cyst_0001,23,scene23,True,565.0,0.3412584626645434,0.33294615149497986,0.04736534793709183,816,3582.4178921568628,800.0,True,kept
manual_s23_cyst_0001,23,scene23,True,575.0,0.3610653998023206,0.3569546043872833,0.049541717468861476,728,3362.6497252747254,719.3333333333334,True,kept
manual_s23_cyst_0001,23,scene23,True,585.0,0.34058488235605655,0.3191526234149933,0.07141744912858451,614,3519.9104234527686,601.0,True,kept
manual_s23_cyst_0001,23,scene23,True,595.0,0.3329006023624197,0.3243468403816223,0.060303286542438723,461,3135.3188720173534,406.6666666666667,True,kept
manual_s23_cyst_0003,23,scene23,True,375.0,0.5284075776383251,0.524800181388855,0.07131535079689066,507,2780.214990138067,425.3333333333333,True,kept
manual_s23_cyst_0003,23,scene23,True,385.0,0.4178711793990876,0.3976152837276459,0.07691904192045868,663,3806.184012066365,664.6666666666666,True,kept
manual_s23_cyst_0003,23,scene23,True,395.0,0.38722148226592146,0.3692008703947067,0.06065746361654269,824,3989.5436893203882,808.6666666666666,True,kept
manual_s23_cyst_0003,23,scene23,True,405.0,0.35685809421590087,0.34125301241874695,0.06436122740473077,939,4357.555910543131,932.3333333333334,True,kept
manual_s23_cyst_0003,23,scene23,True,415.0,0.33635137073075977,0.33474184572696686,0.04709768988386278,1034,4239.022243713733,1028.6666666666667,True,kept
manual_s23_cyst_0003,23,scene23,True,425.0,0.3260301263586209,0.3167358934879303,0.04763284857564083,1113,4071.802336028751,1102.6666666666667,True,kept
manual_s23_cyst_0003,23,scene23,True,435.0,0.327480576592309,0.30836349725723267,0.060999517643540994,1161,4102.792420327304,1088.0,True,kept
manual_s23_cyst_0003,23,scene23,True,445.0,0.3302491784095764,0.3098803609609604,0.06065648206649143,990,4032.7363636363634,1029.6666666666667,True,kept
manual_s23_cyst_0003,23,scene23,True,455.0,0.34076697641471304,0.3208714723587036,0.062390477887254735,938,3928.592750533049,967.6666666666666,True,kept
manual_s23_cyst_0003,23,scene23,True,465.0,0.3186771570107876,0.31105244159698486,0.046296984967130694,975,4087.637948717949,988.3333333333334,True,kept
manual_s23_cyst_0003,23,scene23,True,475.0,0.32222279267449344,0.31239986419677734,0.04974700686041158,1052,4101.470532319392,1037.6666666666667,True,kept
manual_s23_cyst_0003,23,scene23,True,485.0,0.32527969160132647,0.3156144469976425,0.05198432714246466,1086,4074.9705340699816,1085.6666666666667,True,kept
manual_s23_cyst_0003,23,scene23,True,495.0,0.31255800754391155,0.29483193159103394,0.05726298838332703,1119,4118.711349419124,1102.0,True,kept
manual_s23_cyst_0003,23,scene23,True,505.0,0.30949658370635164,0.3014846444129944,0.044283318172892064,1101,4127.624886466849,1090.6666666666667,True,kept
manual_s23_cyst_0003,23,scene23,True,515.0,0.3164780509902497,0.30312785506248474,0.0494306770845684,1052,4004.5570342205324,1052.3333333333333,True,kept
manual_s23_cyst_0003,23,scene23,True,525.0,0.31818735275966714,0.3087422847747803,0.05558080651795456,1004,3939.836653386454,1012.3333333333334,True,kept
manual_s23_cyst_0003,23,scene23,True,535.0,0.30429219149972075,0.3028990626335144,0.04845705823723561,981,4032.3190621814474,982.3333333333334,True,kept
manual_s23_cyst_0003,23,scene23,True,545.0,0.30508496091854054,0.30243098735809326,0.054653759321092316,962,4108.856548856549,972.6666666666666,True,kept
manual_s23_cyst_0003,23,scene23,True,555.0,0.2978798541044578,0.2951585352420807,0.04280687475585047,975,4037.833846153846,994.0,True,kept
manual_s23_cyst_0003,23,scene23,True,565.0,0.31173880783279545,0.3053877353668213,0.04616490749872194,1045,3801.577033492823,1025.6666666666667,True,kept
manual_s23_cyst_0003,23,scene23,True,575.0,0.3152700541091619,0.30840757489204407,0.03975259126541903,1057,3864.2317880794703,1034.3333333333333,True,kept
manual_s23_cyst_0003,23,scene23,True,585.0,0.3261029410671878,0.32278749346733093,0.0533448193391066,1001,3985.106893106893,1003.3333333333334,True,kept
manual_s23_cyst_0003,23,scene23,True,595.0,0.3159476909786463,0.3080746680498123,0.05342259767640968,952,4208.319327731092,936.6666666666666,True,kept
manual_s23_cyst_0003,23,scene23,True,605.0,0.31727447964972627,0.3079032599925995,0.059333308170960566,857,4168.978996499417,850.3333333333334,True,kept
manual_s23_cyst_0003,23,scene23,True,615.0,0.3031056444399119,0.287575364112854,0.060375761220639625,742,4074.133423180593,736.3333333333334,True,kept
manual_s23_cyst_0003,23,scene23,True,625.0,0.3052691744487794,0.2888271063566208,0.058701574530060134,610,3640.518032786885,573.3333333333334,True,kept
manual_s23_cyst_0003,23,scene23,True,635.0,0.3814166535258941,0.3789602816104889,0.06009698016043013,368,2475.4402173913045,330.0,True,kept
manual_s23_cyst_0004,23,scene23,True,415.0,0.5218915085721489,0.5216957330703735,0.049869476810722214,302,2534.0960264900664,282.6666666666667,True,kept
manual_s23_cyst_0004,23,scene23,True,425.0,0.504025352331694,0.4949839413166046,0.0706971318144073,523,3028.732313575526,488.6666666666667,True,kept
manual_s23_cyst_0004,23,scene23,True,435.0,0.4732548300171047,0.4653836488723755,0.06048475241533304,641,3290.4633385335414,647.6666666666666,True,kept
manual_s23_cyst_0004,23,scene23,True,445.0,0.4456239423029536,0.4416777193546295,0.04670548762631036,779,3452.757381258023,779.0,True,kept
manual_s23_cyst_0004,23,scene23,True,455.0,0.41583642090549905,0.40787580609321594,0.05804125118121664,917,3635.5507088331515,907.3333333333334,True,kept
manual_s23_cyst_0004,23,scene23,True,465.0,0.4039071299585915,0.3906022310256958,0.07583700989989255,1026,3646.334307992203,1026.3333333333333,True,kept
manual_s23_cyst_0004,23,scene23,True,475.0,0.38035063027128785,0.3587595224380493,0.08122123928037266,1136,3763.3794014084506,1098.6666666666667,True,kept
manual_s23_cyst_0004,23,scene23,True,485.0,0.36818984072044414,0.3512888699769974,0.06700871982206248,1134,3870.4082892416227,1144.6666666666667,True,kept
manual_s23_cyst_0004,23,scene23,True,495.0,0.36176289326136873,0.34414495527744293,0.07214924013821315,1164,3919.705326460481,1154.6666666666667,True,kept
manual_s23_cyst_0004,23,scene23,True,505.0,0.37024494238824013,0.3577253371477127,0.0713413456621869,1166,3878.0780445969126,1151.6666666666667,True,kept
manual_s23_cyst_0004,23,scene23,True,515.0,0.36343725668059457,0.34744226932525635,0.06126391475800246,1125,3820.713777777778,1123.6666666666667,True,kept
manual_s23_cyst_0004,23,scene23,True,525.0,0.3622827415664991,0.351101815700531,0.07169961564613747,1080,3783.063888888889,1096.0,True,kept
manual_s23_cyst_0004,23,scene23,True,535.0,0.3512544275320798,0.3442361056804657,0.05830113324898906,1083,3847.8688827331484,1075.6666666666667,True,kept
manual_s23_cyst_0004,23,scene23,True,545.0,0.34859570928086014,0.3423837721347809,0.05414378001216447,1064,3833.7067669172934,1088.0,True,kept
manual_s23_cyst_0004,23,scene23,True,555.0,0.35407774687987303,0.335369348526001,0.07717826122546163,1117,3852.493285586392,1104.3333333333333,True,kept
manual_s23_cyst_0004,23,scene23,True,565.0,0.3511660385732095,0.329616516828537,0.06213012358960119,1132,3878.0812720848057,1107.3333333333333,True,kept
manual_s23_cyst_0004,23,scene23,True,575.0,0.35073907691412515,0.3335414528846741,0.055728193881308986,1073,3896.7409133271203,1058.3333333333333,True,kept
manual_s23_cyst_0004,23,scene23,True,585.0,0.35529332680186043,0.33989638090133667,0.056432463539384185,970,3978.682474226804,971.0,True,kept
manual_s23_cyst_0004,23,scene23,True,595.0,0.34923770598981574,0.3337731808423996,0.05674311747584752,870,4190.098850574713,864.0,True,kept
manual_s23_cyst_0004,23,scene23,True,605.0,0.3641283307422666,0.3536907136440277,0.07246655455229824,752,4039.691489361702,728.6666666666666,True,kept
manual_s23_cyst_0004,23,scene23,True,615.0,0.4093481852864543,0.3995840698480606,0.09409799962382029,564,3474.6702127659573,534.3333333333334,True,kept
manual_s23_cyst_0004,23,scene23,True,625.0,0.45912842810777005,0.45987480878829956,0.04377072322623286,287,2322.1324041811845,283.6666666666667,True,kept
manual_s24_cyst_0001,24,scene24,True,325.0,0.4755482255441351,0.466347336769104,0.07356366386195246,491,3292.1873727087577,421.3333333333333,True,kept
manual_s24_cyst_0001,24,scene24,True,335.0,0.4059569949021369,0.40001344680786133,0.05434663745084528,652,3990.010736196319,632.3333333333334,True,kept
manual_s24_cyst_0001,24,scene24,True,345.0,0.40195968747138977,0.40264061093330383,0.044780479439146606,754,3989.202917771883,751.6666666666666,True,kept
manual_s24_cyst_0001,24,scene24,True,355.0,0.3900556414090843,0.3917544186115265,0.05014512646238183,849,3974.632508833922,846.3333333333334,True,kept
manual_s24_cyst_0001,24,scene24,True,365.0,0.3569095121521471,0.3501998037099838,0.04988485666337644,936,3946.95405982906,935.0,True,kept
manual_s24_cyst_0001,24,scene24,True,375.0,0.33256893200325033,0.3270599842071533,0.056347398011455475,1020,3940.070588235294,999.3333333333334,True,kept
manual_s24_cyst_0001,24,scene24,True,385.0,0.32056782596285194,0.3167046010494232,0.05499721394186859,1042,3978.1046065259115,997.0,True,kept
manual_s24_cyst_0001,24,scene24,True,395.0,0.317149455856584,0.3063160181045532,0.057383143027879266,929,4051.361679224973,960.3333333333334,True,kept
manual_s24_cyst_0001,24,scene24,True,405.0,0.317642809008504,0.3026462197303772,0.0714175661702033,910,3985.1098901098903,913.6666666666666,True,kept
manual_s24_cyst_0001,24,scene24,True,415.0,0.3093922864439218,0.2962082475423813,0.08544891237144936,902,4087.8226164079824,913.3333333333334,True,kept
manual_s24_cyst_0001,24,scene24,True,425.0,0.2911057824204708,0.2816198319196701,0.07047940791325673,928,4127.683189655172,936.0,True,kept
manual_s24_cyst_0001,24,scene24,True,435.0,0.2808742690336241,0.2768792659044266,0.06635198093824324,978,4117.100204498977,981.0,True,kept
manual_s24_cyst_0001,24,scene24,True,445.0,0.2740068315827398,0.26264989376068115,0.07224615192564067,1037,4130.838958534233,1043.6666666666667,True,kept
manual_s24_cyst_0001,24,scene24,True,455.0,0.2621110842486436,0.2557796984910965,0.05362785165878095,1116,4174.932795698925,1129.0,True,kept
manual_s24_cyst_0001,24,scene24,True,465.0,0.25214054080472,0.2463376373052597,0.04533002091566819,1234,4172.3508914100485,1201.0,True,kept
manual_s24_cyst_0001,24,scene24,True,475.0,0.2542664642250262,0.24778997898101807,0.04763771156711214,1253,4087.7134876296886,1226.6666666666667,True,kept
manual_s24_cyst_0001,24,scene24,True,485.0,0.24621821276699907,0.2321539670228958,0.05264188837315834,1193,4179.886001676446,1190.6666666666667,True,kept
manual_s24_cyst_0001,24,scene24,True,495.0,0.2365222288490824,0.228508360683918,0.04489116024161065,1126,4250.248667850799,1118.3333333333333,True,kept
manual_s24_cyst_0001,24,scene24,True,505.0,0.2245902991116507,0.21792162954807281,0.04456699658181426,1036,4347.478764478765,1020.0,True,kept
manual_s24_cyst_0001,24,scene24,True,515.0,0.22169643087947288,0.21410570293664932,0.047151269381798644,898,4160.596881959911,875.3333333333334,True,kept
manual_s24_cyst_0001,24,scene24,True,525.0,0.21272670871691207,0.1955922693014145,0.05181915530860698,692,4039.0708092485547,687.0,True,kept
manual_s24_cyst_0001,24,scene24,True,535.0,0.24953949511557375,0.24823787808418274,0.05576037177857853,471,3170.3418259023356,405.0,True,kept
manual_s24_cyst_0002,24,scene24,True,645.0,0.31146370648256505,0.30130651593208313,0.0509938264644795,441,2809.0544217687075,375.3333333333333,True,kept
manual_s24_cyst_0002,24,scene24,True,655.0,0.26304384829366906,0.24547547101974487,0.05906523136731787,680,4219.780882352941,648.6666666666666,True,kept
manual_s24_cyst_0002,24,scene24,True,665.0,0.2629661805340738,0.25448647141456604,0.05569524715246329,825,4577.192727272727,805.6666666666666,True,kept
manual_s24_cyst_0002,24,scene24,True,675.0,0.277706138250467,0.27150043845176697,0.04577025071576976,912,4504.862938596491,905.3333333333334,True,kept
manual_s24_cyst_0002,24,scene24,True,685.0,0.2904113507216018,0.28833842277526855,0.05932579435574315,979,4297.508682328907,973.3333333333334,True,kept
manual_s24_cyst_0002,24,scene24,True,695.0,0.294767996529796,0.2959548234939575,0.05749302439511536,1029,4092.502429543246,1025.6666666666667,True,kept
manual_s24_cyst_0002,24,scene24,True,705.0,0.29337074450793055,0.2806031405925751,0.06297723514637628,1069,3994.7399438727784,1012.3333333333334,True,kept
manual_s24_cyst_0002,24,scene24,True,715.0,0.2944160760147249,0.2759438157081604,0.06602229183675214,939,4010.5292864749736,968.3333333333334,True,kept
manual_s24_cyst_0002,24,scene24,True,725.0,0.29141434826114637,0.27776309847831726,0.06621351526870087,897,4071.345596432553,950.6666666666666,True,kept
manual_s24_cyst_0002,24,scene24,True,735.0,0.2843539735346329,0.27127812802791595,0.06060804035199341,1016,4039.808070866142,996.0,True,kept
manual_s24_cyst_0002,24,scene24,True,745.0,0.27193334334118424,0.26892098784446716,0.056534055083750014,1075,4110.92,1041.3333333333333,True,kept
manual_s24_cyst_0002,24,scene24,True,755.0,0.27179275741593306,0.27187544107437134,0.055610364420274,1033,4243.33688286544,1023.3333333333334,True,kept
manual_s24_cyst_0002,24,scene24,True,765.0,0.28099341101928954,0.2782554626464844,0.051834083895875224,962,4256.6320166320165,960.6666666666666,True,kept
manual_s24_cyst_0002,24,scene24,True,775.0,0.2724000733795134,0.2703523337841034,0.0582324899734479,887,4399.6651634723785,869.6666666666666,True,kept
manual_s24_cyst_0002,24,scene24,True,785.0,0.270719696640184,0.2715868353843689,0.06426936523461692,760,4238.453947368421,751.0,True,kept
manual_s24_cyst_0002,24,scene24,True,795.0,0.3014232499813876,0.2811768352985382,0.0650141018042566,606,3453.9092409240925,535.3333333333334,True,kept
manual_s24_cyst_0002,24,scene24,True,805.0,0.35772507805377246,0.3421773612499237,0.06756275040949461,240,2424.2541666666666,282.0,True,kept
manual_s24_cyst_0003,24,scene24,True,335.0,0.4595023962515819,0.4595505893230438,0.07505934463975,395,2989.946835443038,352.0,True,kept
manual_s24_cyst_0003,24,scene24,True,345.0,0.3832566452546635,0.37568071484565735,0.050750644176164324,527,3529.1062618595824,529.6666666666666,True,kept
manual_s24_cyst_0003,24,scene24,True,355.0,0.3455411452224766,0.3353959023952484,0.05248622066400009,667,3726.4092953523236,651.3333333333334,True,kept
manual_s24_cyst_0003,24,scene24,True,365.0,0.3239879704815777,0.31846730411052704,0.03952009143513657,760,3767.434210526316,759.0,True,kept
manual_s24_cyst_0003,24,scene24,True,375.0,0.3093067994889091,0.3002870976924896,0.04574976639016521,850,3756.514117647059,854.0,True,kept
manual_s24_cyst_0003,24,scene24,True,385.0,0.29531741319145977,0.2822989672422409,0.05653598436178127,952,3858.6754201680674,951.3333333333334,True,kept
manual_s24_cyst_0003,24,scene24,True,395.0,0.2810640461997841,0.269408255815506,0.04985044075586379,1052,3826.453422053232,1015.6666666666666,True,kept
manual_s24_cyst_0003,24,scene24,True,405.0,0.26799662919823986,0.2613225281238556,0.03947979579701032,1043,3854.372962607862,1036.3333333333333,True,kept
manual_s24_cyst_0003,24,scene24,True,415.0,0.25295078198937976,0.24160968512296677,0.040095038445700025,1014,3946.4783037475345,1023.3333333333334,True,kept
manual_s24_cyst_0003,24,scene24,True,425.0,0.25372826152822225,0.24128279089927673,0.04335216875083248,1013,3910.6525172754195,1023.3333333333334,True,kept
manual_s24_cyst_0003,24,scene24,True,435.0,0.2384046068984733,0.231608048081398,0.03428063577463606,1043,3992.4755512943434,1051.3333333333333,True,kept
manual_s24_cyst_0003,24,scene24,True,445.0,0.2351031959708271,0.23176290094852448,0.02687224320611025,1098,3886.1612021857923,1077.0,True,kept
manual_s24_cyst_0003,24,scene24,True,455.0,0.22542350229320177,0.2230820208787918,0.028700784124495074,1090,4030.8119266055046,1091.0,True,kept
manual_s24_cyst_0003,24,scene24,True,465.0,0.21835850504686205,0.21634544432163239,0.03147767019324175,1085,4057.533640552995,1079.6666666666667,True,kept
manual_s24_cyst_0003,24,scene24,True,475.0,0.21351508546928713,0.20916643738746643,0.024421694594106768,1064,4029.3280075187968,1062.3333333333333,True,kept
manual_s24_cyst_0003,24,scene24,True,485.0,0.20969888003747586,0.20627237856388092,0.025464620094234034,1038,4001.5269749518307,1036.0,True,kept
manual_s24_cyst_0003,24,scene24,True,495.0,0.20892636184663943,0.20641670376062393,0.025595349100917757,1006,3977.400596421471,1040.0,True,kept
manual_s24_cyst_0003,24,scene24,True,505.0,0.20755508209692944,0.20901724696159363,0.02237066357328874,1076,3938.0947955390334,1054.0,True,kept
manual_s24_cyst_0003,24,scene24,True,515.0,0.20906745918371059,0.20912323892116547,0.027769405673219116,1080,3986.9925925925927,1064.6666666666667,True,kept
manual_s24_cyst_0003,24,scene24,True,525.0,0.21216587051892785,0.2133713662624359,0.025971833978792016,1038,4000.499036608863,1028.6666666666667,True,kept
manual_s24_cyst_0003,24,scene24,True,535.0,0.21684126138748708,0.21871276944875717,0.026568815724811134,968,4059.6456611570247,964.6666666666666,True,kept
manual_s24_cyst_0003,24,scene24,True,545.0,0.20112586679222347,0.2005268931388855,0.030010915624944227,888,4252.351351351352,882.3333333333334,True,kept
manual_s24_cyst_0003,24,scene24,True,555.0,0.18375006376491335,0.17186003923416138,0.0422780589462888,791,4528.260429835651,763.6666666666666,True,kept
manual_s24_cyst_0003,24,scene24,True,565.0,0.19839404462501894,0.1888905093073845,0.042593629226848846,612,3777.9428104575163,542.0,True,kept
manual_s24_cyst_0003,24,scene24,True,575.0,0.24998721988211833,0.24836333096027374,0.02972270557479312,223,2350.121076233184,278.3333333333333,True,kept
manual_s24_cyst_0005,24,scene24,True,365.0,0.36000107498776995,0.3638203740119934,0.05796813911885234,447,3474.771812080537,430.0,True,kept
manual_s24_cyst_0005,24,scene24,True,375.0,0.32373436172551745,0.3187245726585388,0.043641251791875446,553,3729.8915009041593,560.0,True,kept
manual_s24_cyst_0005,24,scene24,True,385.0,0.29418762582628166,0.29199694097042084,0.04048989715901365,680,4054.3132352941175,672.3333333333334,True,kept
manual_s24_cyst_0005,24,scene24,True,395.0,0.2880744343357427,0.2880658954381943,0.05256113549355917,784,4153.043367346939,783.6666666666666,True,kept
manual_s24_cyst_0005,24,scene24,True,405.0,0.2801246221566818,0.2738281190395355,0.05728388127051721,887,4104.208568207441,870.3333333333334,True,kept
manual_s24_cyst_0005,24,scene24,True,415.0,0.26685148380855295,0.2626258283853531,0.04908020061929641,940,4175.489361702128,943.0,True,kept
manual_s24_cyst_0005,24,scene24,True,425.0,0.2565536656660472,0.2524404674768448,0.045364290357298075,1002,4178.429141716567,969.6666666666666,True,kept
manual_s24_cyst_0005,24,scene24,True,435.0,0.24439362032028858,0.2374984174966812,0.05036119756845716,967,4326.156153050672,976.0,True,kept
manual_s24_cyst_0005,24,scene24,True,445.0,0.23704178070375642,0.23149043321609497,0.04184724797277139,959,4364.813347236705,975.3333333333334,True,kept
manual_s24_cyst_0005,24,scene24,True,455.0,0.23078127567470075,0.2260190024971962,0.044403825931371856,1000,4443.993,1001.6666666666666,True,kept
manual_s24_cyst_0005,24,scene24,True,465.0,0.22774606183826582,0.22221967577934265,0.04568055812415891,1046,4412.998087954111,1023.3333333333334,True,kept
manual_s24_cyst_0005,24,scene24,True,475.0,0.22081166796851903,0.22232545912265778,0.039363203221291374,1024,4399.5966796875,1022.0,True,kept
manual_s24_cyst_0005,24,scene24,True,485.0,0.22211555339186545,0.2183387577533722,0.04182727716753057,996,4323.720883534136,996.3333333333334,True,kept
manual_s24_cyst_0005,24,scene24,True,495.0,0.21849408395150127,0.21845467388629913,0.03686192173611364,969,4317.6377708978325,987.3333333333334,True,kept
manual_s24_cyst_0005,24,scene24,True,505.0,0.21184389562221803,0.21009968221187592,0.0339223571908588,997,4331.980942828485,1024.6666666666667,True,kept
manual_s24_cyst_0005,24,scene24,True,515.0,0.20378662195285305,0.20242489129304886,0.03250194914526889,1108,4462.891696750902,1059.3333333333333,True,kept
manual_s24_cyst_0005,24,scene24,True,525.0,0.20696762669397534,0.2055264562368393,0.032337406506685186,1073,4411.864864864865,1057.6666666666667,True,kept
manual_s24_cyst_0005,24,scene24,True,535.0,0.20109387688458927,0.19919183105230331,0.027875487275891987,992,4562.4637096774195,996.3333333333334,True,kept
manual_s24_cyst_0005,24,scene24,True,545.0,0.19775015049618044,0.19592426717281342,0.036498485091675775,924,4714.818181818182,907.0,True,kept
manual_s24_cyst_0005,24,scene24,True,555.0,0.19135646007446028,0.18548083305358887,0.03691648700722948,805,4656.819875776398,799.6666666666666,True,kept
manual_s24_cyst_0005,24,scene24,True,565.0,0.207266318130849,0.19976378232240677,0.044970848786382286,670,4021.6,630.6666666666666,True,kept
manual_s24_cyst_0005,24,scene24,True,575.0,0.2515258866605713,0.25579556822776794,0.036688624434718146,417,2747.1750599520383,370.3333333333333,True,kept
manual_s24_cyst_0006,24,scene24,True,335.0,0.38469906824250377,0.3895200341939926,0.061355101172635616,434,3181.2442396313363,410.6666666666667,True,kept
manual_s24_cyst_0006,24,scene24,True,345.0,0.3589721258729696,0.35167165100574493,0.04476349822771376,560,3571.035714285714,555.3333333333334,True,kept
manual_s24_cyst_0006,24,scene24,True,355.0,0.33314586860970374,0.3267468959093094,0.03755609142174982,672,3859.248511904762,671.0,True,kept
manual_s24_cyst_0006,24,scene24,True,365.0,0.3236891559006768,0.3272424042224884,0.04015155215357562,781,4018.6235595390526,780.0,True,kept
manual_s24_cyst_0006,24,scene24,True,375.0,0.3135871305440163,0.31591784954071045,0.043668782703966236,887,4112.963923337092,882.0,True,kept
manual_s24_cyst_0006,24,scene24,True,385.0,0.3062985802568297,0.3016824424266815,0.042790988083479836,978,4152.144171779141,963.6666666666666,True,kept
manual_s24_cyst_0006,24,scene24,True,395.0,0.28999161172738086,0.2822290509939194,0.04667256676857021,1026,4177.991228070176,1000.6666666666666,True,kept
manual_s24_cyst_0006,24,scene24,True,405.0,0.2803416494168117,0.2745673954486847,0.04822537740776516,998,4137.377755511022,991.6666666666666,True,kept
manual_s24_cyst_0006,24,scene24,True,415.0,0.2680541231805218,0.26568594574928284,0.05701967217944456,951,4278.158780231335,958.0,True,kept
manual_s24_cyst_0006,24,scene24,True,425.0,0.2620446182263864,0.25562307238578796,0.056585364976136594,925,4219.391351351352,932.0,True,kept
manual_s24_cyst_0006,24,scene24,True,435.0,0.25613947151147803,0.252189502120018,0.0580910569280435,920,4322.4,937.3333333333334,True,kept
manual_s24_cyst_0006,24,scene24,True,445.0,0.243019905661723,0.24235376715660095,0.04552964993635283,967,4306.34436401241,970.3333333333334,True,kept
manual_s24_cyst_0006,24,scene24,True,455.0,0.22508286117226817,0.22477342188358307,0.03535002383401877,1024,4394.1962890625,1033.0,True,kept
manual_s24_cyst_0006,24,scene24,True,465.0,0.22213089497026983,0.22298194468021393,0.031013373639561446,1108,4297.031588447653,1105.3333333333333,True,kept
manual_s24_cyst_0006,24,scene24,True,475.0,0.21489008293310935,0.21203437447547913,0.03421642584216508,1184,4273.601351351352,1161.6666666666667,True,kept
manual_s24_cyst_0006,24,scene24,True,485.0,0.20942884437546247,0.20426808297634125,0.03858850117844107,1193,4334.872590108969,1176.6666666666667,True,kept
manual_s24_cyst_0006,24,scene24,True,495.0,0.20673611157889585,0.20053187012672424,0.044398619509830525,1153,4340.509106678231,1146.0,True,kept
manual_s24_cyst_0006,24,scene24,True,505.0,0.20261328997629466,0.19391211867332458,0.0456511901850891,1092,4459.063186813187,1093.6666666666667,True,kept
manual_s24_cyst_0006,24,scene24,True,515.0,0.19159787618573107,0.18638894706964493,0.033913645342208885,1036,4492.222972972973,1049.3333333333333,True,kept
manual_s24_cyst_0006,24,scene24,True,525.0,0.19052644881839845,0.1909302920103073,0.029947040745394983,1020,4445.007843137255,1024.3333333333333,True,kept
manual_s24_cyst_0006,24,scene24,True,535.0,0.19027241321615765,0.18956904113292694,0.024540185765455417,1017,4430.117994100295,999.0,True,kept
manual_s24_cyst_0006,24,scene24,True,545.0,0.19143934925086797,0.18739531934261322,0.029236136874761547,960,4494.135416666667,958.3333333333334,True,kept
manual_s24_cyst_0006,24,scene24,True,555.0,0.1897696825055476,0.18639523535966873,0.026408416251436775,898,4531.324053452116,899.6666666666666,True,kept
manual_s24_cyst_0006,24,scene24,True,565.0,0.19626489673230652,0.1910865753889084,0.03052593386496825,841,4340.6551724137935,828.0,True,kept
manual_s24_cyst_0006,24,scene24,True,575.0,0.19484796203022836,0.18499568104743958,0.0391759501786672,745,4321.734228187919,723.0,True,kept
manual_s24_cyst_0006,24,scene24,True,585.0,0.20386916060339322,0.18431639671325684,0.05557971718958303,583,4170.783876500857,556.0,True,kept
manual_s24_cyst_0006,24,scene24,True,595.0,0.2645924094406997,0.26268862187862396,0.043869841319645,340,2742.7176470588233,307.6666666666667,True,kept
manual_s24_cyst_0007,24,scene24,True,365.0,0.43544311454734325,0.41994449496269226,0.06519235104180263,321,2851.3115264797507,281.3333333333333,True,kept
manual_s24_cyst_0007,24,scene24,True,375.0,0.41018605530925745,0.3988994061946869,0.060180099782828844,449,3084.902004454343,465.0,True,kept
manual_s24_cyst_0007,24,scene24,True,385.0,0.3555029023647308,0.3508908748626709,0.04076190163144095,625,3348.0752,608.0,True,kept
manual_s24_cyst_0007,24,scene24,True,395.0,0.33799452195564905,0.33318306505680084,0.04312491515692805,750,3514.836,736.6666666666666,True,kept
manual_s24_cyst_0007,24,scene24,True,405.0,0.3276909370086864,0.3134706914424896,0.06668128289067793,835,3743.7245508982037,827.6666666666666,True,kept
manual_s24_cyst_0007,24,scene24,True,415.0,0.30014528050388156,0.280595600605011,0.06021877515704833,898,3833.0066815144764,900.3333333333334,True,kept
manual_s24_cyst_0007,24,scene24,True,425.0,0.2713069008001365,0.24409403651952744,0.06565162143510395,968,3913.910123966942,959.3333333333334,True,kept
manual_s24_cyst_0007,24,scene24,True,435.0,0.25474595866007765,0.22987452149391174,0.0589368308149901,1012,4028.3843873517785,980.6666666666666,True,kept
manual_s24_cyst_0007,24,scene24,True,445.0,0.24819825831297282,0.23519058525562286,0.04940469066220931,962,4007.626819126819,995.6666666666666,True,kept
manual_s24_cyst_0007,24,scene24,True,455.0,0.23657449148779208,0.223627507686615,0.043202075303866536,1013,4091.9407699901285,1020.6666666666666,True,kept
manual_s24_cyst_0007,24,scene24,True,465.0,0.22398401835201637,0.21308571100234985,0.037696451555375626,1087,4116.667893284269,1077.3333333333333,True,kept
manual_s24_cyst_0007,24,scene24,True,475.0,0.21626971781833013,0.2056649848818779,0.03922587433048654,1132,4168.043286219081,1114.3333333333333,True,kept
manual_s24_cyst_0007,24,scene24,True,485.0,0.2108390898016212,0.2022264525294304,0.03489716390323263,1124,4188.459964412811,1118.0,True,kept
manual_s24_cyst_0007,24,scene24,True,495.0,0.20115750669781626,0.19261842221021652,0.034612543082231946,1098,4232.55737704918,1095.3333333333333,True,kept
manual_s24_cyst_0007,24,scene24,True,505.0,0.19508172283159161,0.1846654936671257,0.037040142888391095,1064,4259.459586466165,1049.6666666666667,True,kept
manual_s24_cyst_0007,24,scene24,True,515.0,0.19100206506107353,0.18156388401985168,0.03599522603896176,987,4211.83282674772,979.0,True,kept
manual_s24_cyst_0007,24,scene24,True,525.0,0.19016577685188762,0.1866259127855301,0.032729175023482535,886,4078.142212189616,882.6666666666666,True,kept
manual_s24_cyst_0007,24,scene24,True,535.0,0.19020882239264827,0.18874765932559967,0.024676158654603864,775,4041.62064516129,791.6666666666666,True,kept
manual_s24_cyst_0007,24,scene24,True,545.0,0.18768723471825863,0.18649260699748993,0.02591786747660279,714,4065.921568627451,706.6666666666666,True,kept
manual_s24_cyst_0007,24,scene24,True,555.0,0.19120483799422788,0.18576423823833466,0.03671892204964156,631,3938.7147385103012,623.0,True,kept
manual_s24_cyst_0007,24,scene24,True,565.0,0.20242897187935488,0.19029321521520615,0.043981504189742775,524,3661.81106870229,485.0,True,kept
manual_s24_cyst_0007,24,scene24,True,575.0,0.2361737951139609,0.2317340224981308,0.04326412306007992,300,2856.7966666666666,279.6666666666667,True,kept
manual_s24_cyst_0008,24,scene24,True,595.0,0.1094258254218214,0.0894470289349556,0.05562456066819966,265,4424.392452830189,457.3333333333333,True,kept
manual_s24_cyst_0008,24,scene24,True,605.0,0.17696426409069116,0.20599502325057983,0.07481630018359776,1019,3286.646712463199,926.6666666666666,True,kept
manual_s24_cyst_0008,24,scene24,True,615.0,0.16006987061311695,0.1616147756576538,0.0712613014558488,1496,4465.808823529412,1401.0,True,kept
manual_s24_cyst_0008,24,scene24,True,625.0,0.15593892871457377,0.15774787962436676,0.06498120311332731,1688,5111.140402843602,1678.6666666666667,True,kept
manual_s24_cyst_0008,24,scene24,True,635.0,0.16584133868785594,0.17382565140724182,0.06425354942996454,1852,5127.373650107991,1815.3333333333333,True,kept
manual_s24_cyst_0008,24,scene24,True,645.0,0.17652766152450194,0.18981609493494034,0.06343497137210752,1906,5074.7843651626445,1882.3333333333333,True,kept
manual_s24_cyst_0008,24,scene24,True,655.0,0.18670321390320693,0.20219098031520844,0.06483516002903121,1889,4938.221810481737,1900.0,True,kept
manual_s24_cyst_0008,24,scene24,True,665.0,0.18689738679921689,0.19625207781791687,0.055929571528234655,1905,4830.007349081365,1721.3333333333333,True,kept
manual_s24_cyst_0008,24,scene24,True,675.0,0.1933878084705857,0.20149363577365875,0.06285300512784422,1370,4559.607299270073,1422.6666666666667,True,kept
manual_s24_cyst_0008,24,scene24,True,685.0,0.2014214618878077,0.20950087904930115,0.06898283470203136,993,4374.424974823766,1095.3333333333333,True,kept
manual_s24_cyst_0008,24,scene24,True,695.0,0.22013942526808797,0.21728338301181793,0.05430889385979083,923,4522.29360780065,941.6666666666666,True,kept
manual_s24_cyst_0008,24,scene24,True,705.0,0.2195843707839779,0.21636059880256653,0.04136572763979954,909,4509.052805280528,925.6666666666666,True,kept
manual_s24_cyst_0008,24,scene24,True,715.0,0.2139478401059196,0.21113379299640656,0.03630585204901119,945,4596.143915343915,1158.3333333333333,True,kept
manual_s24_cyst_0008,24,scene24,True,725.0,0.20850801677486178,0.20398776233196259,0.027895073387753995,1621,4554.227020357804,1433.6666666666667,True,kept
manual_s24_cyst_0008,24,scene24,True,735.0,0.21152383285743703,0.20794305205345154,0.029029032877970082,1735,4623.6685878962535,1674.0,True,kept
manual_s24_cyst_0008,24,scene24,True,745.0,0.21301474607362897,0.21007530391216278,0.034329607153057266,1666,4746.077430972389,1667.3333333333333,True,kept
manual_s24_cyst_0008,24,scene24,True,755.0,0.2077880604966293,0.2006697654724121,0.04159707921020709,1601,4898.933166770768,1599.6666666666667,True,kept
manual_s24_cyst_0008,24,scene24,True,765.0,0.19397068553781696,0.1820465698838234,0.05013037339183288,1532,5089.227806788512,1503.3333333333333,True,kept
manual_s24_cyst_0008,24,scene24,True,775.0,0.19770010562374182,0.18006281554698944,0.06058603833881102,1377,4775.196078431372,1353.3333333333333,True,kept
manual_s24_cyst_0008,24,scene24,True,785.0,0.24074658413589983,0.23559781908988953,0.051581203211324075,1151,3342.6646394439617,954.3333333333334,True,kept
manual_s24_cyst_0008,24,scene24,True,795.0,0.2874580993136363,0.2842996120452881,0.030677066933303774,335,2264.4656716417912,495.3333333333333,True,kept
manual_s24_cyst_0009,24,scene24,True,365.0,0.41340592125210834,0.3976459801197052,0.08114007264374129,449,3579.9398663697107,422.3333333333333,True,kept
manual_s24_cyst_0009,24,scene24,True,375.0,0.3920323347901227,0.39102309942245483,0.05556392604606541,579,3970.9119170984454,579.0,True,kept
manual_s24_cyst_0009,24,scene24,True,385.0,0.36667496613285944,0.3615154027938843,0.060242778271890236,709,4039.8434414668545,698.0,True,kept
manual_s24_cyst_0009,24,scene24,True,395.0,0.3423977952921953,0.32894182205200195,0.05901035449039504,806,4008.454094292804,799.0,True,kept
manual_s24_cyst_0009,24,scene24,True,405.0,0.31708564862710276,0.31069234013557434,0.047687121879950875,882,4161.859410430839,880.3333333333334,True,kept
manual_s24_cyst_0009,24,scene24,True,415.0,0.2900202102951338,0.27643388509750366,0.05270660606371071,953,4294.77334732424,935.3333333333334,True,kept
manual_s24_cyst_0009,24,scene24,True,425.0,0.27575689192044134,0.2600212097167969,0.06477734167844978,971,4273.53553038105,960.0,True,kept
manual_s24_cyst_0009,24,scene24,True,435.0,0.26076993556638645,0.2561901658773422,0.04513227332508512,956,4251.967573221757,984.3333333333334,True,kept
manual_s24_cyst_0009,24,scene24,True,445.0,0.25088262370629616,0.24491073191165924,0.047061927252900426,1026,4341.700779727095,1013.6666666666666,True,kept
manual_s24_cyst_0009,24,scene24,True,455.0,0.24865160049471347,0.24293938279151917,0.04595223579110002,1059,4325.893295561851,1044.6666666666667,True,kept
manual_s24_cyst_0009,24,scene24,True,465.0,0.24086333737416535,0.23588208854198456,0.042644196104716266,1049,4277.346997140134,1042.3333333333333,True,kept
manual_s24_cyst_0009,24,scene24,True,475.0,0.22968593649237148,0.22524599730968475,0.0442421894828485,1019,4326.820412168793,1014.6666666666666,True,kept
manual_s24_cyst_0009,24,scene24,True,485.0,0.22289041927481285,0.2164362072944641,0.042498385073402846,976,4408.175204918033,981.0,True,kept
manual_s24_cyst_0009,24,scene24,True,495.0,0.2164915127813313,0.21246404945850372,0.03428886254338204,948,4439.353375527427,968.3333333333334,True,kept
manual_s24_cyst_0009,24,scene24,True,505.0,0.21699466276059456,0.2129756212234497,0.03265619924175522,981,4398.301732925586,967.6666666666666,True,kept
manual_s24_cyst_0009,24,scene24,True,515.0,0.20960278172634955,0.20148853212594986,0.033360230467858736,974,4478.862422997947,961.6666666666666,True,kept
manual_s24_cyst_0009,24,scene24,True,525.0,0.2071290543002467,0.20510981976985931,0.03203219116002145,930,4613.654838709677,926.6666666666666,True,kept
manual_s24_cyst_0009,24,scene24,True,535.0,0.20916390618028707,0.20929493010044098,0.03115885939522636,876,4751.384703196347,872.3333333333334,True,kept
manual_s24_cyst_0009,24,scene24,True,545.0,0.19345994527037136,0.1836818903684616,0.03767134252470292,811,5186.7090012330455,804.0,True,kept
manual_s24_cyst_0009,24,scene24,True,555.0,0.18588362810940579,0.17374847829341888,0.03962065712885071,725,5078.550344827586,718.3333333333334,True,kept
manual_s24_cyst_0009,24,scene24,True,565.0,0.19981250311330756,0.19624175131320953,0.04020262720091637,619,4124.552504038772,602.3333333333334,True,kept
manual_s24_cyst_0009,24,scene24,True,575.0,0.20051472923732475,0.2089451253414154,0.05300379608698609,463,3088.1533477321814,405.3333333333333,True,kept
manual_s25_cyst_0001,25,scene25,True,695.0,0.17321157571056794,0.1729736030101776,0.024577284328625576,348,2659.2413793103447,319.3333333333333,True,kept
manual_s25_cyst_0001,25,scene25,True,705.0,0.14388102651974619,0.13497119396924973,0.030010892892745503,604,4022.359271523179,584.6666666666666,True,kept
manual_s25_cyst_0001,25,scene25,True,715.0,0.1539925292896065,0.1487259417772293,0.02731921709894067,802,4481.01246882793,791.0,True,kept
manual_s25_cyst_0001,25,scene25,True,725.0,0.1661009640349104,0.16521137952804565,0.02386272594321804,967,4587.991726990693,959.3333333333334,True,kept
manual_s25_cyst_0001,25,scene25,True,735.0,0.17978811630856573,0.17925892770290375,0.026736577107501266,1109,4593.881875563571,1118.0,True,kept
manual_s25_cyst_0001,25,scene25,True,745.0,0.18774874337565545,0.1874719187617302,0.029439990253836205,1278,4517.10172143975,1263.3333333333333,True,kept
manual_s25_cyst_0001,25,scene25,True,755.0,0.1923776725393402,0.18914401531219482,0.03164819331887233,1403,4445.573770491803,1351.6666666666667,True,kept
manual_s25_cyst_0001,25,scene25,True,765.0,0.2032796376462066,0.19982704520225525,0.03688278402395709,1374,4327.240174672489,1351.0,True,kept
manual_s25_cyst_0001,25,scene25,True,775.0,0.214082360191732,0.20843389630317688,0.05305916980465872,1276,4338.211598746081,1320.0,True,kept
manual_s25_cyst_0001,25,scene25,True,785.0,0.21536805025152578,0.20677322894334793,0.05482929534400791,1310,4351.480152671756,1315.6666666666667,True,kept
manual_s25_cyst_0001,25,scene25,True,795.0,0.2133941496506848,0.21059845387935638,0.04296279990309719,1361,4277.588537839823,1343.6666666666667,True,kept
manual_s25_cyst_0001,25,scene25,True,805.0,0.21685018737197798,0.20711515098810196,0.04585296711546972,1360,4191.988970588235,1367.6666666666667,True,kept
manual_s25_cyst_0001,25,scene25,True,815.0,0.21868747722373685,0.20571810752153397,0.05912589567267087,1382,4230.733719247468,1367.0,True,kept
manual_s25_cyst_0001,25,scene25,True,825.0,0.2237613375536478,0.20768120884895325,0.06142033611441124,1359,4210.915378955114,1387.6666666666667,True,kept
manual_s25_cyst_0001,25,scene25,True,835.0,0.22249838906836744,0.21119968593120575,0.0594719162229325,1422,4261.326300984529,1427.0,True,kept
manual_s25_cyst_0001,25,scene25,True,845.0,0.22562434129416942,0.22239671647548676,0.054906428606916614,1500,4207.104666666667,1433.0,True,kept
manual_s25_cyst_0001,25,scene25,True,855.0,0.23615311526611565,0.2346240133047104,0.048467695266639764,1377,4071.8990559186636,1361.6666666666667,True,kept
manual_s25_cyst_0001,25,scene25,True,865.0,0.24395679640552856,0.24206874519586563,0.057471860213933156,1208,4096.771523178808,1210.0,True,kept
manual_s25_cyst_0001,25,scene25,True,875.0,0.248538823005115,0.2497320920228958,0.0596346537481026,1045,4042.311961722488,1045.3333333333333,True,kept
manual_s25_cyst_0001,25,scene25,True,885.0,0.2586623324948286,0.24304206669330597,0.07726464332638373,883,3931.867497168743,875.3333333333334,True,kept
manual_s25_cyst_0001,25,scene25,True,895.0,0.266776424509748,0.2513340413570404,0.06627012373684958,698,3822.275071633238,681.6666666666666,True,kept
manual_s25_cyst_0001,25,scene25,True,905.0,0.33764798980977,0.3211127668619156,0.08589127310590901,464,3125.4094827586205,420.0,True,kept
manual_s25_cyst_0002,25,scene25,True,875.0,0.1508556604807904,0.14786650240421295,0.023426785923265452,529,4057.241965973535,499.6666666666667,True,kept
manual_s25_cyst_0002,25,scene25,True,885.0,0.1596238782380471,0.15852956473827362,0.022109096161550584,681,4287.888399412628,666.0,True,kept
manual_s25_cyst_0002,25,scene25,True,895.0,0.16488793546210995,0.16446420550346375,0.024207760935337823,788,4599.393401015229,780.0,True,kept
manual_s25_cyst_0002,25,scene25,True,905.0,0.16767196931227205,0.168756902217865,0.02326479216510214,871,4716.014925373134,863.3333333333334,True,kept
manual_s25_cyst_0002,25,scene25,True,915.0,0.17229534880879357,0.1715032160282135,0.02303214810748958,931,4801.8421052631575,923.0,True,kept
manual_s25_cyst_0002,25,scene25,True,925.0,0.1825903022301604,0.18484894931316376,0.0220700769663318,967,4551.8634953464325,946.3333333333334,True,kept
manual_s25_cyst_0002,25,scene25,True,935.0,0.18432457469538346,0.1852423995733261,0.020789855926812043,941,4543.207226354942,946.6666666666666,True,kept
manual_s25_cyst_0002,25,scene25,True,945.0,0.18031231582548485,0.18013782799243927,0.025104804202483906,932,4641.782188841202,932.3333333333334,True,kept
manual_s25_cyst_0002,25,scene25,True,955.0,0.17965798025942725,0.1833941787481308,0.02907309770966121,924,4662.021645021645,934.0,True,kept
manual_s25_cyst_0002,25,scene25,True,965.0,0.18210332915501917,0.18673698604106903,0.028953667791404396,946,4611.637420718816,951.0,True,kept
manual_s25_cyst_0002,25,scene25,True,975.0,0.18387371157641813,0.1878349632024765,0.03232718514205468,983,4679.125127161749,978.3333333333334,True,kept
manual_s25_cyst_0002,25,scene25,True,985.0,0.19335027093115906,0.1940435916185379,0.031510770149530604,1006,4552.81013916501,1008.6666666666666,True,kept
manual_s25_cyst_0002,25,scene25,True,995.0,0.20228105099474797,0.2007727026939392,0.03290279485207049,1037,4398.4136933461905,1023.6666666666666,True,kept
manual_s25_cyst_0002,25,scene25,True,1005.0,0.2051105487236485,0.20097766071558,0.0331015379801224,1028,4398.1527237354085,1021.3333333333334,True,kept
manual_s25_cyst_0002,25,scene25,True,1015.0,0.20551538882074175,0.20351764559745789,0.03299975192211877,999,4443.111111111111,1001.6666666666666,True,kept
manual_s25_cyst_0002,25,scene25,True,1025.0,0.21650723588856696,0.2187105417251587,0.035567105214142566,978,4374.585889570552,972.0,True,kept
manual_s25_cyst_0002,25,scene25,True,1035.0,0.22240239248489038,0.22321222722530365,0.04411754905538892,939,4341.9936102236425,960.3333333333334,True,kept
manual_s25_cyst_0002,25,scene25,True,1045.0,0.23152460080583065,0.2312549203634262,0.0462965643573344,964,4254.845435684647,990.3333333333334,True,kept
manual_s25_cyst_0002,25,scene25,True,1055.0,0.23729594114623712,0.23363056778907776,0.050526189946390396,1068,4189.781835205992,1039.6666666666667,True,kept
manual_s25_cyst_0002,25,scene25,True,1065.0,0.2412616478925247,0.24015161395072937,0.04467834432756089,1087,4177.096596136154,1063.0,True,kept
manual_s25_cyst_0002,25,scene25,True,1075.0,0.2510727611397406,0.251638725399971,0.046267248395252904,1034,4170.252417794971,1025.3333333333333,True,kept
manual_s25_cyst_0002,25,scene25,True,1085.0,0.2604292994394352,0.25410228967666626,0.05739492352911304,955,4233.565445026178,957.6666666666666,True,kept
manual_s25_cyst_0002,25,scene25,True,1095.0,0.2671005616293234,0.25901202857494354,0.05304460449713954,884,4110.182126696833,848.3333333333334,True,kept
manual_s25_cyst_0002,25,scene25,True,1105.0,0.28040657544946535,0.2688807547092438,0.05124700296260252,706,3891.640226628895,722.0,True,kept
manual_s25_cyst_0002,25,scene25,True,1115.0,0.3155589920158188,0.2896356135606766,0.07502645145727664,576,3525.3611111111113,539.0,True,kept
manual_s25_cyst_0002,25,scene25,True,1125.0,0.37192748607094606,0.36260756850242615,0.08067829351926865,335,2849.9462686567163,313.3333333333333,True,kept
manual_s25_cyst_0003,25,scene25,True,485.0,0.31452840864038767,0.3046405017375946,0.05612128153916931,481,3581.070686070686,444.3333333333333,True,kept
manual_s25_cyst_0003,25,scene25,True,495.0,0.28843104292800326,0.2884107381105423,0.04827695394358767,668,4225.02245508982,680.3333333333334,True,kept
manual_s25_cyst_0003,25,scene25,True,505.0,0.28744892929701527,0.2908371537923813,0.0667047462556226,892,4238.951793721973,876.0,True,kept
manual_s25_cyst_0003,25,scene25,True,515.0,0.26904461743512403,0.27386364340782166,0.06594635349085849,1068,4386.527153558052,1061.6666666666667,True,kept
manual_s25_cyst_0003,25,scene25,True,525.0,0.25348001146803095,0.2532255947589874,0.06660434254791903,1225,4615.86693877551,1210.0,True,kept
manual_s25_cyst_0003,25,scene25,True,535.0,0.25065655278553245,0.25578954815864563,0.07346910556451738,1337,4689.175018698579,1311.3333333333333,True,kept
manual_s25_cyst_0003,25,scene25,True,545.0,0.2506525987221618,0.24434233456850052,0.0679457953697758,1372,4494.661807580175,1323.0,True,kept
manual_s25_cyst_0003,25,scene25,True,555.0,0.2416189564066747,0.22953786700963974,0.07530616772243284,1260,4614.442063492063,1275.3333333333333,True,kept
manual_s25_cyst_0003,25,scene25,True,565.0,0.2398114002167779,0.22579430043697357,0.0765734308573696,1194,4498.788944723618,1215.6666666666667,True,kept
manual_s25_cyst_0003,25,scene25,True,575.0,0.23676003778020774,0.215267151594162,0.07444628247992216,1193,4424.0343671416595,1214.6666666666667,True,kept
manual_s25_cyst_0003,25,scene25,True,585.0,0.24007650452918636,0.2266816347837448,0.07157519979180084,1257,4332.369132856006,1267.6666666666667,True,kept
manual_s25_cyst_0003,25,scene25,True,595.0,0.23756973425591335,0.22706934809684753,0.07285696191449029,1353,4365.170731707317,1385.0,True,kept
manual_s25_cyst_0003,25,scene25,True,605.0,0.23404405943108994,0.21765553951263428,0.07828449851117741,1545,4440.042718446602,1536.6666666666667,True,kept
manual_s25_cyst_0003,25,scene25,True,615.0,0.22256082038299363,0.20948413014411926,0.05826406434380611,1712,4443.520443925234,1654.6666666666667,True,kept
manual_s25_cyst_0003,25,scene25,True,625.0,0.22989290089340467,0.20904183387756348,0.0694862054896993,1707,4401.273579379028,1634.6666666666667,True,kept
manual_s25_cyst_0003,25,scene25,True,635.0,0.21194233072526528,0.19923608005046844,0.05776446645204725,1485,4745.947474747475,1509.0,True,kept
manual_s25_cyst_0003,25,scene25,True,645.0,0.19030539144514205,0.18016591668128967,0.050784148647784064,1335,5002.041198501873,1316.0,True,kept
manual_s25_cyst_0003,25,scene25,True,655.0,0.1756461491042101,0.16149155050516129,0.04392709733663429,1128,4980.962765957447,1114.0,True,kept
manual_s25_cyst_0003,25,scene25,True,665.0,0.19844095493678482,0.18881531059741974,0.051215397416244375,879,3909.4470989761094,810.6666666666666,True,kept
manual_s25_cyst_0003,25,scene25,True,675.0,0.22995174765586854,0.23205752670764923,0.030550091848612886,425,2688.7176470588233,435.0,True,kept
manual_s25_cyst_0004,25,scene25,True,955.0,0.16151975025568088,0.1504129320383072,0.03500596677577215,481,4117.471933471934,448.3333333333333,True,kept
manual_s25_cyst_0004,25,scene25,True,965.0,0.16300533954054117,0.15965577960014343,0.029658516924269032,600,4561.876666666667,592.6666666666666,True,kept
manual_s25_cyst_0004,25,scene25,True,975.0,0.16881719615358534,0.17204749584197998,0.02796095092793051,697,4542.212338593974,686.0,True,kept
manual_s25_cyst_0004,25,scene25,True,985.0,0.1713378659881524,0.17373204231262207,0.026695782303453573,761,4528.053876478318,760.6666666666666,True,kept
manual_s25_cyst_0004,25,scene25,True,995.0,0.16814632717411496,0.16927118599414825,0.027792612556142654,824,4652.354368932039,818.6666666666666,True,kept
manual_s25_cyst_0004,25,scene25,True,1005.0,0.1712830156840632,0.17555129528045654,0.02579095651124151,871,4590.002296211252,867.0,True,kept
manual_s25_cyst_0004,25,scene25,True,1015.0,0.16693066541623597,0.16993089765310287,0.028500517943969437,906,4684.592715231788,889.6666666666666,True,kept
manual_s25_cyst_0004,25,scene25,True,1025.0,0.17002330174995378,0.17423418164253235,0.026595539145057308,892,4545.911434977578,887.0,True,kept
manual_s25_cyst_0004,25,scene25,True,1035.0,0.16913916381250804,0.17362530529499054,0.025659484706252463,863,4618.383545770568,872.6666666666666,True,kept
manual_s25_cyst_0004,25,scene25,True,1045.0,0.17119497587410074,0.1758885681629181,0.026487033326722365,863,4560.535341830822,861.0,True,kept
manual_s25_cyst_0004,25,scene25,True,1055.0,0.17428597500993323,0.17794933915138245,0.02843385025374349,857,4500.660443407234,857.3333333333334,True,kept
manual_s25_cyst_0004,25,scene25,True,1065.0,0.17711069545065852,0.17962398380041122,0.02842365878380276,852,4552.610328638498,853.0,True,kept
manual_s25_cyst_0004,25,scene25,True,1075.0,0.18041818651206354,0.18150602281093597,0.025757872462954842,850,4439.535294117647,849.3333333333334,True,kept
manual_s25_cyst_0004,25,scene25,True,1085.0,0.1785005537471591,0.18012948334217072,0.02718391071890346,846,4466.651300236406,849.6666666666666,True,kept
manual_s25_cyst_0004,25,scene25,True,1095.0,0.1833156346838052,0.1827680766582489,0.023889108918242464,853,4347.549824150059,853.0,True,kept
manual_s25_cyst_0004,25,scene25,True,1105.0,0.18451174618026545,0.18457872420549393,0.025489027626897864,860,4324.182558139535,858.6666666666666,True,kept
manual_s25_cyst_0004,25,scene25,True,1115.0,0.18484080846174292,0.18645332753658295,0.027976206360974972,863,4368.886442641947,863.3333333333334,True,kept
manual_s25_cyst_0004,25,scene25,True,1125.0,0.19150043424163035,0.19439640641212463,0.02963803991360769,867,4262.304498269897,868.3333333333334,True,kept
manual_s25_cyst_0004,25,scene25,True,1135.0,0.19926430337769643,0.19977711141109467,0.03399536207007764,875,4204.629714285715,869.3333333333334,True,kept
manual_s25_cyst_0004,25,scene25,True,1145.0,0.2109868510972545,0.2108609676361084,0.031728767536925565,866,4085.245958429561,945.6666666666666,True,kept
manual_s25_cyst_0004,25,scene25,True,1155.0,0.21031837993349037,0.20758797973394394,0.02764927402593934,1096,4097.700729927007,1046.6666666666667,True,kept
manual_s25_cyst_0004,25,scene25,True,1165.0,0.21012784560892497,0.2068273425102234,0.02806528683538703,1178,4124.129032258064,1148.3333333333333,True,kept
manual_s25_cyst_0004,25,scene25,True,1175.0,0.21732848602721672,0.21129731833934784,0.034482862070674414,1171,4149.1725021349275,1164.0,True,kept
manual_s25_cyst_0004,25,scene25,True,1185.0,0.22816844294963964,0.22137174010276794,0.03667562675452741,1143,4213.578302712161,1138.0,True,kept
manual_s25_cyst_0004,25,scene25,True,1195.0,0.24456900172612883,0.23519260436296463,0.04736551891849609,1100,4182.327272727272,1081.0,True,kept
manual_s25_cyst_0004,25,scene25,True,1205.0,0.24974229095876216,0.2398407757282257,0.048798641841069246,1000,4208.303,977.6666666666666,True,kept
manual_s25_cyst_0004,25,scene25,True,1215.0,0.27113128486586935,0.2522239089012146,0.06575978775709722,833,3785.5846338535416,761.3333333333334,True,kept
manual_s25_cyst_0004,25,scene25,True,1225.0,0.3130382924214699,0.31316161155700684,0.0492275823759916,451,2816.2926829268295,435.3333333333333,True,kept
manual_s25_cyst_0006,25,scene25,True,275.0,0.4757055127598743,0.45651525259017944,0.07836921042151807,543,3860.254143646409,511.6666666666667,True,kept
manual_s25_cyst_0006,25,scene25,True,285.0,0.45375606274132013,0.4382658749818802,0.09413675464348024,706,4358.220963172805,681.0,True,kept
manual_s25_cyst_0006,25,scene25,True,295.0,0.44382198245008886,0.42775559425354004,0.06831500102338339,794,4312.055415617128,798.3333333333334,True,kept
manual_s25_cyst_0006,25,scene25,True,305.0,0.39568985077921903,0.39247313141822815,0.0485920392013241,895,4288.711731843576,881.6666666666666,True,kept
manual_s25_cyst_0006,25,scene25,True,315.0,0.34369101278702086,0.33699339628219604,0.04464343649254237,956,4357.114016736402,948.3333333333334,True,kept
manual_s25_cyst_0006,25,scene25,True,325.0,0.3200921531414362,0.3149869740009308,0.04970729634765515,994,4412.350100603621,972.3333333333334,True,kept
manual_s25_cyst_0006,25,scene25,True,335.0,0.3087768520478009,0.30029183626174927,0.04427662705397348,967,4517.65563598759,942.0,True,kept
manual_s25_cyst_0006,25,scene25,True,345.0,0.2952248474249261,0.28425735235214233,0.05414215661658732,865,4593.591907514451,894.6666666666666,True,kept
manual_s25_cyst_0006,25,scene25,True,355.0,0.2851031844814618,0.2740873694419861,0.05218305032828132,852,4548.024647887324,859.6666666666666,True,kept
manual_s25_cyst_0006,25,scene25,True,365.0,0.2697501301834589,0.2622045874595642,0.045289298324747054,862,4655.501160092807,859.3333333333334,True,kept
manual_s25_cyst_0006,25,scene25,True,375.0,0.26193048994712254,0.2506991922855377,0.04278201947316082,864,4616.761574074074,861.0,True,kept
manual_s25_cyst_0006,25,scene25,True,385.0,0.24256267587251118,0.23242327570915222,0.04649330930910289,857,4602.329054842474,863.6666666666666,True,kept
manual_s25_cyst_0006,25,scene25,True,395.0,0.22364586653380558,0.21811456233263016,0.03496476172176271,870,4733.450574712644,869.6666666666666,True,kept
manual_s25_cyst_0006,25,scene25,True,405.0,0.22389741792700457,0.21679560095071793,0.031167244864685358,882,4638.240362811792,876.3333333333334,True,kept
manual_s25_cyst_0006,25,scene25,True,415.0,0.22336657950176753,0.2166675180196762,0.03176615348934017,877,4655.570125427594,874.3333333333334,True,kept
manual_s25_cyst_0006,25,scene25,True,425.0,0.21185693822594154,0.20519862323999405,0.0382902342357191,864,4790.552083333333,867.0,True,kept
manual_s25_cyst_0006,25,scene25,True,435.0,0.1983794072859509,0.1983012929558754,0.033076079870644384,860,4785.59534883721,861.0,True,kept
manual_s25_cyst_0006,25,scene25,True,445.0,0.19757008535204168,0.19535569846630096,0.027659415969378785,859,4597.962747380675,861.0,True,kept
manual_s25_cyst_0006,25,scene25,True,455.0,0.19776326895656962,0.19392619282007217,0.032935114491447266,864,4617.634259259259,866.3333333333334,True,kept
manual_s25_cyst_0006,25,scene25,True,465.0,0.1874444719029752,0.18847129493951797,0.03305039166528471,876,4724.769406392694,873.3333333333334,True,kept
manual_s25_cyst_0006,25,scene25,True,475.0,0.17775689904493364,0.17884595692157745,0.030121186139508285,880,4821.9625,884.6666666666666,True,kept
manual_s25_cyst_0006,25,scene25,True,485.0,0.17328753820174522,0.17263484746217728,0.022694532340996654,898,4758.8285077951,893.0,True,kept
manual_s25_cyst_0006,25,scene25,True,495.0,0.16859017434911377,0.16696378588676453,0.024824345443173836,901,4746.627081021088,895.6666666666666,True,kept
manual_s25_cyst_0006,25,scene25,True,505.0,0.1628302922304552,0.16100163012742996,0.027055458353201858,888,4886.863738738739,894.0,True,kept
manual_s25_cyst_0006,25,scene25,True,515.0,0.163720381662066,0.16625447571277618,0.027778132536507398,893,4818.521836506159,875.3333333333334,True,kept
manual_s25_cyst_0006,25,scene25,True,525.0,0.16676057304679995,0.16684415936470032,0.02656693230097131,845,4694.666272189349,850.3333333333334,True,kept
manual_s25_cyst_0006,25,scene25,True,535.0,0.16278066929672624,0.1629897803068161,0.02723543673586775,813,4703.423124231243,813.6666666666666,True,kept
manual_s25_cyst_0006,25,scene25,True,545.0,0.16308084300613343,0.1643463522195816,0.026498828618001395,783,4628.030651340996,776.6666666666666,True,kept
manual_s25_cyst_0006,25,scene25,True,555.0,0.16620497959754774,0.16387195140123367,0.02811410377474835,734,4506.75340599455,720.0,True,kept
manual_s25_cyst_0006,25,scene25,True,565.0,0.15818381287493566,0.1539115309715271,0.03617379822761171,643,4817.404354587869,640.6666666666666,True,kept
manual_s25_cyst_0006,25,scene25,True,575.0,0.1542978434524405,0.14093594253063202,0.04076220860937983,545,4709.711926605504,533.0,True,kept
manual_s25_cyst_0006,25,scene25,True,585.0,0.18900166874311847,0.18484221398830414,0.04342807077873532,411,3543.1289537712896,351.3333333333333,True,kept
manual_s25_cyst_0007,25,scene25,True,875.0,0.1646077603376406,0.1626930981874466,0.027912396946289966,434,3409.3963133640555,390.0,True,kept
manual_s25_cyst_0007,25,scene25,True,885.0,0.14383409103265585,0.13455276936292648,0.030603350243035385,626,4569.656549520767,604.6666666666666,True,kept
manual_s25_cyst_0007,25,scene25,True,895.0,0.14753920959422379,0.14436783641576767,0.0227683099726643,754,4733.925729442971,732.0,True,kept
manual_s25_cyst_0007,25,scene25,True,905.0,0.15245656935753776,0.15267716348171234,0.02673973484880865,816,4818.895833333333,818.3333333333334,True,kept
manual_s25_cyst_0007,25,scene25,True,915.0,0.15508676328733143,0.16087603569030762,0.02823597031884123,885,4776.229378531073,891.6666666666666,True,kept
manual_s25_cyst_0007,25,scene25,True,925.0,0.15670075388414903,0.1595536172389984,0.02593072042856344,974,4675.055441478439,958.3333333333334,True,kept
manual_s25_cyst_0007,25,scene25,True,935.0,0.1549685267423551,0.15853269398212433,0.02555269276166906,1016,4672.1968503937005,984.0,True,kept
manual_s25_cyst_0007,25,scene25,True,945.0,0.15630352645802648,0.15997720509767532,0.02704663368495265,962,4617.462577962578,980.0,True,kept
manual_s25_cyst_0007,25,scene25,True,955.0,0.1548547509228985,0.1595308855175972,0.026669442699097518,962,4718.511434511434,957.0,True,kept
manual_s25_cyst_0007,25,scene25,True,965.0,0.15893781189083928,0.16017404198646545,0.024475614392484798,947,4608.661034846885,965.0,True,kept
manual_s25_cyst_0007,25,scene25,True,975.0,0.15751791969848453,0.15774088352918625,0.021983885442212865,986,4602.498985801217,981.0,True,kept
manual_s25_cyst_0007,25,scene25,True,985.0,0.16167212414859544,0.16280719637870789,0.022489853892014917,1010,4595.9821782178215,1007.6666666666666,True,kept
manual_s25_cyst_0007,25,scene25,True,995.0,0.16415590661584228,0.16444242000579834,0.020100574546368547,1027,4573.375851996105,1019.6666666666666,True,kept
manual_s25_cyst_0007,25,scene25,True,1005.0,0.16603677543408718,0.16366498917341232,0.02653547864024004,1022,4682.687866927593,1022.0,True,kept
manual_s25_cyst_0007,25,scene25,True,1015.0,0.16674932042611149,0.16529788076877594,0.029154904747478595,1017,4673.152409046214,1024.3333333333333,True,kept
manual_s25_cyst_0007,25,scene25,True,1025.0,0.1686044389551336,0.16821742057800293,0.026719184172262916,1034,4592.852030947775,1019.0,True,kept
manual_s25_cyst_0007,25,scene25,True,1035.0,0.1700556805101825,0.16826412081718445,0.03396914212373117,1006,4596.982107355865,1001.0,True,kept
manual_s25_cyst_0007,25,scene25,True,1045.0,0.1776460508582872,0.17518435418605804,0.030915053173966322,963,4502.02596053998,972.3333333333334,True,kept
manual_s25_cyst_0007,25,scene25,True,1055.0,0.1905190457240187,0.19045130908489227,0.026104155822255025,948,4284.327004219409,969.3333333333334,True,kept
manual_s25_cyst_0007,25,scene25,True,1065.0,0.19291436009355628,0.193267360329628,0.02386186079105467,997,4214.816449348044,1008.6666666666666,True,kept
manual_s25_cyst_0007,25,scene25,True,1075.0,0.19514590443889926,0.19396129250526428,0.024752018382444837,1081,4346.00092506938,1052.0,True,kept
manual_s25_cyst_0007,25,scene25,True,1085.0,0.1967533928565059,0.19493133574724197,0.027379588640074212,1078,4379.769944341373,1061.6666666666667,True,kept
manual_s25_cyst_0007,25,scene25,True,1095.0,0.20705721120678658,0.20430424064397812,0.031724595003230764,1026,4224.762183235867,1012.6666666666666,True,kept
manual_s25_cyst_0007,25,scene25,True,1105.0,0.2054774780344912,0.20143945515155792,0.02916027189229947,934,4343.041755888651,933.0,True,kept
manual_s25_cyst_0007,25,scene25,True,1115.0,0.21837148118289065,0.21127209067344666,0.04313243757958609,839,4269.930870083433,815.0,True,kept
manual_s25_cyst_0007,25,scene25,True,1125.0,0.23583859358248965,0.22689776867628098,0.04189358082869506,672,3919.6071428571427,669.0,True,kept
manual_s25_cyst_0007,25,scene25,True,1135.0,0.26346090024397256,0.25501203536987305,0.044977529152885005,496,3504.469758064516,463.6666666666667,True,kept
manual_s25_cyst_0008,25,scene25,True,485.0,0.22744962909772465,0.2249022126197815,0.032451117914888764,593,2727.284991568297,541.6666666666666,True,kept
manual_s25_cyst_0008,25,scene25,True,495.0,0.20421282613786979,0.19723743945360184,0.04813863690171013,1006,4131.079522862823,926.0,True,kept
manual_s25_cyst_0008,25,scene25,True,505.0,0.19670175486090224,0.18920889496803284,0.04491858785748454,1179,4864.227311280746,1158.6666666666667,True,kept
manual_s25_cyst_0008,25,scene25,True,515.0,0.2005915611486025,0.19310905039310455,0.047498522652016824,1291,4795.3756777691715,1283.0,True,kept
manual_s25_cyst_0008,25,scene25,True,525.0,0.1994209272801833,0.19649484753608704,0.041182551396482685,1379,4676.290065264685,1383.6666666666667,True,kept
manual_s25_cyst_0008,25,scene25,True,535.0,0.19964173105642813,0.1943804919719696,0.040649395509292786,1481,4500.931127616475,1464.0,True,kept
manual_s25_cyst_0008,25,scene25,True,545.0,0.19035908768522522,0.1843840405344963,0.029155653272203687,1532,4520.278720626632,1417.6666666666667,True,kept
manual_s25_cyst_0008,25,scene25,True,555.0,0.18523142637024004,0.17787425220012665,0.032993656801498614,1240,4594.68064516129,1220.6666666666667,True,kept
manual_s25_cyst_0008,25,scene25,True,565.0,0.18648354504885298,0.1824345663189888,0.03677705832117716,890,4550.683146067416,1033.6666666666667,True,kept
manual_s25_cyst_0008,25,scene25,True,575.0,0.18928239321917387,0.18085701763629913,0.03524390248489483,971,4442.031925849639,1023.6666666666666,True,kept
manual_s25_cyst_0008,25,scene25,True,585.0,0.18557382903315806,0.1788836345076561,0.03010708561116966,1210,4362.08347107438,1259.6666666666667,True,kept
manual_s25_cyst_0008,25,scene25,True,595.0,0.18187438919021282,0.17422491312026978,0.0315501755623505,1598,4485.4436795995,1470.0,True,kept
manual_s25_cyst_0008,25,scene25,True,605.0,0.18000176541516547,0.17241639643907547,0.03221193360539654,1602,4607.395755305868,1584.3333333333333,True,kept
manual_s25_cyst_0008,25,scene25,True,615.0,0.17246496173177162,0.16544410586357117,0.035042988070061246,1553,4853.049581455248,1537.3333333333333,True,kept
manual_s25_cyst_0008,25,scene25,True,625.0,0.16154416676101901,0.1523716151714325,0.03731203985570835,1457,5177.326698695951,1440.0,True,kept
manual_s25_cyst_0008,25,scene25,True,635.0,0.1619855144096695,0.1519840732216835,0.035283277903555677,1310,4842.025190839695,1282.6666666666667,True,kept
manual_s25_cyst_0008,25,scene25,True,645.0,0.1686035541681423,0.15214473009109497,0.04395883084675601,1081,4247.847363552267,1029.6666666666667,True,kept
manual_s25_cyst_0008,25,scene25,True,655.0,0.1852385446343859,0.18443629890680313,0.04473326831732941,698,3350.422636103152,651.6666666666666,True,kept
manual_s25_cyst_0008,25,scene25,True,665.0,0.20734044105153193,0.2076660767197609,0.027738936687508004,176,2301.9261363636365,291.3333333333333,True,kept
manual_s25_cyst_0009,25,scene25,True,705.0,0.143220909986865,0.13657242059707642,0.0286584817301514,491,3665.3116089613036,460.3333333333333,True,kept
manual_s25_cyst_0009,25,scene25,True,715.0,0.14780527182718675,0.14065783470869064,0.028232961241018092,712,4079.3441011235955,687.0,True,kept
manual_s25_cyst_0009,25,scene25,True,725.0,0.15332975851628053,0.14843566715717316,0.026411566471677455,858,4420.511655011655,853.0,True,kept
manual_s25_cyst_0009,25,scene25,True,735.0,0.1560442301965459,0.1528393179178238,0.025860794735618017,989,4622.023255813953,978.0,True,kept
manual_s25_cyst_0009,25,scene25,True,745.0,0.15775718574224531,0.15760336816310883,0.02606913206642666,1087,4717.954001839927,1080.3333333333333,True,kept
manual_s25_cyst_0009,25,scene25,True,755.0,0.16305720254842815,0.1622394174337387,0.025980665320383223,1165,4568.984549356223,1148.3333333333333,True,kept
manual_s25_cyst_0009,25,scene25,True,765.0,0.17025196770860285,0.16936442255973816,0.020822797836121367,1193,4311.108130762783,1135.3333333333333,True,kept
manual_s25_cyst_0009,25,scene25,True,775.0,0.17380310226772122,0.17145805060863495,0.019734000744911634,1048,4217.984732824428,1097.6666666666667,True,kept
manual_s25_cyst_0009,25,scene25,True,785.0,0.17153790361556037,0.16979754716157913,0.019480804384047413,1052,4319.068441064639,1068.3333333333333,True,kept
manual_s25_cyst_0009,25,scene25,True,795.0,0.17359708213158861,0.1700206995010376,0.020636368110419044,1105,4275.403619909503,1119.6666666666667,True,kept
manual_s25_cyst_0009,25,scene25,True,805.0,0.17285300502414117,0.17027133703231812,0.021696108171085516,1202,4281.2811980033275,1198.6666666666667,True,kept
manual_s25_cyst_0009,25,scene25,True,815.0,0.17611289435319885,0.17159809172153473,0.029350434422164822,1289,4258.88828549263,1273.6666666666667,True,kept
manual_s25_cyst_0009,25,scene25,True,825.0,0.17289435719525006,0.17153850197792053,0.03248667721946694,1330,4358.293984962406,1330.0,True,kept
manual_s25_cyst_0009,25,scene25,True,835.0,0.17171722244577284,0.169400155544281,0.03000018263575339,1371,4310.194748358862,1350.0,True,kept
manual_s25_cyst_0009,25,scene25,True,845.0,0.17566744521470137,0.17489004135131836,0.03135381580977372,1349,4168.175685693106,1350.3333333333333,True,kept
manual_s25_cyst_0009,25,scene25,True,855.0,0.17451629294523344,0.17089851200580597,0.03297570724262138,1331,4155.921863260706,1304.0,True,kept
manual_s25_cyst_0009,25,scene25,True,865.0,0.17570688279781055,0.17499329894781113,0.032010692497733466,1232,4034.0243506493507,1220.6666666666667,True,kept
manual_s25_cyst_0009,25,scene25,True,875.0,0.17770515530759146,0.17849424481391907,0.03258262701677772,1099,3945.757051865332,1090.6666666666667,True,kept
manual_s25_cyst_0009,25,scene25,True,885.0,0.18580329811693377,0.1868845671415329,0.04681297393886724,941,3881.160467587673,944.0,True,kept
manual_s25_cyst_0009,25,scene25,True,895.0,0.19268572380333537,0.19343476742506027,0.03793040704387359,792,3632.239898989899,780.6666666666666,True,kept
manual_s25_cyst_0009,25,scene25,True,905.0,0.19013885165180872,0.18093718588352203,0.04221039005317882,609,3712.704433497537,605.3333333333334,True,kept
manual_s25_cyst_0009,25,scene25,True,915.0,0.23229863022465302,0.22721454501152039,0.05238844538440986,415,2817.4,346.3333333333333,True,kept
manual_s26_cyst_0001,26,scene26,True,615.0,0.4217645540002078,0.4232291877269745,0.06632269695851452,466,2722.3519313304723,449.0,True,kept
manual_s26_cyst_0001,26,scene26,True,625.0,0.31523955258172615,0.30501024425029755,0.05567245548965491,860,3823.844186046512,800.0,True,kept
manual_s26_cyst_0001,26,scene26,True,635.0,0.27286272146348844,0.2614240050315857,0.062005450810257254,1074,4604.031657355679,1059.3333333333333,True,kept
manual_s26_cyst_0001,26,scene26,True,645.0,0.26850722689433115,0.2576662600040436,0.05841843092640117,1244,4779.637459807074,1239.3333333333333,True,kept
manual_s26_cyst_0001,26,scene26,True,655.0,0.2696625085494348,0.260005846619606,0.06025437083860483,1400,4768.239285714286,1382.3333333333333,True,kept
manual_s26_cyst_0001,26,scene26,True,665.0,0.26518628488995594,0.2506457269191742,0.06685518928889425,1503,4669.761809713906,1500.6666666666667,True,kept
manual_s26_cyst_0001,26,scene26,True,675.0,0.2596358687729296,0.24639691412448883,0.05903098990049375,1599,4535.231394621638,1487.3333333333333,True,kept
manual_s26_cyst_0001,26,scene26,True,685.0,0.26024191488018805,0.2448207512497902,0.058089507913566804,1360,4459.072794117647,1340.0,True,kept
manual_s26_cyst_0001,26,scene26,True,695.0,0.2644488513750585,0.24384216964244843,0.06417046265343206,1061,4517.081055607917,1124.3333333333333,True,kept
manual_s26_cyst_0001,26,scene26,True,705.0,0.2650402972177297,0.24507727473974228,0.06479910298325965,952,4509.888655462185,968.6666666666666,True,kept
manual_s26_cyst_0001,26,scene26,True,715.0,0.26516898753995455,0.2513583302497864,0.06373375337102094,893,4492.24412094065,903.3333333333334,True,kept
manual_s26_cyst_0001,26,scene26,True,725.0,0.26283900770493324,0.24564918875694275,0.07545291408621668,865,4452.052023121388,1002.6666666666666,True,kept
manual_s26_cyst_0001,26,scene26,True,735.0,0.25143070237636567,0.22679775953292847,0.06827647839930656,1250,4399.3192,1274.0,True,kept
manual_s26_cyst_0001,26,scene26,True,745.0,0.24679932205140695,0.23258227109909058,0.0552812779808729,1707,4357.81136496778,1606.0,True,kept
manual_s26_cyst_0001,26,scene26,True,755.0,0.25002611712349926,0.24286773800849915,0.05079239735322257,1861,4425.187533584094,1806.3333333333333,True,kept
manual_s26_cyst_0001,26,scene26,True,765.0,0.2521025639959183,0.24137790501117706,0.05784540420147387,1851,4565.656401944894,1849.0,True,kept
manual_s26_cyst_0001,26,scene26,True,775.0,0.2449357997575313,0.2213347852230072,0.06364575128796575,1835,4727.463215258856,1820.6666666666667,True,kept
manual_s26_cyst_0001,26,scene26,True,785.0,0.22334740986325988,0.19684141129255295,0.06969068914303266,1776,4947.588963963964,1770.6666666666667,True,kept
manual_s26_cyst_0001,26,scene26,True,795.0,0.2223597544824145,0.20870095491409302,0.060893703878675376,1701,4374.912992357436,1590.0,True,kept
manual_s26_cyst_0001,26,scene26,True,805.0,0.2509038286645193,0.2364439070224762,0.05760988300272054,1293,3404.8994586233566,1147.3333333333333,True,kept
manual_s26_cyst_0001,26,scene26,True,815.0,0.3033497909616147,0.3008182793855667,0.0530558723752777,448,2607.5379464285716,583.6666666666666,True,kept
manual_s26_cyst_0002,26,scene26,True,365.0,0.5013600093213402,0.4937894642353058,0.08626560543022613,479,3019.8914405010437,439.0,True,kept
manual_s26_cyst_0002,26,scene26,True,375.0,0.44306453037697613,0.43157827854156494,0.07156156270290435,602,3443.2392026578073,603.3333333333334,True,kept
manual_s26_cyst_0002,26,scene26,True,385.0,0.415670190655482,0.4011317789554596,0.08190895831156851,729,3550.909465020576,716.3333333333334,True,kept
manual_s26_cyst_0002,26,scene26,True,395.0,0.38769468096765736,0.37286508083343506,0.06143283439079013,818,3619.046454767726,810.3333333333334,True,kept
manual_s26_cyst_0002,26,scene26,True,405.0,0.3619760926222909,0.35056543350219727,0.053951285345053876,884,3652.695701357466,881.0,True,kept
manual_s26_cyst_0002,26,scene26,True,415.0,0.35079695917784726,0.3434053361415863,0.05645269309677943,941,3657.9054197662063,926.0,True,kept
manual_s26_cyst_0002,26,scene26,True,425.0,0.3374186577539254,0.3317559063434601,0.05319520999614394,953,3588.837355718783,918.3333333333334,True,kept
manual_s26_cyst_0002,26,scene26,True,435.0,0.31668838244212766,0.3070527911186218,0.04766902539653696,861,3684.371660859466,888.3333333333334,True,kept
manual_s26_cyst_0002,26,scene26,True,445.0,0.3022063183308208,0.29386213421821594,0.047463930917413355,851,3821.8448883666274,859.3333333333334,True,kept
manual_s26_cyst_0002,26,scene26,True,455.0,0.2888747764101755,0.2834523618221283,0.042615092034998865,866,3849.772517321016,864.3333333333334,True,kept
manual_s26_cyst_0002,26,scene26,True,465.0,0.2804864376409141,0.2764889746904373,0.0374015767769241,876,3898.843607305936,874.0,True,kept
manual_s26_cyst_0002,26,scene26,True,475.0,0.2788248150694099,0.2709726244211197,0.04171987901647895,880,3881.221590909091,873.3333333333334,True,kept
manual_s26_cyst_0002,26,scene26,True,485.0,0.272727676425819,0.2648038864135742,0.04531726030585662,864,3928.9768518518517,869.3333333333334,True,kept
manual_s26_cyst_0002,26,scene26,True,495.0,0.25975411964787376,0.2574659585952759,0.04153156750921096,864,4005.4826388888887,862.6666666666666,True,kept
manual_s26_cyst_0002,26,scene26,True,505.0,0.25503204296841175,0.252771720290184,0.03846781734665462,860,4075.306976744186,861.0,True,kept
manual_s26_cyst_0002,26,scene26,True,515.0,0.2587857691872522,0.25335970520973206,0.04107360339239149,859,4037.495925494761,858.6666666666666,True,kept
manual_s26_cyst_0002,26,scene26,True,525.0,0.2595075297592123,0.2522253692150116,0.03858163650308224,857,4005.453908984831,857.0,True,kept
manual_s26_cyst_0002,26,scene26,True,535.0,0.2519818777055071,0.24809513986110687,0.03474523798150612,855,3964.301754385965,858.0,True,kept
manual_s26_cyst_0002,26,scene26,True,545.0,0.24749598361707342,0.24540803581476212,0.029829627697695517,862,3969.3839907192573,861.3333333333334,True,kept
manual_s26_cyst_0002,26,scene26,True,555.0,0.2417929451977093,0.2404358685016632,0.03059605150403227,867,3960.7035755478664,862.3333333333334,True,kept
manual_s26_cyst_0002,26,scene26,True,565.0,0.23825123883558041,0.2368447259068489,0.028176137428223995,858,3926.11655011655,853.3333333333334,True,kept
manual_s26_cyst_0002,26,scene26,True,575.0,0.23962830637029545,0.23893354833126068,0.030725743171689492,835,3874.3568862275447,830.0,True,kept
manual_s26_cyst_0002,26,scene26,True,585.0,0.22964787481345675,0.23041176795959473,0.03160768862272904,797,4003.953575909661,786.0,True,kept
manual_s26_cyst_0002,26,scene26,True,595.0,0.22392272392990833,0.2259761020541191,0.03383393737401201,726,3932.9765840220384,734.6666666666666,True,kept
manual_s26_cyst_0002,26,scene26,True,605.0,0.21918212474705365,0.21762822568416595,0.02905094794590745,681,3816.437591776799,668.0,True,kept
manual_s26_cyst_0002,26,scene26,True,615.0,0.23087919297529824,0.22529752552509308,0.03640034530878546,597,3567.859296482412,579.3333333333334,True,kept
manual_s26_cyst_0002,26,scene26,True,625.0,0.2462312760560409,0.23536529392004013,0.054481267098533494,460,3429.041304347826,433.3333333333333,True,kept
manual_s26_cyst_0003,26,scene26,True,845.0,0.2324907885081526,0.23522263765335083,0.03873488262843912,345,2576.266666666667,322.6666666666667,True,kept
manual_s26_cyst_0003,26,scene26,True,855.0,0.1789835804107675,0.16246995329856873,0.04828460385832548,623,4124.902086677367,572.3333333333334,True,kept
manual_s26_cyst_0003,26,scene26,True,865.0,0.16841115420547442,0.16335834562778473,0.0354857452435743,749,4788.547396528705,755.3333333333334,True,kept
manual_s26_cyst_0003,26,scene26,True,875.0,0.1908237825104054,0.18930337578058243,0.03322476753134938,894,4444.7885906040265,895.0,True,kept
manual_s26_cyst_0003,26,scene26,True,885.0,0.19818846776995686,0.2022382915019989,0.034913481311906115,1042,4456.225527831094,1023.6666666666666,True,kept
manual_s26_cyst_0003,26,scene26,True,895.0,0.19075293338771435,0.19517572224140167,0.03222116940460031,1135,4662.5700440528635,1132.0,True,kept
manual_s26_cyst_0003,26,scene26,True,905.0,0.18719745103431784,0.18961921334266663,0.029653423670316224,1219,4757.661197703035,1206.6666666666667,True,kept
manual_s26_cyst_0003,26,scene26,True,915.0,0.18829926645962924,0.18927090615034103,0.02720836393020904,1266,4713.913112164297,1251.6666666666667,True,kept
manual_s26_cyst_0003,26,scene26,True,925.0,0.19010957176173765,0.1942567601799965,0.03013913109677939,1270,4665.461417322835,1266.3333333333333,True,kept
manual_s26_cyst_0003,26,scene26,True,935.0,0.1986936549652406,0.20090755820274353,0.028797022880196557,1263,4551.557403008709,1247.6666666666667,True,kept
manual_s26_cyst_0003,26,scene26,True,945.0,0.2016636213549405,0.20325584709644318,0.03264805244368953,1210,4645.820661157025,1213.0,True,kept
manual_s26_cyst_0003,26,scene26,True,955.0,0.20430040661098617,0.20238908380270004,0.029991052534504258,1166,4698.692967409948,1173.6666666666667,True,kept
manual_s26_cyst_0003,26,scene26,True,965.0,0.21843584181179646,0.2149713635444641,0.030284977104980865,1145,4467.2724890829695,1142.3333333333333,True,kept
manual_s26_cyst_0003,26,scene26,True,975.0,0.21936266631635715,0.21741630136966705,0.03418001241999193,1116,4497.379032258064,1111.6666666666667,True,kept
manual_s26_cyst_0003,26,scene26,True,985.0,0.22610656110989538,0.22369778901338577,0.03346935714536017,1074,4426.540037243948,1089.0,True,kept
manual_s26_cyst_0003,26,scene26,True,995.0,0.22709041939029675,0.21948425471782684,0.037820864348356846,1077,4521.254410399257,1079.3333333333333,True,kept
manual_s26_cyst_0003,26,scene26,True,1005.0,0.2340161175687267,0.22502171993255615,0.043542352202941566,1087,4454.26862925483,1082.0,True,kept
manual_s26_cyst_0003,26,scene26,True,1015.0,0.2330462271950161,0.2233981341123581,0.048623384990789886,1082,4596.583179297597,1077.0,True,kept
manual_s26_cyst_0003,26,scene26,True,1025.0,0.23032129113957034,0.21926406770944595,0.044042063640832005,1062,4598.583804143126,1056.3333333333333,True,kept
manual_s26_cyst_0003,26,scene26,True,1035.0,0.23017237065768822,0.2190774828195572,0.04710044889164972,1025,4585.5004878048785,1034.6666666666667,True,kept
manual_s26_cyst_0003,26,scene26,True,1045.0,0.22496917884844478,0.2174254059791565,0.039685447193772164,1017,4627.455260570305,1014.0,True,kept
manual_s26_cyst_0003,26,scene26,True,1055.0,0.23148438531160354,0.22410199791193008,0.041879895445008766,1000,4563.9,988.6666666666666,True,kept
manual_s26_cyst_0003,26,scene26,True,1065.0,0.24406496401644606,0.23062530159950256,0.04983268146680587,949,4412.308746048472,943.6666666666666,True,kept
manual_s26_cyst_0003,26,scene26,True,1075.0,0.24152491170735585,0.23153769224882126,0.04518431205680632,882,4376.281179138322,878.6666666666666,True,kept
manual_s26_cyst_0003,26,scene26,True,1085.0,0.2438403791707495,0.23843570053577423,0.03518972403697897,805,4287.822360248447,826.0,True,kept
manual_s26_cyst_0003,26,scene26,True,1095.0,0.2720186505772823,0.2626316249370575,0.04498116159161234,791,3985.438685208597,755.6666666666666,True,kept
manual_s26_cyst_0003,26,scene26,True,1105.0,0.28889576515568705,0.2820880115032196,0.03923902902807023,671,3925.125186289121,669.6666666666666,True,kept
manual_s26_cyst_0003,26,scene26,True,1115.0,0.31995325147342857,0.3084937036037445,0.06149080636643785,547,3723.036563071298,500.3333333333333,True,kept
manual_s26_cyst_0005,26,scene26,True,535.0,0.2567257611356543,0.2485012486577034,0.05236312712072845,676,3226.80325443787,573.0,True,kept
manual_s26_cyst_0005,26,scene26,True,545.0,0.24313741393038849,0.23304297775030136,0.044680317800313396,898,4052.5935412026724,880.3333333333334,True,kept
manual_s26_cyst_0005,26,scene26,True,555.0,0.25123427188217695,0.2462639957666397,0.04114737782896765,1067,4111.929709465792,1053.0,True,kept
manual_s26_cyst_0005,26,scene26,True,565.0,0.2533910940939458,0.2497677281498909,0.042794686813833055,1194,4187.65242881072,1181.0,True,kept
manual_s26_cyst_0005,26,scene26,True,575.0,0.25663482532625825,0.2532968521118164,0.04452547655895463,1282,4178.94383775351,1292.6666666666667,True,kept
manual_s26_cyst_0005,26,scene26,True,585.0,0.2527480291975888,0.24928361177444458,0.03729893669232084,1402,4108.057774607703,1370.0,True,kept
manual_s26_cyst_0005,26,scene26,True,595.0,0.25072412973408276,0.24467948079109192,0.04112999523598958,1426,4067.368863955119,1286.3333333333333,True,kept
manual_s26_cyst_0005,26,scene26,True,605.0,0.25107925159045497,0.24465496838092804,0.05404466216171908,1031,4175.308438409312,1132.0,True,kept
manual_s26_cyst_0005,26,scene26,True,615.0,0.2486194627829634,0.2462768703699112,0.04685386962510122,939,4239.341853035144,953.0,True,kept
manual_s26_cyst_0005,26,scene26,True,625.0,0.2576014281526057,0.2522906959056854,0.05600971605071776,889,4221.629921259842,903.6666666666666,True,kept
manual_s26_cyst_0005,26,scene26,True,635.0,0.2647544428250528,0.2484244406223297,0.05666319592834672,883,4069.379388448471,881.3333333333334,True,kept
manual_s26_cyst_0005,26,scene26,True,645.0,0.2488612613615093,0.24193134903907776,0.05308606030991786,872,4216.731651376147,886.0,True,kept
manual_s26_cyst_0005,26,scene26,True,655.0,0.24543508407087422,0.2369866669178009,0.05865861773432264,903,4260.138427464009,1104.0,True,kept
manual_s26_cyst_0005,26,scene26,True,665.0,0.2465448037381287,0.24310852587223053,0.04711583808181051,1537,4068.6629798308395,1362.6666666666667,True,kept
manual_s26_cyst_0005,26,scene26,True,675.0,0.24949885952711395,0.2468021735548973,0.04329108501278633,1648,4154.599514563107,1613.3333333333333,True,kept
manual_s26_cyst_0005,26,scene26,True,685.0,0.2593778772116428,0.255255788564682,0.04596065776228453,1655,4271.956495468278,1633.0,True,kept
manual_s26_cyst_0005,26,scene26,True,695.0,0.26790664279670046,0.25629736483097076,0.05709692254233526,1596,4357.206766917293,1584.0,True,kept
manual_s26_cyst_0005,26,scene26,True,705.0,0.2591317896144856,0.24082772433757782,0.07123829469913515,1501,4461.414390406396,1500.3333333333333,True,kept
manual_s26_cyst_0005,26,scene26,True,715.0,0.2555236289771194,0.23673847317695618,0.06711623963751745,1404,4319.388888888889,1356.0,True,kept
manual_s26_cyst_0005,26,scene26,True,725.0,0.3233863839612167,0.3135192096233368,0.07504990922750421,1163,3126.676698194325,957.6666666666666,True,kept
manual_s26_cyst_0005,26,scene26,True,735.0,0.4144638304422104,0.40546783804893494,0.06198098470463976,306,2219.8692810457514,489.6666666666667,True,kept
manual_s26_cyst_0006,26,scene26,True,575.0,0.2547913050525878,0.2489234209060669,0.042004573660875295,664,2741.4412650602408,636.3333333333334,True,kept
manual_s26_cyst_0006,26,scene26,True,585.0,0.2036020953461503,0.19924113154411316,0.04382141822352988,1206,3978.4162520729683,1077.0,True,kept
manual_s26_cyst_0006,26,scene26,True,595.0,0.19216013970749943,0.1888178586959839,0.04149851947801426,1361,4767.152094048493,1366.0,True,kept
manual_s26_cyst_0006,26,scene26,True,605.0,0.20613483388699558,0.2019813358783722,0.04217258554300783,1531,4568.911169170477,1522.6666666666667,True,kept
manual_s26_cyst_0006,26,scene26,True,615.0,0.21190326490166078,0.2099200040102005,0.04167781422290297,1676,4551.761336515513,1662.0,True,kept
manual_s26_cyst_0006,26,scene26,True,625.0,0.219936920132042,0.2174135446548462,0.033324079967661534,1779,4274.536256323778,1775.3333333333333,True,kept
manual_s26_cyst_0006,26,scene26,True,635.0,0.21592688251471914,0.2068426012992859,0.034558044768820115,1871,4178.331373597007,1707.6666666666667,True,kept
manual_s26_cyst_0006,26,scene26,True,645.0,0.21029773040928165,0.19187237322330475,0.044882056840701734,1473,4288.894093686355,1445.0,True,kept
manual_s26_cyst_0006,26,scene26,True,655.0,0.2166277334229376,0.21082007884979248,0.04302086102450184,991,4177.923309788092,1122.3333333333333,True,kept
manual_s26_cyst_0006,26,scene26,True,665.0,0.22093852808243147,0.21656674146652222,0.03524553133164829,903,4167.038759689923,934.3333333333334,True,kept
manual_s26_cyst_0006,26,scene26,True,675.0,0.22023317091601385,0.2178933322429657,0.037761936399734686,909,4224.694169416942,975.3333333333334,True,kept
manual_s26_cyst_0006,26,scene26,True,685.0,0.2175365731494645,0.20561493933200836,0.04125017655245409,1114,4261.6157989228,1243.6666666666667,True,kept
manual_s26_cyst_0006,26,scene26,True,695.0,0.2069469274259423,0.20165664702653885,0.03015539741131406,1708,4365.0749414519905,1577.0,True,kept
manual_s26_cyst_0006,26,scene26,True,705.0,0.21171842394479598,0.20668576657772064,0.032070950546459386,1909,4377.226296490309,1826.6666666666667,True,kept
manual_s26_cyst_0006,26,scene26,True,715.0,0.21070836924348413,0.20350764691829681,0.04362422307860927,1863,4693.80783682233,1863.0,True,kept
manual_s26_cyst_0006,26,scene26,True,725.0,0.204937926674519,0.1988862007856369,0.04442271739226548,1817,4889.37919647771,1797.3333333333333,True,kept
manual_s26_cyst_0006,26,scene26,True,735.0,0.20079161074865504,0.1972542628645897,0.04417692176295689,1712,4858.183411214954,1704.6666666666667,True,kept
manual_s26_cyst_0006,26,scene26,True,745.0,0.20654509278125943,0.19031767547130585,0.053390001412240026,1585,4500.88643533123,1538.6666666666667,True,kept
manual_s26_cyst_0006,26,scene26,True,755.0,0.23781689104480758,0.22967450320720673,0.04385659096927868,1319,3445.2160727824107,1148.0,True,kept
manual_s26_cyst_0006,26,scene26,True,765.0,0.2949698333387022,0.29710692167282104,0.04759337109351996,540,2741.0777777777776,631.3333333333334,True,kept
manual_s26_cyst_0007,26,scene26,True,285.0,0.386921205665126,0.35585740208625793,0.08347952084615431,495,2755.759595959596,416.6666666666667,True,kept
manual_s26_cyst_0007,26,scene26,True,295.0,0.3651970418893426,0.34814509749412537,0.0639153476008655,703,3499.2773826458038,681.0,True,kept
manual_s26_cyst_0007,26,scene26,True,305.0,0.3584632182086008,0.3507031500339508,0.0498781389713215,845,3507.6437869822485,830.3333333333334,True,kept
manual_s26_cyst_0007,26,scene26,True,315.0,0.3257385106285202,0.3176846504211426,0.05006455383455402,943,3540.0890774125132,938.3333333333334,True,kept
manual_s26_cyst_0007,26,scene26,True,325.0,0.30390475337786244,0.293504536151886,0.04759758273855368,1027,3620.271665043817,1012.6666666666666,True,kept
manual_s26_cyst_0007,26,scene26,True,335.0,0.28641996654064467,0.27797457575798035,0.03828659700902562,1068,3627.071161048689,1062.6666666666667,True,kept
manual_s26_cyst_0007,26,scene26,True,345.0,0.26394818124701314,0.2598881721496582,0.03134528307321614,1093,3751.64043915828,1015.3333333333334,True,kept
manual_s26_cyst_0007,26,scene26,True,355.0,0.2576728169527431,0.25288617610931396,0.03026247154898465,885,3886.7186440677965,942.0,True,kept
manual_s26_cyst_0007,26,scene26,True,365.0,0.26186337126946113,0.2557147294282913,0.032618190303400116,848,3941.701650943396,863.0,True,kept
manual_s26_cyst_0007,26,scene26,True,375.0,0.26132981386906073,0.25809797644615173,0.038765786725564036,856,3949.950934579439,857.6666666666666,True,kept
manual_s26_cyst_0007,26,scene26,True,385.0,0.24553328692501517,0.24043111503124237,0.039126053686070174,869,4076.3578826237053,861.0,True,kept
manual_s26_cyst_0007,26,scene26,True,395.0,0.24006213287720868,0.23340699821710587,0.04124800931541688,858,4146.865967365968,864.6666666666666,True,kept
manual_s26_cyst_0007,26,scene26,True,405.0,0.22450094117494052,0.2182852327823639,0.03794891841737241,867,4208.322952710496,863.3333333333334,True,kept
manual_s26_cyst_0007,26,scene26,True,415.0,0.21510854568440102,0.2131589949131012,0.02965343805542176,865,4213.484393063583,863.0,True,kept
manual_s26_cyst_0007,26,scene26,True,425.0,0.21553517172119582,0.2095927894115448,0.03200786782664415,857,4205.176196032672,860.0,True,kept
manual_s26_cyst_0007,26,scene26,True,435.0,0.20960216755633587,0.20434724539518356,0.029575213037579946,858,4347.416083916084,861.0,True,kept
manual_s26_cyst_0007,26,scene26,True,445.0,0.21307763965448476,0.21449697017669678,0.026698426098074938,868,4182.514976958525,865.6666666666666,True,kept
manual_s26_cyst_0007,26,scene26,True,455.0,0.20606934516150696,0.2085263580083847,0.029620925714163516,871,4289.095292766934,874.3333333333334,True,kept
manual_s26_cyst_0007,26,scene26,True,465.0,0.20695396037393027,0.2072584331035614,0.031443229453127504,884,4279.700226244344,882.0,True,kept
manual_s26_cyst_0007,26,scene26,True,475.0,0.2136639703303475,0.21084631979465485,0.030819543549200627,891,4189.488215488215,895.0,True,kept
manual_s26_cyst_0007,26,scene26,True,485.0,0.21043467598629523,0.20498225837945938,0.03228588701998175,910,4240.028571428571,941.0,True,kept
manual_s26_cyst_0007,26,scene26,True,495.0,0.20346656052392056,0.20179129391908646,0.028386492385596623,1022,4238.686888454012,1018.6666666666666,True,kept
manual_s26_cyst_0007,26,scene26,True,505.0,0.20020532847988648,0.19986427575349808,0.025613324500196242,1124,4207.4395017793595,1079.6666666666667,True,kept
manual_s26_cyst_0007,26,scene26,True,515.0,0.1926123136816391,0.1912224441766739,0.02666395442970798,1093,4274.172003659653,1082.3333333333333,True,kept
manual_s26_cyst_0007,26,scene26,True,525.0,0.1905888429689176,0.18677891045808792,0.03123866955686252,1030,4323.564077669903,1024.0,True,kept
manual_s26_cyst_0007,26,scene26,True,535.0,0.1850228572246649,0.1815350502729416,0.03148438723692479,949,4432.5995785036885,942.3333333333334,True,kept
manual_s26_cyst_0007,26,scene26,True,545.0,0.18994529696427426,0.18307000398635864,0.03825795832316956,848,4263.620283018868,827.0,True,kept
manual_s26_cyst_0007,26,scene26,True,555.0,0.2125003264879274,0.20216437429189682,0.040172606507577396,684,3599.997076023392,641.0,True,kept
manual_s26_cyst_0007,26,scene26,True,565.0,0.27738902613025185,0.26859840750694275,0.04790412071816187,391,2617.554987212276,361.3333333333333,True,kept
manual_s27_cyst_0002,27,scene27,True,755.0,0.2113306635640902,0.21465038508176804,0.03233808638019604,394,2708.9467005076144,343.0,True,kept
manual_s27_cyst_0002,27,scene27,True,765.0,0.168656665969778,0.15938769280910492,0.03431589902652198,621,3978.8953301127212,589.0,True,kept
manual_s27_cyst_0002,27,scene27,True,775.0,0.17800155069996068,0.17168572545051575,0.02922189877484451,752,4147.04920212766,752.3333333333334,True,kept
manual_s27_cyst_0002,27,scene27,True,785.0,0.18617547171957352,0.1831294223666191,0.026551436851139358,884,4165.804298642534,871.6666666666666,True,kept
manual_s27_cyst_0002,27,scene27,True,795.0,0.1809838477206303,0.17979910969734192,0.02777879794137563,979,4458.528089887641,976.0,True,kept
manual_s27_cyst_0002,27,scene27,True,805.0,0.18927777563462234,0.1883585900068283,0.026654556794056237,1065,4278.500469483568,1064.6666666666667,True,kept
manual_s27_cyst_0002,27,scene27,True,815.0,0.19001698466746703,0.18989045917987823,0.0250718278605681,1150,4236.16,1104.0,True,kept
manual_s27_cyst_0002,27,scene27,True,825.0,0.19146130295808247,0.19091276824474335,0.02254221159673051,1097,4131.59708295351,1105.3333333333333,True,kept
manual_s27_cyst_0002,27,scene27,True,835.0,0.19193819460743938,0.1881631314754486,0.02897871317784052,1069,4159.608044901777,1069.6666666666667,True,kept
manual_s27_cyst_0002,27,scene27,True,845.0,0.19156165770321998,0.19149933755397797,0.027950046605188367,1043,4198.64046021093,1056.6666666666667,True,kept
manual_s27_cyst_0002,27,scene27,True,855.0,0.19180145247052433,0.18889182806015015,0.027848319952261984,1058,4193.301512287335,1046.3333333333333,True,kept
manual_s27_cyst_0002,27,scene27,True,865.0,0.19884620207812284,0.1959642916917801,0.029315776021632874,1038,4096.932562620424,1045.6666666666667,True,kept
manual_s27_cyst_0002,27,scene27,True,875.0,0.20731162578296936,0.20770254731178284,0.032606235319865944,1041,4045.7098943323726,1045.6666666666667,True,kept
manual_s27_cyst_0002,27,scene27,True,885.0,0.20905763696745347,0.21059566736221313,0.03421811071001194,1058,4057.083175803403,1054.0,True,kept
manual_s27_cyst_0002,27,scene27,True,895.0,0.2106446019344922,0.20853643119335175,0.03520295786031886,1063,4053.10442144873,1059.3333333333333,True,kept
manual_s27_cyst_0002,27,scene27,True,905.0,0.20819731739013964,0.20240196585655212,0.04067785750058243,1057,4058.6537369914854,1064.3333333333333,True,kept
manual_s27_cyst_0002,27,scene27,True,915.0,0.21405888991109256,0.21484167873859406,0.040640914971008316,1073,3928.955265610438,1115.3333333333333,True,kept
manual_s27_cyst_0002,27,scene27,True,925.0,0.21918040018308124,0.22115828096866608,0.04638613951550916,1216,3847.9333881578946,1192.3333333333333,True,kept
manual_s27_cyst_0002,27,scene27,True,935.0,0.2233453144938309,0.22273392230272293,0.03888169323733602,1288,3763.376552795031,1234.3333333333333,True,kept
manual_s27_cyst_0002,27,scene27,True,945.0,0.23328854854500622,0.236163929104805,0.03952627727662605,1199,3733.042535446205,1192.0,True,kept
manual_s27_cyst_0002,27,scene27,True,955.0,0.2383983001673955,0.23686358332633972,0.05634442046339626,1089,3825.3820018365473,1089.3333333333333,True,kept
manual_s27_cyst_0002,27,scene27,True,965.0,0.23664001252274125,0.23395425826311111,0.05113224729249469,980,3847.223469387755,969.6666666666666,True,kept
manual_s27_cyst_0002,27,scene27,True,975.0,0.2304796082100698,0.2229072004556656,0.04410621046767751,840,3730.288095238095,831.3333333333334,True,kept
manual_s27_cyst_0002,27,scene27,True,985.0,0.23541182613425862,0.21747179329395294,0.05456949926103077,674,3475.4569732937684,639.6666666666666,True,kept
manual_s27_cyst_0002,27,scene27,True,995.0,0.26066160209384964,0.25632256269454956,0.04934091827339353,405,2797.338271604938,368.3333333333333,True,kept
manual_s27_cyst_0003,27,scene27,True,275.0,0.6644755012068911,0.6618959605693817,0.0724709981030363,526,3402.8764258555134,506.0,True,kept
manual_s27_cyst_0003,27,scene27,True,285.0,0.6215775494359068,0.6088876724243164,0.09266684233623489,694,3504.1383285302595,671.0,True,kept
manual_s27_cyst_0003,27,scene27,True,295.0,0.5452481806654046,0.5399088263511658,0.06210877737752124,793,3768.875157629256,790.6666666666666,True,kept
manual_s27_cyst_0003,27,scene27,True,305.0,0.494154807234888,0.48978880047798157,0.0497071549908254,885,3856.7898305084746,880.3333333333334,True,kept
manual_s27_cyst_0003,27,scene27,True,315.0,0.43736698415791875,0.42738622426986694,0.06194937281319125,963,3999.8847352024923,962.6666666666666,True,kept
manual_s27_cyst_0003,27,scene27,True,325.0,0.3906395664581886,0.37523263692855835,0.06744477993566736,1040,4146.236538461539,1002.0,True,kept
manual_s27_cyst_0003,27,scene27,True,335.0,0.3780220634083924,0.35200369358062744,0.09606781474769661,1003,4179.228315054836,982.6666666666666,True,kept
manual_s27_cyst_0003,27,scene27,True,345.0,0.37511314188248546,0.3413340151309967,0.10026763890920305,905,4155.445303867404,959.6666666666666,True,kept
manual_s27_cyst_0003,27,scene27,True,355.0,0.36325015305674774,0.32923486828804016,0.09528104640325226,971,4146.59938208033,967.3333333333334,True,kept
manual_s27_cyst_0003,27,scene27,True,365.0,0.3377464171390087,0.3140583634376526,0.08316549319533635,1026,4231.611111111111,1008.3333333333334,True,kept
manual_s27_cyst_0003,27,scene27,True,375.0,0.31393803554634175,0.29726751148700714,0.06066976207044401,1028,4398.492217898833,1031.6666666666667,True,kept
manual_s27_cyst_0003,27,scene27,True,385.0,0.2965448964226143,0.2858527898788452,0.04844604270869654,1041,4444.508165225744,1036.3333333333333,True,kept
manual_s27_cyst_0003,27,scene27,True,395.0,0.27637592751819356,0.26744671165943146,0.03823577030271734,1040,4497.295192307693,1029.3333333333333,True,kept
manual_s27_cyst_0003,27,scene27,True,405.0,0.26395689997204247,0.2598581314086914,0.035839676221574066,1007,4446.044687189672,1003.0,True,kept
manual_s27_cyst_0003,27,scene27,True,415.0,0.25442430315047443,0.2518742084503174,0.03202385590385246,962,4484.701663201663,965.6666666666666,True,kept
manual_s27_cyst_0003,27,scene27,True,425.0,0.2477372458268856,0.2426598146557808,0.029628983403884618,928,4523.932112068966,937.3333333333334,True,kept
manual_s27_cyst_0003,27,scene27,True,435.0,0.23850301307284652,0.23121166974306107,0.032882713747436024,922,4647.764642082429,920.3333333333334,True,kept
manual_s27_cyst_0003,27,scene27,True,445.0,0.23051110538117317,0.22693802416324615,0.03407121619054214,911,4665.399560922064,920.0,True,kept
manual_s27_cyst_0003,27,scene27,True,455.0,0.22181488488355758,0.21976888179779053,0.033092390835526876,927,4720.345199568501,924.0,True,kept
manual_s27_cyst_0003,27,scene27,True,465.0,0.216484169952364,0.2149832919239998,0.031190724366246265,934,4753.452890792291,933.6666666666666,True,kept
manual_s27_cyst_0003,27,scene27,True,475.0,0.21087068950242185,0.20909935235977173,0.029082339683113703,940,4803.03829787234,976.0,True,kept
manual_s27_cyst_0003,27,scene27,True,485.0,0.20937560156581525,0.2108054980635643,0.0290530107387178,1054,4768.453510436432,1034.6666666666667,True,kept
manual_s27_cyst_0003,27,scene27,True,495.0,0.1975805496780185,0.199027918279171,0.029462271112688513,1110,4896.56036036036,1076.3333333333333,True,kept
manual_s27_cyst_0003,27,scene27,True,505.0,0.19126188682978143,0.1925192028284073,0.028021817524665316,1065,4953.608450704225,1070.3333333333333,True,kept
manual_s27_cyst_0003,27,scene27,True,515.0,0.18437501404822793,0.18673782795667648,0.02850699761457,1036,5071.190154440154,1023.6666666666666,True,kept
manual_s27_cyst_0003,27,scene27,True,525.0,0.17791381965285724,0.17963238805532455,0.02915151416750595,970,5150.259793814433,952.6666666666666,True,kept
manual_s27_cyst_0003,27,scene27,True,535.0,0.1724198030071779,0.1676897332072258,0.03355729882525864,852,5005.220657276996,833.0,True,kept
manual_s27_cyst_0003,27,scene27,True,545.0,0.1620735729462639,0.15619347989559174,0.03314022399178748,677,4750.011816838995,665.0,True,kept
manual_s27_cyst_0003,27,scene27,True,555.0,0.18079593924749562,0.18033194541931152,0.029424962836014965,466,3408.036480686695,423.3333333333333,True,kept
manual_s27_cyst_0004,27,scene27,True,525.0,0.25670036600261437,0.25718119740486145,0.02988272791103938,122,2239.1639344262294,348.0,True,kept
manual_s27_cyst_0004,27,scene27,True,535.0,0.2293255570589074,0.21964895725250244,0.040811619374967474,922,2962.427331887202,762.3333333333334,True,kept
manual_s27_cyst_0004,27,scene27,True,545.0,0.19797643468874843,0.1818426102399826,0.04997631960384071,1243,4356.042638777152,1211.6666666666667,True,kept
manual_s27_cyst_0004,27,scene27,True,555.0,0.19102771335414478,0.17715653777122498,0.05627431180683218,1470,5078.821768707483,1436.6666666666667,True,kept
manual_s27_cyst_0004,27,scene27,True,565.0,0.19298319028236752,0.18266203999519348,0.056120588627872676,1597,5373.597370068879,1579.3333333333333,True,kept
manual_s27_cyst_0004,27,scene27,True,575.0,0.19870303052670937,0.19343449175357819,0.047862075830724916,1671,5214.081986834231,1678.3333333333333,True,kept
manual_s27_cyst_0004,27,scene27,True,585.0,0.20268494651843144,0.1932125687599182,0.045699444701207674,1767,4963.779286926995,1752.3333333333333,True,kept
manual_s27_cyst_0004,27,scene27,True,595.0,0.20184729066014356,0.18683451414108276,0.04820159466947188,1819,4912.433205057724,1576.3333333333333,True,kept
manual_s27_cyst_0004,27,scene27,True,605.0,0.21084926847762844,0.18757373094558716,0.06502441131156626,1143,4900.478565179353,1311.0,True,kept
manual_s27_cyst_0004,27,scene27,True,615.0,0.21461873846061444,0.1836404949426651,0.07198405870059385,971,4817.889804325438,1010.3333333333334,True,kept
manual_s27_cyst_0004,27,scene27,True,625.0,0.21887840397225342,0.18077796697616577,0.07120456598835692,917,4669.4296619411125,917.0,True,kept
manual_s27_cyst_0004,27,scene27,True,635.0,0.21938698196639053,0.19662955403327942,0.07456220083630896,863,4654.757821552723,887.0,True,kept
manual_s27_cyst_0004,27,scene27,True,645.0,0.22258636104228413,0.18915119767189026,0.07608257868751583,881,4555.813847900114,890.6666666666666,True,kept
manual_s27_cyst_0004,27,scene27,True,655.0,0.22354573010595452,0.19714683294296265,0.07887215026847344,928,4548.382543103448,1098.3333333333333,True,kept
manual_s27_cyst_0004,27,scene27,True,665.0,0.20425035832587674,0.18954168260097504,0.052562706587603605,1486,4622.362045760431,1343.0,True,kept
manual_s27_cyst_0004,27,scene27,True,675.0,0.20493873383607658,0.19300857186317444,0.05003857150093935,1615,4683.576470588236,1589.6666666666667,True,kept
manual_s27_cyst_0004,27,scene27,True,685.0,0.19871428320340687,0.18980597704648972,0.05199133954273673,1668,4915.79376498801,1658.3333333333333,True,kept
manual_s27_cyst_0004,27,scene27,True,695.0,0.18569573613839227,0.1772521212697029,0.04776471244863877,1692,5126.780141843971,1685.0,True,kept
manual_s27_cyst_0004,27,scene27,True,705.0,0.1759422636796943,0.16114549338817596,0.052797530249326846,1695,5192.260766961652,1679.6666666666667,True,kept
manual_s27_cyst_0004,27,scene27,True,715.0,0.17799043760479363,0.16094962507486343,0.057934212905956635,1652,4896.675544794189,1633.6666666666667,True,kept
manual_s27_cyst_0004,27,scene27,True,725.0,0.1958639456373921,0.17248056083917618,0.059597228302116764,1554,4114.535392535393,1397.3333333333333,True,kept
manual_s27_cyst_0004,27,scene27,True,735.0,0.17274609945608685,0.1606386974453926,0.0432190710566301,986,4450.88336713996,1137.0,True,kept
manual_s27_cyst_0004,27,scene27,True,745.0,0.16060080966911142,0.16146519780158997,0.019588813626794134,871,4675.213547646384,914.0,True,kept
manual_s27_cyst_0004,27,scene27,True,755.0,0.16091897441337338,0.16220331192016602,0.01943440047473877,885,4615.265536723164,880.6666666666666,True,kept
manual_s27_cyst_0004,27,scene27,True,765.0,0.16384491961003694,0.16239310055971146,0.02055409988930124,886,4643.952595936795,903.3333333333334,True,kept
manual_s27_cyst_0004,27,scene27,True,775.0,0.16967003922651624,0.16546152532100677,0.02767923630639201,939,4679.32268370607,938.0,True,kept
manual_s27_cyst_0004,27,scene27,True,785.0,0.16719238179066304,0.1663772612810135,0.03016960556730466,989,4782.142568250758,984.0,True,kept
manual_s27_cyst_0004,27,scene27,True,795.0,0.17213432465359801,0.17146718502044678,0.03276274801447454,1024,4729.2626953125,1029.6666666666667,True,kept
manual_s27_cyst_0004,27,scene27,True,805.0,0.1744650499098917,0.17306684702634811,0.03431517091749641,1076,4785.99907063197,1075.0,True,kept
manual_s27_cyst_0004,27,scene27,True,815.0,0.17621425761116877,0.17536315321922302,0.036938636166931896,1125,4705.544,1115.3333333333333,True,kept
manual_s27_cyst_0004,27,scene27,True,825.0,0.18362776383952803,0.18303976953029633,0.042451279891112734,1145,4631.2349344978165,1137.3333333333333,True,kept
manual_s27_cyst_0004,27,scene27,True,835.0,0.18467604607709026,0.18603058904409409,0.040175789503503465,1142,4669.800350262697,1143.3333333333333,True,kept
manual_s27_cyst_0004,27,scene27,True,845.0,0.18455656890350794,0.18298648297786713,0.033386226617270295,1143,4581.734908136483,1160.3333333333333,True,kept
manual_s27_cyst_0004,27,scene27,True,855.0,0.1884056508516189,0.1887449473142624,0.03786079513846626,1196,4578.617892976588,1217.3333333333333,True,kept
manual_s27_cyst_0004,27,scene27,True,865.0,0.19212826139379438,0.19316266477108002,0.03382091522894676,1313,4497.650418888043,1274.0,True,kept
manual_s27_cyst_0004,27,scene27,True,875.0,0.19699517491657317,0.19625377655029297,0.03485576365369906,1313,4421.51256664128,1287.0,True,kept
manual_s27_cyst_0004,27,scene27,True,885.0,0.20483500894143997,0.20343579351902008,0.04543135072373165,1235,4456.174089068826,1223.0,True,kept
manual_s27_cyst_0004,27,scene27,True,895.0,0.21083664757188786,0.21054665744304657,0.0465490838873538,1121,4420.671721677074,1117.3333333333333,True,kept
manual_s27_cyst_0004,27,scene27,True,905.0,0.22250937981658192,0.21353719383478165,0.048150299699575426,996,4175.616465863453,987.0,True,kept
manual_s27_cyst_0004,27,scene27,True,915.0,0.2326538678947218,0.2190009281039238,0.05063272382118042,844,3916.3281990521327,825.3333333333334,True,kept
manual_s27_cyst_0004,27,scene27,True,925.0,0.2362202173040348,0.22548897564411163,0.049531171324168,636,3685.2327044025155,607.0,True,kept
manual_s27_cyst_0004,27,scene27,True,935.0,0.29607378217307007,0.28648144006729126,0.051377968442851966,341,2634.214076246334,328.0,True,kept
manual_s27_cyst_0005,27,scene27,True,275.0,0.5918005172185555,0.5886784493923187,0.08370802874751047,334,3004.37125748503,314.0,True,kept
manual_s27_cyst_0005,27,scene27,True,285.0,0.5503557787695125,0.5271871089935303,0.08380829316370546,541,3445.9223659889094,508.3333333333333,True,kept
manual_s27_cyst_0005,27,scene27,True,295.0,0.5137489820902165,0.502373218536377,0.06597094480584947,650,3671.7646153846154,663.3333333333334,True,kept
manual_s27_cyst_0005,27,scene27,True,305.0,0.46784608433482344,0.45381614565849304,0.059824609177105095,799,3714.3829787234044,783.6666666666666,True,kept
manual_s27_cyst_0005,27,scene27,True,315.0,0.43306096165777574,0.43052685260772705,0.04783105215966004,902,3675.4445676274945,900.6666666666666,True,kept
manual_s27_cyst_0005,27,scene27,True,325.0,0.40598069507997114,0.3975607752799988,0.04550131068548089,1001,3657.6043956043954,1001.3333333333334,True,kept
manual_s27_cyst_0005,27,scene27,True,335.0,0.3890567746192731,0.3787136673927307,0.05448012019241058,1101,3589.821071752952,1053.0,True,kept
manual_s27_cyst_0005,27,scene27,True,345.0,0.3782964618339105,0.36669811606407166,0.062070008949594836,1057,3618.2847682119204,1040.0,True,kept
manual_s27_cyst_0005,27,scene27,True,355.0,0.3544649711641601,0.34302783012390137,0.057552255881149386,962,3791.881496881497,970.6666666666666,True,kept
manual_s27_cyst_0005,27,scene27,True,365.0,0.3338537306961794,0.3271751403808594,0.046465125539504916,893,3839.0559910414336,924.3333333333334,True,kept
manual_s27_cyst_0005,27,scene27,True,375.0,0.3243495323299582,0.31487031280994415,0.047312967943775736,918,3749.4389978213508,925.3333333333334,True,kept
manual_s27_cyst_0005,27,scene27,True,385.0,0.306080295616481,0.2986708879470825,0.054367285398616204,965,3816.157512953368,953.3333333333334,True,kept
manual_s27_cyst_0005,27,scene27,True,395.0,0.3011542536097149,0.29063791036605835,0.0497617489000043,977,3734.0276356192426,978.3333333333334,True,kept
manual_s27_cyst_0005,27,scene27,True,405.0,0.2958750961290265,0.28498977422714233,0.055442484357754625,993,3704.3695871097684,993.6666666666666,True,kept
manual_s27_cyst_0005,27,scene27,True,415.0,0.2768587625846193,0.2667714059352875,0.04045088898440868,1011,3750.575667655786,1005.3333333333334,True,kept
manual_s27_cyst_0005,27,scene27,True,425.0,0.25820479409496777,0.25507505238056183,0.02920997923709343,1012,3872.6521739130435,1005.3333333333334,True,kept
manual_s27_cyst_0005,27,scene27,True,435.0,0.25725359844056983,0.25517162680625916,0.03627979728834744,993,3880.69889224572,983.6666666666666,True,kept
manual_s27_cyst_0005,27,scene27,True,445.0,0.24300728423272833,0.24645373225212097,0.029163780329349475,946,3980.9883720930234,960.6666666666666,True,kept
manual_s27_cyst_0005,27,scene27,True,455.0,0.2339785245670873,0.2350742369890213,0.026280718039282926,943,3992.7423117709436,967.6666666666666,True,kept
manual_s27_cyst_0005,27,scene27,True,465.0,0.23047662339737193,0.2300923466682434,0.024658666202331977,1014,4086.440828402367,1015.0,True,kept
manual_s27_cyst_0005,27,scene27,True,475.0,0.2290657774052199,0.22693166881799698,0.028680961247944767,1088,4152.117647058823,1075.6666666666667,True,kept
manual_s27_cyst_0005,27,scene27,True,485.0,0.22277233435047997,0.22205804288387299,0.026094562365717378,1125,4148.683555555555,1127.0,True,kept
manual_s27_cyst_0005,27,scene27,True,495.0,0.21261808119254977,0.21079985052347183,0.021349051518152886,1168,4219.121575342466,1164.3333333333333,True,kept
manual_s27_cyst_0005,27,scene27,True,505.0,0.20757071069131294,0.20841922610998154,0.02451452279149739,1200,4272.569166666667,1169.3333333333333,True,kept
manual_s27_cyst_0005,27,scene27,True,515.0,0.2051283851788755,0.2058311328291893,0.022890400602242532,1140,4381.671929824562,1089.0,True,kept
manual_s27_cyst_0005,27,scene27,True,525.0,0.20662867920041214,0.2052716314792633,0.019173472798527994,927,4457.128371089536,959.0,True,kept
manual_s27_cyst_0005,27,scene27,True,535.0,0.2026341195275754,0.2011464163661003,0.021684273310355624,810,4592.5888888888885,834.6666666666666,True,kept
manual_s27_cyst_0005,27,scene27,True,545.0,0.1925534322721862,0.18836753070354462,0.02896906147105572,767,4745.4354628422425,756.3333333333334,True,kept
manual_s27_cyst_0005,27,scene27,True,555.0,0.1832567699296626,0.17543283104896545,0.03166156325374969,692,4861.50289017341,691.0,True,kept
manual_s27_cyst_0005,27,scene27,True,565.0,0.1833919588148788,0.1761903539299965,0.036193213768656994,614,4627.5846905537455,617.3333333333334,True,kept
manual_s27_cyst_0005,27,scene27,True,575.0,0.17971350031567143,0.16882658749818802,0.0346775927009431,546,4458.521978021978,531.0,True,kept
manual_s27_cyst_0005,27,scene27,True,585.0,0.1801680548774728,0.17140208184719086,0.03608636050882286,433,4304.161662817552,405.0,True,kept
manual_s27_cyst_0006,27,scene27,True,525.0,0.20378557035920336,0.1839967966079712,0.050062914489092586,447,3906.530201342282,448.3333333333333,True,kept
manual_s27_cyst_0006,27,scene27,True,535.0,0.21461341322812819,0.19373436272144318,0.05108100270569393,798,4030.9586466165415,750.3333333333334,True,kept
manual_s27_cyst_0006,27,scene27,True,545.0,0.22614904029468894,0.21629425883293152,0.04628698241338252,1006,4124.5675944334,980.6666666666666,True,kept
manual_s27_cyst_0006,27,scene27,True,555.0,0.2312527584511073,0.22187121957540512,0.04492057709924465,1138,4263.043057996485,1124.0,True,kept
manual_s27_cyst_0006,27,scene27,True,565.0,0.23689530291124353,0.2287532389163971,0.03984911082283636,1228,4139.610749185667,1235.3333333333333,True,kept
manual_s27_cyst_0006,27,scene27,True,575.0,0.24262895894361966,0.23218612372875214,0.04719741774130892,1340,3911.2589552238805,1332.6666666666667,True,kept
manual_s27_cyst_0006,27,scene27,True,585.0,0.24237241483443267,0.22732187062501907,0.0525550011842348,1430,3840.441258741259,1378.3333333333333,True,kept
manual_s27_cyst_0006,27,scene27,True,595.0,0.2372255795277082,0.2252502143383026,0.052167397201410906,1365,3826.100366300366,1330.3333333333333,True,kept
manual_s27_cyst_0006,27,scene27,True,605.0,0.2317840275432553,0.2083582952618599,0.06177626883790652,1196,3904.853678929766,1232.3333333333333,True,kept
manual_s27_cyst_0006,27,scene27,True,615.0,0.22620122427199507,0.20314998179674149,0.05827703050687023,1136,3921.905809859155,1160.3333333333333,True,kept
manual_s27_cyst_0006,27,scene27,True,625.0,0.22509454614811092,0.20444269478321075,0.05234967538818695,1149,3933.47954743255,1212.3333333333333,True,kept
manual_s27_cyst_0006,27,scene27,True,635.0,0.2257900068966242,0.210784450173378,0.044983550840238064,1352,3909.2470414201184,1330.6666666666667,True,kept
manual_s27_cyst_0006,27,scene27,True,645.0,0.22766813144117773,0.21834400296211243,0.04051023874660679,1491,3967.7069081153586,1482.6666666666667,True,kept
manual_s27_cyst_0006,27,scene27,True,655.0,0.22435359173103284,0.21480929851531982,0.04006702577008374,1605,4101.239252336449,1569.6666666666667,True,kept
manual_s27_cyst_0006,27,scene27,True,665.0,0.22719839242993123,0.21913358569145203,0.042023500115492565,1613,4087.817730936144,1571.0,True,kept
manual_s27_cyst_0006,27,scene27,True,675.0,0.23037045212294346,0.2251923382282257,0.05062299033013552,1495,3976.5284280936453,1479.3333333333333,True,kept
manual_s27_cyst_0006,27,scene27,True,685.0,0.23436679487165651,0.2311026081442833,0.050598208178781995,1330,3849.1804511278197,1306.6666666666667,True,kept
manual_s27_cyst_0006,27,scene27,True,695.0,0.24479247824242126,0.24469342827796936,0.044454875139991745,1095,3661.3817351598173,1091.0,True,kept
manual_s27_cyst_0006,27,scene27,True,705.0,0.264470064836853,0.2606458365917206,0.04561131038391488,848,3438.117924528302,854.3333333333334,True,kept
manual_s27_cyst_0006,27,scene27,True,715.0,0.26872668891183793,0.26800088584423065,0.045978667647287585,620,3270.256451612903,631.3333333333334,True,kept
manual_s27_cyst_0006,27,scene27,True,725.0,0.3116509305759215,0.29548922181129456,0.07797937270450904,426,2805.6384976525824,365.6666666666667,True,kept
manual_s27_cyst_0007,27,scene27,True,295.0,0.7445529155658953,0.7323649823665619,0.08711286939467859,330,2716.8757575757577,285.0,True,kept
manual_s27_cyst_0007,27,scene27,True,305.0,0.6418268874037165,0.6449679732322693,0.07245940667739921,476,3532.590336134454,456.3333333333333,True,kept
manual_s27_cyst_0007,27,scene27,True,315.0,0.5856455397224765,0.5667317509651184,0.07053622232015179,563,3500.314387211368,564.6666666666666,True,kept
manual_s27_cyst_0007,27,scene27,True,325.0,0.5297704796299679,0.5201994776725769,0.06793255577297602,655,3684.2396946564886,654.0,True,kept
manual_s27_cyst_0007,27,scene27,True,335.0,0.4924858562167614,0.47388362884521484,0.07645793127889354,744,3719.809139784946,753.6666666666666,True,kept
manual_s27_cyst_0007,27,scene27,True,345.0,0.46778497462897733,0.4446268528699875,0.08819558220138055,862,3747.472157772622,857.6666666666666,True,kept
manual_s27_cyst_0007,27,scene27,True,355.0,0.4391776405606176,0.42496201395988464,0.079479393190642,967,3783.1044467425027,967.3333333333334,True,kept
manual_s27_cyst_0007,27,scene27,True,365.0,0.4082894871308219,0.38290950655937195,0.08550067591116359,1073,3838.0596458527493,1047.0,True,kept
manual_s27_cyst_0007,27,scene27,True,375.0,0.3900047447007965,0.3518405556678772,0.09866370118195346,1101,3823.4132606721164,1088.3333333333333,True,kept
manual_s27_cyst_0007,27,scene27,True,385.0,0.3798363005126102,0.3471241593360901,0.10713643531642479,1091,3850.5875343721355,1101.6666666666667,True,kept
manual_s27_cyst_0007,27,scene27,True,395.0,0.38063946879081434,0.34501761198043823,0.1094113051795154,1113,3858.2048517520216,1136.3333333333333,True,kept
manual_s27_cyst_0007,27,scene27,True,405.0,0.3675649680660968,0.3262905180454254,0.10862011870930965,1205,3859.8340248962654,1201.6666666666667,True,kept
manual_s27_cyst_0007,27,scene27,True,415.0,0.35366255599533575,0.31391966342926025,0.11213328642419534,1287,3937.331779331779,1263.6666666666667,True,kept
manual_s27_cyst_0007,27,scene27,True,425.0,0.32967801403549657,0.30412617325782776,0.09884938092419918,1299,4105.198614318707,1280.6666666666667,True,kept
manual_s27_cyst_0007,27,scene27,True,435.0,0.3173577446775262,0.29104290902614594,0.08865389804686012,1256,4122.0668789808915,1253.6666666666667,True,kept
manual_s27_cyst_0007,27,scene27,True,445.0,0.28263897372171853,0.2696036249399185,0.05414002356396467,1206,4272.584577114428,1228.3333333333333,True,kept
manual_s27_cyst_0007,27,scene27,True,455.0,0.2582270771825499,0.2513517439365387,0.03777272212302767,1223,4276.618969746525,1233.6666666666667,True,kept
manual_s27_cyst_0007,27,scene27,True,465.0,0.2433101076679597,0.23955528438091278,0.026963774894196144,1272,4273.110849056604,1230.0,True,kept
manual_s27_cyst_0007,27,scene27,True,475.0,0.23794741101843542,0.23473753035068512,0.026881682123247083,1195,4372.842677824267,1197.0,True,kept
manual_s27_cyst_0007,27,scene27,True,485.0,0.22164496413541435,0.22090450674295425,0.02983033116845675,1124,4534.843416370107,1125.3333333333333,True,kept
manual_s27_cyst_0007,27,scene27,True,495.0,0.2086962079708601,0.20893742144107819,0.02804601659031852,1057,4581.140964995269,1055.0,True,kept
manual_s27_cyst_0007,27,scene27,True,505.0,0.20255150755004184,0.20218493789434433,0.03371041849378907,984,4543.3556910569105,982.3333333333334,True,kept
manual_s27_cyst_0007,27,scene27,True,515.0,0.19079465160010667,0.19094054400920868,0.03333767610480199,906,4562.962472406181,842.0,True,kept
manual_s27_cyst_0007,27,scene27,True,525.0,0.1795631192812005,0.1698615774512291,0.04151730114352089,636,4834.427672955975,679.6666666666666,True,kept
manual_s27_cyst_0007,27,scene27,True,535.0,0.17564439838021334,0.16539472341537476,0.045172637296381005,497,4452.193158953723,475.0,True,kept
manual_s27_cyst_0008,27,scene27,True,335.0,0.5857814161132866,0.5681301951408386,0.10236176570675443,503,3253.548707753479,471.0,True,kept
manual_s27_cyst_0008,27,scene27,True,345.0,0.4877404819239773,0.48690517246723175,0.062048925856231084,646,3863.9783281733744,633.3333333333334,True,kept
manual_s27_cyst_0008,27,scene27,True,355.0,0.4747020707784417,0.47363266348838806,0.07006858882849658,751,3868.254327563249,750.6666666666666,True,kept
manual_s27_cyst_0008,27,scene27,True,365.0,0.4408848454032028,0.43600526452064514,0.060684334789713454,855,3959.922807017544,848.6666666666666,True,kept
manual_s27_cyst_0008,27,scene27,True,375.0,0.4060504303333607,0.3942636251449585,0.06885583432736021,940,4058.45,950.6666666666666,True,kept
manual_s27_cyst_0008,27,scene27,True,385.0,0.39432926652221717,0.3699547350406647,0.08993242558223268,1057,3938.577105014191,1034.6666666666667,True,kept
manual_s27_cyst_0008,27,scene27,True,395.0,0.37300372666190523,0.33920755982398987,0.0966540733250891,1107,3925.03342366757,1068.6666666666667,True,kept
manual_s27_cyst_0008,27,scene27,True,405.0,0.35910797166332403,0.31658151745796204,0.10488876934485475,1042,4025.6564299424185,1057.3333333333333,True,kept
manual_s27_cyst_0008,27,scene27,True,415.0,0.35372972112596907,0.3166595697402954,0.10006283060642668,1023,4024.5542521994134,1011.3333333333334,True,kept
manual_s27_cyst_0008,27,scene27,True,425.0,0.34806607526768346,0.2965264320373535,0.10518658297527027,969,4033.7296181630545,984.6666666666666,True,kept
manual_s27_cyst_0008,27,scene27,True,435.0,0.33659391955563533,0.30725516378879547,0.10214490417580652,962,4054.4615384615386,994.3333333333334,True,kept
manual_s27_cyst_0008,27,scene27,True,445.0,0.3375304535796207,0.3013603985309601,0.11175357402438403,1052,3975.013307984791,1037.3333333333333,True,kept
manual_s27_cyst_0008,27,scene27,True,455.0,0.3341086867837089,0.3028600960969925,0.12346784712552634,1098,4071.4508196721313,1093.6666666666667,True,kept
manual_s27_cyst_0008,27,scene27,True,465.0,0.3300550329168743,0.2853442132472992,0.11397262303421403,1131,4211.151193633952,1134.6666666666667,True,kept
manual_s27_cyst_0008,27,scene27,True,475.0,0.31321160448358415,0.27884578704833984,0.10735057989904986,1175,4324.769361702128,1154.6666666666667,True,kept
manual_s27_cyst_0008,27,scene27,True,485.0,0.2856553274115132,0.2589624375104904,0.09604573130945696,1158,4471.142487046632,1152.6666666666667,True,kept
manual_s27_cyst_0008,27,scene27,True,495.0,0.2877141797675027,0.2630212604999542,0.0890042738308784,1125,4435.7262222222225,1106.6666666666667,True,kept
manual_s27_cyst_0008,27,scene27,True,505.0,0.27998316855589245,0.26206550002098083,0.09111481606799858,1037,4506.980713596914,1057.0,True,kept
manual_s27_cyst_0008,27,scene27,True,515.0,0.2607867109291145,0.24639461934566498,0.07531615165314083,1009,4519.238850346878,1003.0,True,kept
manual_s27_cyst_0008,27,scene27,True,525.0,0.2520410463693605,0.24457941949367523,0.055289979540489476,963,4505.143302180685,972.3333333333334,True,kept
manual_s27_cyst_0008,27,scene27,True,535.0,0.23777047701613613,0.23104161024093628,0.039260796538923705,945,4635.038095238096,988.3333333333334,True,kept
manual_s27_cyst_0008,27,scene27,True,545.0,0.2306391920052053,0.22330348193645477,0.03321168427565475,1057,4656.578997161779,1067.6666666666667,True,kept
manual_s27_cyst_0008,27,scene27,True,555.0,0.22531107180968213,0.21864423155784607,0.03498070351787543,1201,4766.44962531224,1151.6666666666667,True,kept
manual_s27_cyst_0008,27,scene27,True,565.0,0.22442702019125,0.21770960092544556,0.03472611428883566,1197,4750.668337510443,1183.6666666666667,True,kept
manual_s27_cyst_0008,27,scene27,True,575.0,0.20668877075779263,0.19990822672843933,0.0328272407432165,1153,4920.746747614918,1142.0,True,kept
manual_s27_cyst_0008,27,scene27,True,585.0,0.19952573942983018,0.19346652179956436,0.031650675796971235,1076,4944.644981412639,1081.3333333333333,True,kept
manual_s27_cyst_0008,27,scene27,True,595.0,0.2000151324448327,0.19811424612998962,0.02907541491323576,1015,4628.467980295566,982.6666666666666,True,kept
manual_s27_cyst_0008,27,scene27,True,605.0,0.18937376765762493,0.1822127103805542,0.0355499703500084,857,4588.269544924154,830.0,True,kept
manual_s27_cyst_0008,27,scene27,True,615.0,0.18162906024014294,0.17049042880535126,0.0409076065781556,618,4569.745954692557,616.0,True,kept
manual_s27_cyst_0008,27,scene27,True,625.0,0.20691045096029226,0.19571170210838318,0.04124610088635707,373,3475.7453083109917,369.0,True,kept
manual_s28_cyst_0001,28,scene28,True,765.0,0.3496467789741066,0.3455226421356201,0.041473486634017155,246,2491.243902439024,282.3333333333333,True,kept
manual_s28_cyst_0001,28,scene28,True,775.0,0.29158934816941245,0.28112655878067017,0.05743038341138197,601,3686.8951747088186,553.0,True,kept
manual_s28_cyst_0001,28,scene28,True,785.0,0.2626979922132539,0.25007882714271545,0.0558659017846313,812,4361.764778325123,827.3333333333334,True,kept
manual_s28_cyst_0001,28,scene28,True,795.0,0.2634086799158796,0.25697869062423706,0.04640497771480618,1069,4309.068288119738,1059.6666666666667,True,kept
manual_s28_cyst_0001,28,scene28,True,805.0,0.2550913610012028,0.26124729216098785,0.05187506076025177,1298,4388.164098613252,1275.6666666666667,True,kept
manual_s28_cyst_0001,28,scene28,True,815.0,0.24447290347251174,0.25244155526161194,0.05385724909435557,1460,4527.332191780822,1449.0,True,kept
manual_s28_cyst_0001,28,scene28,True,825.0,0.2423871699896453,0.23949582874774933,0.05528302295168243,1589,4439.892385147892,1538.6666666666667,True,kept
manual_s28_cyst_0001,28,scene28,True,835.0,0.2398145799052586,0.23029017448425293,0.053198627502513036,1567,4334.781110402042,1511.6666666666667,True,kept
manual_s28_cyst_0001,28,scene28,True,845.0,0.23845288194202702,0.22345611453056335,0.055563471492200034,1379,4321.682378535171,1408.0,True,kept
manual_s28_cyst_0001,28,scene28,True,855.0,0.23638602827729566,0.21383418142795563,0.06433327507985759,1278,4325.269170579029,1264.3333333333333,True,kept
manual_s28_cyst_0001,28,scene28,True,865.0,0.23499169604669154,0.21780439466238022,0.06137602596565563,1136,4337.280809859155,1171.6666666666667,True,kept
manual_s28_cyst_0001,28,scene28,True,875.0,0.23828716933402444,0.22101213037967682,0.06400647569076467,1101,4286.495912806539,1145.3333333333333,True,kept
manual_s28_cyst_0001,28,scene28,True,885.0,0.23936126908727046,0.23586729168891907,0.055077761758020774,1199,4231.3160967472895,1308.6666666666667,True,kept
manual_s28_cyst_0001,28,scene28,True,895.0,0.2332743446985294,0.21897856146097183,0.054111734792284996,1626,4203.709102091021,1565.6666666666667,True,kept
manual_s28_cyst_0001,28,scene28,True,905.0,0.2349466679331202,0.22002791613340378,0.05902813042278564,1872,4235.721688034188,1775.0,True,kept
manual_s28_cyst_0001,28,scene28,True,915.0,0.23592272326635674,0.23045118153095245,0.053098279816783785,1827,4327.210727969348,1823.0,True,kept
manual_s28_cyst_0001,28,scene28,True,925.0,0.22108951311158595,0.21207576990127563,0.05153225539327777,1770,4615.724858757062,1743.0,True,kept
manual_s28_cyst_0001,28,scene28,True,935.0,0.20663283151738784,0.19384171068668365,0.04890048200408869,1632,4711.225490196079,1618.6666666666667,True,kept
manual_s28_cyst_0001,28,scene28,True,945.0,0.1953997496448898,0.17546112835407257,0.05638539103213692,1454,4635.559147180193,1413.3333333333333,True,kept
manual_s28_cyst_0001,28,scene28,True,955.0,0.214447769641463,0.20468831807374954,0.05046134317904264,1154,3643.949740034662,1038.3333333333333,True,kept
manual_s28_cyst_0001,28,scene28,True,965.0,0.26508793934327374,0.25943297147750854,0.040660460761044834,507,2493.887573964497,553.6666666666666,True,kept
manual_s28_cyst_0002,28,scene28,True,965.0,0.18857902560926154,0.1865231990814209,0.030174304593560946,391,3386.1355498721227,319.6666666666667,True,kept
manual_s28_cyst_0002,28,scene28,True,975.0,0.17275788049612725,0.16479238867759705,0.03229530584899818,504,4287.152777777777,509.3333333333333,True,kept
manual_s28_cyst_0002,28,scene28,True,985.0,0.17431931276504087,0.17057621479034424,0.027729414729606876,633,4428.816745655608,615.0,True,kept
manual_s28_cyst_0002,28,scene28,True,995.0,0.169674693496298,0.16986235231161118,0.024834158175047725,708,4544.545197740113,702.3333333333334,True,kept
manual_s28_cyst_0002,28,scene28,True,1005.0,0.17662436395455589,0.17847496271133423,0.025846902951058723,766,4427.0443864229765,763.6666666666666,True,kept
manual_s28_cyst_0002,28,scene28,True,1015.0,0.17884285383227405,0.18193931877613068,0.025185207561958245,817,4346.205630354957,814.3333333333334,True,kept
manual_s28_cyst_0002,28,scene28,True,1025.0,0.17687815698946632,0.1754426807165146,0.024124943267806946,860,4394.491860465117,849.3333333333334,True,kept
manual_s28_cyst_0002,28,scene28,True,1035.0,0.17728022194278226,0.17727553844451904,0.02493989939120458,871,4428.774971297359,861.3333333333334,True,kept
manual_s28_cyst_0002,28,scene28,True,1045.0,0.17818497530111535,0.17796382308006287,0.021838590680794294,853,4355.783118405628,856.6666666666666,True,kept
manual_s28_cyst_0002,28,scene28,True,1055.0,0.17799163653777283,0.17596083879470825,0.01939849036573405,846,4374.832151300237,846.6666666666666,True,kept
manual_s28_cyst_0002,28,scene28,True,1065.0,0.176895538227595,0.1750754415988922,0.020300121860951488,841,4404.938168846611,844.6666666666666,True,kept
manual_s28_cyst_0002,28,scene28,True,1075.0,0.17658090583513872,0.1769908368587494,0.022974546004974988,847,4422.984651711924,844.3333333333334,True,kept
manual_s28_cyst_0002,28,scene28,True,1085.0,0.18048423733231583,0.17831765115261078,0.0214658483658049,845,4307.925443786982,848.0,True,kept
manual_s28_cyst_0002,28,scene28,True,1095.0,0.18200147494743688,0.1790890321135521,0.02120652765319606,852,4222.861502347418,855.0,True,kept
manual_s28_cyst_0002,28,scene28,True,1105.0,0.180141498038571,0.17784535139799118,0.023820128181192217,868,4274.301843317972,865.3333333333334,True,kept
manual_s28_cyst_0002,28,scene28,True,1115.0,0.18136837493339086,0.18073560297489166,0.022323328661237804,876,4226.864155251142,868.6666666666666,True,kept
manual_s28_cyst_0002,28,scene28,True,1125.0,0.18508458778849887,0.183595672249794,0.023184463894668304,862,4151.7482598607885,863.3333333333334,True,kept
manual_s28_cyst_0002,28,scene28,True,1135.0,0.18845243900664535,0.18612394481897354,0.021707545192776803,852,4155.078638497653,867.0,True,kept
manual_s28_cyst_0002,28,scene28,True,1145.0,0.1906926970773512,0.18963074684143066,0.023076872386179392,887,4090.8703494926717,875.0,True,kept
manual_s28_cyst_0002,28,scene28,True,1155.0,0.193531009686047,0.19059603661298752,0.025993689450874446,886,4139.457110609481,885.6666666666666,True,kept
manual_s28_cyst_0002,28,scene28,True,1165.0,0.20226566289547343,0.19985850900411606,0.024850167916476998,884,4077.7262443438913,879.0,True,kept
manual_s28_cyst_0002,28,scene28,True,1175.0,0.2098925388842443,0.20715831220149994,0.023887984508157385,867,4010.0196078431372,877.6666666666666,True,kept
manual_s28_cyst_0002,28,scene28,True,1185.0,0.21869222823184092,0.2136913165450096,0.03023693939060793,882,3938.4138321995465,883.6666666666666,True,kept
manual_s28_cyst_0002,28,scene28,True,1195.0,0.22643477180580343,0.22225874662399292,0.029863341603397205,902,3890.441241685144,936.6666666666666,True,kept
manual_s28_cyst_0002,28,scene28,True,1205.0,0.22815762553182495,0.22004282474517822,0.03387572403420319,1026,3998.682261208577,1026.6666666666667,True,kept
manual_s28_cyst_0002,28,scene28,True,1215.0,0.222065902987702,0.21667171269655228,0.03257918023959881,1152,4186.067708333333,1100.3333333333333,True,kept
manual_s28_cyst_0002,28,scene28,True,1225.0,0.2280889165157308,0.22115711867809296,0.0329589367926271,1123,4139.694568121105,1111.3333333333333,True,kept
manual_s28_cyst_0002,28,scene28,True,1235.0,0.24269818416792227,0.2347436547279358,0.0363255676018232,1059,4063.1539187913127,1061.6666666666667,True,kept
manual_s28_cyst_0002,28,scene28,True,1245.0,0.2646682568763569,0.25448983907699585,0.0438623699008197,1003,3976.0079760717845,994.6666666666666,True,kept
manual_s28_cyst_0002,28,scene28,True,1255.0,0.28117265410058667,0.2666015475988388,0.051444070066003204,922,3852.3438177874186,887.3333333333334,True,kept
manual_s28_cyst_0002,28,scene28,True,1265.0,0.29662020767317376,0.2814232409000397,0.05657857478703951,737,3540.5237449118044,688.0,True,kept
manual_s28_cyst_0002,28,scene28,True,1275.0,0.34964890855330005,0.34561699628829956,0.03964156287486225,405,2545.3703703703704,380.6666666666667,True,kept
manual_s28_cyst_0003,28,scene28,True,495.0,0.3975695248693228,0.3924422264099121,0.047200305412757264,400,2973.5625,387.6666666666667,True,kept
manual_s28_cyst_0003,28,scene28,True,505.0,0.3702535575258379,0.37561336159706116,0.0494289356887722,709,3614.7983074753174,665.0,True,kept
manual_s28_cyst_0003,28,scene28,True,515.0,0.34193572679505124,0.33985382318496704,0.048580136061066266,886,4192.559819413093,850.6666666666666,True,kept
manual_s28_cyst_0003,28,scene28,True,525.0,0.32165791930449794,0.31129321455955505,0.03940686436182349,957,4344.1703239289445,945.6666666666666,True,kept
manual_s28_cyst_0003,28,scene28,True,535.0,0.31757096172698307,0.3117995113134384,0.03621788364526361,994,4197.394366197183,998.6666666666666,True,kept
manual_s28_cyst_0003,28,scene28,True,545.0,0.28897278450037306,0.2845386266708374,0.027073019233241728,1045,4194.9464114832535,1033.6666666666667,True,kept
manual_s28_cyst_0003,28,scene28,True,555.0,0.26839444580051186,0.2616775631904602,0.0334421803321546,1062,4192.226930320151,1016.0,True,kept
manual_s28_cyst_0003,28,scene28,True,565.0,0.26428055145661966,0.257267028093338,0.03273313621533291,941,4221.2964930924545,958.3333333333334,True,kept
manual_s28_cyst_0003,28,scene28,True,575.0,0.2517848469043544,0.2483363002538681,0.029714370880809193,872,4333.911697247707,893.3333333333334,True,kept
manual_s28_cyst_0003,28,scene28,True,585.0,0.2582011492847709,0.2541242241859436,0.033466385574607994,867,4296.093425605536,857.0,True,kept
manual_s28_cyst_0003,28,scene28,True,595.0,0.24802914707778165,0.24284574389457703,0.03853214181834705,832,4458.067307692308,852.6666666666666,True,kept
manual_s28_cyst_0003,28,scene28,True,605.0,0.24724092961606658,0.2407546490430832,0.03651571474141799,859,4377.710128055879,851.6666666666666,True,kept
manual_s28_cyst_0003,28,scene28,True,615.0,0.23516311691384073,0.23150388151407242,0.031112718492955962,864,4457.701388888889,854.6666666666666,True,kept
manual_s28_cyst_0003,28,scene28,True,625.0,0.2294115412816423,0.22330646216869354,0.03250818473141766,841,4447.413793103448,855.0,True,kept
manual_s28_cyst_0003,28,scene28,True,635.0,0.22956465841379275,0.22627051919698715,0.03034861440238817,860,4398.967441860465,854.3333333333334,True,kept
manual_s28_cyst_0003,28,scene28,True,645.0,0.2291853834125116,0.2257065251469612,0.03242092764132068,862,4445.0754060324825,859.6666666666666,True,kept
manual_s28_cyst_0003,28,scene28,True,655.0,0.22546324765042358,0.22209681570529938,0.029025260273002715,857,4482.1353558926485,855.0,True,kept
manual_s28_cyst_0003,28,scene28,True,665.0,0.22049690321545792,0.21756907552480698,0.028533362051961744,846,4537.338061465721,854.6666666666666,True,kept
manual_s28_cyst_0003,28,scene28,True,675.0,0.2100275650395472,0.20880873501300812,0.029863926475816677,861,4668.324041811847,855.6666666666666,True,kept
manual_s28_cyst_0003,28,scene28,True,685.0,0.20871956637778946,0.2079751417040825,0.030394205433443695,860,4614.304651162791,859.0,True,kept
manual_s28_cyst_0003,28,scene28,True,695.0,0.2099576636139199,0.2084195464849472,0.03266895466761267,856,4620.8586448598135,860.3333333333334,True,kept
manual_s28_cyst_0003,28,scene28,True,705.0,0.21472645258972411,0.21765057742595673,0.03276430487853992,865,4540.4,865.3333333333334,True,kept
manual_s28_cyst_0003,28,scene28,True,715.0,0.21165996599197387,0.2118307203054428,0.029484534004992336,875,4547.873142857143,866.6666666666666,True,kept
manual_s28_cyst_0003,28,scene28,True,725.0,0.20722825457883437,0.2080242708325386,0.026612207695247903,860,4602.548837209302,879.0,True,kept
manual_s28_cyst_0003,28,scene28,True,735.0,0.199909155969477,0.19942443817853928,0.027150116546057975,902,4703.164079822616,904.6666666666666,True,kept
manual_s28_cyst_0003,28,scene28,True,745.0,0.20343211083477283,0.20447256416082382,0.026362455243798804,952,4592.3960084033615,953.0,True,kept
manual_s28_cyst_0003,28,scene28,True,755.0,0.20020910379898488,0.19925391674041748,0.027213276432389702,1005,4703.921393034826,977.3333333333334,True,kept
manual_s28_cyst_0003,28,scene28,True,765.0,0.19872236342002184,0.19485269486904144,0.03114994470880494,975,4620.749743589744,961.3333333333334,True,kept
manual_s28_cyst_0003,28,scene28,True,775.0,0.19317542525848982,0.19502224028110504,0.027755185248328568,904,4699.988938053098,908.6666666666666,True,kept
manual_s28_cyst_0003,28,scene28,True,785.0,0.1870917712537288,0.18303504586219788,0.03250166079927664,847,4801.590318772137,835.0,True,kept
manual_s28_cyst_0003,28,scene28,True,795.0,0.19441417885316778,0.18650904297828674,0.03570031942625924,754,4435.510610079576,738.0,True,kept
manual_s28_cyst_0003,28,scene28,True,805.0,0.19114720388687842,0.17533321678638458,0.04553610964683866,613,4302.039151712887,606.3333333333334,True,kept
manual_s28_cyst_0003,28,scene28,True,815.0,0.20447541061228355,0.19616980105638504,0.043576078955438184,452,3525.533185840708,399.0,True,kept
manual_s28_cyst_0005,28,scene28,True,865.0,0.16966946118114368,0.16929157078266144,0.023930648609440316,474,3189.869198312236,407.3333333333333,True,kept
manual_s28_cyst_0005,28,scene28,True,875.0,0.15521169714573463,0.1480429470539093,0.029276592142575858,663,4279.828054298642,647.0,True,kept
manual_s28_cyst_0005,28,scene28,True,885.0,0.16246406796077886,0.15691502392292023,0.027124208592921997,804,4538.046019900497,793.6666666666666,True,kept
manual_s28_cyst_0005,28,scene28,True,895.0,0.16520128219798044,0.16146297007799149,0.0241139224358721,914,4725.8949671772425,910.6666666666666,True,kept
manual_s28_cyst_0005,28,scene28,True,905.0,0.1655102757703976,0.16406746953725815,0.02390158420008191,1014,4825.434911242603,1016.6666666666666,True,kept
manual_s28_cyst_0005,28,scene28,True,915.0,0.16994250950913165,0.16716261208057404,0.024419602999579636,1122,4741.664884135473,1127.0,True,kept
manual_s28_cyst_0005,28,scene28,True,925.0,0.17049383027965284,0.16754207015037537,0.02034737237129404,1245,4664.681927710843,1183.0,True,kept
manual_s28_cyst_0005,28,scene28,True,935.0,0.16944360912678205,0.1697697564959526,0.022052871565847936,1182,4719.156514382403,1206.3333333333333,True,kept
manual_s28_cyst_0005,28,scene28,True,945.0,0.17590208752268313,0.17484914511442184,0.020643267640183302,1192,4674.90855704698,1197.0,True,kept
manual_s28_cyst_0005,28,scene28,True,955.0,0.18443943267487656,0.1808903068304062,0.023415749006420725,1217,4628.930977814298,1209.0,True,kept
manual_s28_cyst_0005,28,scene28,True,965.0,0.1814554827517183,0.17936377227306366,0.027507243504806395,1218,4798.0254515599345,1206.3333333333333,True,kept
manual_s28_cyst_0005,28,scene28,True,975.0,0.1883329074779475,0.183574840426445,0.029365961847124058,1184,4725.347128378378,1185.6666666666667,True,kept
manual_s28_cyst_0005,28,scene28,True,985.0,0.19337831814309736,0.18854986131191254,0.031605585972535585,1155,4703.530735930736,1154.3333333333333,True,kept
manual_s28_cyst_0005,28,scene28,True,995.0,0.2027311632243976,0.19665993005037308,0.031974610840645096,1124,4640.532918149466,1126.6666666666667,True,kept
manual_s28_cyst_0005,28,scene28,True,1005.0,0.20761085183213343,0.19745168089866638,0.03984015389497698,1101,4607.333333333333,1103.6666666666667,True,kept
manual_s28_cyst_0005,28,scene28,True,1015.0,0.2092339531218369,0.20138335973024368,0.04119530936235045,1086,4534.507366482505,1095.6666666666667,True,kept
manual_s28_cyst_0005,28,scene28,True,1025.0,0.21223426340655846,0.20108385384082794,0.04378134684726763,1100,4504.7190909090905,1104.6666666666667,True,kept
manual_s28_cyst_0005,28,scene28,True,1035.0,0.2151795522118291,0.20389778167009354,0.041425257722176013,1128,4491.938829787234,1132.6666666666667,True,kept
manual_s28_cyst_0005,28,scene28,True,1045.0,0.22239680241825235,0.20873010158538818,0.046234944431516455,1170,4518.194017094017,1168.6666666666667,True,kept
manual_s28_cyst_0005,28,scene28,True,1055.0,0.23138859026775455,0.21987278759479523,0.04901617359215493,1208,4367.798013245033,1187.6666666666667,True,kept
manual_s28_cyst_0005,28,scene28,True,1065.0,0.236781729361679,0.22274528443813324,0.05967693104192021,1185,4466.897890295359,1154.0,True,kept
manual_s28_cyst_0005,28,scene28,True,1075.0,0.24437549970939518,0.2265099138021469,0.05311640772816305,1069,4465.344246959776,1073.6666666666667,True,kept
manual_s28_cyst_0005,28,scene28,True,1085.0,0.2614990218842042,0.2463139444589615,0.05141676593009394,967,4282.711478800414,967.6666666666666,True,kept
manual_s28_cyst_0005,28,scene28,True,1095.0,0.2672257436463027,0.262529194355011,0.04613252432894337,867,4173.860438292964,850.0,True,kept
manual_s28_cyst_0005,28,scene28,True,1105.0,0.2824193223395161,0.27915382385253906,0.03606075210462723,716,3743.723463687151,727.0,True,kept
manual_s28_cyst_0005,28,scene28,True,1115.0,0.29252225235353746,0.2897816002368927,0.03316622486239931,598,3556.0785953177256,595.3333333333334,True,kept
manual_s28_cyst_0005,28,scene28,True,1125.0,0.32738194961921646,0.3163323551416397,0.04469457703633677,472,3241.322033898305,450.3333333333333,True,kept
manual_s28_cyst_0006,28,scene28,True,335.0,0.4088165018480149,0.4124745726585388,0.04411400786045399,426,3034.549295774648,380.6666666666667,True,kept
manual_s28_cyst_0006,28,scene28,True,345.0,0.3711438456750313,0.3686642348766327,0.040817360156321786,661,4037.4145234493194,646.0,True,kept
manual_s28_cyst_0006,28,scene28,True,355.0,0.3502592397492585,0.3456464409828186,0.04116438241315651,851,4501.332549941246,830.6666666666666,True,kept
manual_s28_cyst_0006,28,scene28,True,365.0,0.34357476185779184,0.3370000869035721,0.039649012221947624,980,4701.2326530612245,974.0,True,kept
manual_s28_cyst_0006,28,scene28,True,375.0,0.3327699424366029,0.33303743600845337,0.036899025644944086,1091,4505.005499541705,1080.6666666666667,True,kept
manual_s28_cyst_0006,28,scene28,True,385.0,0.31611412917570003,0.3149436414241791,0.041668654767015055,1171,4360.039282664389,1162.0,True,kept
manual_s28_cyst_0006,28,scene28,True,395.0,0.29594253832656964,0.2908737361431122,0.03581027093377312,1224,4291.591503267974,1141.3333333333333,True,kept
manual_s28_cyst_0006,28,scene28,True,405.0,0.2907855474798279,0.2834322452545166,0.03574811184564607,1029,4281.425655976676,1042.6666666666667,True,kept
manual_s28_cyst_0006,28,scene28,True,415.0,0.28661801883152555,0.27988216280937195,0.034025255639197234,875,4388.563428571429,926.0,True,kept
manual_s28_cyst_0006,28,scene28,True,425.0,0.27914973631398904,0.2719777524471283,0.032943967626573076,874,4421.996567505721,877.0,True,kept
manual_s28_cyst_0006,28,scene28,True,435.0,0.2696558096173669,0.25877512991428375,0.03726395315099228,882,4415.392290249433,882.0,True,kept
manual_s28_cyst_0006,28,scene28,True,445.0,0.253811229246386,0.2468947470188141,0.0396969457908772,890,4422.987640449438,882.6666666666666,True,kept
manual_s28_cyst_0006,28,scene28,True,455.0,0.23514384761044424,0.2334049567580223,0.030630355479318073,876,4524.38698630137,878.3333333333334,True,kept
manual_s28_cyst_0006,28,scene28,True,465.0,0.23297856096499808,0.23361040651798248,0.03213492320299282,869,4568.067894131185,869.6666666666666,True,kept
manual_s28_cyst_0006,28,scene28,True,475.0,0.2265513078999464,0.22316018491983414,0.024616960975716865,864,4596.137731481482,876.0,True,kept
manual_s28_cyst_0006,28,scene28,True,485.0,0.22253576262370167,0.22045691311359406,0.025986211311939168,895,4527.223463687151,888.0,True,kept
manual_s28_cyst_0006,28,scene28,True,495.0,0.21781064084221646,0.21536365151405334,0.02552178641198518,905,4436.561325966851,903.6666666666666,True,kept
manual_s28_cyst_0006,28,scene28,True,505.0,0.20660276802585886,0.20376905798912048,0.025808663868772168,911,4477.90779363337,904.0,True,kept
manual_s28_cyst_0006,28,scene28,True,515.0,0.2001829749705004,0.19840949028730392,0.02651534024738193,896,4588.623883928572,910.0,True,kept
manual_s28_cyst_0006,28,scene28,True,525.0,0.197943389238154,0.19631648063659668,0.024781260342846053,923,4566.915492957746,915.3333333333334,True,kept
manual_s28_cyst_0006,28,scene28,True,535.0,0.20069073923454572,0.19811862707138062,0.025076827979808678,927,4498.740021574973,930.0,True,kept
manual_s28_cyst_0006,28,scene28,True,545.0,0.19611517503223522,0.19642479717731476,0.027708564661785614,940,4569.015957446809,946.3333333333334,True,kept
manual_s28_cyst_0006,28,scene28,True,555.0,0.19413936506082982,0.19544444978237152,0.026564545877239706,972,4561.063786008231,976.3333333333334,True,kept
manual_s28_cyst_0006,28,scene28,True,565.0,0.18897058745899267,0.19291667640209198,0.026923663705615487,1017,4577.300884955752,985.3333333333334,True,kept
manual_s28_cyst_0006,28,scene28,True,575.0,0.19034931856480108,0.19155412912368774,0.027509549724480026,967,4502.330920372286,958.3333333333334,True,kept
manual_s28_cyst_0006,28,scene28,True,585.0,0.18830074392484897,0.19116739928722382,0.031612062303245946,891,4467.1088664421995,891.3333333333334,True,kept
manual_s28_cyst_0006,28,scene28,True,595.0,0.18132129067774205,0.18312809616327286,0.025452039393558723,816,4492.707107843137,815.6666666666666,True,kept
manual_s28_cyst_0006,28,scene28,True,605.0,0.18005275047711425,0.1821203976869583,0.029421532272625863,740,4331.760810810811,733.6666666666666,True,kept
manual_s28_cyst_0006,28,scene28,True,615.0,0.17668728208126025,0.17337968945503235,0.030363386028199227,645,4101.460465116279,622.3333333333334,True,kept
manual_s28_cyst_0006,28,scene28,True,625.0,0.18005604575160133,0.17531034350395203,0.029214064350894926,482,3730.636929460581,453.3333333333333,True,kept
manual_s28_cyst_0007,28,scene28,True,585.0,0.28611963511218685,0.28121358156204224,0.03840697810068196,507,3001.5384615384614,447.3333333333333,True,kept
manual_s28_cyst_0007,28,scene28,True,595.0,0.24789356296726814,0.24064751714468002,0.036191701141006866,768,4107.102864583333,763.6666666666666,True,kept
manual_s28_cyst_0007,28,scene28,True,605.0,0.23081294873978678,0.22899746894836426,0.03533810633203773,1016,4294.825787401574,1010.0,True,kept
manual_s28_cyst_0007,28,scene28,True,615.0,0.22228453939789564,0.2189706414937973,0.04547213270713627,1246,4404.463884430176,1246.0,True,kept
manual_s28_cyst_0007,28,scene28,True,625.0,0.21363678239386902,0.21021170169115067,0.04901576081954455,1476,4509.826558265582,1443.0,True,kept
manual_s28_cyst_0007,28,scene28,True,635.0,0.20680567417259013,0.2005911022424698,0.048760517035127945,1607,4623.137523335407,1585.6666666666667,True,kept
manual_s28_cyst_0007,28,scene28,True,645.0,0.20433888028029756,0.19683129340410233,0.04312017330900041,1674,4645.0549581839905,1593.6666666666667,True,kept
manual_s28_cyst_0007,28,scene28,True,655.0,0.19918334189554054,0.18751179426908493,0.04440417691722191,1500,4722.200666666667,1507.6666666666667,True,kept
manual_s28_cyst_0007,28,scene28,True,665.0,0.19572539059783547,0.18484359979629517,0.04332367059639591,1349,4781.816901408451,1351.6666666666667,True,kept
manual_s28_cyst_0007,28,scene28,True,675.0,0.19762772266717496,0.18380156904459,0.04181696133425338,1206,4727.815091210614,1196.0,True,kept
manual_s28_cyst_0007,28,scene28,True,685.0,0.20070860938088822,0.18260863423347473,0.047281387495297526,1033,4666.562439496612,1039.0,True,kept
manual_s28_cyst_0007,28,scene28,True,695.0,0.20401751314521108,0.1976797729730606,0.041086374808565314,878,4479.120728929385,921.3333333333334,True,kept
manual_s28_cyst_0007,28,scene28,True,705.0,0.20837808872932287,0.19490252435207367,0.04857453174977796,853,4431.750293083235,868.3333333333334,True,kept
manual_s28_cyst_0007,28,scene28,True,715.0,0.2074932744065875,0.19671986252069473,0.0495248774332825,874,4471.133867276888,971.3333333333334,True,kept
manual_s28_cyst_0007,28,scene28,True,725.0,0.2009339166496015,0.18496160209178925,0.04443117366147565,1187,4470.951137320977,1353.3333333333333,True,kept
manual_s28_cyst_0007,28,scene28,True,735.0,0.1941386828978936,0.18511168658733368,0.038374373001136955,1999,4569.707853926963,1726.3333333333333,True,kept
manual_s28_cyst_0007,28,scene28,True,745.0,0.19645672388714996,0.18884819746017456,0.0385241573880546,1993,4663.321625689915,1981.0,True,kept
manual_s28_cyst_0007,28,scene28,True,755.0,0.1983744551178005,0.1890489012002945,0.04724230645769808,1951,4822.101486417222,1941.3333333333333,True,kept
manual_s28_cyst_0007,28,scene28,True,765.0,0.1877598607080414,0.17476139962673187,0.052341898009778315,1880,5089.342021276596,1880.3333333333333,True,kept
manual_s28_cyst_0007,28,scene28,True,775.0,0.18114019095980002,0.16887173056602478,0.0487926009078898,1810,4906.048066298343,1787.0,True,kept
manual_s28_cyst_0007,28,scene28,True,785.0,0.18767254670300504,0.18180964887142181,0.0511919731812602,1671,4198.09934171155,1588.3333333333333,True,kept
manual_s28_cyst_0007,28,scene28,True,795.0,0.22565416313963144,0.2218625843524933,0.03977283398281167,1284,2834.3528037383176,1011.6666666666666,True,kept
manual_s28_cyst_0007,28,scene28,True,805.0,0.27553570717573167,0.2700762003660202,0.03125397715855403,80,2025.2625,454.6666666666667,True,kept
manual_s29_cyst_0001,29,scene29,True,455.0,0.3116948131314466,0.30632777512073517,0.046799471979861215,284,2827.2147887323945,338.6666666666667,True,kept
manual_s29_cyst_0001,29,scene29,True,465.0,0.27393370909524745,0.25833210349082947,0.060465385697248984,732,3791.837431693989,646.3333333333334,True,kept
manual_s29_cyst_0001,29,scene29,True,475.0,0.24856797399913502,0.2435624897480011,0.05948832723717458,923,4430.22210184182,914.6666666666666,True,kept
manual_s29_cyst_0001,29,scene29,True,485.0,0.24187028507938946,0.2476772516965866,0.055118251322913196,1089,4373.759412304867,1088.6666666666667,True,kept
manual_s29_cyst_0001,29,scene29,True,495.0,0.227796735851008,0.23388803750276566,0.05684287865681765,1254,4548.368421052632,1238.0,True,kept
manual_s29_cyst_0001,29,scene29,True,505.0,0.22615255751286345,0.23246808350086212,0.05448928682369282,1371,4412.299051787017,1345.6666666666667,True,kept
manual_s29_cyst_0001,29,scene29,True,515.0,0.21907372496199,0.2203558161854744,0.04769497239096711,1412,4391.60835694051,1396.3333333333333,True,kept
manual_s29_cyst_0001,29,scene29,True,525.0,0.21229935690209503,0.21006587892770767,0.04596089485091033,1406,4296.778093883357,1327.0,True,kept
manual_s29_cyst_0001,29,scene29,True,535.0,0.2030490923125172,0.1966354101896286,0.043435574250879,1163,4342.88736027515,1237.0,True,kept
manual_s29_cyst_0001,29,scene29,True,545.0,0.2039883098778708,0.20098312944173813,0.044591706209096284,1142,4362.514886164623,1149.3333333333333,True,kept
manual_s29_cyst_0001,29,scene29,True,555.0,0.211971477234666,0.21564917266368866,0.04439953167702406,1143,4270.054243219598,1249.0,True,kept
manual_s29_cyst_0001,29,scene29,True,565.0,0.20844559366375248,0.20832551270723343,0.037581334966248686,1462,4284.928864569083,1371.0,True,kept
manual_s29_cyst_0001,29,scene29,True,575.0,0.20440390444205042,0.19674372673034668,0.04062741267926598,1508,4476.032493368701,1470.3333333333333,True,kept
manual_s29_cyst_0001,29,scene29,True,585.0,0.20188049540844002,0.19789761304855347,0.03137221364892541,1441,4526.981263011798,1438.6666666666667,True,kept
manual_s29_cyst_0001,29,scene29,True,595.0,0.18939998350225407,0.18899977207183838,0.026072816441173163,1367,4847.414045354792,1359.0,True,kept
manual_s29_cyst_0001,29,scene29,True,605.0,0.17278901608536054,0.16611887514591217,0.035313653659504333,1269,5094.393223010245,1228.6666666666667,True,kept
manual_s29_cyst_0001,29,scene29,True,615.0,0.160089945516416,0.14606236666440964,0.03842455427545796,1050,5055.4047619047615,1026.0,True,kept
manual_s29_cyst_0001,29,scene29,True,625.0,0.1819485997454765,0.18063229322433472,0.03327786275311071,759,3670.4769433465085,661.6666666666666,True,kept
manual_s29_cyst_0001,29,scene29,True,635.0,0.21839014110578733,0.2184464931488037,0.02120805318829918,176,2417.9204545454545,311.6666666666667,True,kept
manual_s29_cyst_0002,29,scene29,True,695.0,0.1953553155294273,0.19666263461112976,0.032336861136871814,519,3429.658959537572,444.6666666666667,True,kept
manual_s29_cyst_0002,29,scene29,True,705.0,0.1600710961183435,0.14762017130851746,0.034590315791150766,760,5006.6657894736845,755.6666666666666,True,kept
manual_s29_cyst_0002,29,scene29,True,715.0,0.17579042569918912,0.16551890969276428,0.03498855582122589,988,4972.689271255061,982.0,True,kept
manual_s29_cyst_0002,29,scene29,True,725.0,0.18489851598598325,0.17811058461666107,0.034024653370539025,1198,5005.836393989984,1185.3333333333333,True,kept
manual_s29_cyst_0002,29,scene29,True,735.0,0.1913296157099905,0.18671050667762756,0.031548130244045146,1370,4923.63503649635,1340.0,True,kept
manual_s29_cyst_0002,29,scene29,True,745.0,0.19833423638044145,0.196549654006958,0.02997190115916166,1452,4745.448347107438,1460.0,True,kept
manual_s29_cyst_0002,29,scene29,True,755.0,0.2117637460130782,0.20548684149980545,0.03853289712000062,1558,4449.23106546855,1447.0,True,kept
manual_s29_cyst_0002,29,scene29,True,765.0,0.21201149527064667,0.20929400622844696,0.041954945027441494,1331,4547.174305033809,1373.0,True,kept
manual_s29_cyst_0002,29,scene29,True,775.0,0.2085865732736704,0.20310790091753006,0.03852588958502697,1230,4559.141463414634,1237.6666666666667,True,kept
manual_s29_cyst_0002,29,scene29,True,785.0,0.2175704501827972,0.20977885276079178,0.04858758537985304,1152,4423.259548611111,1185.0,True,kept
manual_s29_cyst_0002,29,scene29,True,795.0,0.22055328209890024,0.2046867460012436,0.051801734173501035,1173,4400.771526001705,1189.0,True,kept
manual_s29_cyst_0002,29,scene29,True,805.0,0.2156169818363328,0.1973094791173935,0.05029531063485732,1242,4401.639291465379,1241.6666666666667,True,kept
manual_s29_cyst_0002,29,scene29,True,815.0,0.21161169018454223,0.20201858133077621,0.042212839815186844,1310,4374.441221374046,1308.3333333333333,True,kept
manual_s29_cyst_0002,29,scene29,True,825.0,0.2056986101715129,0.1969120055437088,0.043485554841238186,1373,4550.042971595048,1407.6666666666667,True,kept
manual_s29_cyst_0002,29,scene29,True,835.0,0.2071833951858344,0.20204074680805206,0.04519379358292089,1540,4522.975324675324,1468.0,True,kept
manual_s29_cyst_0002,29,scene29,True,845.0,0.21768873313343182,0.21714141964912415,0.05191299169198667,1491,4338.702213279678,1475.3333333333333,True,kept
manual_s29_cyst_0002,29,scene29,True,855.0,0.22867575536705687,0.22729526460170746,0.04802770547975962,1395,4123.293906810036,1358.3333333333333,True,kept
manual_s29_cyst_0002,29,scene29,True,865.0,0.23215386200041405,0.22567588090896606,0.05774438885695922,1189,4135.909167367536,1192.6666666666667,True,kept
manual_s29_cyst_0002,29,scene29,True,875.0,0.22437850526820727,0.22356505692005157,0.05684588452438936,994,4258.606639839034,1012.0,True,kept
manual_s29_cyst_0002,29,scene29,True,885.0,0.2385779294291247,0.22787044942378998,0.04819972941402639,853,3999.5709261430247,811.6666666666666,True,kept
manual_s29_cyst_0002,29,scene29,True,895.0,0.26952559924145947,0.25951096415519714,0.04685936217072255,588,3564.704081632653,539.6666666666666,True,kept
manual_s29_cyst_0003,29,scene29,True,255.0,0.5615513547311856,0.5595942735671997,0.04644112191858562,316,3461.4145569620255,306.6666666666667,True,kept
manual_s29_cyst_0003,29,scene29,True,265.0,0.5199945301437198,0.5222769975662231,0.05559459587499373,529,3953.3175803402646,503.6666666666667,True,kept
manual_s29_cyst_0003,29,scene29,True,275.0,0.4843007229469918,0.48508933186531067,0.05410822317543627,666,4432.057057057057,650.0,True,kept
manual_s29_cyst_0003,29,scene29,True,285.0,0.45232582029127916,0.44830843806266785,0.03933267468591221,755,4488.855629139073,753.3333333333334,True,kept
manual_s29_cyst_0003,29,scene29,True,295.0,0.41985148319328497,0.4141460657119751,0.03812903132776234,839,4382.740166865316,838.6666666666666,True,kept
manual_s29_cyst_0003,29,scene29,True,305.0,0.37951645638122994,0.375591903924942,0.04388686733131155,922,4423.959869848156,912.0,True,kept
manual_s29_cyst_0003,29,scene29,True,315.0,0.3512603136515006,0.3444947302341461,0.036747644640690684,975,4446.468717948718,949.3333333333334,True,kept
manual_s29_cyst_0003,29,scene29,True,325.0,0.32418875288135995,0.320856511592865,0.03499705863065713,951,4611.86119873817,933.0,True,kept
manual_s29_cyst_0003,29,scene29,True,335.0,0.3070201686704009,0.3061804473400116,0.03891569647324404,873,4633.973654066437,892.0,True,kept
manual_s29_cyst_0003,29,scene29,True,345.0,0.29593433558661053,0.292211189866066,0.031085239343249742,852,4792.984741784037,865.3333333333334,True,kept
manual_s29_cyst_0003,29,scene29,True,355.0,0.28780483219229397,0.28375568985939026,0.030905091700750866,871,4766.5051664753155,861.0,True,kept
manual_s29_cyst_0003,29,scene29,True,365.0,0.26898602068770766,0.2687090039253235,0.02972575890733465,860,4709.906976744186,863.6666666666666,True,kept
manual_s29_cyst_0003,29,scene29,True,375.0,0.25729339807186014,0.253947377204895,0.028527270296598427,860,4617.551162790698,865.3333333333334,True,kept
manual_s29_cyst_0003,29,scene29,True,385.0,0.24274564209525987,0.24048900604248047,0.023042504991292376,876,4631.565068493151,873.0,True,kept
manual_s29_cyst_0003,29,scene29,True,395.0,0.2309872458603482,0.22798645496368408,0.024105967715897347,883,4653.852774631937,876.0,True,kept
manual_s29_cyst_0003,29,scene29,True,405.0,0.21964711676189896,0.21646857261657715,0.026273793691660295,869,4756.5650172612195,872.6666666666666,True,kept
manual_s29_cyst_0003,29,scene29,True,415.0,0.21215392045212123,0.21039677411317825,0.024516664008200136,866,4714.158198614318,873.0,True,kept
manual_s29_cyst_0003,29,scene29,True,425.0,0.20758901477466882,0.20618094503879547,0.0224944733105091,884,4665.597285067874,879.3333333333334,True,kept
manual_s29_cyst_0003,29,scene29,True,435.0,0.1962245178014577,0.19556569308042526,0.02577247233149602,888,4786.558558558559,879.3333333333334,True,kept
manual_s29_cyst_0003,29,scene29,True,445.0,0.18866306699072516,0.19094491004943848,0.024904249916549045,866,4752.113163972286,868.3333333333334,True,kept
manual_s29_cyst_0003,29,scene29,True,455.0,0.1877291197817418,0.193489208817482,0.02748862048912963,851,4657.749706227967,856.6666666666666,True,kept
manual_s29_cyst_0003,29,scene29,True,465.0,0.17747342590884616,0.18183349072933197,0.027175293649771563,853,4794.171160609613,862.3333333333334,True,kept
manual_s29_cyst_0003,29,scene29,True,475.0,0.17407240759948372,0.17574548721313477,0.02523280246552529,883,4750.476783691959,895.0,True,kept
manual_s29_cyst_0003,29,scene29,True,485.0,0.17066287984963588,0.17262986302375793,0.024817105467882503,949,4636.676501580611,966.0,True,kept
manual_s29_cyst_0003,29,scene29,True,495.0,0.1626855670622992,0.1659848988056183,0.021925449261178145,1066,4789.922138836773,1025.0,True,kept
manual_s29_cyst_0003,29,scene29,True,505.0,0.1648138167442016,0.1696901023387909,0.024468237490417766,1060,4673.551886792453,1044.0,True,kept
manual_s29_cyst_0003,29,scene29,True,515.0,0.1617263940720269,0.16779519617557526,0.024714045029395535,1006,4627.187872763419,1000.6666666666666,True,kept
manual_s29_cyst_0003,29,scene29,True,525.0,0.16215244479254526,0.16726592928171158,0.02416334371694784,936,4580.995726495727,921.3333333333334,True,kept
manual_s29_cyst_0003,29,scene29,True,535.0,0.16098057781402791,0.16273682564496994,0.021657730192955114,822,4529.384428223844,816.3333333333334,True,kept
manual_s29_cyst_0003,29,scene29,True,545.0,0.15604906382548653,0.15259134769439697,0.02297170720953253,691,4364.806078147612,677.6666666666666,True,kept
manual_s29_cyst_0003,29,scene29,True,555.0,0.16067056991159917,0.15846628695726395,0.023833747444619295,520,3640.4384615384615,459.6666666666667,True,kept
manual_s29_cyst_0004,29,scene29,True,905.0,0.16005289432652992,0.15047968924045563,0.03289395853057621,556,3913.8093525179856,504.6666666666667,True,kept
manual_s29_cyst_0004,29,scene29,True,915.0,0.1570256790419004,0.15541334450244904,0.024906912726001436,717,4289.517433751744,694.6666666666666,True,kept
manual_s29_cyst_0004,29,scene29,True,925.0,0.15791164972485214,0.1572844237089157,0.024223753651926534,811,4460.923551171393,806.6666666666666,True,kept
manual_s29_cyst_0004,29,scene29,True,935.0,0.1661724881874606,0.1661064401268959,0.022850095208200593,892,4321.505605381166,880.6666666666666,True,kept
manual_s29_cyst_0004,29,scene29,True,945.0,0.17017371455828348,0.1685488224029541,0.020549341926129408,939,4241.2758253461125,940.6666666666666,True,kept
manual_s29_cyst_0004,29,scene29,True,955.0,0.17531627481267623,0.17402403056621552,0.025353987864505878,991,4037.648839556004,984.0,True,kept
manual_s29_cyst_0004,29,scene29,True,965.0,0.17290110928380092,0.17386458814144135,0.025324561516920172,1022,4117.774951076321,999.3333333333334,True,kept
manual_s29_cyst_0004,29,scene29,True,975.0,0.17326848358672284,0.17339244484901428,0.02727203325320841,985,4179.784771573604,1002.3333333333334,True,kept
manual_s29_cyst_0004,29,scene29,True,985.0,0.17142339684814215,0.1722130998969078,0.02949549663500791,1000,4304.974,1001.0,True,kept
manual_s29_cyst_0004,29,scene29,True,995.0,0.1797224389195208,0.17957612127065659,0.028164043419001947,1018,4200.018664047151,1013.3333333333334,True,kept
manual_s29_cyst_0004,29,scene29,True,1005.0,0.18382210417882103,0.18245743215084076,0.03089924706840314,1022,4249.807240704501,1017.0,True,kept
manual_s29_cyst_0004,29,scene29,True,1015.0,0.18668634209387616,0.1858580857515335,0.03263100470600229,1011,4375.3353115727,996.0,True,kept
manual_s29_cyst_0004,29,scene29,True,1025.0,0.18952350770927848,0.18738442659378052,0.031633731718033256,955,4404.632460732984,968.3333333333334,True,kept
manual_s29_cyst_0004,29,scene29,True,1035.0,0.19552172844211896,0.19278989732265472,0.032449500023109444,939,4282.486687965921,964.0,True,kept
manual_s29_cyst_0004,29,scene29,True,1045.0,0.20415891141057732,0.20261304825544357,0.028661407703100453,998,4136.549098196393,963.6666666666666,True,kept
manual_s29_cyst_0004,29,scene29,True,1055.0,0.21792395614415594,0.21633006632328033,0.03799578492852066,954,4117.146750524109,960.3333333333334,True,kept
manual_s29_cyst_0004,29,scene29,True,1065.0,0.22647213948684053,0.22078846395015717,0.046233985064824575,929,4127.609257265877,914.3333333333334,True,kept
manual_s29_cyst_0004,29,scene29,True,1075.0,0.225159102158491,0.21654131263494492,0.049703103004732574,860,4278.689534883721,848.6666666666666,True,kept
manual_s29_cyst_0004,29,scene29,True,1085.0,0.23195644252523878,0.2179805189371109,0.04934402157123557,757,4278.488771466315,743.0,True,kept
manual_s29_cyst_0004,29,scene29,True,1095.0,0.2483667757094296,0.23438744246959686,0.057624028179876156,612,4058.527777777778,603.6666666666666,True,kept
manual_s29_cyst_0004,29,scene29,True,1105.0,0.2857612903773515,0.2765737324953079,0.04762388500018889,442,3468.914027149321,404.0,True,kept
manual_s29_cyst_0006,29,scene29,True,445.0,0.363091335348461,0.3636288046836853,0.04849943062855186,437,3198.633867276888,429.6666666666667,True,kept
manual_s29_cyst_0006,29,scene29,True,455.0,0.31459616187024,0.299078568816185,0.06357365690911372,812,3930.9913793103447,754.3333333333334,True,kept
manual_s29_cyst_0006,29,scene29,True,465.0,0.27388661638401907,0.2542036175727844,0.07820729038426498,1014,4608.317554240632,1002.0,True,kept
manual_s29_cyst_0006,29,scene29,True,475.0,0.24265717462462894,0.2298952043056488,0.06585876337323249,1180,4914.872033898305,1167.6666666666667,True,kept
manual_s29_cyst_0006,29,scene29,True,485.0,0.2368446286053399,0.24056434631347656,0.06523972930625668,1309,4794.845683728036,1294.0,True,kept
manual_s29_cyst_0006,29,scene29,True,495.0,0.23113215391103603,0.22620847821235657,0.05493212383650179,1393,4645.945441493181,1392.3333333333333,True,kept
manual_s29_cyst_0006,29,scene29,True,505.0,0.2276320728558605,0.21818417310714722,0.06034341006909767,1475,4653.836610169492,1406.0,True,kept
manual_s29_cyst_0006,29,scene29,True,515.0,0.2247320331301954,0.20682304352521896,0.06425892695298972,1350,4538.994814814815,1308.6666666666667,True,kept
manual_s29_cyst_0006,29,scene29,True,525.0,0.22873116313707384,0.19977204501628876,0.07646198210042157,1101,4559.581289736603,1145.3333333333333,True,kept
manual_s29_cyst_0006,29,scene29,True,535.0,0.2271475599501944,0.20310764014720917,0.07648179477016347,985,4689.024365482233,1063.0,True,kept
manual_s29_cyst_0006,29,scene29,True,545.0,0.22229744809412028,0.20667047798633575,0.07574619402204644,1103,4661.109700815957,1177.6666666666667,True,kept
manual_s29_cyst_0006,29,scene29,True,555.0,0.21297977680153501,0.19515134394168854,0.0582367174710622,1445,4538.716262975779,1421.6666666666667,True,kept
manual_s29_cyst_0006,29,scene29,True,565.0,0.21288700148801715,0.19824305176734924,0.05985318466823032,1717,4554.973791496796,1662.3333333333333,True,kept
manual_s29_cyst_0006,29,scene29,True,575.0,0.21062036143998578,0.19610002636909485,0.05367668234564262,1825,4541.8893150684935,1782.3333333333333,True,kept
manual_s29_cyst_0006,29,scene29,True,585.0,0.2081021713583093,0.1898317188024521,0.05547809406988402,1805,4708.929639889197,1796.6666666666667,True,kept
manual_s29_cyst_0006,29,scene29,True,595.0,0.19183495655147867,0.17702600359916687,0.04719440975642282,1760,4968.104545454546,1750.6666666666667,True,kept
manual_s29_cyst_0006,29,scene29,True,605.0,0.17520339326368822,0.1651354730129242,0.04355398887603329,1687,4939.994665085951,1619.3333333333333,True,kept
manual_s29_cyst_0006,29,scene29,True,615.0,0.16286995514836572,0.14680138230323792,0.04513211186833673,1411,4605.475549255847,1338.0,True,kept
manual_s29_cyst_0006,29,scene29,True,625.0,0.14586528566336526,0.1349521279335022,0.0323715042094237,916,4501.6899563318775,944.3333333333334,True,kept
manual_s29_cyst_0006,29,scene29,True,635.0,0.16060075051935294,0.16507746279239655,0.030778102608105633,506,3368.110671936759,492.0,True,kept
manual_s29_cyst_0007,29,scene29,True,315.0,0.4102622763468669,0.4066318869590759,0.03843620693093721,598,3554.1053511705686,492.0,True,kept
manual_s29_cyst_0007,29,scene29,True,325.0,0.41281460672996123,0.41205674409866333,0.03902739100733139,786,4478.732824427481,770.3333333333334,True,kept
manual_s29_cyst_0007,29,scene29,True,335.0,0.39936245892683153,0.3954543471336365,0.0333726881732236,927,4651.249190938512,911.6666666666666,True,kept
manual_s29_cyst_0007,29,scene29,True,345.0,0.3937172140277295,0.38950443267822266,0.03682914770257362,1022,4564.39530332681,1019.0,True,kept
manual_s29_cyst_0007,29,scene29,True,355.0,0.3633828666800841,0.3606535792350769,0.04635384604519071,1108,4384.4205776173285,1090.6666666666667,True,kept
manual_s29_cyst_0007,29,scene29,True,365.0,0.3197135743530118,0.3130142390727997,0.05008322435622602,1142,4436.461471103327,1132.6666666666667,True,kept
manual_s29_cyst_0007,29,scene29,True,375.0,0.2921571839561861,0.2855733782052994,0.046000569843479416,1148,4487.553135888502,1054.6666666666667,True,kept
manual_s29_cyst_0007,29,scene29,True,385.0,0.2970014594375951,0.29183533787727356,0.034707391249098746,874,4513.662471395881,960.6666666666666,True,kept
manual_s29_cyst_0007,29,scene29,True,395.0,0.2750956845144893,0.2689598798751831,0.03687003242403381,860,4680.317441860465,868.0,True,kept
manual_s29_cyst_0007,29,scene29,True,405.0,0.25757453325151025,0.25313034653663635,0.02706448483646302,870,4824.896551724138,868.6666666666666,True,kept
manual_s29_cyst_0007,29,scene29,True,415.0,0.24752074425623297,0.24594152718782425,0.027822019465341383,876,4838.646118721461,874.6666666666666,True,kept
manual_s29_cyst_0007,29,scene29,True,425.0,0.23635678757024517,0.23146528005599976,0.027942177389714686,878,4826.502277904328,884.0,True,kept
manual_s29_cyst_0007,29,scene29,True,435.0,0.22822549615578025,0.22472044080495834,0.02933543369920119,898,4871.662583518931,889.6666666666666,True,kept
manual_s29_cyst_0007,29,scene29,True,445.0,0.21397181255753336,0.20913457870483398,0.033364134721980375,893,4969.704367301232,892.0,True,kept
manual_s29_cyst_0007,29,scene29,True,455.0,0.20865947540196994,0.20671477913856506,0.030831504926721133,885,4886.632768361582,886.0,True,kept
manual_s29_cyst_0007,29,scene29,True,465.0,0.1980459987863221,0.2010715827345848,0.027433827014944432,880,4894.279545454546,884.3333333333334,True,kept
manual_s29_cyst_0007,29,scene29,True,475.0,0.18724706108673467,0.18924648314714432,0.031303072307321045,888,5006.981981981982,878.6666666666666,True,kept
manual_s29_cyst_0007,29,scene29,True,485.0,0.1772487659161816,0.17754648625850677,0.027218623451644317,868,5103.8387096774195,878.0,True,kept
manual_s29_cyst_0007,29,scene29,True,495.0,0.17506256700410658,0.18013190478086472,0.02762198021862565,878,5192.95444191344,876.0,True,kept
manual_s29_cyst_0007,29,scene29,True,505.0,0.17534497275509262,0.1786649003624916,0.025740398155193526,882,4969.938775510204,886.3333333333334,True,kept
manual_s29_cyst_0007,29,scene29,True,515.0,0.16947780776607313,0.1730699986219406,0.024474384993866085,899,4921.132369299221,923.6666666666666,True,kept
manual_s29_cyst_0007,29,scene29,True,525.0,0.1613472690184911,0.16835181415081024,0.0281209011869364,990,5105.678787878788,1014.6666666666666,True,kept
manual_s29_cyst_0007,29,scene29,True,535.0,0.1634357744674662,0.16882668435573578,0.024280857076304268,1155,5041.308225108225,1087.0,True,kept
manual_s29_cyst_0007,29,scene29,True,545.0,0.15916509920978203,0.1604168564081192,0.02350535975278116,1116,5073.620071684588,1105.3333333333333,True,kept
manual_s29_cyst_0007,29,scene29,True,555.0,0.15237221089704184,0.15428993105888367,0.02468976803449463,1045,5215.788516746412,1039.3333333333333,True,kept
manual_s29_cyst_0007,29,scene29,True,565.0,0.1454368623882501,0.1474464237689972,0.02200227290258806,957,5313.145245559039,956.3333333333334,True,kept
manual_s29_cyst_0007,29,scene29,True,575.0,0.14857669666220436,0.14765465259552002,0.020606841853685887,867,4912.245674740484,862.6666666666666,True,kept
manual_s29_cyst_0007,29,scene29,True,585.0,0.15152666834792541,0.14994025230407715,0.02075241802296367,764,4311.441099476439,709.0,True,kept
manual_s29_cyst_0007,29,scene29,True,595.0,0.1742048873566091,0.17270462214946747,0.027172595976562047,496,3308.8064516129034,441.3333333333333,True,kept
manual_s29_cyst_0008,29,scene29,True,705.0,0.12093513456844536,0.12178021669387817,0.022902410823770817,351,3396.5669515669515,318.3333333333333,True,kept
manual_s29_cyst_0008,29,scene29,True,715.0,0.11571858605200594,0.11537719890475273,0.018022939075208362,550,3934.867272727273,542.3333333333334,True,kept
manual_s29_cyst_0008,29,scene29,True,725.0,0.12491073867834633,0.12272966280579567,0.021089437717245006,726,4331.848484848485,746.0,True,kept
manual_s29_cyst_0008,29,scene29,True,735.0,0.13096103746746038,0.12661507725715637,0.022982652365598537,962,4622.536382536383,964.0,True,kept
manual_s29_cyst_0008,29,scene29,True,745.0,0.13955094598456474,0.13425089418888092,0.027086670025756814,1204,4761.12707641196,1193.0,True,kept
manual_s29_cyst_0008,29,scene29,True,755.0,0.1495448423777585,0.14573167264461517,0.023396881181743615,1413,4712.58669497523,1385.6666666666667,True,kept
manual_s29_cyst_0008,29,scene29,True,765.0,0.15549069625119885,0.1543564796447754,0.018804132132975056,1540,4851.731168831169,1503.6666666666667,True,kept
manual_s29_cyst_0008,29,scene29,True,775.0,0.1621874856244921,0.16082137823104858,0.0217435305007424,1558,4890.709242618742,1528.6666666666667,True,kept
manual_s29_cyst_0008,29,scene29,True,785.0,0.1698248422033684,0.16922087222337723,0.025335865772792985,1488,4742.325940860215,1470.0,True,kept
manual_s29_cyst_0008,29,scene29,True,795.0,0.1794028349679586,0.18034419417381287,0.02950253617968935,1364,4579.398093841643,1357.0,True,kept
manual_s29_cyst_0008,29,scene29,True,805.0,0.18244110330804827,0.18294811248779297,0.031169351602602997,1219,4417.585726004922,1232.0,True,kept
manual_s29_cyst_0008,29,scene29,True,815.0,0.1791771128438982,0.17664803564548492,0.03800797488362183,1113,4513.029649595687,1137.3333333333333,True,kept
manual_s29_cyst_0008,29,scene29,True,825.0,0.17341137771253232,0.16616106033325195,0.036893805849293096,1080,4600.224074074074,1134.0,True,kept
manual_s29_cyst_0008,29,scene29,True,835.0,0.17186656499988684,0.16571782529354095,0.03500586721909021,1209,4655.3507030603805,1226.3333333333333,True,kept
manual_s29_cyst_0008,29,scene29,True,845.0,0.17468147776860127,0.17091673612594604,0.03153608260034861,1390,4718.255395683454,1369.3333333333333,True,kept
manual_s29_cyst_0008,29,scene29,True,855.0,0.1788802507442698,0.17840160429477692,0.0349747327730199,1509,4693.9330682571235,1526.6666666666667,True,kept
manual_s29_cyst_0008,29,scene29,True,865.0,0.17851191311454148,0.17803698778152466,0.033608444840854956,1681,4663.1867935752525,1615.3333333333333,True,kept
manual_s29_cyst_0008,29,scene29,True,875.0,0.17512151331231357,0.17350082099437714,0.041032832665831874,1656,4818.941425120773,1615.0,True,kept
manual_s29_cyst_0008,29,scene29,True,885.0,0.17694752300232253,0.18170128762722015,0.03773501204748447,1508,4863.852785145888,1496.0,True,kept
manual_s29_cyst_0008,29,scene29,True,895.0,0.1837321126557819,0.17887751013040543,0.04065183075380702,1324,4837.412386706948,1307.3333333333333,True,kept
manual_s29_cyst_0008,29,scene29,True,905.0,0.19958854271867954,0.19115956127643585,0.05437869907034994,1090,4811.798165137615,1103.6666666666667,True,kept
manual_s29_cyst_0008,29,scene29,True,915.0,0.20680282895381635,0.19881579279899597,0.03981970016585247,897,4554.924191750279,868.3333333333334,True,kept
manual_s29_cyst_0008,29,scene29,True,925.0,0.23492680694968182,0.2274201288819313,0.05025578948833801,618,3884.830097087379,578.3333333333334,True,kept
manual_s29_cyst_0008,29,scene29,True,935.0,0.2977501207454638,0.3038856238126755,0.036753115430328887,220,2698.981818181818,279.3333333333333,True,kept
manual_s29_cyst_0009,29,scene29,True,465.0,0.30658699862424144,0.3080083131790161,0.04593153328945797,349,2893.0974212034384,336.0,True,kept
manual_s29_cyst_0009,29,scene29,True,475.0,0.2592656176491845,0.25847887992858887,0.03151682847508388,656,3934.2103658536585,617.0,True,kept
manual_s29_cyst_0009,29,scene29,True,485.0,0.24489287213019445,0.2452082261443138,0.03389220021437343,846,4241.39243498818,842.6666666666666,True,kept
manual_s29_cyst_0009,29,scene29,True,495.0,0.23120041679569156,0.23511801660060883,0.04675056081862627,1026,4457.094541910332,1017.0,True,kept
manual_s29_cyst_0009,29,scene29,True,505.0,0.23301628031677063,0.23134161531925201,0.05335827893886963,1179,4376.4919423240035,1196.3333333333333,True,kept
manual_s29_cyst_0009,29,scene29,True,515.0,0.2195632097532036,0.21199841052293777,0.04935600166438957,1384,4420.77239884393,1362.3333333333333,True,kept
manual_s29_cyst_0009,29,scene29,True,525.0,0.21085520543334052,0.2015104591846466,0.055470673855734925,1524,4632.524934383202,1442.6666666666667,True,kept
manual_s29_cyst_0009,29,scene29,True,535.0,0.20530430243258746,0.19712068885564804,0.05239529967039643,1420,4564.971830985915,1394.0,True,kept
manual_s29_cyst_0009,29,scene29,True,545.0,0.20109079335251995,0.1917889192700386,0.05516879884377482,1238,4588.490306946688,1264.6666666666667,True,kept
manual_s29_cyst_0009,29,scene29,True,555.0,0.20466043101623654,0.19246438890695572,0.05738326785958962,1136,4419.319542253521,1142.0,True,kept
manual_s29_cyst_0009,29,scene29,True,565.0,0.19907038458428228,0.18481376022100449,0.05767001221005839,1052,4464.501901140685,1109.3333333333333,True,kept
manual_s29_cyst_0009,29,scene29,True,575.0,0.1934127672983889,0.19099778681993484,0.04574517233284869,1140,4430.266666666666,1140.3333333333333,True,kept
manual_s29_cyst_0009,29,scene29,True,585.0,0.19007082753932214,0.1895049512386322,0.037309357224489616,1229,4361.356387306753,1215.3333333333333,True,kept
manual_s29_cyst_0009,29,scene29,True,595.0,0.18702680599484112,0.18856434524059296,0.036797249402024224,1277,4502.9404855129205,1263.6666666666667,True,kept
manual_s29_cyst_0009,29,scene29,True,605.0,0.18299765315501143,0.18331536650657654,0.028373022337242197,1285,4611.582879377432,1303.6666666666667,True,kept
manual_s29_cyst_0009,29,scene29,True,615.0,0.17913966352538413,0.17875270545482635,0.024942101651637932,1349,4638.687175685694,1404.3333333333333,True,kept
manual_s29_cyst_0009,29,scene29,True,625.0,0.1699259334713919,0.16893532872200012,0.023663062711358054,1579,4772.198860037999,1543.6666666666667,True,kept
manual_s29_cyst_0009,29,scene29,True,635.0,0.16771014334433793,0.16732406616210938,0.02303882987031013,1703,4784.063417498532,1598.6666666666667,True,kept
manual_s29_cyst_0009,29,scene29,True,645.0,0.16264105669888354,0.16654987633228302,0.02381687430592514,1514,5059.394319682959,1538.0,True,kept
manual_s29_cyst_0009,29,scene29,True,655.0,0.14762994110498925,0.1490126997232437,0.023321514909632416,1397,5490.302075876879,1387.3333333333333,True,kept
manual_s29_cyst_0009,29,scene29,True,665.0,0.13538643955993804,0.13058631122112274,0.027342142824345363,1251,5783.107114308553,1245.0,True,kept
manual_s29_cyst_0009,29,scene29,True,675.0,0.1329048923126798,0.12150668352842331,0.03410596741074928,1087,5471.694572217111,1067.6666666666667,True,kept
manual_s29_cyst_0009,29,scene29,True,685.0,0.14250286420473474,0.1379692405462265,0.0323156644615391,865,4315.126011560694,795.3333333333334,True,kept
manual_s29_cyst_0009,29,scene29,True,695.0,0.1561754565291141,0.15478023886680603,0.017807315589429263,434,2995.7903225806454,435.0,True,kept
manual_s30_cyst_0001,30,scene30,True,325.0,0.6025577617739035,0.5879218280315399,0.07046254078177246,478,3532.3535564853555,407.3333333333333,True,kept
manual_s30_cyst_0001,30,scene30,True,335.0,0.5352386781400731,0.5357092022895813,0.057671317528152376,639,3979.9186228482004,610.3333333333334,True,kept
manual_s30_cyst_0001,30,scene30,True,345.0,0.4920312056020528,0.4877162277698517,0.05057173815178532,714,4071.9453781512607,724.0,True,kept
manual_s30_cyst_0001,30,scene30,True,355.0,0.446134015644863,0.4414840638637543,0.04913516090910491,819,4125.173382173382,808.0,True,kept
manual_s30_cyst_0001,30,scene30,True,365.0,0.4003885605118491,0.393727570772171,0.047149076832226335,891,4158.316498316498,877.6666666666666,True,kept
manual_s30_cyst_0001,30,scene30,True,375.0,0.3884404936758953,0.3773016333580017,0.05713829385325566,923,3991.858071505959,906.6666666666666,True,kept
manual_s30_cyst_0001,30,scene30,True,385.0,0.354288770186059,0.3521696776151657,0.055896909643631844,906,4111.032008830022,898.3333333333334,True,kept
manual_s30_cyst_0001,30,scene30,True,395.0,0.3258785335110462,0.3168551176786423,0.051619359797876345,866,4330.460739030023,883.6666666666666,True,kept
manual_s30_cyst_0001,30,scene30,True,405.0,0.29976790088977967,0.29226285219192505,0.03846695097977101,879,4410.751990898749,875.6666666666666,True,kept
manual_s30_cyst_0001,30,scene30,True,415.0,0.29602075949345047,0.2909052222967148,0.03349335924338053,882,4421.4795918367345,887.3333333333334,True,kept
manual_s30_cyst_0001,30,scene30,True,425.0,0.28915259920135056,0.2857946455478668,0.030656342264280566,901,4401.681465038846,880.3333333333334,True,kept
manual_s30_cyst_0001,30,scene30,True,435.0,0.2746873527487397,0.2732255756855011,0.02970188074579682,858,4483.793706293706,877.6666666666666,True,kept
manual_s30_cyst_0001,30,scene30,True,445.0,0.26436270023237923,0.2625080347061157,0.03337504708522634,874,4529.517162471396,871.3333333333334,True,kept
manual_s30_cyst_0001,30,scene30,True,455.0,0.25118770181727246,0.24909396469593048,0.028630084623690696,882,4510.7267573696145,878.3333333333334,True,kept
manual_s30_cyst_0001,30,scene30,True,465.0,0.24330120068361327,0.2411571592092514,0.021694483765764536,879,4543.046643913538,876.6666666666666,True,kept
manual_s30_cyst_0001,30,scene30,True,475.0,0.236582549501069,0.2339629828929901,0.025500023114635485,869,4559.566168009206,881.6666666666666,True,kept
manual_s30_cyst_0001,30,scene30,True,485.0,0.22626364285929945,0.22378429770469666,0.02801699668023871,897,4600.482720178373,888.3333333333334,True,kept
manual_s30_cyst_0001,30,scene30,True,495.0,0.21862880895546202,0.21763776242733002,0.0301822143215547,899,4630.922135706341,883.6666666666666,True,kept
manual_s30_cyst_0001,30,scene30,True,505.0,0.21989980122150735,0.2189725786447525,0.02166790703448254,855,4595.707602339181,856.6666666666666,True,kept
manual_s30_cyst_0001,30,scene30,True,515.0,0.22171624642157672,0.22176962345838547,0.025358029258207005,816,4450.280637254902,813.3333333333334,True,kept
manual_s30_cyst_0001,30,scene30,True,525.0,0.22372281152188236,0.22374290227890015,0.03080038393480032,769,4412.8244473342,769.0,True,kept
manual_s30_cyst_0001,30,scene30,True,535.0,0.2103487029052507,0.213323675096035,0.0397202041862783,722,4624.421052631579,720.0,True,kept
manual_s30_cyst_0001,30,scene30,True,545.0,0.20694113071723905,0.2023409903049469,0.035689291487856656,669,4518.424514200299,650.3333333333334,True,kept
manual_s30_cyst_0001,30,scene30,True,555.0,0.19162252053086246,0.1856452003121376,0.033492164892168455,560,4510.232142857143,552.0,True,kept
manual_s30_cyst_0001,30,scene30,True,565.0,0.19418514706630619,0.18946361541748047,0.031217724388866126,427,3790.152224824356,367.0,True,kept
manual_s30_cyst_0002,30,scene30,True,455.0,0.35603512502184104,0.3463217616081238,0.0627668275792622,510,4065.8392156862747,466.6666666666667,True,kept
manual_s30_cyst_0002,30,scene30,True,465.0,0.35173259957591235,0.3474172353744507,0.06915474871512983,692,4593.9421965317915,671.3333333333334,True,kept
manual_s30_cyst_0002,30,scene30,True,475.0,0.3432683109356265,0.34270070493221283,0.06330886331465138,812,4766.737684729064,815.0,True,kept
manual_s30_cyst_0002,30,scene30,True,485.0,0.31909835444690066,0.312328040599823,0.05519319453465781,941,4801.316684378321,937.0,True,kept
manual_s30_cyst_0002,30,scene30,True,495.0,0.30565457127720735,0.2972775548696518,0.06097431190287,1058,4701.562381852552,1047.6666666666667,True,kept
manual_s30_cyst_0002,30,scene30,True,505.0,0.28223429335007716,0.2718562185764313,0.07296945242744209,1144,4856.406468531469,1126.0,True,kept
manual_s30_cyst_0002,30,scene30,True,515.0,0.27003181367149565,0.251574844121933,0.08080542895538938,1176,4944.783163265306,1128.6666666666667,True,kept
manual_s30_cyst_0002,30,scene30,True,525.0,0.2672973536024845,0.24227604269981384,0.07539317215476989,1066,4893.177298311444,1088.0,True,kept
manual_s30_cyst_0002,30,scene30,True,535.0,0.26385637352319613,0.23651741445064545,0.07606446778123636,1022,4960.768101761252,1028.0,True,kept
manual_s30_cyst_0002,30,scene30,True,545.0,0.25804558759891844,0.23293767869472504,0.07656702951804505,996,4951.105421686747,994.6666666666666,True,kept
manual_s30_cyst_0002,30,scene30,True,555.0,0.27087578851552235,0.24217599630355835,0.09189130686774698,966,4890.16149068323,986.6666666666666,True,kept
manual_s30_cyst_0002,30,scene30,True,565.0,0.2565453098806924,0.23992802202701569,0.0739864622342853,998,4908.240480961924,1037.3333333333333,True,kept
manual_s30_cyst_0002,30,scene30,True,575.0,0.24983513109282127,0.23183628171682358,0.0749567385123188,1148,4902.73606271777,1151.3333333333333,True,kept
manual_s30_cyst_0002,30,scene30,True,585.0,0.24020145625012732,0.21463721990585327,0.07347285956013629,1308,4959.497706422018,1280.0,True,kept
manual_s30_cyst_0002,30,scene30,True,595.0,0.23779102226428558,0.2105374038219452,0.07517896898419225,1384,5039.406791907514,1375.0,True,kept
manual_s30_cyst_0002,30,scene30,True,605.0,0.23184322163888982,0.21213757991790771,0.06200432707024337,1433,5156.930216329379,1432.6666666666667,True,kept
manual_s30_cyst_0002,30,scene30,True,615.0,0.22098246362666518,0.20225301384925842,0.061560293260254854,1481,5213.097906819717,1479.0,True,kept
manual_s30_cyst_0002,30,scene30,True,625.0,0.20657480869611,0.19424523413181305,0.051762023280902396,1523,5249.977019041366,1485.6666666666667,True,kept
manual_s30_cyst_0002,30,scene30,True,635.0,0.19838000380697532,0.18624870479106903,0.05520633514986447,1453,5164.396421197523,1404.0,True,kept
manual_s30_cyst_0002,30,scene30,True,645.0,0.1830869018127328,0.18042699247598648,0.032619810377308885,1236,5232.696601941748,1249.0,True,kept
manual_s30_cyst_0002,30,scene30,True,655.0,0.16870368221362733,0.1675035059452057,0.02412207464759019,1058,5373.699432892249,1078.6666666666667,True,kept
manual_s30_cyst_0002,30,scene30,True,665.0,0.15710892534622975,0.1556006669998169,0.028242965387049603,942,5351.73991507431,940.6666666666666,True,kept
manual_s30_cyst_0002,30,scene30,True,675.0,0.15180042728672932,0.14646067470312119,0.028189696316379714,822,4800.377128953772,785.6666666666666,True,kept
manual_s30_cyst_0002,30,scene30,True,685.0,0.15403070862437984,0.14705966413021088,0.031068378224069618,593,4325.330522765598,555.6666666666666,True,kept
manual_s30_cyst_0002,30,scene30,True,695.0,0.19059448476348603,0.19126683473587036,0.026614293950444016,252,3021.7896825396824,281.6666666666667,True,kept
manual_s30_cyst_0003,30,scene30,True,505.0,0.26658464729900766,0.2565341293811798,0.043292953201203764,519,4144.202312138728,468.6666666666667,True,kept
manual_s30_cyst_0003,30,scene30,True,515.0,0.26912817797869787,0.26505258679389954,0.05986116542011946,696,4619.556034482759,684.6666666666666,True,kept
manual_s30_cyst_0003,30,scene30,True,525.0,0.28535335096258657,0.2823050916194916,0.06962344083789462,839,4563.46126340882,829.6666666666666,True,kept
manual_s30_cyst_0003,30,scene30,True,535.0,0.28375974155384537,0.2765074223279953,0.07184612963337861,954,4495.0733752620545,973.3333333333334,True,kept
manual_s30_cyst_0003,30,scene30,True,545.0,0.27695180483645004,0.2667177617549896,0.07229394126318826,1127,4249.117125110914,1102.0,True,kept
manual_s30_cyst_0003,30,scene30,True,555.0,0.26567299611714423,0.25394758582115173,0.0709593613301039,1225,4192.780408163266,1210.0,True,kept
manual_s30_cyst_0003,30,scene30,True,565.0,0.2608356117642541,0.24217259883880615,0.07030880269352631,1278,4050.1455399061033,1292.0,True,kept
manual_s30_cyst_0003,30,scene30,True,575.0,0.25779625089691227,0.23391076922416687,0.07981344895010409,1373,4075.4202476329206,1354.3333333333333,True,kept
manual_s30_cyst_0003,30,scene30,True,585.0,0.25782711415554244,0.23287669569253922,0.07824166560523185,1412,4043.498583569405,1398.0,True,kept
manual_s30_cyst_0003,30,scene30,True,595.0,0.250018388921272,0.23623493313789368,0.05638621898641349,1409,4169.575585521647,1392.0,True,kept
manual_s30_cyst_0003,30,scene30,True,605.0,0.24178411191899837,0.23102737963199615,0.0559222228721458,1355,4303.69520295203,1369.3333333333333,True,kept
manual_s30_cyst_0003,30,scene30,True,615.0,0.23902865624543101,0.22885382175445557,0.04778033601668472,1344,4312.712053571428,1321.3333333333333,True,kept
manual_s30_cyst_0003,30,scene30,True,625.0,0.2369389639894953,0.22796979546546936,0.04475605000756081,1265,4335.979446640316,1247.6666666666667,True,kept
manual_s30_cyst_0003,30,scene30,True,635.0,0.22785744925129772,0.2169034704566002,0.05441765839896587,1134,4408.148148148148,1096.0,True,kept
manual_s30_cyst_0003,30,scene30,True,645.0,0.19782649974586994,0.18748828768730164,0.04020945999225302,889,4595.705286839145,893.3333333333334,True,kept
manual_s30_cyst_0003,30,scene30,True,655.0,0.18949340313355492,0.1766999065876007,0.046941841151618244,657,4311.811263318113,597.3333333333334,True,kept
manual_s30_cyst_0003,30,scene30,True,665.0,0.21725430430435552,0.21114440262317657,0.04341891734448898,246,3112.6056910569105,301.0,True,kept
manual_s30_cyst_0004,30,scene30,True,345.0,0.44405983039415053,0.4399811029434204,0.07024974658238227,491,3512.193482688391,425.0,True,kept
manual_s30_cyst_0004,30,scene30,True,355.0,0.3955542002405439,0.37536075711250305,0.0683404160501235,735,4492.685714285714,696.6666666666666,True,kept
manual_s30_cyst_0004,30,scene30,True,365.0,0.3667611154831118,0.3499711602926254,0.06275227187136943,864,4608.121527777777,854.3333333333334,True,kept
manual_s30_cyst_0004,30,scene30,True,375.0,0.3390603480991981,0.32520031929016113,0.053539016111549785,964,4575.544605809128,951.3333333333334,True,kept
manual_s30_cyst_0004,30,scene30,True,385.0,0.31310002706204243,0.3037310987710953,0.04571118938861537,1026,4559.30604288499,1019.0,True,kept
manual_s30_cyst_0004,30,scene30,True,395.0,0.29658784426141255,0.2861908972263336,0.04753020826147092,1067,4529.2286785379565,1071.3333333333333,True,kept
manual_s30_cyst_0004,30,scene30,True,405.0,0.2734534440829645,0.2654234766960144,0.043825815687739154,1121,4728.119536128457,1030.3333333333333,True,kept
manual_s30_cyst_0004,30,scene30,True,415.0,0.2639935999151612,0.2558000385761261,0.043923376526537834,903,4794.977851605759,963.0,True,kept
manual_s30_cyst_0004,30,scene30,True,425.0,0.24759770020239616,0.24678431451320648,0.03416800308268368,865,4772.9514450867055,878.3333333333334,True,kept
manual_s30_cyst_0004,30,scene30,True,435.0,0.2357935683743764,0.23216179013252258,0.03170429886956145,867,4853.898500576701,866.3333333333334,True,kept
manual_s30_cyst_0004,30,scene30,True,445.0,0.22256852198293328,0.2205028086900711,0.025541955772466683,867,4935.284890426759,869.6666666666666,True,kept
manual_s30_cyst_0004,30,scene30,True,455.0,0.2104772903578622,0.20619738101959229,0.02615210950530625,875,5049.12,869.3333333333334,True,kept
manual_s30_cyst_0004,30,scene30,True,465.0,0.20706599183363397,0.20264233648777008,0.030812540542108507,866,5112.070438799076,865.3333333333334,True,kept
manual_s30_cyst_0004,30,scene30,True,475.0,0.2081724442062322,0.2045561522245407,0.026380006419856026,855,5074.1076023391815,862.0,True,kept
manual_s30_cyst_0004,30,scene30,True,485.0,0.19994899826931817,0.19805936515331268,0.028791555688003616,865,5172.02774566474,854.0,True,kept
manual_s30_cyst_0004,30,scene30,True,495.0,0.19277462127868467,0.19406172633171082,0.027116694751359312,842,5292.219714964371,852.3333333333334,True,kept
manual_s30_cyst_0004,30,scene30,True,505.0,0.18764417413403006,0.1875482127070427,0.025514537127640867,850,5340.854117647059,854.3333333333334,True,kept
manual_s30_cyst_0004,30,scene30,True,515.0,0.18331630297869136,0.18691545724868774,0.028011828444013228,871,5384.6601607347875,858.6666666666666,True,kept
manual_s30_cyst_0004,30,scene30,True,525.0,0.17967039801572499,0.18288658559322357,0.026158588916354905,855,5375.428070175439,866.3333333333334,True,kept
manual_s30_cyst_0004,30,scene30,True,535.0,0.17726936054769113,0.18151088058948517,0.026517974561712957,873,5418.424971363116,872.0,True,kept
manual_s30_cyst_0004,30,scene30,True,545.0,0.1749568227007314,0.180278941988945,0.02684889682376048,888,5537.9628378378375,877.6666666666666,True,kept
manual_s30_cyst_0004,30,scene30,True,555.0,0.16814084333119864,0.1730957329273224,0.02891572530298997,872,5589.910550458716,883.0,True,kept
manual_s30_cyst_0004,30,scene30,True,565.0,0.1683802755195459,0.17002063989639282,0.028471465510901607,889,5424.363329583802,895.3333333333334,True,kept
manual_s30_cyst_0004,30,scene30,True,575.0,0.1637139158716073,0.16778792440891266,0.025364325273027382,925,5410.497297297297,926.0,True,kept
manual_s30_cyst_0004,30,scene30,True,585.0,0.16686555461888491,0.1720166653394699,0.02674996334772825,964,5297.235477178423,957.0,True,kept
manual_s30_cyst_0004,30,scene30,True,595.0,0.1595124834484578,0.1643926501274109,0.02838955296221236,982,5544.0702647657845,964.6666666666666,True,kept
manual_s30_cyst_0004,30,scene30,True,605.0,0.15794470443347083,0.16259241849184036,0.025831688004013,948,5398.777426160337,945.6666666666666,True,kept
manual_s30_cyst_0004,30,scene30,True,615.0,0.15790716723806933,0.16166743636131287,0.02475360948687134,907,5235.05953693495,892.3333333333334,True,kept
manual_s30_cyst_0004,30,scene30,True,625.0,0.15351095781129062,0.15274325758218765,0.020926396976195454,822,5254.446472019465,809.3333333333334,True,kept
manual_s30_cyst_0004,30,scene30,True,635.0,0.15195654755796656,0.15013550221920013,0.022256515712409726,699,5221.393419170243,703.6666666666666,True,kept
manual_s30_cyst_0004,30,scene30,True,645.0,0.15756043035347583,0.15291111171245575,0.022508308980790315,590,4766.450847457627,567.6666666666666,True,kept
manual_s30_cyst_0004,30,scene30,True,655.0,0.1599200487424786,0.15613027662038803,0.023461655657012526,414,4141.067632850241,374.3333333333333,True,kept
manual_s30_cyst_0006,30,scene30,True,275.0,0.522264314289825,0.5190946459770203,0.05946034407258405,443,3471.1241534988712,392.6666666666667,True,kept
manual_s30_cyst_0006,30,scene30,True,285.0,0.4744073881778022,0.4660208821296692,0.0691673843826351,631,3825.3866877971473,607.3333333333334,True,kept
manual_s30_cyst_0006,30,scene30,True,295.0,0.4310845406775806,0.42787139117717743,0.04984431098465389,748,3924.426470588235,733.3333333333334,True,kept
manual_s30_cyst_0006,30,scene30,True,305.0,0.39804447887876004,0.3875344395637512,0.049111514333833435,821,3967.1583434835566,809.0,True,kept
manual_s30_cyst_0006,30,scene30,True,315.0,0.3731446993517709,0.35776422917842865,0.06485536703640195,858,3983.3799533799533,851.6666666666666,True,kept
manual_s30_cyst_0006,30,scene30,True,325.0,0.3279700260694441,0.3151155710220337,0.05120915531049284,876,4170.54794520548,877.0,True,kept
manual_s30_cyst_0006,30,scene30,True,335.0,0.305995721465502,0.3021893799304962,0.04465154452030809,897,4265.260869565217,887.3333333333334,True,kept
manual_s30_cyst_0006,30,scene30,True,345.0,0.302425623375868,0.29698920249938965,0.046868058378523626,889,4347.1451068616425,885.6666666666666,True,kept
manual_s30_cyst_0006,30,scene30,True,355.0,0.28652293256448685,0.28200268745422363,0.035018916110163535,871,4321.219288174512,876.3333333333334,True,kept
manual_s30_cyst_0006,30,scene30,True,365.0,0.26823540368000576,0.2642471194267273,0.03991819414024998,869,4428.662830840046,867.3333333333334,True,kept
manual_s30_cyst_0006,30,scene30,True,375.0,0.2543549740950635,0.2511403560638428,0.030651867040998027,862,4565.136890951276,865.6666666666666,True,kept
manual_s30_cyst_0006,30,scene30,True,385.0,0.24765814071645914,0.2400030940771103,0.03752048580492145,866,4631.452655889146,866.6666666666666,True,kept
manual_s30_cyst_0006,30,scene30,True,395.0,0.2397138814552935,0.23728182911872864,0.03289674183310681,872,4647.316513761468,881.0,True,kept
manual_s30_cyst_0006,30,scene30,True,405.0,0.2378565925754895,0.23416459560394287,0.02616665615249843,905,4545.176795580111,888.0,True,kept
manual_s30_cyst_0006,30,scene30,True,415.0,0.2401369875790436,0.23717521131038666,0.032062024981986716,887,4508.054114994363,887.3333333333334,True,kept
manual_s30_cyst_0006,30,scene30,True,425.0,0.22544362765961679,0.22465462982654572,0.02436949080434252,870,4566.870114942529,885.0,True,kept
manual_s30_cyst_0006,30,scene30,True,435.0,0.2173527743509724,0.21723578870296478,0.02372774135771463,898,4575.128062360802,887.6666666666666,True,kept
manual_s30_cyst_0006,30,scene30,True,445.0,0.2137084966431783,0.20977354049682617,0.026439526739410052,895,4518.711731843576,883.6666666666666,True,kept
manual_s30_cyst_0006,30,scene30,True,455.0,0.21470594060518247,0.21028494834899902,0.023168753572281594,858,4485.687645687645,879.6666666666666,True,kept
manual_s30_cyst_0006,30,scene30,True,465.0,0.20750095844941538,0.20457253605127335,0.0243629433891357,886,4499.156884875846,898.6666666666666,True,kept
manual_s30_cyst_0006,30,scene30,True,475.0,0.2033460550323254,0.20151273906230927,0.024298290295184995,952,4503.519957983193,948.0,True,kept
manual_s30_cyst_0006,30,scene30,True,485.0,0.19823828501030655,0.19708966463804245,0.02257999899474592,1006,4474.272365805169,977.6666666666666,True,kept
manual_s30_cyst_0006,30,scene30,True,495.0,0.19690660235209342,0.19506022334098816,0.02293423536701074,975,4511.821538461539,973.3333333333334,True,kept
manual_s30_cyst_0006,30,scene30,True,505.0,0.19274631007728232,0.19390539824962616,0.025767982408879148,939,4610.324813631523,932.3333333333334,True,kept
manual_s30_cyst_0006,30,scene30,True,515.0,0.18553898948437766,0.18618158996105194,0.026845865562011486,883,4681.654586636467,861.0,True,kept
manual_s30_cyst_0006,30,scene30,True,525.0,0.1811424086504321,0.1798180341720581,0.030462381324487586,761,4794.067017082786,740.6666666666666,True,kept
manual_s30_cyst_0006,30,scene30,True,535.0,0.1895197920217646,0.1837807595729828,0.031247288358861335,578,4608.313148788928,568.0,True,kept
manual_s30_cyst_0006,30,scene30,True,545.0,0.2342675897764833,0.2307615578174591,0.04605092047337604,365,3473.3616438356166,322.0,True,kept
manual_s30_cyst_0007,30,scene30,True,515.0,0.3218906407715971,0.3121550679206848,0.05143916610203283,401,3220.695760598504,350.3333333333333,True,kept
manual_s30_cyst_0007,30,scene30,True,525.0,0.25853708801243575,0.2532123923301697,0.047483645463720275,643,4427.802488335926,596.0,True,kept
manual_s30_cyst_0007,30,scene30,True,535.0,0.2490068042791018,0.2286839708685875,0.052622577940127584,744,4794.67876344086,748.3333333333334,True,kept
manual_s30_cyst_0007,30,scene30,True,545.0,0.24433157575644535,0.23605754226446152,0.04293367287865669,858,4768.255244755244,851.3333333333334,True,kept
manual_s30_cyst_0007,30,scene30,True,555.0,0.22717118070719122,0.22764580696821213,0.04390491369544577,952,4858.245798319328,948.0,True,kept
manual_s30_cyst_0007,30,scene30,True,565.0,0.22135626667357505,0.22213708609342575,0.03314289493994826,1034,4748.590909090909,1030.3333333333333,True,kept
manual_s30_cyst_0007,30,scene30,True,575.0,0.21835282440908355,0.21664784848690033,0.03226250729827419,1105,4729.6180995475115,1072.0,True,kept
manual_s30_cyst_0007,30,scene30,True,585.0,0.21627172786213228,0.2104499340057373,0.03683098876416658,1077,4662.637883008357,1072.3333333333333,True,kept
manual_s30_cyst_0007,30,scene30,True,595.0,0.21595701637187442,0.2021181583404541,0.04617041632047506,1035,4726.506280193236,1025.6666666666667,True,kept
manual_s30_cyst_0007,30,scene30,True,605.0,0.2106262406382536,0.20422248542308807,0.0355980306346391,965,4772.427979274611,987.3333333333334,True,kept
manual_s30_cyst_0007,30,scene30,True,615.0,0.2078300102724231,0.20742078125476837,0.039849948778920584,962,4857.193347193347,979.6666666666666,True,kept
manual_s30_cyst_0007,30,scene30,True,625.0,0.19902316047975668,0.2007085606455803,0.03360532919720929,1012,4809.170948616601,1021.3333333333334,True,kept
manual_s30_cyst_0007,30,scene30,True,635.0,0.19835302641769068,0.20355843007564545,0.029751781991019795,1090,4779.015596330275,1089.6666666666667,True,kept
manual_s30_cyst_0007,30,scene30,True,645.0,0.19923167750430903,0.20011305809020996,0.02541738862828196,1167,4721.590402742074,1152.6666666666667,True,kept
manual_s30_cyst_0007,30,scene30,True,655.0,0.19858022271147577,0.198461651802063,0.02529020258963069,1201,4719.107410491258,1194.3333333333333,True,kept
manual_s30_cyst_0007,30,scene30,True,665.0,0.19431304216630174,0.19113706052303314,0.02505242159385912,1215,4971.436213991769,1232.3333333333333,True,kept
manual_s30_cyst_0007,30,scene30,True,675.0,0.18810934639135252,0.18602366745471954,0.026698553133549106,1281,4929.691647150664,1265.3333333333333,True,kept
manual_s30_cyst_0007,30,scene30,True,685.0,0.18476822472535648,0.18279536813497543,0.019286627170417462,1300,4786.88,1259.6666666666667,True,kept
manual_s30_cyst_0007,30,scene30,True,695.0,0.1800795677607764,0.1799529269337654,0.019834544820478698,1198,4793.4816360601,1193.0,True,kept
manual_s30_cyst_0007,30,scene30,True,705.0,0.1714885428299736,0.17241895198822021,0.021452198121561565,1081,4959.024051803885,1089.0,True,kept
manual_s30_cyst_0007,30,scene30,True,715.0,0.16035308357825886,0.15721222758293152,0.023353463641164408,988,5173.892712550607,978.3333333333334,True,kept
manual_s30_cyst_0007,30,scene30,True,725.0,0.15426652080123474,0.15172374993562698,0.023328936797058875,866,4886.570438799076,850.0,True,kept
manual_s30_cyst_0007,30,scene30,True,735.0,0.14489620538621112,0.1400233954191208,0.02635182999848379,696,4592.436781609195,663.3333333333334,True,kept
manual_s30_cyst_0007,30,scene30,True,745.0,0.15399102398377157,0.1480107307434082,0.02330058191601799,428,3577.7242990654204,392.0,True,kept
manual_s30_cyst_0008,30,scene30,True,435.0,0.3214054697143506,0.3233831524848938,0.0475255912145182,431,3327.473317865429,336.0,True,kept
manual_s30_cyst_0008,30,scene30,True,445.0,0.31658302619374734,0.31396234035491943,0.049249098097347614,549,3600.8761384335153,553.3333333333334,True,kept
manual_s30_cyst_0008,30,scene30,True,455.0,0.3127667467602912,0.30139289796352386,0.05923566862644858,680,3705.4220588235294,671.6666666666666,True,kept
manual_s30_cyst_0008,30,scene30,True,465.0,0.27689282345862787,0.26433779299259186,0.056665150720399245,786,3973.7862595419847,793.6666666666666,True,kept
manual_s30_cyst_0008,30,scene30,True,475.0,0.2543451385419877,0.24470052123069763,0.054909213573131804,915,4002.9661202185794,915.3333333333334,True,kept
manual_s30_cyst_0008,30,scene30,True,485.0,0.24342560260489796,0.23432040214538574,0.046498510731297425,1045,3975.780861244019,1057.0,True,kept
manual_s30_cyst_0008,30,scene30,True,495.0,0.24024755526780098,0.23105281591415405,0.05200008994983741,1211,3933.313790255987,1180.6666666666667,True,kept
manual_s30_cyst_0008,30,scene30,True,505.0,0.22122543978375928,0.21436818689107895,0.04567044134147553,1286,4168.141524105754,1247.0,True,kept
manual_s30_cyst_0008,30,scene30,True,515.0,0.2171348056178001,0.2084117755293846,0.04421416847635129,1244,4164.248392282958,1239.0,True,kept
manual_s30_cyst_0008,30,scene30,True,525.0,0.21549617970501964,0.2112191915512085,0.040957121289785195,1187,4105.56697556866,1182.6666666666667,True,kept
manual_s30_cyst_0008,30,scene30,True,535.0,0.21828355867625776,0.2099403738975525,0.04201081626543482,1117,4025.2238137869294,1112.0,True,kept
manual_s30_cyst_0008,30,scene30,True,545.0,0.21643574457875517,0.20656583458185196,0.04254627146268035,1032,3991.6821705426355,1069.3333333333333,True,kept
manual_s30_cyst_0008,30,scene30,True,555.0,0.21541367447297455,0.20678140223026276,0.04192758999235217,1059,4048.0198300283287,1079.3333333333333,True,kept
manual_s30_cyst_0008,30,scene30,True,565.0,0.21381720548468044,0.19919180870056152,0.04682678362893752,1147,4061.101133391456,1149.6666666666667,True,kept
manual_s30_cyst_0008,30,scene30,True,575.0,0.21319368794524468,0.20087146759033203,0.04442683015210004,1243,4016.5567176186646,1241.3333333333333,True,kept
manual_s30_cyst_0008,30,scene30,True,585.0,0.20870417915005376,0.1994498074054718,0.04430898809020817,1334,4041.0547226386807,1352.3333333333333,True,kept
manual_s30_cyst_0008,30,scene30,True,595.0,0.2040508592652308,0.19780123233795166,0.02871240948061265,1480,4053.435810810811,1426.0,True,kept
manual_s30_cyst_0008,30,scene30,True,605.0,0.20546832321405084,0.20234207063913345,0.023499683718853432,1464,3916.7704918032787,1453.6666666666667,True,kept
manual_s30_cyst_0008,30,scene30,True,615.0,0.195777170838566,0.19527706503868103,0.02498904274555104,1417,4002.678899082569,1360.3333333333333,True,kept
manual_s30_cyst_0008,30,scene30,True,625.0,0.19104069283852976,0.18798591196537018,0.029518265844244055,1200,4112.714166666667,1212.0,True,kept
manual_s30_cyst_0008,30,scene30,True,635.0,0.18420287018406029,0.1822696328163147,0.03760165872246927,1019,4095.378802747792,1017.3333333333334,True,kept
manual_s30_cyst_0008,30,scene30,True,645.0,0.16613937149636027,0.16229620575904846,0.031243953039759638,833,4214.195678271309,823.6666666666666,True,kept
manual_s30_cyst_0008,30,scene30,True,655.0,0.15608495388402693,0.15225285291671753,0.02471119801346501,619,4184.437802907916,589.6666666666666,True,kept
manual_s30_cyst_0008,30,scene30,True,665.0,0.17686610346900927,0.1740495264530182,0.02682055045388275,317,3138.7602523659307,312.0,True,kept
manual_s30_cyst_0009,30,scene30,True,695.0,0.13777552026067355,0.13533425331115723,0.02117791535158882,323,3688.452012383901,303.6666666666667,True,kept
manual_s30_cyst_0009,30,scene30,True,705.0,0.15162487379239717,0.14638743549585342,0.02911839065285899,524,4291.843511450382,515.6666666666666,True,kept
manual_s30_cyst_0009,30,scene30,True,715.0,0.15990294871585709,0.15520429611206055,0.02964728986557972,700,4832.032857142857,685.0,True,kept
manual_s30_cyst_0009,30,scene30,True,725.0,0.16374063006771458,0.16309449076652527,0.026764741950644058,831,4940.04091456077,836.0,True,kept
manual_s30_cyst_0009,30,scene30,True,735.0,0.17166695123044592,0.1678021252155304,0.02581191528859507,977,4724.499488229273,969.6666666666666,True,kept
manual_s30_cyst_0009,30,scene30,True,745.0,0.17474148603161285,0.17130933701992035,0.021036858385367674,1101,4624.466848319709,1106.6666666666667,True,kept
manual_s30_cyst_0009,30,scene30,True,755.0,0.18171572883803871,0.17644566297531128,0.028309963667858207,1242,4582.0499194847025,1203.6666666666667,True,kept
manual_s30_cyst_0009,30,scene30,True,765.0,0.18621227224519013,0.18008273094892502,0.032913947698241575,1268,4628.698738170347,1252.3333333333333,True,kept
manual_s30_cyst_0009,30,scene30,True,775.0,0.1974377865994942,0.18506808578968048,0.04555954124173429,1247,4519.007217321572,1240.6666666666667,True,kept
manual_s30_cyst_0009,30,scene30,True,785.0,0.20861630260870292,0.19081619381904602,0.05472413515079645,1207,4422.744821872411,1217.6666666666667,True,kept
manual_s30_cyst_0009,30,scene30,True,795.0,0.21467166050361333,0.20632170140743256,0.05731542806747927,1199,4352.687239366139,1189.6666666666667,True,kept
manual_s30_cyst_0009,30,scene30,True,805.0,0.21159979917576677,0.19863368570804596,0.06092063603925123,1163,4451.516766981943,1165.0,True,kept
manual_s30_cyst_0009,30,scene30,True,815.0,0.20643574827320263,0.1810041069984436,0.06157302317275596,1133,4497.546337157988,1156.3333333333333,True,kept
manual_s30_cyst_0009,30,scene30,True,825.0,0.20743250850038658,0.18417178094387054,0.0606404134373512,1173,4434.780903665815,1200.0,True,kept
manual_s30_cyst_0009,30,scene30,True,835.0,0.21317280339540617,0.2184849977493286,0.05699329182063109,1294,4311.355486862442,1237.3333333333333,True,kept
manual_s30_cyst_0009,30,scene30,True,845.0,0.21566912573743538,0.22345960140228271,0.05771542942184657,1245,4270.987951807229,1236.0,True,kept
manual_s30_cyst_0009,30,scene30,True,855.0,0.21781950197329983,0.22393611073493958,0.06688917283285589,1169,4416.586826347306,1151.6666666666667,True,kept
manual_s30_cyst_0009,30,scene30,True,865.0,0.2341855465793243,0.2465340495109558,0.06846599900021345,1041,4331.817483189241,1034.6666666666667,True,kept
manual_s30_cyst_0009,30,scene30,True,875.0,0.24075521472049774,0.25194334983825684,0.06764105521884167,894,4460.741610738255,894.0,True,kept
manual_s30_cyst_0009,30,scene30,True,885.0,0.24344708514181645,0.24100038409233093,0.046138683657172,747,4286.639892904953,740.3333333333334,True,kept
manual_s30_cyst_0009,30,scene30,True,895.0,0.2673743712747919,0.260263130068779,0.04044991416455544,580,3806.562068965517,531.3333333333334,True,kept
manual_s30_cyst_0009,30,scene30,True,905.0,0.3224850788656692,0.31521034240722656,0.052629777046048376,267,3046.9662921348313,282.3333333333333,True,kept
manual_s31_cyst_0001,31,scene31,True,165.0,0.7837422235095086,0.7838159799575806,0.08096757672968825,201,2254.8905472636816,286.6666666666667,True,kept
manual_s31_cyst_0001,31,scene31,True,175.0,0.6682128687367996,0.6555536389350891,0.08629345263538762,659,3376.9848254931717,594.0,True,kept
manual_s31_cyst_0001,31,scene31,True,185.0,0.5952317777722105,0.5748161971569061,0.084260926483018,922,4596.401301518438,893.6666666666666,True,kept
manual_s31_cyst_0001,31,scene31,True,195.0,0.5739585801146248,0.5567303001880646,0.07848840356930827,1100,4762.737272727272,1095.3333333333333,True,kept
manual_s31_cyst_0001,31,scene31,True,205.0,0.5498244807690005,0.5370770990848541,0.07813595793619789,1264,4535.4406645569625,1260.3333333333333,True,kept
manual_s31_cyst_0001,31,scene31,True,215.0,0.5099946033937794,0.500151515007019,0.07956846393271204,1417,4394.083980239943,1409.0,True,kept
manual_s31_cyst_0001,31,scene31,True,225.0,0.45147385701710624,0.4346955716609955,0.08317149727144384,1546,4180.668175937904,1499.3333333333333,True,kept
manual_s31_cyst_0001,31,scene31,True,235.0,0.4107423760215312,0.39246878027915955,0.08502698623254644,1535,4121.778501628664,1385.0,True,kept
manual_s31_cyst_0001,31,scene31,True,245.0,0.41648638273417615,0.41294707357883453,0.08089464524160946,1074,4114.364059590316,1191.6666666666667,True,kept
manual_s31_cyst_0001,31,scene31,True,255.0,0.39419580639704416,0.3852183222770691,0.08226067684179159,966,4103.531055900621,1119.6666666666667,True,kept
manual_s31_cyst_0001,31,scene31,True,265.0,0.3545021149156851,0.3368934988975525,0.08512373639261024,1319,4130.858984078847,1300.0,True,kept
manual_s31_cyst_0001,31,scene31,True,275.0,0.33071533627000754,0.31261545419692993,0.07557065052904982,1615,4168.143034055727,1589.6666666666667,True,kept
manual_s31_cyst_0001,31,scene31,True,285.0,0.31654902701481813,0.30162346363067627,0.06464945840311614,1835,4211.081198910082,1786.0,True,kept
manual_s31_cyst_0001,31,scene31,True,295.0,0.30901948739803814,0.2871270626783371,0.07946576452514835,1908,4443.953354297694,1870.0,True,kept
manual_s31_cyst_0001,31,scene31,True,305.0,0.2988394600108274,0.27977341413497925,0.07188452278222668,1867,4480.563470808785,1849.3333333333333,True,kept
manual_s31_cyst_0001,31,scene31,True,315.0,0.29012993788288866,0.28207099437713623,0.06702997846999273,1773,4515.498589960519,1744.6666666666667,True,kept
manual_s31_cyst_0001,31,scene31,True,325.0,0.3143131357794125,0.30934567749500275,0.06009658352132309,1594,3940.539523212045,1460.6666666666667,True,kept
manual_s31_cyst_0001,31,scene31,True,335.0,0.3345219453714164,0.3286220133304596,0.059094798001730175,1015,3882.671921182266,1090.3333333333333,True,kept
manual_s31_cyst_0001,31,scene31,True,345.0,0.3703426286308067,0.3668898344039917,0.07559772939513357,662,3644.728096676737,677.0,True,kept
manual_s31_cyst_0001,31,scene31,True,355.0,0.4563052272897656,0.4567038267850876,0.06559867642705745,354,2506.223163841808,340.6666666666667,True,kept
manual_s31_cyst_0002,31,scene31,True,125.0,0.4734621265665494,0.46012185513973236,0.0793006556167302,486,3861.9753086419755,447.0,True,kept
manual_s31_cyst_0002,31,scene31,True,135.0,0.4762230953886662,0.4765377938747406,0.0657581555436694,639,4549.33020344288,635.6666666666666,True,kept
manual_s31_cyst_0002,31,scene31,True,145.0,0.4742322140337561,0.49160628020763397,0.07351293842150121,782,4640.709718670077,774.6666666666666,True,kept
manual_s31_cyst_0002,31,scene31,True,155.0,0.47772011015634336,0.4767729341983795,0.05972491523052955,903,4461.093023255814,911.0,True,kept
manual_s31_cyst_0002,31,scene31,True,165.0,0.4463085254071323,0.44272108376026154,0.05682732604220933,1048,4256.422709923664,1042.0,True,kept
manual_s31_cyst_0002,31,scene31,True,175.0,0.3927040627154898,0.39149707555770874,0.050975176731101045,1175,4289.187234042553,1131.3333333333333,True,kept
manual_s31_cyst_0002,31,scene31,True,185.0,0.3538675188738296,0.34416261315345764,0.05188172297159335,1171,4384.70025619129,1173.6666666666667,True,kept
manual_s31_cyst_0002,31,scene31,True,195.0,0.3396757916693992,0.32793915271759033,0.05444252890197501,1175,4365.949787234043,1202.3333333333333,True,kept
manual_s31_cyst_0002,31,scene31,True,205.0,0.31694577229013526,0.3056427240371704,0.057567123057485965,1261,4439.510705789056,1232.0,True,kept
manual_s31_cyst_0002,31,scene31,True,215.0,0.30191203401911826,0.28626593947410583,0.06519585937608491,1260,4592.019047619047,1264.6666666666667,True,kept
manual_s31_cyst_0002,31,scene31,True,225.0,0.29493800927032565,0.2713351249694824,0.0747713177822928,1273,4692.184603299293,1276.3333333333333,True,kept
manual_s31_cyst_0002,31,scene31,True,235.0,0.29507901664409375,0.2698477953672409,0.07457959119945137,1296,4680.1126543209875,1284.3333333333333,True,kept
manual_s31_cyst_0002,31,scene31,True,245.0,0.3034455687086159,0.28163015842437744,0.07351393131433609,1284,4456.739875389409,1271.6666666666667,True,kept
manual_s31_cyst_0002,31,scene31,True,255.0,0.3072753477193083,0.28324633836746216,0.07794043027655105,1235,4259.702834008097,1236.3333333333333,True,kept
manual_s31_cyst_0002,31,scene31,True,265.0,0.3070455033864294,0.2831999212503433,0.07471445739027623,1190,4290.873949579832,1235.3333333333333,True,kept
manual_s31_cyst_0002,31,scene31,True,275.0,0.3106119982973846,0.2859448492527008,0.07158677011731528,1281,4204.51756440281,1222.3333333333333,True,kept
manual_s31_cyst_0002,31,scene31,True,285.0,0.309904104391468,0.28360067307949066,0.08069398153691185,1196,4250.677257525083,1187.0,True,kept
manual_s31_cyst_0002,31,scene31,True,295.0,0.30699994544261494,0.28060925006866455,0.08444482095247904,1084,4388.025830258302,1080.0,True,kept
manual_s31_cyst_0002,31,scene31,True,305.0,0.31685658474452794,0.28962038457393646,0.07976582067783415,960,4404.1125,962.0,True,kept
manual_s31_cyst_0002,31,scene31,True,315.0,0.326015001326587,0.31096601486206055,0.0745755786281444,842,4325.882422802851,839.3333333333334,True,kept
manual_s31_cyst_0002,31,scene31,True,325.0,0.34885386906189625,0.3209194988012314,0.0930720975257754,716,4169.293296089386,697.6666666666666,True,kept
manual_s31_cyst_0002,31,scene31,True,335.0,0.3806057619157239,0.3513650894165039,0.08879965345096831,535,3707.28785046729,513.3333333333334,True,kept
manual_s31_cyst_0004,31,scene31,True,225.0,0.678931562647001,0.6673003733158112,0.10231550802355768,268,2307.555970149254,333.6666666666667,True,kept
manual_s31_cyst_0004,31,scene31,True,235.0,0.5830788058603606,0.5540363788604736,0.11505891858827014,733,3482.6521145975444,661.3333333333334,True,kept
manual_s31_cyst_0004,31,scene31,True,245.0,0.5015232090062309,0.47276729345321655,0.09329094270993635,983,4375.053916581892,970.0,True,kept
manual_s31_cyst_0004,31,scene31,True,255.0,0.455229411722228,0.4376084804534912,0.0679425419867837,1194,4538.208542713568,1168.0,True,kept
manual_s31_cyst_0004,31,scene31,True,265.0,0.42902119800212607,0.4153960347175598,0.0648412023411054,1327,4510.824415975885,1313.3333333333333,True,kept
manual_s31_cyst_0004,31,scene31,True,275.0,0.4006135410578676,0.39573240280151367,0.061716475031632446,1419,4323.904157857646,1421.3333333333333,True,kept
manual_s31_cyst_0004,31,scene31,True,285.0,0.37565068356761505,0.37911902368068695,0.06302201993056561,1518,4207.694334650856,1456.3333333333333,True,kept
manual_s31_cyst_0004,31,scene31,True,295.0,0.3491377035291168,0.3423015773296356,0.06592736745621801,1432,4098.632681564246,1312.6666666666667,True,kept
manual_s31_cyst_0004,31,scene31,True,305.0,0.3459752391314941,0.34167054295539856,0.0709130505821206,988,4102.653846153846,1114.6666666666667,True,kept
manual_s31_cyst_0004,31,scene31,True,315.0,0.3551073292052591,0.34549708664417267,0.08078329174025263,924,4008.339826839827,956.6666666666666,True,kept
manual_s31_cyst_0004,31,scene31,True,325.0,0.3294658864340852,0.3076402246952057,0.07799066737569678,958,4112.4885177453025,1040.0,True,kept
manual_s31_cyst_0004,31,scene31,True,335.0,0.30332390634231693,0.28242070972919464,0.07015356234398132,1238,4248.601777059774,1218.6666666666667,True,kept
manual_s31_cyst_0004,31,scene31,True,345.0,0.297440356904105,0.2759369909763336,0.0657220676664445,1460,4197.779452054794,1435.3333333333333,True,kept
manual_s31_cyst_0004,31,scene31,True,355.0,0.2967658630057947,0.2858337312936783,0.057214595707770884,1608,4207.242537313433,1570.3333333333333,True,kept
manual_s31_cyst_0004,31,scene31,True,365.0,0.29708370681550544,0.2894165813922882,0.06260533315253662,1643,4290.199026171637,1611.3333333333333,True,kept
manual_s31_cyst_0004,31,scene31,True,375.0,0.29685290416659094,0.2976430058479309,0.05671560739298889,1583,4193.458622867972,1572.6666666666667,True,kept
manual_s31_cyst_0004,31,scene31,True,385.0,0.28599371527379064,0.2812073081731796,0.06276140969308444,1492,4275.38471849866,1489.6666666666667,True,kept
manual_s31_cyst_0004,31,scene31,True,395.0,0.2904583981188503,0.2833028882741928,0.05602942839675633,1394,4113.359397417504,1297.6666666666667,True,kept
manual_s31_cyst_0004,31,scene31,True,405.0,0.3317680017210639,0.3213401734828949,0.07162716594335207,1007,3745.654419066534,1036.0,True,kept
manual_s31_cyst_0004,31,scene31,True,415.0,0.3551629733879124,0.3461270034313202,0.07853355921949044,707,3643.5134370579917,722.6666666666666,True,kept
manual_s31_cyst_0004,31,scene31,True,425.0,0.401084534003346,0.3839191645383835,0.0805965142198987,454,3192.4273127753304,434.0,True,kept
manual_s31_cyst_0005,31,scene31,True,145.0,0.5822942927725637,0.5730772614479065,0.06292197215040661,303,2472.4455445544554,297.0,True,kept
manual_s31_cyst_0005,31,scene31,True,155.0,0.4918322370571344,0.4838116317987442,0.06795337661441604,588,3852.4557823129253,569.6666666666666,True,kept
manual_s31_cyst_0005,31,scene31,True,165.0,0.42749244124061614,0.41817085444927216,0.062165910838186,818,4639.898533007335,793.0,True,kept
manual_s31_cyst_0005,31,scene31,True,175.0,0.40319099467925396,0.3873516917228699,0.07199402902063504,973,4783.625899280575,968.0,True,kept
manual_s31_cyst_0005,31,scene31,True,185.0,0.38985220652813324,0.37584322690963745,0.07191942216437132,1113,4623.161725067385,1120.0,True,kept
manual_s31_cyst_0005,31,scene31,True,195.0,0.3790478105868799,0.3633100092411041,0.07302293034613787,1274,4456.390894819467,1266.6666666666667,True,kept
manual_s31_cyst_0005,31,scene31,True,205.0,0.3586247741058205,0.34414342045783997,0.07105216466957402,1413,4209.471337579618,1349.6666666666667,True,kept
manual_s31_cyst_0005,31,scene31,True,215.0,0.35572718516014046,0.3494019955396652,0.08325148474189614,1362,4162.281938325991,1293.3333333333333,True,kept
manual_s31_cyst_0005,31,scene31,True,225.0,0.35123999174094306,0.3377779424190521,0.08253937658929308,1105,4272.00814479638,1169.0,True,kept
manual_s31_cyst_0005,31,scene31,True,235.0,0.3371076335557378,0.32830385863780975,0.07761503150803183,1040,4260.704807692307,1063.0,True,kept
manual_s31_cyst_0005,31,scene31,True,245.0,0.3298804420849373,0.31204935908317566,0.08529676843630654,1044,4245.132183908046,1040.3333333333333,True,kept
manual_s31_cyst_0005,31,scene31,True,255.0,0.31405443552317475,0.3095572590827942,0.07625651161652355,1037,4142.495660559306,1089.6666666666667,True,kept
manual_s31_cyst_0005,31,scene31,True,265.0,0.30703791730130964,0.28506694734096527,0.07828265021965915,1188,4035.080808080808,1205.3333333333333,True,kept
manual_s31_cyst_0005,31,scene31,True,275.0,0.29870604964188757,0.28295883536338806,0.0672077639004818,1391,4031.857656362329,1371.3333333333333,True,kept
manual_s31_cyst_0005,31,scene31,True,285.0,0.2839934258682332,0.2737061083316803,0.0658435842294216,1535,4259.501628664495,1523.3333333333333,True,kept
manual_s31_cyst_0005,31,scene31,True,295.0,0.2884152877595448,0.2842585891485214,0.05462892826402233,1644,4233.405717761557,1627.3333333333333,True,kept
manual_s31_cyst_0005,31,scene31,True,305.0,0.28857865886728834,0.28074225783348083,0.04701295081566451,1703,4267.092777451556,1709.3333333333333,True,kept
manual_s31_cyst_0005,31,scene31,True,315.0,0.2872044849285311,0.2790878415107727,0.04937633183937543,1781,4261.828186412128,1734.3333333333333,True,kept
manual_s31_cyst_0005,31,scene31,True,325.0,0.28998226424058277,0.273207426071167,0.06817587867965343,1719,4197.236183827807,1652.0,True,kept
manual_s31_cyst_0005,31,scene31,True,335.0,0.29641810272421154,0.2855248749256134,0.0619597772949406,1456,4018.2005494505493,1443.3333333333333,True,kept
manual_s31_cyst_0005,31,scene31,True,345.0,0.2949426640034754,0.2857164740562439,0.04990502435508116,1155,4147.702164502164,1189.3333333333333,True,kept
manual_s31_cyst_0005,31,scene31,True,355.0,0.3119523251193693,0.30866295099258423,0.055848107705118104,957,3993.5851619644723,968.6666666666666,True,kept
manual_s31_cyst_0005,31,scene31,True,365.0,0.31968815179931126,0.31351321935653687,0.0565676253677354,794,3939.294710327456,789.3333333333334,True,kept
manual_s31_cyst_0005,31,scene31,True,375.0,0.3549079610520862,0.34383511543273926,0.06462816960552481,617,3494.5607779578604,567.3333333333334,True,kept
manual_s31_cyst_0005,31,scene31,True,385.0,0.42608760200005624,0.42720460891723633,0.06541914424274496,291,2451.460481099656,305.6666666666667,True,kept
manual_s32_cyst_0001,32,scene32,True,885.0,0.16724198035309823,0.1708209291100502,0.0347242545346013,356,3687.36797752809,319.0,True,kept
manual_s32_cyst_0001,32,scene32,True,895.0,0.14487386728959623,0.13923168182373047,0.027253748420075823,557,4658.508078994614,527.3333333333334,True,kept
manual_s32_cyst_0001,32,scene32,True,905.0,0.14056555183969094,0.13877877593040466,0.023126720844037652,669,5079.905829596412,669.3333333333334,True,kept
manual_s32_cyst_0001,32,scene32,True,915.0,0.14451692651604753,0.14627428352832794,0.02349917178255075,782,5128.268542199488,768.0,True,kept
manual_s32_cyst_0001,32,scene32,True,925.0,0.14445977612613653,0.14743341505527496,0.02763698309785751,853,5363.438452520516,850.3333333333334,True,kept
manual_s32_cyst_0001,32,scene32,True,935.0,0.15514323834378646,0.15729507058858871,0.027632385555922914,916,5117.874454148472,917.0,True,kept
manual_s32_cyst_0001,32,scene32,True,945.0,0.1562801138962602,0.1557288020849228,0.029231081970361054,982,5144.920570264766,957.6666666666666,True,kept
manual_s32_cyst_0001,32,scene32,True,955.0,0.15784178075882105,0.158145010471344,0.025164784555068858,975,5088.733333333334,951.0,True,kept
manual_s32_cyst_0001,32,scene32,True,965.0,0.1599154637245062,0.16480541229248047,0.02934460335646181,896,5128.816964285715,923.3333333333334,True,kept
manual_s32_cyst_0001,32,scene32,True,975.0,0.1579571001571463,0.16297921538352966,0.02890170914069698,899,5110.166852057842,893.0,True,kept
manual_s32_cyst_0001,32,scene32,True,985.0,0.15950328533904315,0.1588808223605156,0.03042889665063735,884,5120.640271493213,887.0,True,kept
manual_s32_cyst_0001,32,scene32,True,995.0,0.16080215553793387,0.16095980256795883,0.029274469515234644,878,5118.133257403189,879.3333333333334,True,kept
manual_s32_cyst_0001,32,scene32,True,1005.0,0.16657299854575772,0.16734235733747482,0.029328111871286557,876,5025.994292237443,875.6666666666666,True,kept
manual_s32_cyst_0001,32,scene32,True,1015.0,0.16776567827248764,0.1680532693862915,0.031022131914290242,873,5206.073310423826,873.3333333333334,True,kept
manual_s32_cyst_0001,32,scene32,True,1025.0,0.166533289218469,0.1653967946767807,0.030460937989092322,871,5355.187141216992,884.0,True,kept
manual_s32_cyst_0001,32,scene32,True,1035.0,0.1677277646794718,0.16544463485479355,0.0312676214020861,908,5329.51321585903,896.0,True,kept
manual_s32_cyst_0001,32,scene32,True,1045.0,0.1724992072162586,0.1716039478778839,0.030794663058065382,909,5271.4928492849285,908.0,True,kept
manual_s32_cyst_0001,32,scene32,True,1055.0,0.17749819438801842,0.1738959699869156,0.0287327303125133,907,5213.951488423374,899.6666666666666,True,kept
manual_s32_cyst_0001,32,scene32,True,1065.0,0.17892096898732612,0.1767738312482834,0.02709787616934425,883,5270.8437146092865,887.0,True,kept
manual_s32_cyst_0001,32,scene32,True,1075.0,0.1834316822335586,0.1813042163848877,0.02914756611592071,871,5251.420206659012,886.0,True,kept
manual_s32_cyst_0001,32,scene32,True,1085.0,0.18535185814629088,0.18194833397865295,0.03556925265340751,904,5268.723451327433,892.6666666666666,True,kept
manual_s32_cyst_0001,32,scene32,True,1095.0,0.1898950510065289,0.18841727077960968,0.035348530575227584,903,5106.487264673311,891.0,True,kept
manual_s32_cyst_0001,32,scene32,True,1105.0,0.1907436859301414,0.18670782446861267,0.03352614361703097,866,5106.676674364896,879.0,True,kept
manual_s32_cyst_0001,32,scene32,True,1115.0,0.19326034647494142,0.19016440212726593,0.028703419460674718,868,5094.599078341013,879.0,True,kept
manual_s32_cyst_0001,32,scene32,True,1125.0,0.19960889170732213,0.194594144821167,0.03030690074460687,903,5001.3610188261355,955.3333333333334,True,kept
manual_s32_cyst_0001,32,scene32,True,1135.0,0.2151591106364716,0.2087179273366928,0.03276694860361384,1095,4766.272146118721,1056.6666666666667,True,kept
manual_s32_cyst_0001,32,scene32,True,1145.0,0.2216274585740151,0.2176661565899849,0.042859247690782316,1172,4827.909556313994,1137.3333333333333,True,kept
manual_s32_cyst_0001,32,scene32,True,1155.0,0.22970001707951576,0.2245960682630539,0.05122373730112973,1145,4837.381659388646,1125.0,True,kept
manual_s32_cyst_0001,32,scene32,True,1165.0,0.23196083353744337,0.22729943692684174,0.04826697355094773,1058,4777.73629489603,1062.3333333333333,True,kept
manual_s32_cyst_0001,32,scene32,True,1175.0,0.23258257611859134,0.22625360637903214,0.049647050286096624,984,4801.863821138211,967.3333333333334,True,kept
manual_s32_cyst_0001,32,scene32,True,1185.0,0.244590871971707,0.23414818942546844,0.04853957739755433,860,4510.2558139534885,843.3333333333334,True,kept
manual_s32_cyst_0001,32,scene32,True,1195.0,0.2649804247494342,0.25504134595394135,0.05078824137349957,686,4079.7944606413994,655.3333333333334,True,kept
manual_s32_cyst_0001,32,scene32,True,1205.0,0.3150670071442922,0.31635043025016785,0.060276548736654945,420,3339.5904761904762,388.3333333333333,True,kept
manual_s32_cyst_0002,32,scene32,True,785.0,0.14838527254522985,0.14384131133556366,0.029361118883064963,628,3722.329617834395,527.6666666666666,True,kept
manual_s32_cyst_0002,32,scene32,True,795.0,0.1374007559632166,0.13218708336353302,0.023517043913601682,832,4608.054086538462,813.3333333333334,True,kept
manual_s32_cyst_0002,32,scene32,True,805.0,0.15483662315017108,0.15206708014011383,0.019798152590315737,980,4537.7357142857145,977.0,True,kept
manual_s32_cyst_0002,32,scene32,True,815.0,0.16298023147893015,0.1634218692779541,0.02219538346826808,1119,4647.7184986595175,1102.3333333333333,True,kept
manual_s32_cyst_0002,32,scene32,True,825.0,0.1714541542942062,0.17503323405981064,0.02567521729731422,1208,4561.199503311258,1220.6666666666667,True,kept
manual_s32_cyst_0002,32,scene32,True,835.0,0.16958723694420932,0.17031098902225494,0.026305817082002265,1335,4689.066666666667,1311.6666666666667,True,kept
manual_s32_cyst_0002,32,scene32,True,845.0,0.16684168827687873,0.16954703629016876,0.027952074061706952,1392,4864.586925287356,1320.3333333333333,True,kept
manual_s32_cyst_0002,32,scene32,True,855.0,0.17134684619510387,0.17333365231752396,0.029775108056237006,1234,4771.238249594813,1293.6666666666667,True,kept
manual_s32_cyst_0002,32,scene32,True,865.0,0.1751237979091971,0.17726203799247742,0.03318567850777182,1255,4761.180079681275,1253.0,True,kept
manual_s32_cyst_0002,32,scene32,True,875.0,0.1767908252189009,0.17941733449697495,0.030901945171842724,1270,4729.272440944882,1253.0,True,kept
manual_s32_cyst_0002,32,scene32,True,885.0,0.18184637520432087,0.183454729616642,0.0341428837284029,1234,4658.20340356564,1233.3333333333333,True,kept
manual_s32_cyst_0002,32,scene32,True,895.0,0.19006958222608503,0.1898323968052864,0.03806421708461033,1196,4581.080267558528,1201.0,True,kept
manual_s32_cyst_0002,32,scene32,True,905.0,0.18835438026999776,0.19050084054470062,0.04282752822810746,1173,4694.972719522591,1183.6666666666667,True,kept
manual_s32_cyst_0002,32,scene32,True,915.0,0.1912233175208726,0.18818280845880508,0.054449882394057396,1182,4761.418781725888,1160.3333333333333,True,kept
manual_s32_cyst_0002,32,scene32,True,925.0,0.20203610706816347,0.19862785935401917,0.048221861902818325,1126,4630.187388987567,1164.3333333333333,True,kept
manual_s32_cyst_0002,32,scene32,True,935.0,0.20332433499615907,0.20222260057926178,0.049164114037848886,1185,4692.464135021097,1176.6666666666667,True,kept
manual_s32_cyst_0002,32,scene32,True,945.0,0.2077444950829186,0.20438285171985626,0.05421804192970517,1219,4741.269073010664,1235.3333333333333,True,kept
manual_s32_cyst_0002,32,scene32,True,955.0,0.21677644307597807,0.21866673231124878,0.051213407466836065,1302,4605.685867895545,1279.3333333333333,True,kept
manual_s32_cyst_0002,32,scene32,True,965.0,0.22070949349832425,0.2217782884836197,0.041529149108079484,1317,4629.118451025057,1256.3333333333333,True,kept
manual_s32_cyst_0002,32,scene32,True,975.0,0.22255789684212726,0.22267872840166092,0.04328684062693668,1150,4737.915652173913,1158.6666666666667,True,kept
manual_s32_cyst_0002,32,scene32,True,985.0,0.2262395290423432,0.22314244508743286,0.03878983594753059,1009,4710.636273538156,1018.6666666666666,True,kept
manual_s32_cyst_0002,32,scene32,True,995.0,0.21926501331852963,0.21495486795902252,0.03556462111709896,897,4825.714604236344,893.0,True,kept
manual_s32_cyst_0002,32,scene32,True,1005.0,0.22264112732620164,0.21373145282268524,0.04227485785770617,773,4756.861578266494,759.6666666666666,True,kept
manual_s32_cyst_0002,32,scene32,True,1015.0,0.23976400785747615,0.2223474383354187,0.05656767301406209,609,4443.20197044335,587.0,True,kept
manual_s32_cyst_0002,32,scene32,True,1025.0,0.30936173473467615,0.31543275713920593,0.05615099282686343,379,3224.7150395778363,337.0,True,kept
manual_s32_cyst_0003,32,scene32,True,545.0,0.17801250103951954,0.17441406846046448,0.0331943788099643,164,2553.1341463414633,290.6666666666667,True,kept
manual_s32_cyst_0003,32,scene32,True,555.0,0.16695684837545716,0.15355844795703888,0.04985050507068964,708,3384.114406779661,742.0,True,kept
manual_s32_cyst_0003,32,scene32,True,565.0,0.16472552231949047,0.14926504343748093,0.04583678175896299,1354,4025.6418020679466,1188.6666666666667,True,kept
manual_s32_cyst_0003,32,scene32,True,575.0,0.16330741282968603,0.15539173036813736,0.03402873040812486,1504,4599.675531914893,1481.3333333333333,True,kept
manual_s32_cyst_0003,32,scene32,True,585.0,0.18571803244805576,0.18121769279241562,0.033702260857355046,1586,4530.564943253467,1600.0,True,kept
manual_s32_cyst_0003,32,scene32,True,595.0,0.20009789154456373,0.1968793123960495,0.03293665677858697,1710,4432.731578947369,1692.3333333333333,True,kept
manual_s32_cyst_0003,32,scene32,True,605.0,0.20971381155160088,0.20516160130500793,0.037235517626165185,1781,4242.015721504773,1759.6666666666667,True,kept
manual_s32_cyst_0003,32,scene32,True,615.0,0.20803490955740947,0.20678997784852982,0.03523861734388517,1788,4196.8607382550335,1677.3333333333333,True,kept
manual_s32_cyst_0003,32,scene32,True,625.0,0.21268921662236595,0.21018920838832855,0.036875166490249106,1463,4167.661654135339,1383.6666666666667,True,kept
manual_s32_cyst_0003,32,scene32,True,635.0,0.21706558061142764,0.22335395961999893,0.04928513803509536,900,4173.7266666666665,1094.0,True,kept
manual_s32_cyst_0003,32,scene32,True,645.0,0.21928012964515353,0.21938450634479523,0.05253072919162178,919,4261.759521218716,943.0,True,kept
manual_s32_cyst_0003,32,scene32,True,655.0,0.21228446183670865,0.19991786032915115,0.0474827302274017,1010,4310.008910891089,1024.3333333333333,True,kept
manual_s32_cyst_0003,32,scene32,True,665.0,0.2109626775698645,0.1981409415602684,0.0450271383532484,1144,4367.789335664335,1201.0,True,kept
manual_s32_cyst_0003,32,scene32,True,675.0,0.20402368217233627,0.19276700913906097,0.040179848898511866,1449,4414.232574189096,1439.0,True,kept
manual_s32_cyst_0003,32,scene32,True,685.0,0.19822336637399865,0.19402174651622772,0.03508324213308894,1724,4621.425754060325,1638.3333333333333,True,kept
manual_s32_cyst_0003,32,scene32,True,695.0,0.19587282619164267,0.1960398331284523,0.04381676447824119,1742,4870.454075774971,1705.3333333333333,True,kept
manual_s32_cyst_0003,32,scene32,True,705.0,0.19999295194040645,0.19681648164987564,0.0456679263103507,1650,4762.741818181818,1646.6666666666667,True,kept
manual_s32_cyst_0003,32,scene32,True,715.0,0.20191597298403735,0.19789206236600876,0.04911637152891394,1548,4637.37015503876,1518.6666666666667,True,kept
manual_s32_cyst_0003,32,scene32,True,725.0,0.19491607131812289,0.1776086986064911,0.05075180631279916,1358,4612.904270986745,1359.3333333333333,True,kept
manual_s32_cyst_0003,32,scene32,True,735.0,0.19186633609794715,0.1823723018169403,0.04244404864427429,1172,4441.686860068259,1108.3333333333333,True,kept
manual_s32_cyst_0003,32,scene32,True,745.0,0.2272537849796643,0.21880267560482025,0.04843480144250535,795,3845.1509433962265,784.0,True,kept
manual_s32_cyst_0003,32,scene32,True,755.0,0.2767624494704333,0.26955246925354004,0.04603518962262202,385,2951.6805194805197,394.3333333333333,True,kept
manual_s32_cyst_0005,32,scene32,True,295.0,0.38361880596662534,0.3722169101238251,0.06363222716913544,519,4127.506743737958,491.6666666666667,True,kept
manual_s32_cyst_0005,32,scene32,True,305.0,0.3806541409593282,0.3720076084136963,0.0541558793543443,686,4376.330903790087,674.6666666666666,True,kept
manual_s32_cyst_0005,32,scene32,True,315.0,0.3652962302841401,0.3616342544555664,0.050181361211709144,819,4465.242979242979,809.6666666666666,True,kept
manual_s32_cyst_0005,32,scene32,True,325.0,0.3519406385429494,0.346625879406929,0.04539761898330356,924,4478.516233766234,922.6666666666666,True,kept
manual_s32_cyst_0005,32,scene32,True,335.0,0.3320225507747836,0.32457828521728516,0.04701290499888287,1025,4432.8029268292685,1022.0,True,kept
manual_s32_cyst_0005,32,scene32,True,345.0,0.31357983998027145,0.3033647835254669,0.04878061155495511,1117,4379.005371530886,1083.0,True,kept
manual_s32_cyst_0005,32,scene32,True,355.0,0.3017330734360401,0.2957442104816437,0.04229739496967248,1107,4350.065943992773,1073.3333333333333,True,kept
manual_s32_cyst_0005,32,scene32,True,365.0,0.2919721995371891,0.29306140542030334,0.041655489846105564,996,4339.9859437751,1014.3333333333334,True,kept
manual_s32_cyst_0005,32,scene32,True,375.0,0.2783780442431886,0.275141179561615,0.04541336517793699,940,4315.186170212766,939.6666666666666,True,kept
manual_s32_cyst_0005,32,scene32,True,385.0,0.28198370305422615,0.2748910188674927,0.06305698396993091,883,4312.853907134768,897.0,True,kept
manual_s32_cyst_0005,32,scene32,True,395.0,0.26971866672832845,0.26003070175647736,0.052959347514066876,868,4354.580645161291,894.6666666666666,True,kept
manual_s32_cyst_0005,32,scene32,True,405.0,0.25473762954418555,0.25094372034072876,0.04294833254956608,933,4363.775991425509,936.3333333333334,True,kept
manual_s32_cyst_0005,32,scene32,True,415.0,0.24561240875886547,0.24258117377758026,0.03487430459819567,1008,4353.486111111111,992.3333333333334,True,kept
manual_s32_cyst_0005,32,scene32,True,425.0,0.2388681711406091,0.23589938879013062,0.03508379476406258,1036,4342.779922779922,1036.3333333333333,True,kept
manual_s32_cyst_0005,32,scene32,True,435.0,0.23200168461307114,0.2276432365179062,0.0365251492465666,1065,4372.744600938967,1064.6666666666667,True,kept
manual_s32_cyst_0005,32,scene32,True,445.0,0.22409975318764724,0.22002078592777252,0.038838879146783425,1093,4482.817017383349,1083.6666666666667,True,kept
manual_s32_cyst_0005,32,scene32,True,455.0,0.22619949604324102,0.2250019907951355,0.04654669048794231,1093,4437.302836230558,1083.0,True,kept
manual_s32_cyst_0005,32,scene32,True,465.0,0.21942533840016162,0.21935465931892395,0.03711477098355257,1063,4447.562558795861,1066.0,True,kept
manual_s32_cyst_0005,32,scene32,True,475.0,0.20865259527616675,0.21157874166965485,0.03787865228183601,1042,4448.9443378119,1020.0,True,kept
manual_s32_cyst_0005,32,scene32,True,485.0,0.1926106417444364,0.19740165770053864,0.03474896963803848,955,4552.459685863874,963.6666666666666,True,kept
manual_s32_cyst_0005,32,scene32,True,495.0,0.18409711182517494,0.1888117864727974,0.0352050783015783,894,4495.356823266219,892.0,True,kept
manual_s32_cyst_0005,32,scene32,True,505.0,0.17873000300420672,0.17489823698997498,0.03673181992589336,827,4453.746070133011,820.0,True,kept
manual_s32_cyst_0005,32,scene32,True,515.0,0.17082201214620643,0.16705039143562317,0.02844377503932462,739,4279.177266576455,733.3333333333334,True,kept
manual_s32_cyst_0005,32,scene32,True,525.0,0.1594277982738116,0.14920561760663986,0.033772522529253425,634,4128.977917981073,597.0,True,kept
manual_s32_cyst_0005,32,scene32,True,535.0,0.1691694524691721,0.16485250741243362,0.02983690679908037,418,3357.8373205741627,381.6666666666667,True,kept
manual_s32_cyst_0006,32,scene32,True,635.0,0.21588287497751224,0.21269717067480087,0.0373570096566402,312,2762.650641025641,405.0,True,kept
manual_s32_cyst_0006,32,scene32,True,645.0,0.1818441046960858,0.1689421385526657,0.0493679741524327,903,3832.009966777409,819.3333333333334,True,kept
manual_s32_cyst_0006,32,scene32,True,655.0,0.1687098517054909,0.1551128327846527,0.046183124671977945,1243,4680.053097345132,1179.0,True,kept
manual_s32_cyst_0006,32,scene32,True,665.0,0.18173378222842254,0.17844721674919128,0.03989862737213246,1391,4762.219985621855,1379.6666666666667,True,kept
manual_s32_cyst_0006,32,scene32,True,675.0,0.19814550878102596,0.19665473699569702,0.03186419157757935,1505,4554.4,1514.3333333333333,True,kept
manual_s32_cyst_0006,32,scene32,True,685.0,0.1945127986538895,0.19188381731510162,0.03262255439904453,1647,4589.415300546448,1637.0,True,kept
manual_s32_cyst_0006,32,scene32,True,695.0,0.20270346152538465,0.1957583874464035,0.04647401621438271,1759,4438.577600909608,1696.6666666666667,True,kept
manual_s32_cyst_0006,32,scene32,True,705.0,0.20578025681831633,0.1926417127251625,0.05283328510110765,1684,4346.171021377672,1520.6666666666667,True,kept
manual_s32_cyst_0006,32,scene32,True,715.0,0.21244569951077463,0.20278584957122803,0.05214092059627184,1119,4270.6103663985705,1253.6666666666667,True,kept
manual_s32_cyst_0006,32,scene32,True,725.0,0.21184979307626634,0.20691203325986862,0.05019817596571816,958,4178.615866388309,1087.6666666666667,True,kept
manual_s32_cyst_0006,32,scene32,True,735.0,0.20906173346115003,0.19523239880800247,0.04661614353472631,1186,4126.073355817875,1285.0,True,kept
manual_s32_cyst_0006,32,scene32,True,745.0,0.19870510903333516,0.18968388438224792,0.03708377917636942,1711,4215.879602571596,1619.3333333333333,True,kept
manual_s32_cyst_0006,32,scene32,True,755.0,0.1988791131482387,0.1935238540172577,0.035398094561167506,1961,4269.336562978073,1872.6666666666667,True,kept
manual_s32_cyst_0006,32,scene32,True,765.0,0.20443175187504795,0.20014645904302597,0.03623235754776751,1946,4264.822713257965,1933.6666666666667,True,kept
manual_s32_cyst_0006,32,scene32,True,775.0,0.19360191869100019,0.19093960523605347,0.0442709993933586,1894,4485.264519535375,1890.0,True,kept
manual_s32_cyst_0006,32,scene32,True,785.0,0.1783284833359588,0.15902609378099442,0.05014643279950575,1830,4737.501092896175,1825.3333333333333,True,kept
manual_s32_cyst_0006,32,scene32,True,795.0,0.17485355945159448,0.15840184688568115,0.052706823828212186,1752,4501.546232876713,1654.6666666666667,True,kept
manual_s32_cyst_0006,32,scene32,True,805.0,0.20082462724573188,0.19326766580343246,0.05038526875732685,1382,3833.458031837916,1259.3333333333333,True,kept
manual_s32_cyst_0006,32,scene32,True,815.0,0.2320400489875989,0.22896745055913925,0.04150974760074999,644,3537.1847826086955,740.0,True,kept
manual_s32_cyst_0006,32,scene32,True,825.0,0.288579254267142,0.28618699312210083,0.04574183877299253,194,2607.4484536082473,279.3333333333333,True,kept
manual_s32_cyst_0007,32,scene32,True,355.0,0.383349243846457,0.3783915936946869,0.06251499961938331,341,3466.6217008797653,305.0,True,kept
manual_s32_cyst_0007,32,scene32,True,365.0,0.35636247875680466,0.358793169260025,0.0507583675025047,477,3791.3480083857444,476.0,True,kept
manual_s32_cyst_0007,32,scene32,True,375.0,0.3231528607303979,0.3166704326868057,0.04598578147673719,610,4122.829508196722,586.6666666666666,True,kept
manual_s32_cyst_0007,32,scene32,True,385.0,0.29825214984069787,0.2881355881690979,0.0482501087999062,673,4261.937592867756,674.6666666666666,True,kept
manual_s32_cyst_0007,32,scene32,True,395.0,0.2778061800680341,0.26995328068733215,0.04923706135884702,741,4334.333333333333,749.0,True,kept
manual_s32_cyst_0007,32,scene32,True,405.0,0.2556230469124944,0.25161659717559814,0.04420469146502917,833,4428.983193277311,823.6666666666666,True,kept
manual_s32_cyst_0007,32,scene32,True,415.0,0.24035204094787904,0.23448722064495087,0.037696593218558144,897,4636.376811594203,911.3333333333334,True,kept
manual_s32_cyst_0007,32,scene32,True,425.0,0.24511757585038227,0.23677591979503632,0.04790079338859676,1004,4616.980079681275,979.0,True,kept
manual_s32_cyst_0007,32,scene32,True,435.0,0.239080138777789,0.24142328649759293,0.04908530053934045,1036,4613.661196911197,1026.0,True,kept
manual_s32_cyst_0007,32,scene32,True,445.0,0.24191524587959223,0.23695187270641327,0.05872766363990328,1038,4530.601156069364,1039.0,True,kept
manual_s32_cyst_0007,32,scene32,True,455.0,0.23556998452084177,0.2292664796113968,0.0520729459036496,1043,4508.107382550335,1063.3333333333333,True,kept
manual_s32_cyst_0007,32,scene32,True,465.0,0.22896933086666574,0.22776098549365997,0.0439858655689395,1109,4560.529305680793,1103.6666666666667,True,kept
manual_s32_cyst_0007,32,scene32,True,475.0,0.2249046758884392,0.22571685910224915,0.042098212339777716,1159,4559.987920621225,1161.3333333333333,True,kept
manual_s32_cyst_0007,32,scene32,True,485.0,0.21964845076007278,0.22041857987642288,0.03936509147891268,1216,4584.867598684211,1204.0,True,kept
manual_s32_cyst_0007,32,scene32,True,495.0,0.21597938181752627,0.21819090843200684,0.035460001048369,1237,4641.93613581245,1232.0,True,kept
manual_s32_cyst_0007,32,scene32,True,505.0,0.21755836709842313,0.218103289604187,0.034234883865114606,1243,4558.271118262269,1235.6666666666667,True,kept
manual_s32_cyst_0007,32,scene32,True,515.0,0.21301521808394788,0.2145354449748993,0.03632970507026999,1227,4575.051344743276,1209.6666666666667,True,kept
manual_s32_cyst_0007,32,scene32,True,525.0,0.20229635447443714,0.20250946283340454,0.03421934928847745,1159,4757.1880931837795,1165.3333333333333,True,kept
manual_s32_cyst_0007,32,scene32,True,535.0,0.1989040341463175,0.19607993215322495,0.03196927938387809,1110,4790.085585585585,1115.0,True,kept
manual_s32_cyst_0007,32,scene32,True,545.0,0.19181239255963647,0.19025611132383347,0.03626145723310556,1076,4765.312267657992,1101.0,True,kept
manual_s32_cyst_0007,32,scene32,True,555.0,0.189802962729679,0.1886684149503708,0.03542612363361856,1117,4745.730528200537,1151.6666666666667,True,kept
manual_s32_cyst_0007,32,scene32,True,565.0,0.19041647097293624,0.1921728029847145,0.030869465992136177,1262,4658.267828843106,1200.3333333333333,True,kept
manual_s32_cyst_0007,32,scene32,True,575.0,0.19255775080326146,0.19388704746961594,0.029410955205525405,1222,4630.132569558102,1210.0,True,kept
manual_s32_cyst_0007,32,scene32,True,585.0,0.18618256594810187,0.18968117237091064,0.03171325372954891,1146,4846.779232111693,1140.6666666666667,True,kept
manual_s32_cyst_0007,32,scene32,True,595.0,0.17774220574399777,0.17344150692224503,0.030882806812000386,1054,4922.513282732448,1050.0,True,kept
manual_s32_cyst_0007,32,scene32,True,605.0,0.16541098985232805,0.15565583854913712,0.03629612201924903,950,4992.962105263158,934.6666666666666,True,kept
manual_s32_cyst_0007,32,scene32,True,615.0,0.18028281287290157,0.16991076618433,0.04026124596167316,800,4179.87625,754.0,True,kept
manual_s32_cyst_0007,32,scene32,True,625.0,0.19088228084729053,0.17489853501319885,0.048805328997479205,512,3461.54296875,485.0,True,kept
manual_s32_cyst_0008,32,scene32,True,915.0,0.1450060788915519,0.14520031213760376,0.02814564598128701,389,3502.362467866324,343.0,True,kept
manual_s32_cyst_0008,32,scene32,True,925.0,0.12360566803817923,0.11957985162734985,0.025333255837458202,603,4703.2835820895525,572.3333333333334,True,kept
manual_s32_cyst_0008,32,scene32,True,935.0,0.13028643125090106,0.13073977828025818,0.021266479550453583,725,4797.739310344828,717.0,True,kept
manual_s32_cyst_0008,32,scene32,True,945.0,0.12671767865032646,0.12714442610740662,0.018358903061457352,823,5152.3608748481165,799.0,True,kept
manual_s32_cyst_0008,32,scene32,True,955.0,0.13120734997014696,0.13372041285037994,0.018692589461181058,849,5209.679623085984,870.3333333333334,True,kept
manual_s32_cyst_0008,32,scene32,True,965.0,0.1351859000401375,0.13791455328464508,0.019397712236494575,939,5120.648562300319,927.3333333333334,True,kept
manual_s32_cyst_0008,32,scene32,True,975.0,0.14144775437067453,0.14276337623596191,0.018275094282654013,994,4947.933601609658,961.3333333333334,True,kept
manual_s32_cyst_0008,32,scene32,True,985.0,0.13537802421864903,0.13784196972846985,0.018840099942368866,951,5185.717139852786,959.3333333333334,True,kept
manual_s32_cyst_0008,32,scene32,True,995.0,0.1385401627418185,0.14178389310836792,0.01780829745741463,933,5094.931404072883,933.3333333333334,True,kept
manual_s32_cyst_0008,32,scene32,True,1005.0,0.14115426499054942,0.14321010559797287,0.016636651245216794,916,5141.957423580786,928.3333333333334,True,kept
manual_s32_cyst_0008,32,scene32,True,1015.0,0.14012285207326597,0.14232619106769562,0.01993592821828361,936,5323.413461538462,926.0,True,kept
manual_s32_cyst_0008,32,scene32,True,1025.0,0.1415396094177377,0.14537332206964493,0.02061120606040457,926,5359.584233261339,925.3333333333334,True,kept
manual_s32_cyst_0008,32,scene32,True,1035.0,0.1463685538660515,0.14837510138750076,0.02618059832262956,914,5317.402625820569,920.0,True,kept
manual_s32_cyst_0008,32,scene32,True,1045.0,0.1495469879116053,0.15127717703580856,0.02410013371474733,920,5252.04347826087,923.6666666666666,True,kept
manual_s32_cyst_0008,32,scene32,True,1055.0,0.14804234931378635,0.1512431800365448,0.026570523549251452,937,5406.8537886873,926.6666666666666,True,kept
manual_s32_cyst_0008,32,scene32,True,1065.0,0.1498862405671846,0.15011334419250488,0.024626535496176598,923,5418.348862405201,954.6666666666666,True,kept
manual_s32_cyst_0008,32,scene32,True,1075.0,0.15387486633789016,0.15694861114025116,0.024519823045528834,1004,5156.1902390438245,1012.0,True,kept
manual_s32_cyst_0008,32,scene32,True,1085.0,0.156753315829661,0.1562393456697464,0.026228360011020822,1109,5022.304779080252,1082.6666666666667,True,kept
manual_s32_cyst_0008,32,scene32,True,1095.0,0.1581219369225565,0.15818431973457336,0.023755984104350047,1135,5029.766519823788,1123.3333333333333,True,kept
manual_s32_cyst_0008,32,scene32,True,1105.0,0.16076435600647282,0.1631021574139595,0.02507183418462692,1126,5026.047069271758,1125.0,True,kept
manual_s32_cyst_0008,32,scene32,True,1115.0,0.16581407020159428,0.16740413010120392,0.027099682913410687,1114,4964.12657091562,1102.0,True,kept
manual_s32_cyst_0008,32,scene32,True,1125.0,0.17111754990541017,0.1699868068099022,0.02360854741476039,1066,4876.418386491558,1072.3333333333333,True,kept
manual_s32_cyst_0008,32,scene32,True,1135.0,0.1778284256977883,0.17556661367416382,0.024556768560348087,1037,4797.264223722275,1135.6666666666667,True,kept
manual_s32_cyst_0008,32,scene32,True,1145.0,0.18653831541812493,0.1842675432562828,0.021523780071099733,1304,4685.544478527608,1229.3333333333333,True,kept
manual_s32_cyst_0008,32,scene32,True,1155.0,0.19025586810966907,0.188650980591774,0.022553234618803788,1347,4722.108389012621,1324.6666666666667,True,kept
manual_s32_cyst_0008,32,scene32,True,1165.0,0.19704089496771854,0.19328875839710236,0.02635493007590438,1323,4708.89417989418,1316.0,True,kept
manual_s32_cyst_0008,32,scene32,True,1175.0,0.20334359832073043,0.19932501018047333,0.02842184917387688,1278,4779.524256651017,1271.6666666666667,True,kept
manual_s32_cyst_0008,32,scene32,True,1185.0,0.20920576090131207,0.20295780152082443,0.03414878456603397,1214,4773.193574958814,1208.3333333333333,True,kept
manual_s32_cyst_0008,32,scene32,True,1195.0,0.2140333205198463,0.20458653569221497,0.044527461567450216,1133,4642.356575463372,1087.6666666666667,True,kept
manual_s32_cyst_0008,32,scene32,True,1205.0,0.24843379030386434,0.2422386184334755,0.0430039534944839,916,3634.7139737991265,760.0,True,kept
manual_s32_cyst_0008,32,scene32,True,1215.0,0.3127238433082382,0.3114240765571594,0.032074565703221446,231,2474.3636363636365,382.3333333333333,True,kept
manual_s32_cyst_0009,32,scene32,True,805.0,0.14426546649957622,0.14071519672870636,0.02462434970281574,337,3057.4896142433236,310.6666666666667,True,kept
manual_s32_cyst_0009,32,scene32,True,815.0,0.13261162401998744,0.12173546850681305,0.036804371015348766,578,4113.294117647059,541.6666666666666,True,kept
manual_s32_cyst_0009,32,scene32,True,825.0,0.132911585995429,0.12535324692726135,0.032136572775502935,710,4694.825352112676,712.3333333333334,True,kept
manual_s32_cyst_0009,32,scene32,True,835.0,0.142958052026369,0.1345691978931427,0.03582172546258867,849,4872.220259128387,840.6666666666666,True,kept
manual_s32_cyst_0009,32,scene32,True,845.0,0.144708065058831,0.14320428669452667,0.030111164375632226,963,5015.200415368639,966.0,True,kept
manual_s32_cyst_0009,32,scene32,True,855.0,0.15153304220590583,0.1493363231420517,0.02783652475718773,1086,4906.102209944751,1087.0,True,kept
manual_s32_cyst_0009,32,scene32,True,865.0,0.15267034906512833,0.15062718838453293,0.026982744068782254,1212,5024.016501650165,1182.3333333333333,True,kept
manual_s32_cyst_0009,32,scene32,True,875.0,0.1568822909453757,0.15359841287136078,0.028034398454062946,1249,4927.439551641313,1230.0,True,kept
manual_s32_cyst_0009,32,scene32,True,885.0,0.15848702714271523,0.15556511282920837,0.02499698602560563,1229,4969.93165174939,1230.6666666666667,True,kept
manual_s32_cyst_0009,32,scene32,True,895.0,0.16187982417679894,0.16058477759361267,0.025715439793419382,1214,5011.710873146622,1221.3333333333333,True,kept
manual_s32_cyst_0009,32,scene32,True,905.0,0.16220078337251115,0.1591113954782486,0.02860990963933639,1221,5053.90171990172,1236.0,True,kept
manual_s32_cyst_0009,32,scene32,True,915.0,0.167025018427799,0.16448113322257996,0.030472351197381356,1273,4874.766692851532,1234.0,True,kept
manual_s32_cyst_0009,32,scene32,True,925.0,0.1722744249041803,0.16699494421482086,0.035401723241706394,1208,4819.514072847682,1210.0,True,kept
manual_s32_cyst_0009,32,scene32,True,935.0,0.17543206505276412,0.1734389215707779,0.044443441698653094,1149,4824.5517841601395,1145.3333333333333,True,kept
manual_s32_cyst_0009,32,scene32,True,945.0,0.17828433576753783,0.18764588236808777,0.04462466205572807,1079,4910.411492122335,1104.6666666666667,True,kept
manual_s32_cyst_0009,32,scene32,True,955.0,0.1746509866325895,0.18098370730876923,0.046345824109867956,1086,5021.993554327809,1099.6666666666667,True,kept
manual_s32_cyst_0009,32,scene32,True,965.0,0.1802986706073217,0.17538566887378693,0.046174866511786046,1134,5017.030864197531,1156.6666666666667,True,kept
manual_s32_cyst_0009,32,scene32,True,975.0,0.1812136061012745,0.1688275784254074,0.05145386810629856,1250,5145.7752,1239.3333333333333,True,kept
manual_s32_cyst_0009,32,scene32,True,985.0,0.17888088392532212,0.16702128946781158,0.05132278679884098,1334,5126.166416791604,1333.3333333333333,True,kept
manual_s32_cyst_0009,32,scene32,True,995.0,0.17701900367346188,0.16885826736688614,0.049952061067129815,1416,5071.238700564972,1415.0,True,kept
manual_s32_cyst_0009,32,scene32,True,1005.0,0.17387225693185193,0.17119741439819336,0.04009788874303664,1495,4945.74381270903,1486.0,True,kept
manual_s32_cyst_0009,32,scene32,True,1015.0,0.17655119671695219,0.17487983405590057,0.04483533478964467,1547,4892.172592113769,1550.6666666666667,True,kept
manual_s32_cyst_0009,32,scene32,True,1025.0,0.18379927522369793,0.18413102626800537,0.04460045298895084,1610,4798.991925465839,1587.6666666666667,True,kept
manual_s32_cyst_0009,32,scene32,True,1035.0,0.19313623596117327,0.19104725867509842,0.047449722395680204,1606,4630.909090909091,1515.3333333333333,True,kept
manual_s32_cyst_0009,32,scene32,True,1045.0,0.2008996400674035,0.19900620728731155,0.0513604825067761,1330,4548.081954887218,1335.3333333333333,True,kept
manual_s32_cyst_0009,32,scene32,True,1055.0,0.19870142335785884,0.1950249895453453,0.03573772920903244,1070,4891.288785046729,1139.6666666666667,True,kept
manual_s32_cyst_0009,32,scene32,True,1065.0,0.18859600481943714,0.17691557109355927,0.04534830158480268,1019,4952.188420019627,966.0,True,kept
manual_s32_cyst_0009,32,scene32,True,1075.0,0.19633107289800833,0.18875272572040558,0.03896422243895061,809,4560.662546353523,798.6666666666666,True,kept
manual_s32_cyst_0009,32,scene32,True,1085.0,0.2129765843683985,0.19760391116142273,0.04724991793883126,568,4266.473591549296,570.6666666666666,True,kept
manual_s32_cyst_0009,32,scene32,True,1095.0,0.24796420171189665,0.24622541666030884,0.04776187255127442,335,3297.0059701492537,306.3333333333333,True,kept
manual_s33_cyst_0001,33,scene33,True,745.0,0.16196605682463083,0.16105464100837708,0.01853653949965264,331,2786.1268882175227,306.3333333333333,True,kept
manual_s33_cyst_0001,33,scene33,True,755.0,0.14990501287823987,0.13883410394191742,0.03146380832307755,573,3866.3019197207677,546.3333333333334,True,kept
manual_s33_cyst_0001,33,scene33,True,765.0,0.1532521767072937,0.14806075394153595,0.02408905573676193,735,4293.032653061225,728.6666666666666,True,kept
manual_s33_cyst_0001,33,scene33,True,775.0,0.16419414903518822,0.1628754958510399,0.02190935774735145,878,4452.578587699317,872.3333333333334,True,kept
manual_s33_cyst_0001,33,scene33,True,785.0,0.17145568961314708,0.1708613634109497,0.025114896062690153,1004,4491.706175298805,1001.0,True,kept
manual_s33_cyst_0001,33,scene33,True,795.0,0.17285951007619488,0.1733594685792923,0.024081374845539412,1121,4498.841213202498,1116.6666666666667,True,kept
manual_s33_cyst_0001,33,scene33,True,805.0,0.17562519180531405,0.175757497549057,0.027050106409859588,1225,4461.799183673469,1203.3333333333333,True,kept
manual_s33_cyst_0001,33,scene33,True,815.0,0.18186624787299882,0.17800113558769226,0.02949400572386816,1264,4313.488132911392,1237.3333333333333,True,kept
manual_s33_cyst_0001,33,scene33,True,825.0,0.18680716662356237,0.18195150792598724,0.03146399737052388,1223,4313.685200327064,1239.3333333333333,True,kept
manual_s33_cyst_0001,33,scene33,True,835.0,0.1933565270503685,0.18965843319892883,0.03317218146321966,1231,4255.309504467912,1238.3333333333333,True,kept
manual_s33_cyst_0001,33,scene33,True,845.0,0.19833722017545913,0.18935829401016235,0.05073890435285409,1261,4267.172878667724,1236.3333333333333,True,kept
manual_s33_cyst_0001,33,scene33,True,855.0,0.20057230472148396,0.19602732360363007,0.0466433806375379,1217,4248.719802793755,1214.0,True,kept
manual_s33_cyst_0001,33,scene33,True,865.0,0.20364423543598847,0.19604546576738358,0.050635360165908506,1164,4247.01116838488,1162.3333333333333,True,kept
manual_s33_cyst_0001,33,scene33,True,875.0,0.20033716017659922,0.19160323590040207,0.05687603469953889,1106,4385.228752260397,1130.0,True,kept
manual_s33_cyst_0001,33,scene33,True,885.0,0.20418694903408843,0.19655714184045792,0.05577369798575775,1120,4309.211607142857,1132.0,True,kept
manual_s33_cyst_0001,33,scene33,True,895.0,0.20849575228416004,0.20487594604492188,0.04654452673100675,1170,4245.213675213675,1157.0,True,kept
manual_s33_cyst_0001,33,scene33,True,905.0,0.21255028201779705,0.21231435239315033,0.04797856288944694,1181,4239.019475021169,1149.6666666666667,True,kept
manual_s33_cyst_0001,33,scene33,True,915.0,0.21560935133250467,0.2184436023235321,0.04594621863137691,1098,4190.365209471767,1092.3333333333333,True,kept
manual_s33_cyst_0001,33,scene33,True,925.0,0.22284338869647177,0.23000892251729965,0.05116981668621975,998,4141.79258517034,1006.3333333333334,True,kept
manual_s33_cyst_0001,33,scene33,True,935.0,0.22205615114674926,0.22961047291755676,0.05528008045739256,923,4189.536294691225,911.3333333333334,True,kept
manual_s33_cyst_0001,33,scene33,True,945.0,0.22921557348739324,0.2252262383699417,0.04976518808635971,813,4074.7552275522753,797.0,True,kept
manual_s33_cyst_0001,33,scene33,True,955.0,0.253510832627311,0.24690403044223785,0.047861216652805204,655,3635.8396946564885,640.6666666666666,True,kept
manual_s33_cyst_0001,33,scene33,True,965.0,0.2826312024819168,0.27147823572158813,0.045416609537408316,454,3110.9713656387667,412.3333333333333,True,kept
manual_s33_cyst_0003,33,scene33,True,535.0,0.2751435782780232,0.26503658294677734,0.05558532108060446,563,3378.7051509769094,499.3333333333333,True,kept
manual_s33_cyst_0003,33,scene33,True,545.0,0.2620523963689489,0.24916571378707886,0.06614203202796835,757,3920.689564068692,736.0,True,kept
manual_s33_cyst_0003,33,scene33,True,555.0,0.2470650881663099,0.24105513095855713,0.06365801871908149,888,4110.936936936937,874.0,True,kept
manual_s33_cyst_0003,33,scene33,True,565.0,0.23928528193655133,0.23701731860637665,0.06998852298838182,977,4236.651995905834,997.6666666666666,True,kept
manual_s33_cyst_0003,33,scene33,True,575.0,0.22782691508690092,0.2303236722946167,0.05617493197145017,1128,4298.9503546099295,1117.6666666666667,True,kept
manual_s33_cyst_0003,33,scene33,True,585.0,0.219782087742948,0.2225852906703949,0.05520525797051625,1248,4393.58092948718,1248.0,True,kept
manual_s33_cyst_0003,33,scene33,True,595.0,0.21390540687073217,0.21032986789941788,0.04664760271359256,1368,4341.7828947368425,1286.3333333333333,True,kept
manual_s33_cyst_0003,33,scene33,True,605.0,0.21020383513678684,0.20479927957057953,0.050879627390532325,1243,4389.41592920354,1272.3333333333333,True,kept
manual_s33_cyst_0003,33,scene33,True,615.0,0.2082436641440364,0.20201392471790314,0.05189969380010834,1206,4413.723880597015,1209.0,True,kept
manual_s33_cyst_0003,33,scene33,True,625.0,0.2052791832562011,0.1971815675497055,0.05047425359409028,1178,4381.11714770798,1162.0,True,kept
manual_s33_cyst_0003,33,scene33,True,635.0,0.20333445532595615,0.18742302060127258,0.056237261304594256,1102,4421.523593466424,1116.6666666666667,True,kept
manual_s33_cyst_0003,33,scene33,True,645.0,0.20211778549111892,0.18670178204774857,0.0519116792060909,1070,4408.628971962617,1165.3333333333333,True,kept
manual_s33_cyst_0003,33,scene33,True,655.0,0.20441525119984258,0.1994815394282341,0.04607253695000876,1324,4361.997734138973,1297.6666666666667,True,kept
manual_s33_cyst_0003,33,scene33,True,665.0,0.2028583887072306,0.1961982399225235,0.0428286275174794,1499,4362.2841894596395,1475.0,True,kept
manual_s33_cyst_0003,33,scene33,True,675.0,0.20038652420509026,0.19188661873340607,0.04187450719889376,1602,4443.0374531835205,1621.0,True,kept
manual_s33_cyst_0003,33,scene33,True,685.0,0.19660400671548253,0.18415886163711548,0.044699462289951856,1762,4559.811010215664,1704.6666666666667,True,kept
manual_s33_cyst_0003,33,scene33,True,695.0,0.19184768428547042,0.18071652948856354,0.045764855599512336,1750,4641.013142857143,1730.6666666666667,True,kept
manual_s33_cyst_0003,33,scene33,True,705.0,0.19003063701093198,0.17384883016347885,0.053615629137314824,1680,4600.635714285714,1642.6666666666667,True,kept
manual_s33_cyst_0003,33,scene33,True,715.0,0.1916628537751804,0.17714039236307144,0.04438973544728855,1498,4218.42256341789,1423.0,True,kept
manual_s33_cyst_0003,33,scene33,True,725.0,0.18021808991483546,0.17052727937698364,0.03707972726529702,1091,4166.51329055912,1125.3333333333333,True,kept
manual_s33_cyst_0003,33,scene33,True,735.0,0.1620361539410969,0.15399035811424255,0.036309076622178534,787,4229.279542566709,808.3333333333334,True,kept
manual_s33_cyst_0003,33,scene33,True,745.0,0.1677787871639733,0.16828754544258118,0.03373278342514128,547,3569.164533820841,504.6666666666667,True,kept
manual_s33_cyst_0004,33,scene33,True,305.0,0.5091144659622447,0.5054545402526855,0.07639805358774264,254,2624.015748031496,315.6666666666667,True,kept
manual_s33_cyst_0004,33,scene33,True,315.0,0.5648790171738138,0.5451453924179077,0.08306153242123736,693,3364.073593073593,607.6666666666666,True,kept
manual_s33_cyst_0004,33,scene33,True,325.0,0.5491468312737604,0.5367166697978973,0.06992296953079319,876,3717.832191780822,854.0,True,kept
manual_s33_cyst_0004,33,scene33,True,335.0,0.5314839669584868,0.527850329875946,0.05973273297131441,993,3679.1148036253776,993.3333333333334,True,kept
manual_s33_cyst_0004,33,scene33,True,345.0,0.4692555974186486,0.46720510721206665,0.05040787340700538,1111,3892.833483348335,1093.0,True,kept
manual_s33_cyst_0004,33,scene33,True,355.0,0.4412923946025524,0.42909523844718933,0.06382060228334158,1175,3799.7821276595746,1175.6666666666667,True,kept
manual_s33_cyst_0004,33,scene33,True,365.0,0.39207176118488757,0.3721550703048706,0.08214974238774359,1241,3809.9597099113616,1186.3333333333333,True,kept
manual_s33_cyst_0004,33,scene33,True,375.0,0.35547524448141965,0.33065667748451233,0.08170000555109189,1143,4018.5949256342956,1089.0,True,kept
manual_s33_cyst_0004,33,scene33,True,385.0,0.3484549491180029,0.33529603481292725,0.07479208654261056,883,4020.4167610419026,974.6666666666666,True,kept
manual_s33_cyst_0004,33,scene33,True,395.0,0.32728485937307034,0.3227510154247284,0.05661183093218239,898,4057.476614699332,900.0,True,kept
manual_s33_cyst_0004,33,scene33,True,405.0,0.3166957787188404,0.30162885785102844,0.05986363758614645,919,4098.124047878128,911.6666666666666,True,kept
manual_s33_cyst_0004,33,scene33,True,415.0,0.3027591939715259,0.2905035763978958,0.053298355650460455,918,4138.970588235294,912.0,True,kept
manual_s33_cyst_0004,33,scene33,True,425.0,0.2909689310096925,0.28387102484703064,0.04069121064534429,899,4198.549499443827,903.3333333333334,True,kept
manual_s33_cyst_0004,33,scene33,True,435.0,0.2766043712684315,0.2707797884941101,0.03402627667475137,893,4331.150055991042,903.6666666666666,True,kept
manual_s33_cyst_0004,33,scene33,True,445.0,0.2647106742670798,0.2589012682437897,0.03736795721715208,919,4447.048966267682,915.6666666666666,True,kept
manual_s33_cyst_0004,33,scene33,True,455.0,0.2522798974246265,0.25327515602111816,0.04061355124080383,935,4444.355080213903,926.6666666666666,True,kept
manual_s33_cyst_0004,33,scene33,True,465.0,0.24546809153345697,0.24329863488674164,0.036569400376493505,926,4475.555075593952,919.3333333333334,True,kept
manual_s33_cyst_0004,33,scene33,True,475.0,0.2389640188635791,0.23894299566745758,0.0365393977296629,897,4578.171683389075,897.0,True,kept
manual_s33_cyst_0004,33,scene33,True,485.0,0.2254907987874499,0.22829245030879974,0.032202350314396805,868,4639.604838709677,890.0,True,kept
manual_s33_cyst_0004,33,scene33,True,495.0,0.2129454005653687,0.21422679722309113,0.03135331138960041,905,4716.466298342541,900.6666666666666,True,kept
manual_s33_cyst_0004,33,scene33,True,505.0,0.20618809122828802,0.20847101509571075,0.03131453296398114,929,4611.130247578041,925.6666666666666,True,kept
manual_s33_cyst_0004,33,scene33,True,515.0,0.2007287242158473,0.2033924013376236,0.0326687285202576,943,4610.953340402969,943.6666666666666,True,kept
manual_s33_cyst_0004,33,scene33,True,525.0,0.1993098367273621,0.19886937737464905,0.03343406659381486,959,4623.295099061523,937.6666666666666,True,kept
manual_s33_cyst_0004,33,scene33,True,535.0,0.20126426444847942,0.20045019686222076,0.03279808578682899,911,4559.432491767288,907.3333333333334,True,kept
manual_s33_cyst_0004,33,scene33,True,545.0,0.20203094889230572,0.19906377792358398,0.03446102583953021,852,4603.428403755868,853.3333333333334,True,kept
manual_s33_cyst_0004,33,scene33,True,555.0,0.19765986148805512,0.19809101521968842,0.03601838945240726,797,4682.321204516938,792.0,True,kept
manual_s33_cyst_0004,33,scene33,True,565.0,0.19990833675517014,0.19781534373760223,0.032668279348131046,727,4557.513067400275,728.3333333333334,True,kept
manual_s33_cyst_0004,33,scene33,True,575.0,0.18902274220054702,0.18055951595306396,0.03511694180823601,661,4669.771558245083,651.6666666666666,True,kept
manual_s33_cyst_0004,33,scene33,True,585.0,0.1872502053567131,0.17613035440444946,0.039857607856644654,567,4224.135802469136,538.3333333333334,True,kept
manual_s33_cyst_0004,33,scene33,True,595.0,0.21573974128610404,0.2254146784543991,0.04422543617445351,387,3295.7596899224804,337.0,True,kept
manual_s33_cyst_0005,33,scene33,True,465.0,0.44671548027978386,0.4299822896718979,0.08804740706712559,516,3555.7112403100773,463.3333333333333,True,kept
manual_s33_cyst_0005,33,scene33,True,475.0,0.3979591907248839,0.39298030734062195,0.09987368876126301,683,4164.5168374816985,681.0,True,kept
manual_s33_cyst_0005,33,scene33,True,485.0,0.3711975763476855,0.3808279037475586,0.1335137028818734,844,4340.6563981042655,848.0,True,kept
manual_s33_cyst_0005,33,scene33,True,495.0,0.3189785452367282,0.33257368206977844,0.09937747627688005,1017,4601.708947885939,999.0,True,kept
manual_s33_cyst_0005,33,scene33,True,505.0,0.3018478907539811,0.27724841237068176,0.09704773211135038,1136,4672.836267605634,1135.0,True,kept
manual_s33_cyst_0005,33,scene33,True,515.0,0.2920979017171616,0.25987599790096283,0.09414406052152799,1252,4658.358626198083,1235.3333333333333,True,kept
manual_s33_cyst_0005,33,scene33,True,525.0,0.2875478603228452,0.25447021424770355,0.09375554630759016,1318,4526.754172989378,1251.6666666666667,True,kept
manual_s33_cyst_0005,33,scene33,True,535.0,0.2807549598725033,0.2492617666721344,0.08610792497210379,1185,4444.157805907173,1202.0,True,kept
manual_s33_cyst_0005,33,scene33,True,545.0,0.2786658693338024,0.2346937656402588,0.09249646465743674,1103,4384.600181323663,1088.6666666666667,True,kept
manual_s33_cyst_0005,33,scene33,True,555.0,0.2797711588335671,0.2310408502817154,0.09861803613555764,978,4331.335378323109,994.3333333333334,True,kept
manual_s33_cyst_0005,33,scene33,True,565.0,0.28020875806819046,0.2369936779141426,0.10257399911072874,902,4407.145232815965,936.3333333333334,True,kept
manual_s33_cyst_0005,33,scene33,True,575.0,0.2794222953309284,0.22422489523887634,0.11315378994453064,929,4368.477933261572,1126.6666666666667,True,kept
manual_s33_cyst_0005,33,scene33,True,585.0,0.24593523649764568,0.19960612058639526,0.10298900437566758,1549,4557.345384118787,1369.6666666666667,True,kept
manual_s33_cyst_0005,33,scene33,True,595.0,0.23943573390867431,0.19394497573375702,0.10505476232023477,1631,4762.561618638872,1600.3333333333333,True,kept
manual_s33_cyst_0005,33,scene33,True,605.0,0.2364219456892702,0.192997008562088,0.10954382115871342,1621,4895.742134484886,1604.3333333333333,True,kept
manual_s33_cyst_0005,33,scene33,True,615.0,0.2272325232577278,0.19482086598873138,0.10613462598003832,1561,5012.5733504164,1555.0,True,kept
manual_s33_cyst_0005,33,scene33,True,625.0,0.21784350132307168,0.17769105732440948,0.124461958060862,1483,5132.838165879973,1453.6666666666667,True,kept
manual_s33_cyst_0005,33,scene33,True,635.0,0.2121588397904065,0.17636476457118988,0.1030679964948776,1317,4642.433561123766,1282.3333333333333,True,kept
manual_s33_cyst_0005,33,scene33,True,645.0,0.22974137823811688,0.21617960929870605,0.060115334083002236,1047,3161.101241642789,846.3333333333334,True,kept
manual_s33_cyst_0005,33,scene33,True,655.0,0.23904325204236168,0.23578885197639465,0.028741618928653262,175,2355.502857142857,407.3333333333333,True,kept
manual_s33_cyst_0006,33,scene33,True,515.0,0.32489369208501145,0.3230588138103485,0.04622759958545359,352,2563.7414772727275,434.0,True,kept
manual_s33_cyst_0006,33,scene33,True,525.0,0.26517072969361355,0.24164201319217682,0.07770074642918212,950,3674.7431578947367,831.6666666666666,True,kept
manual_s33_cyst_0006,33,scene33,True,535.0,0.21855981943368513,0.19672086834907532,0.08229138676580598,1193,4904.200335289187,1175.6666666666667,True,kept
manual_s33_cyst_0006,33,scene33,True,545.0,0.2037711588590476,0.18107526749372482,0.07361410000498912,1384,5420.434248554913,1363.0,True,kept
manual_s33_cyst_0006,33,scene33,True,555.0,0.20568740476790087,0.19258581846952438,0.06332599584427298,1512,5266.411375661376,1507.6666666666667,True,kept
manual_s33_cyst_0006,33,scene33,True,565.0,0.21279751116978882,0.2063303291797638,0.06629836306979779,1627,5016.041180086048,1624.6666666666667,True,kept
manual_s33_cyst_0006,33,scene33,True,575.0,0.20329001461738125,0.19465379416942596,0.056630993097936594,1735,5028.219020172911,1653.0,True,kept
manual_s33_cyst_0006,33,scene33,True,585.0,0.19629530729486858,0.18010742962360382,0.05674087799485449,1597,5018.078271759549,1499.6666666666667,True,kept
manual_s33_cyst_0006,33,scene33,True,595.0,0.1981497025428517,0.17710189521312714,0.06468373731106715,1167,4904.31619537275,1259.3333333333333,True,kept
manual_s33_cyst_0006,33,scene33,True,605.0,0.19698492013638072,0.1771787479519844,0.056432479681731616,1014,4920.5621301775145,1037.6666666666667,True,kept
manual_s33_cyst_0006,33,scene33,True,615.0,0.20136711036570595,0.17549698054790497,0.06389111802332836,932,4854.530042918455,937.0,True,kept
manual_s33_cyst_0006,33,scene33,True,625.0,0.20855998368449294,0.19523502886295319,0.06628251133896296,865,4770.687861271676,917.6666666666666,True,kept
manual_s33_cyst_0006,33,scene33,True,635.0,0.20963668301078067,0.19062653183937073,0.0700233364382777,956,4716.123430962343,1123.3333333333333,True,kept
manual_s33_cyst_0006,33,scene33,True,645.0,0.19392872709970924,0.17901696264743805,0.04981009362902643,1549,4846.081988379599,1480.0,True,kept
manual_s33_cyst_0006,33,scene33,True,655.0,0.19321940375698937,0.178676038980484,0.04712702841140581,1935,4828.782945736434,1844.0,True,kept
manual_s33_cyst_0006,33,scene33,True,665.0,0.19406068835087353,0.17876587808132172,0.04907796533048133,2048,4829.34716796875,2001.3333333333333,True,kept
manual_s33_cyst_0006,33,scene33,True,675.0,0.1891668083856803,0.1766057163476944,0.04908123673917767,2021,4966.538347352795,2011.3333333333333,True,kept
manual_s33_cyst_0006,33,scene33,True,685.0,0.1753857878100781,0.1650991588830948,0.04156697692935997,1965,5059.287022900763,1954.3333333333333,True,kept
manual_s33_cyst_0006,33,scene33,True,695.0,0.16973821847805268,0.1531357318162918,0.049980480662610204,1877,4798.5950985615345,1843.3333333333333,True,kept
manual_s33_cyst_0006,33,scene33,True,705.0,0.1752434086487121,0.16326265782117844,0.05558815040589668,1688,4098.18009478673,1535.0,True,kept
manual_s33_cyst_0006,33,scene33,True,715.0,0.18024188473534125,0.16036523133516312,0.05970089218887684,1040,3318.375,1015.6666666666666,True,kept
manual_s33_cyst_0006,33,scene33,True,725.0,0.1512199779943239,0.1401655077934265,0.04799614502636362,319,2563.0282131661443,453.0,True,kept
manual_s33_cyst_0007,33,scene33,True,285.0,0.6067011097563973,0.5969228744506836,0.06310872255018098,395,2818.7974683544303,341.0,True,kept
manual_s33_cyst_0007,33,scene33,True,295.0,0.49594917491852464,0.4774276167154312,0.0806160104410358,616,3845.0324675324673,595.3333333333334,True,kept
manual_s33_cyst_0007,33,scene33,True,305.0,0.44458268969289716,0.4166637063026428,0.09915856075982143,775,4238.958709677419,758.3333333333334,True,kept
manual_s33_cyst_0007,33,scene33,True,315.0,0.4066124357181976,0.37720805406570435,0.0787014828808743,884,4275.87556561086,874.6666666666666,True,kept
manual_s33_cyst_0007,33,scene33,True,325.0,0.3583042733409862,0.3397555351257324,0.06130210488033971,965,4397.973056994819,965.0,True,kept
manual_s33_cyst_0007,33,scene33,True,335.0,0.3276016866613756,0.31177516281604767,0.0538392265977342,1046,4488.023900573614,1036.0,True,kept
manual_s33_cyst_0007,33,scene33,True,345.0,0.30742502959620005,0.2986457645893097,0.049031045967090806,1097,4518.446672743847,1025.0,True,kept
manual_s33_cyst_0007,33,scene33,True,355.0,0.29355568347634675,0.28038494288921356,0.047010098141230514,932,4549.519313304721,972.3333333333334,True,kept
manual_s33_cyst_0007,33,scene33,True,365.0,0.2748430621483036,0.2621505856513977,0.045136760821356724,888,4653.576576576576,907.3333333333334,True,kept
manual_s33_cyst_0007,33,scene33,True,375.0,0.25914255148027,0.24986665695905685,0.0368858477863909,902,4824.155210643015,898.3333333333334,True,kept
manual_s33_cyst_0007,33,scene33,True,385.0,0.241072806172608,0.23630841076374054,0.027850768177507857,905,4935.745856353591,911.3333333333334,True,kept
manual_s33_cyst_0007,33,scene33,True,395.0,0.2230274341960298,0.22373150289058685,0.025983418267617808,927,4955.025889967637,922.0,True,kept
manual_s33_cyst_0007,33,scene33,True,405.0,0.2163302950736542,0.21130677312612534,0.02573068721457611,934,4938.8704496788005,921.3333333333334,True,kept
manual_s33_cyst_0007,33,scene33,True,415.0,0.21230500890303028,0.2091553509235382,0.02658955841375443,903,4894.781838316722,911.6666666666666,True,kept
manual_s33_cyst_0007,33,scene33,True,425.0,0.19882312370567917,0.19651730358600616,0.02804180592722212,898,5095.830734966592,899.0,True,kept
manual_s33_cyst_0007,33,scene33,True,435.0,0.19273283572069236,0.1912756934762001,0.026636248182111556,896,5202.853794642857,896.6666666666666,True,kept
manual_s33_cyst_0007,33,scene33,True,445.0,0.18621465948776209,0.18735309690237045,0.02617025800828559,896,5215.128348214285,890.0,True,kept
manual_s33_cyst_0007,33,scene33,True,455.0,0.1856217203165377,0.1906430497765541,0.031147512097735457,878,5231.365603644647,879.0,True,kept
manual_s33_cyst_0007,33,scene33,True,465.0,0.18253380810433992,0.18475085496902466,0.02844181761276483,863,5258.32560834299,865.3333333333334,True,kept
manual_s33_cyst_0007,33,scene33,True,475.0,0.17500039480234447,0.17825376987457275,0.027277267255425893,855,5351.175438596491,862.6666666666666,True,kept
manual_s33_cyst_0007,33,scene33,True,485.0,0.17234220995471394,0.1746477261185646,0.022424355355264738,870,5230.84367816092,866.3333333333334,True,kept
manual_s33_cyst_0007,33,scene33,True,495.0,0.16768820715953064,0.16966839134693146,0.021445030512711547,874,5300.696796338672,868.6666666666666,True,kept
manual_s33_cyst_0007,33,scene33,True,505.0,0.1641112010658064,0.16895005851984024,0.027151852236875825,862,5453.457076566126,874.0,True,kept
manual_s33_cyst_0007,33,scene33,True,515.0,0.16543171327754552,0.17163747549057007,0.02946333324267832,886,5380.047404063205,892.3333333333334,True,kept
manual_s33_cyst_0007,33,scene33,True,525.0,0.16351083240224162,0.16797152161598206,0.02958156680599826,929,5364.764262648008,931.6666666666666,True,kept
manual_s33_cyst_0007,33,scene33,True,535.0,0.1596260106153026,0.16326972842216492,0.02679169967371615,980,5294.424489795919,983.0,True,kept
manual_s33_cyst_0007,33,scene33,True,545.0,0.15376426003730068,0.15896617621183395,0.025362469090699963,1040,5340.1625,1001.0,True,kept
manual_s33_cyst_0007,33,scene33,True,555.0,0.14930101140712065,0.15504102408885956,0.025197522850762377,983,5552.0712105798575,976.0,True,kept
manual_s33_cyst_0007,33,scene33,True,565.0,0.14389710815736603,0.14714477956295013,0.023437874581757657,905,5596.608839779005,902.6666666666666,True,kept
manual_s33_cyst_0007,33,scene33,True,575.0,0.14222932417036557,0.14284369349479675,0.017978951588410796,820,5354.053658536585,813.3333333333334,True,kept
manual_s33_cyst_0007,33,scene33,True,585.0,0.13424277780772922,0.13370701670646667,0.017053594050766573,715,5165.892307692307,713.3333333333334,True,kept
manual_s33_cyst_0007,33,scene33,True,595.0,0.13734928901530494,0.1347072720527649,0.018143742996600327,605,4336.732231404959,583.0,True,kept
manual_s33_cyst_0007,33,scene33,True,605.0,0.13173921896027518,0.13143335282802582,0.015618106947799096,429,3107.4428904428905,350.6666666666667,True,kept
manual_s33_cyst_0008,33,scene33,True,445.0,0.39301957766048046,0.37422311305999756,0.07151772570479961,476,3103.340336134454,414.0,True,kept
manual_s33_cyst_0008,33,scene33,True,455.0,0.30870279316898563,0.2963215708732605,0.058164511026305064,663,4075.5641025641025,654.6666666666666,True,kept
manual_s33_cyst_0008,33,scene33,True,465.0,0.2843934763742216,0.27319085597991943,0.07137232546724999,825,4442.636363636364,820.0,True,kept
manual_s33_cyst_0008,33,scene33,True,475.0,0.2631861064199803,0.249803826212883,0.07522613892046147,972,4658.725308641975,960.6666666666666,True,kept
manual_s33_cyst_0008,33,scene33,True,485.0,0.2421692317531955,0.23290927708148956,0.06474257619384781,1085,4869.24331797235,1080.3333333333333,True,kept
manual_s33_cyst_0008,33,scene33,True,495.0,0.2324285846757325,0.21972279250621796,0.055496055076194775,1184,4799.142736486487,1179.3333333333333,True,kept
manual_s33_cyst_0008,33,scene33,True,505.0,0.21890695285054998,0.20684263110160828,0.04991369369332934,1269,4770.3719464145,1212.3333333333333,True,kept
manual_s33_cyst_0008,33,scene33,True,515.0,0.2115173997055437,0.2021697387099266,0.05709721929787053,1184,4815.657094594595,1198.6666666666667,True,kept
manual_s33_cyst_0008,33,scene33,True,525.0,0.2127556155255669,0.1973322629928589,0.05592556407751303,1143,4644.20384951881,1151.3333333333333,True,kept
manual_s33_cyst_0008,33,scene33,True,535.0,0.21184671102314792,0.18952307105064392,0.06976721213678304,1127,4622.861579414374,1167.6666666666667,True,kept
manual_s33_cyst_0008,33,scene33,True,545.0,0.21235360825753077,0.1966363936662674,0.07851834200314992,1233,4662.939172749392,1222.3333333333333,True,kept
manual_s33_cyst_0008,33,scene33,True,555.0,0.20985884409235375,0.19488412141799927,0.07188368444562263,1307,4695.16143840857,1306.3333333333333,True,kept
manual_s33_cyst_0008,33,scene33,True,565.0,0.20630558422395853,0.19904954731464386,0.06082404416879679,1379,4748.134880348079,1351.6666666666667,True,kept
manual_s33_cyst_0008,33,scene33,True,575.0,0.19956524708764756,0.1933748424053192,0.05172669276853216,1369,4788.659605551497,1363.3333333333333,True,kept
manual_s33_cyst_0008,33,scene33,True,585.0,0.18428720371733834,0.18145137280225754,0.04167694756372949,1342,4952.708643815201,1338.0,True,kept
manual_s33_cyst_0008,33,scene33,True,595.0,0.17570676968496576,0.16796213388442993,0.03905036279740832,1303,4932.747505755948,1307.3333333333333,True,kept
manual_s33_cyst_0008,33,scene33,True,605.0,0.16407935621804712,0.15605175495147705,0.03294704452497219,1277,4823.100234925607,1297.6666666666667,True,kept
manual_s33_cyst_0008,33,scene33,True,615.0,0.15701489500639007,0.15635819733142853,0.01752246995452914,1313,4765.374714394517,1267.6666666666667,True,kept
manual_s33_cyst_0008,33,scene33,True,625.0,0.1490574623630839,0.1484425812959671,0.016495974303907722,1213,4889.236603462489,1216.0,True,kept
manual_s33_cyst_0008,33,scene33,True,635.0,0.1414574398036628,0.14242582023143768,0.01610615991754026,1122,5042.328877005348,1120.3333333333333,True,kept
manual_s33_cyst_0008,33,scene33,True,645.0,0.13051412252393382,0.1301870346069336,0.017689230990455884,1026,5183.413255360624,1020.3333333333334,True,kept
manual_s33_cyst_0008,33,scene33,True,655.0,0.12374648769250443,0.12155850231647491,0.01720354532324201,913,5001.661555312157,903.6666666666666,True,kept
manual_s33_cyst_0008,33,scene33,True,665.0,0.11875960036842008,0.11684269085526466,0.01805440828334305,772,4367.389896373057,732.3333333333334,True,kept
manual_s33_cyst_0008,33,scene33,True,675.0,0.11635256389854476,0.11662640422582626,0.013883093180944337,512,3390.9453125,479.6666666666667,True,kept
manual_s33_cyst_0009,33,scene33,True,375.0,0.4196240024490131,0.4235171228647232,0.06350907894373639,592,2992.1570945945946,480.0,True,kept
manual_s33_cyst_0009,33,scene33,True,385.0,0.4038116262913334,0.39504966139793396,0.07066393673765886,817,4195.8494492044065,791.3333333333334,True,kept
manual_s33_cyst_0009,33,scene33,True,395.0,0.381902043652658,0.36620959639549255,0.06110666247994785,965,4496.757512953368,944.0,True,kept
manual_s33_cyst_0009,33,scene33,True,405.0,0.35309896409511565,0.34469301998615265,0.03977704625128029,1050,4430.251428571429,1042.3333333333333,True,kept
manual_s33_cyst_0009,33,scene33,True,415.0,0.32023003941281236,0.3129239082336426,0.04496097346832678,1112,4348.219424460432,1113.3333333333333,True,kept
manual_s33_cyst_0009,33,scene33,True,425.0,0.30574825828569246,0.2949659526348114,0.06256359060189245,1178,4307.435483870968,1169.3333333333333,True,kept
manual_s33_cyst_0009,33,scene33,True,435.0,0.2794483163820699,0.26158836483955383,0.06012225886504234,1218,4402.790640394089,1097.3333333333333,True,kept
manual_s33_cyst_0009,33,scene33,True,445.0,0.2727810153737664,0.26634369790554047,0.044356980231629345,896,4451.3203125,989.0,True,kept
manual_s33_cyst_0009,33,scene33,True,455.0,0.25846520889056945,0.252383828163147,0.035294453542339996,853,4532.403282532239,866.6666666666666,True,kept
manual_s33_cyst_0009,33,scene33,True,465.0,0.24533720363531214,0.24032770097255707,0.03335819352521089,851,4615.559341950647,863.6666666666666,True,kept
manual_s33_cyst_0009,33,scene33,True,475.0,0.22391733048397633,0.21932190656661987,0.027179409475461845,887,4776.028184892897,880.6666666666666,True,kept
manual_s33_cyst_0009,33,scene33,True,485.0,0.2109543561968392,0.20581568032503128,0.029267517374011297,904,4888.423672566371,903.3333333333334,True,kept
manual_s33_cyst_0009,33,scene33,True,495.0,0.20304396009159814,0.19880414009094238,0.031596201047216124,919,4861.269858541893,918.3333333333334,True,kept
manual_s33_cyst_0009,33,scene33,True,505.0,0.19033413629803023,0.18604008108377457,0.031862435046944915,932,4932.138412017167,924.0,True,kept
manual_s33_cyst_0009,33,scene33,True,515.0,0.18206578664619164,0.1772385686635971,0.03225604731064744,921,5055.486427795874,920.0,True,kept
manual_s33_cyst_0009,33,scene33,True,525.0,0.172402239867713,0.1703522652387619,0.03085616284549869,907,5048.857772877618,906.3333333333334,True,kept
manual_s33_cyst_0009,33,scene33,True,535.0,0.16709487550755006,0.1664520800113678,0.023765335539151722,891,5094.405162738496,889.3333333333334,True,kept
manual_s33_cyst_0009,33,scene33,True,545.0,0.16864881868335022,0.16859633475542068,0.021791822583205084,870,5002.871264367816,874.3333333333334,True,kept
manual_s33_cyst_0009,33,scene33,True,555.0,0.16424335652569053,0.1654541790485382,0.02107118136544285,862,5046.976798143852,863.0,True,kept
manual_s33_cyst_0009,33,scene33,True,565.0,0.15980863792858713,0.16443946957588196,0.024360384186079075,857,5142.101516919486,860.0,True,kept
manual_s33_cyst_0009,33,scene33,True,575.0,0.16032836122414515,0.16501271724700928,0.025537812179250538,861,4990.0394889663185,857.3333333333334,True,kept
manual_s33_cyst_0009,33,scene33,True,585.0,0.15912754976777338,0.16027164459228516,0.02218281319466524,854,4957.43325526932,859.3333333333334,True,kept
manual_s33_cyst_0009,33,scene33,True,595.0,0.15054937074800492,0.15210293233394623,0.02171109210168843,863,5112.808806488992,862.3333333333334,True,kept
manual_s33_cyst_0009,33,scene33,True,605.0,0.1447788392075862,0.14655926823616028,0.021396391293131357,870,5144.7172413793105,886.3333333333334,True,kept
manual_s33_cyst_0009,33,scene33,True,615.0,0.14238376045684062,0.1440005749464035,0.02322685890867496,926,5163.816414686825,922.0,True,kept
manual_s33_cyst_0009,33,scene33,True,625.0,0.14145713384772085,0.14145613461732864,0.018847097559590895,970,5014.356701030928,963.3333333333334,True,kept
manual_s33_cyst_0009,33,scene33,True,635.0,0.14233218338078177,0.14399638026952744,0.0200124202475286,994,4995.118712273642,978.3333333333334,True,kept
manual_s33_cyst_0009,33,scene33,True,645.0,0.14359212837860097,0.14499814808368683,0.01590088027864867,971,4868.957775489186,956.3333333333334,True,kept
manual_s33_cyst_0009,33,scene33,True,655.0,0.14202668879642688,0.14352570474147797,0.01582348943766442,904,4803.8772123893805,914.3333333333334,True,kept
manual_s33_cyst_0009,33,scene33,True,665.0,0.13902590631545964,0.1402762085199356,0.014127625715597808,868,4647.198156682028,854.3333333333334,True,kept
manual_s33_cyst_0009,33,scene33,True,675.0,0.14093529619512005,0.14422903954982758,0.017186897936082902,791,4458.774968394438,777.6666666666666,True,kept
manual_s33_cyst_0009,33,scene33,True,685.0,0.13912909281183067,0.141114242374897,0.01773953613571418,674,4304.548961424332,682.0,True,kept
manual_s33_cyst_0009,33,scene33,True,695.0,0.13636669842285873,0.13385812938213348,0.017703081833415023,581,4113.781411359724,565.6666666666666,True,kept
manual_s33_cyst_0009,33,scene33,True,705.0,0.14803024379713503,0.1481175497174263,0.01738677963227572,442,3367.8257918552035,422.3333333333333,True,kept
manual_s34_cyst_0001,34,scene34,True,515.0,0.3532100503551795,0.33242471516132355,0.08777771774005871,434,3344.1013824884794,442.3333333333333,True,kept
manual_s34_cyst_0001,34,scene34,True,525.0,0.32002978529913206,0.29950350522994995,0.09742269676435926,705,3307.255319148936,699.6666666666666,True,kept
manual_s34_cyst_0001,34,scene34,True,535.0,0.28933745130586125,0.275322750210762,0.0953258358312157,960,3324.626041666667,917.0,True,kept
manual_s34_cyst_0001,34,scene34,True,545.0,0.26193919430725265,0.24891474843025208,0.06411772431473278,1086,3360.172191528545,1079.3333333333333,True,kept
manual_s34_cyst_0001,34,scene34,True,555.0,0.24942782680010236,0.23070329427719116,0.05977435296244371,1192,3391.462248322148,1187.3333333333333,True,kept
manual_s34_cyst_0001,34,scene34,True,565.0,0.24103241245555357,0.21808859705924988,0.0688939944554216,1284,3488.3652647975077,1270.3333333333333,True,kept
manual_s34_cyst_0001,34,scene34,True,575.0,0.24613451655214647,0.22197864949703217,0.0833551590707431,1335,3451.4644194756556,1314.6666666666667,True,kept
manual_s34_cyst_0001,34,scene34,True,585.0,0.24110097528628582,0.22800682485103607,0.05870200430241252,1325,3423.7916981132075,1270.3333333333333,True,kept
manual_s34_cyst_0001,34,scene34,True,595.0,0.24453427061943464,0.2329929620027542,0.05988796483501091,1151,3487.3944396177235,1209.3333333333333,True,kept
manual_s34_cyst_0001,34,scene34,True,605.0,0.23835618678842568,0.23147832602262497,0.054332312300890175,1152,3444.5078125,1225.3333333333333,True,kept
manual_s34_cyst_0001,34,scene34,True,615.0,0.23794480561341844,0.2327699214220047,0.05860403232139971,1373,3458.0997815003643,1335.6666666666667,True,kept
manual_s34_cyst_0001,34,scene34,True,625.0,0.24118201879032872,0.2365356683731079,0.05466500427804935,1482,3525.84008097166,1439.3333333333333,True,kept
manual_s34_cyst_0001,34,scene34,True,635.0,0.25211533215546233,0.24534417688846588,0.04706317083505505,1463,3635.406698564593,1461.0,True,kept
manual_s34_cyst_0001,34,scene34,True,645.0,0.2678668812041654,0.2599439322948456,0.05380831761312614,1438,3719.6606397774685,1413.3333333333333,True,kept
manual_s34_cyst_0001,34,scene34,True,655.0,0.26256156220331045,0.25086358189582825,0.06028331359873216,1339,3912.724421209858,1327.6666666666667,True,kept
manual_s34_cyst_0001,34,scene34,True,665.0,0.2601622188738725,0.23470273613929749,0.07229950930729953,1206,3747.5771144278606,1127.0,True,kept
manual_s34_cyst_0001,34,scene34,True,675.0,0.24957833464065807,0.22764474898576736,0.06418597982377575,836,3366.212918660287,792.3333333333334,True,kept
manual_s34_cyst_0001,34,scene34,True,685.0,0.2774009181937175,0.2721266448497772,0.04686053001220585,335,2331.4656716417912,390.3333333333333,True,kept
manual_s34_cyst_0002,34,scene34,True,305.0,0.5858919875116537,0.56965571641922,0.08883150918918492,453,2746.863134657837,406.0,True,kept
manual_s34_cyst_0002,34,scene34,True,315.0,0.4909341473415581,0.47409898042678833,0.08525785134699887,684,3701.157894736842,662.0,True,kept
manual_s34_cyst_0002,34,scene34,True,325.0,0.44101833058049456,0.4116739332675934,0.09386664665330387,849,4210.157832744405,826.3333333333334,True,kept
manual_s34_cyst_0002,34,scene34,True,335.0,0.4141678549900619,0.3925427496433258,0.09580351273359215,946,4289.615221987315,937.6666666666666,True,kept
manual_s34_cyst_0002,34,scene34,True,345.0,0.3794256490316747,0.35554996132850647,0.0835910926720006,1018,4187.480353634578,1006.3333333333334,True,kept
manual_s34_cyst_0002,34,scene34,True,355.0,0.3411682512099144,0.32623589038848877,0.061727999263679466,1055,4122.271090047393,1054.3333333333333,True,kept
manual_s34_cyst_0002,34,scene34,True,365.0,0.32612642165991146,0.3106219172477722,0.06957087182341494,1090,4076.6366972477063,1011.6666666666666,True,kept
manual_s34_cyst_0002,34,scene34,True,375.0,0.31627112841338256,0.3038218021392822,0.07006584042540316,890,4134.712359550562,943.6666666666666,True,kept
manual_s34_cyst_0002,34,scene34,True,385.0,0.28672533654788407,0.28121936321258545,0.043298483931743514,851,4288.6063454759105,868.6666666666666,True,kept
manual_s34_cyst_0002,34,scene34,True,395.0,0.2673786252220242,0.26122474670410156,0.039778186558538084,865,4359.073988439306,867.3333333333334,True,kept
manual_s34_cyst_0002,34,scene34,True,405.0,0.25473085202226253,0.2514229416847229,0.037852786666139226,886,4367.687358916479,879.0,True,kept
manual_s34_cyst_0002,34,scene34,True,415.0,0.24706499804963378,0.2438739836215973,0.03797880043004244,886,4395.867945823928,883.6666666666666,True,kept
manual_s34_cyst_0002,34,scene34,True,425.0,0.232673850177498,0.22934716939926147,0.03597797486381951,879,4484.147895335609,883.0,True,kept
manual_s34_cyst_0002,34,scene34,True,435.0,0.22455472369336973,0.22069502621889114,0.032825176848185755,884,4524.197963800905,881.6666666666666,True,kept
manual_s34_cyst_0002,34,scene34,True,445.0,0.22121044248342514,0.2213071659207344,0.03191682077643006,882,4416.659863945578,881.3333333333334,True,kept
manual_s34_cyst_0002,34,scene34,True,455.0,0.22352889937121667,0.22219829261302948,0.03162913270355431,878,4355.914578587699,871.3333333333334,True,kept
manual_s34_cyst_0002,34,scene34,True,465.0,0.2131490478645443,0.21033547818660736,0.031082233577538323,854,4490.3594847775175,862.0,True,kept
manual_s34_cyst_0002,34,scene34,True,475.0,0.20738396732533565,0.2092232182621956,0.029368498358826656,854,4469.284543325527,851.6666666666666,True,kept
manual_s34_cyst_0002,34,scene34,True,485.0,0.20332989805634216,0.20579829812049866,0.02596450287307912,847,4441.603305785124,855.0,True,kept
manual_s34_cyst_0002,34,scene34,True,495.0,0.19864791661018022,0.2012675553560257,0.025263268212668496,864,4408.392361111111,864.6666666666666,True,kept
manual_s34_cyst_0002,34,scene34,True,505.0,0.19338412993795334,0.1949213594198227,0.029393862980826996,883,4463.286523216308,890.3333333333334,True,kept
manual_s34_cyst_0002,34,scene34,True,515.0,0.19096642152055518,0.19110792875289917,0.02799214468775433,924,4351.087662337663,916.3333333333334,True,kept
manual_s34_cyst_0002,34,scene34,True,525.0,0.1882133179536038,0.19091565907001495,0.02658320416545978,942,4393.405520169851,953.0,True,kept
manual_s34_cyst_0002,34,scene34,True,535.0,0.18973950098558495,0.1908307820558548,0.02136404827756504,993,4336.2416918429,969.6666666666666,True,kept
manual_s34_cyst_0002,34,scene34,True,545.0,0.19170746372465725,0.19225844740867615,0.022041672354648927,974,4271.334702258727,963.0,True,kept
manual_s34_cyst_0002,34,scene34,True,555.0,0.1822725176617277,0.18791387975215912,0.02707141439498934,922,4441.182212581345,914.0,True,kept
manual_s34_cyst_0002,34,scene34,True,565.0,0.1807542907307475,0.18467584997415543,0.02889115075265918,846,4422.755319148936,844.3333333333334,True,kept
manual_s34_cyst_0002,34,scene34,True,575.0,0.18046154528856279,0.18192990124225616,0.02798436356633721,765,4365.169934640523,759.3333333333334,True,kept
manual_s34_cyst_0002,34,scene34,True,585.0,0.1773497650380256,0.1750694215297699,0.025940571890747895,667,4209.652173913043,647.0,True,kept
manual_s34_cyst_0002,34,scene34,True,595.0,0.1894491821351829,0.18646493554115295,0.025066571791274302,509,3630.854616895874,480.3333333333333,True,kept
manual_s34_cyst_0003,34,scene34,True,805.0,0.26397880776945887,0.27020564675331116,0.046444023826599665,464,2673.7413793103447,381.0,True,kept
manual_s34_cyst_0003,34,scene34,True,815.0,0.22204852406394648,0.2097630351781845,0.04554305338428426,641,3461.739469578783,633.3333333333334,True,kept
manual_s34_cyst_0003,34,scene34,True,825.0,0.23245345672721382,0.22639043629169464,0.031081147993861174,795,3347.869182389937,796.3333333333334,True,kept
manual_s34_cyst_0003,34,scene34,True,835.0,0.23656987685784464,0.22342140972614288,0.04524298800766335,953,3310.9254984260233,931.3333333333334,True,kept
manual_s34_cyst_0003,34,scene34,True,845.0,0.23144928196420178,0.21508976072072983,0.05086870007423137,1046,3538.866156787763,1037.3333333333333,True,kept
manual_s34_cyst_0003,34,scene34,True,855.0,0.23765548180055746,0.2300286889076233,0.04732747228320825,1113,3529.4222821203953,1109.3333333333333,True,kept
manual_s34_cyst_0003,34,scene34,True,865.0,0.24453380341913275,0.23155154287815094,0.06600902911883179,1169,3585.059880239521,1155.0,True,kept
manual_s34_cyst_0003,34,scene34,True,875.0,0.24984249422233787,0.23955468833446503,0.06747088902878771,1183,3506.562130177515,1186.0,True,kept
manual_s34_cyst_0003,34,scene34,True,885.0,0.2662956464424062,0.24644094705581665,0.09059755334406015,1206,3372.207296849088,1189.0,True,kept
manual_s34_cyst_0003,34,scene34,True,895.0,0.2814388552044972,0.25701308250427246,0.08890398661123618,1178,3323.7979626485567,1178.6666666666667,True,kept
manual_s34_cyst_0003,34,scene34,True,905.0,0.27588946704701,0.25518326461315155,0.07843113627212166,1152,3434.7213541666665,1146.3333333333333,True,kept
manual_s34_cyst_0003,34,scene34,True,915.0,0.2757165460193125,0.25852373242378235,0.07986077290364385,1109,3433.8863841298466,1091.3333333333333,True,kept
manual_s34_cyst_0003,34,scene34,True,925.0,0.2869171037725729,0.27349933981895447,0.07836526685765864,1013,3397.9062191510366,1019.3333333333334,True,kept
manual_s34_cyst_0003,34,scene34,True,935.0,0.2914857098307365,0.2871823161840439,0.07505330476497978,936,3415.4818376068374,928.3333333333334,True,kept
manual_s34_cyst_0003,34,scene34,True,945.0,0.31080689003165257,0.30056674778461456,0.06805139889207229,836,3249.803827751196,817.3333333333334,True,kept
manual_s34_cyst_0003,34,scene34,True,955.0,0.33346440945478045,0.2982385754585266,0.09081480062564443,680,3252.985294117647,671.3333333333334,True,kept
manual_s34_cyst_0003,34,scene34,True,965.0,0.359799093151667,0.3226183205842972,0.09810428808044716,498,2927.253012048193,448.0,True,kept
manual_s34_cyst_0004,34,scene34,True,505.0,0.3192709616144056,0.3106079697608948,0.061692750828250646,629,3198.6613672496023,562.0,True,kept
manual_s34_cyst_0004,34,scene34,True,515.0,0.2554964887684789,0.23985299468040466,0.061780975068714196,870,4043.4436781609197,840.3333333333334,True,kept
manual_s34_cyst_0004,34,scene34,True,525.0,0.25492759807119164,0.23888596892356873,0.07671376092360217,1022,4119.1213307240705,1013.6666666666666,True,kept
manual_s34_cyst_0004,34,scene34,True,535.0,0.23281489176476283,0.2295115739107132,0.04745057475496725,1149,4216.756309834639,1147.3333333333333,True,kept
manual_s34_cyst_0004,34,scene34,True,545.0,0.2258303248675952,0.20990720391273499,0.052084601909830316,1271,4112.343823760818,1266.3333333333333,True,kept
manual_s34_cyst_0004,34,scene34,True,555.0,0.22384112927471062,0.20701736211776733,0.05570460378154339,1379,3953.844089920232,1350.0,True,kept
manual_s34_cyst_0004,34,scene34,True,565.0,0.21318530312606265,0.19695207476615906,0.05013003225590777,1400,3969.0607142857143,1406.3333333333333,True,kept
manual_s34_cyst_0004,34,scene34,True,575.0,0.21068274172850782,0.19686023145914078,0.05381507390479569,1440,3948.0444444444443,1453.3333333333333,True,kept
manual_s34_cyst_0004,34,scene34,True,585.0,0.21138528968746725,0.19424653053283691,0.05083773417551898,1520,3866.116447368421,1524.3333333333333,True,kept
manual_s34_cyst_0004,34,scene34,True,595.0,0.20603892469509597,0.19546815752983093,0.03986886153459897,1613,3924.008059516429,1589.3333333333333,True,kept
manual_s34_cyst_0004,34,scene34,True,605.0,0.19219299106422913,0.18587003648281097,0.030126017822739663,1635,4080.611009174312,1615.6666666666667,True,kept
manual_s34_cyst_0004,34,scene34,True,615.0,0.1772867107601968,0.17119000852108002,0.03206956406570113,1599,4276.358974358975,1578.3333333333333,True,kept
manual_s34_cyst_0004,34,scene34,True,625.0,0.1687743833448631,0.1643691062927246,0.033935973058016794,1501,4183.7801465689545,1482.6666666666667,True,kept
manual_s34_cyst_0004,34,scene34,True,635.0,0.1593875617827966,0.1541871502995491,0.0321513792178845,1348,3977.120919881306,1286.0,True,kept
manual_s34_cyst_0004,34,scene34,True,645.0,0.14441406040113675,0.1370757669210434,0.027961420297443147,1009,3998.1129831516355,1025.3333333333333,True,kept
manual_s34_cyst_0004,34,scene34,True,655.0,0.1664879056774028,0.16709758341312408,0.02784713762913565,719,2840.0041724617527,602.6666666666666,True,kept
manual_s34_cyst_0006,34,scene34,True,985.0,0.28585769538493716,0.2928495407104492,0.053210559854364715,340,2869.538235294118,296.3333333333333,True,kept
manual_s34_cyst_0006,34,scene34,True,995.0,0.21272220568997519,0.19638629257678986,0.045524890667292865,511,4059.2661448140902,494.6666666666667,True,kept
manual_s34_cyst_0006,34,scene34,True,1005.0,0.21051661872656613,0.1984892338514328,0.04644830782584866,633,4166.257503949447,626.0,True,kept
manual_s34_cyst_0006,34,scene34,True,1015.0,0.21514371299370108,0.20545904338359833,0.04346342188467442,734,4038.618528610354,728.6666666666666,True,kept
manual_s34_cyst_0006,34,scene34,True,1025.0,0.22179019405655517,0.21131610870361328,0.03859479306779765,819,3936.135531135531,818.0,True,kept
manual_s34_cyst_0006,34,scene34,True,1035.0,0.21222507192874193,0.20385274291038513,0.03990091082069587,901,4078.5105438401774,903.6666666666666,True,kept
manual_s34_cyst_0006,34,scene34,True,1045.0,0.2138532419678662,0.20964466035366058,0.04116465458756851,991,4017.249243188698,983.6666666666666,True,kept
manual_s34_cyst_0006,34,scene34,True,1055.0,0.21471333686645802,0.20916426181793213,0.04400933153229611,1059,4100.060434372049,1039.0,True,kept
manual_s34_cyst_0006,34,scene34,True,1065.0,0.21338279655634407,0.20598849654197693,0.044780455680652136,1067,4214.895032802249,1064.6666666666667,True,kept
manual_s34_cyst_0006,34,scene34,True,1075.0,0.2163863302058495,0.20775370299816132,0.051114223654438115,1068,4250.514981273408,1050.6666666666667,True,kept
manual_s34_cyst_0006,34,scene34,True,1085.0,0.21827084197495186,0.20761515200138092,0.05046960016048989,1017,4278.73058013766,1004.0,True,kept
manual_s34_cyst_0006,34,scene34,True,1095.0,0.23033105360972972,0.22268272936344147,0.05117611231680693,927,4144.0690399137,937.6666666666666,True,kept
manual_s34_cyst_0006,34,scene34,True,1105.0,0.23985758686161698,0.23142218589782715,0.05928254222585835,869,4079.138089758343,902.6666666666666,True,kept
manual_s34_cyst_0006,34,scene34,True,1115.0,0.24441635858659683,0.23033319413661957,0.05702689942196555,912,4102.257675438596,914.6666666666666,True,kept
manual_s34_cyst_0006,34,scene34,True,1125.0,0.25373325366159344,0.2408216893672943,0.05162619165895569,963,4054.2128764278295,959.3333333333334,True,kept
manual_s34_cyst_0006,34,scene34,True,1135.0,0.25609104928086074,0.2464100569486618,0.05409100726190985,1003,4147.687936191426,982.0,True,kept
manual_s34_cyst_0006,34,scene34,True,1145.0,0.26557922912191373,0.26261644065380096,0.04518649423370504,980,4005.0295918367347,968.3333333333334,True,kept
manual_s34_cyst_0006,34,scene34,True,1155.0,0.2676877518893581,0.2592870146036148,0.05349009168664126,922,3994.5054229934926,918.6666666666666,True,kept
manual_s34_cyst_0006,34,scene34,True,1165.0,0.2716356516582346,0.2667173147201538,0.03777277347148152,854,3886.1733021077284,849.3333333333334,True,kept
manual_s34_cyst_0006,34,scene34,True,1175.0,0.2786097528094455,0.2777591198682785,0.036773422570955665,772,3847.665803108808,751.3333333333334,True,kept
manual_s34_cyst_0006,34,scene34,True,1185.0,0.29595261237993364,0.29123879969120026,0.04387157976539502,628,3793.6560509554142,635.0,True,kept
manual_s34_cyst_0006,34,scene34,True,1195.0,0.3184489042747139,0.3129509389400482,0.0532019757667197,505,3543.7168316831685,496.6666666666667,True,kept
manual_s34_cyst_0006,34,scene34,True,1205.0,0.3112173247404125,0.3000914752483368,0.04545285335795694,357,3127.263305322129,316.0,True,kept
manual_s34_cyst_0007,34,scene34,True,695.0,0.174583716596802,0.17741040885448456,0.035933968661418215,461,3088.696312364425,412.6666666666667,True,kept
manual_s34_cyst_0007,34,scene34,True,705.0,0.15445463821407437,0.14333318173885345,0.03925798491965659,645,3886.593798449612,630.6666666666666,True,kept
manual_s34_cyst_0007,34,scene34,True,715.0,0.15294446352556462,0.1467125192284584,0.030838485306553167,786,4127.576335877862,763.6666666666666,True,kept
manual_s34_cyst_0007,34,scene34,True,725.0,0.15522571803871976,0.1521853357553482,0.028153158836268784,860,4275.339534883721,859.6666666666666,True,kept
manual_s34_cyst_0007,34,scene34,True,735.0,0.15832202936675388,0.15702201426029205,0.026766932289625688,933,4383.982851018221,931.0,True,kept
manual_s34_cyst_0007,34,scene34,True,745.0,0.1616595261618495,0.16120661050081253,0.027953732689652292,1000,4413.416,997.6666666666666,True,kept
manual_s34_cyst_0007,34,scene34,True,755.0,0.16508178402371002,0.16256603598594666,0.03012307231872305,1060,4475.156603773585,1064.3333333333333,True,kept
manual_s34_cyst_0007,34,scene34,True,765.0,0.16905579847486696,0.16475717723369598,0.03598383454590416,1133,4389.096204766108,1123.6666666666667,True,kept
manual_s34_cyst_0007,34,scene34,True,775.0,0.16006986441403778,0.1569855436682701,0.03843514102609397,1178,4787.58234295416,1173.0,True,kept
manual_s34_cyst_0007,34,scene34,True,785.0,0.15528421418506974,0.15035288780927658,0.03308178796154298,1208,4971.769867549669,1197.3333333333333,True,kept
manual_s34_cyst_0007,34,scene34,True,795.0,0.16873175015744088,0.16013123095035553,0.03229333801609586,1206,4735.130182421227,1197.3333333333333,True,kept
manual_s34_cyst_0007,34,scene34,True,805.0,0.17561961723102576,0.16567495465278625,0.03447216090950544,1178,4693.869269949067,1168.0,True,kept
manual_s34_cyst_0007,34,scene34,True,815.0,0.1773786016872951,0.16521093249320984,0.03807787916264447,1120,4564.094642857143,1093.3333333333333,True,kept
manual_s34_cyst_0007,34,scene34,True,825.0,0.17925478605261402,0.16560136526823044,0.03896847553890019,982,4426.085539714868,1008.3333333333334,True,kept
manual_s34_cyst_0007,34,scene34,True,835.0,0.17445550484427394,0.16568534076213837,0.040093799094517685,923,4513.755146262189,970.3333333333334,True,kept
manual_s34_cyst_0007,34,scene34,True,845.0,0.1724872105934511,0.15887048840522766,0.04158972598619935,1006,4550.437375745527,1015.3333333333334,True,kept
manual_s34_cyst_0007,34,scene34,True,855.0,0.17271554007152415,0.1648487150669098,0.03753387739241648,1117,4503.404655326768,1100.0,True,kept
manual_s34_cyst_0007,34,scene34,True,865.0,0.17420900651050403,0.1724112331867218,0.04258110725666175,1177,4562.034834324554,1195.6666666666667,True,kept
manual_s34_cyst_0007,34,scene34,True,875.0,0.1773887112828898,0.17833788692951202,0.041308324985775184,1293,4451.696055684455,1331.0,True,kept
manual_s34_cyst_0007,34,scene34,True,885.0,0.17758534769438947,0.18107418715953827,0.03720727347034458,1523,4438.911359159553,1429.0,True,kept
manual_s34_cyst_0007,34,scene34,True,895.0,0.17397177379444131,0.1782570779323578,0.046840344263612034,1471,4768.693405846363,1437.0,True,kept
manual_s34_cyst_0007,34,scene34,True,905.0,0.1853597962503281,0.18486471474170685,0.05225091892611471,1317,4844.381169324221,1324.0,True,kept
manual_s34_cyst_0007,34,scene34,True,915.0,0.18924539156157422,0.190046489238739,0.053109794309856045,1184,4944.64527027027,1195.3333333333333,True,kept
manual_s34_cyst_0007,34,scene34,True,925.0,0.18598592028639832,0.18197153508663177,0.055886818625116554,1085,4939.258064516129,1061.6666666666667,True,kept
manual_s34_cyst_0007,34,scene34,True,935.0,0.19755841708664812,0.18048566579818726,0.05699350963676656,916,4621.669213973799,893.3333333333334,True,kept
manual_s34_cyst_0007,34,scene34,True,945.0,0.24356176997144022,0.22918486595153809,0.06575990266382356,679,3439.821796759941,596.6666666666666,True,kept
manual_s34_cyst_0007,34,scene34,True,955.0,0.3545599842682863,0.3556373417377472,0.04673567606885769,195,2101.625641025641,291.3333333333333,True,kept
manual_s34_cyst_0008,34,scene34,True,935.0,0.26374412015829674,0.27075356245040894,0.04278922435246027,358,2647.0977653631285,309.6666666666667,True,kept
manual_s34_cyst_0008,34,scene34,True,945.0,0.18577974709425715,0.17241857200860977,0.04382577676558063,552,4018.7971014492755,524.0,True,kept
manual_s34_cyst_0008,34,scene34,True,955.0,0.1815822191558936,0.17328684777021408,0.03767320940856661,662,4179.747734138973,659.0,True,kept
manual_s34_cyst_0008,34,scene34,True,965.0,0.18592481063202823,0.18321146070957184,0.03501255936340585,763,4126.528178243774,753.6666666666666,True,kept
manual_s34_cyst_0008,34,scene34,True,975.0,0.17262285946017247,0.16871901601552963,0.02525048982823671,836,4337.087320574163,830.0,True,kept
manual_s34_cyst_0008,34,scene34,True,985.0,0.17198170174653282,0.17271524667739868,0.03087847423289614,891,4379.876543209876,885.0,True,kept
manual_s34_cyst_0008,34,scene34,True,995.0,0.1737253921957494,0.1745670586824417,0.031681895664282776,928,4363.4051724137935,903.3333333333334,True,kept
manual_s34_cyst_0008,34,scene34,True,1005.0,0.16980169135679968,0.16698792576789856,0.030433321890885944,891,4472.501683501683,901.6666666666666,True,kept
manual_s34_cyst_0008,34,scene34,True,1015.0,0.16985495954449237,0.17071940004825592,0.029398256676921985,886,4422.718961625282,884.3333333333334,True,kept
manual_s34_cyst_0008,34,scene34,True,1025.0,0.17176705415118232,0.17270708084106445,0.023557405563028978,876,4306.3949771689495,873.0,True,kept
manual_s34_cyst_0008,34,scene34,True,1035.0,0.16635620612281624,0.1667514443397522,0.025658111454638706,857,4531.249708284714,860.3333333333334,True,kept
manual_s34_cyst_0008,34,scene34,True,1045.0,0.170761020502673,0.17139219492673874,0.027254030822306596,848,4437.879716981132,853.0,True,kept
manual_s34_cyst_0008,34,scene34,True,1055.0,0.17433426951426811,0.17129231989383698,0.03051295992584825,854,4487.175644028103,849.0,True,kept
manual_s34_cyst_0008,34,scene34,True,1065.0,0.177509124250807,0.17458662390708923,0.03005638655251234,845,4404.016568047337,852.6666666666666,True,kept
manual_s34_cyst_0008,34,scene34,True,1075.0,0.18055094766394778,0.17511838674545288,0.02910717898696426,859,4439.8533178114085,861.0,True,kept
manual_s34_cyst_0008,34,scene34,True,1085.0,0.19176321346164427,0.1889657825231552,0.02754283174522476,879,4163.82707622298,883.0,True,kept
manual_s34_cyst_0008,34,scene34,True,1095.0,0.19211199912360158,0.18985167145729065,0.026523989270656585,911,4135.222832052689,911.6666666666666,True,kept
manual_s34_cyst_0008,34,scene34,True,1105.0,0.19280736978564944,0.19086724519729614,0.027400811705567983,945,4121.029629629629,945.3333333333334,True,kept
manual_s34_cyst_0008,34,scene34,True,1115.0,0.19566938167019765,0.19377468526363373,0.02547065556722285,980,4012.3061224489797,968.0,True,kept
manual_s34_cyst_0008,34,scene34,True,1125.0,0.19874743391227917,0.1972576081752777,0.02683999559471003,979,4023.585291113381,969.0,True,kept
manual_s34_cyst_0008,34,scene34,True,1135.0,0.21085651231465963,0.21213816851377487,0.03443969796033529,948,3941.7383966244724,946.0,True,kept
manual_s34_cyst_0008,34,scene34,True,1145.0,0.2145866470985957,0.21494346857070923,0.02869376402907851,911,3883.172338090011,951.6666666666666,True,kept
manual_s34_cyst_0008,34,scene34,True,1155.0,0.21700374518771726,0.21606186032295227,0.022649813153856748,996,3826.64156626506,1039.6666666666667,True,kept
manual_s34_cyst_0008,34,scene34,True,1165.0,0.22466791134708786,0.22282881289720535,0.026044090790533197,1212,3831.4092409240925,1165.3333333333333,True,kept
manual_s34_cyst_0008,34,scene34,True,1175.0,0.23348048430005586,0.22950849682092667,0.030420939965031545,1288,3819.8928571428573,1256.0,True,kept
manual_s34_cyst_0008,34,scene34,True,1185.0,0.250501805898801,0.2430879846215248,0.03366744514717668,1268,3721.1214511041007,1258.0,True,kept
manual_s34_cyst_0008,34,scene34,True,1195.0,0.25924579463960307,0.24803021550178528,0.041717652352501716,1218,3736.3349753694583,1203.6666666666667,True,kept
manual_s34_cyst_0008,34,scene34,True,1205.0,0.27660274301634896,0.26967835426330566,0.050802146852813666,1125,3659.6355555555556,1116.6666666666667,True,kept
manual_s34_cyst_0008,34,scene34,True,1215.0,0.2818528436856805,0.27457162737846375,0.04452710744554928,1007,3547.682224428997,962.3333333333334,True,kept
manual_s34_cyst_0008,34,scene34,True,1225.0,0.2924457435773698,0.28096598386764526,0.0495793923574044,755,3213.3350993377485,705.6666666666666,True,kept
manual_s34_cyst_0008,34,scene34,True,1235.0,0.335311021981105,0.3339906334877014,0.048053147961386,355,2432.03661971831,370.0,True,kept
manual_s34_cyst_0009,34,scene34,True,895.0,0.23195540999221578,0.23745417594909668,0.03780773246335672,427,3088.3911007025763,369.3333333333333,True,kept
manual_s34_cyst_0009,34,scene34,True,905.0,0.17409401394292687,0.16339167952537537,0.04505334661554983,611,4721.165302782324,600.6666666666666,True,kept
manual_s34_cyst_0009,34,scene34,True,915.0,0.16003515747868266,0.1540396362543106,0.031996817206116274,764,5003.103403141361,749.6666666666666,True,kept
manual_s34_cyst_0009,34,scene34,True,925.0,0.1682782203589888,0.16577605158090591,0.030461035147339534,874,4787.16933638444,869.3333333333334,True,kept
manual_s34_cyst_0009,34,scene34,True,935.0,0.16902239253533255,0.16924529522657394,0.02937361428625809,970,4661.612371134021,962.0,True,kept
manual_s34_cyst_0009,34,scene34,True,945.0,0.16339366837277752,0.16685650497674942,0.02805543108822292,1042,4559.996161228407,1032.6666666666667,True,kept
manual_s34_cyst_0009,34,scene34,True,955.0,0.17176980624047433,0.16964828968048096,0.028437198603262694,1086,4384.137200736648,1052.3333333333333,True,kept
manual_s34_cyst_0009,34,scene34,True,965.0,0.17652046162747317,0.17327982187271118,0.030800083814501222,1029,4427.842565597668,1032.6666666666667,True,kept
manual_s34_cyst_0009,34,scene34,True,975.0,0.18196570005415658,0.18016447126865387,0.03435253904554118,983,4457.274669379451,997.0,True,kept
manual_s34_cyst_0009,34,scene34,True,985.0,0.180490966676996,0.18114455044269562,0.03227307762054398,979,4504.967313585291,978.6666666666666,True,kept
manual_s34_cyst_0009,34,scene34,True,995.0,0.18498628913162915,0.18972612917423248,0.03322334602867793,974,4470.219712525667,981.3333333333334,True,kept
manual_s34_cyst_0009,34,scene34,True,1005.0,0.18907859099711227,0.19774331152439117,0.0356561677887888,991,4403.317860746721,992.3333333333334,True,kept
manual_s34_cyst_0009,34,scene34,True,1015.0,0.19379220659229832,0.19519399851560593,0.03137044598519421,1012,4323.326086956522,1009.3333333333334,True,kept
manual_s34_cyst_0009,34,scene34,True,1025.0,0.19561490686928354,0.1936880350112915,0.03190896227906291,1025,4262.840975609756,1017.0,True,kept
manual_s34_cyst_0009,34,scene34,True,1035.0,0.19751403638009254,0.19630660116672516,0.02799185730015385,1014,4200.456607495069,1016.0,True,kept
manual_s34_cyst_0009,34,scene34,True,1045.0,0.20652194539725605,0.20479215681552887,0.03064627300975167,1009,4009.579781962339,1007.3333333333334,True,kept
manual_s34_cyst_0009,34,scene34,True,1055.0,0.20618018757055948,0.20475326478481293,0.03731427068214286,999,4073.103103103103,1012.3333333333334,True,kept
manual_s34_cyst_0009,34,scene34,True,1065.0,0.21066777497906494,0.21057939529418945,0.03624206639566989,1029,3951.883381924198,1035.6666666666667,True,kept
manual_s34_cyst_0009,34,scene34,True,1075.0,0.21588299544985587,0.2149011790752411,0.041326285309857685,1079,3886.247451343837,1046.6666666666667,True,kept
manual_s34_cyst_0009,34,scene34,True,1085.0,0.21352187317413415,0.2141677364706993,0.04756550626451964,1032,4042.389534883721,1020.6666666666666,True,kept
manual_s34_cyst_0009,34,scene34,True,1095.0,0.21543187620637294,0.21240673959255219,0.03326998472094364,951,3945.225026288118,959.6666666666666,True,kept
manual_s34_cyst_0009,34,scene34,True,1105.0,0.22232357031732267,0.21621693670749664,0.0405530203925881,896,3878.7645089285716,870.0,True,kept
manual_s34_cyst_0009,34,scene34,True,1115.0,0.2306355145390037,0.22993113100528717,0.035059410390559174,763,3749.4770642201834,771.0,True,kept
manual_s34_cyst_0009,34,scene34,True,1125.0,0.23648341020586294,0.22847826033830643,0.041297496806361536,654,3575.577981651376,647.0,True,kept
manual_s34_cyst_0009,34,scene34,True,1135.0,0.2614480731653348,0.25287699699401855,0.04502344960036424,524,3203.4408396946565,505.3333333333333,True,kept
manual_s34_cyst_0009,34,scene34,True,1145.0,0.2997458460327436,0.2951328605413437,0.042449873379916486,338,2651.5384615384614,312.6666666666667,True,kept
manual_s35_cyst_0001,35,scene35,True,565.0,0.49077845519883717,0.4834408760070801,0.0923193914850898,639,2907.5195618153366,527.6666666666666,True,kept
manual_s35_cyst_0001,35,scene35,True,575.0,0.3906021605838429,0.36315329372882843,0.09527506370256808,814,4260.5687960687965,795.3333333333334,True,kept
manual_s35_cyst_0001,35,scene35,True,585.0,0.3570205475995267,0.3357684314250946,0.07471935768299477,933,4393.793140407288,919.6666666666666,True,kept
manual_s35_cyst_0001,35,scene35,True,595.0,0.35384488211790094,0.3403993397951126,0.051908844317032,1012,4169.829051383399,1005.0,True,kept
manual_s35_cyst_0001,35,scene35,True,605.0,0.32379077505842546,0.31233176589012146,0.05162112025099878,1070,4180.665420560747,1065.6666666666667,True,kept
manual_s35_cyst_0001,35,scene35,True,615.0,0.30742299067599893,0.29468342661857605,0.053385647356197066,1115,4189.031390134529,1096.6666666666667,True,kept
manual_s35_cyst_0001,35,scene35,True,625.0,0.2919492306752442,0.27797773480415344,0.054865424321225785,1105,4268.245248868779,1025.6666666666667,True,kept
manual_s35_cyst_0001,35,scene35,True,635.0,0.29672718322819563,0.28741568326950073,0.04656528392251305,857,4152.913652275379,949.3333333333334,True,kept
manual_s35_cyst_0001,35,scene35,True,645.0,0.2900648763567277,0.27743208408355713,0.051745869548593074,886,4168.573363431151,881.3333333333334,True,kept
manual_s35_cyst_0001,35,scene35,True,655.0,0.26907519524819845,0.2644529938697815,0.0368656340532621,901,4202.659267480577,897.0,True,kept
manual_s35_cyst_0001,35,scene35,True,665.0,0.26137089544692926,0.2533509433269501,0.03866356532354077,904,4177.240044247787,900.6666666666666,True,kept
manual_s35_cyst_0001,35,scene35,True,675.0,0.25618465123500844,0.246805340051651,0.04086370463799468,897,4178.296544035675,890.0,True,kept
manual_s35_cyst_0001,35,scene35,True,685.0,0.2440542885294169,0.2369556725025177,0.04226612163295287,869,4313.199079401611,880.0,True,kept
manual_s35_cyst_0001,35,scene35,True,695.0,0.23310098884034758,0.22794820368289948,0.038864744336348477,874,4426.072082379863,879.3333333333334,True,kept
manual_s35_cyst_0001,35,scene35,True,705.0,0.22613242556595936,0.22233833372592926,0.031631265963328964,895,4447.62346368715,887.6666666666666,True,kept
manual_s35_cyst_0001,35,scene35,True,715.0,0.22930770844087772,0.2244253009557724,0.0360648857315731,894,4372.815436241611,892.6666666666666,True,kept
manual_s35_cyst_0001,35,scene35,True,725.0,0.22828624460372668,0.2196619063615799,0.04007186305280306,889,4393.287964004499,890.3333333333334,True,kept
manual_s35_cyst_0001,35,scene35,True,735.0,0.22684516386875697,0.22004520893096924,0.03750210971585147,888,4327.076576576576,881.3333333333334,True,kept
manual_s35_cyst_0001,35,scene35,True,745.0,0.213233742128194,0.20508798956871033,0.039968254043642445,867,4453.622837370242,867.3333333333334,True,kept
manual_s35_cyst_0001,35,scene35,True,755.0,0.21128150697582024,0.20158585906028748,0.038065641746761976,847,4317.048406139315,854.0,True,kept
manual_s35_cyst_0001,35,scene35,True,765.0,0.20634555215683748,0.2016633227467537,0.03235794353980674,848,4375.298349056604,849.3333333333334,True,kept
manual_s35_cyst_0001,35,scene35,True,775.0,0.20149811531077516,0.1946953982114792,0.032085802622813034,853,4375.79366940211,853.3333333333334,True,kept
manual_s35_cyst_0001,35,scene35,True,785.0,0.19626678495176736,0.19036775827407837,0.032486518695483003,859,4376.996507566938,865.6666666666666,True,kept
manual_s35_cyst_0001,35,scene35,True,795.0,0.20020962307008647,0.19362200796604156,0.031072354347904268,885,4179.863276836159,904.3333333333334,True,kept
manual_s35_cyst_0001,35,scene35,True,805.0,0.19712444066509252,0.1954938769340515,0.027392464944444073,969,4169.47471620227,945.0,True,kept
manual_s35_cyst_0001,35,scene35,True,815.0,0.19577027125156862,0.19378790259361267,0.02535022258813596,981,4089.939857288481,972.6666666666666,True,kept
manual_s35_cyst_0001,35,scene35,True,825.0,0.19562478703716077,0.19653090089559555,0.023497933641171725,968,4049.680785123967,945.0,True,kept
manual_s35_cyst_0001,35,scene35,True,835.0,0.19816370321853974,0.19871185719966888,0.030191669678878486,886,4058.7415349887133,881.3333333333334,True,kept
manual_s35_cyst_0001,35,scene35,True,845.0,0.192906759886802,0.19127845764160156,0.026135122370592085,790,4013.7708860759494,789.6666666666666,True,kept
manual_s35_cyst_0001,35,scene35,True,855.0,0.18830475925023077,0.18082034587860107,0.02972430520259422,693,3837.011544011544,677.6666666666666,True,kept
manual_s35_cyst_0001,35,scene35,True,865.0,0.19531565243547613,0.19150929898023605,0.03589558464113918,550,3380.8345454545456,502.0,True,kept
manual_s35_cyst_0002,35,scene35,True,325.0,0.5708475530739162,0.5661943554878235,0.07073770530304122,403,2819.2952853598017,404.3333333333333,True,kept
manual_s35_cyst_0002,35,scene35,True,335.0,0.5131390686737727,0.5136691331863403,0.0725569747479364,733,3406.3137789904504,682.6666666666666,True,kept
manual_s35_cyst_0002,35,scene35,True,345.0,0.4794747437628215,0.4495637118816376,0.11157199156429284,912,3880.434210526316,886.0,True,kept
manual_s35_cyst_0002,35,scene35,True,355.0,0.42272182404700764,0.4007744789123535,0.08017802451141721,1013,4258.985192497532,1003.3333333333334,True,kept
manual_s35_cyst_0002,35,scene35,True,365.0,0.38990363794537736,0.37416309118270874,0.06258960722768751,1085,4247.385253456221,1079.3333333333333,True,kept
manual_s35_cyst_0002,35,scene35,True,375.0,0.36567768125157607,0.35411348938941956,0.0686333626669123,1140,4216.678947368421,1132.6666666666667,True,kept
manual_s35_cyst_0002,35,scene35,True,385.0,0.3461123906768293,0.3344361484050751,0.057373130720444115,1173,4064.12958226769,1140.6666666666667,True,kept
manual_s35_cyst_0002,35,scene35,True,395.0,0.329105720716731,0.31623733043670654,0.05806473477841373,1109,4107.085662759243,1058.0,True,kept
manual_s35_cyst_0002,35,scene35,True,405.0,0.32146783969928866,0.3056204169988632,0.05903140385467422,892,4190.487668161435,949.3333333333334,True,kept
manual_s35_cyst_0002,35,scene35,True,415.0,0.3144928987501926,0.29747694730758667,0.06592288868540963,847,4267.051948051948,865.0,True,kept
manual_s35_cyst_0002,35,scene35,True,425.0,0.3013962841653657,0.28537194430828094,0.0680860293815582,856,4308.619158878505,858.0,True,kept
manual_s35_cyst_0002,35,scene35,True,435.0,0.2969698899785906,0.2843533158302307,0.04811004065917145,871,4216.115958668198,872.3333333333334,True,kept
manual_s35_cyst_0002,35,scene35,True,445.0,0.27565970511248944,0.2679550349712372,0.049111635729006044,890,4346.2561797752805,880.3333333333334,True,kept
manual_s35_cyst_0002,35,scene35,True,455.0,0.2553926364264705,0.24380557984113693,0.053858022995909104,880,4433.776136363636,875.6666666666666,True,kept
manual_s35_cyst_0002,35,scene35,True,465.0,0.24519647932595104,0.23491035401821136,0.048436905534513644,857,4594.9171528588095,862.3333333333334,True,kept
manual_s35_cyst_0002,35,scene35,True,475.0,0.24415557051406186,0.23315326869487762,0.044431246637793916,850,4522.048235294118,857.6666666666666,True,kept
manual_s35_cyst_0002,35,scene35,True,485.0,0.24338116138898197,0.23246058821678162,0.04917387028428757,866,4445.836027713626,862.6666666666666,True,kept
manual_s35_cyst_0002,35,scene35,True,495.0,0.22702293058669348,0.21870910376310349,0.043056483408584444,872,4543.0447247706425,868.6666666666666,True,kept
manual_s35_cyst_0002,35,scene35,True,505.0,0.22674594314828997,0.2170984074473381,0.04855666184054207,868,4592.152073732719,867.0,True,kept
manual_s35_cyst_0002,35,scene35,True,515.0,0.2267678130275281,0.21730536222457886,0.04436780838212781,861,4487.1056910569105,862.0,True,kept
manual_s35_cyst_0002,35,scene35,True,525.0,0.2110656652177924,0.20433008670806885,0.04238974737141989,857,4501.093348891482,856.3333333333334,True,kept
manual_s35_cyst_0002,35,scene35,True,535.0,0.20252142576927584,0.19786803424358368,0.039038889641629104,851,4520.856639247943,858.0,True,kept
manual_s35_cyst_0002,35,scene35,True,545.0,0.2039303713355549,0.20080507546663284,0.03717335563635648,866,4430.965357967668,870.3333333333334,True,kept
manual_s35_cyst_0002,35,scene35,True,555.0,0.20584701491682322,0.20436112582683563,0.032712261459038314,894,4394.270693512304,902.6666666666666,True,kept
manual_s35_cyst_0002,35,scene35,True,565.0,0.20653672940746137,0.2003631591796875,0.0372499626673181,948,4297.8301687763715,980.3333333333334,True,kept
manual_s35_cyst_0002,35,scene35,True,575.0,0.20044035926203602,0.19937367737293243,0.030068637355707268,1099,4315.598726114649,1040.3333333333333,True,kept
manual_s35_cyst_0002,35,scene35,True,585.0,0.19637658646819312,0.1935410052537918,0.02684101511996403,1074,4290.2895716945995,1061.0,True,kept
manual_s35_cyst_0002,35,scene35,True,595.0,0.18552122121990317,0.18100682646036148,0.029241354518996086,1010,4334.60396039604,1005.6666666666666,True,kept
manual_s35_cyst_0002,35,scene35,True,605.0,0.17818092101224622,0.17634065449237823,0.028385239989504013,933,4232.991425509111,926.0,True,kept
manual_s35_cyst_0002,35,scene35,True,615.0,0.17179125403751155,0.16489706933498383,0.029182846413057285,835,4124.802395209581,821.3333333333334,True,kept
manual_s35_cyst_0002,35,scene35,True,625.0,0.17202646195374685,0.1644861251115799,0.030672997051724597,696,3863.5905172413795,674.3333333333334,True,kept
manual_s35_cyst_0002,35,scene35,True,635.0,0.20861365979279928,0.2091512754559517,0.03134189144552822,492,2598.9837398373984,416.6666666666667,True,kept
manual_s35_cyst_0003,35,scene35,True,865.0,0.3812942463468141,0.3854033052921295,0.05186528169030592,367,2158.4223433242505,415.6666666666667,True,kept
manual_s35_cyst_0003,35,scene35,True,875.0,0.28559169456024064,0.27489225566387177,0.07258253962699011,880,3411.8113636363637,773.6666666666666,True,kept
manual_s35_cyst_0003,35,scene35,True,885.0,0.24496835840647446,0.22153086960315704,0.07689551353225617,1074,4461.617318435754,1066.6666666666667,True,kept
manual_s35_cyst_0003,35,scene35,True,895.0,0.25308412747580206,0.2308819741010666,0.06787490836606268,1246,4403.2969502407705,1236.0,True,kept
manual_s35_cyst_0003,35,scene35,True,905.0,0.25403301524111105,0.23953431099653244,0.051838812489493534,1388,4198.1419308357345,1363.3333333333333,True,kept
manual_s35_cyst_0003,35,scene35,True,915.0,0.2426524110813881,0.23135624825954437,0.05042393948664731,1456,4138.771291208791,1453.0,True,kept
manual_s35_cyst_0003,35,scene35,True,925.0,0.23872008905945832,0.22732403874397278,0.049445058887195824,1515,3958.13201320132,1446.0,True,kept
manual_s35_cyst_0003,35,scene35,True,935.0,0.23968990055548509,0.2291065752506256,0.05034996723060751,1367,3865.0738844184343,1321.0,True,kept
manual_s35_cyst_0003,35,scene35,True,945.0,0.2438803657020936,0.2368551790714264,0.04399662238562054,1081,3847.6022201665123,1298.0,True,kept
manual_s35_cyst_0003,35,scene35,True,955.0,0.2399667305652861,0.2322596162557602,0.042345568033005716,1446,3810.159059474412,1387.0,True,kept
manual_s35_cyst_0003,35,scene35,True,965.0,0.23512452800679529,0.22804778814315796,0.04032787185629986,1634,3941.4149326805386,1553.0,True,kept
manual_s35_cyst_0003,35,scene35,True,975.0,0.2358391464813515,0.23293092846870422,0.03608940906860609,1579,4071.545281823939,1565.6666666666667,True,kept
manual_s35_cyst_0003,35,scene35,True,985.0,0.2203247253243332,0.21887297928333282,0.03345493710567197,1484,4400.89218328841,1485.6666666666667,True,kept
manual_s35_cyst_0003,35,scene35,True,995.0,0.20225137962800702,0.19698157906532288,0.03371716570608777,1394,4457.3278335724535,1368.3333333333333,True,kept
manual_s35_cyst_0003,35,scene35,True,1005.0,0.18418147662060963,0.16754288971424103,0.04714905462545095,1227,4339.062754686227,1179.0,True,kept
manual_s35_cyst_0003,35,scene35,True,1015.0,0.18867667548879005,0.1815379187464714,0.04304959805595659,916,3457.508733624454,824.3333333333334,True,kept
manual_s35_cyst_0003,35,scene35,True,1025.0,0.23404533953377696,0.22985229641199112,0.027599574595713973,330,2114.2515151515154,415.3333333333333,True,kept
manual_s35_cyst_0004,35,scene35,True,605.0,0.28972678756537407,0.2979818433523178,0.06353105849926091,608,2547.65625,623.3333333333334,True,kept
manual_s35_cyst_0004,35,scene35,True,615.0,0.23984967482534128,0.23126128315925598,0.058553838665566404,1181,3412.910245554615,1045.0,True,kept
manual_s35_cyst_0004,35,scene35,True,625.0,0.2207367666907066,0.20880672335624695,0.05728613411478249,1346,4017.6441307578007,1332.0,True,kept
manual_s35_cyst_0004,35,scene35,True,635.0,0.2252632902239033,0.20926006138324738,0.051690725093279766,1469,4015.1068754254593,1455.6666666666667,True,kept
manual_s35_cyst_0004,35,scene35,True,645.0,0.2328496396964051,0.2282818704843521,0.040951889160829154,1552,3675.0921391752577,1553.0,True,kept
manual_s35_cyst_0004,35,scene35,True,655.0,0.2297693533283887,0.21852748095989227,0.047698770044513825,1638,3539.2655677655675,1620.0,True,kept
manual_s35_cyst_0004,35,scene35,True,665.0,0.21936784536538723,0.20830070227384567,0.04077644295524833,1670,3532.025748502994,1551.0,True,kept
manual_s35_cyst_0004,35,scene35,True,675.0,0.21615258465247528,0.2073207050561905,0.038254606313510194,1345,3513.1092936802975,1311.6666666666667,True,kept
manual_s35_cyst_0004,35,scene35,True,685.0,0.22914605637931307,0.21625050157308578,0.05737151607782132,920,3454.8597826086957,1191.6666666666667,True,kept
manual_s35_cyst_0004,35,scene35,True,695.0,0.22318701905603627,0.21275898814201355,0.04612509656460426,1310,3468.6763358778626,1319.3333333333333,True,kept
manual_s35_cyst_0004,35,scene35,True,705.0,0.22178084099734272,0.21185246855020523,0.04038299434972766,1728,3448.775462962963,1587.0,True,kept
manual_s35_cyst_0004,35,scene35,True,715.0,0.22543427769313076,0.2176203727722168,0.041044858324008456,1723,3536.363319791062,1711.3333333333333,True,kept
manual_s35_cyst_0004,35,scene35,True,725.0,0.22620791208333227,0.22470927238464355,0.03412684396168349,1683,3619.8877005347595,1664.3333333333333,True,kept
manual_s35_cyst_0004,35,scene35,True,735.0,0.21185949627866366,0.20664365589618683,0.037774778347203365,1587,3803.2457466918713,1572.0,True,kept
manual_s35_cyst_0004,35,scene35,True,745.0,0.19321772702460796,0.18424545228481293,0.036414217235456674,1446,3825.932918395574,1423.6666666666667,True,kept
manual_s35_cyst_0004,35,scene35,True,755.0,0.18309709457424808,0.17342491447925568,0.03753424073844556,1238,3450.6849757673667,1132.3333333333333,True,kept
manual_s35_cyst_0004,35,scene35,True,765.0,0.19643514997327144,0.1913561373949051,0.03641662478733236,713,2679.562412342216,683.6666666666666,True,kept
manual_s35_cyst_0005,35,scene35,True,795.0,0.17166658864206238,0.16678133606910706,0.03155250382396973,477,2473.620545073375,433.0,True,kept
manual_s35_cyst_0005,35,scene35,True,805.0,0.15881221465655226,0.15639112889766693,0.023256330499235468,670,2719.779104477612,631.6666666666666,True,kept
manual_s35_cyst_0005,35,scene35,True,815.0,0.16070572248993711,0.16124128550291061,0.023402932321073697,748,2851.8435828877004,746.3333333333334,True,kept
manual_s35_cyst_0005,35,scene35,True,825.0,0.16063417801939758,0.1612454056739807,0.023150849582534744,821,2975.4579780755175,834.3333333333334,True,kept
manual_s35_cyst_0005,35,scene35,True,835.0,0.16335219846803065,0.16418274492025375,0.02229734351012815,934,3027.245182012848,918.0,True,kept
manual_s35_cyst_0005,35,scene35,True,845.0,0.16185662767908596,0.16044896841049194,0.02148796338954093,999,3136.3063063063064,989.0,True,kept
manual_s35_cyst_0005,35,scene35,True,855.0,0.16276173148037618,0.16151001304388046,0.01709749373818968,1034,3162.1972920696326,1042.3333333333333,True,kept
manual_s35_cyst_0005,35,scene35,True,865.0,0.16059923105936164,0.1585129275918007,0.020057300133027395,1094,3180.4250457038393,1090.3333333333333,True,kept
manual_s35_cyst_0005,35,scene35,True,875.0,0.16141881319194745,0.15817080438137054,0.02594342603986218,1143,3208.2029746281714,1133.6666666666667,True,kept
manual_s35_cyst_0005,35,scene35,True,885.0,0.16773191269141496,0.16601242125034332,0.02633181297738409,1164,3160.183848797251,1153.3333333333333,True,kept
manual_s35_cyst_0005,35,scene35,True,895.0,0.17565836065351084,0.17126885056495667,0.0270680478807897,1153,3187.7259323503904,1156.0,True,kept
manual_s35_cyst_0005,35,scene35,True,905.0,0.17598050356325537,0.17362533509731293,0.029370417974409705,1151,3253.7628149435272,1153.6666666666667,True,kept
manual_s35_cyst_0005,35,scene35,True,915.0,0.1756559481382267,0.1785304844379425,0.029222146311885706,1157,3380.28867761452,1158.3333333333333,True,kept
manual_s35_cyst_0005,35,scene35,True,925.0,0.1765448238250529,0.17732778191566467,0.028299236418436673,1167,3458.48500428449,1166.0,True,kept
manual_s35_cyst_0005,35,scene35,True,935.0,0.17979499811919017,0.18570576608181,0.031153427025137775,1174,3451.643100511073,1173.3333333333333,True,kept
manual_s35_cyst_0005,35,scene35,True,945.0,0.18492492369239466,0.18584345281124115,0.026530762700791813,1179,3397.208651399491,1189.6666666666667,True,kept
manual_s35_cyst_0005,35,scene35,True,955.0,0.19494990009422364,0.19284933060407639,0.02803898856507116,1216,3293.3643092105262,1225.3333333333333,True,kept
manual_s35_cyst_0005,35,scene35,True,965.0,0.1896082903087651,0.18987539410591125,0.027109258839536094,1281,3360.647150663544,1259.6666666666667,True,kept
manual_s35_cyst_0005,35,scene35,True,975.0,0.19252092692297817,0.1892785057425499,0.027455699499867862,1282,3363.964898595944,1276.6666666666667,True,kept
manual_s35_cyst_0005,35,scene35,True,985.0,0.1921536681766386,0.1902349442243576,0.034317742364630574,1267,3441.7253354380427,1274.0,True,kept
manual_s35_cyst_0005,35,scene35,True,995.0,0.1931452843282322,0.19016508758068085,0.03940914773031561,1273,3393.750981932443,1251.6666666666667,True,kept
manual_s35_cyst_0005,35,scene35,True,1005.0,0.19575156757738366,0.19486713409423828,0.03355246091156543,1215,3280.7119341563784,1209.3333333333333,True,kept
manual_s35_cyst_0005,35,scene35,True,1015.0,0.20626566589140055,0.2051125392317772,0.03771091720788732,1140,3045.317543859649,1135.3333333333333,True,kept
manual_s35_cyst_0005,35,scene35,True,1025.0,0.2100683140198919,0.2063249796628952,0.04285840053628853,1051,2916.8658420551856,1129.0,True,kept
manual_s35_cyst_0005,35,scene35,True,1035.0,0.20595381231386725,0.19932082295417786,0.03717115298418106,1196,3002.373745819398,1283.0,True,kept
manual_s35_cyst_0005,35,scene35,True,1045.0,0.19921142311671403,0.19716861099004745,0.02990250170865702,1602,3149.8932584269664,1472.6666666666667,True,kept
manual_s35_cyst_0005,35,scene35,True,1055.0,0.19995490177821965,0.19755727797746658,0.024510625183736676,1620,3104.7925925925924,1578.6666666666667,True,kept
manual_s35_cyst_0005,35,scene35,True,1065.0,0.20291976145464963,0.19768241047859192,0.031032703608800796,1514,3120.1664464993396,1525.3333333333333,True,kept
manual_s35_cyst_0005,35,scene35,True,1075.0,0.20392232047246664,0.19718784093856812,0.03482850203326161,1442,3112.0478502080446,1448.3333333333333,True,kept
manual_s35_cyst_0005,35,scene35,True,1085.0,0.1979919427307155,0.19351893663406372,0.033114687612999856,1389,3118.049676025918,1373.6666666666667,True,kept
manual_s35_cyst_0005,35,scene35,True,1095.0,0.2003401987312376,0.19491685181856155,0.03938559674852858,1290,3021.196124031008,1250.3333333333333,True,kept
manual_s35_cyst_0005,35,scene35,True,1105.0,0.22034640275219927,0.21720287203788757,0.03553418235408633,1072,2663.9757462686566,1008.6666666666666,True,kept
manual_s35_cyst_0005,35,scene35,True,1115.0,0.232458982706429,0.23051098734140396,0.03255035565666865,664,2430.742469879518,661.6666666666666,True,kept
manual_s35_cyst_0005,35,scene35,True,1125.0,0.25108730810952473,0.24625098705291748,0.04744977901771531,249,2297.4939759036147,310.3333333333333,True,kept
manual_s35_cyst_0006,35,scene35,True,985.0,0.19570530629820293,0.1739422231912613,0.052333902894765444,450,3421.097777777778,423.0,True,kept
manual_s35_cyst_0006,35,scene35,True,995.0,0.19219321656701124,0.18422585725784302,0.04658216037527683,591,3636.2148900169204,578.6666666666666,True,kept
manual_s35_cyst_0006,35,scene35,True,1005.0,0.1909660811046902,0.18277853727340698,0.04036579212254542,695,3710.36690647482,682.3333333333334,True,kept
manual_s35_cyst_0006,35,scene35,True,1015.0,0.19220539473202788,0.18629342317581177,0.035544093892394296,761,3706.9211563731933,755.0,True,kept
manual_s35_cyst_0006,35,scene35,True,1025.0,0.1974985064070658,0.18635401129722595,0.036363624346050484,809,3620.1458590852903,816.3333333333334,True,kept
manual_s35_cyst_0006,35,scene35,True,1035.0,0.19473289487304948,0.18641382455825806,0.040566932920988966,879,3704.172923777019,862.6666666666666,True,kept
manual_s35_cyst_0006,35,scene35,True,1045.0,0.19647128099368677,0.19563574343919754,0.03841533305641827,900,3733.96,885.6666666666666,True,kept
manual_s35_cyst_0006,35,scene35,True,1055.0,0.19695019089788673,0.1985146701335907,0.035108602843144855,878,3715.526195899772,879.0,True,kept
manual_s35_cyst_0006,35,scene35,True,1065.0,0.20219694536799462,0.2037186175584793,0.032960824302233606,859,3672.8335273573925,890.3333333333334,True,kept
manual_s35_cyst_0006,35,scene35,True,1075.0,0.2047011329606973,0.20795686542987823,0.03982751217951565,934,3638.722698072805,945.6666666666666,True,kept
manual_s35_cyst_0006,35,scene35,True,1085.0,0.19903609780344927,0.20257452875375748,0.03380947973519752,1044,3643.801724137931,1018.3333333333334,True,kept
manual_s35_cyst_0006,35,scene35,True,1095.0,0.20136670599464143,0.2038455456495285,0.03658407152535344,1077,3696.2562674094706,1073.0,True,kept
manual_s35_cyst_0006,35,scene35,True,1105.0,0.20245330497106784,0.20187372714281082,0.03143705158558861,1098,3655.4581056466304,1086.3333333333333,True,kept
manual_s35_cyst_0006,35,scene35,True,1115.0,0.20800540284202107,0.20937077701091766,0.034281399585610134,1084,3623.066420664207,1079.3333333333333,True,kept
manual_s35_cyst_0006,35,scene35,True,1125.0,0.2060876788261036,0.2042737975716591,0.03338982778498291,1056,3629.3276515151515,1041.0,True,kept
manual_s35_cyst_0006,35,scene35,True,1135.0,0.21311179020215634,0.20884890854358673,0.03450782375519807,983,3550.3204476093592,974.6666666666666,True,kept
manual_s35_cyst_0006,35,scene35,True,1145.0,0.21730021817536005,0.21251870691776276,0.03168771774924757,885,3549.553672316384,917.3333333333334,True,kept
manual_s35_cyst_0006,35,scene35,True,1155.0,0.2264283108293201,0.22257652878761292,0.030958987539359897,884,3555.6742081447965,910.0,True,kept
manual_s35_cyst_0006,35,scene35,True,1165.0,0.23688673664516266,0.2332596480846405,0.03308546077926183,961,3520.40790842872,1041.3333333333333,True,kept
manual_s35_cyst_0006,35,scene35,True,1175.0,0.23700494534154717,0.23063944280147552,0.03385755181423203,1279,3550.763096168882,1173.3333333333333,True,kept
manual_s35_cyst_0006,35,scene35,True,1185.0,0.2489245322532952,0.24331049621105194,0.033322515834829175,1280,3460.41171875,1264.0,True,kept
manual_s35_cyst_0006,35,scene35,True,1195.0,0.259465842303085,0.25303179025650024,0.034360843031929524,1233,3430.515815085158,1240.6666666666667,True,kept
manual_s35_cyst_0006,35,scene35,True,1205.0,0.2527520153101463,0.24687452614307404,0.036357738337357,1209,3586.2142266335813,1197.6666666666667,True,kept
manual_s35_cyst_0006,35,scene35,True,1215.0,0.2643791405430677,0.25250300765037537,0.052385219159261164,1151,3482.8140747176367,1125.6666666666667,True,kept
manual_s35_cyst_0006,35,scene35,True,1225.0,0.2657437055804854,0.2457863837480545,0.06337349303143165,1017,3409.324483775811,991.6666666666666,True,kept
manual_s35_cyst_0006,35,scene35,True,1235.0,0.30286141203386335,0.29301702976226807,0.062202092962026695,807,2891.6778190830237,686.3333333333334,True,kept
manual_s35_cyst_0006,35,scene35,True,1245.0,0.3964019043648497,0.3904111683368683,0.061398341470913366,235,1965.0595744680852,347.3333333333333,True,kept
manual_s36_cyst_0001,36,scene36,True,895.0,0.21867062065048495,0.20759453624486923,0.0459419901378545,552,3131.4202898550725,479.3333333333333,True,kept
manual_s36_cyst_0001,36,scene36,True,905.0,0.19129940731595732,0.17901776731014252,0.041851816005800076,746,4006.0120643431637,721.3333333333334,True,kept
manual_s36_cyst_0001,36,scene36,True,915.0,0.1906768053976548,0.18558835238218307,0.033985882846468946,866,4290.157043879907,866.3333333333334,True,kept
manual_s36_cyst_0001,36,scene36,True,925.0,0.20492974225631722,0.20019268989562988,0.03647671905721696,987,4195.425531914893,963.0,True,kept
manual_s36_cyst_0001,36,scene36,True,935.0,0.21112525012905073,0.20789453387260437,0.032011671137533164,1036,4151.0183397683395,1043.0,True,kept
manual_s36_cyst_0001,36,scene36,True,945.0,0.21108999238037934,0.2084520235657692,0.03502744934722499,1106,4178.505424954792,1100.0,True,kept
manual_s36_cyst_0001,36,scene36,True,955.0,0.21050951331339146,0.20600318163633347,0.028631783379228056,1158,4159.075129533679,1109.0,True,kept
manual_s36_cyst_0001,36,scene36,True,965.0,0.21277386351004032,0.2046542465686798,0.03663729820511038,1063,4211.0526810912515,1082.3333333333333,True,kept
manual_s36_cyst_0001,36,scene36,True,975.0,0.21092332885046916,0.20552165806293488,0.03528136403379203,1026,4357.551656920078,1045.6666666666667,True,kept
manual_s36_cyst_0001,36,scene36,True,985.0,0.21568706527864204,0.21220646798610687,0.03967030232853151,1048,4290.409351145038,1046.0,True,kept
manual_s36_cyst_0001,36,scene36,True,995.0,0.2197869800983515,0.21562649309635162,0.041899302835352856,1064,4277.604323308271,1059.3333333333333,True,kept
manual_s36_cyst_0001,36,scene36,True,1005.0,0.2165043175667804,0.21898265928030014,0.042233610364031046,1066,4339.521575984991,1058.3333333333333,True,kept
manual_s36_cyst_0001,36,scene36,True,1015.0,0.22089854637116335,0.2213427871465683,0.0446774966963914,1045,4295.998086124402,1044.6666666666667,True,kept
manual_s36_cyst_0001,36,scene36,True,1025.0,0.21614158323957774,0.21293237805366516,0.04422548934410968,1023,4432.964809384164,1029.0,True,kept
manual_s36_cyst_0001,36,scene36,True,1035.0,0.2233233903411326,0.21897593140602112,0.04740539884034314,1019,4298.014720314033,1013.0,True,kept
manual_s36_cyst_0001,36,scene36,True,1045.0,0.22619431190110498,0.21768540143966675,0.054524302837549096,997,4207.62888665998,988.6666666666666,True,kept
manual_s36_cyst_0001,36,scene36,True,1055.0,0.23042613852965205,0.2168082669377327,0.05933301968251365,950,4172.602105263158,961.0,True,kept
manual_s36_cyst_0001,36,scene36,True,1065.0,0.22589059552957869,0.22068125009536743,0.050891120784527004,936,4240.576923076923,951.0,True,kept
manual_s36_cyst_0001,36,scene36,True,1075.0,0.22399657960083516,0.21781030297279358,0.044919164571271195,967,4309.131334022751,972.0,True,kept
manual_s36_cyst_0001,36,scene36,True,1085.0,0.23212805544812257,0.22816920280456543,0.03996074626721385,1013,4154.1391905231985,1010.3333333333334,True,kept
manual_s36_cyst_0001,36,scene36,True,1095.0,0.23365811836311184,0.22923235595226288,0.044261251514103796,1051,4206.194100856327,1062.0,True,kept
manual_s36_cyst_0001,36,scene36,True,1105.0,0.23634304835356493,0.2313293069601059,0.050369282302884365,1122,4222.949197860962,1094.6666666666667,True,kept
manual_s36_cyst_0001,36,scene36,True,1115.0,0.23894145887623383,0.2259216606616974,0.055373103930243424,1111,4251.350135013501,1087.0,True,kept
manual_s36_cyst_0001,36,scene36,True,1125.0,0.24617383878402674,0.23910607397556305,0.045027732607685306,1028,4184.822957198444,1023.3333333333334,True,kept
manual_s36_cyst_0001,36,scene36,True,1135.0,0.2620329334131501,0.2518467605113983,0.053638498420831175,931,4174.8098818474755,924.6666666666666,True,kept
manual_s36_cyst_0001,36,scene36,True,1145.0,0.2715764378111787,0.2668740153312683,0.04694788117842304,815,4113.267484662577,818.3333333333334,True,kept
manual_s36_cyst_0001,36,scene36,True,1155.0,0.2718909810098842,0.2565084993839264,0.05439984792881455,709,4185.06629055007,687.0,True,kept
manual_s36_cyst_0001,36,scene36,True,1165.0,0.3195023105186679,0.3035714328289032,0.0686799686074421,537,3259.6275605214155,483.3333333333333,True,kept
manual_s36_cyst_0002,36,scene36,True,615.0,0.3172798169766619,0.3196016401052475,0.042606909181649846,366,2266.289617486339,392.0,True,kept
manual_s36_cyst_0002,36,scene36,True,625.0,0.25537022252877556,0.2407357394695282,0.058956590964613136,810,3591.4543209876542,715.6666666666666,True,kept
manual_s36_cyst_0002,36,scene36,True,635.0,0.2387971144042963,0.22311070561408997,0.05877520650334116,971,4263.259526261586,964.0,True,kept
manual_s36_cyst_0002,36,scene36,True,645.0,0.23256750547006041,0.23317043483257294,0.04944155427466174,1111,4444.389738973898,1095.3333333333333,True,kept
manual_s36_cyst_0002,36,scene36,True,655.0,0.24033424161696354,0.24111635237932205,0.05454828980000201,1204,4363.591362126246,1201.3333333333333,True,kept
manual_s36_cyst_0002,36,scene36,True,665.0,0.2322999603231347,0.22853463888168335,0.05010951839833284,1289,4285.406516679596,1286.3333333333333,True,kept
manual_s36_cyst_0002,36,scene36,True,675.0,0.22426022084683486,0.21997670084238052,0.05370483367313504,1366,4204.546852122987,1313.6666666666667,True,kept
manual_s36_cyst_0002,36,scene36,True,685.0,0.22259017172766324,0.2167363315820694,0.050682856518482304,1286,4176.9167962674965,1234.0,True,kept
manual_s36_cyst_0002,36,scene36,True,695.0,0.2246980432314532,0.21877369284629822,0.054111511656963304,1050,4153.178095238095,1182.3333333333333,True,kept
manual_s36_cyst_0002,36,scene36,True,705.0,0.22572323373533495,0.2230110466480255,0.05233259116186952,1211,4014.1791907514453,1256.0,True,kept
manual_s36_cyst_0002,36,scene36,True,715.0,0.22357761229536116,0.21707861125469208,0.0492224053216303,1507,3997.6622428666224,1417.0,True,kept
manual_s36_cyst_0002,36,scene36,True,725.0,0.22918714776839297,0.2207133173942566,0.05373292627030313,1533,4085.0769732550552,1513.3333333333333,True,kept
manual_s36_cyst_0002,36,scene36,True,735.0,0.2295559985737006,0.22289278358221054,0.055863626192069006,1500,4309.012,1473.0,True,kept
manual_s36_cyst_0002,36,scene36,True,745.0,0.21757923932087542,0.21155627071857452,0.04543995867020123,1386,4653.909090909091,1389.3333333333333,True,kept
manual_s36_cyst_0002,36,scene36,True,755.0,0.20948481991561638,0.19447993487119675,0.06048879372910777,1282,4743.333853354135,1250.3333333333333,True,kept
manual_s36_cyst_0002,36,scene36,True,765.0,0.21417725937903642,0.19602181017398834,0.05588017982572462,1083,4135.031394275162,1021.6666666666666,True,kept
manual_s36_cyst_0002,36,scene36,True,775.0,0.26155925082308906,0.25782452523708344,0.05053660081427449,700,2873.7228571428573,630.3333333333334,True,kept
manual_s36_cyst_0003,36,scene36,True,1005.0,0.2078005442325073,0.19685517996549606,0.05072158629207053,316,2877.6044303797466,298.6666666666667,True,kept
manual_s36_cyst_0003,36,scene36,True,1015.0,0.19842555071694784,0.18876641988754272,0.04314091588809915,498,3053.873493975904,468.3333333333333,True,kept
manual_s36_cyst_0003,36,scene36,True,1025.0,0.17585474972545395,0.17129479348659515,0.03882801306568055,591,3458.1979695431473,578.3333333333334,True,kept
manual_s36_cyst_0003,36,scene36,True,1035.0,0.17677038255213953,0.1724531203508377,0.031442856596461476,646,3587.2105263157896,648.6666666666666,True,kept
manual_s36_cyst_0003,36,scene36,True,1045.0,0.18040060587174803,0.18043583631515503,0.03386676805035904,709,3651.1410437235545,702.6666666666666,True,kept
manual_s36_cyst_0003,36,scene36,True,1055.0,0.18074605353720793,0.18017436563968658,0.03146034343129699,753,3691.0305444887117,744.6666666666666,True,kept
manual_s36_cyst_0003,36,scene36,True,1065.0,0.18801959258518688,0.18684934824705124,0.03144888364433497,772,3681.9054404145077,771.0,True,kept
manual_s36_cyst_0003,36,scene36,True,1075.0,0.18776760632314052,0.18425290286540985,0.02974168037962223,788,3878.5951776649745,802.6666666666666,True,kept
manual_s36_cyst_0003,36,scene36,True,1085.0,0.19079038827627334,0.18918568640947342,0.03402025633663557,848,3822.1957547169814,831.3333333333334,True,kept
manual_s36_cyst_0003,36,scene36,True,1095.0,0.19903801180127062,0.19669553637504578,0.033723022017593106,858,3821.7902097902097,858.3333333333334,True,kept
manual_s36_cyst_0003,36,scene36,True,1105.0,0.1934206624642889,0.19205179810523987,0.032856306236696615,869,3976.9815880322208,864.3333333333334,True,kept
manual_s36_cyst_0003,36,scene36,True,1115.0,0.19745334119946797,0.19717387855052948,0.031656988868316735,866,3882.6697459584298,868.3333333333334,True,kept
manual_s36_cyst_0003,36,scene36,True,1125.0,0.19913073492118682,0.19795838743448257,0.03733533562058488,870,3932.958620689655,868.6666666666666,True,kept
manual_s36_cyst_0003,36,scene36,True,1135.0,0.20156941204920584,0.19964738935232162,0.033272121907281633,870,3882.13908045977,871.6666666666666,True,kept
manual_s36_cyst_0003,36,scene36,True,1145.0,0.19538216576405934,0.19579172134399414,0.0303386112302492,875,3948.866285714286,867.0,True,kept
manual_s36_cyst_0003,36,scene36,True,1155.0,0.20502399794200313,0.20139706134796143,0.036683528884583746,856,3883.816588785047,862.3333333333334,True,kept
manual_s36_cyst_0003,36,scene36,True,1165.0,0.20914049044460337,0.2053460329771042,0.03299774702399518,856,3875.7757009345796,859.6666666666666,True,kept
manual_s36_cyst_0003,36,scene36,True,1175.0,0.21792040854658085,0.21223293244838715,0.03470650365365627,867,3830.5098039215686,858.6666666666666,True,kept
manual_s36_cyst_0003,36,scene36,True,1185.0,0.21892349006212888,0.21357354521751404,0.03154108101138723,853,3892.10550996483,862.0,True,kept
manual_s36_cyst_0003,36,scene36,True,1195.0,0.22526908652129954,0.21987827867269516,0.038431961222129114,866,3837.640877598152,868.3333333333334,True,kept
manual_s36_cyst_0003,36,scene36,True,1205.0,0.2314952910787365,0.22550354897975922,0.04235135890063127,886,3743.8069977426635,870.6666666666666,True,kept
manual_s36_cyst_0003,36,scene36,True,1215.0,0.22465990955053375,0.2202504649758339,0.04194293624854974,860,3935.4197674418606,878.6666666666666,True,kept
manual_s36_cyst_0003,36,scene36,True,1225.0,0.23159982999054235,0.2272769659757614,0.04281267081953586,890,3818.888764044944,879.6666666666666,True,kept
manual_s36_cyst_0003,36,scene36,True,1235.0,0.23694017040045645,0.2340935468673706,0.036826880012169806,889,3815.730033745782,902.6666666666666,True,kept
manual_s36_cyst_0003,36,scene36,True,1245.0,0.24566420311242568,0.23607075214385986,0.04410777675943627,929,3737.120559741658,902.3333333333334,True,kept
manual_s36_cyst_0003,36,scene36,True,1255.0,0.2538491497392461,0.24902044236660004,0.042349821561015924,889,3684.788526434196,884.6666666666666,True,kept
manual_s36_cyst_0003,36,scene36,True,1265.0,0.25817841282515436,0.2502526044845581,0.03986683960943453,836,3694.8995215311006,835.6666666666666,True,kept
manual_s36_cyst_0003,36,scene36,True,1275.0,0.2778692810660433,0.265584796667099,0.049296829424399106,782,3514.6470588235293,774.3333333333334,True,kept
manual_s36_cyst_0003,36,scene36,True,1285.0,0.28886734054866414,0.2768329679965973,0.05507300546029849,705,3443.0737588652482,696.0,True,kept
manual_s36_cyst_0003,36,scene36,True,1295.0,0.3121003921387001,0.29876816272735596,0.058083181547852844,601,3218.8136439267887,569.0,True,kept
manual_s36_cyst_0003,36,scene36,True,1305.0,0.3732194521480665,0.3624891936779022,0.07641576008797568,401,2523.172069825436,342.6666666666667,True,kept
manual_s36_cyst_0004,36,scene36,True,685.0,0.30744838852024425,0.2997256815433502,0.06896401148051727,553,2404.5985533453886,625.6666666666666,True,kept
manual_s36_cyst_0004,36,scene36,True,695.0,0.22053869145053318,0.20490048080682755,0.06683923388238389,1316,3339.667933130699,1136.6666666666667,True,kept
manual_s36_cyst_0004,36,scene36,True,705.0,0.18476067054086037,0.17638368904590607,0.04846139725544666,1541,4135.088254380273,1529.0,True,kept
manual_s36_cyst_0004,36,scene36,True,715.0,0.19379008805562306,0.1886638104915619,0.049600702181674255,1730,4125.779190751445,1735.6666666666667,True,kept
manual_s36_cyst_0004,36,scene36,True,725.0,0.20810942523458525,0.20254239439964294,0.04169914714181089,1936,3863.0878099173556,1911.3333333333333,True,kept
manual_s36_cyst_0004,36,scene36,True,735.0,0.20912538539452524,0.20575568825006485,0.03941093124658264,2068,3797.299323017408,2058.6666666666665,True,kept
manual_s36_cyst_0004,36,scene36,True,745.0,0.19980198448836034,0.19734065234661102,0.03444858391470896,2172,3841.45349907919,2091.0,True,kept
manual_s36_cyst_0004,36,scene36,True,755.0,0.1984118226268757,0.19362175464630127,0.04084253409211293,2033,3762.1323167732417,1906.3333333333333,True,kept
manual_s36_cyst_0004,36,scene36,True,765.0,0.19689918431494005,0.1921490579843521,0.0405904046732935,1514,3559.4689564068694,1780.3333333333333,True,kept
manual_s36_cyst_0004,36,scene36,True,775.0,0.2002782255635413,0.19496125727891922,0.04258124026615371,1794,3480.4409141583055,1975.0,True,kept
manual_s36_cyst_0004,36,scene36,True,785.0,0.20019635177770095,0.19440416991710663,0.034896380544617446,2617,3498.60756591517,2419.0,True,kept
manual_s36_cyst_0004,36,scene36,True,795.0,0.2006413096683761,0.19695571810007095,0.028676662916502237,2846,3554.6184118060437,2766.3333333333335,True,kept
manual_s36_cyst_0004,36,scene36,True,805.0,0.200015239527893,0.1970919519662857,0.03416595725350805,2836,3661.725317348378,2834.3333333333335,True,kept
manual_s36_cyst_0004,36,scene36,True,815.0,0.19296176194912235,0.18972891569137573,0.034830316513240735,2821,3838.837646224743,2815.0,True,kept
manual_s36_cyst_0004,36,scene36,True,825.0,0.1757092541257398,0.1721208542585373,0.029608100235433837,2788,4077.115494978479,2775.6666666666665,True,kept
manual_s36_cyst_0004,36,scene36,True,835.0,0.16436673495493626,0.1614294946193695,0.024384252373385085,2718,3928.1258278145697,2646.6666666666665,True,kept
manual_s36_cyst_0004,36,scene36,True,845.0,0.18471421856944348,0.17701417207717896,0.03892257822484192,2434,3085.4950698438784,2140.6666666666665,True,kept
manual_s36_cyst_0004,36,scene36,True,855.0,0.20133206087538577,0.19400199502706528,0.043769602402825035,1270,2568.4267716535433,1406.0,True,kept
manual_s36_cyst_0004,36,scene36,True,865.0,0.16581095853668243,0.1569186896085739,0.03942535421562966,514,2820.091439688716,721.3333333333334,True,kept
manual_s36_cyst_0004,36,scene36,True,875.0,0.1578975568868612,0.15446797758340836,0.031785482350461594,380,2560.9894736842107,345.0,True,kept
manual_s36_cyst_0005,36,scene36,True,355.0,0.5467840755697001,0.5463959276676178,0.07352911060031905,352,2517.9261363636365,340.3333333333333,True,kept
manual_s36_cyst_0005,36,scene36,True,365.0,0.45498430530537765,0.4299096018075943,0.09464204808299351,646,3621.9736842105262,609.3333333333334,True,kept
manual_s36_cyst_0005,36,scene36,True,375.0,0.44239961332585437,0.41867315769195557,0.09926791091258286,830,3886.024096385542,803.3333333333334,True,kept
manual_s36_cyst_0005,36,scene36,True,385.0,0.4174296032055032,0.39908114075660706,0.0732404957469209,934,3801.2387580299787,921.0,True,kept
manual_s36_cyst_0005,36,scene36,True,395.0,0.3826763208086665,0.36947959661483765,0.06511581727118468,999,3680.4654654654655,998.6666666666666,True,kept
manual_s36_cyst_0005,36,scene36,True,405.0,0.3328708065419632,0.318543404340744,0.0552891446035739,1063,3757.2041392285983,1041.6666666666667,True,kept
manual_s36_cyst_0005,36,scene36,True,415.0,0.30439086279438443,0.29195526242256165,0.04761964618729807,1063,3859.016933207902,1019.6666666666666,True,kept
manual_s36_cyst_0005,36,scene36,True,425.0,0.2913382724167066,0.27848294377326965,0.05308380767339292,933,4014.2186495176848,956.0,True,kept
manual_s36_cyst_0005,36,scene36,True,435.0,0.28652987757338844,0.2769346088171005,0.0497712751654672,872,3999.511467889908,890.0,True,kept
manual_s36_cyst_0005,36,scene36,True,445.0,0.2772318924610325,0.26665452122688293,0.045371172491788514,865,3924.7017341040464,866.3333333333334,True,kept
manual_s36_cyst_0005,36,scene36,True,455.0,0.26441039616920553,0.2540367394685745,0.04009997492254239,862,4032.271461716937,865.6666666666666,True,kept
manual_s36_cyst_0005,36,scene36,True,465.0,0.26138660256890045,0.25351960957050323,0.03827027711545199,870,4024.7183908045977,876.3333333333334,True,kept
manual_s36_cyst_0005,36,scene36,True,475.0,0.25079434515374693,0.2419145703315735,0.037457113274076526,897,4070.808249721293,893.6666666666666,True,kept
manual_s36_cyst_0005,36,scene36,True,485.0,0.24185870698687806,0.23744498193264008,0.033263974615110374,914,3993.822757111597,904.6666666666666,True,kept
manual_s36_cyst_0005,36,scene36,True,495.0,0.23435121254865512,0.23123061656951904,0.02948967007871096,903,4080.358803986711,906.6666666666666,True,kept
manual_s36_cyst_0005,36,scene36,True,505.0,0.23510703787719162,0.22888687252998352,0.03833655566423376,903,4137.594684385382,899.6666666666666,True,kept
manual_s36_cyst_0005,36,scene36,True,515.0,0.23405159449190202,0.2306632250547409,0.03646920380390698,893,4121.604703247481,893.6666666666666,True,kept
manual_s36_cyst_0005,36,scene36,True,525.0,0.23487200201567957,0.23388616740703583,0.032211119807186876,885,4006.4745762711864,896.3333333333334,True,kept
manual_s36_cyst_0005,36,scene36,True,535.0,0.23046261844205804,0.22919225692749023,0.037907583385751564,911,4040.3304061470913,921.3333333333334,True,kept
manual_s36_cyst_0005,36,scene36,True,545.0,0.235035140452183,0.2321496531367302,0.039604691876835775,968,3856.2944214876034,962.3333333333334,True,kept
manual_s36_cyst_0005,36,scene36,True,555.0,0.23087484320063914,0.2299329787492752,0.032007246129391397,1008,3902.6438492063494,1005.6666666666666,True,kept
manual_s36_cyst_0005,36,scene36,True,565.0,0.22754159214746253,0.22477032244205475,0.032532360401282205,1041,3944.671469740634,1007.6666666666666,True,kept
manual_s36_cyst_0005,36,scene36,True,575.0,0.22076680393434403,0.22193288058042526,0.03971225231209326,974,4074.3193018480492,963.6666666666666,True,kept
manual_s36_cyst_0005,36,scene36,True,585.0,0.21184844202170633,0.212273508310318,0.03896335033700453,876,4149.447488584475,885.0,True,kept
manual_s36_cyst_0005,36,scene36,True,595.0,0.2091799523519433,0.20683811604976654,0.03732031385765712,805,4098.127950310559,788.3333333333334,True,kept
manual_s36_cyst_0005,36,scene36,True,605.0,0.20310905553966935,0.19525481760501862,0.042457289502404794,684,3925.8070175438597,667.6666666666666,True,kept
manual_s36_cyst_0005,36,scene36,True,615.0,0.19915881486254444,0.19483884423971176,0.03180043446667522,514,3577.1575875486383,488.6666666666667,True,kept
manual_s36_cyst_0006,36,scene36,True,935.0,0.19736396663122935,0.19144046306610107,0.04185644545906175,289,2635.2906574394465,282.3333333333333,True,kept
manual_s36_cyst_0006,36,scene36,True,945.0,0.18806513558541024,0.17958424240350723,0.03647624610154937,518,3357.899613899614,494.3333333333333,True,kept
manual_s36_cyst_0006,36,scene36,True,955.0,0.1732561601292805,0.16629938781261444,0.03614162843579872,676,3957.681952662722,664.6666666666666,True,kept
manual_s36_cyst_0006,36,scene36,True,965.0,0.18763075292110443,0.18067272752523422,0.039557631401416965,800,3902.67,784.3333333333334,True,kept
manual_s36_cyst_0006,36,scene36,True,975.0,0.1919528307433547,0.1868596225976944,0.03444810609950817,877,4005.6761687571266,880.0,True,kept
manual_s36_cyst_0006,36,scene36,True,985.0,0.1945136202303915,0.18996837735176086,0.0346306100991199,963,4038.26272066459,973.3333333333334,True,kept
manual_s36_cyst_0006,36,scene36,True,995.0,0.19921954842629255,0.19186042994260788,0.036471399024627246,1080,4039.725925925926,1057.0,True,kept
manual_s36_cyst_0006,36,scene36,True,1005.0,0.1952839770638351,0.19065621495246887,0.03129593122601055,1128,4092.573581560284,1096.3333333333333,True,kept
manual_s36_cyst_0006,36,scene36,True,1015.0,0.1978792931943112,0.19216592609882355,0.04146317948039315,1081,4109.481961147086,1109.0,True,kept
manual_s36_cyst_0006,36,scene36,True,1025.0,0.1965946293767535,0.19452005624771118,0.03798056307557597,1118,4137.389087656529,1097.6666666666667,True,kept
manual_s36_cyst_0006,36,scene36,True,1035.0,0.19646424969736576,0.19222095608711243,0.03463089796066296,1094,4207.895795246801,1107.3333333333333,True,kept
manual_s36_cyst_0006,36,scene36,True,1045.0,0.19811022721298105,0.1937035396695137,0.0344045685571221,1110,4197.860360360361,1115.3333333333333,True,kept
manual_s36_cyst_0006,36,scene36,True,1055.0,0.2113415882539415,0.20920025557279587,0.04802838486686458,1142,4035.6768826619964,1126.0,True,kept
manual_s36_cyst_0006,36,scene36,True,1065.0,0.2088247910141945,0.20361529290676117,0.04257668796588361,1126,4140.051509769094,1108.0,True,kept
manual_s36_cyst_0006,36,scene36,True,1075.0,0.22021988199346446,0.21655014157295227,0.0391017973883259,1056,4004.8210227272725,1079.3333333333333,True,kept
manual_s36_cyst_0006,36,scene36,True,1085.0,0.22945443547867012,0.22013500332832336,0.04761929161509521,1056,3945.2594696969695,1100.0,True,kept
manual_s36_cyst_0006,36,scene36,True,1095.0,0.2318261062180755,0.221256285905838,0.04585527243683154,1188,3964.0597643097644,1189.6666666666667,True,kept
manual_s36_cyst_0006,36,scene36,True,1105.0,0.23548379060232413,0.22682110965251923,0.04590104609258936,1325,3960.8520754716983,1320.3333333333333,True,kept
manual_s36_cyst_0006,36,scene36,True,1115.0,0.2393144985136077,0.23776116967201233,0.031153451083844853,1448,3921.9116022099447,1400.0,True,kept
manual_s36_cyst_0006,36,scene36,True,1125.0,0.24945819819608434,0.2430681437253952,0.043444942626393215,1427,3896.1716888577434,1389.6666666666667,True,kept
manual_s36_cyst_0006,36,scene36,True,1135.0,0.24674616681506867,0.23924767971038818,0.04520170896895555,1294,3909.031684698609,1287.3333333333333,True,kept
manual_s36_cyst_0006,36,scene36,True,1145.0,0.24379482359921692,0.2392979860305786,0.044417978080419904,1141,3882.407537248028,1109.6666666666667,True,kept
manual_s36_cyst_0006,36,scene36,True,1155.0,0.24984617799653835,0.24324440211057663,0.044954345751561535,894,3801.321029082774,904.6666666666666,True,kept
manual_s36_cyst_0006,36,scene36,True,1165.0,0.2522153345009364,0.24304984509944916,0.04908689356355086,679,3818.541973490427,693.3333333333334,True,kept
manual_s36_cyst_0006,36,scene36,True,1175.0,0.2923873366982744,0.28843098878860474,0.04999675988255578,507,3070.6863905325445,461.0,True,kept
manual_s37_cyst_0001,37,scene37,True,315.0,0.45577073784974903,0.449306845664978,0.07809305801459332,442,3907.180995475113,426.6666666666667,True,kept
manual_s37_cyst_0001,37,scene37,True,325.0,0.428263203444935,0.41740016639232635,0.07016695031021707,630,4489.246031746032,623.3333333333334,True,kept
manual_s37_cyst_0001,37,scene37,True,335.0,0.41114175483995213,0.4048539102077484,0.06414476282286985,798,4542.231829573935,786.6666666666666,True,kept
manual_s37_cyst_0001,37,scene37,True,345.0,0.38263568621080835,0.37107284367084503,0.07100445284800123,932,4663.124463519313,936.0,True,kept
manual_s37_cyst_0001,37,scene37,True,355.0,0.36608948359518195,0.35781846940517426,0.07842717615811183,1078,4641.485157699443,1059.6666666666667,True,kept
manual_s37_cyst_0001,37,scene37,True,365.0,0.33185386564662256,0.32306593656539917,0.06083328587358269,1169,4599.077844311377,1157.3333333333333,True,kept
manual_s37_cyst_0001,37,scene37,True,375.0,0.3214890999939977,0.30208396911621094,0.08249011021097738,1225,4505.9453061224485,1165.3333333333333,True,kept
manual_s37_cyst_0001,37,scene37,True,385.0,0.30684023612802563,0.2838770002126694,0.08513334147516814,1102,4546.182395644283,1106.3333333333333,True,kept
manual_s37_cyst_0001,37,scene37,True,395.0,0.2970980225100873,0.27968765795230865,0.08758647222420808,992,4600.104838709677,1037.0,True,kept
manual_s37_cyst_0001,37,scene37,True,405.0,0.290248580064511,0.26999330520629883,0.10084058214060944,1017,4622.007866273353,1011.0,True,kept
manual_s37_cyst_0001,37,scene37,True,415.0,0.2688125471904641,0.2550344914197922,0.08615532208262258,1024,4854.13671875,1036.0,True,kept
manual_s37_cyst_0001,37,scene37,True,425.0,0.2404576636983506,0.23422284424304962,0.07001219587519814,1067,5230.215557638238,1065.3333333333333,True,kept
manual_s37_cyst_0001,37,scene37,True,435.0,0.23268441222102393,0.224051371216774,0.06716517872523126,1105,5112.971945701357,1075.3333333333333,True,kept
manual_s37_cyst_0001,37,scene37,True,445.0,0.21366461745306028,0.21142670512199402,0.05109466187912376,1054,5169.796015180265,1062.3333333333333,True,kept
manual_s37_cyst_0001,37,scene37,True,455.0,0.1931084747850199,0.1916491985321045,0.032824775280441074,1028,5416.889105058366,1022.3333333333334,True,kept
manual_s37_cyst_0001,37,scene37,True,465.0,0.18590384210426794,0.1863061785697937,0.02868377397245279,985,5350.613197969543,979.6666666666666,True,kept
manual_s37_cyst_0001,37,scene37,True,475.0,0.1786552161605904,0.17710398882627487,0.03022849987680377,926,5478.855291576674,967.6666666666666,True,kept
manual_s37_cyst_0001,37,scene37,True,485.0,0.1783927077908189,0.18059323728084564,0.030246710219690658,992,5266.8598790322585,986.0,True,kept
manual_s37_cyst_0001,37,scene37,True,495.0,0.17432127637215533,0.1749102920293808,0.029140747636181116,1040,5172.522115384615,1035.6666666666667,True,kept
manual_s37_cyst_0001,37,scene37,True,505.0,0.17127752567446508,0.17242753505706787,0.029417264922203482,1075,5109.21023255814,1074.6666666666667,True,kept
manual_s37_cyst_0001,37,scene37,True,515.0,0.16581178483418024,0.16658009588718414,0.028589500649855108,1109,5121.312894499549,1111.6666666666667,True,kept
manual_s37_cyst_0001,37,scene37,True,525.0,0.15840465665433223,0.16284944117069244,0.029582283222189976,1151,5120.83145091225,1099.3333333333333,True,kept
manual_s37_cyst_0001,37,scene37,True,535.0,0.1619082981996913,0.16855554282665253,0.030044632085492774,1038,5097.514450867052,1041.0,True,kept
manual_s37_cyst_0001,37,scene37,True,545.0,0.1556253560461758,0.1617557778954506,0.0283091678233762,934,5255.724839400428,969.3333333333334,True,kept
manual_s37_cyst_0001,37,scene37,True,555.0,0.15189832403587225,0.15781232714653015,0.028973260844796723,936,5306.540598290599,927.6666666666666,True,kept
manual_s37_cyst_0001,37,scene37,True,565.0,0.14858548058378473,0.1527816653251648,0.02602970377785575,913,5251.071193866374,912.0,True,kept
manual_s37_cyst_0001,37,scene37,True,575.0,0.14730931696688845,0.1476001888513565,0.0307684710801522,887,5211.430665163472,872.6666666666666,True,kept
manual_s37_cyst_0001,37,scene37,True,585.0,0.1449590652707445,0.14649488031864166,0.02242076156654288,818,4968.342298288509,816.6666666666666,True,kept
manual_s37_cyst_0001,37,scene37,True,595.0,0.13349816105109732,0.13513360917568207,0.02270583120833494,745,5070.852348993289,743.3333333333334,True,kept
manual_s37_cyst_0001,37,scene37,True,605.0,0.1288024058964835,0.12676233053207397,0.022259033912259706,667,4846.5742128935535,645.0,True,kept
manual_s37_cyst_0001,37,scene37,True,615.0,0.12414530698872434,0.119683638215065,0.02288160508667857,523,4579.1434034416825,502.6666666666667,True,kept
manual_s37_cyst_0001,37,scene37,True,625.0,0.13508825074389297,0.12711917608976364,0.02750542648137549,318,3512.669811320755,280.3333333333333,True,kept
manual_s37_cyst_0002,37,scene37,True,395.0,0.5036629733919096,0.4996209442615509,0.07726223000997266,357,3453.6834733893556,326.0,True,kept
manual_s37_cyst_0002,37,scene37,True,405.0,0.3951489788833811,0.38135533034801483,0.06188972647796025,574,4444.52787456446,550.3333333333334,True,kept
manual_s37_cyst_0002,37,scene37,True,415.0,0.3773750260886219,0.375604584813118,0.051871289265612346,720,4372.798611111111,712.3333333333334,True,kept
manual_s37_cyst_0002,37,scene37,True,425.0,0.3660741759152599,0.3582743704319,0.04464375527180288,843,4415.149466192171,836.0,True,kept
manual_s37_cyst_0002,37,scene37,True,435.0,0.3277105078653053,0.3209954798221588,0.04908161776912284,945,4603.08783068783,942.6666666666666,True,kept
manual_s37_cyst_0002,37,scene37,True,445.0,0.29054516234363503,0.2887602895498276,0.03668525337861258,1040,4747.899038461538,1024.3333333333333,True,kept
manual_s37_cyst_0002,37,scene37,True,455.0,0.275919482604984,0.2688390016555786,0.04941653836809553,1088,4722.261029411765,1042.6666666666667,True,kept
manual_s37_cyst_0002,37,scene37,True,465.0,0.26860207435488703,0.2636308968067169,0.047969053558670115,1000,4535.676,994.3333333333334,True,kept
manual_s37_cyst_0002,37,scene37,True,475.0,0.2567399813309728,0.2506793141365051,0.04161109040965975,895,4697.745251396648,928.0,True,kept
manual_s37_cyst_0002,37,scene37,True,485.0,0.2467578111972798,0.24045363068580627,0.047037356551481474,889,4778.708661417323,902.3333333333334,True,kept
manual_s37_cyst_0002,37,scene37,True,495.0,0.23723675204059544,0.23382017016410828,0.0421191834711984,923,4662.671722643554,928.3333333333334,True,kept
manual_s37_cyst_0002,37,scene37,True,505.0,0.22984622062048957,0.2281457930803299,0.038066628355154335,973,4624.991778006167,966.3333333333334,True,kept
manual_s37_cyst_0002,37,scene37,True,515.0,0.21103222126648172,0.21184515953063965,0.03287588879851184,1003,4688.9970089730805,1001.6666666666666,True,kept
manual_s37_cyst_0002,37,scene37,True,525.0,0.2039558108175577,0.2033562958240509,0.03885564984965892,1029,4770.824101068999,1026.3333333333333,True,kept
manual_s37_cyst_0002,37,scene37,True,535.0,0.198099023369857,0.20111873745918274,0.03363788160796974,1047,4716.861509073544,1046.6666666666667,True,kept
manual_s37_cyst_0002,37,scene37,True,545.0,0.18836850632346214,0.19058769196271896,0.0320351433592214,1064,4780.143796992481,1051.6666666666667,True,kept
manual_s37_cyst_0002,37,scene37,True,555.0,0.180742840157729,0.18037601560354233,0.026458175357416687,1044,4870.991379310345,1043.6666666666667,True,kept
manual_s37_cyst_0002,37,scene37,True,565.0,0.17032357018335356,0.17271515727043152,0.03004327968051075,1023,5055.2238514174,1027.3333333333333,True,kept
manual_s37_cyst_0002,37,scene37,True,575.0,0.1656435091947687,0.170338973402977,0.02782466072880166,1015,4925.4689655172415,1013.6666666666666,True,kept
manual_s37_cyst_0002,37,scene37,True,585.0,0.15914635348355663,0.16462936997413635,0.027447717328399956,1003,4957.9920239282155,1006.0,True,kept
manual_s37_cyst_0002,37,scene37,True,595.0,0.16250178653746844,0.16828719526529312,0.027042476287188668,1000,4722.312,1015.0,True,kept
manual_s37_cyst_0002,37,scene37,True,605.0,0.15601950856694333,0.16382385790348053,0.02892153472873949,1042,4922.863723608445,1025.3333333333333,True,kept
manual_s37_cyst_0002,37,scene37,True,615.0,0.15016390971940305,0.1573537215590477,0.02739481890270266,1034,4980.192456479691,1033.0,True,kept
manual_s37_cyst_0002,37,scene37,True,625.0,0.14447434022221514,0.14872883260250092,0.025675022335390332,1023,4977.598240469209,1007.0,True,kept
manual_s37_cyst_0002,37,scene37,True,635.0,0.1433115621402674,0.14729545265436172,0.025302596675002204,964,4804.678423236514,962.0,True,kept
manual_s37_cyst_0002,37,scene37,True,645.0,0.13864815734053348,0.1434262990951538,0.026781637943764293,899,4854.894327030033,884.6666666666666,True,kept
manual_s37_cyst_0002,37,scene37,True,655.0,0.13715294252153293,0.1442646086215973,0.027908835361320185,791,4892.7989886219975,790.3333333333334,True,kept
manual_s37_cyst_0002,37,scene37,True,665.0,0.12207488502306035,0.12394668906927109,0.02041446256314792,681,5142.330396475771,686.0,True,kept
manual_s37_cyst_0002,37,scene37,True,675.0,0.1150110605659135,0.11408529803156853,0.015450102260070306,586,4743.264505119454,558.3333333333334,True,kept
manual_s37_cyst_0002,37,scene37,True,685.0,0.14820413695027432,0.12345460802316666,0.05627497278872949,408,3755.0098039215686,340.6666666666667,True,kept
manual_s37_cyst_0003,37,scene37,True,365.0,0.45955122001150733,0.4508228302001953,0.07021956279433815,351,3499.6923076923076,311.6666666666667,True,kept
manual_s37_cyst_0003,37,scene37,True,375.0,0.40183274502680427,0.38909009099006653,0.06463924215932232,517,4107.920696324952,509.3333333333333,True,kept
manual_s37_cyst_0003,37,scene37,True,385.0,0.3859578303766973,0.37589000165462494,0.06410030756173757,660,4289.665151515152,649.3333333333334,True,kept
manual_s37_cyst_0003,37,scene37,True,395.0,0.36133844429571493,0.35556668043136597,0.0444885609348575,771,4258.295719844358,761.0,True,kept
manual_s37_cyst_0003,37,scene37,True,405.0,0.3333796755948537,0.326276957988739,0.04719479991522672,852,4355.5739436619715,846.0,True,kept
manual_s37_cyst_0003,37,scene37,True,415.0,0.3124144423691953,0.31311970949172974,0.043689607580701326,915,4393.920218579235,925.6666666666666,True,kept
manual_s37_cyst_0003,37,scene37,True,425.0,0.2938991329900109,0.2955256253480911,0.045641054692447156,1010,4407.901980198019,987.3333333333334,True,kept
manual_s37_cyst_0003,37,scene37,True,435.0,0.2757372172296105,0.27326881885528564,0.043309446989974645,1037,4455.3674059787845,1003.6666666666666,True,kept
manual_s37_cyst_0003,37,scene37,True,445.0,0.27449411979231103,0.27199211716651917,0.04908013004284773,964,4385.696058091286,988.6666666666666,True,kept
manual_s37_cyst_0003,37,scene37,True,455.0,0.25633556218962594,0.2577274441719055,0.051229683735664625,965,4577.943005181347,976.6666666666666,True,kept
manual_s37_cyst_0003,37,scene37,True,465.0,0.25406327309248805,0.24653354287147522,0.06393789000094668,1001,4511.055944055944,983.6666666666666,True,kept
manual_s37_cyst_0003,37,scene37,True,475.0,0.25104464997494885,0.24503761529922485,0.05922318357926126,985,4361.638578680203,1006.6666666666666,True,kept
manual_s37_cyst_0003,37,scene37,True,485.0,0.23578511775116395,0.23529298603534698,0.050511334343086245,1034,4345.755319148936,1046.3333333333333,True,kept
manual_s37_cyst_0003,37,scene37,True,495.0,0.22570917602362378,0.22295431792736053,0.04995881548060007,1120,4395.852678571428,1112.0,True,kept
manual_s37_cyst_0003,37,scene37,True,505.0,0.22859474317550457,0.22234385460615158,0.05305476726453266,1182,4351.665820642978,1173.3333333333333,True,kept
manual_s37_cyst_0003,37,scene37,True,515.0,0.21528156538461818,0.21664097905158997,0.045720687976408624,1218,4463.000821018062,1216.0,True,kept
manual_s37_cyst_0003,37,scene37,True,525.0,0.19549675157460839,0.19910036027431488,0.03327745490951243,1248,4566.597756410257,1230.6666666666667,True,kept
manual_s37_cyst_0003,37,scene37,True,535.0,0.1840717830128518,0.18862928450107574,0.02818184284516037,1226,4521.247960848287,1219.0,True,kept
manual_s37_cyst_0003,37,scene37,True,545.0,0.1750849774036484,0.17820949852466583,0.026634119189825348,1183,4601.954353338969,1187.0,True,kept
manual_s37_cyst_0003,37,scene37,True,555.0,0.17090108799230722,0.17298200726509094,0.025620005629798492,1152,4661.805555555556,1153.3333333333333,True,kept
manual_s37_cyst_0003,37,scene37,True,565.0,0.1709427025185691,0.17129755020141602,0.02815960494634919,1125,4672.870222222222,1109.3333333333333,True,kept
manual_s37_cyst_0003,37,scene37,True,575.0,0.16529050158898564,0.16702507436275482,0.032092748270559725,1051,4787.591817316841,1039.0,True,kept
manual_s37_cyst_0003,37,scene37,True,585.0,0.16595751736768374,0.16929081082344055,0.0333060637174902,941,4737.988310308183,946.3333333333334,True,kept
manual_s37_cyst_0003,37,scene37,True,595.0,0.1608153510719995,0.16556067764759064,0.028706678496693047,847,4692.316410861866,857.3333333333334,True,kept
manual_s37_cyst_0003,37,scene37,True,605.0,0.15392792998451968,0.1508283093571663,0.04485202636724374,784,4707.701530612245,757.3333333333334,True,kept
manual_s37_cyst_0003,37,scene37,True,615.0,0.1380080308027089,0.13473591208457947,0.03919406301402405,641,4993.978159126365,618.0,True,kept
manual_s37_cyst_0003,37,scene37,True,625.0,0.1791076551436822,0.1769314855337143,0.04879370892004473,429,3471.6666666666665,367.6666666666667,True,kept
manual_s37_cyst_0004,37,scene37,True,565.0,0.28031900787781255,0.26459455490112305,0.06256973826194415,641,3152.9641185647424,572.6666666666666,True,kept
manual_s37_cyst_0004,37,scene37,True,575.0,0.22051281187194377,0.20652170479297638,0.06061997851539595,1059,4399.016052880075,998.6666666666666,True,kept
manual_s37_cyst_0004,37,scene37,True,585.0,0.2191347457514501,0.19194266945123672,0.07864612669325806,1296,4858.645833333333,1261.0,True,kept
manual_s37_cyst_0004,37,scene37,True,595.0,0.2262598774200227,0.21774443238973618,0.055881291917152416,1428,4641.682072829131,1419.6666666666667,True,kept
manual_s37_cyst_0004,37,scene37,True,605.0,0.23422500897405202,0.23533380031585693,0.05871181368500734,1535,4562.7472312703585,1531.6666666666667,True,kept
manual_s37_cyst_0004,37,scene37,True,615.0,0.23615756314978295,0.2190205082297325,0.0735606501468798,1632,4498.25919117647,1626.0,True,kept
manual_s37_cyst_0004,37,scene37,True,625.0,0.23648368398708464,0.21682006120681763,0.06998621666499644,1711,4302.357685563998,1564.6666666666667,True,kept
manual_s37_cyst_0004,37,scene37,True,635.0,0.22575424579582243,0.21447227895259857,0.06291488041834903,1351,4314.472242783124,1349.3333333333333,True,kept
manual_s37_cyst_0004,37,scene37,True,645.0,0.23301732745663872,0.2071148008108139,0.07490698641393272,986,4277.862068965517,1080.6666666666667,True,kept
manual_s37_cyst_0004,37,scene37,True,655.0,0.24271787586133126,0.20710065960884094,0.08074388793773957,905,4326.2342541436465,1194.3333333333333,True,kept
manual_s37_cyst_0004,37,scene37,True,665.0,0.22983375250694318,0.21657855063676834,0.05970919726175465,1692,4241.010638297872,1487.0,True,kept
manual_s37_cyst_0004,37,scene37,True,675.0,0.2346105855877627,0.22707412391901016,0.05682242385656044,1864,4160.992489270387,1801.3333333333333,True,kept
manual_s37_cyst_0004,37,scene37,True,685.0,0.23587166147862937,0.23581799119710922,0.048301662558986866,1848,4230.939393939394,1845.3333333333333,True,kept
manual_s37_cyst_0004,37,scene37,True,695.0,0.21583970749685377,0.21961801499128342,0.04902861240512694,1824,4636.608552631579,1805.3333333333333,True,kept
manual_s37_cyst_0004,37,scene37,True,705.0,0.19807868820418595,0.19315394759178162,0.05211117909533791,1744,4862.970756880734,1719.0,True,kept
manual_s37_cyst_0004,37,scene37,True,715.0,0.18204130540391497,0.17327220737934113,0.04767859740104712,1589,4903.719949653871,1567.3333333333333,True,kept
manual_s37_cyst_0004,37,scene37,True,725.0,0.203367755203416,0.18763931095600128,0.05406819816305299,1369,3926.054054054054,1120.0,True,kept
manual_s37_cyst_0004,37,scene37,True,735.0,0.2626259114908342,0.247674360871315,0.06413376414438997,402,2598.4875621890546,590.3333333333334,True,kept
manual_s37_cyst_0006,37,scene37,True,565.0,0.20163059711880532,0.19885224103927612,0.033888881029887415,281,2874.081850533808,333.6666666666667,True,kept
manual_s37_cyst_0006,37,scene37,True,575.0,0.17141277747642664,0.15685078501701355,0.04367899495908305,720,3999.061111111111,677.0,True,kept
manual_s37_cyst_0006,37,scene37,True,585.0,0.17233483585917833,0.15826432406902313,0.05195157256778772,1030,4651.320388349514,992.6666666666666,True,kept
manual_s37_cyst_0006,37,scene37,True,595.0,0.180122071610163,0.17535486072301865,0.050600400939085376,1228,4986.245114006515,1220.3333333333333,True,kept
manual_s37_cyst_0006,37,scene37,True,605.0,0.1968326370948056,0.19406525790691376,0.04836027745125579,1403,4886.388453314326,1379.3333333333333,True,kept
manual_s37_cyst_0006,37,scene37,True,615.0,0.20969285495584186,0.20844551920890808,0.047183077329139345,1507,4748.8978102189785,1505.0,True,kept
manual_s37_cyst_0006,37,scene37,True,625.0,0.22141219371947174,0.21880368888378143,0.05045215429526819,1605,4447.654205607477,1544.3333333333333,True,kept
manual_s37_cyst_0006,37,scene37,True,635.0,0.2207009182565703,0.2183673083782196,0.041811552384604114,1521,4385.414858645628,1431.6666666666667,True,kept
manual_s37_cyst_0006,37,scene37,True,645.0,0.22318678495208863,0.22271974384784698,0.04400431143696346,1169,4400.181351582549,1215.3333333333333,True,kept
manual_s37_cyst_0006,37,scene37,True,655.0,0.23058095077154028,0.2206692323088646,0.057277456236052134,956,4331.888075313807,1018.3333333333334,True,kept
manual_s37_cyst_0006,37,scene37,True,665.0,0.22731595417504669,0.2219775915145874,0.05789322175188805,930,4402.725806451613,943.3333333333334,True,kept
manual_s37_cyst_0006,37,scene37,True,675.0,0.22840645634648155,0.2232886552810669,0.05046799562932812,944,4315.442796610169,1151.3333333333333,True,kept
manual_s37_cyst_0006,37,scene37,True,685.0,0.2255311300482931,0.22016757726669312,0.043763844992134704,1580,4296.877848101266,1421.0,True,kept
manual_s37_cyst_0006,37,scene37,True,695.0,0.22661541574573024,0.22649013996124268,0.04046148101227811,1739,4291.498562392179,1677.6666666666667,True,kept
manual_s37_cyst_0006,37,scene37,True,705.0,0.227956227301821,0.22468306124210358,0.04969931859296201,1714,4419.547841306884,1689.6666666666667,True,kept
manual_s37_cyst_0006,37,scene37,True,715.0,0.2226090408299155,0.21959594637155533,0.05250066866188405,1616,4732.118811881188,1637.3333333333333,True,kept
manual_s37_cyst_0006,37,scene37,True,725.0,0.2148463138144854,0.20470184087753296,0.059929997162581794,1582,4794.4013906447535,1563.3333333333333,True,kept
manual_s37_cyst_0006,37,scene37,True,735.0,0.21630215700765718,0.20559315383434296,0.058105255996956096,1492,4382.552949061662,1477.6666666666667,True,kept
manual_s37_cyst_0006,37,scene37,True,745.0,0.2286238582082493,0.22176457941532135,0.05764708558038556,1359,3765.738778513613,1123.3333333333333,True,kept
manual_s37_cyst_0006,37,scene37,True,755.0,0.2954039004898714,0.29050859808921814,0.049750437246721714,519,2863.9055876685934,626.0,True,kept
manual_s37_cyst_0007,37,scene37,True,315.0,0.5597119740545068,0.5469591021537781,0.07780826413542387,437,3997.4691075514875,414.6666666666667,True,kept
manual_s37_cyst_0007,37,scene37,True,325.0,0.5256730642270397,0.5137832164764404,0.06645097356819335,592,4114.991554054054,585.6666666666666,True,kept
manual_s37_cyst_0007,37,scene37,True,335.0,0.4835039960568423,0.4748241603374481,0.05226740956732619,728,4278.251373626374,708.0,True,kept
manual_s37_cyst_0007,37,scene37,True,345.0,0.4563311807329382,0.44667792320251465,0.05950342709033603,804,4339.8669154228855,813.3333333333334,True,kept
manual_s37_cyst_0007,37,scene37,True,355.0,0.42494461219347524,0.4143688380718231,0.0758387830157616,908,4379.0859030837,898.3333333333334,True,kept
manual_s37_cyst_0007,37,scene37,True,365.0,0.3841338326826707,0.36614537239074707,0.07453854108281349,983,4447.0651068158695,973.6666666666666,True,kept
manual_s37_cyst_0007,37,scene37,True,375.0,0.36371822001285925,0.34623463451862335,0.06804910726782251,1030,4324.473786407767,999.6666666666666,True,kept
manual_s37_cyst_0007,37,scene37,True,385.0,0.34823538984113483,0.34047310054302216,0.055935518011280196,986,4257.065922920892,982.3333333333334,True,kept
manual_s37_cyst_0007,37,scene37,True,395.0,0.32074344156572054,0.30686235427856445,0.05500346153031037,931,4408.428571428572,954.6666666666666,True,kept
manual_s37_cyst_0007,37,scene37,True,405.0,0.30633720730400893,0.2954312860965729,0.05644025658177829,947,4474.522703273496,945.0,True,kept
manual_s37_cyst_0007,37,scene37,True,415.0,0.2856724122101237,0.27879607677459717,0.04451780314311171,957,4604.423197492163,964.6666666666666,True,kept
manual_s37_cyst_0007,37,scene37,True,425.0,0.26600299981808423,0.25644639134407043,0.04182937463486132,990,4604.463636363636,1002.3333333333334,True,kept
manual_s37_cyst_0007,37,scene37,True,435.0,0.2554272713385663,0.2490719109773636,0.03912278643255115,1060,4428.25,1043.3333333333333,True,kept
manual_s37_cyst_0007,37,scene37,True,445.0,0.23714204869336553,0.232914000749588,0.032818460445560665,1080,4570.632407407407,1080.0,True,kept
manual_s37_cyst_0007,37,scene37,True,455.0,0.22068192859942262,0.21700359880924225,0.03210415404789545,1100,4702.181818181818,1103.0,True,kept
manual_s37_cyst_0007,37,scene37,True,465.0,0.20952821394265278,0.20576216280460358,0.02579534026266359,1129,4631.701505757307,1113.0,True,kept
manual_s37_cyst_0007,37,scene37,True,475.0,0.199072355542097,0.19626878947019577,0.027066548058025407,1110,4747.513513513513,1107.0,True,kept
manual_s37_cyst_0007,37,scene37,True,485.0,0.19611579434543353,0.1977677270770073,0.027890217400871966,1082,4662.709796672828,1076.6666666666667,True,kept
manual_s37_cyst_0007,37,scene37,True,495.0,0.1954722213693437,0.19600462913513184,0.02184751784639942,1038,4490.0809248554915,1048.0,True,kept
manual_s37_cyst_0007,37,scene37,True,505.0,0.1880504239234142,0.18801753968000412,0.02541951143830982,1024,4468.1708984375,1033.0,True,kept
manual_s37_cyst_0007,37,scene37,True,515.0,0.18060630042619621,0.182063490152359,0.029630446843641373,1037,4616.67405978785,1041.6666666666667,True,kept
manual_s37_cyst_0007,37,scene37,True,525.0,0.173831060920891,0.17533739656209946,0.02853367508266523,1064,4690.875,1055.6666666666667,True,kept
manual_s37_cyst_0007,37,scene37,True,535.0,0.16910070975574945,0.17026489228010178,0.028004928492940482,1066,4681.181988742965,1041.6666666666667,True,kept
manual_s37_cyst_0007,37,scene37,True,545.0,0.16137351231209596,0.16276881098747253,0.027709742616279676,995,4758.235175879397,997.3333333333334,True,kept
manual_s37_cyst_0007,37,scene37,True,555.0,0.16008449373836803,0.16005980968475342,0.025764393921311097,931,4654.541353383459,913.3333333333334,True,kept
manual_s37_cyst_0007,37,scene37,True,565.0,0.156509263610298,0.15536672621965408,0.024258411481054412,814,4677.742014742014,827.0,True,kept
manual_s37_cyst_0007,37,scene37,True,575.0,0.15752805583178997,0.15736443549394608,0.02023619454378286,736,4493.441576086957,740.0,True,kept
manual_s37_cyst_0007,37,scene37,True,585.0,0.15239398902031911,0.15132898837327957,0.01834310300069342,670,4305.771641791045,652.3333333333334,True,kept
manual_s37_cyst_0007,37,scene37,True,595.0,0.14544884855106824,0.1438024789094925,0.020671585065301326,551,4253.78221415608,534.0,True,kept
manual_s37_cyst_0007,37,scene37,True,605.0,0.15384611702497236,0.14969755709171295,0.023600774336168036,381,3527.3543307086616,331.6666666666667,True,kept
manual_s37_cyst_0008,37,scene37,True,305.0,0.43690222303561976,0.4300534576177597,0.06112865358987758,406,3619.4802955665023,379.6666666666667,True,kept
manual_s37_cyst_0008,37,scene37,True,315.0,0.42226162520083754,0.4171904921531677,0.06596127337908052,546,3782.263736263736,538.3333333333334,True,kept
manual_s37_cyst_0008,37,scene37,True,325.0,0.38810988730255114,0.3744550943374634,0.07615497386320323,663,3997.1674208144796,658.6666666666666,True,kept
manual_s37_cyst_0008,37,scene37,True,335.0,0.3564175638373859,0.3391815721988678,0.07099774908777949,767,4191.723598435463,768.0,True,kept
manual_s37_cyst_0008,37,scene37,True,345.0,0.322506114329026,0.31395120918750763,0.06330331912312494,874,4313.1395881006865,869.3333333333334,True,kept
manual_s37_cyst_0008,37,scene37,True,355.0,0.29722873891213564,0.2938869595527649,0.04851116735816417,967,4257.2316442606,964.0,True,kept
manual_s37_cyst_0008,37,scene37,True,365.0,0.28127965766344604,0.27970176935195923,0.03630902983095036,1051,4314.9695528068505,1020.0,True,kept
manual_s37_cyst_0008,37,scene37,True,375.0,0.26915456088628054,0.2659829556941986,0.032663221072527886,1042,4396.899232245682,1030.3333333333333,True,kept
manual_s37_cyst_0008,37,scene37,True,385.0,0.2629037983640879,0.25841231644153595,0.04214995381709731,998,4436.648296593186,1004.6666666666666,True,kept
manual_s37_cyst_0008,37,scene37,True,395.0,0.2676299706223809,0.2558879852294922,0.05594101060301028,974,4325.976386036961,1000.0,True,kept
manual_s37_cyst_0008,37,scene37,True,405.0,0.26794179714491395,0.25632035732269287,0.06524612994972968,1028,4276.018482490273,1035.6666666666667,True,kept
manual_s37_cyst_0008,37,scene37,True,415.0,0.2546883702412989,0.24572643637657166,0.05255011318531443,1105,4276.295022624435,1089.3333333333333,True,kept
manual_s37_cyst_0008,37,scene37,True,425.0,0.2384983314947935,0.23367227613925934,0.043117192520579384,1135,4425.550660792952,1129.6666666666667,True,kept
manual_s37_cyst_0008,37,scene37,True,435.0,0.2291939050815124,0.22530320286750793,0.04811636108429504,1149,4517.379460400348,1154.0,True,kept
manual_s37_cyst_0008,37,scene37,True,445.0,0.21639259781922468,0.21395791321992874,0.04509373151709723,1178,4514.076400679117,1181.0,True,kept
manual_s37_cyst_0008,37,scene37,True,455.0,0.20797948245155184,0.20882562547922134,0.03352110342753322,1216,4542.805098684211,1173.6666666666667,True,kept
manual_s37_cyst_0008,37,scene37,True,465.0,0.20288788543777753,0.19831117987632751,0.031211179347490552,1127,4569.826974267968,1134.3333333333333,True,kept
manual_s37_cyst_0008,37,scene37,True,475.0,0.19569820442570832,0.19375663250684738,0.02735798129939528,1060,4532.125471698113,1082.3333333333333,True,kept
manual_s37_cyst_0008,37,scene37,True,485.0,0.19280062735361872,0.19020860642194748,0.028054710615284143,1060,4469.641509433963,1058.0,True,kept
manual_s37_cyst_0008,37,scene37,True,495.0,0.18864097577684066,0.18844403326511383,0.02576375124057502,1054,4383.282732447818,1048.0,True,kept
manual_s37_cyst_0008,37,scene37,True,505.0,0.18298010009440405,0.18490105122327805,0.02778422088923137,1030,4470.285436893204,1019.0,True,kept
manual_s37_cyst_0008,37,scene37,True,515.0,0.17933583128642203,0.18046265840530396,0.025166575219242593,973,4410.155190133607,983.6666666666666,True,kept
manual_s37_cyst_0008,37,scene37,True,525.0,0.17657019558680964,0.17805726826190948,0.027790790089883506,948,4371.425105485232,938.6666666666666,True,kept
manual_s37_cyst_0008,37,scene37,True,535.0,0.17487833156099533,0.17807170748710632,0.02856484925059006,895,4286.520670391062,886.0,True,kept
manual_s37_cyst_0008,37,scene37,True,545.0,0.16038070854965164,0.15945178270339966,0.028928091556273856,815,4532.801226993865,811.3333333333334,True,kept
manual_s37_cyst_0008,37,scene37,True,555.0,0.15022299281264867,0.14586415141820908,0.031674443156081,724,4541.498618784531,692.0,True,kept
manual_s37_cyst_0008,37,scene37,True,565.0,0.14993997095794429,0.13899701833724976,0.03750684503911899,537,4221.489757914339,506.6666666666667,True,kept
manual_s37_cyst_0009,37,scene37,True,235.0,0.5242120329473839,0.5232146382331848,0.05578352221532254,305,3370.1868852459015,283.0,True,kept
manual_s37_cyst_0009,37,scene37,True,245.0,0.5176418421044131,0.5148481130599976,0.05466229754744708,457,3583.2669584245077,435.3333333333333,True,kept
manual_s37_cyst_0009,37,scene37,True,255.0,0.4696456211454728,0.4691532105207443,0.04639641539825262,544,4054.426470588235,570.6666666666666,True,kept
manual_s37_cyst_0009,37,scene37,True,265.0,0.45406609119745245,0.4458785653114319,0.061501568969371506,711,4294.488045007032,694.3333333333334,True,kept
manual_s37_cyst_0009,37,scene37,True,275.0,0.4272938890805567,0.42558930814266205,0.06460916736453333,828,4586.009661835748,819.0,True,kept
manual_s37_cyst_0009,37,scene37,True,285.0,0.4041719183747805,0.40128031373023987,0.06152866116460217,918,4539.022875816993,911.6666666666666,True,kept
manual_s37_cyst_0009,37,scene37,True,295.0,0.4028670965299327,0.3855925500392914,0.07450178513501012,989,4291.907987866532,996.3333333333334,True,kept
manual_s37_cyst_0009,37,scene37,True,305.0,0.36727518613093885,0.3592253029346466,0.07219072447375126,1082,4482.058225508318,1038.3333333333333,True,kept
manual_s37_cyst_0009,37,scene37,True,315.0,0.36779810204188484,0.33154647052288055,0.10062251021991389,1044,4390.986590038314,1031.0,True,kept
manual_s37_cyst_0009,37,scene37,True,325.0,0.36028702828297327,0.32484784722328186,0.1154131803176776,967,4431.146845915202,985.0,True,kept
manual_s37_cyst_0009,37,scene37,True,335.0,0.364187836189265,0.3398042172193527,0.11959964887589218,944,4369.338983050848,966.0,True,kept
manual_s37_cyst_0009,37,scene37,True,345.0,0.3613659614940545,0.33202967047691345,0.13744349262918765,987,4410.571428571428,984.3333333333334,True,kept
manual_s37_cyst_0009,37,scene37,True,355.0,0.3364254221786725,0.31144948303699493,0.11061676747651442,1022,4649.477495107632,1017.0,True,kept
manual_s37_cyst_0009,37,scene37,True,365.0,0.3237406397220498,0.2939184010028839,0.09830689857479068,1042,4684.04990403071,1039.3333333333333,True,kept
manual_s37_cyst_0009,37,scene37,True,375.0,0.30377318003202525,0.28189030289649963,0.09699739785818956,1054,4740.810246679317,1050.0,True,kept
manual_s37_cyst_0009,37,scene37,True,385.0,0.27978859014766716,0.2771018445491791,0.06726014845493539,1054,4841.734345351044,1048.3333333333333,True,kept
manual_s37_cyst_0009,37,scene37,True,395.0,0.27715929520739424,0.2744112014770508,0.07431629363078923,1037,4798.422372227579,1030.6666666666667,True,kept
manual_s37_cyst_0009,37,scene37,True,405.0,0.25668373698002095,0.2562480866909027,0.05838726959724522,1001,4925.476523476524,1010.0,True,kept
manual_s37_cyst_0009,37,scene37,True,415.0,0.2452476728527296,0.23860614001750946,0.061259176152863394,992,5105.9012096774195,991.0,True,kept
manual_s37_cyst_0009,37,scene37,True,425.0,0.2407045938530747,0.2316952496767044,0.05664354272145461,980,4994.404081632653,977.6666666666666,True,kept
manual_s37_cyst_0009,37,scene37,True,435.0,0.23097169704727527,0.22208626568317413,0.058035288119099984,961,4968.953173777315,976.3333333333334,True,kept
manual_s37_cyst_0009,37,scene37,True,445.0,0.22306836621179754,0.21582020819187164,0.045519697870631246,988,4974.9807692307695,975.0,True,kept
manual_s37_cyst_0009,37,scene37,True,455.0,0.21840675161449147,0.21900443732738495,0.03092286824477542,976,4854.685450819672,966.6666666666666,True,kept
manual_s37_cyst_0009,37,scene37,True,465.0,0.2147903854871153,0.21501170098781586,0.027555341527180637,936,4704.511752136752,930.6666666666666,True,kept
manual_s37_cyst_0009,37,scene37,True,475.0,0.20828413030301982,0.2057068645954132,0.03523116952032684,880,4775.717045454546,868.6666666666666,True,kept
manual_s37_cyst_0009,37,scene37,True,485.0,0.2006879161053066,0.20066141337156296,0.033589268259425396,790,4838.206329113924,777.3333333333334,True,kept
manual_s37_cyst_0009,37,scene37,True,495.0,0.19613157070925588,0.18720368295907974,0.03765016766902476,662,4524.291540785499,642.6666666666666,True,kept
manual_s37_cyst_0009,37,scene37,True,505.0,0.20635492076017276,0.19957805424928665,0.041964969470457594,476,3927.1701680672268,420.3333333333333,True,kept
manual_s38_cyst_0001,38,scene38,True,325.0,0.3524364960174282,0.3591036796569824,0.08210254114726297,308,2434.1136363636365,324.6666666666667,True,kept
manual_s38_cyst_0001,38,scene38,True,335.0,0.3848171288869819,0.3606923669576645,0.09091234495680747,490,2806.5061224489796,487.0,True,kept
manual_s38_cyst_0001,38,scene38,True,345.0,0.3445414736934377,0.3284245431423187,0.07486879939220577,663,3309.891402714932,651.6666666666666,True,kept
manual_s38_cyst_0001,38,scene38,True,355.0,0.34148248071385146,0.3160865306854248,0.07959701965874207,802,3488.713216957606,780.0,True,kept
manual_s38_cyst_0001,38,scene38,True,365.0,0.3288992876495634,0.30269137024879456,0.08315382865301148,875,3662.002285714286,892.6666666666666,True,kept
manual_s38_cyst_0001,38,scene38,True,375.0,0.3095992620770152,0.2880376875400543,0.07975232421865072,1001,3829.4195804195806,984.6666666666666,True,kept
manual_s38_cyst_0001,38,scene38,True,385.0,0.3072924320490993,0.28964629769325256,0.07053415107219325,1078,3851.720779220779,1057.3333333333333,True,kept
manual_s38_cyst_0001,38,scene38,True,395.0,0.2997384033585947,0.2843925654888153,0.0695637515424175,1093,3797.612991765782,1048.0,True,kept
manual_s38_cyst_0001,38,scene38,True,405.0,0.3017632305959023,0.28205665946006775,0.07326633513438424,973,3855.2281603288798,983.0,True,kept
manual_s38_cyst_0001,38,scene38,True,415.0,0.2951836149089064,0.28027865290641785,0.060742601179329274,883,3872.236693091733,903.0,True,kept
manual_s38_cyst_0001,38,scene38,True,425.0,0.29080817031762524,0.27396610379219055,0.06555286865488986,853,3989.2227432590857,867.0,True,kept
manual_s38_cyst_0001,38,scene38,True,435.0,0.28054297804143385,0.26721110939979553,0.05059086573785448,865,4056.1537572254333,868.0,True,kept
manual_s38_cyst_0001,38,scene38,True,445.0,0.2751972741420059,0.2613935321569443,0.05519677988286387,886,4111.694130925508,873.3333333333334,True,kept
manual_s38_cyst_0001,38,scene38,True,455.0,0.267520855773579,0.25134068727493286,0.057472741680727114,869,4146.19332566168,874.3333333333334,True,kept
manual_s38_cyst_0001,38,scene38,True,465.0,0.25813320795855216,0.24622642248868942,0.05506889416200879,868,4236.179723502304,876.0,True,kept
manual_s38_cyst_0001,38,scene38,True,475.0,0.2532531425741519,0.24174553155899048,0.0491965567084585,891,4315.9517396184065,891.0,True,kept
manual_s38_cyst_0001,38,scene38,True,485.0,0.2530192658142136,0.2454487755894661,0.048372859854263234,914,4329.225382932166,904.0,True,kept
manual_s38_cyst_0001,38,scene38,True,495.0,0.24613372219239732,0.23375442624092102,0.04913810253261312,907,4436.819184123484,913.0,True,kept
manual_s38_cyst_0001,38,scene38,True,505.0,0.247675727606469,0.238461472094059,0.04731212775055018,918,4382.359477124183,909.0,True,kept
manual_s38_cyst_0001,38,scene38,True,515.0,0.24000843313673384,0.23040489852428436,0.04695676813424,902,4584.236141906874,900.6666666666666,True,kept
manual_s38_cyst_0001,38,scene38,True,525.0,0.23454220625075622,0.22455931454896927,0.046654769102825726,882,4667.1235827664395,882.0,True,kept
manual_s38_cyst_0001,38,scene38,True,535.0,0.23298818910204894,0.22200188785791397,0.04737695058080218,862,4712.651972157772,879.3333333333334,True,kept
manual_s38_cyst_0001,38,scene38,True,545.0,0.23562488123207817,0.2203812226653099,0.05342818243233325,894,4671.265100671141,879.3333333333334,True,kept
manual_s38_cyst_0001,38,scene38,True,555.0,0.23829031086900607,0.2264084666967392,0.05602989621383845,882,4564.740362811792,878.6666666666666,True,kept
manual_s38_cyst_0001,38,scene38,True,565.0,0.23351354988854986,0.21906448900699615,0.053094032622422675,860,4575.7,883.0,True,kept
manual_s38_cyst_0001,38,scene38,True,575.0,0.22719983385245357,0.21409106254577637,0.04609055396505159,907,4637.610804851158,891.6666666666666,True,kept
manual_s38_cyst_0001,38,scene38,True,585.0,0.22113941398157946,0.21216613054275513,0.04456781424555848,908,4607.055066079295,899.3333333333334,True,kept
manual_s38_cyst_0001,38,scene38,True,595.0,0.2332657499329555,0.22380322217941284,0.05222733468279778,883,4399.140430351076,894.3333333333334,True,kept
manual_s38_cyst_0001,38,scene38,True,605.0,0.2505634959970889,0.24715445935726166,0.047089057193363086,892,4263.79932735426,882.3333333333334,True,kept
manual_s38_cyst_0001,38,scene38,True,615.0,0.25593694536989436,0.24034777283668518,0.060981593085331263,872,4352.590596330275,870.3333333333334,True,kept
manual_s38_cyst_0001,38,scene38,True,625.0,0.2550545724673986,0.24229015409946442,0.05833222725836021,847,4293.498229043684,864.3333333333334,True,kept
manual_s38_cyst_0001,38,scene38,True,635.0,0.24443482036448724,0.23714862763881683,0.0506231764419717,874,4280.1830663615565,864.0,True,kept
manual_s38_cyst_0001,38,scene38,True,645.0,0.23641100570337095,0.2373337596654892,0.04886590486307891,871,4289.659012629162,866.6666666666666,True,kept
manual_s38_cyst_0001,38,scene38,True,655.0,0.23260728103375575,0.23428165912628174,0.04042354457257188,855,4234.821052631579,869.3333333333334,True,kept
manual_s38_cyst_0001,38,scene38,True,665.0,0.22539297967743713,0.2196231335401535,0.033409300867658503,882,4138.46485260771,875.0,True,kept
manual_s38_cyst_0001,38,scene38,True,675.0,0.2258527469527614,0.21843166649341583,0.03332265985537358,888,4024.564189189189,880.0,True,kept
manual_s38_cyst_0001,38,scene38,True,685.0,0.21712817104383447,0.21326134353876114,0.03816417266766826,870,4149.404597701149,865.0,True,kept
manual_s38_cyst_0001,38,scene38,True,695.0,0.2128276618079615,0.20853525400161743,0.03441160101010734,837,4178.672640382318,855.6666666666666,True,kept
manual_s38_cyst_0001,38,scene38,True,705.0,0.21212676605859468,0.20955822616815567,0.033906310670985484,860,4109.289534883721,860.3333333333334,True,kept
manual_s38_cyst_0001,38,scene38,True,715.0,0.20594855456094666,0.20046281069517136,0.0327032550799859,884,3955.8450226244345,898.0,True,kept
manual_s38_cyst_0001,38,scene38,True,725.0,0.20074165668142468,0.20304670184850693,0.04352002045718807,950,3810.878947368421,906.6666666666666,True,kept
manual_s38_cyst_0001,38,scene38,True,735.0,0.2105944434824162,0.2088475450873375,0.03602893967175526,886,3905.8047404063204,903.0,True,kept
manual_s38_cyst_0001,38,scene38,True,745.0,0.2144036856815987,0.2103499472141266,0.03934469711018584,873,3884.0355097365405,896.0,True,kept
manual_s38_cyst_0001,38,scene38,True,755.0,0.21279393941709376,0.20539923012256622,0.03389670055289432,929,3783.6361679224974,922.3333333333334,True,kept
manual_s38_cyst_0001,38,scene38,True,765.0,0.21468433782535515,0.20948563516139984,0.032163856575804825,965,3632.817616580311,940.0,True,kept
manual_s38_cyst_0001,38,scene38,True,775.0,0.2115412097319671,0.20905309170484543,0.03144934245013558,926,3532.1403887688984,920.6666666666666,True,kept
manual_s38_cyst_0001,38,scene38,True,785.0,0.21210889227423138,0.21051578223705292,0.03526407461391033,871,3355.638346727899,864.6666666666666,True,kept
manual_s38_cyst_0001,38,scene38,True,795.0,0.20809577082002179,0.20579567551612854,0.04084976791447453,797,3298.4027603513173,777.0,True,kept
manual_s38_cyst_0001,38,scene38,True,805.0,0.1987006084187178,0.18536622822284698,0.04847108769128065,663,3287.891402714932,658.6666666666666,True,kept
manual_s38_cyst_0001,38,scene38,True,815.0,0.20940730414649314,0.19354872405529022,0.052519318126173,516,2852.5562015503874,453.3333333333333,True,kept
manual_s38_cyst_0002,38,scene38,True,395.0,0.496344705190614,0.4888767898082733,0.07886217123317052,642,2766.1666666666665,555.6666666666666,True,kept
manual_s38_cyst_0002,38,scene38,True,405.0,0.4407338994415314,0.42166855931282043,0.06797778074130101,859,3807.5797438882423,831.0,True,kept
manual_s38_cyst_0002,38,scene38,True,415.0,0.434177104563963,0.42452259361743927,0.06334201900796618,992,3869.704637096774,974.6666666666666,True,kept
manual_s38_cyst_0002,38,scene38,True,425.0,0.41768225883059934,0.4128704071044922,0.055332571524095146,1073,3855.685927306617,1070.6666666666667,True,kept
manual_s38_cyst_0002,38,scene38,True,435.0,0.3989561540776995,0.3921331465244293,0.050211664292753595,1147,3807.384481255449,1131.3333333333333,True,kept
manual_s38_cyst_0002,38,scene38,True,445.0,0.374071496511846,0.36469922959804535,0.05403670119178337,1174,3795.2597955706983,1152.6666666666667,True,kept
manual_s38_cyst_0002,38,scene38,True,455.0,0.3533077802748248,0.3389818072319031,0.05835316375255309,1137,3889.14072119613,1068.0,True,kept
manual_s38_cyst_0002,38,scene38,True,465.0,0.35262691427318404,0.34425830841064453,0.05592502619406811,893,3754.003359462486,970.3333333333334,True,kept
manual_s38_cyst_0002,38,scene38,True,475.0,0.34520492891312726,0.3337881565093994,0.062078549479103344,881,3820.0465380249716,888.0,True,kept
manual_s38_cyst_0002,38,scene38,True,485.0,0.34288069545552974,0.332736998796463,0.05496491369126896,890,3774.661797752809,878.3333333333334,True,kept
manual_s38_cyst_0002,38,scene38,True,495.0,0.3359328022364665,0.323197603225708,0.06272756096695441,864,3826.0185185185187,876.0,True,kept
manual_s38_cyst_0002,38,scene38,True,505.0,0.32538888335773547,0.3130701631307602,0.06277543909765257,874,3901.4897025171626,871.0,True,kept
manual_s38_cyst_0002,38,scene38,True,515.0,0.31460863070828576,0.3007502257823944,0.06064650070975198,875,3970.0365714285713,873.6666666666666,True,kept
manual_s38_cyst_0002,38,scene38,True,525.0,0.3072125453057639,0.291435182094574,0.059961735149446235,872,4022.369266055046,868.0,True,kept
manual_s38_cyst_0002,38,scene38,True,535.0,0.29574791683686097,0.28082892298698425,0.06073315892828433,857,4113.983663943991,873.0,True,kept
manual_s38_cyst_0002,38,scene38,True,545.0,0.28673848968543364,0.2743635028600693,0.054948324254432225,890,4082.14606741573,877.3333333333334,True,kept
manual_s38_cyst_0002,38,scene38,True,555.0,0.2776011958465738,0.26738616824150085,0.055714640833657146,885,4183.1536723163845,879.6666666666666,True,kept
manual_s38_cyst_0002,38,scene38,True,565.0,0.27930614614376315,0.2660580277442932,0.056807889159570565,864,4191.695601851852,871.6666666666666,True,kept
manual_s38_cyst_0002,38,scene38,True,575.0,0.2818134253453162,0.26922978460788727,0.05658640413079484,866,4181.777136258661,865.0,True,kept
manual_s38_cyst_0002,38,scene38,True,585.0,0.274580782669128,0.26325497031211853,0.053553964735064755,865,4182.67514450867,872.0,True,kept
manual_s38_cyst_0002,38,scene38,True,595.0,0.2764911440469451,0.2615024149417877,0.0594090066191625,885,4110.593220338983,888.6666666666666,True,kept
manual_s38_cyst_0002,38,scene38,True,605.0,0.2748799825404409,0.26047635078430176,0.049889122620148614,916,4070.9541484716156,908.3333333333334,True,kept
manual_s38_cyst_0002,38,scene38,True,615.0,0.26623995840807496,0.2563309520483017,0.05039379154634486,924,4097.832251082251,936.6666666666666,True,kept
manual_s38_cyst_0002,38,scene38,True,625.0,0.26221687853643577,0.2527015209197998,0.046293584914344536,970,4058.6123711340206,954.6666666666666,True,kept
manual_s38_cyst_0002,38,scene38,True,635.0,0.26269959420272987,0.24853281676769257,0.05624022693555004,970,4106.2,958.0,True,kept
manual_s38_cyst_0002,38,scene38,True,645.0,0.25342192681111414,0.24252067506313324,0.056727912032676776,934,4140.472162740899,934.6666666666666,True,kept
manual_s38_cyst_0002,38,scene38,True,655.0,0.2478472151524491,0.23835404962301254,0.05867915503022531,900,4215.716666666666,893.6666666666666,True,kept
manual_s38_cyst_0002,38,scene38,True,665.0,0.2617678011216689,0.2554042935371399,0.05569915913693289,847,3969.2656434474616,837.6666666666666,True,kept
manual_s38_cyst_0002,38,scene38,True,675.0,0.265131434848819,0.25326770544052124,0.050398927553114176,766,3848.88772845953,757.3333333333334,True,kept
manual_s38_cyst_0002,38,scene38,True,685.0,0.26162071012763227,0.242081418633461,0.058894415321746774,659,3814.986342943854,654.6666666666666,True,kept
manual_s38_cyst_0002,38,scene38,True,695.0,0.26481019635036834,0.24023441970348358,0.07001587870679413,539,3537.6363636363635,504.0,True,kept
manual_s38_cyst_0002,38,scene38,True,705.0,0.32532172607388465,0.33959023654460907,0.06589143277533753,314,2265.4108280254777,285.0,True,kept
manual_s38_cyst_0003,38,scene38,True,205.0,0.6680080333594666,0.6704607605934143,0.0736326629290622,344,2307.3372093023254,307.6666666666667,True,kept
manual_s38_cyst_0003,38,scene38,True,215.0,0.6365271551345569,0.62972292304039,0.08373456222698232,552,3152.0452898550725,528.3333333333334,True,kept
manual_s38_cyst_0003,38,scene38,True,225.0,0.5995002697358457,0.5804636478424072,0.08424680274446156,689,3211.525399129173,673.0,True,kept
manual_s38_cyst_0003,38,scene38,True,235.0,0.5353598008578725,0.5109151899814606,0.09008530541703055,778,3555.4408740359895,772.0,True,kept
manual_s38_cyst_0003,38,scene38,True,245.0,0.5000482780071254,0.47826507687568665,0.08833997973435985,849,3568.5865724381624,845.6666666666666,True,kept
manual_s38_cyst_0003,38,scene38,True,255.0,0.45733377717353485,0.4359667897224426,0.07739304726491897,910,3549.952747252747,905.0,True,kept
manual_s38_cyst_0003,38,scene38,True,265.0,0.43678513664954877,0.4223005920648575,0.06430222922442823,956,3511.1223849372386,920.6666666666666,True,kept
manual_s38_cyst_0003,38,scene38,True,275.0,0.40619965426490773,0.3925502747297287,0.06154038047863333,896,3541.6696428571427,898.0,True,kept
manual_s38_cyst_0003,38,scene38,True,285.0,0.3823301593226662,0.36812812089920044,0.057776665536079685,842,3643.1567695961994,872.3333333333334,True,kept
manual_s38_cyst_0003,38,scene38,True,295.0,0.37691854628754423,0.3593379855155945,0.06199918193959628,879,3636.287827076223,863.3333333333334,True,kept
manual_s38_cyst_0003,38,scene38,True,305.0,0.37400462372942267,0.35126036405563354,0.08241446957467355,869,3733.0563866513235,870.0,True,kept
manual_s38_cyst_0003,38,scene38,True,315.0,0.36402685020611625,0.34567952156066895,0.06861980098752365,862,3752.8004640371228,874.0,True,kept
manual_s38_cyst_0003,38,scene38,True,325.0,0.35291842632957315,0.3323584794998169,0.06719442137457748,891,3769.5185185185187,876.3333333333334,True,kept
manual_s38_cyst_0003,38,scene38,True,335.0,0.3337477112877859,0.3139915019273758,0.06405617159132038,876,3813.376712328767,877.3333333333334,True,kept
manual_s38_cyst_0003,38,scene38,True,345.0,0.32673988600686793,0.3063674569129944,0.07078407899077108,865,3768.7526011560694,876.3333333333334,True,kept
manual_s38_cyst_0003,38,scene38,True,355.0,0.3190334237239382,0.2971651256084442,0.0741341345552283,888,3799.5664414414414,877.0,True,kept
manual_s38_cyst_0003,38,scene38,True,365.0,0.3083269701324454,0.2960960417985916,0.06730462191935739,878,3846.507972665148,873.0,True,kept
manual_s38_cyst_0003,38,scene38,True,375.0,0.30368439626092786,0.29017364978790283,0.05717706807803649,853,3796.458382180539,859.6666666666666,True,kept
manual_s38_cyst_0003,38,scene38,True,385.0,0.2956478773563538,0.28332436084747314,0.04739528177789629,848,3871.0082547169814,855.3333333333334,True,kept
manual_s38_cyst_0003,38,scene38,True,395.0,0.29246725517545824,0.27335280179977417,0.06168282503979185,865,3870.0115606936415,854.3333333333334,True,kept
manual_s38_cyst_0003,38,scene38,True,405.0,0.28820689125972637,0.2794005870819092,0.0561857475472183,850,3832.6976470588233,859.3333333333334,True,kept
manual_s38_cyst_0003,38,scene38,True,415.0,0.28248952862699783,0.2747616171836853,0.050505141157368996,863,3765.6639629200463,867.3333333333334,True,kept
manual_s38_cyst_0003,38,scene38,True,425.0,0.2709447244188515,0.2615344226360321,0.04285549818204469,889,3784.0236220472443,885.0,True,kept
manual_s38_cyst_0003,38,scene38,True,435.0,0.2652380076687729,0.2528797686100006,0.046729025214069124,903,3881.6456256921374,897.0,True,kept
manual_s38_cyst_0003,38,scene38,True,445.0,0.2706199746011229,0.2583874464035034,0.04598623971854497,899,3874.606229143493,886.3333333333334,True,kept
manual_s38_cyst_0003,38,scene38,True,455.0,0.26362763070517686,0.2496369183063507,0.05053195637029778,857,3972.548424737456,857.6666666666666,True,kept
manual_s38_cyst_0003,38,scene38,True,465.0,0.2620194466782317,0.25398537516593933,0.04356931598136278,817,3928.068543451652,822.3333333333334,True,kept
manual_s38_cyst_0003,38,scene38,True,475.0,0.27554906171853427,0.260375440120697,0.05286713398719606,793,3594.4274905422444,766.0,True,kept
manual_s38_cyst_0003,38,scene38,True,485.0,0.27487434228059165,0.25820668041706085,0.06157681577190335,688,3541.1017441860463,695.0,True,kept
manual_s38_cyst_0003,38,scene38,True,495.0,0.27534028214235967,0.25856974720954895,0.05431490106864941,604,3392.066225165563,597.6666666666666,True,kept
manual_s38_cyst_0003,38,scene38,True,505.0,0.2804774727650031,0.2632081210613251,0.05357063810355785,501,3093.115768463074,481.6666666666667,True,kept
manual_s38_cyst_0003,38,scene38,True,515.0,0.318825358546832,0.31123949587345123,0.050473954903048,340,2430.926470588235,301.0,True,kept
manual_s38_cyst_0004,38,scene38,True,665.0,0.3115520123181159,0.30716410279273987,0.05061682929872276,441,2418.0,402.6666666666667,True,kept
manual_s38_cyst_0004,38,scene38,True,675.0,0.25591694466987913,0.2319668084383011,0.0670336201589744,717,3785.792189679219,706.0,True,kept
manual_s38_cyst_0004,38,scene38,True,685.0,0.2281892848201096,0.20571205765008926,0.05784169787498329,960,4664.613541666667,932.3333333333334,True,kept
manual_s38_cyst_0004,38,scene38,True,695.0,0.21742043503160988,0.20727277547121048,0.052449107702057955,1120,5147.864285714286,1123.6666666666667,True,kept
manual_s38_cyst_0004,38,scene38,True,705.0,0.21979928218653552,0.20724572241306305,0.0511201713546013,1291,5099.8373353989155,1276.0,True,kept
manual_s38_cyst_0004,38,scene38,True,715.0,0.22250973524219483,0.21485452353954315,0.04600568460556558,1417,4925.326746647847,1411.0,True,kept
manual_s38_cyst_0004,38,scene38,True,725.0,0.2226705945906092,0.216022789478302,0.045197896347637226,1525,4787.780983606557,1446.6666666666667,True,kept
manual_s38_cyst_0004,38,scene38,True,735.0,0.2225631643113319,0.21693624556064606,0.0388113250610484,1398,4787.055078683834,1391.3333333333333,True,kept
manual_s38_cyst_0004,38,scene38,True,745.0,0.2217624727651465,0.2152034342288971,0.04342564267460461,1251,4777.210231814548,1265.3333333333333,True,kept
manual_s38_cyst_0004,38,scene38,True,755.0,0.22089265180392792,0.21483251452445984,0.04338958839014433,1147,4680.004359197907,1161.6666666666667,True,kept
manual_s38_cyst_0004,38,scene38,True,765.0,0.2226120044906532,0.21637313067913055,0.04290586716278227,1087,4611.868445262189,1104.6666666666667,True,kept
manual_s38_cyst_0004,38,scene38,True,775.0,0.22684766938564954,0.22157134115695953,0.039004140016584476,1080,4511.92962962963,1088.0,True,kept
manual_s38_cyst_0004,38,scene38,True,785.0,0.2323887047706785,0.22449266910552979,0.04123333320976521,1097,4400.693710118505,1119.0,True,kept
manual_s38_cyst_0004,38,scene38,True,795.0,0.2281743221995184,0.22220981121063232,0.04061799035329372,1180,4604.256779661017,1198.6666666666667,True,kept
manual_s38_cyst_0004,38,scene38,True,805.0,0.23025972968344438,0.22467327117919922,0.04176799826740618,1319,4707.387414708112,1286.0,True,kept
manual_s38_cyst_0004,38,scene38,True,815.0,0.23198009899120456,0.21900349855422974,0.0478063380457492,1359,4815.466519499632,1352.3333333333333,True,kept
manual_s38_cyst_0004,38,scene38,True,825.0,0.22997461269090277,0.21342603862285614,0.05721329161714244,1379,4868.301667875272,1378.3333333333333,True,kept
manual_s38_cyst_0004,38,scene38,True,835.0,0.22945208672591422,0.2171686887741089,0.05488573744350327,1397,4735.03937007874,1395.3333333333333,True,kept
manual_s38_cyst_0004,38,scene38,True,845.0,0.23246675448637483,0.22006724774837494,0.049698800443394794,1410,4586.326241134751,1395.3333333333333,True,kept
manual_s38_cyst_0004,38,scene38,True,855.0,0.23384698706748608,0.21401527523994446,0.06243844931615074,1379,4527.987672226251,1347.6666666666667,True,kept
manual_s38_cyst_0004,38,scene38,True,865.0,0.23799016873279447,0.21970708668231964,0.05508257117315478,1254,4395.443381180224,1237.3333333333333,True,kept
manual_s38_cyst_0004,38,scene38,True,875.0,0.24203906529362937,0.22663332521915436,0.051393107602596515,1079,4374.330861909175,1103.3333333333333,True,kept
manual_s38_cyst_0004,38,scene38,True,885.0,0.25287035057281154,0.2384961098432541,0.06034106446259918,977,4240.450358239509,972.6666666666666,True,kept
manual_s38_cyst_0004,38,scene38,True,895.0,0.26799418450508206,0.24689996242523193,0.06951501544894148,862,4058.1299303944315,850.0,True,kept
manual_s38_cyst_0004,38,scene38,True,905.0,0.2745682673657158,0.24890732765197754,0.06474097462810009,711,3741.2165963431785,697.6666666666666,True,kept
manual_s38_cyst_0004,38,scene38,True,915.0,0.30654069701066383,0.3052203357219696,0.06590063511415425,520,3032.623076923077,474.6666666666667,True,kept
manual_s38_cyst_0005,38,scene38,True,655.0,0.6048730354540979,0.5792276263237,0.1337156709498461,329,2174.7963525835867,305.0,True,kept
manual_s38_cyst_0005,38,scene38,True,665.0,0.5699735054836321,0.5499977469444275,0.10744555608465538,393,1992.4020356234096,375.0,True,kept
manual_s38_cyst_0005,38,scene38,True,675.0,0.547025760779014,0.534699559211731,0.09550779854265042,403,2019.5806451612902,390.0,True,kept
manual_s38_cyst_0005,38,scene38,True,685.0,0.5731680985281175,0.5886813998222351,0.10606973087349002,374,2004.192513368984,364.0,True,kept
manual_s38_cyst_0005,38,scene38,True,695.0,0.49510640568203396,0.4826376140117645,0.08464525039136651,315,2338.1238095238095,278.0,True,kept
