cyst_id,roi_file,scene,scene_index,source_file,source_mode,bead_present,distance_mode,angle_mode,pixel_size_um,psmad_image_path,dapi_image_path,array_center_x_px,array_center_y_px,ap_defined_from_array_center,sample_region_distance,sample_region_orientation,shell_depth_px,distance_crescent_half_angle_deg,shell_n_px,distance_region_n_px,bead_x_px,bead_y_px,centroid_x_px,centroid_y_px,posterior_x_px,posterior_y_px,anterior_x_px,anterior_y_px,nearest_surface_x_px,nearest_surface_y_px,distance_centroid_bead_um,distance_d_um,theta_b_deg,theta_peak_deg,theta_peak_rel_bead_deg,theta_moment_deg,theta_moment_rel_bead_deg,theta_moment_strength,roi_area_px,ratio_peak,ratio_peak_top01,ratio_peak_top05,ratio_peak_top20,ratio_peak_top30,ratio_p99,ratio_p95,ratio_p90,ratio_raw_max,ratio_mean_shell,ratio_median_shell,ratio_mean_distance_region,ratio_median_distance_region,ratio_near_q05_mean,ratio_near_q10_mean,ratio_near_q20_mean,ratio_near_q30_mean,ratio_bead_crescent_30_mean,ratio_bead_crescent_45_mean,ratio_bead_crescent_60_mean,ratio_bead_crescent_90_mean,ratio_norm_denom,psmad_bg_mu_raw,psmad_bg_sigma_raw,dapi_bg_mu_raw,dapi_bg_sigma_raw,distance_support_min_pixels,distance_support_window_bins,n_distance_bins_kept,n_distance_bins_trimmed_left,n_distance_bins_trimmed_right,review_action,include_in_downstream_analysis,review_reason,distance_plot_um,distance_plot_note
manual_s00_cyst_0001,<analysis-root>/pSMAD/results/rois/manual_bead_well_36locations/manual_s00_cyst_0001.json,series_00,0,well3-36locations.ome.tif,roi_json_bead_present,True,bead_center_to_nearest_surface,centroid_bead_vector_vs_array_center_ap_axis,0.65,results/manual_bead_well_36locations/scene_images/scene00_psmad.tif,results/manual_bead_well_36locations/scene_images/scene00_dapi.tif,933.3882007543289,1009.395208297617,True,full_peripheral_shell,full_peripheral_shell,55.0,,67024,63592,1954.250276538838,653.0892720448287,796.1869038841187,560.661204005423,684.0,321.5,903.0,815.5,973.5,655.0,755.134887223734,637.4888895743264,118.4719129123733,-17.5,-135.97191291237328,0.31913379757379745,-118.1527791147995,0.472226257328084,126129,0.11883896961339614,0.1654968759595598,0.132776651479913,0.1054536887125377,0.09747274140516396,0.1468435126543045,0.11209469027817248,0.09937273263931275,0.2820141911506653,0.07023214173025916,0.06529724597930908,0.06924390677325865,0.06493804231286049,0.05320112341077729,0.055914869292715344,0.058288072201247834,0.06096242431917147,0.060252536288373806,0.060664563003844894,0.061440806313776825,0.06247206621508105,0.11632312163710594,1466.2370910644531,97.98636415997346,148.03125,12.61273181773464,1710.3333333333333,3.0,23.0,2.0,2.0,keep,True,,637.4888895743264,measured_d
manual_s00_cyst_0002,<analysis-root>/pSMAD/results/rois/manual_bead_well_36locations/manual_s00_cyst_0002.json,series_00,0,well3-36locations.ome.tif,roi_json_bead_present,True,bead_center_to_nearest_surface,centroid_bead_vector_vs_array_center_ap_axis,0.65,results/manual_bead_well_36locations/scene_images/scene00_psmad.tif,results/manual_bead_well_36locations/scene_images/scene00_dapi.tif,933.3882007543289,1009.395208297617,True,full_peripheral_shell,full_peripheral_shell,55.0,,63426,60077,1954.250276538838,653.0892720448287,1268.132003421255,632.7274486595765,1484.5,528.0,1061.5,805.0,1499.5,568.0,446.1732235528179,300.71756558582666,34.918496168213785,7.5,-27.418496168213778,1.9547567394188763,-32.963739428794895,0.5979158605516595,115747,0.16111939282128004,0.21164922202982245,0.1766076882266887,0.1437115170744889,0.1319871897033312,0.1883241373300552,0.1548635125160217,0.13768755793571472,0.39158719778060913,0.0894711700150944,0.07996511459350586,0.08726483467314422,0.07872842252254486,0.13382776151380232,0.13225800325578146,0.12848889934315721,0.12082382756720648,0.11654255184482173,0.12043585047169242,0.11856562421491224,0.11059060361863819,0.1617891900241375,1466.2370910644531,97.98636415997346,148.03125,12.61273181773464,1710.3333333333333,3.0,26.0,2.0,1.0,keep,True,,300.71756558582666,measured_d
manual_s00_cyst_0003,<analysis-root>/pSMAD/results/rois/manual_bead_well_36locations/manual_s00_cyst_0003.json,series_00,0,well3-36locations.ome.tif,roi_json_bead_present,True,bead_center_to_nearest_surface,centroid_bead_vector_vs_array_center_ap_axis,0.65,results/manual_bead_well_36locations/scene_images/scene00_psmad.tif,results/manual_bead_well_36locations/scene_images/scene00_dapi.tif,933.3882007543289,1009.395208297617,True,full_peripheral_shell,full_peripheral_shell,55.0,,57151,53615,1954.250276538838,653.0892720448287,444.0497151355201,914.8935528465502,222.5,929.0,686.5,943.0,686.5,937.0,996.2715238470655,844.4488365259093,168.43687565961747,37.5,-130.93687565961747,9.03752445552602,-159.39935120409146,0.2974598223022927,95484,0.1096308595420642,0.15104674890609648,0.12126922701631007,0.09822235103086183,0.09147436205305814,0.13171144664287568,0.10404760986566541,0.09316599816083908,0.27177271246910095,0.06882291326259515,0.06547480821609497,0.06798376946087402,0.06489087641239166,0.06097114535034014,0.06025317121062293,0.05938500337074088,0.05954402035787206,0.05915769599215569,0.0596517329808444,0.06061026385174654,0.06119548148754665,0.10659811645746231,1466.2370910644531,97.98636415997346,148.03125,12.61273181773464,1710.3333333333333,3.0,26.0,2.0,2.0,keep,True,,844.4488365259093,measured_d
manual_s00_cyst_0005,<analysis-root>/pSMAD/results/rois/manual_bead_well_36locations/manual_s00_cyst_0005.json,series_00,0,well3-36locations.ome.tif,roi_json_bead_present,True,bead_center_to_nearest_surface,centroid_bead_vector_vs_array_center_ap_axis,0.65,results/manual_bead_well_36locations/scene_images/scene00_psmad.tif,results/manual_bead_well_36locations/scene_images/scene00_dapi.tif,933.3882007543289,1009.395208297617,True,full_peripheral_shell,full_peripheral_shell,55.0,,60611,58372,1954.250276538838,653.0892720448287,1439.2098442823253,1123.4985730339083,1654.5,1206.0,1194.5,1077.0,1614.0,1020.5,453.39611044429375,325.4942051539493,-58.07218364599,-37.5,20.57218364599001,-46.32654880098576,11.745634845004247,0.4842033779848614,112126,0.12535138380608155,0.16902928750910987,0.13756262649612583,0.11310510470346415,0.10542301713948914,0.1489291796088219,0.11919174604117867,0.10796991810202598,0.2612382173538208,0.07499114739512246,0.0709206759929657,0.07377309343846171,0.07002469524741173,0.10111535276736491,0.09981076697633563,0.10059106334661008,0.09803259983027414,0.09723381122251205,0.09922524521324519,0.09801541988616404,0.09210773625188058,0.12268376722931862,1466.2370910644531,97.98636415997346,148.03125,12.61273181773464,1710.3333333333333,3.0,24.0,2.0,1.0,keep,True,,325.4942051539493,measured_d
manual_s00_cyst_0006,<analysis-root>/pSMAD/results/rois/manual_bead_well_36locations/manual_s00_cyst_0006.json,series_00,0,well3-36locations.ome.tif,roi_json_bead_present,True,bead_center_to_nearest_surface,centroid_bead_vector_vs_array_center_ap_axis,0.65,results/manual_bead_well_36locations/scene_images/scene00_psmad.tif,results/manual_bead_well_36locations/scene_images/scene00_dapi.tif,933.3882007543289,1009.395208297617,True,full_peripheral_shell,full_peripheral_shell,55.0,,61973,58604,1954.250276538838,653.0892720448287,624.3229979110223,1387.1532433887048,496.0,1590.5,758.0,1156.5,795.5,1202.0,987.3918234398348,833.4219777799922,-150.01567132928733,37.5,-172.48432867071267,23.148732642123857,173.16440397141116,0.27077211052563654,109623,0.1043765772514794,0.1424367656928108,0.11507330104805268,0.09396566985059482,0.08779577550999189,0.12423129700124266,0.09915558062493801,0.089222352206707,0.2900806665420532,0.06551044166103868,0.06263408064842224,0.06502960170110096,0.06240290217101574,0.05794429770918358,0.06091023430103019,0.059501050509164086,0.057662836900831606,0.0567891697237214,0.05811127619315489,0.0578610049123948,0.058356479911059245,0.10099559426307678,1466.2370910644531,97.98636415997346,148.03125,12.61273181773464,1710.3333333333333,3.0,27.0,2.0,1.0,keep,True,,833.4219777799922,measured_d
manual_s00_cyst_0007,<analysis-root>/pSMAD/results/rois/manual_bead_well_36locations/manual_s00_cyst_0007.json,series_00,0,well3-36locations.ome.tif,roi_json_bead_present,True,bead_center_to_nearest_surface,centroid_bead_vector_vs_array_center_ap_axis,0.65,results/manual_bead_well_36locations/scene_images/scene00_psmad.tif,results/manual_bead_well_36locations/scene_images/scene00_dapi.tif,933.3882007543289,1009.395208297617,True,full_peripheral_shell,full_peripheral_shell,55.0,,62651,60042,1954.250276538838,653.0892720448287,1104.2914554541735,1499.392935275599,1136.0,1726.5,1019.0,1254.5,1157.5,1308.0,779.6369685010931,670.3889205969871,-120.95459968240944,-32.5,88.45459968240942,-12.7358428463371,108.21875683607232,0.25678551210017503,112446,0.09352466043063147,0.1276806800094698,0.10307360313214979,0.08398884704271535,0.0782579356241033,0.11105971753597252,0.08908856101334094,0.07981333881616592,0.23703332245349884,0.05709451050957615,0.054714735597372055,0.05696167220660381,0.05458766780793667,0.04769584504950108,0.04841003236853263,0.05054431935121328,0.05233955221693333,0.05021904696377748,0.04985212423829896,0.05252708235279212,0.05597314428731219,0.08956990391016006,1466.2370910644531,97.98636415997346,148.03125,12.61273181773464,1710.3333333333333,3.0,22.0,1.0,2.0,keep,True,,670.3889205969871,measured_d
manual_s01_cyst_0001,<analysis-root>/pSMAD/results/rois/manual_bead_well_36locations/manual_s01_cyst_0001.json,series_01,1,well3-36locations.ome.tif,roi_json_bead_present,True,bead_center_to_nearest_surface,centroid_bead_vector_vs_array_center_ap_axis,0.65,results/manual_bead_well_36locations/scene_images/scene01_psmad.tif,results/manual_bead_well_36locations/scene_images/scene01_dapi.tif,1174.5005519982335,791.2405829101347,True,full_peripheral_shell,full_peripheral_shell,55.0,,62549,60867,106.9960138248848,1139.4818732718893,1014.4520789129159,301.22966006049387,867.0,107.5,1125.0,539.5,979.5,498.0,802.9916170642546,703.9119471516152,-101.88326608909638,-12.5,89.38326608909637,-1.432846867733551,100.45041922136284,0.4571817244133619,110755,0.12393012685700945,0.16635396883307615,0.1365631660556668,0.11132560745958764,0.10370094603950944,0.1474609446525573,0.11839001029729841,0.10573432594537735,0.30108314752578735,0.07571660664741538,0.07260561734437943,0.07536745600061817,0.07226220518350601,0.06508010927111683,0.06245540223904939,0.06543282737388732,0.06832901188856573,0.07138741050666068,0.06984825995524731,0.0697405190514969,0.07238399755270393,0.11901488602161406,1466.2370910644531,97.98636415997346,148.03125,12.61273181773464,1710.3333333333333,3.0,20.0,1.0,1.0,keep,True,,703.9119471516152,measured_d
manual_s01_cyst_0002,<analysis-root>/pSMAD/results/rois/manual_bead_well_36locations/manual_s01_cyst_0002.json,series_01,1,well3-36locations.ome.tif,roi_json_bead_present,True,bead_center_to_nearest_surface,centroid_bead_vector_vs_array_center_ap_axis,0.65,results/manual_bead_well_36locations/scene_images/scene01_psmad.tif,results/manual_bead_well_36locations/scene_images/scene01_dapi.tif,1174.5005519982335,791.2405829101347,True,full_peripheral_shell,full_peripheral_shell,55.0,,65397,61397,106.9960138248848,1139.4818732718893,1505.1091616046724,398.2130151738825,1659.0,227.5,1315.0,582.5,1302.5,565.0,1028.6031572996535,862.1409476148291,-162.0306159191226,-27.5,134.53061591912262,6.9102915746427955,168.9409074937654,0.34294524028075773,123963,0.09987283162044586,0.13134106384523528,0.10887206169361012,0.09087395569437004,0.0853617206612252,0.11653368920087817,0.09582438617944716,0.08699163347482682,0.21798259019851685,0.06493832764196343,0.062396928668022156,0.06466163102760254,0.062339674681425095,0.0553416122582283,0.056409525499961276,0.05602534405632303,0.05631162561536903,0.05575444805331652,0.05625267342634802,0.05660806385308955,0.05737939600375105,0.09726418256759642,1466.2370910644531,97.98636415997346,148.03125,12.61273181773464,1710.3333333333333,3.0,29.0,2.0,2.0,keep,True,,862.1409476148291,measured_d
manual_s01_cyst_0003,<analysis-root>/pSMAD/results/rois/manual_bead_well_36locations/manual_s01_cyst_0003.json,series_01,1,well3-36locations.ome.tif,roi_json_bead_present,True,bead_center_to_nearest_surface,centroid_bead_vector_vs_array_center_ap_axis,0.65,results/manual_bead_well_36locations/scene_images/scene01_psmad.tif,results/manual_bead_well_36locations/scene_images/scene01_dapi.tif,1174.5005519982335,791.2405829101347,True,full_peripheral_shell,full_peripheral_shell,55.0,,68067,65048,106.9960138248848,1139.4818732718893,703.029443616103,690.7658557639488,442.5,766.0,973.5,748.0,447.0,779.5,484.93742748851355,321.8580917469017,-35.03230036687276,-12.5,22.53230036687276,-4.291398081237793,30.740902285634974,0.6096473220494804,127430,0.15187503652651432,0.1988284340423007,0.16601322190489654,0.1364181671214278,0.12605421286865653,0.17732034876942634,0.14597948119044296,0.13093153089284898,0.3173213601112366,0.0876795823238286,0.07926109433174133,0.0849749171658134,0.07727552577853203,0.1287634407891298,0.13029705931437557,0.12549754692804208,0.11899576831266356,0.11765166384899144,0.11902808435134737,0.11610631608764949,0.10697849439846671,0.15381385535001751,1466.2370910644531,97.98636415997346,148.03125,12.61273181773464,1710.3333333333333,3.0,28.0,3.0,1.0,keep,True,,321.8580917469017,measured_d
manual_s01_cyst_0005,<analysis-root>/pSMAD/results/rois/manual_bead_well_36locations/manual_s01_cyst_0005.json,series_01,1,well3-36locations.ome.tif,roi_json_bead_present,True,bead_center_to_nearest_surface,centroid_bead_vector_vs_array_center_ap_axis,0.65,results/manual_bead_well_36locations/scene_images/scene01_psmad.tif,results/manual_bead_well_36locations/scene_images/scene01_dapi.tif,1174.5005519982335,791.2405829101347,True,full_peripheral_shell,full_peripheral_shell,55.0,,59122,55743,106.9960138248848,1139.4818732718893,1696.9495203267018,898.7801068958493,1893.5,1001.0,1458.5,852.0,1456.5,886.0,1045.2455744302397,892.5174754925135,152.48360170489147,-42.5,165.0163982951085,-27.144644529757684,-179.62824623464917,0.2378799487029985,103091,0.09587786546469804,0.12381664476621108,0.1040944891956393,0.08736542863184074,0.08208432628994303,0.11107672363519679,0.09225515872240064,0.08397244215011597,0.17991432547569275,0.06239915247737056,0.05996262654662132,0.06196902591787653,0.05977485701441765,0.05741531950477751,0.05906286072570647,0.05743585765984617,0.057002516529281524,0.0563836192821299,0.0566435698594904,0.0567544450502424,0.05670971420580418,0.09362931512296199,1466.2370910644531,97.98636415997346,148.03125,12.61273181773464,1710.3333333333333,3.0,26.0,2.0,2.0,keep,True,,892.5174754925135,measured_d
manual_s01_cyst_0006,<analysis-root>/pSMAD/results/rois/manual_bead_well_36locations/manual_s01_cyst_0006.json,series_01,1,well3-36locations.ome.tif,roi_json_bead_present,True,bead_center_to_nearest_surface,centroid_bead_vector_vs_array_center_ap_axis,0.65,results/manual_bead_well_36locations/scene_images/scene01_psmad.tif,results/manual_bead_well_36locations/scene_images/scene01_dapi.tif,1174.5005519982335,791.2405829101347,True,full_peripheral_shell,full_peripheral_shell,55.0,,68987,65872,106.9960138248848,1139.4818732718893,827.3818523707691,1154.379249317897,652.0,1324.5,1013.0,955.5,609.5,1199.0,468.35090825201974,328.9107026867496,46.812565527347736,27.5,-19.312565527347743,15.001332948863565,-31.81123257848418,0.5733734147274879,135610,0.14968100845424712,0.19269929507433553,0.16306706185440764,0.13465519228289205,0.12474498796901558,0.17338137552142144,0.14440661445260042,0.12921349555253983,0.2921821177005768,0.08513656287712634,0.07764723151922226,0.08425231896735902,0.07756680250167847,0.13533352620325165,0.13212547028741478,0.12472405578962313,0.1163701270355856,0.11956740019295346,0.1192300006642385,0.11494863063492698,0.10572023910923589,0.1488002315163612,1466.2370910644531,97.98636415997346,148.03125,12.61273181773464,1710.3333333333333,3.0,26.0,2.0,2.0,keep,True,,328.9107026867496,measured_d
manual_s01_cyst_0007,<analysis-root>/pSMAD/results/rois/manual_bead_well_36locations/manual_s01_cyst_0007.json,series_01,1,well3-36locations.ome.tif,roi_json_bead_present,True,bead_center_to_nearest_surface,centroid_bead_vector_vs_array_center_ap_axis,0.65,results/manual_bead_well_36locations/scene_images/scene01_psmad.tif,results/manual_bead_well_36locations/scene_images/scene01_dapi.tif,1174.5005519982335,791.2405829101347,True,full_peripheral_shell,full_peripheral_shell,55.0,,63633,60467,106.9960138248848,1139.4818732718893,1336.9271127592028,1273.6173725960066,1415.0,1483.5,1244.0,1025.5,1167.5,1134.0,804.1954986374518,689.3368003035805,116.69778618828995,32.5,-84.19778618828995,22.879806208788057,-93.8179799795019,0.29732228359144763,114341,0.09552073935319397,0.12526416463300216,0.10452396614063117,0.08639924453791063,0.08097328568987032,0.11224884584546085,0.09180830568075178,0.0825330451130867,0.19074885547161102,0.06110577774080074,0.05891028791666031,0.060970695287093084,0.058826956897974014,0.05203135954598014,0.05301697332210554,0.05603775897865574,0.05814829002742395,0.05913040003497987,0.058133096316835664,0.05866327086195417,0.06088357013946406,0.09252490252256393,1466.2370910644531,97.98636415997346,148.03125,12.61273181773464,1710.3333333333333,3.0,22.0,2.0,2.0,keep,True,,689.3368003035805,measured_d
manual_s02_cyst_0001,<analysis-root>/pSMAD/results/rois/manual_bead_well_36locations/manual_s02_cyst_0001.json,series_02,2,well3-36locations.ome.tif,roi_json_bead_present,True,bead_center_to_nearest_surface,centroid_bead_vector_vs_array_center_ap_axis,0.65,results/manual_bead_well_36locations/scene_images/scene02_psmad.tif,results/manual_bead_well_36locations/scene_images/scene02_dapi.tif,985.5487053020962,802.8454582819564,True,full_peripheral_shell,full_peripheral_shell,55.0,,63887,60544,755.1832949308757,1916.5356175115207,830.0082749677958,311.6396806033049,799.0,100.5,918.0,561.5,883.0,566.5,1044.3155259118319,881.4472815927655,-162.85658192991386,-32.5,130.3565819299139,-6.920039369942059,155.93654255997183,0.29624265090033786,117221,0.13030971332363211,0.18130708456334502,0.1452766227950508,0.11646610179152907,0.10868767578137574,0.15966047465801236,0.12293622642755508,0.10959934517741204,0.2966655194759369,0.08256414912695044,0.07866303622722626,0.08187785775595258,0.07835673540830612,0.0691367684724486,0.07048489318085445,0.07035249454359319,0.07129428286913046,0.07105862546341782,0.07136712847805794,0.07160619048831489,0.0732540192835031,0.12590536922216414,1466.2370910644531,97.98636415997346,148.03125,12.61273181773464,1710.3333333333333,3.0,28.0,2.0,2.0,keep,True,,881.4472815927655,measured_d
manual_s02_cyst_0002,<analysis-root>/pSMAD/results/rois/manual_bead_well_36locations/manual_s02_cyst_0002.json,series_02,2,well3-36locations.ome.tif,roi_json_bead_present,True,bead_center_to_nearest_surface,centroid_bead_vector_vs_array_center_ap_axis,0.65,results/manual_bead_well_36locations/scene_images/scene02_psmad.tif,results/manual_bead_well_36locations/scene_images/scene02_dapi.tif,985.5487053020962,802.8454582819564,True,full_peripheral_shell,full_peripheral_shell,55.0,,61648,59902,755.1832949308757,1916.5356175115207,1318.703922312027,413.3299153842177,1460.5,234.0,1136.5,586.0,1175.0,610.5,1043.484435420891,891.7031343316864,157.92182170386755,22.5,-135.42182170386755,6.844236885630975,-151.07758481823657,0.36510104646813435,116054,0.12791061654445665,0.18007014545301597,0.14234691573796826,0.11420350902385101,0.1061859710546137,0.15515873074531547,0.12064668387174607,0.10768963247537613,0.346706360578537,0.07833361253492842,0.07424962520599365,0.07767174259796582,0.07374759018421173,0.06334996699804418,0.06270506375714417,0.06438241492515041,0.0646966821301334,0.06404056345060448,0.06528331738049693,0.06547256091779086,0.06765423726283307,0.1225958701223135,1466.2370910644531,97.98636415997346,148.03125,12.61273181773464,1710.3333333333333,3.0,28.0,1.0,1.0,keep,True,,891.7031343316864,measured_d
manual_s02_cyst_0003,<analysis-root>/pSMAD/results/rois/manual_bead_well_36locations/manual_s02_cyst_0003.json,series_02,2,well3-36locations.ome.tif,roi_json_bead_present,True,bead_center_to_nearest_surface,centroid_bead_vector_vs_array_center_ap_axis,0.65,results/manual_bead_well_36locations/scene_images/scene02_psmad.tif,results/manual_bead_well_36locations/scene_images/scene02_dapi.tif,985.5487053020962,802.8454582819564,True,full_peripheral_shell,full_peripheral_shell,55.0,,58304,57650,755.1832949308757,1916.5356175115207,479.1888612078865,687.6239903462504,250.5,710.0,723.5,704.0,541.0,822.5,818.6895699927157,724.6227334615288,-101.93096173767066,-7.5,94.43096173767066,5.1303867534012895,107.06134849107195,0.32457088669562095,102758,0.14538548884578922,0.19831479228451926,0.16210035030270384,0.1286324059017203,0.11884317668394465,0.17666831374168404,0.138196887075901,0.12122397422790526,0.2877623438835144,0.08682425735540955,0.08118078857660294,0.08634995122801219,0.08090187609195709,0.08588688402264494,0.07962547467742034,0.0771201327402736,0.07797449093842979,0.07890493260419978,0.07873405696705373,0.07787753972394307,0.08293485645600608,0.1400767169892788,1466.2370910644531,97.98636415997346,148.03125,12.61273181773464,1710.3333333333333,3.0,19.0,1.0,1.0,keep,True,,724.6227334615288,measured_d
manual_s02_cyst_0005,<analysis-root>/pSMAD/results/rois/manual_bead_well_36locations/manual_s02_cyst_0005.json,series_02,2,well3-36locations.ome.tif,roi_json_bead_present,True,bead_center_to_nearest_surface,centroid_bead_vector_vs_array_center_ap_axis,0.65,results/manual_bead_well_36locations/scene_images/scene02_psmad.tif,results/manual_bead_well_36locations/scene_images/scene02_dapi.tif,985.5487053020962,802.8454582819564,True,full_peripheral_shell,full_peripheral_shell,55.0,,62969,59587,755.1832949308757,1916.5356175115207,1489.7717936893634,901.1397811319416,1702.5,1010.0,1237.5,835.0,1297.0,969.5,814.6159761363703,709.1979002029844,105.26034051147984,-27.5,-132.76034051147985,-3.9282561106138596,-109.1885966220937,0.31270510379734545,112762,0.12056732880532052,0.16480708884812842,0.1333884729359974,0.10802613467010581,0.10075312223371499,0.14532555907964706,0.11453048139810558,0.10219490230083467,0.4184671640396118,0.07596281532018165,0.07276424020528793,0.07516101953674696,0.07215806096792221,0.06577987958920882,0.06577980271655454,0.067183568879098,0.07005651113109103,0.07379323009674783,0.07201678796429889,0.07063059399190547,0.07281911570703582,0.11669449210166931,1466.2370910644531,97.98636415997346,148.03125,12.61273181773464,1710.3333333333333,3.0,20.0,2.0,2.0,keep,True,,709.1979002029844,measured_d
manual_s02_cyst_0006,<analysis-root>/pSMAD/results/rois/manual_bead_well_36locations/manual_s02_cyst_0006.json,series_02,2,well3-36locations.ome.tif,roi_json_bead_present,True,bead_center_to_nearest_surface,centroid_bead_vector_vs_array_center_ap_axis,0.65,results/manual_bead_well_36locations/scene_images/scene02_psmad.tif,results/manual_bead_well_36locations/scene_images/scene02_dapi.tif,985.5487053020962,802.8454582819564,True,full_peripheral_shell,full_peripheral_shell,55.0,,54432,51748,755.1832949308757,1916.5356175115207,645.7826758700412,1175.650594106728,524.0,1349.5,794.0,999.5,641.0,1365.5,486.79710906401755,365.7820216559312,-46.04733585988541,12.5,58.54733585988541,-9.979689212282501,36.06764664760291,0.42170719539299684,89967,0.1545325291732659,0.2065714867533864,0.1691600194048292,0.1402095613250698,0.13131478217776846,0.18189868107438087,0.14725797697901724,0.134113447368145,0.3445880711078644,0.09647871631665483,0.09225799143314362,0.09530946297571495,0.09135109931230545,0.12450858885551899,0.12383268098180421,0.11784460481166263,0.11594802795736878,0.11164437769287508,0.1129989942047459,0.11400577885619664,0.11079361533805827,0.15056223422288892,1466.2370910644531,97.98636415997346,148.03125,12.61273181773464,1710.3333333333333,3.0,22.0,2.0,2.0,keep,True,,365.7820216559312,measured_d
manual_s02_cyst_0007,<analysis-root>/pSMAD/results/rois/manual_bead_well_36locations/manual_s02_cyst_0007.json,series_02,2,well3-36locations.ome.tif,roi_json_bead_present,True,bead_center_to_nearest_surface,centroid_bead_vector_vs_array_center_ap_axis,0.65,results/manual_bead_well_36locations/scene_images/scene02_psmad.tif,results/manual_bead_well_36locations/scene_images/scene02_dapi.tif,985.5487053020962,802.8454582819564,True,full_peripheral_shell,full_peripheral_shell,55.0,,64298,62462,755.1832949308757,1916.5356175115207,1150.2668684395856,1297.442218048895,1170.0,1528.5,1016.0,1070.5,1092.0,1529.5,477.3707567922647,333.49628365286395,51.12952050731635,27.5,-23.629520507316357,28.3440080436257,-22.78551246369065,0.4735220061930792,119276,0.14015147204096268,0.18418089320659636,0.1529415005033361,0.12667641152919917,0.1179737119262867,0.16304544121026993,0.13468647822737692,0.12153420820832253,0.33126524090766907,0.08612274350018206,0.08150896430015564,0.08480694756686086,0.08068820834159851,0.12077408097445888,0.11891169668052584,0.11455599103028423,0.10930312149780519,0.11220217825176237,0.11126155859183263,0.10782434911821298,0.10000933077121099,0.13854993507266045,1466.2370910644531,97.98636415997346,148.03125,12.61273181773464,1710.3333333333333,3.0,25.0,2.0,1.0,keep,True,,333.49628365286395,measured_d
manual_s03_cyst_0002,<analysis-root>/pSMAD/results/rois/manual_bead_well_36locations/manual_s03_cyst_0002.json,series_03,3,well3-36locations.ome.tif,roi_json_bead_present,True,bead_center_to_nearest_surface,centroid_bead_vector_vs_array_center_ap_axis,0.65,results/manual_bead_well_36locations/scene_images/scene03_psmad.tif,results/manual_bead_well_36locations/scene_images/scene03_dapi.tif,983.2470657855804,1218.1156672255647,True,full_peripheral_shell,full_peripheral_shell,55.0,,54747,49479,1146.6627419354843,170.9223456221198,1321.6592788240698,841.9891364262747,1505.0,723.5,1171.0,1020.5,1321.0,654.5,450.78070592500507,334.12834294757977,-62.97154337355215,-42.5,20.47154337355215,-30.41727695203316,32.554266421519,0.5198021281436112,87080,0.18211819585969877,0.23894712717244118,0.19946780143096357,0.16356375190996314,0.15174304286424073,0.2154008349776268,0.17458524703979492,0.1564442038536072,0.3521025776863098,0.11057103428336616,0.10263587534427643,0.10749570063880141,0.10061541199684143,0.14432918111113838,0.14730980527032356,0.14095661960159736,0.13464562063652755,0.13580708147811613,0.13753657048122403,0.13362463220172163,0.1297078572103843,0.18347839564085003,1466.2370910644531,97.98636415997346,148.03125,12.61273181773464,1710.3333333333333,3.0,19.0,3.0,2.0,keep,True,,334.12834294757977,measured_d
manual_s03_cyst_0003,<analysis-root>/pSMAD/results/rois/manual_bead_well_36locations/manual_s03_cyst_0003.json,series_03,3,well3-36locations.ome.tif,roi_json_bead_present,True,bead_center_to_nearest_surface,centroid_bead_vector_vs_array_center_ap_axis,0.65,results/manual_bead_well_36locations/scene_images/scene03_psmad.tif,results/manual_bead_well_36locations/scene_images/scene03_dapi.tif,983.2470657855804,1218.1156672255647,True,full_peripheral_shell,full_peripheral_shell,55.0,,54911,52635,1146.6627419354843,170.9223456221198,490.2081846752637,1144.0388542796748,253.5,1168.0,722.5,1150.0,642.0,1051.5,762.9926719072394,659.7104507933499,126.20111066950618,2.5,-123.70111066950618,15.927563281604742,-110.27354738790143,0.4197593842578255,89411,0.15021740200739683,0.22034279179301614,0.17100658844646893,0.1312405989218089,0.12060345962929549,0.19059533029794692,0.14024464786052704,0.12143325507640838,0.39120200276374817,0.08713069321431542,0.08096294850111008,0.08606868825882596,0.08029405772686005,0.07253573605250058,0.07460587756817248,0.07715306871971327,0.07804735347057214,0.0767849896664748,0.07693089577617188,0.0792759140425078,0.08047412030601177,0.14414621889591217,1466.2370910644531,97.98636415997346,148.03125,12.61273181773464,1710.3333333333333,3.0,20.0,2.0,1.0,keep,True,,659.7104507933499,measured_d
manual_s03_cyst_0005,<analysis-root>/pSMAD/results/rois/manual_bead_well_36locations/manual_s03_cyst_0005.json,series_03,3,well3-36locations.ome.tif,roi_json_bead_present,True,bead_center_to_nearest_surface,centroid_bead_vector_vs_array_center_ap_axis,0.65,results/manual_bead_well_36locations/scene_images/scene03_psmad.tif,results/manual_bead_well_36locations/scene_images/scene03_dapi.tif,983.2470657855804,1218.1156672255647,True,full_peripheral_shell,full_peripheral_shell,55.0,,62153,58311,1146.6627419354843,170.9223456221198,1513.1694321952994,1319.3631131517934,1695.5,1432.0,1272.5,1287.0,1354.0,1198.5,783.5785318643245,681.3862213652757,-126.62084130372519,-57.5,69.12084130372517,-35.892195466685514,90.72864583703966,0.2519600281459139,109985,0.11114871082635819,0.1513640210032463,0.1231661887075471,0.09955689703903037,0.09286531411998065,0.13443883657455444,0.1054033488035202,0.09409956634044647,0.2558295428752899,0.06976567782132018,0.06671515852212906,0.06897947125999193,0.06620389968156815,0.05956919777714258,0.06255471043158399,0.06481779831714182,0.06717188768574336,0.06472951683465578,0.06400554939028238,0.06764776647048805,0.07014760274173147,0.10766961723566049,1466.2370910644531,97.98636415997346,148.03125,12.61273181773464,1710.3333333333333,3.0,21.0,1.0,2.0,keep,True,,681.3862213652757,measured_d
manual_s03_cyst_0006,<analysis-root>/pSMAD/results/rois/manual_bead_well_36locations/manual_s03_cyst_0006.json,series_03,3,well3-36locations.ome.tif,roi_json_bead_present,True,bead_center_to_nearest_surface,centroid_bead_vector_vs_array_center_ap_axis,0.65,results/manual_bead_well_36locations/scene_images/scene03_psmad.tif,results/manual_bead_well_36locations/scene_images/scene03_dapi.tif,983.2470657855804,1218.1156672255647,True,full_peripheral_shell,full_peripheral_shell,55.0,,64190,62319,1146.6627419354843,170.9223456221198,659.2485663471132,1589.0940788617534,466.0,1734.5,852.0,1406.5,793.0,1378.5,974.7364204691739,817.8955776247544,149.32335010644093,12.5,-136.82335010644093,19.342613045602164,-129.98073706083875,0.35045600777745084,115265,0.10997418134290347,0.15546121204701754,0.1233968552493697,0.09738456299444792,0.09025603809756987,0.13667385160923004,0.10342630594968795,0.09121834933757784,0.24761177599430084,0.06577480559471328,0.06230509653687477,0.0654575770988076,0.06219049543142319,0.05586600392896668,0.05711330788476639,0.05794794366570053,0.057556666016668735,0.05836948685710919,0.058274368984971014,0.05803822414911849,0.058945716503920546,0.1048827957361935,1466.2370910644531,97.98636415997346,148.03125,12.61273181773464,1710.3333333333333,3.0,29.0,2.0,1.0,keep,True,,817.8955776247544,measured_d
manual_s03_cyst_0007,<analysis-root>/pSMAD/results/rois/manual_bead_well_36locations/manual_s03_cyst_0007.json,series_03,3,well3-36locations.ome.tif,roi_json_bead_present,True,bead_center_to_nearest_surface,centroid_bead_vector_vs_array_center_ap_axis,0.65,results/manual_bead_well_36locations/scene_images/scene03_psmad.tif,results/manual_bead_well_36locations/scene_images/scene03_dapi.tif,983.2470657855804,1218.1156672255647,True,full_peripheral_shell,full_peripheral_shell,55.0,,66853,61902,1146.6627419354843,170.9223456221198,1126.1894656638276,1704.654073342034,1200.0,1928.5,1041.0,1449.5,1074.0,1446.5,997.0144386289818,830.4696265727079,-160.87207342187983,-32.5,128.3720734218798,-19.956117842299502,140.91595557958033,0.2926770718935501,132557,0.09508555575403753,0.1329420468739925,0.1052803312806119,0.08534828243451746,0.0796171336612661,0.11459547758102416,0.08991108387708663,0.08086406290531159,0.2325523942708969,0.05879525644030165,0.056363046169281006,0.0582327677211422,0.05604259483516216,0.053547613265580024,0.05338476519346324,0.054010166566887854,0.05338371489997398,0.053938057876056794,0.053447560660296246,0.05325479824859485,0.05185972129578553,0.09164578765630722,1466.2370910644531,97.98636415997346,148.03125,12.61273181773464,1710.3333333333333,3.0,29.0,2.0,2.0,keep,True,,830.4696265727079,measured_d
manual_s04_cyst_0001,<analysis-root>/pSMAD/results/rois/manual_bead_well_36locations/manual_s04_cyst_0001.json,series_04,4,well3-36locations.ome.tif,roi_json_bead_present,True,bead_center_to_nearest_surface,centroid_bead_vector_vs_array_center_ap_axis,0.65,results/manual_bead_well_36locations/scene_images/scene04_psmad.tif,results/manual_bead_well_36locations/scene_images/scene04_dapi.tif,1095.004628029343,777.6100165149595,True,full_peripheral_shell,full_peripheral_shell,55.0,,67747,64676,838.613341013825,1865.194050691244,925.1406223959517,294.4920230898596,766.0,107.5,1029.0,546.5,956.0,553.5,1022.5043022634765,856.0085190072865,-145.92150626568392,42.5,-171.5784937343161,34.343668744541866,-179.7348249897742,0.3098455758724967,132006,0.1317159388440125,0.17525193065266706,0.1449954697681417,0.11884890520748215,0.11132036969361339,0.15785250812768936,0.12563420087099075,0.11285118758678436,0.25781935453414917,0.08615051232939196,0.08192028850317001,0.08515108732998646,0.08144500106573105,0.07447372552931272,0.07525918353464162,0.07478353940065657,0.07576768817499588,0.07455717871084655,0.07524075037024766,0.07564666462761055,0.07653731743044373,0.12953843027353287,1466.2370910644531,97.98636415997346,148.03125,12.61273181773464,1710.3333333333333,3.0,29.0,2.0,2.0,keep,True,,856.0085190072865,measured_d
manual_s04_cyst_0002,<analysis-root>/pSMAD/results/rois/manual_bead_well_36locations/manual_s04_cyst_0002.json,series_04,4,well3-36locations.ome.tif,roi_json_bead_present,True,bead_center_to_nearest_surface,centroid_bead_vector_vs_array_center_ap_axis,0.65,results/manual_bead_well_36locations/scene_images/scene04_psmad.tif,results/manual_bead_well_36locations/scene_images/scene04_dapi.tif,1095.004628029343,777.6100165149595,True,full_peripheral_shell,full_peripheral_shell,55.0,,106304,104058,838.613341013825,1865.194050691244,1534.8937077509315,640.8502203568563,1450.0,251.5,1692.0,970.5,1326.0,858.5,915.5139044723234,727.0065246135517,-131.77111990232783,162.5,-65.72888009767217,91.50088888595377,-136.7279912117184,0.23869644841768387,238023,0.13566742465759205,0.17227331837361873,0.14749126545848604,0.12300119122986825,0.1150333363763538,0.15741987347602837,0.13104321435093877,0.11808251962065697,0.24035552144050598,0.08465376478375178,0.08057501167058945,0.08477347739587714,0.08068656176328659,0.07789278389249149,0.07397539683553392,0.07554389364632928,0.07849558854127886,0.07166118769427404,0.07276268100948015,0.07650462881146428,0.0823939827532372,0.13080370202660557,1466.2370910644531,97.98636415997346,148.03125,12.61273181773464,1710.3333333333333,3.0,39.0,3.0,0.0,keep,True,,727.0065246135517,measured_d
manual_s04_cyst_0003,<analysis-root>/pSMAD/results/rois/manual_bead_well_36locations/manual_s04_cyst_0003.json,series_04,4,well3-36locations.ome.tif,roi_json_bead_present,True,bead_center_to_nearest_surface,centroid_bead_vector_vs_array_center_ap_axis,0.65,results/manual_bead_well_36locations/scene_images/scene04_psmad.tif,results/manual_bead_well_36locations/scene_images/scene04_dapi.tif,1095.004628029343,777.6100165149595,True,full_peripheral_shell,full_peripheral_shell,55.0,,53521,50718,838.613341013825,1865.194050691244,625.866698435575,696.909342383598,448.5,589.0,848.5,734.0,691.0,835.5,771.87336982395,676.1435898981459,-120.24615144398014,12.5,132.74615144398012,-5.804997015627743,114.44115442835238,0.38397273435057194,86038,0.13773321870667418,0.1766295543043163,0.15010775187367145,0.12452784314316812,0.1161981601455101,0.16171430006623272,0.13270136192440984,0.11948769316077233,0.2687837779521942,0.08645279577887609,0.08212624490261078,0.08589519677414366,0.08171737194061279,0.08025482351148401,0.07587257822555393,0.07653035538521527,0.07644640938263801,0.07854820212270743,0.07671708752159093,0.07697740538862863,0.08076593230403803,0.1343984752893448,1466.2370910644531,97.98636415997346,148.03125,12.61273181773464,1710.3333333333333,3.0,18.0,2.0,1.0,keep,True,,676.1435898981459,measured_d
manual_s04_cyst_0005,<analysis-root>/pSMAD/results/rois/manual_bead_well_36locations/manual_s04_cyst_0005.json,series_04,4,well3-36locations.ome.tif,roi_json_bead_present,True,bead_center_to_nearest_surface,centroid_bead_vector_vs_array_center_ap_axis,0.65,results/manual_bead_well_36locations/scene_images/scene04_psmad.tif,results/manual_bead_well_36locations/scene_images/scene04_dapi.tif,1095.004628029343,777.6100165149595,True,full_peripheral_shell,full_peripheral_shell,55.0,,68566,64205,838.613341013825,1865.194050691244,752.789105178118,1177.705139647611,676.0,1411.5,897.0,939.5,751.0,1426.5,450.336400879225,290.78225500535154,-32.20578499724686,-17.5,14.705784997246866,-7.28218070613833,24.923604291108518,0.5013961500468147,129970,0.1566584395356981,0.1998415502891941,0.17028177537694597,0.14200829165360238,0.13263578778967322,0.18231662034988402,0.1512004196643829,0.13642375469207763,0.33737602829933167,0.09639856233779848,0.09041860699653625,0.09456514748180042,0.08945927023887634,0.13981292152453048,0.13357550035155538,0.12547265049065767,0.12055488739693762,0.12345930500846693,0.12060410364810366,0.11878296691083585,0.1142365338266651,0.15764591097831726,1466.2370910644531,97.98636415997346,148.03125,12.61273181773464,1710.3333333333333,3.0,28.0,2.0,2.0,keep,True,,290.78225500535154,measured_d
manual_s04_cyst_0006,<analysis-root>/pSMAD/results/rois/manual_bead_well_36locations/manual_s04_cyst_0006.json,series_04,4,well3-36locations.ome.tif,roi_json_bead_present,True,bead_center_to_nearest_surface,centroid_bead_vector_vs_array_center_ap_axis,0.65,results/manual_bead_well_36locations/scene_images/scene04_psmad.tif,results/manual_bead_well_36locations/scene_images/scene04_dapi.tif,1095.004628029343,777.6100165149595,True,full_peripheral_shell,full_peripheral_shell,55.0,,63776,59915,838.613341013825,1865.194050691244,1261.9869213668471,1275.5769030800675,1288.0,1504.5,1171.0,1024.5,1201.0,1497.5,471.8183262956595,335.5681299442323,49.37888937521383,32.5,-16.878889375213816,20.30062294586059,-29.07826642935325,0.4214361648452834,111556,0.18100230161035968,0.29720660256842774,0.20464732093072543,0.1595022197678184,0.1469169971131317,0.20348854094743732,0.16715408563613893,0.14917750060558319,4.044328212738037,0.10903655193354495,0.09890003502368927,0.10471216971745607,0.097103551030159,0.15946523582585187,0.1521958549679798,0.14067352545111664,0.13082113154429387,0.14608526020998008,0.13895863883694812,0.1320000348386618,0.12196251555806831,0.18072675168514252,1466.2370910644531,97.98636415997346,148.03125,12.61273181773464,1710.3333333333333,3.0,23.0,3.0,1.0,keep,True,,335.5681299442323,measured_d
manual_s05_cyst_0001,<analysis-root>/pSMAD/results/rois/manual_bead_well_36locations/manual_s05_cyst_0001.json,series_05,5,well3-36locations.ome.tif,roi_json_bead_present,True,bead_center_to_nearest_surface,centroid_bead_vector_vs_array_center_ap_axis,0.65,results/manual_bead_well_36locations/scene_images/scene05_psmad.tif,results/manual_bead_well_36locations/scene_images/scene05_dapi.tif,1193.4582048574446,953.3723548046463,True,full_peripheral_shell,full_peripheral_shell,55.0,,67986,66948,100.5783179723503,1287.6014239631336,1045.7281693765706,489.5407469646047,995.0,236.5,1149.0,751.5,971.5,665.0,804.0605317651,695.8756560614976,-113.52870642238548,-2.5,111.02870642238548,-14.158090118131822,99.37061630425364,0.511593615342822,132108,0.13386767242518355,0.17350097518803467,0.14533630495038655,0.12224585118524792,0.1147501050706286,0.15614452630281445,0.12841840684413908,0.11750513240695001,0.28396299481391907,0.08469235292982628,0.08020021766424179,0.08404270889610453,0.07971927896142006,0.08106707906174689,0.07591659725185336,0.07490040786742408,0.07697830304729722,0.07902290204667448,0.07878588267220724,0.07820295141655707,0.08175271439889643,0.13038237392902374,1466.2370910644531,97.98636415997346,148.03125,12.61273181773464,1710.3333333333333,3.0,22.0,1.0,1.0,keep,True,,695.8756560614976,measured_d
manual_s05_cyst_0002,<analysis-root>/pSMAD/results/rois/manual_bead_well_36locations/manual_s05_cyst_0002.json,series_05,5,well3-36locations.ome.tif,roi_json_bead_present,True,bead_center_to_nearest_surface,centroid_bead_vector_vs_array_center_ap_axis,0.65,results/manual_bead_well_36locations/scene_images/scene05_psmad.tif,results/manual_bead_well_36locations/scene_images/scene05_dapi.tif,1193.4582048574446,953.3723548046463,True,full_peripheral_shell,full_peripheral_shell,55.0,,56015,53985,100.5783179723503,1287.6014239631336,1526.8962016415237,577.315152780372,1630.0,384.5,1370.0,754.5,1349.5,729.0,1035.7030105194037,889.2990431500222,-151.56847651694918,2.5,154.0684765169492,3.661158717429825,155.22963523437897,0.45711691071848026,91013,0.1307202558008846,0.15918448401821983,0.14009055204413556,0.12004677091727844,0.11292344045835193,0.14814310729503607,0.1271161288022995,0.1164309799671173,0.3844533860683441,0.0854310471860147,0.0818769559264183,0.08498069361646501,0.08159436285495758,0.07202233365909369,0.07218241061277689,0.0707600006009568,0.07151133658191446,0.07143844163593914,0.07120924391435281,0.0724769823446258,0.07324791643457629,0.12865450680255888,1466.2370910644531,97.98636415997346,148.03125,12.61273181773464,1710.3333333333333,3.0,26.0,2.0,1.0,keep,True,,889.2990431500222,measured_d
manual_s05_cyst_0003,<analysis-root>/pSMAD/results/rois/manual_bead_well_36locations/manual_s05_cyst_0003.json,series_05,5,well3-36locations.ome.tif,roi_json_bead_present,True,bead_center_to_nearest_surface,centroid_bead_vector_vs_array_center_ap_axis,0.65,results/manual_bead_well_36locations/scene_images/scene05_psmad.tif,results/manual_bead_well_36locations/scene_images/scene05_dapi.tif,1193.4582048574446,953.3723548046463,True,full_peripheral_shell,full_peripheral_shell,55.0,,63292,60268,100.5783179723503,1287.6014239631336,701.0209386343548,838.942350104264,466.5,845.0,944.5,913.0,480.5,914.0,487.2079781507762,346.34602614321255,-44.86413387340409,-22.5,22.364133873404086,-20.402788604696113,24.461345268707987,0.5717039394902759,116531,0.16880638887529373,0.2046198096639086,0.1804762053999904,0.15562878103695918,0.14668658146672092,0.19053763836622242,0.16423654332756996,0.15113539695739747,0.27838265895843506,0.10571557270131776,0.09924769401550293,0.10446021418856931,0.09905275329947472,0.16021374602417085,0.15202180483961494,0.14537397532003601,0.14063102751640638,0.1404053893415174,0.1403211849028449,0.1380247091688538,0.12865536157096527,0.17013493701815605,1466.2370910644531,97.98636415997346,148.03125,12.61273181773464,1710.3333333333333,3.0,25.0,2.0,2.0,keep,True,,346.34602614321255,measured_d
manual_s05_cyst_0005,<analysis-root>/pSMAD/results/rois/manual_bead_well_36locations/manual_s05_cyst_0005.json,series_05,5,well3-36locations.ome.tif,roi_json_bead_present,True,bead_center_to_nearest_surface,centroid_bead_vector_vs_array_center_ap_axis,0.65,results/manual_bead_well_36locations/scene_images/scene05_psmad.tif,results/manual_bead_well_36locations/scene_images/scene05_dapi.tif,1193.4582048574446,953.3723548046463,True,full_peripheral_shell,full_peripheral_shell,55.0,,61201,59325,100.5783179723503,1287.6014239631336,1681.8443297246106,1050.7215650591447,1929.5,1079.0,1436.5,1009.0,1433.5,1050.0,1039.2917193979504,880.0564688671901,163.39893702536324,-2.5,-165.89893702536324,-7.575384431032753,-170.97432145639598,0.41056110132806506,107702,0.10889682207635175,0.13585694341195953,0.11748696438011434,0.09956966854013374,0.09365213728276568,0.12465946108102807,0.1054701417684555,0.09594274163246154,0.2123936116695404,0.0709657611277707,0.06858302652835846,0.07049413281581979,0.0682651549577713,0.05979401136352673,0.06087052410372078,0.06115406474684908,0.05992216274305213,0.058569483658548686,0.05971577479958017,0.05951630215445649,0.06090250438554751,0.10694332420825958,1466.2370910644531,97.98636415997346,148.03125,12.61273181773464,1710.3333333333333,3.0,30.0,1.0,2.0,keep,True,,880.0564688671901,measured_d
manual_s05_cyst_0006,<analysis-root>/pSMAD/results/rois/manual_bead_well_36locations/manual_s05_cyst_0006.json,series_05,5,well3-36locations.ome.tif,roi_json_bead_present,True,bead_center_to_nearest_surface,centroid_bead_vector_vs_array_center_ap_axis,0.65,results/manual_bead_well_36locations/scene_images/scene05_psmad.tif,results/manual_bead_well_36locations/scene_images/scene05_dapi.tif,1193.4582048574446,953.3723548046463,True,full_peripheral_shell,full_peripheral_shell,55.0,,65060,62822,100.5783179723503,1287.6014239631336,853.2866174094468,1335.5548104224513,751.0,1545.5,999.0,1130.5,631.5,1409.0,490.2522657064779,354.005686727393,62.7831291401756,37.5,-25.283129140175618,41.59737122077982,-21.18575791939577,0.5614320426584217,127494,0.16784910998079933,0.20432488762422663,0.17987592761149307,0.15380164715003738,0.14415083099465956,0.18981259688735008,0.16358182579278943,0.14915561378002168,0.27327680587768555,0.1004273132770358,0.09445160627365112,0.09861251524018351,0.09295754507184029,0.16192430218671022,0.15559829913818513,0.1451700063664696,0.13683306652387048,0.14164714038449905,0.1408733529720814,0.13634420366057098,0.12676072335271074,0.16816874220967293,1466.2370910644531,97.98636415997346,148.03125,12.61273181773464,1710.3333333333333,3.0,25.0,2.0,1.0,keep,True,,354.005686727393,measured_d
manual_s05_cyst_0007,<analysis-root>/pSMAD/results/rois/manual_bead_well_36locations/manual_s05_cyst_0007.json,series_05,5,well3-36locations.ome.tif,roi_json_bead_present,True,bead_center_to_nearest_surface,centroid_bead_vector_vs_array_center_ap_axis,0.65,results/manual_bead_well_36locations/scene_images/scene05_psmad.tif,results/manual_bead_well_36locations/scene_images/scene05_dapi.tif,1193.4582048574446,953.3723548046463,True,full_peripheral_shell,full_peripheral_shell,55.0,,67448,65402,100.5783179723503,1287.6014239631336,1360.9835684483921,1406.8201918781187,1355.0,1668.5,1317.0,1144.5,1203.5,1310.0,822.9201543870694,717.0469138405196,99.55117340592697,-32.5,-132.051173405927,-1.3283103233721982,-100.87948372929917,0.3596129257053657,132063,0.09854509060676447,0.12463553260073407,0.10653466168473306,0.09028984536721193,0.08509232214856151,0.11343908421695229,0.09509724527597427,0.08690586835145951,0.1830979287624359,0.06508457317833583,0.06289657577872276,0.06445273785045387,0.062389252707362175,0.06506343213405696,0.06107164497098971,0.05989913217021087,0.06110082575201246,0.05955438798362493,0.06030663140177146,0.06134013009336196,0.06386232338551903,0.09670863039791582,1466.2370910644531,97.98636415997346,148.03125,12.61273181773464,1710.3333333333333,3.0,21.0,1.0,2.0,keep,True,,717.0469138405196,measured_d
manual_s06_cyst_0001,<analysis-root>/pSMAD/results/rois/manual_bead_well_36locations/manual_s06_cyst_0001.json,series_06,6,well3-36locations.ome.tif,roi_json_bead_present,True,bead_center_to_nearest_surface,centroid_bead_vector_vs_array_center_ap_axis,0.65,results/manual_bead_well_36locations/scene_images/scene06_psmad.tif,results/manual_bead_well_36locations/scene_images/scene06_dapi.tif,1216.6999676410312,1018.2295976701542,True,full_peripheral_shell,full_peripheral_shell,55.0,,64039,61174,106.9960138248848,1341.7951912442395,1077.2240622788393,547.3989259398027,951.0,331.5,1178.0,790.5,963.5,658.0,815.0719811845648,712.3878248214605,-102.99482856982088,-7.5,95.49482856982087,2.4587951179587595,105.45362368777967,0.5057011865558926,120105,0.12897606399951514,0.1891313562157497,0.14552084269594545,0.11356456111378216,0.10478818047902749,0.1610638879239559,0.12062240689992904,0.10599861070513726,0.34804046154022217,0.07431950441839455,0.07015571743249893,0.07295578849189295,0.0691092237830162,0.06388010486887952,0.06330544186236009,0.0631506514302019,0.06422595856930995,0.06603823177221077,0.06567589944144415,0.06556519249972807,0.06902676992808693,0.12452479302883147,1466.2370910644531,97.98636415997346,148.03125,12.61273181773464,1710.3333333333333,3.0,20.0,1.0,2.0,keep,True,,712.3878248214605,measured_d
manual_s06_cyst_0002,<analysis-root>/pSMAD/results/rois/manual_bead_well_36locations/manual_s06_cyst_0002.json,series_06,6,well3-36locations.ome.tif,roi_json_bead_present,True,bead_center_to_nearest_surface,centroid_bead_vector_vs_array_center_ap_axis,0.65,results/manual_bead_well_36locations/scene_images/scene06_psmad.tif,results/manual_bead_well_36locations/scene_images/scene06_dapi.tif,1216.6999676410312,1018.2295976701542,True,full_peripheral_shell,full_peripheral_shell,55.0,,57199,53794,106.9960138248848,1341.7951912442395,1558.6086970312103,614.4252833460205,1750.0,510.5,1400.0,799.5,1382.5,772.0,1055.37390966243,908.0425504933811,-167.0674274863704,-32.5,134.56742748637043,-12.471787220780321,154.59564026559008,0.4221267401922824,94584,0.1107830750302422,0.1530220771700033,0.1229596036849855,0.0988499563592818,0.09165089723687388,0.1336608409881591,0.10509366206824779,0.09359007328748703,0.3281327784061432,0.06558868632277023,0.06201872602105141,0.06473334814553762,0.061504751443862915,0.04975073376054214,0.050438576908218444,0.05130161734165637,0.05147894803691425,0.05235661606043021,0.0524306538195025,0.0529341823319903,0.05402362753553983,0.10814693048596381,1466.2370910644531,97.98636415997346,148.03125,12.61273181773464,1710.3333333333333,3.0,26.0,2.0,2.0,keep,True,,908.0425504933811,measured_d
manual_s06_cyst_0003,<analysis-root>/pSMAD/results/rois/manual_bead_well_36locations/manual_s06_cyst_0003.json,series_06,6,well3-36locations.ome.tif,roi_json_bead_present,True,bead_center_to_nearest_surface,centroid_bead_vector_vs_array_center_ap_axis,0.65,results/manual_bead_well_36locations/scene_images/scene06_psmad.tif,results/manual_bead_well_36locations/scene_images/scene06_dapi.tif,1216.6999676410312,1018.2295976701542,True,full_peripheral_shell,full_peripheral_shell,55.0,,59017,56311,106.9960138248848,1341.7951912442395,712.0052490052689,925.5953403915421,505.5,859.0,956.5,975.0,506.5,1005.0,477.322440534352,339.64253139419816,-48.94916018625999,-22.5,26.449160186259974,-13.030092362393097,35.9190678238669,0.5721112664688994,100781,0.16807257786488414,0.22371722184491497,0.18535634680566462,0.14998912521273566,0.13886640551203988,0.20033552795648582,0.16117843240499496,0.14272187650203705,0.3436330556869507,0.09609373702689762,0.08879279345273972,0.09415404684772169,0.08717430382966995,0.14329378461909734,0.1377262501614909,0.131707498055733,0.1249749265435646,0.1203521503434505,0.12298750227312194,0.12227834323871323,0.11751478117133124,0.16592077314853668,1466.2370910644531,97.98636415997346,148.03125,12.61273181773464,1710.3333333333333,3.0,24.0,3.0,1.0,keep,True,,339.64253139419816,measured_d
manual_s06_cyst_0005,<analysis-root>/pSMAD/results/rois/manual_bead_well_36locations/manual_s06_cyst_0005.json,series_06,6,well3-36locations.ome.tif,roi_json_bead_present,True,bead_center_to_nearest_surface,centroid_bead_vector_vs_array_center_ap_axis,0.65,results/manual_bead_well_36locations/scene_images/scene06_psmad.tif,results/manual_bead_well_36locations/scene_images/scene06_dapi.tif,1216.6999676410312,1018.2295976701542,True,full_peripheral_shell,full_peripheral_shell,55.0,,67640,64261,106.9960138248848,1341.7951912442395,1724.0104604766527,1102.6512532544562,1920.5,1258.0,1476.5,992.0,1471.5,1058.0,1062.4916669026934,905.9075998239716,140.6615901898123,-42.5,176.83840981018773,-33.76352939597288,-174.42511958578518,0.34514194607606014,129822,0.09250523812833536,0.12743803201761808,0.1028215427927594,0.08215406157657774,0.07612530798743304,0.11108408868312837,0.0879584401845932,0.07741086930036545,0.2785370647907257,0.05527128141134997,0.05238402634859085,0.054527808541305706,0.05191662907600403,0.046248462431332155,0.047175398785098535,0.047422371816226216,0.04690209357252719,0.04615983695696081,0.046784071456395356,0.04714496890862295,0.04700014780456564,0.09009914919734001,1466.2370910644531,97.98636415997346,148.03125,12.61273181773464,1710.3333333333333,3.0,28.0,2.0,2.0,keep,True,,905.9075998239716,measured_d
manual_s06_cyst_0006,<analysis-root>/pSMAD/results/rois/manual_bead_well_36locations/manual_s06_cyst_0006.json,series_06,6,well3-36locations.ome.tif,roi_json_bead_present,True,bead_center_to_nearest_surface,centroid_bead_vector_vs_array_center_ap_axis,0.65,results/manual_bead_well_36locations/scene_images/scene06_psmad.tif,results/manual_bead_well_36locations/scene_images/scene06_dapi.tif,1216.6999676410312,1018.2295976701542,True,full_peripheral_shell,full_peripheral_shell,55.0,,58712,56659,106.9960138248848,1341.7951912442395,862.4111774474142,1393.7332555748853,752.0,1582.5,1029.0,1206.5,661.5,1438.0,492.17905227868584,365.8120284691935,57.55398975726823,42.5,-15.053989757268226,29.87642406137873,-27.677565695889513,0.513245926434871,101168,0.14044873001552957,0.17910540040838654,0.15234898489417012,0.12745098450786227,0.11881829140433242,0.16223923742771143,0.1356231018900871,0.12272622436285019,0.285400390625,0.08519910964067427,0.07982825860381126,0.08358112853151764,0.07898472249507904,0.12962937465235408,0.12281004130245939,0.113981666337295,0.10894738870660499,0.11211224028678209,0.11036836375397986,0.10807266693565616,0.10234544093702268,0.14159057885408402,1466.2370910644531,97.98636415997346,148.03125,12.61273181773464,1710.3333333333333,3.0,23.0,2.0,1.0,keep,True,,365.8120284691935,measured_d
manual_s06_cyst_0007,<analysis-root>/pSMAD/results/rois/manual_bead_well_36locations/manual_s06_cyst_0007.json,series_06,6,well3-36locations.ome.tif,roi_json_bead_present,True,bead_center_to_nearest_surface,centroid_bead_vector_vs_array_center_ap_axis,0.65,results/manual_bead_well_36locations/scene_images/scene06_psmad.tif,results/manual_bead_well_36locations/scene_images/scene06_dapi.tif,1216.6999676410312,1018.2295976701542,True,full_peripheral_shell,full_peripheral_shell,55.0,,58035,54228,106.9960138248848,1341.7951912442395,1366.8986384266263,1487.125666201932,1482.0,1672.5,1278.0,1260.5,1210.5,1398.0,824.3669865457886,718.2073599200777,122.92213065507738,27.5,-95.42213065507738,26.347092839672044,-96.57503781540534,0.16903305341347036,101133,0.09168377472216542,0.12443718723060895,0.100586608346211,0.08311942019902559,0.07800187481553181,0.10853979490697378,0.08728324212133882,0.07918962985277177,0.21006354689598083,0.05918851297344044,0.057061586529016495,0.058430739059185874,0.05656783655285835,0.04996583660910659,0.050620658924243625,0.05499912805291294,0.05695194323562698,0.05533065143651918,0.05502309330985694,0.05646341480198729,0.05795086981122628,0.08956687971949577,1466.2370910644531,97.98636415997346,148.03125,12.61273181773464,1710.3333333333333,3.0,20.0,2.0,2.0,keep,True,,718.2073599200777,measured_d
manual_s07_cyst_0001,<analysis-root>/pSMAD/results/rois/manual_bead_well_36locations/manual_s07_cyst_0001.json,series_07,7,well3-36locations.ome.tif,roi_json_bead_present,True,bead_center_to_nearest_surface,centroid_bead_vector_vs_array_center_ap_axis,0.65,results/manual_bead_well_36locations/scene_images/scene07_psmad.tif,results/manual_bead_well_36locations/scene_images/scene07_dapi.tif,1056.8999025476821,827.4879750800501,True,full_peripheral_shell,full_peripheral_shell,55.0,,59135,54270,774.4363824884795,1925.8055138248849,909.552693840279,363.78018636891915,927.0,135.5,981.0,588.5,935.0,588.5,1019.1078726808347,875.4915396866286,-168.2582974669837,22.5,-169.24170253301634,17.020204398436793,-174.72149813457952,0.3462890945680338,96368,0.1472073053707399,0.19651933609890454,0.16241432368953,0.13122458659800262,0.12178558100482388,0.1748684567213058,0.1411772362887859,0.12455962821841238,0.3945617377758026,0.0923561564012839,0.08691412955522537,0.09004143409898444,0.08560230955481529,0.07747344270227759,0.07726738800474715,0.0774367868418764,0.07904005317511327,0.07464045209802028,0.07788784466330262,0.07955705228917824,0.08149151989286745,0.14971780627965922,1466.2370910644531,97.98636415997346,148.03125,12.61273181773464,1710.3333333333333,3.0,25.0,2.0,3.0,keep,True,,875.4915396866286,measured_d
manual_s07_cyst_0002,<analysis-root>/pSMAD/results/rois/manual_bead_well_36locations/manual_s07_cyst_0002.json,series_07,7,well3-36locations.ome.tif,roi_json_bead_present,True,bead_center_to_nearest_surface,centroid_bead_vector_vs_array_center_ap_axis,0.65,results/manual_bead_well_36locations/scene_images/scene07_psmad.tif,results/manual_bead_well_36locations/scene_images/scene07_dapi.tif,1056.8999025476821,827.4879750800501,True,full_peripheral_shell,full_peripheral_shell,55.0,,59544,55721,774.4363824884795,1925.8055138248849,575.8512992980467,723.0951840916646,365.5,603.0,813.5,781.0,683.0,875.5,792.3465800308813,685.2807564529435,-121.04476424742842,2.5,123.54476424742842,0.01010792297787611,121.05487217040627,0.4102516274659926,102286,0.13612619906706674,0.1882640230986807,0.15107810572137276,0.12124999978915091,0.11220782476308465,0.16349027454853063,0.1290573924779892,0.11497437208890915,0.3183805048465729,0.08176632375290849,0.07627882435917854,0.08086366134102645,0.07582595944404602,0.06591787080373715,0.06700335171226751,0.06804039916479036,0.07017014060387178,0.06843806007902621,0.06928101400803735,0.07139916744739995,0.0737971974887393,0.13238785192370414,1466.2370910644531,97.98636415997346,148.03125,12.61273181773464,1710.3333333333333,3.0,20.0,2.0,2.0,keep,True,,685.2807564529435,measured_d
manual_s07_cyst_0004,<analysis-root>/pSMAD/results/rois/manual_bead_well_36locations/manual_s07_cyst_0004.json,series_07,7,well3-36locations.ome.tif,roi_json_bead_present,True,bead_center_to_nearest_surface,centroid_bead_vector_vs_array_center_ap_axis,0.65,results/manual_bead_well_36locations/scene_images/scene07_psmad.tif,results/manual_bead_well_36locations/scene_images/scene07_dapi.tif,1056.8999025476821,827.4879750800501,True,full_peripheral_shell,full_peripheral_shell,55.0,,58020,55406,774.4363824884795,1925.8055138248849,1535.4255297790537,949.4611261130128,1749.5,927.0,1291.5,923.0,1360.0,1040.5,804.6235624891235,689.9346923813964,127.43342512743774,-22.5,-149.93342512743774,-7.517249831901226,-134.95067495933898,0.26628479176855735,99617,0.12226524609555366,0.16859967670999132,0.13582113220378922,0.10958063362633208,0.1023635199407122,0.14848212152719492,0.11578389815986156,0.10333322733640671,0.27109506726264954,0.07830687013025511,0.07461082190275192,0.07716767446297348,0.07396624982357025,0.06171946286905096,0.06208444185866935,0.066434266745232,0.06941911662928647,0.06965099827531807,0.06913413014347017,0.07017689369180366,0.07280766361226397,0.12033633962273586,1466.2370910644531,97.98636415997346,148.03125,12.61273181773464,1710.3333333333333,3.0,22.0,1.0,2.0,keep,True,,689.9346923813964,measured_d
manual_s07_cyst_0005,<analysis-root>/pSMAD/results/rois/manual_bead_well_36locations/manual_s07_cyst_0005.json,series_07,7,well3-36locations.ome.tif,roi_json_bead_present,True,bead_center_to_nearest_surface,centroid_bead_vector_vs_array_center_ap_axis,0.65,results/manual_bead_well_36locations/scene_images/scene07_psmad.tif,results/manual_bead_well_36locations/scene_images/scene07_dapi.tif,1056.8999025476821,827.4879750800501,True,full_peripheral_shell,full_peripheral_shell,55.0,,63930,60513,774.4363824884795,1925.8055138248849,690.9659503209601,1258.2344483872255,591.0,1465.5,853.0,1069.5,690.0,1487.5,437.30000124923083,290.13689534924407,-40.616314025833404,-27.5,13.11631402583339,-18.5390769701827,22.0772370556507,0.5224999664471631,125405,0.17262479815058415,0.22266837888129867,0.18765131313223282,0.1560761916468008,0.1456145487214364,0.19949038207530972,0.1665464252233505,0.15007925629615784,0.40309014916419983,0.10527742856171086,0.10055050998926163,0.1027904253218712,0.09869486838579178,0.14815482232530072,0.14545045110538002,0.14194344325291364,0.1358561568857684,0.14001416387517387,0.1387019748172696,0.13476492439261697,0.12657041474941974,0.17377998605370515,1466.2370910644531,97.98636415997346,148.03125,12.61273181773464,1710.3333333333333,3.0,26.0,2.0,1.0,keep,True,,290.13689534924407,measured_d
manual_s07_cyst_0006,<analysis-root>/pSMAD/results/rois/manual_bead_well_36locations/manual_s07_cyst_0006.json,series_07,7,well3-36locations.ome.tif,roi_json_bead_present,True,bead_center_to_nearest_surface,centroid_bead_vector_vs_array_center_ap_axis,0.65,results/manual_bead_well_36locations/scene_images/scene07_psmad.tif,results/manual_bead_well_36locations/scene_images/scene07_dapi.tif,1056.8999025476821,827.4879750800501,True,full_peripheral_shell,full_peripheral_shell,55.0,,59011,55733,774.4363824884795,1925.8055138248849,1192.5182567952916,1306.1234049907348,1223.0,1544.5,1148.0,1065.5,1146.0,1524.5,485.8933125388308,355.4885817472936,42.90532149354359,7.5,-35.405321493543596,14.18767278892588,-28.717648704617716,0.5554619587722693,104153,0.16721527257303975,0.21822551878229265,0.183134938017801,0.1499246778388542,0.1384136340135272,0.19639554381370544,0.1605167150497436,0.14354740083217624,0.376719206571579,0.09597020527024608,0.08880902826786041,0.09474354859808413,0.08755233883857727,0.1405567113493222,0.1406937699095297,0.1392353540616441,0.13038164067826274,0.12400828260872258,0.13047349186129206,0.1284955719233112,0.11718623562955933,0.16188137978315353,1466.2370910644531,97.98636415997346,148.03125,12.61273181773464,1710.3333333333333,3.0,24.0,2.0,2.0,keep,True,,355.4885817472936,measured_d
manual_s08_cyst_0001,<analysis-root>/pSMAD/results/rois/manual_bead_well_36locations/manual_s08_cyst_0001.json,series_08,8,well3-36locations.ome.tif,roi_json_bead_present,True,bead_center_to_nearest_surface,centroid_bead_vector_vs_array_center_ap_axis,0.65,results/manual_bead_well_36locations/scene_images/scene08_psmad.tif,results/manual_bead_well_36locations/scene_images/scene08_dapi.tif,1179.5606097710297,1000.1371372597036,True,full_peripheral_shell,full_peripheral_shell,55.0,,64920,63039,119.83140552995404,1405.9721497695853,1039.5381499819048,551.9116571314171,963.0,307.5,1141.0,795.5,954.5,724.0,815.8159868009495,700.6016114487887,-112.84083038091335,-12.5,100.34083038091336,-5.914348571608452,106.9264818093049,0.4779321564102067,129869,0.1271541354111703,0.17467950513548028,0.14071559610299123,0.11407733955692387,0.10625161907073054,0.15274497479200372,0.12057462707161902,0.10808946341276171,0.299217164516449,0.07715904776585643,0.07283835113048553,0.07682554341290258,0.0726742073893547,0.062470212132022314,0.06429054996005831,0.06497294503307859,0.06741547875768976,0.06748299717239775,0.06696547578181769,0.06835939976221192,0.07181695972122747,0.12188355773687362,1466.2370910644531,97.98636415997346,148.03125,12.61273181773464,1710.3333333333333,3.0,22.0,1.0,1.0,keep,True,,700.6016114487887,measured_d
manual_s08_cyst_0002,<analysis-root>/pSMAD/results/rois/manual_bead_well_36locations/manual_s08_cyst_0002.json,series_08,8,well3-36locations.ome.tif,roi_json_bead_present,True,bead_center_to_nearest_surface,centroid_bead_vector_vs_array_center_ap_axis,0.65,results/manual_bead_well_36locations/scene_images/scene08_psmad.tif,results/manual_bead_well_36locations/scene_images/scene08_dapi.tif,1179.5606097710297,1000.1371372597036,True,full_peripheral_shell,full_peripheral_shell,55.0,,52280,47990,119.83140552995404,1405.9721497695853,1555.0654203481959,640.070446559547,1711.5,518.0,1389.5,767.0,1389.5,767.0,1057.424765964291,923.9021774598699,-170.37177949519784,-52.5,117.87177949519787,-20.07414493688199,150.29763455831585,0.4216710371834236,87939,0.12982119759729094,0.17611743193119764,0.14396132310231527,0.11570130933055184,0.1073141331848663,0.15692247256636627,0.12358706258237355,0.10933197289705275,0.30724334716796875,0.07836495840766303,0.07404320687055588,0.07744261826011856,0.07319854199886322,0.061012384711066264,0.06204565656205488,0.06433556380761843,0.06491002965316921,0.06477866435748962,0.0654049549124938,0.06567264700064047,0.06599167586727703,0.12595736905932423,1466.2370910644531,97.98636415997346,148.03125,12.61273181773464,1710.3333333333333,3.0,23.0,2.0,2.0,keep,True,,923.9021774598699,measured_d
manual_s08_cyst_0003,<analysis-root>/pSMAD/results/rois/manual_bead_well_36locations/manual_s08_cyst_0003.json,series_08,8,well3-36locations.ome.tif,roi_json_bead_present,True,bead_center_to_nearest_surface,centroid_bead_vector_vs_array_center_ap_axis,0.65,results/manual_bead_well_36locations/scene_images/scene08_psmad.tif,results/manual_bead_well_36locations/scene_images/scene08_dapi.tif,1179.5606097710297,1000.1371372597036,True,full_peripheral_shell,full_peripheral_shell,55.0,,53505,50692,119.83140552995404,1405.9721497695853,714.115500626984,915.9271907726024,508.5,932.0,937.5,936.0,534.5,1003.0,500.67624876634835,375.8420041963002,-40.043104820676625,-7.5,32.54310482067663,-10.306328967235437,29.736775853441202,0.5528016851625653,88519,0.1772962516052483,0.2261754319042379,0.19299346197403863,0.1594090641326765,0.1475665665666197,0.20507354766130442,0.17165109813213347,0.15314804166555407,0.36075907945632935,0.10214742243107355,0.09488218277692795,0.10133683138972244,0.09451448917388916,0.14078964259497512,0.1454127304109008,0.1448703678557213,0.13693479619315702,0.1356499428991938,0.13647808966416758,0.13375960234376014,0.1255215714175786,0.17432137131690975,1466.2370910644531,97.98636415997346,148.03125,12.61273181773464,1710.3333333333333,3.0,22.0,2.0,2.0,keep,True,,375.8420041963002,measured_d
manual_s08_cyst_0005,<analysis-root>/pSMAD/results/rois/manual_bead_well_36locations/manual_s08_cyst_0005.json,series_08,8,well3-36locations.ome.tif,roi_json_bead_present,True,bead_center_to_nearest_surface,centroid_bead_vector_vs_array_center_ap_axis,0.65,results/manual_bead_well_36locations/scene_images/scene08_psmad.tif,results/manual_bead_well_36locations/scene_images/scene08_dapi.tif,1179.5606097710297,1000.1371372597036,True,full_peripheral_shell,full_peripheral_shell,55.0,,59858,56469,119.83140552995404,1405.9721497695853,1684.8292120224482,1123.478737331661,1890.5,1239.0,1452.5,1062.0,1447.5,1113.0,1033.6881685802505,883.7458367098156,147.763772952967,7.5,-140.263772952967,-9.643447483170215,-157.4072204361372,0.29158116468682105,109229,0.0966021977041767,0.12876196089571557,0.10598924917514534,0.08734378490180743,0.08182582538052677,0.1136304461956024,0.09223497956991196,0.08316981196403504,0.20699568092823029,0.0620722894019705,0.05969718098640442,0.061227584361860515,0.05919269844889641,0.05606271306029059,0.05622215238842623,0.054465912884375536,0.05371968510317594,0.05264400321312679,0.05355400148001951,0.05403309408436192,0.05478734059687578,0.09477008357644075,1466.2370910644531,97.98636415997346,148.03125,12.61273181773464,1710.3333333333333,3.0,26.0,2.0,2.0,keep,True,,883.7458367098156,measured_d
manual_s08_cyst_0006,<analysis-root>/pSMAD/results/rois/manual_bead_well_36locations/manual_s08_cyst_0006.json,series_08,8,well3-36locations.ome.tif,roi_json_bead_present,True,bead_center_to_nearest_surface,centroid_bead_vector_vs_array_center_ap_axis,0.65,results/manual_bead_well_36locations/scene_images/scene08_psmad.tif,results/manual_bead_well_36locations/scene_images/scene08_dapi.tif,1179.5606097710297,1000.1371372597036,True,full_peripheral_shell,full_peripheral_shell,55.0,,64374,59982,119.83140552995404,1405.9721497695853,883.9921265467129,1364.2907066265586,676.0,1511.5,1044.0,1174.5,660.5,1442.0,497.44281729611936,352.21396345650606,39.36010631259827,7.5,-31.860106312598276,21.294292584751638,-18.06581372784663,0.5580781073185017,125993,0.15549494358405885,0.19916793540120126,0.16918475607037545,0.13948340089649341,0.12892051735175056,0.17892925754189498,0.15056945979595182,0.13431608080863955,0.3451930582523346,0.08924305111531108,0.08345005661249161,0.08830399896925556,0.08287270367145538,0.13760490131626527,0.13465478778590875,0.12895691599437592,0.12162610676246208,0.12021063119527188,0.12256840091240107,0.1196035014119751,0.11077903962546058,0.1531309075653553,1466.2370910644531,97.98636415997346,148.03125,12.61273181773464,1710.3333333333333,3.0,26.0,2.0,2.0,keep,True,,352.21396345650606,measured_d
manual_s08_cyst_0007,<analysis-root>/pSMAD/results/rois/manual_bead_well_36locations/manual_s08_cyst_0007.json,series_08,8,well3-36locations.ome.tif,roi_json_bead_present,True,bead_center_to_nearest_surface,centroid_bead_vector_vs_array_center_ap_axis,0.65,results/manual_bead_well_36locations/scene_images/scene08_psmad.tif,results/manual_bead_well_36locations/scene_images/scene08_dapi.tif,1179.5606097710297,1000.1371372597036,True,full_peripheral_shell,full_peripheral_shell,55.0,,64905,62784,119.83140552995404,1405.9721497695853,1356.7797279119782,1495.4926984075844,1360.0,1731.5,1285.0,1257.5,1180.5,1406.0,806.1192664044722,689.4345866431927,103.13064626674729,22.5,-80.63064626674729,22.63313020593433,-80.49751606081296,0.2420860544104544,124151,0.09239644502061324,0.12245829915924436,0.10135897288846363,0.0834473900967479,0.07812613011178608,0.10917520381510258,0.0882807545363903,0.07952635511755944,0.19674044847488403,0.058523796658636024,0.05636829510331154,0.05831142360366876,0.056246399879455566,0.05190063350341597,0.053376831763651954,0.05559672291307604,0.05758124261850839,0.05501244209593854,0.05576885368467226,0.057900445348040466,0.06069753507138057,0.08911607712507248,1466.2370910644531,97.98636415997346,148.03125,12.61273181773464,1710.3333333333333,3.0,23.0,2.0,2.0,keep,True,,689.4345866431927,measured_d
manual_s09_cyst_0001,<analysis-root>/pSMAD/results/rois/manual_bead_well_36locations/manual_s09_cyst_0001.json,series_09,9,well3-36locations.ome.tif,roi_json_bead_present,True,bead_center_to_nearest_surface,centroid_bead_vector_vs_array_center_ap_axis,0.65,results/manual_bead_well_36locations/scene_images/scene09_psmad.tif,results/manual_bead_well_36locations/scene_images/scene09_dapi.tif,1006.897198075132,1022.1354393045638,True,full_peripheral_shell,full_peripheral_shell,55.0,,64131,60758,151.91988479262682,347.05233410138226,841.6565047440866,538.3335477081384,780.0,289.5,931.0,788.5,658.5,419.0,465.249780175065,332.5814925625369,-57.66388675023183,-27.5,30.163886750231825,-27.597904403437138,30.065982346794698,0.5655053777438125,119728,0.16415002991625005,0.211135932121818,0.17890058434798264,0.1479407678725513,0.13743142081011353,0.19099185436964036,0.15827728807926178,0.14180948287248613,0.33811458945274353,0.09660946244736217,0.08826953917741776,0.09392951522109091,0.08680947870016098,0.1438395632155009,0.14192692581699073,0.1356361644392204,0.12699468023327543,0.12472230043371263,0.12891583204232682,0.12624294055449958,0.11748984909472977,0.16790273785591125,1466.2370910644531,97.98636415997346,148.03125,12.61273181773464,1710.3333333333333,3.0,24.0,2.0,1.0,keep,True,,332.5814925625369,measured_d
manual_s09_cyst_0002,<analysis-root>/pSMAD/results/rois/manual_bead_well_36locations/manual_s09_cyst_0002.json,series_09,9,well3-36locations.ome.tif,roi_json_bead_present,True,bead_center_to_nearest_surface,centroid_bead_vector_vs_array_center_ap_axis,0.65,results/manual_bead_well_36locations/scene_images/scene09_psmad.tif,results/manual_bead_well_36locations/scene_images/scene09_dapi.tif,1006.897198075132,1022.1354393045638,True,full_peripheral_shell,full_peripheral_shell,55.0,,72503,70545,151.91988479262682,347.05233410138226,1339.236071207452,643.7148362771219,1454.0,421.5,1170.0,887.5,1136.5,710.0,795.4811342446291,682.0755143931466,-107.33120785792944,-27.5,79.83120785792943,1.946520265388732,109.27772812331818,0.45002781613000153,143749,0.125943080537037,0.18253859164187997,0.1418075972086752,0.11161388987745939,0.10357928718541447,0.15741923272609712,0.11795227527618408,0.1042192444205284,0.3440675735473633,0.07666392253610264,0.07260599732398987,0.07594037080452018,0.07218217104673386,0.06598018400599154,0.06527704342719218,0.0662107683264854,0.06784463503108096,0.06844802440928237,0.06780491576831038,0.06859860640894785,0.07295729729871886,0.1208098068833351,1466.2370910644531,97.98636415997346,148.03125,12.61273181773464,1710.3333333333333,3.0,24.0,1.0,2.0,keep,True,,682.0755143931466,measured_d
manual_s09_cyst_0003,<analysis-root>/pSMAD/results/rois/manual_bead_well_36locations/manual_s09_cyst_0003.json,series_09,9,well3-36locations.ome.tif,roi_json_bead_present,True,bead_center_to_nearest_surface,centroid_bead_vector_vs_array_center_ap_axis,0.65,results/manual_bead_well_36locations/scene_images/scene09_psmad.tif,results/manual_bead_well_36locations/scene_images/scene09_dapi.tif,1006.897198075132,1022.1354393045638,True,full_peripheral_shell,full_peripheral_shell,55.0,,68583,65732,151.91988479262682,347.05233410138226,517.0248850503293,928.2161752827141,295.5,797.0,780.5,993.0,332.0,756.5,446.1164900705843,290.744236363744,35.856896571799204,7.5,-28.35689657179921,4.89738971789196,-30.959506853907243,0.6118113169270833,128752,0.17675063708088193,0.22577619024957205,0.19288870563958965,0.1587351188681339,0.14668668966559018,0.20659002974629406,0.17061195522546768,0.1520405575633049,0.34828346967697144,0.10001254049029364,0.091152124106884,0.09828989086629591,0.08987302333116531,0.15587362881658068,0.15378274155453706,0.14479198211421077,0.134720357610045,0.1355629927181705,0.13693036912821605,0.13251874313836848,0.1246754399472483,0.17468282282352443,1466.2370910644531,97.98636415997346,148.03125,12.61273181773464,1710.3333333333333,3.0,28.0,2.0,1.0,keep,True,,290.744236363744,measured_d
manual_s09_cyst_0005,<analysis-root>/pSMAD/results/rois/manual_bead_well_36locations/manual_s09_cyst_0005.json,series_09,9,well3-36locations.ome.tif,roi_json_bead_present,True,bead_center_to_nearest_surface,centroid_bead_vector_vs_array_center_ap_axis,0.65,results/manual_bead_well_36locations/scene_images/scene09_psmad.tif,results/manual_bead_well_36locations/scene_images/scene09_dapi.tif,1006.897198075132,1022.1354393045638,True,full_peripheral_shell,full_peripheral_shell,55.0,,56541,54486,151.91988479262682,347.05233410138226,1525.8865079202021,1124.5358001355987,1741.5,1071.0,1291.5,1098.0,1297.5,1080.0,1026.1490569367272,883.9918943922878,-147.06224574246767,-12.5,134.56224574246767,0.46153230510862653,147.5237780475763,0.27732173242918084,97346,0.10571901767948261,0.13693865906754765,0.11498193780763434,0.09629865262468029,0.09055728634558896,0.12355944328010085,0.10168664157390594,0.09229102358222008,0.23073600232601166,0.06888276062847083,0.06638071686029434,0.0687233207601743,0.06639505922794342,0.06316393603903984,0.06267044555712378,0.06115475484794035,0.06155115771978532,0.06119217704951603,0.06212551306930046,0.0613986157323266,0.06200367667218907,0.1024584248661995,1466.2370910644531,97.98636415997346,148.03125,12.61273181773464,1710.3333333333333,3.0,25.0,2.0,1.0,keep,True,,883.9918943922878,measured_d
manual_s09_cyst_0006,<analysis-root>/pSMAD/results/rois/manual_bead_well_36locations/manual_s09_cyst_0006.json,series_09,9,well3-36locations.ome.tif,roi_json_bead_present,True,bead_center_to_nearest_surface,centroid_bead_vector_vs_array_center_ap_axis,0.65,results/manual_bead_well_36locations/scene_images/scene09_psmad.tif,results/manual_bead_well_36locations/scene_images/scene09_dapi.tif,1006.897198075132,1022.1354393045638,True,full_peripheral_shell,full_peripheral_shell,55.0,,64800,61222,151.91988479262682,347.05233410138226,677.2017188744359,1413.096728165649,468.5,1540.0,867.5,1241.0,711.0,1210.5,772.4810835081038,668.6198537608352,100.61564119434142,22.5,-78.11564119434142,12.259822873989878,-88.35581832035155,0.39889887744511066,120544,0.11064720067292788,0.1532372295321687,0.12301917454917628,0.09914406467124169,0.09252929248261764,0.13367778539657596,0.10450578220188615,0.09350865706801416,0.23759418725967407,0.0690991866504407,0.06650115549564362,0.06864057487030382,0.06615976989269257,0.0594497789908018,0.0632175928763236,0.06609343199364358,0.06831599351905217,0.06670031685503564,0.06668078065932678,0.06841855919367973,0.07031216507266316,0.10603647902607914,1466.2370910644531,97.98636415997346,148.03125,12.61273181773464,1710.3333333333333,3.0,20.0,2.0,2.0,keep,True,,668.6198537608352,measured_d
manual_s09_cyst_0007,<analysis-root>/pSMAD/results/rois/manual_bead_well_36locations/manual_s09_cyst_0007.json,series_09,9,well3-36locations.ome.tif,roi_json_bead_present,True,bead_center_to_nearest_surface,centroid_bead_vector_vs_array_center_ap_axis,0.65,results/manual_bead_well_36locations/scene_images/scene09_psmad.tif,results/manual_bead_well_36locations/scene_images/scene09_dapi.tif,1006.897198075132,1022.1354393045638,True,full_peripheral_shell,full_peripheral_shell,55.0,,70524,67918,151.91988479262682,347.05233410138226,1164.6596005991723,1497.0011003755476,1311.0,1704.5,1042.0,1245.5,1018.0,1259.5,996.0120965601149,817.7236406856621,169.0029117607558,-17.5,173.4970882392442,-5.597558370317922,-174.60047013107373,0.3607461633158811,140861,0.09936483070206059,0.13370607773609022,0.10918918147560283,0.08938516131125049,0.08328684363960284,0.11715541653335097,0.09489116705954073,0.08522311747074128,0.25108635425567627,0.06152024367310044,0.058737341314554214,0.06119031075910172,0.05855323188006878,0.05136326582744735,0.05099435429279643,0.05101369267848712,0.051212376432162775,0.05006760352907157,0.0507401726450487,0.05145007465471228,0.05291754495012516,0.09609947241842745,1466.2370910644531,97.98636415997346,148.03125,12.61273181773464,1710.3333333333333,3.0,32.0,2.0,2.0,keep,True,,817.7236406856621,measured_d
manual_s10_cyst_0001,<analysis-root>/pSMAD/results/rois/manual_bead_well_36locations/manual_s10_cyst_0001.json,series_10,10,well3-36locations.ome.tif,roi_json_bead_present,True,bead_center_to_nearest_surface,centroid_bead_vector_vs_array_center_ap_axis,0.65,results/manual_bead_well_36locations/scene_images/scene10_psmad.tif,results/manual_bead_well_36locations/scene_images/scene10_dapi.tif,1039.2943872388548,1175.030871178303,True,full_peripheral_shell,full_peripheral_shell,55.0,,63177,59549,1210.8397004608298,109.59758755760367,874.2063956063424,722.7472495349455,746.0,523.5,982.0,961.5,933.0,507.5,454.66303125642094,315.44844149860523,57.084156350830554,37.5,-19.58415635083054,22.348477904658587,-34.73567844617196,0.5739006216853659,112890,0.174018012911807,0.22355502348818235,0.18868677591300795,0.1588321487947135,0.1488695153398838,0.20267331659793847,0.16748544275760652,0.15278163850307466,0.31783121824264526,0.10645715849078145,0.09838815033435822,0.10326654137448436,0.09577526897192001,0.14538802331609962,0.1432244975173003,0.13916130038142505,0.13525229882529194,0.13646523513503978,0.13506760099590479,0.13287506541463429,0.12758331457581518,0.17737690210342408,1466.2370910644531,97.98636415997346,148.03125,12.61273181773464,1710.3333333333333,3.0,24.0,3.0,1.0,keep,True,,315.44844149860523,measured_d
manual_s10_cyst_0002,<analysis-root>/pSMAD/results/rois/manual_bead_well_36locations/manual_s10_cyst_0002.json,series_10,10,well3-36locations.ome.tif,roi_json_bead_present,True,bead_center_to_nearest_surface,centroid_bead_vector_vs_array_center_ap_axis,0.65,results/manual_bead_well_36locations/scene_images/scene10_psmad.tif,results/manual_bead_well_36locations/scene_images/scene10_dapi.tif,1039.2943872388548,1175.030871178303,True,full_peripheral_shell,full_peripheral_shell,55.0,,66206,63154,1210.8397004608298,109.59758755760367,1354.8436525504517,804.226074873568,1440.0,564.5,1197.0,1018.5,1362.0,561.5,461.10886089892546,309.73385060095126,-39.869698037792986,-17.5,22.369698037793,-6.270623914743405,33.599074123049576,0.5734519582671898,123782,0.1772489934178226,0.2211962063808607,0.19059248677230167,0.16194277085489506,0.15116860731416135,0.20146397531032567,0.1718791738152504,0.15691829621791842,0.33805370330810547,0.10682110938901934,0.10068536549806595,0.10372186688164833,0.0979846864938736,0.15227608032349998,0.15272597418750028,0.14401205320139224,0.13807915369717308,0.13473700256896562,0.1379492039243583,0.13652195990326382,0.12970634602380776,0.1794341392815113,1466.2370910644531,97.98636415997346,148.03125,12.61273181773464,1710.3333333333333,3.0,27.0,2.0,1.0,keep,True,,309.73385060095126,measured_d
manual_s10_cyst_0003,<analysis-root>/pSMAD/results/rois/manual_bead_well_36locations/manual_s10_cyst_0003.json,series_10,10,well3-36locations.ome.tif,roi_json_bead_present,True,bead_center_to_nearest_surface,centroid_bead_vector_vs_array_center_ap_axis,0.65,results/manual_bead_well_36locations/scene_images/scene10_psmad.tif,results/manual_bead_well_36locations/scene_images/scene10_dapi.tif,1039.2943872388548,1175.030871178303,True,full_peripheral_shell,full_peripheral_shell,55.0,,64982,62003,1210.8397004608298,109.59758755760367,541.0886533407111,1077.9376729146493,319.5,973.0,818.5,1111.0,760.0,1008.5,765.3039896647211,653.6563605222485,109.21066870691358,17.5,-91.71066870691358,1.794027870208238,-107.41664083670534,0.3667853656513733,115664,0.1332539405011108,0.18153109455454178,0.14818926178632494,0.11874388034375345,0.11034742255751391,0.1616141718626021,0.12652697265148163,0.11205578893423081,0.3005191385746002,0.08255953729231333,0.0787292830646038,0.08192099043830431,0.07800360769033432,0.07275477145137478,0.07221280140064835,0.07398489378371668,0.07596508962463278,0.0767929149489709,0.07482629736515195,0.0759360782265158,0.07798839309283473,0.12707662880420678,1466.2370910644531,97.98636415997346,148.03125,12.61273181773464,1710.3333333333333,3.0,22.0,1.0,2.0,keep,True,,653.6563605222485,measured_d
manual_s10_cyst_0005,<analysis-root>/pSMAD/results/rois/manual_bead_well_36locations/manual_s10_cyst_0005.json,series_10,10,well3-36locations.ome.tif,roi_json_bead_present,True,bead_center_to_nearest_surface,centroid_bead_vector_vs_array_center_ap_axis,0.65,results/manual_bead_well_36locations/scene_images/scene10_psmad.tif,results/manual_bead_well_36locations/scene_images/scene10_dapi.tif,1039.2943872388548,1175.030871178303,True,full_peripheral_shell,full_peripheral_shell,55.0,,68745,67245,1210.8397004608298,109.59758755760367,1523.0504241106337,1263.8186861879194,1753.5,1348.0,1250.5,1206.0,1386.0,1101.5,777.205921558143,654.7121656729867,-120.90069194120646,-27.5,93.40069194120645,-11.242634565041683,109.65805737616478,0.3401436920542966,134281,0.12072732645450472,0.15850360056089258,0.13209780560401518,0.10902598636865138,0.1017674736861781,0.14179874181747432,0.11584450006484985,0.10422877669334411,0.2438783347606659,0.0758660753054428,0.0720522329211235,0.07544064511963194,0.07169770449399948,0.06489962412788246,0.06460674308489689,0.06693044024779235,0.06794083510255278,0.06724447000380217,0.06703374053764126,0.0685050429321628,0.07211570261764282,0.11678736060857768,1466.2370910644531,97.98636415997346,148.03125,12.61273181773464,1710.3333333333333,3.0,25.0,1.0,2.0,keep,True,,654.7121656729867,measured_d
manual_s10_cyst_0006,<analysis-root>/pSMAD/results/rois/manual_bead_well_36locations/manual_s10_cyst_0006.json,series_10,10,well3-36locations.ome.tif,roi_json_bead_present,True,bead_center_to_nearest_surface,centroid_bead_vector_vs_array_center_ap_axis,0.65,results/manual_bead_well_36locations/scene_images/scene10_psmad.tif,results/manual_bead_well_36locations/scene_images/scene10_dapi.tif,1039.2943872388548,1175.030871178303,True,full_peripheral_shell,full_peripheral_shell,55.0,,64480,61645,1210.8397004608298,109.59758755760367,711.6546894787813,1546.4827460620959,512.0,1677.5,892.0,1336.5,888.0,1334.5,988.7319696616685,823.3761674987048,151.06142258947497,-22.5,-173.56142258947497,5.876558423420839,-145.18486416605413,0.2985370400016907,120813,0.11169872239461684,0.15480149405702007,0.12397692040541788,0.10008294788715816,0.09330470437318734,0.13672143697738637,0.1056369334459303,0.09461896419525147,0.24767068028450012,0.07070868850776868,0.06732718646526337,0.06975186234175774,0.06667157262563705,0.062164557353991255,0.061735981313054,0.06172152969045586,0.06228751392828183,0.062489306825579134,0.06285588590902505,0.06262383813953218,0.063566965018138,0.10843529328703878,1466.2370910644531,97.98636415997346,148.03125,12.61273181773464,1710.3333333333333,3.0,29.0,2.0,1.0,keep,True,,823.3761674987048,measured_d
manual_s10_cyst_0007,<analysis-root>/pSMAD/results/rois/manual_bead_well_36locations/manual_s10_cyst_0007.json,series_10,10,well3-36locations.ome.tif,roi_json_bead_present,True,bead_center_to_nearest_surface,centroid_bead_vector_vs_array_center_ap_axis,0.65,results/manual_bead_well_36locations/scene_images/scene10_psmad.tif,results/manual_bead_well_36locations/scene_images/scene10_dapi.tif,1039.2943872388548,1175.030871178303,True,full_peripheral_shell,full_peripheral_shell,55.0,,55366,51526,1210.8397004608298,109.59758755760367,1219.086982671907,1634.611688944656,1345.0,1823.5,1102.0,1438.5,1149.0,1426.5,991.2736612292736,856.9298148098205,-148.0510091025329,-2.5,145.55100910253293,0.8493934765720936,148.900402579105,0.25015592076747767,96433,0.10982711245203722,0.1450341845205588,0.12008700825398312,0.09977428858216679,0.09388560368436662,0.12977729737758636,0.10507975332438946,0.09516673907637596,0.21194881200790405,0.07268500796162644,0.07057639956474304,0.07192615891141954,0.06997406855225563,0.06519350630466472,0.06522705813975745,0.0651076229834268,0.06430991402076386,0.06382136399379051,0.06505822537394525,0.06459118623281417,0.06546967959264957,0.10694547928869724,1466.2370910644531,97.98636415997346,148.03125,12.61273181773464,1710.3333333333333,3.0,24.0,2.0,2.0,keep,True,,856.9298148098205,measured_d
manual_s11_cyst_0001,<analysis-root>/pSMAD/results/rois/manual_bead_well_36locations/manual_s11_cyst_0001.json,series_11,11,well3-36locations.ome.tif,roi_json_bead_present,True,bead_center_to_nearest_surface,centroid_bead_vector_vs_array_center_ap_axis,0.65,results/manual_bead_well_36locations/scene_images/scene11_psmad.tif,results/manual_bead_well_36locations/scene_images/scene11_dapi.tif,938.1696358712007,1050.0263918146254,True,full_peripheral_shell,full_peripheral_shell,55.0,,61957,58673,1942.45702764977,674.3548225806451,789.9202222627073,586.3563035161231,783.0,349.5,842.0,838.5,947.5,644.0,751.3293814713736,647.0229757490899,101.2459100065472,-27.5,-128.7459100065472,-13.490955748836585,-114.73686575538379,0.3999713514578286,109780,0.16682038192612506,0.23282969982904309,0.1860613679004187,0.14699320976829142,0.1353874296739777,0.20198651492595657,0.1585111379623413,0.13845776319503786,0.3977556526660919,0.09866233140374844,0.09167081117630005,0.09737482156029986,0.09092244505882263,0.08118822035679991,0.07899888009455083,0.08292977745177699,0.08589514788570776,0.08366561654926712,0.08361622688899717,0.08471058546824625,0.09094629005792843,0.16256292164325714,1466.2370910644531,97.98636415997346,148.03125,12.61273181773464,1710.3333333333333,3.0,20.0,2.0,2.0,keep,True,,647.0229757490899,measured_d
manual_s11_cyst_0002,<analysis-root>/pSMAD/results/rois/manual_bead_well_36locations/manual_s11_cyst_0002.json,series_11,11,well3-36locations.ome.tif,roi_json_bead_present,True,bead_center_to_nearest_surface,centroid_bead_vector_vs_array_center_ap_axis,0.65,results/manual_bead_well_36locations/scene_images/scene11_psmad.tif,results/manual_bead_well_36locations/scene_images/scene11_dapi.tif,938.1696358712007,1050.0263918146254,True,full_peripheral_shell,full_peripheral_shell,55.0,,68379,65504,1942.45702764977,674.3548225806451,1277.3403118171618,684.2184565641056,1396.0,473.5,1097.0,898.5,1510.5,615.0,432.37340270143847,283.41033771826795,54.02285624266093,27.5,-26.522856242660936,31.077285236564787,-22.945571006096145,0.5299629444210171,135464,0.20119565546084972,0.25729705927121205,0.2185116506685413,0.18236754761857937,0.17010195491960206,0.23329069390892984,0.19420113191008567,0.17521023303270342,0.3981592059135437,0.12088417008852699,0.11402538418769836,0.11802385408767628,0.11219382286071777,0.18004707756005364,0.17623670350739182,0.16771233625839105,0.15856442750698313,0.16414487222005253,0.16182215705812436,0.15715778386876,0.14744759876300137,0.20434307754039763,1466.2370910644531,97.98636415997346,148.03125,12.61273181773464,1710.3333333333333,3.0,27.0,2.0,1.0,keep,True,,283.41033771826795,measured_d
manual_s11_cyst_0003,<analysis-root>/pSMAD/results/rois/manual_bead_well_36locations/manual_s11_cyst_0003.json,series_11,11,well3-36locations.ome.tif,roi_json_bead_present,True,bead_center_to_nearest_surface,centroid_bead_vector_vs_array_center_ap_axis,0.65,results/manual_bead_well_36locations/scene_images/scene11_psmad.tif,results/manual_bead_well_36locations/scene_images/scene11_dapi.tif,938.1696358712007,1050.0263918146254,True,full_peripheral_shell,full_peripheral_shell,55.0,,60381,55840,1942.45702764977,674.3548225806451,437.3523699421965,954.2958766859344,225.5,890.0,694.5,1009.0,695.5,1004.0,995.0960847175734,838.3659007771709,155.22642111705363,32.5,-122.72642111705363,8.6210473082094,-146.60537380884423,0.2788966908769524,103800,0.15254659864806003,0.21235256659430127,0.1712878417693356,0.13451464691354137,0.12444123273818561,0.19027644306421285,0.1440739400684833,0.12587014138698577,0.33154627680778503,0.09285507549426827,0.08767412602901459,0.0916929696689151,0.08665861189365387,0.08491245072927422,0.08032024114253933,0.07747959183948648,0.07809884966781507,0.07945476427503093,0.0800395933010644,0.0793976660244557,0.0815527631732872,0.14708474278450012,1466.2370910644531,97.98636415997346,148.03125,12.61273181773464,1710.3333333333333,3.0,26.0,3.0,2.0,keep,True,,838.3659007771709,measured_d
manual_s11_cyst_0005,<analysis-root>/pSMAD/results/rois/manual_bead_well_36locations/manual_s11_cyst_0005.json,series_11,11,well3-36locations.ome.tif,roi_json_bead_present,True,bead_center_to_nearest_surface,centroid_bead_vector_vs_array_center_ap_axis,0.65,results/manual_bead_well_36locations/scene_images/scene11_psmad.tif,results/manual_bead_well_36locations/scene_images/scene11_dapi.tif,938.1696358712007,1050.0263918146254,True,full_peripheral_shell,full_peripheral_shell,55.0,,51854,49875,1942.45702764977,674.3548225806451,1426.5495964557708,1165.9414827406208,1636.5,1199.0,1200.5,1108.0,1601.0,1109.5,463.198739256231,359.52946468440757,-55.40643452174171,-22.5,32.906434521741716,-36.90332059998443,18.50311392175729,0.3861061640641945,74713,0.18031635222345616,0.22275932596059506,0.19339017614829798,0.16606149698259837,0.156803729837809,0.20383306056261066,0.17524078786373137,0.160704904794693,0.33516404032707214,0.12022597292308224,0.11588457226753235,0.11949984054029324,0.11560579389333725,0.1592526779313659,0.1518534961221523,0.1469947510214527,0.14313665138371948,0.14115084506404957,0.14603092410872515,0.1440171297500854,0.1349247486723429,0.1781033843755722,1466.2370910644531,97.98636415997346,148.03125,12.61273181773464,1710.3333333333333,3.0,19.0,2.0,2.0,keep,True,,359.52946468440757,measured_d
manual_s11_cyst_0006,<analysis-root>/pSMAD/results/rois/manual_bead_well_36locations/manual_s11_cyst_0006.json,series_11,11,well3-36locations.ome.tif,roi_json_bead_present,True,bead_center_to_nearest_surface,centroid_bead_vector_vs_array_center_ap_axis,0.65,results/manual_bead_well_36locations/scene_images/scene11_psmad.tif,results/manual_bead_well_36locations/scene_images/scene11_dapi.tif,938.1696358712007,1050.0263918146254,True,full_peripheral_shell,full_peripheral_shell,55.0,,57670,53041,1942.45702764977,674.3548225806451,593.3988799319452,1446.4890322449971,516.0,1643.5,745.0,1252.5,754.5,1268.0,1010.3578597434863,863.2177417379391,-150.14124571671616,32.5,-177.35875428328382,15.183673099450894,165.32491881616704,0.1925944373175038,98744,0.1366833047862327,0.18586074842908287,0.15056075901635585,0.12355749034187169,0.11595328423037563,0.16446808576583843,0.12967319786548615,0.11734965443611145,0.2757400572299957,0.08979343709230113,0.08629727363586426,0.0884497251182608,0.08531024307012558,0.09390482980346528,0.0926083828506045,0.08728658058713513,0.08344011174195104,0.08566938100265671,0.08373546394955492,0.0821263979452068,0.08248626035541994,0.13377295061945915,1466.2370910644531,97.98636415997346,148.03125,12.61273181773464,1710.3333333333333,3.0,25.0,2.0,2.0,keep,True,,863.2177417379391,measured_d
manual_s11_cyst_0007,<analysis-root>/pSMAD/results/rois/manual_bead_well_36locations/manual_s11_cyst_0007.json,series_11,11,well3-36locations.ome.tif,roi_json_bead_present,True,bead_center_to_nearest_surface,centroid_bead_vector_vs_array_center_ap_axis,0.65,results/manual_bead_well_36locations/scene_images/scene11_psmad.tif,results/manual_bead_well_36locations/scene_images/scene11_dapi.tif,938.1696358712007,1050.0263918146254,True,full_peripheral_shell,full_peripheral_shell,55.0,,59218,56592,1942.45702764977,674.3548225806451,1126.607068627645,1544.049535818207,1228.0,1736.5,1024.0,1294.5,1198.5,1417.0,775.1042323907005,683.2714911222996,-112.05455189449398,-77.5,34.55455189449398,-55.10630356954623,56.94824832494777,0.11530886688104662,101038,0.14149171026298518,0.1849056985163436,0.15408901808645195,0.1292352249314501,0.12204053024125613,0.16476395681500428,0.13546687737107277,0.12369522526860238,0.26599714159965515,0.09564861885063647,0.09284639358520508,0.0950782652262357,0.09251194447278976,0.09521863444481216,0.0945012341052715,0.0942954747232566,0.09596094175109468,0.09348768903386705,0.09335061169433902,0.09591042524992215,0.09638640859452917,0.13714917451143263,1466.2370910644531,97.98636415997346,148.03125,12.61273181773464,1710.3333333333333,3.0,19.0,1.0,2.0,keep,True,,683.2714911222996,measured_d
manual_s12_cyst_0001,<from_label_scene_12>,series_12,12,well3-36locations.ome.tif,label_mask_no_bead_scene,False,no_bead_control,no_bead_control,0.65,<analysis-root>/pSMAD/results/manual_bead_well_36locations/scene_images/scene12_psmad.tif,<analysis-root>/pSMAD/results/manual_bead_well_36locations/scene_images/scene12_dapi.tif,,,,peripheral_shell_control,peripheral_shell_control,55.0,,62122,62122,,,866.9050016721786,558.689318494296,,,,,,,,,,,,,,,107644,0.1527018226154296,0.21752270634534657,0.1723718699253676,0.13414729606637532,0.12371560860445822,0.19117616578936586,0.14361102655529975,0.12477358728647232,0.3358571529388428,0.08880594372749329,0.08336660265922546,0.08880594372749329,0.08336660265922546,,,,,,,,,,1466.2370910644531,97.98636415997346,148.03125,12.61273181773464,,,,,,flag_hot_control,True,No-bead control looks hotter than expected; keep but flag.,1088.3315478459597,no_bead_control_set_to_max_plus_offset
manual_s12_cyst_0002,<from_label_scene_12>,series_12,12,well3-36locations.ome.tif,label_mask_no_bead_scene,False,no_bead_control,no_bead_control,0.65,<analysis-root>/pSMAD/results/manual_bead_well_36locations/scene_images/scene12_psmad.tif,<analysis-root>/pSMAD/results/manual_bead_well_36locations/scene_images/scene12_dapi.tif,,,,peripheral_shell_control,peripheral_shell_control,55.0,,57690,57690,,,1361.290180726685,642.4058374089544,,,,,,,,,,,,,,,95282,0.1319363085705768,0.18720888613724831,0.1480738943252241,0.11674898082200257,0.10813286671023328,0.16280078247189525,0.12402662634849548,0.10945097357034683,0.33154669404029846,0.07801917940378189,0.07414337992668152,0.07801917940378189,0.07414337992668152,,,,,,,,,,1466.2370910644531,97.98636415997346,148.03125,12.61273181773464,,,,,,keep,True,,1088.3315478459597,no_bead_control_set_to_max_plus_offset
manual_s12_cyst_0003,<from_label_scene_12>,series_12,12,well3-36locations.ome.tif,label_mask_no_bead_scene,False,no_bead_control,no_bead_control,0.65,<analysis-root>/pSMAD/results/manual_bead_well_36locations/scene_images/scene12_psmad.tif,<analysis-root>/pSMAD/results/manual_bead_well_36locations/scene_images/scene12_dapi.tif,,,,peripheral_shell_control,peripheral_shell_control,55.0,,58900,58900,,,529.60372314199,938.5786319261069,,,,,,,,,,,,,,,91267,0.14224150107955286,0.19348349221088687,0.15784055257693616,0.12636200116223106,0.11690112732616467,0.171547315120697,0.13538980782032012,0.11951012760400773,0.32496675848960876,0.08475891500711441,0.0798027515411377,0.08475891500711441,0.0798027515411377,,,,,,,,,,1466.2370910644531,97.98636415997346,148.03125,12.61273181773464,,,,,,keep,True,,1088.3315478459597,no_bead_control_set_to_max_plus_offset
manual_s12_cyst_0005,<from_label_scene_12>,series_12,12,well3-36locations.ome.tif,label_mask_no_bead_scene,False,no_bead_control,no_bead_control,0.65,<analysis-root>/pSMAD/results/manual_bead_well_36locations/scene_images/scene12_psmad.tif,<analysis-root>/pSMAD/results/manual_bead_well_36locations/scene_images/scene12_dapi.tif,,,,peripheral_shell_control,peripheral_shell_control,55.0,,63588,63588,,,1517.182593212108,1148.740355042357,,,,,,,,,,,,,,,111198,0.09690806275855485,0.13735094516532226,0.10892077197771777,0.08559752555740088,0.07933271154484021,0.1202676187455651,0.09132964797317968,0.08005607947707177,0.28352853655815125,0.05783912166953087,0.05550368130207062,0.05783912166953087,0.05550368130207062,,,,,,,,,,1466.2370910644531,97.98636415997346,148.03125,12.61273181773464,,,,,,keep,True,,1088.3315478459597,no_bead_control_set_to_max_plus_offset
manual_s12_cyst_0006,<from_label_scene_12>,series_12,12,well3-36locations.ome.tif,label_mask_no_bead_scene,False,no_bead_control,no_bead_control,0.65,<analysis-root>/pSMAD/results/manual_bead_well_36locations/scene_images/scene12_psmad.tif,<analysis-root>/pSMAD/results/manual_bead_well_36locations/scene_images/scene12_dapi.tif,,,,peripheral_shell_control,peripheral_shell_control,55.0,,58995,58995,,,686.650196402729,1433.0388670663635,,,,,,,,,,,,,,,101577,0.12170068408978188,0.17234786162942142,0.13672003390930468,0.10757575348096637,0.0997146161945501,0.15041451364755629,0.11444965004920954,0.10058735162019729,0.272920697927475,0.07372263818979263,0.07013417035341263,0.07372263818979263,0.07013417035341263,,,,,,,,,,1466.2370910644531,97.98636415997346,148.03125,12.61273181773464,,,,,,keep,True,,1088.3315478459597,no_bead_control_set_to_max_plus_offset
manual_s12_cyst_0007,<from_label_scene_12>,series_12,12,well3-36locations.ome.tif,label_mask_no_bead_scene,False,no_bead_control,no_bead_control,0.65,<analysis-root>/pSMAD/results/manual_bead_well_36locations/scene_images/scene12_psmad.tif,<analysis-root>/pSMAD/results/manual_bead_well_36locations/scene_images/scene12_dapi.tif,,,,peripheral_shell_control,peripheral_shell_control,55.0,,60284,60284,,,1196.727093279471,1550.1633584282042,,,,,,,,,,,,,,,108920,0.10653406519026953,0.15784902756981192,0.12073255867803868,0.09372073482078452,0.08656935122003732,0.133769155293703,0.09924218170344828,0.08720921725034714,0.38663721084594727,0.06303763389587402,0.059650033712387085,0.06303763389587402,0.059650033712387085,,,,,,,,,,1466.2370910644531,97.98636415997346,148.03125,12.61273181773464,,,,,,keep,True,,1088.3315478459597,no_bead_control_set_to_max_plus_offset
manual_s13_cyst_0001,<analysis-root>/pSMAD/results/rois/manual_bead_well_36locations/manual_s13_cyst_0001.json,series_13,13,well3-36locations.ome.tif,roi_json_bead_present,True,bead_center_to_nearest_surface,centroid_bead_vector_vs_array_center_ap_axis,0.65,results/manual_bead_well_36locations/scene_images/scene13_psmad.tif,results/manual_bead_well_36locations/scene_images/scene13_dapi.tif,1023.6455683819213,1163.8604235961652,True,full_peripheral_shell,full_peripheral_shell,55.0,,60183,57234,1127.4096543778803,116.01528341013818,858.3007178717215,697.3389386759255,741.0,502.5,936.0,939.5,892.0,490.5,416.3841411712259,287.5149992104572,48.88815985260426,22.5,-26.388159852604247,20.463283616656067,-28.424876235948204,0.5716578610695452,106565,0.21124385140841445,0.2644482549624501,0.22851198728396124,0.19240755654661232,0.17919204553094464,0.2430951881408691,0.2046668902039528,0.18557551056146623,0.37419238686561584,0.12121899834024519,0.11159295588731766,0.120573759198694,0.11170388013124466,0.18426112008523807,0.18015348030856904,0.17204059617672152,0.16649375893932766,0.1627608971751623,0.1646512885957154,0.16219248215039606,0.15359728441745027,0.20829022526741028,1466.2370910644531,97.98636415997346,148.03125,12.61273181773464,1710.3333333333333,3.0,24.0,2.0,2.0,keep,True,,287.5149992104572,measured_d
manual_s13_cyst_0002,<analysis-root>/pSMAD/results/rois/manual_bead_well_36locations/manual_s13_cyst_0002.json,series_13,13,well3-36locations.ome.tif,roi_json_bead_present,True,bead_center_to_nearest_surface,centroid_bead_vector_vs_array_center_ap_axis,0.65,results/manual_bead_well_36locations/scene_images/scene13_psmad.tif,results/manual_bead_well_36locations/scene_images/scene13_dapi.tif,1023.6455683819213,1163.8604235961652,True,full_peripheral_shell,full_peripheral_shell,55.0,,58110,55696,1127.4096543778803,116.01528341013818,1340.4024933555136,806.5652784948087,1495.0,634.5,1187.0,988.5,1363.0,611.5,469.72349960709647,356.6172236791083,-58.1669363379574,-32.5,25.666936337957395,-22.99231525754829,35.17462108040911,0.5379305890039221,104598,0.1820994648112643,0.23620112400829685,0.1980957775719504,0.16576479075867784,0.15495745646485565,0.21306477189064033,0.1746167242527008,0.15914607048034668,0.32139983773231506,0.10853881325149299,0.0994086004793644,0.10663533091713792,0.09809235483407974,0.1551839970680927,0.1507038701372472,0.14547593009255197,0.14107374969201666,0.13920741388871996,0.13816687543226522,0.13804808692968343,0.1309990654132084,0.18009147569537162,1466.2370910644531,97.98636415997346,148.03125,12.61273181773464,1710.3333333333333,3.0,21.0,2.0,1.0,keep,True,,356.6172236791083,measured_d
manual_s13_cyst_0003,<analysis-root>/pSMAD/results/rois/manual_bead_well_36locations/manual_s13_cyst_0003.json,series_13,13,well3-36locations.ome.tif,roi_json_bead_present,True,bead_center_to_nearest_surface,centroid_bead_vector_vs_array_center_ap_axis,0.65,results/manual_bead_well_36locations/scene_images/scene13_psmad.tif,results/manual_bead_well_36locations/scene_images/scene13_dapi.tif,1023.6455683819213,1163.8604235961652,True,full_peripheral_shell,full_peripheral_shell,55.0,,55197,53934,1127.4096543778803,116.01528341013818,482.96920782963736,1053.7110719718198,330.5,910.0,672.5,1159.0,615.0,968.5,739.5665840454809,646.5111367182772,88.44192336365204,17.5,-70.94192336365204,5.1270617645473,-83.31486159910474,0.3724964901604834,99928,0.14939086297081494,0.2080129431353675,0.16803913137781917,0.13164523158740807,0.12175947538027988,0.1850437775254249,0.1410952128469944,0.12294434607028962,0.3452889621257782,0.09149645024340508,0.08607859164476395,0.0905134894142572,0.08550872653722763,0.10267035595859958,0.09268221195371429,0.0894719818904837,0.08950085245341285,0.08667720579827098,0.08711961958739182,0.08928682122321573,0.09355057856042007,0.14490387141704558,1466.2370910644531,97.98636415997346,148.03125,12.61273181773464,1710.3333333333333,3.0,19.0,1.0,1.0,keep,True,,646.5111367182772,measured_d
manual_s13_cyst_0005,<analysis-root>/pSMAD/results/rois/manual_bead_well_36locations/manual_s13_cyst_0005.json,series_13,13,well3-36locations.ome.tif,roi_json_bead_present,True,bead_center_to_nearest_surface,centroid_bead_vector_vs_array_center_ap_axis,0.65,results/manual_bead_well_36locations/scene_images/scene13_psmad.tif,results/manual_bead_well_36locations/scene_images/scene13_dapi.tif,1023.6455683819213,1163.8604235961652,True,full_peripheral_shell,full_peripheral_shell,55.0,,61311,58711,1127.4096543778803,116.01528341013818,1482.3645942243213,1289.745700688611,1691.5,1397.0,1244.5,1210.0,1371.0,1130.5,797.0484633923915,678.1576493302038,-129.52788918574072,-17.5,112.02788918574072,-6.801059402983821,122.72682978275691,0.4998393714710434,110948,0.18273246022859937,0.3367021440141866,0.2206614319722318,0.14720307658165935,0.1279430773815171,0.25529544949531574,0.1610632985830307,0.13135014474391937,0.5517804622650146,0.08466388144508498,0.06983016431331635,0.08073698725783662,0.06894386559724808,0.06958278033270802,0.06758855077741308,0.06907466307576207,0.06972271509120011,0.07079062484025812,0.07017955797728162,0.07047004557914682,0.07061230616047273,0.17453589290380478,1466.2370910644531,97.98636415997346,148.03125,12.61273181773464,1710.3333333333333,3.0,23.0,2.0,2.0,keep,True,,678.1576493302038,measured_d
manual_s13_cyst_0006,<analysis-root>/pSMAD/results/rois/manual_bead_well_36locations/manual_s13_cyst_0006.json,series_13,13,well3-36locations.ome.tif,roi_json_bead_present,True,bead_center_to_nearest_surface,centroid_bead_vector_vs_array_center_ap_axis,0.65,results/manual_bead_well_36locations/scene_images/scene13_psmad.tif,results/manual_bead_well_36locations/scene_images/scene13_dapi.tif,1023.6455683819213,1163.8604235961652,True,full_peripheral_shell,full_peripheral_shell,55.0,,55070,51704,1127.4096543778803,116.01528341013818,695.1196074377917,1559.0598962016777,571.0,1728.5,854.0,1388.5,800.0,1365.5,979.162476587945,839.5849338399032,156.90413139047962,7.5,-149.40413139047962,21.621295419608472,-135.28283597087113,0.28772656289831056,91909,0.11464259128717176,0.15092791775133618,0.12566823294502952,0.1031028167783678,0.09619565326441896,0.1343686166405678,0.11005336046218872,0.09828578904271128,0.2294727861881256,0.07283562893053509,0.06969580054283142,0.07165885209110051,0.06873194873332977,0.06879547940263177,0.06596344747398501,0.06592978723365199,0.06587123852015424,0.06765340365326897,0.06667514425602442,0.0660291158120727,0.06667410981995879,0.11284208334982394,1466.2370910644531,97.98636415997346,148.03125,12.61273181773464,1710.3333333333333,3.0,25.0,2.0,2.0,keep,True,,839.5849338399032,measured_d
manual_s13_cyst_0007,<analysis-root>/pSMAD/results/rois/manual_bead_well_36locations/manual_s13_cyst_0007.json,series_13,13,well3-36locations.ome.tif,roi_json_bead_present,True,bead_center_to_nearest_surface,centroid_bead_vector_vs_array_center_ap_axis,0.65,results/manual_bead_well_36locations/scene_images/scene13_psmad.tif,results/manual_bead_well_36locations/scene_images/scene13_dapi.tif,1023.6455683819213,1163.8604235961652,True,full_peripheral_shell,full_peripheral_shell,55.0,,61474,58556,1127.4096543778803,116.01528341013818,1173.702381272221,1636.8366423972132,1205.0,1868.5,1114.0,1389.5,1123.0,1389.5,988.9917406189102,827.7700282480457,-170.98669206298183,-22.5,148.48669206298183,-5.192513720106478,165.79417834287534,0.11391725601069065,111663,0.08981678488440405,0.12454138436821947,0.09933302661180089,0.08084298471240785,0.07565265905938857,0.10736194439232345,0.08495023287832737,0.07658739387989044,0.23349493741989136,0.05710837591623463,0.05500418320298195,0.056668520606046484,0.05467311479151249,0.06063031875619047,0.05728267759998053,0.05526542490265282,0.05401992326047109,0.055007849532185744,0.053820586532143465,0.05362350718675104,0.053815634159045736,0.08646560162305832,1466.2370910644531,97.98636415997346,148.03125,12.61273181773464,1710.3333333333333,3.0,29.0,2.0,2.0,keep,True,,827.7700282480457,measured_d
manual_s14_cyst_0001,<analysis-root>/pSMAD/results/rois/manual_bead_well_36locations/manual_s14_cyst_0001.json,series_14,14,well3-36locations.ome.tif,roi_json_bead_present,True,bead_center_to_nearest_surface,centroid_bead_vector_vs_array_center_ap_axis,0.65,results/manual_bead_well_36locations/scene_images/scene14_psmad.tif,results/manual_bead_well_36locations/scene_images/scene14_dapi.tif,1120.500083916084,1070.6358974358975,True,full_peripheral_shell,full_peripheral_shell,55.0,,59117,56449,203.26145161290333,391.97620506912426,961.3208419929742,638.4329605856063,916.0,408.5,1062.0,847.5,807.5,513.0,518.1258298291222,400.5556016587909,-53.59407451830909,-7.5,46.0940745183091,-18.378735579811284,35.21533893849781,0.5599989508994382,108742,0.17364558218009077,0.22421086694286987,0.18944193481913366,0.15756235044941214,0.14718617608642592,0.20435493409633618,0.16654220223426816,0.15106182396411896,0.34359705448150635,0.10252176050214841,0.09717953205108643,0.1020388063920085,0.09709783643484116,0.15035173340739824,0.14502694372110814,0.14226382596169138,0.13688153297958522,0.13185908903513907,0.13328077978399702,0.13405817286200697,0.12435641731407951,0.16963717341423035,1466.2370910644531,97.98636415997346,148.03125,12.61273181773464,1710.3333333333333,3.0,22.0,1.0,2.0,keep,True,,400.5556016587909,measured_d
manual_s14_cyst_0002,<analysis-root>/pSMAD/results/rois/manual_bead_well_36locations/manual_s14_cyst_0002.json,series_14,14,well3-36locations.ome.tif,roi_json_bead_present,True,bead_center_to_nearest_surface,centroid_bead_vector_vs_array_center_ap_axis,0.65,results/manual_bead_well_36locations/scene_images/scene14_psmad.tif,results/manual_bead_well_36locations/scene_images/scene14_dapi.tif,1120.500083916084,1070.6358974358975,True,full_peripheral_shell,full_peripheral_shell,55.0,,64709,61575,203.26145161290333,391.97620506912426,1449.014292565193,722.6701389161865,1629.0,555.5,1281.0,913.5,1241.5,759.0,837.7838422699599,715.7812718439322,-119.32180374528974,-12.5,106.82180374528974,-14.620325369388272,104.7014783759015,0.5141768176721733,127199,0.12808060640128605,0.16883257387036626,0.1404843368132264,0.11544537274178285,0.10745128877539604,0.15217641651630404,0.12254743576049798,0.11020637154579162,0.24101266264915466,0.07580320840910382,0.0710148960351944,0.07521541953033159,0.07057934999465942,0.059902086766263074,0.06061700922370467,0.06369463587436905,0.0675426488169262,0.06543274819751656,0.06629848911833587,0.06913075575227784,0.07108417612951264,0.12436405569314957,1466.2370910644531,97.98636415997346,148.03125,12.61273181773464,1710.3333333333333,3.0,23.0,2.0,2.0,keep,True,,715.7812718439322,measured_d
manual_s14_cyst_0003,<analysis-root>/pSMAD/results/rois/manual_bead_well_36locations/manual_s14_cyst_0003.json,series_14,14,well3-36locations.ome.tif,roi_json_bead_present,True,bead_center_to_nearest_surface,centroid_bead_vector_vs_array_center_ap_axis,0.65,results/manual_bead_well_36locations/scene_images/scene14_psmad.tif,results/manual_bead_well_36locations/scene_images/scene14_dapi.tif,1120.500083916084,1070.6358974358975,True,full_peripheral_shell,full_peripheral_shell,55.0,,58779,54401,203.26145161290333,391.97620506912426,631.8809858371832,992.1784049898404,407.5,1008.0,885.5,1032.0,487.0,849.5,479.39753393844154,349.9364733916772,51.59404951478813,17.5,-34.09404951478814,30.38202581929848,-21.21202369548965,0.5700341328046964,98921,0.18130568246634607,0.2331398366514696,0.19735493354611605,0.16416002031596813,0.15298294516256442,0.21242202818393707,0.17444433271884918,0.15740163624286652,0.3105939030647278,0.1058118238735035,0.09762058407068253,0.1039635111211775,0.09629379957914352,0.15458514146268565,0.153663920219101,0.14960656167254402,0.14457343899251807,0.13887157565211544,0.14472912750824715,0.14353275254052678,0.13361587701268518,0.18012632727622985,1466.2370910644531,97.98636415997346,148.03125,12.61273181773464,1710.3333333333333,3.0,23.0,2.0,2.0,keep,True,,349.9364733916772,measured_d
manual_s14_cyst_0005,<analysis-root>/pSMAD/results/rois/manual_bead_well_36locations/manual_s14_cyst_0005.json,series_14,14,well3-36locations.ome.tif,roi_json_bead_present,True,bead_center_to_nearest_surface,centroid_bead_vector_vs_array_center_ap_axis,0.65,results/manual_bead_well_36locations/scene_images/scene14_psmad.tif,results/manual_bead_well_36locations/scene_images/scene14_dapi.tif,1120.500083916084,1070.6358974358975,True,full_peripheral_shell,full_peripheral_shell,55.0,,61060,58614,203.26145161290333,391.97620506912426,1605.792736558377,1162.6862852886934,1827.5,1213.0,1358.5,1137.0,1380.5,1076.0,1040.2209832260196,884.9981308751351,-160.41519697665976,-17.5,142.9151969766598,-11.892501520634914,148.52269545602485,0.34208351416073635,112784,0.09698194295996612,0.12861494911641036,0.10661806988760865,0.08694254306600148,0.0807618472232614,0.11555817529559137,0.09279179461300373,0.08290031775832178,0.19006353616714478,0.05907600606511256,0.055951694026589394,0.058839006320808296,0.05578061565756798,0.050219202063995515,0.05126037911001335,0.05079032744828443,0.05075638286969583,0.050647592925138527,0.051125755576420094,0.0510644147382645,0.05190955717612224,0.0934512559324503,1466.2370910644531,97.98636415997346,148.03125,12.61273181773464,1710.3333333333333,3.0,28.0,2.0,1.0,keep,True,,884.9981308751351,measured_d
manual_s14_cyst_0006,<analysis-root>/pSMAD/results/rois/manual_bead_well_36locations/manual_s14_cyst_0006.json,series_14,14,well3-36locations.ome.tif,roi_json_bead_present,True,bead_center_to_nearest_surface,centroid_bead_vector_vs_array_center_ap_axis,0.65,results/manual_bead_well_36locations/scene_images/scene14_psmad.tif,results/manual_bead_well_36locations/scene_images/scene14_dapi.tif,1120.500083916084,1070.6358974358975,True,full_peripheral_shell,full_peripheral_shell,55.0,,65976,64685,203.26145161290333,391.97620506912426,782.3164848363527,1434.640684308185,612.0,1609.5,920.0,1219.5,762.0,1226.5,775.233379655504,652.7950775882198,112.65423257637342,22.5,-90.15423257637342,27.528103770036328,-85.12612880633709,0.4135579560025888,129883,0.10990731935838143,0.1442603583820452,0.12049251189095528,0.09847815253362871,0.09135944281423398,0.12935546755790708,0.10558934360742568,0.09417585581541062,0.2573372721672058,0.0669059402147969,0.06325408443808556,0.06667798756400556,0.06305202841758728,0.06156041707290794,0.06112567860458071,0.06135929677643494,0.06321933162160119,0.06258161446961177,0.06280640851392705,0.06362847270064162,0.06846848436119253,0.10584795661270618,1466.2370910644531,97.98636415997346,148.03125,12.61273181773464,1710.3333333333333,3.0,24.0,1.0,1.0,keep,True,,652.7950775882198,measured_d
manual_s14_cyst_0007,<analysis-root>/pSMAD/results/rois/manual_bead_well_36locations/manual_s14_cyst_0007.json,series_14,14,well3-36locations.ome.tif,roi_json_bead_present,True,bead_center_to_nearest_surface,centroid_bead_vector_vs_array_center_ap_axis,0.65,results/manual_bead_well_36locations/scene_images/scene14_psmad.tif,results/manual_bead_well_36locations/scene_images/scene14_dapi.tif,1120.500083916084,1070.6358974358975,True,full_peripheral_shell,full_peripheral_shell,55.0,,62622,61018,203.26145161290333,391.97620506912426,1283.9904893697321,1558.8507988426218,1328.0,1776.5,1185.0,1328.5,1167.5,1342.0,1033.8007489828278,879.8563816939921,154.89784039166625,22.5,-132.39784039166625,-13.009533724558867,-167.90737411622513,0.2530144901965563,119235,0.09016194330941689,0.11965104276634472,0.09870342721277985,0.08173994459663599,0.07672497300488317,0.10690153814852242,0.08605328276753425,0.07798946127295495,0.2307918518781662,0.058238656363159357,0.05623321607708931,0.057975644271332304,0.0560554675757885,0.05346993937226387,0.05169801119109356,0.051689296858685875,0.051073723268568696,0.050033754270656185,0.05106792023950441,0.051634155412238175,0.05262011377640075,0.08688861094415186,1466.2370910644531,97.98636415997346,148.03125,12.61273181773464,1710.3333333333333,3.0,28.0,1.0,1.0,keep,True,,879.8563816939921,measured_d
manual_s15_cyst_0001,<analysis-root>/pSMAD/results/rois/manual_bead_well_36locations/manual_s15_cyst_0001.json,series_15,15,well3-36locations.ome.tif,roi_json_bead_present,True,bead_center_to_nearest_surface,centroid_bead_vector_vs_array_center_ap_axis,0.65,results/manual_bead_well_36locations/scene_images/scene15_psmad.tif,results/manual_bead_well_36locations/scene_images/scene15_dapi.tif,1007.386521308226,1190.7969033416234,True,full_peripheral_shell,full_peripheral_shell,55.0,,57999,55361,1133.8273502304148,160.9391543778802,860.1554209697854,729.676027949476,801.0,513.5,919.0,961.5,916.0,518.5,410.2514308386492,272.1463240075969,40.45266434980446,27.5,-12.95266434980445,20.779526845226332,-19.673137504578136,0.5989590543800205,104188,0.17898245537423133,0.22586607693657548,0.1935215022760679,0.16217596666239942,0.15046144536275208,0.20571533739566814,0.17340770363807678,0.15691880881786346,0.3825952410697937,0.10352976778471874,0.09507707506418228,0.10072413174216228,0.09307404607534409,0.15724590846662617,0.15585543620703732,0.14973862219228767,0.14336903996304018,0.14370302949079705,0.14362259150833165,0.1410657558695561,0.13092068506400964,0.18041459918022154,1466.2370910644531,97.98636415997346,148.03125,12.61273181773464,1710.3333333333333,3.0,25.0,2.0,1.0,keep,True,,272.1463240075969,measured_d
manual_s15_cyst_0002,<analysis-root>/pSMAD/results/rois/manual_bead_well_36locations/manual_s15_cyst_0002.json,series_15,15,well3-36locations.ome.tif,roi_json_bead_present,True,bead_center_to_nearest_surface,centroid_bead_vector_vs_array_center_ap_axis,0.65,results/manual_bead_well_36locations/scene_images/scene15_psmad.tif,results/manual_bead_well_36locations/scene_images/scene15_dapi.tif,1007.386521308226,1190.7969033416234,True,full_peripheral_shell,full_peripheral_shell,55.0,,65358,62923,1133.8273502304148,160.9391543778802,1327.9803155224354,811.3037498018075,1473.0,613.5,1173.0,1026.5,1335.0,585.5,441.1721383831702,305.37712989009947,-52.616276178585174,-27.5,25.116276178585167,-17.461081688194255,35.155194490390926,0.5631039333932149,126140,0.15548331149238556,0.20097799977612874,0.1697868258708009,0.14043966236039196,0.13115280488232733,0.18176262080669403,0.14980176985263824,0.13426212966442108,0.3234848082065582,0.09219492159167918,0.08667025342583656,0.09036550812182033,0.08540503680706024,0.13512646968701092,0.1341984385981784,0.12575629211852699,0.12024477476692903,0.11901955366334405,0.12177082054764396,0.11850774858384948,0.11250241732218824,0.1553851574659347,1466.2370910644531,97.98636415997346,148.03125,12.61273181773464,1710.3333333333333,3.0,25.0,2.0,1.0,keep,True,,305.37712989009947,measured_d
manual_s15_cyst_0003,<analysis-root>/pSMAD/results/rois/manual_bead_well_36locations/manual_s15_cyst_0003.json,series_15,15,well3-36locations.ome.tif,roi_json_bead_present,True,bead_center_to_nearest_surface,centroid_bead_vector_vs_array_center_ap_axis,0.65,results/manual_bead_well_36locations/scene_images/scene15_psmad.tif,results/manual_bead_well_36locations/scene_images/scene15_dapi.tif,1007.386521308226,1190.7969033416234,True,full_peripheral_shell,full_peripheral_shell,55.0,,66604,65052,1133.8273502304148,160.9391543778802,521.2859665434771,1100.2538617203309,297.5,986.0,778.5,1175.0,642.0,987.5,728.9045242363042,625.1827504769866,101.65755945934521,7.5,-94.15755945934521,4.708764310935806,-96.9487951484094,0.4900672498233965,127987,0.121924384347373,0.17796739315565463,0.13782082605492033,0.10775319313862809,0.09982476265137802,0.15349034860730168,0.11340258792042725,0.1003463163971901,0.3158690333366394,0.07084975085464759,0.06698351353406906,0.0702057254573215,0.066394854336977,0.06510683116060732,0.06184979472232051,0.06269938243060146,0.06583310085345731,0.06797951761083085,0.06578105304581647,0.0664633062307467,0.0687528608340187,0.1153385128825903,1466.2370910644531,97.98636415997346,148.03125,12.61273181773464,1710.3333333333333,3.0,22.0,1.0,2.0,keep,True,,625.1827504769866,measured_d
manual_s15_cyst_0005,<analysis-root>/pSMAD/results/rois/manual_bead_well_36locations/manual_s15_cyst_0005.json,series_15,15,well3-36locations.ome.tif,roi_json_bead_present,True,bead_center_to_nearest_surface,centroid_bead_vector_vs_array_center_ap_axis,0.65,results/manual_bead_well_36locations/scene_images/scene15_psmad.tif,results/manual_bead_well_36locations/scene_images/scene15_dapi.tif,1007.386521308226,1190.7969033416234,True,full_peripheral_shell,full_peripheral_shell,55.0,,68922,66105,1133.8273502304148,160.9391543778802,1490.5618589419928,1297.4920440283329,1752.5,1236.0,1224.5,1298.0,1368.0,1145.5,774.2948804148585,657.8169847663761,-100.7284775879365,-12.5,88.22847758793648,-9.316601220918987,91.4118763670175,0.4080685536371514,138638,0.09930076731971561,0.13656236180681117,0.10959555432020139,0.08938066869642775,0.08340835362295618,0.11841810286045074,0.09411414712667465,0.08488425612449646,0.22326906025409698,0.06105133628983014,0.058495230972766876,0.060549160620820296,0.05810680240392685,0.05447290896585113,0.055864049213869525,0.058128624807071975,0.05880202529934085,0.059357501696384034,0.059257612777378274,0.059427913404902825,0.06143051050539209,0.09556371234357355,1466.2370910644531,97.98636415997346,148.03125,12.61273181773464,1710.3333333333333,3.0,22.0,2.0,2.0,keep,True,,657.8169847663761,measured_d
manual_s15_cyst_0006,<analysis-root>/pSMAD/results/rois/manual_bead_well_36locations/manual_s15_cyst_0006.json,series_15,15,well3-36locations.ome.tif,roi_json_bead_present,True,bead_center_to_nearest_surface,centroid_bead_vector_vs_array_center_ap_axis,0.65,results/manual_bead_well_36locations/scene_images/scene15_psmad.tif,results/manual_bead_well_36locations/scene_images/scene15_dapi.tif,1007.386521308226,1190.7969033416234,True,full_peripheral_shell,full_peripheral_shell,55.0,,66212,61552,1133.8273502304148,160.9391543778802,677.8193644900805,1554.8666165401755,553.0,1770.5,842.0,1337.5,816.0,1322.5,953.3036267739288,782.7678327985085,164.39434464951887,-7.5,-171.89434464951887,17.13714471356678,-147.2571999359521,0.3692226413735794,127677,0.09081300910588903,0.12442580506495841,0.10016222149763036,0.08177000090350339,0.0763145939665972,0.10910071618854986,0.08633750565350055,0.07770326957106591,0.2096012681722641,0.05620695241314358,0.05361578240990639,0.05556065231322112,0.05316045135259628,0.04891806383888934,0.048448310090081256,0.04707207994310281,0.047585832820681746,0.047712919876172856,0.04771540677170259,0.04833298306121649,0.0487989286102567,0.08821961544454097,1466.2370910644531,97.98636415997346,148.03125,12.61273181773464,1710.3333333333333,3.0,30.0,2.0,2.0,keep,True,,782.7678327985085,measured_d
manual_s16_cyst_0001,<analysis-root>/pSMAD/results/rois/manual_bead_well_36locations/manual_s16_cyst_0001.json,series_16,16,well3-36locations.ome.tif,roi_json_bead_present,True,bead_center_to_nearest_surface,centroid_bead_vector_vs_array_center_ap_axis,0.65,results/manual_bead_well_36locations/scene_images/scene16_psmad.tif,results/manual_bead_well_36locations/scene_images/scene16_dapi.tif,939.055976412861,981.4778117333104,True,full_peripheral_shell,full_peripheral_shell,55.0,,64549,63760,1929.621635944701,642.2663433179723,787.4675852394121,526.9313247280966,803.0,281.5,847.0,779.5,949.5,650.0,746.1756648192853,637.0988953589704,100.81536314268087,12.5,-88.31536314268087,-3.159627286932129,-103.974990429613,0.5066571817739866,124033,0.1420062782506983,0.19345631905857671,0.15698622835045178,0.12751596105557259,0.11873561373102783,0.16978796407580368,0.13490074723958967,0.12100984677672386,0.29626309871673584,0.08407792608916213,0.07918230444192886,0.0835759939662376,0.0787719264626503,0.07150386333105667,0.06926089333115587,0.07005956764315423,0.0728900207908507,0.07439701312203406,0.07415370174270959,0.07425366237187694,0.07951995968688139,0.13652232587337493,1466.2370910644531,97.98636415997346,148.03125,12.61273181773464,1710.3333333333333,3.0,22.0,1.0,1.0,keep,True,,637.0988953589704,measured_d
manual_s16_cyst_0002,<analysis-root>/pSMAD/results/rois/manual_bead_well_36locations/manual_s16_cyst_0002.json,series_16,16,well3-36locations.ome.tif,roi_json_bead_present,True,bead_center_to_nearest_surface,centroid_bead_vector_vs_array_center_ap_axis,0.65,results/manual_bead_well_36locations/scene_images/scene16_psmad.tif,results/manual_bead_well_36locations/scene_images/scene16_dapi.tif,939.055976412861,981.4778117333104,True,full_peripheral_shell,full_peripheral_shell,55.0,,67425,64583,1929.621635944701,642.2663433179723,1253.6696061722007,614.534558845908,1433.0,455.5,1076.0,816.5,1475.5,570.0,439.73842660604214,298.8932146228382,47.66850735713958,17.5,-30.16850735713959,3.830254844642127,-43.83825251249746,0.5907754483862271,131428,0.1846765827760735,0.23453835880055146,0.20042951447491306,0.16735378250951524,0.1554584368301976,0.2149415695667267,0.17831103801727294,0.16127547323703767,0.34839725494384766,0.10433294833979984,0.09644990414381027,0.10423542437630649,0.09679162502288818,0.1540855523879314,0.14962790315712102,0.14404215856727878,0.13719403947361053,0.1327163635802762,0.13637552342897877,0.13421065871930055,0.12974626648645815,0.18041985630989074,1466.2370910644531,97.98636415997346,148.03125,12.61273181773464,1710.3333333333333,3.0,26.0,2.0,2.0,keep,True,,298.8932146228382,measured_d
manual_s16_cyst_0003,<analysis-root>/pSMAD/results/rois/manual_bead_well_36locations/manual_s16_cyst_0003.json,series_16,16,well3-36locations.ome.tif,roi_json_bead_present,True,bead_center_to_nearest_surface,centroid_bead_vector_vs_array_center_ap_axis,0.65,results/manual_bead_well_36locations/scene_images/scene16_psmad.tif,results/manual_bead_well_36locations/scene_images/scene16_dapi.tif,939.055976412861,981.4778117333104,True,full_peripheral_shell,full_peripheral_shell,55.0,,66758,63538,1929.621635944701,642.2663433179723,447.2638818778395,874.7807846415951,203.5,927.0,714.5,916.0,710.5,883.0,975.3135694775111,807.7306688808302,172.31871821831336,22.5,-149.81871821831336,22.791872127530752,-149.5268460907826,0.41808215798869935,126784,0.1269389421772593,0.18196320482207545,0.1431474950297058,0.1119985523656231,0.10355266433804461,0.1591885803639886,0.11894834190607063,0.10457722768187523,0.30216628313064575,0.07602127124508186,0.07163764908909798,0.07497311702545273,0.07088065892457962,0.060338627338892524,0.061569535428219,0.06251289699532075,0.06218123964833868,0.06263022243281549,0.06241386046185253,0.062357236993993856,0.06384889298303394,0.12250953912734973,1466.2370910644531,97.98636415997346,148.03125,12.61273181773464,1710.3333333333333,3.0,30.0,2.0,2.0,keep,True,,807.7306688808302,measured_d
manual_s16_cyst_0005,<analysis-root>/pSMAD/results/rois/manual_bead_well_36locations/manual_s16_cyst_0005.json,series_16,16,well3-36locations.ome.tif,roi_json_bead_present,True,bead_center_to_nearest_surface,centroid_bead_vector_vs_array_center_ap_axis,0.65,results/manual_bead_well_36locations/scene_images/scene16_psmad.tif,results/manual_bead_well_36locations/scene_images/scene16_dapi.tif,939.055976412861,981.4778117333104,True,full_peripheral_shell,full_peripheral_shell,55.0,,58908,56101,1929.621635944701,642.2663433179723,1440.6654695062923,1076.7435430784124,1655.5,1084.0,1198.5,1047.0,1643.0,997.5,425.16587438862985,296.68987302522623,-46.252416666155156,-22.5,23.75241666615517,-25.047769609801968,21.204647056353195,0.47373746176713294,103300,0.1493508384399205,0.18937014459609136,0.16191920075706304,0.13593375132187688,0.12734626800992274,0.17339950799942017,0.1440233588218689,0.13083283603191376,0.26948827505111694,0.09463564902026726,0.09025225043296814,0.09340871443654218,0.08978308737277985,0.13712253577407138,0.13122706586102328,0.11997330365537344,0.11650144465090148,0.11680117785916896,0.11779331382251998,0.11501124221044952,0.11004598242927198,0.1500354826450347,1466.2370910644531,97.98636415997346,148.03125,12.61273181773464,1710.3333333333333,3.0,23.0,2.0,2.0,keep,True,,296.68987302522623,measured_d
manual_s16_cyst_0006,<analysis-root>/pSMAD/results/rois/manual_bead_well_36locations/manual_s16_cyst_0006.json,series_16,16,well3-36locations.ome.tif,roi_json_bead_present,True,bead_center_to_nearest_surface,centroid_bead_vector_vs_array_center_ap_axis,0.65,results/manual_bead_well_36locations/scene_images/scene16_psmad.tif,results/manual_bead_well_36locations/scene_images/scene16_dapi.tif,939.055976412861,981.4778117333104,True,full_peripheral_shell,full_peripheral_shell,55.0,,65528,63642,1929.621635944701,642.2663433179723,609.8881225129627,1361.8856786848346,438.0,1513.5,803.0,1174.5,816.5,1200.0,977.0666588035006,809.2713030660595,-165.7176617640785,12.5,178.2176617640785,12.919105240489406,178.6367670045679,0.307495204837529,124395,0.10927923933221707,0.15215134552827622,0.1222269977815976,0.0966794156524352,0.08946655802313606,0.13431675776839241,0.1030349165201187,0.0909246526658535,0.22529056668281555,0.06617826350985413,0.06229160539805889,0.06562658880563406,0.06194954179227352,0.058175291693434376,0.05775895904506742,0.057946008954000205,0.05814799361414019,0.057351421311826085,0.05726255257551227,0.05787580181013073,0.058458912992395314,0.10499642826616763,1466.2370910644531,97.98636415997346,148.03125,12.61273181773464,1710.3333333333333,3.0,30.0,2.0,1.0,keep,True,,809.2713030660595,measured_d
manual_s16_cyst_0007,<analysis-root>/pSMAD/results/rois/manual_bead_well_36locations/manual_s16_cyst_0007.json,series_16,16,well3-36locations.ome.tif,roi_json_bead_present,True,bead_center_to_nearest_surface,centroid_bead_vector_vs_array_center_ap_axis,0.65,results/manual_bead_well_36locations/scene_images/scene16_psmad.tif,results/manual_bead_well_36locations/scene_images/scene16_dapi.tif,939.055976412861,981.4778117333104,True,full_peripheral_shell,full_peripheral_shell,55.0,,64436,62600,1929.621635944701,642.2663433179723,1109.9254053437787,1454.6267091215584,1204.0,1661.5,997.0,1219.5,1177.5,1281.0,750.1324639220272,641.3848904215689,-109.64756050125072,-27.5,82.14756050125072,-5.26605622712588,104.38150427412484,0.21738857834600123,122797,0.1048637940729864,0.1436271773169216,0.11672666152826132,0.09349143049492242,0.08699662289775599,0.12759806230664258,0.09953030422329898,0.0880221500992775,0.24210016429424286,0.0647216875183704,0.06197597458958626,0.06413493507237845,0.061582375317811966,0.06277213241345585,0.06078219803692862,0.05934883254738644,0.06015120897061738,0.055843707243659356,0.05716792231519232,0.05994779679085884,0.06471799420236792,0.10145064815878868,1466.2370910644531,97.98636415997346,148.03125,12.61273181773464,1710.3333333333333,3.0,22.0,1.0,2.0,keep,True,,641.3848904215689,measured_d
manual_s17_cyst_0001,<analysis-root>/pSMAD/results/rois/manual_bead_well_36locations/manual_s17_cyst_0001.json,series_17,17,well3-36locations.ome.tif,roi_json_bead_present,True,bead_center_to_nearest_surface,centroid_bead_vector_vs_array_center_ap_axis,0.65,results/manual_bead_well_36locations/scene_images/scene17_psmad.tif,results/manual_bead_well_36locations/scene_images/scene17_dapi.tif,1023.5211486314228,1026.249310496674,True,full_peripheral_shell,full_peripheral_shell,55.0,,64135,62550,1801.2677188940097,1694.7684631336406,880.488701952103,536.1040531294022,834.0,308.5,968.0,780.5,1003.0,752.5,961.9862122265769,802.7174224032965,157.37533999041813,17.5,-139.87533999041813,-5.300708506995206,-162.67604849741332,0.37783876745296047,124225,0.13674499808455542,0.20019791618037147,0.15462448038732457,0.12083419071887132,0.11205581930869743,0.17108822226524353,0.12738077342510223,0.11244624555110931,0.4458017945289612,0.08302626759075968,0.0786857008934021,0.08227313427187556,0.07830143347382545,0.06488154735833006,0.06586071583691785,0.067183998162649,0.06723777005484176,0.06614057178018935,0.06733367735965395,0.06806091657746567,0.07124683806322607,0.13089531511068336,1466.2370910644531,97.98636415997346,148.03125,12.61273181773464,1710.3333333333333,3.0,29.0,1.0,1.0,keep,True,,802.7174224032965,measured_d
manual_s17_cyst_0002,<analysis-root>/pSMAD/results/rois/manual_bead_well_36locations/manual_s17_cyst_0002.json,series_17,17,well3-36locations.ome.tif,roi_json_bead_present,True,bead_center_to_nearest_surface,centroid_bead_vector_vs_array_center_ap_axis,0.65,results/manual_bead_well_36locations/scene_images/scene17_psmad.tif,results/manual_bead_well_36locations/scene_images/scene17_dapi.tif,1023.5211486314228,1026.249310496674,True,full_peripheral_shell,full_peripheral_shell,55.0,,63321,60988,1801.2677188940097,1694.7684631336406,1339.752535867678,650.6308308341571,1558.5,549.0,1163.5,826.0,1365.0,825.5,742.0312028981297,632.1921464625332,101.19494648368975,7.5,-93.69494648368975,-0.9595602256799378,-102.15450670936968,0.43859046894422204,120373,0.13832934898301252,0.18604474871373566,0.1524627170601829,0.12432254700362438,0.11588330855996724,0.1653676870465278,0.13162625804543493,0.11823090985417367,0.3067528307437897,0.08549077676702473,0.0814388170838356,0.08455385581069608,0.0808275155723095,0.07030195330132226,0.07122898608804053,0.0752240656616246,0.07858260409896224,0.07898367448143613,0.07740120598176045,0.07889171316304404,0.08320678437285789,0.13457918167114258,1466.2370910644531,97.98636415997346,148.03125,12.61273181773464,1710.3333333333333,3.0,21.0,1.0,2.0,keep,True,,632.1921464625332,measured_d
manual_s17_cyst_0003,<analysis-root>/pSMAD/results/rois/manual_bead_well_36locations/manual_s17_cyst_0003.json,series_17,17,well3-36locations.ome.tif,roi_json_bead_present,True,bead_center_to_nearest_surface,centroid_bead_vector_vs_array_center_ap_axis,0.65,results/manual_bead_well_36locations/scene_images/scene17_psmad.tif,results/manual_bead_well_36locations/scene_images/scene17_dapi.tif,1023.5211486314228,1026.249310496674,True,full_peripheral_shell,full_peripheral_shell,55.0,,61110,58153,1801.2677188940097,1694.7684631336406,535.3337110271103,924.066099506831,307.5,932.0,785.5,971.0,775.5,999.0,963.3541751375625,805.6574105867926,-153.33131582676128,2.5,155.83131582676128,-29.108828248782974,124.22248757797831,0.18145146472319662,107671,0.12178635516651026,0.17617185242294855,0.13687639151849723,0.10826763176962102,0.10067573037102287,0.15078154027461976,0.11398980170488353,0.10123475790023805,0.41483065485954285,0.0746124134930674,0.07164235785603523,0.07333343493323942,0.07081454992294312,0.07677032504447875,0.0764832054939796,0.07431126312560825,0.07271561877295195,0.07307421127876221,0.07268427126683533,0.07179724967330195,0.0724004908830101,0.11832085661590097,1466.2370910644531,97.98636415997346,148.03125,12.61273181773464,1710.3333333333333,3.0,27.0,2.0,2.0,keep,True,,805.6574105867926,measured_d
manual_s17_cyst_0005,<analysis-root>/pSMAD/results/rois/manual_bead_well_36locations/manual_s17_cyst_0005.json,series_17,17,well3-36locations.ome.tif,roi_json_bead_present,True,bead_center_to_nearest_surface,centroid_bead_vector_vs_array_center_ap_axis,0.65,results/manual_bead_well_36locations/scene_images/scene17_psmad.tif,results/manual_bead_well_36locations/scene_images/scene17_dapi.tif,1023.5211486314228,1026.249310496674,True,full_peripheral_shell,full_peripheral_shell,55.0,,63243,60914,1801.2677188940097,1694.7684631336406,1490.6507847630205,1111.317023585962,1694.5,1226.0,1243.5,1053.0,1654.0,1270.5,429.63891842855594,291.91550645103825,40.983712908444176,12.5,-28.483712908444176,21.030526223483637,-19.953186684960542,0.5188704074212236,116086,0.1754206381982788,0.22891892456128948,0.19231032473979934,0.15840543771571913,0.14790481224880336,0.20783394470810898,0.1681396037340164,0.15105879306793216,0.34039151668548584,0.10735302240716815,0.10139080137014389,0.10525640086959798,0.09978882968425751,0.1596078921136344,0.1506808766152267,0.14261868845469297,0.13780649623653957,0.1392263354691008,0.14024742788090402,0.13760103398991028,0.12853901190018333,0.17447156459093088,1466.2370910644531,97.98636415997346,148.03125,12.61273181773464,1710.3333333333333,3.0,25.0,2.0,1.0,keep,True,,291.91550645103825,measured_d
manual_s17_cyst_0006,<analysis-root>/pSMAD/results/rois/manual_bead_well_36locations/manual_s17_cyst_0006.json,series_17,17,well3-36locations.ome.tif,roi_json_bead_present,True,bead_center_to_nearest_surface,centroid_bead_vector_vs_array_center_ap_axis,0.65,results/manual_bead_well_36locations/scene_images/scene17_psmad.tif,results/manual_bead_well_36locations/scene_images/scene17_dapi.tif,1023.5211486314228,1026.249310496674,True,full_peripheral_shell,full_peripheral_shell,55.0,,54898,52043,1801.2677188940097,1694.7684631336406,662.9219090951298,1415.1231254932911,511.0,1544.5,801.0,1218.5,822.5,1372.0,761.924415355717,669.8992612510955,-117.8534134950481,22.5,140.35341349504813,17.145516820771338,134.99893031581945,0.15821108638988596,86156,0.12682852302458741,0.1655360854690226,0.13845403743474885,0.11520054325488588,0.10822318478238152,0.1493892106413842,0.12154210358858104,0.11022912710905075,0.26928389072418213,0.08311328669653759,0.07996658608317375,0.08202711717981286,0.07932457327842712,0.06940428377960994,0.07141276006653947,0.07359663959267258,0.07614890713127045,0.07501078545164198,0.07342125612528629,0.07649979515068298,0.07945893564874008,0.12522278204560275,1466.2370910644531,97.98636415997346,148.03125,12.61273181773464,1710.3333333333333,3.0,18.0,1.0,2.0,keep,True,,669.8992612510955,measured_d
manual_s17_cyst_0007,<analysis-root>/pSMAD/results/rois/manual_bead_well_36locations/manual_s17_cyst_0007.json,series_17,17,well3-36locations.ome.tif,roi_json_bead_present,True,bead_center_to_nearest_surface,centroid_bead_vector_vs_array_center_ap_axis,0.65,results/manual_bead_well_36locations/scene_images/scene17_psmad.tif,results/manual_bead_well_36locations/scene_images/scene17_dapi.tif,1023.5211486314228,1026.249310496674,True,full_peripheral_shell,full_peripheral_shell,55.0,,60070,57227,1801.2677188940097,1694.7684631336406,1169.4930552272533,1502.6684662878322,1243.0,1729.5,1107.0,1256.5,1334.5,1622.0,429.21741641113266,307.0638475716045,-57.04602423941747,-37.5,19.546024239417477,-34.752021398134964,22.29400284128252,0.5041004923023997,105763,0.1780162653097339,0.2283155435718999,0.19421055169475404,0.1601502862704419,0.14838253193454576,0.20848310887813568,0.17138609886169434,0.15377381145954133,0.35982373356819153,0.10555796291417437,0.09809540584683418,0.10423895930356941,0.09733391553163528,0.15327356232214356,0.15238015708177838,0.14645377310553037,0.13958161725931756,0.14776349004408584,0.142359681276911,0.1382500500237824,0.1264255134663387,0.17518923655152316,1466.2370910644531,97.98636415997346,148.03125,12.61273181773464,1710.3333333333333,3.0,22.0,2.0,1.0,keep,True,,307.0638475716045,measured_d
manual_s18_cyst_0001,<analysis-root>/pSMAD/results/rois/manual_bead_well_36locations/manual_s18_cyst_0001.json,series_18,18,well3-36locations.ome.tif,roi_json_bead_present,True,bead_center_to_nearest_surface,centroid_bead_vector_vs_array_center_ap_axis,0.65,results/manual_bead_well_36locations/scene_images/scene18_psmad.tif,results/manual_bead_well_36locations/scene_images/scene18_dapi.tif,862.0482839838493,1028.6589838492598,True,full_peripheral_shell,full_peripheral_shell,55.0,,52656,49355,1929.621635944701,1284.0359285714285,729.272274192816,548.2843989827892,621.0,367.5,834.0,748.5,856.5,724.0,915.1318821623204,786.8035308658231,150.71372067544021,-12.5,-163.21372067544021,-1.2144020389724395,-151.92812271441267,0.24543958152229553,88084,0.1816977044564447,0.277034319816572,0.20923523462378998,0.15712787635136055,0.14429088553273237,0.23472142159938814,0.167569363117218,0.14345879256725308,0.5545315742492676,0.10837361110814453,0.10072280466556549,0.10589352973836172,0.09927292913198471,0.10041772902828476,0.09909023914197113,0.09704964903805327,0.0968843132623902,0.09527884052077798,0.09644067081290118,0.09593005446548737,0.09727873303939512,0.1774156205356121,1466.2370910644531,97.98636415997346,148.03125,12.61273181773464,1710.3333333333333,3.0,23.0,2.0,2.0,keep,True,,786.8035308658231,measured_d
manual_s18_cyst_0002,<analysis-root>/pSMAD/results/rois/manual_bead_well_36locations/manual_s18_cyst_0002.json,series_18,18,well3-36locations.ome.tif,roi_json_bead_present,True,bead_center_to_nearest_surface,centroid_bead_vector_vs_array_center_ap_axis,0.65,results/manual_bead_well_36locations/scene_images/scene18_psmad.tif,results/manual_bead_well_36locations/scene_images/scene18_dapi.tif,862.0482839838493,1028.6589838492598,True,full_peripheral_shell,full_peripheral_shell,55.0,,56982,55005,1929.621635944701,1284.0359285714285,1245.4474911212078,663.9703974127498,1397.0,517.5,1093.0,843.5,1370.5,728.0,600.1776059021048,512.5500215632545,89.18593972391001,122.5,33.314060276090004,65.68690833124218,-23.49903139266783,0.2750239143184106,100802,0.1946467228032008,0.2811504162428816,0.22175587044222406,0.16937806887005083,0.1559302366528637,0.24605007052421565,0.1832647770643234,0.15597477853298186,0.45764869451522827,0.11537031531433459,0.10875009745359421,0.11354150694924733,0.10773516446352005,0.15068217533766162,0.14291911531221801,0.13628951991728694,0.13374769751508175,0.12694632582238008,0.13041061140664592,0.13231263699112478,0.12557134676269557,0.19048240333795546,1466.2370910644531,97.98636415997346,148.03125,12.61273181773464,1710.3333333333333,3.0,17.0,1.0,1.0,keep,True,,512.5500215632545,measured_d
manual_s18_cyst_0003,<analysis-root>/pSMAD/results/rois/manual_bead_well_36locations/manual_s18_cyst_0003.json,series_18,18,well3-36locations.ome.tif,roi_json_bead_present,True,bead_center_to_nearest_surface,centroid_bead_vector_vs_array_center_ap_axis,0.65,results/manual_bead_well_36locations/scene_images/scene18_psmad.tif,results/manual_bead_well_36locations/scene_images/scene18_dapi.tif,862.0482839838493,1028.6589838492598,True,full_peripheral_shell,full_peripheral_shell,55.0,,45155,40980,1929.621635944701,1284.0359285714285,355.84719892911545,945.6778422291632,182.5,999.0,555.5,952.0,553.5,980.0,1046.3288408410142,916.0500994342264,-160.68451264698257,-172.5,-11.815487353017431,12.984481839061951,173.66899448604454,0.04069241125267575,64993,0.1886007726417919,0.2628165593597947,0.21032465291116342,0.16788108884313735,0.15604578916480993,0.2306937074661253,0.17880776524543762,0.15796876847743985,0.46910011768341064,0.11862231305135325,0.11238890886306763,0.11620837882444764,0.11062027513980865,0.11579724397417566,0.11360244023154106,0.11266234375603712,0.11180523906629736,0.1111395910015473,0.11218074886772061,0.11115095972923097,0.11010403775998354,0.1851398944854736,1466.2370910644531,97.98636415997346,148.03125,12.61273181773464,1710.3333333333333,3.0,20.0,4.0,1.0,keep,True,,916.0500994342264,measured_d
manual_s18_cyst_0005,<analysis-root>/pSMAD/results/rois/manual_bead_well_36locations/manual_s18_cyst_0005.json,series_18,18,well3-36locations.ome.tif,roi_json_bead_present,True,bead_center_to_nearest_surface,centroid_bead_vector_vs_array_center_ap_axis,0.65,results/manual_bead_well_36locations/scene_images/scene18_psmad.tif,results/manual_bead_well_36locations/scene_images/scene18_dapi.tif,862.0482839838493,1028.6589838492598,True,full_peripheral_shell,full_peripheral_shell,55.0,,50214,45293,1929.621635944701,1284.0359285714285,1423.1316311604803,1158.4425842517633,1633.5,1209.0,1207.5,1092.0,1633.5,1209.0,339.1890417272805,198.5624079530356,-1.4308754466615385,-2.5,-1.0691245533384688,1.0391061932856867,2.4699816399472354,0.512564411214104,69049,0.3011610186389477,0.3950036902301359,0.33130818117270144,0.2681581702735964,0.24728127695731916,0.35843122363090524,0.289704990386963,0.2555450022220612,0.578499972820282,0.1729282592789165,0.1588553711771965,0.17187895001884387,0.15806150436401367,0.2767340977164294,0.26118389805881653,0.24917132291050065,0.2317560322145676,0.23722022446092547,0.22540674289371987,0.21669074841689973,0.20431303866652029,0.29625558853149414,1466.2370910644531,97.98636415997346,148.03125,12.61273181773464,1710.3333333333333,3.0,24.0,3.0,3.0,keep,True,,198.5624079530356,measured_d
manual_s18_cyst_0006,<analysis-root>/pSMAD/results/rois/manual_bead_well_36locations/manual_s18_cyst_0006.json,series_18,18,well3-36locations.ome.tif,roi_json_bead_present,True,bead_center_to_nearest_surface,centroid_bead_vector_vs_array_center_ap_axis,0.65,results/manual_bead_well_36locations/scene_images/scene18_psmad.tif,results/manual_bead_well_36locations/scene_images/scene18_dapi.tif,862.0482839838493,1028.6589838492598,True,full_peripheral_shell,full_peripheral_shell,55.0,,46843,42544,1929.621635944701,1284.0359285714285,581.2443066084693,1372.5119074967456,454.0,1527.5,718.0,1201.5,737.5,1281.0,878.3300236363103,774.881576090356,-132.75527879648322,17.5,150.25527879648325,-22.99744914403371,109.75782965244952,0.1701590007974898,65295,0.17303897382299713,0.22595778223074658,0.18864389399724796,0.15740172665153354,0.1479951158132076,0.20228339239954946,0.16553127393126488,0.1507083147764206,0.3443208336830139,0.11373666544712806,0.10980379581451416,0.11196265135275378,0.10851893946528435,0.10781392289493653,0.10703799040018462,0.10768032707304606,0.11115544861890621,0.1115849380581338,0.10939310334544433,0.11115227409527564,0.11081888670509484,0.1706649661064148,1466.2370910644531,97.98636415997346,148.03125,12.61273181773464,1710.3333333333333,3.0,18.0,2.0,2.0,keep,True,,774.881576090356,measured_d
manual_s18_cyst_0007,<analysis-root>/pSMAD/results/rois/manual_bead_well_36locations/manual_s18_cyst_0007.json,series_18,18,well3-36locations.ome.tif,roi_json_bead_present,True,bead_center_to_nearest_surface,centroid_bead_vector_vs_array_center_ap_axis,0.65,results/manual_bead_well_36locations/scene_images/scene18_psmad.tif,results/manual_bead_well_36locations/scene_images/scene18_dapi.tif,862.0482839838493,1028.6589838492598,True,full_peripheral_shell,full_peripheral_shell,55.0,,38169,36212,1929.621635944701,1284.0359285714285,1101.9393638565698,1544.080014295358,1163.0,1701.5,1030.0,1380.5,1213.5,1571.0,563.9216856937566,501.4608142798077,-84.93615175222732,-37.5,47.43615175222732,-81.697227148881,3.2389246033463337,0.16480727201248724,50366,0.21127287888398558,0.27717513285228373,0.22984814164982126,0.19276936229225286,0.18167775538674555,0.2464112065732478,0.20199000686407084,0.18459934890270235,0.47963055968284607,0.14000871183278019,0.1363147497177124,0.13913158626078254,0.1356288492679596,0.1458174300820771,0.15058530556693187,0.15010225481129838,0.14961654120035722,0.13470876515002125,0.14087244464458581,0.14879935212705153,0.15117980790128885,0.204243591427803,1466.2370910644531,97.98636415997346,148.03125,12.61273181773464,1710.3333333333333,3.0,11.0,1.0,1.0,keep,True,,501.4608142798077,measured_d
manual_s19_cyst_0001,<analysis-root>/pSMAD/results/rois/manual_bead_well_36locations/manual_s19_cyst_0001.json,series_19,19,well3-36locations.ome.tif,roi_json_bead_present,True,bead_center_to_nearest_surface,centroid_bead_vector_vs_array_center_ap_axis,0.65,results/manual_bead_well_36locations/scene_images/scene19_psmad.tif,results/manual_bead_well_36locations/scene_images/scene19_dapi.tif,994.7964584643669,1055.9978228264551,True,full_peripheral_shell,full_peripheral_shell,55.0,,57816,56222,1653.6607142857144,148.10376267281072,821.901564571178,595.9513406882443,673.0,402.5,941.0,811.5,954.5,564.0,614.0318282249614,528.7802473650058,94.9355490006767,7.5,-87.4355490006767,18.190822797185504,-76.7447262034912,0.43097389085923127,95809,0.1886462024733538,0.25667137635431747,0.2084049593768537,0.16916757736697946,0.1575571701629405,0.22634337007999422,0.1796417593955993,0.16041564643383027,0.399673193693161,0.11596562437588886,0.11017840728163719,0.1148282966914461,0.1094825305044651,0.12590292553320676,0.12117007200192265,0.12055113864221961,0.1190660997684706,0.11903365686812763,0.12005905644042132,0.11983565654776833,0.1171883689355186,0.18307189643383026,1466.2370910644531,97.98636415997346,148.03125,12.61273181773464,1710.3333333333333,3.0,16.0,2.0,0.0,keep,True,,528.7802473650058,measured_d
manual_s19_cyst_0002,<analysis-root>/pSMAD/results/rois/manual_bead_well_36locations/manual_s19_cyst_0002.json,series_19,19,well3-36locations.ome.tif,roi_json_bead_present,True,bead_center_to_nearest_surface,centroid_bead_vector_vs_array_center_ap_axis,0.65,results/manual_bead_well_36locations/scene_images/scene19_psmad.tif,results/manual_bead_well_36locations/scene_images/scene19_dapi.tif,994.7964584643669,1055.9978228264551,True,full_peripheral_shell,full_peripheral_shell,55.0,,59457,56046,1653.6607142857144,148.10376267281072,1317.2664034430418,694.1154533402502,1536.5,581.0,1150.5,877.0,1417.0,509.5,416.85726838592086,280.7936308609947,-20.880631544868734,2.5,23.38063154486872,-19.305721154548735,1.5749103903199853,0.5211168883233896,104094,0.193690020648844,0.2679246906556335,0.21481379800148193,0.1733291443294441,0.16075937227487025,0.23443980365991615,0.18314195424318314,0.16429699212312698,0.42694926261901855,0.11140075437745893,0.10147979855537415,0.10982011877429984,0.10069258138537407,0.16930313324911272,0.1640297586714764,0.15718790729738685,0.14883723330544535,0.15431639847899964,0.15013632292526935,0.14386193599084654,0.1346129964312086,0.1893818587064743,1466.2370910644531,97.98636415997346,148.03125,12.61273181773464,1710.3333333333333,3.0,27.0,1.0,2.0,keep,True,,280.7936308609947,measured_d
manual_s19_cyst_0003,<analysis-root>/pSMAD/results/rois/manual_bead_well_36locations/manual_s19_cyst_0003.json,series_19,19,well3-36locations.ome.tif,roi_json_bead_present,True,bead_center_to_nearest_surface,centroid_bead_vector_vs_array_center_ap_axis,0.65,results/manual_bead_well_36locations/scene_images/scene19_psmad.tif,results/manual_bead_well_36locations/scene_images/scene19_dapi.tif,994.7964584643669,1055.9978228264551,True,full_peripheral_shell,full_peripheral_shell,55.0,,47553,42008,1653.6607142857144,148.10376267281072,535.4836159450259,974.057789584195,317.5,963.0,752.5,1001.0,736.5,955.0,903.5982142971234,794.029026556136,138.55568158291422,2.5,-136.05568158291422,5.603052640091407,-132.9526289428228,0.24301878265514157,62866,0.1739903308435214,0.2280446482809026,0.18983254023871496,0.15851352832035576,0.149174661164311,0.20353786364197735,0.16670204177498818,0.15150879323482513,0.3426150381565094,0.11463924651887689,0.11114868521690369,0.11348142501858048,0.11026233062148094,0.10717639999232764,0.10831086914582895,0.10596646364114094,0.1054499289751921,0.10622456913382035,0.10660722466725545,0.10621217756425744,0.10737007216350551,0.17052318751811982,1466.2370910644531,97.98636415997346,148.03125,12.61273181773464,1710.3333333333333,3.0,19.0,2.0,3.0,keep,True,,794.029026556136,measured_d
manual_s19_cyst_0005,<analysis-root>/pSMAD/results/rois/manual_bead_well_36locations/manual_s19_cyst_0005.json,series_19,19,well3-36locations.ome.tif,roi_json_bead_present,True,bead_center_to_nearest_surface,centroid_bead_vector_vs_array_center_ap_axis,0.65,results/manual_bead_well_36locations/scene_images/scene19_psmad.tif,results/manual_bead_well_36locations/scene_images/scene19_dapi.tif,994.7964584643669,1055.9978228264551,True,full_peripheral_shell,full_peripheral_shell,55.0,,55305,54763,1653.6607142857144,148.10376267281072,1472.1467044493504,1160.0487111052532,1690.5,1210.0,1236.5,1098.0,1490.0,1040.5,668.2619350557716,589.7315971515427,-93.68885207956161,-2.5,91.18885207956163,-23.209355577679478,70.47949650188212,0.21504774351553266,91047,0.13773165907801252,0.20044858566057072,0.1552256461193458,0.12182794683893054,0.11293375263122903,0.17262003004550933,0.12866326570510864,0.11371142119169236,0.3480154275894165,0.08294384424006142,0.07924310863018036,0.08276629686752958,0.07915152609348297,0.1026161749279055,0.09025424756640248,0.08453069585518762,0.08372003905034336,0.0822471656045787,0.08402027082484922,0.08389525603150308,0.08592077540763995,0.1293888688087463,1466.2370910644531,97.98636415997346,148.03125,12.61273181773464,1710.3333333333333,3.0,16.0,0.0,1.0,keep,True,,589.7315971515427,measured_d
manual_s19_cyst_0006,<analysis-root>/pSMAD/results/rois/manual_bead_well_36locations/manual_s19_cyst_0006.json,series_19,19,well3-36locations.ome.tif,roi_json_bead_present,True,bead_center_to_nearest_surface,centroid_bead_vector_vs_array_center_ap_axis,0.65,results/manual_bead_well_36locations/scene_images/scene19_psmad.tif,results/manual_bead_well_36locations/scene_images/scene19_dapi.tif,994.7964584643669,1055.9978228264551,True,full_peripheral_shell,full_peripheral_shell,55.0,,51182,47022,1653.6607142857144,148.10376267281072,1165.1083528237111,1523.3132411472652,1271.0,1705.5,1084.0,1297.5,1124.0,1307.5,948.6180524957841,828.5244084338291,-135.81851294912332,172.5,-51.68148705087668,137.21722127877933,-86.96426577209735,0.02959658871835307,73113,0.13389335855344192,0.1768223894186587,0.14661048472459828,0.12114211448182582,0.11341717442337979,0.15795896738767626,0.12795150130987165,0.1155748963356018,0.26129716634750366,0.08391320256376548,0.08138705790042877,0.0838507420642465,0.08134162798523903,0.08384696555681856,0.084312554130019,0.08373183450695763,0.08312965514489691,0.07645407817383446,0.07970855474906285,0.08236053116417677,0.08332811687048684,0.1289625659584999,1466.2370910644531,97.98636415997346,148.03125,12.61273181773464,1710.3333333333333,3.0,21.0,2.0,3.0,keep,True,,828.5244084338291,measured_d
manual_s19_cyst_0007,<analysis-root>/pSMAD/results/rois/manual_bead_well_36locations/manual_s19_cyst_0007.json,series_19,19,well3-36locations.ome.tif,roi_json_bead_present,True,bead_center_to_nearest_surface,centroid_bead_vector_vs_array_center_ap_axis,0.65,results/manual_bead_well_36locations/scene_images/scene19_psmad.tif,results/manual_bead_well_36locations/scene_images/scene19_dapi.tif,994.7964584643669,1055.9978228264551,True,full_peripheral_shell,full_peripheral_shell,55.0,,42970,38811,1653.6607142857144,148.10376267281072,642.472334090731,1484.134169082504,559.0,1615.5,766.0,1346.5,766.0,1346.5,1089.1097082234762,969.3710195535634,179.54174887031297,37.5,-142.04174887031297,38.401775030254704,-141.13997384005827,0.14761793723760272,63815,0.15398363164486437,0.20710785698461656,0.16908421196592402,0.13958209819451567,0.13114438775180748,0.18280576169490817,0.14644190669059753,0.13297756016254425,0.3312763273715973,0.10012323857361591,0.09697840735316277,0.09987479707500724,0.09685666859149933,0.09740914164388352,0.09810407087014913,0.0962062507028507,0.09606149489847397,0.09519293393397976,0.09585382375971441,0.09589601692572584,0.09546942217233609,0.1477734111249446,1466.2370910644531,97.98636415997346,148.03125,12.61273181773464,1710.3333333333333,3.0,19.0,3.0,2.0,keep,True,,969.3710195535634,measured_d
manual_s20_cyst_0001,<analysis-root>/pSMAD/results/rois/manual_bead_well_36locations/manual_s20_cyst_0001.json,series_20,20,well3-36locations.ome.tif,roi_json_bead_present,True,bead_center_to_nearest_surface,centroid_bead_vector_vs_array_center_ap_axis,0.65,results/manual_bead_well_36locations/scene_images/scene20_psmad.tif,results/manual_bead_well_36locations/scene_images/scene20_dapi.tif,883.1797373440618,1043.986341014229,True,full_peripheral_shell,full_peripheral_shell,55.0,,62885,59559,1903.9508525345625,1277.618232718894,727.0542123028174,554.883403940208,636.0,346.5,797.0,801.5,871.5,741.0,897.7136173825578,756.3257358919209,141.04030729583317,27.5,-113.54030729583317,-5.44040593920277,-146.48071323503595,0.3787744364693665,116136,0.1274478535278581,0.18377948697381372,0.1428694744451163,0.11373404815700468,0.10598071138219183,0.15788565605878818,0.11924542114138603,0.10663760602474215,0.3020736575126648,0.07911735730114049,0.07547951489686966,0.07809725837248899,0.07490146905183792,0.05946015688053428,0.05962721758370104,0.06079652571010537,0.06371649369405208,0.06195105245418788,0.063251821947767,0.06514561199298091,0.06784450497594333,0.12330318838357925,1466.2370910644531,97.98636415997346,148.03125,12.61273181773464,1710.3333333333333,3.0,26.0,2.0,2.0,keep,True,,756.3257358919209,measured_d
manual_s20_cyst_0002,<analysis-root>/pSMAD/results/rois/manual_bead_well_36locations/manual_s20_cyst_0002.json,series_20,20,well3-36locations.ome.tif,roi_json_bead_present,True,bead_center_to_nearest_surface,centroid_bead_vector_vs_array_center_ap_axis,0.65,results/manual_bead_well_36locations/scene_images/scene20_psmad.tif,results/manual_bead_well_36locations/scene_images/scene20_dapi.tif,883.1797373440618,1043.986341014229,True,full_peripheral_shell,full_peripheral_shell,55.0,,66952,66226,1903.9508525345625,1277.618232718894,1209.8102156675686,667.661742856696,1415.5,548.0,1013.5,852.0,1367.0,733.5,600.6359259432808,496.891252934907,78.40373740225142,17.5,-60.90373740225142,5.686631473639735,-72.71710592861169,0.4908680019180565,127882,0.1395029187827929,0.19409609461262214,0.15681260794059235,0.12265323737849107,0.11280069193754585,0.17283480241894722,0.13177034631371498,0.11471309512853622,0.3036535978317261,0.0785336592571996,0.0727943480014801,0.07804702478181821,0.0724080502986908,0.09425201407686587,0.09077310307964145,0.08858315891811376,0.08748163597054333,0.07941548701838527,0.08176446651682823,0.08532707762339456,0.08410515518647114,0.1334751799702644,1466.2370910644531,97.98636415997346,148.03125,12.61273181773464,1710.3333333333333,3.0,20.0,1.0,1.0,keep,True,,496.891252934907,measured_d
manual_s20_cyst_0003,<analysis-root>/pSMAD/results/rois/manual_bead_well_36locations/manual_s20_cyst_0003.json,series_20,20,well3-36locations.ome.tif,roi_json_bead_present,True,bead_center_to_nearest_surface,centroid_bead_vector_vs_array_center_ap_axis,0.65,results/manual_bead_well_36locations/scene_images/scene20_psmad.tif,results/manual_bead_well_36locations/scene_images/scene20_dapi.tif,883.1797373440618,1043.986341014229,True,full_peripheral_shell,full_peripheral_shell,55.0,,59147,55394,1903.9508525345625,1277.618232718894,394.8610891031711,943.9671491236545,177.5,865.0,627.5,973.0,627.5,973.0,1004.5970189403431,852.9919678436719,178.9714735226351,-17.5,163.5285264773649,5.4070411760946815,-173.56443234654043,0.3898102073674255,103498,0.12848046270841296,0.17520593671592133,0.14215072207825277,0.11493312165723486,0.10681587319216564,0.154834925532341,0.12214415743947028,0.10886266976594926,0.2789761424064636,0.0783480995412139,0.07376155257225037,0.07754728425744135,0.07332143932580948,0.06389231465635854,0.06450186206989447,0.06576475441048645,0.06484982900316327,0.06517436985168742,0.06493753683817832,0.06492073027687437,0.06619274675363565,0.12462036162614822,1466.2370910644531,97.98636415997346,148.03125,12.61273181773464,1710.3333333333333,3.0,27.0,2.0,2.0,keep,True,,852.9919678436719,measured_d
manual_s20_cyst_0005,<analysis-root>/pSMAD/results/rois/manual_bead_well_36locations/manual_s20_cyst_0005.json,series_20,20,well3-36locations.ome.tif,roi_json_bead_present,True,bead_center_to_nearest_surface,centroid_bead_vector_vs_array_center_ap_axis,0.65,results/manual_bead_well_36locations/scene_images/scene20_psmad.tif,results/manual_bead_well_36locations/scene_images/scene20_dapi.tif,883.1797373440618,1043.986341014229,True,full_peripheral_shell,full_peripheral_shell,55.0,,68132,64473,1903.9508525345625,1277.618232718894,1360.3212118953566,1145.3839084743236,1598.5,1211.0,1087.5,1094.0,1598.5,1211.0,363.6627158322607,203.21022285647246,0.7750045322686497,7.5,6.724995467731361,-2.8624164736115327,-3.637421005880185,0.6192088260686044,134170,0.18307275521954885,0.22959701338017632,0.19711709415387574,0.1667578319827916,0.15425267718750077,0.2088392448425292,0.1772439956665039,0.16186215877532958,0.3475036323070526,0.09903823260438474,0.0852520503103733,0.09682426129262824,0.08396770805120468,0.1720852755084079,0.16822245124745974,0.15673477971170152,0.14977247849944217,0.16042308732733732,0.15191305446137457,0.14387962411372163,0.1291588791560884,0.18286914378404617,1466.2370910644531,97.98636415997346,148.03125,12.61273181773464,1710.3333333333333,3.0,31.0,2.0,2.0,keep,True,,203.21022285647246,measured_d
manual_s20_cyst_0007,<analysis-root>/pSMAD/results/rois/manual_bead_well_36locations/manual_s20_cyst_0007.json,series_20,20,well3-36locations.ome.tif,roi_json_bead_present,True,bead_center_to_nearest_surface,centroid_bead_vector_vs_array_center_ap_axis,0.65,results/manual_bead_well_36locations/scene_images/scene20_psmad.tif,results/manual_bead_well_36locations/scene_images/scene20_dapi.tif,883.1797373440618,1043.986341014229,True,full_peripheral_shell,full_peripheral_shell,55.0,,64199,63740,1903.9508525345625,1277.618232718894,1022.9839177297224,1526.2815932191827,1084.0,1754.5,922.0,1283.5,1191.5,1553.0,595.0025609096773,496.48314578580425,-86.78174245753279,-27.5,59.2817424575328,-30.6823215946844,56.099420862848376,0.4682547786317124,117272,0.13494143470570066,0.1872906849068534,0.15176741665700852,0.11834803814665161,0.10846025589843784,0.16922455400228503,0.12761009112000463,0.11083820462226868,0.26908743381500244,0.07401471720681234,0.06834925711154938,0.07385327480547832,0.06822563335299492,0.1044886550188981,0.09917702169923488,0.09296099509422004,0.08930785928613913,0.08104880532317833,0.08379581127226077,0.08681652349564853,0.0841566308053449,0.12804954648017883,1466.2370910644531,97.98636415997346,148.03125,12.61273181773464,1710.3333333333333,3.0,19.0,1.0,1.0,keep,True,,496.48314578580425,measured_d
manual_s21_cyst_0001,<analysis-root>/pSMAD/results/rois/manual_bead_well_36locations/manual_s21_cyst_0001.json,series_21,21,well3-36locations.ome.tif,roi_json_bead_present,True,bead_center_to_nearest_surface,centroid_bead_vector_vs_array_center_ap_axis,0.65,results/manual_bead_well_36locations/scene_images/scene21_psmad.tif,results/manual_bead_well_36locations/scene_images/scene21_dapi.tif,1018.6150404123229,1039.6841981960877,True,full_peripheral_shell,full_peripheral_shell,55.0,,54090,53433,1692.166889400922,154.52145852534568,896.0165792814173,555.4613830785363,856.0,339.5,967.0,764.5,1023.5,533.0,579.4151697170457,499.4273700752263,77.90759016398619,12.5,-65.40759016398619,10.203227315676438,-67.70436284830974,0.46621174893466266,90595,0.14963330878056363,0.20143980576056186,0.165841312376325,0.13318995076752002,0.12354899642853089,0.17875677943229676,0.14302715659141538,0.12596395015716552,0.33325546979904175,0.08905602126985095,0.08458931371569633,0.08873879267055663,0.08433184772729874,0.1173024432591447,0.10513837007222931,0.09719488733935493,0.09652864247634868,0.0937447602026104,0.09562563536145377,0.09619630644007231,0.0965819907303415,0.1440391384065151,1466.2370910644531,97.98636415997346,148.03125,12.61273181773464,1710.3333333333333,3.0,16.0,1.0,1.0,keep,True,,499.4273700752263,measured_d
manual_s21_cyst_0002,<analysis-root>/pSMAD/results/rois/manual_bead_well_36locations/manual_s21_cyst_0002.json,series_21,21,well3-36locations.ome.tif,roi_json_bead_present,True,bead_center_to_nearest_surface,centroid_bead_vector_vs_array_center_ap_axis,0.65,results/manual_bead_well_36locations/scene_images/scene21_psmad.tif,results/manual_bead_well_36locations/scene_images/scene21_dapi.tif,1018.6150404123229,1039.6841981960877,True,full_peripheral_shell,full_peripheral_shell,55.0,,62815,60406,1692.166889400922,154.52145852534568,1370.6782108265036,670.3954131661657,1577.5,555.0,1189.5,854.0,1489.0,481.5,395.1021177248993,250.22193153879337,-20.450643350374182,-27.5,-7.049356649625821,-20.157391560686346,0.2932517896878437,0.5907251771306038,116769,0.17533344657654756,0.21731941010341171,0.18881027615551757,0.15941977824296133,0.1474434383219276,0.19966670125722882,0.17047017067670822,0.1546401008963585,0.3116339147090912,0.09803823044903227,0.08696849644184113,0.09667488334831932,0.08609211817383766,0.15997343869477224,0.15783537244228432,0.15022962401267848,0.14209470836325022,0.14960468401972826,0.1434712984670028,0.13474738669613467,0.12326110735570969,0.1740491986274719,1466.2370910644531,97.98636415997346,148.03125,12.61273181773464,1710.3333333333333,3.0,29.0,1.0,2.0,keep,True,,250.22193153879337,measured_d
manual_s21_cyst_0003,<analysis-root>/pSMAD/results/rois/manual_bead_well_36locations/manual_s21_cyst_0003.json,series_21,21,well3-36locations.ome.tif,roi_json_bead_present,True,bead_center_to_nearest_surface,centroid_bead_vector_vs_array_center_ap_axis,0.65,results/manual_bead_well_36locations/scene_images/scene21_psmad.tif,results/manual_bead_well_36locations/scene_images/scene21_dapi.tif,1018.6150404123229,1039.6841981960877,True,full_peripheral_shell,full_peripheral_shell,55.0,,61082,57108,1692.166889400922,154.52145852534568,552.8299036114526,940.9201275678372,336.5,868.0,797.5,989.0,756.5,879.0,899.8478567545161,769.1842184440544,130.67874825863728,12.5,-118.17874825863728,2.7603537132252502,-127.91839454541203,0.3731675932009944,112254,0.12386823256782675,0.1736340294299009,0.139141157144258,0.10974988742105139,0.10174497542959904,0.15394874259829522,0.1164844539016485,0.10261221900582314,0.28938397765159607,0.0750592322468156,0.07067254185676575,0.07377168263702447,0.06969665735960007,0.06141739143567363,0.062009906535862185,0.06301811300379549,0.0640847363224889,0.06391554723306206,0.06504676984677858,0.06541992437872331,0.0664047859139062,0.1208080533891916,1466.2370910644531,97.98636415997346,148.03125,12.61273181773464,1710.3333333333333,3.0,24.0,2.0,2.0,keep,True,,769.1842184440544,measured_d
manual_s21_cyst_0005,<analysis-root>/pSMAD/results/rois/manual_bead_well_36locations/manual_s21_cyst_0005.json,series_21,21,well3-36locations.ome.tif,roi_json_bead_present,True,bead_center_to_nearest_surface,centroid_bead_vector_vs_array_center_ap_axis,0.65,results/manual_bead_well_36locations/scene_images/scene21_psmad.tif,results/manual_bead_well_36locations/scene_images/scene21_dapi.tif,1018.6150404123229,1039.6841981960877,True,full_peripheral_shell,full_peripheral_shell,55.0,,62189,62187,1692.166889400922,154.52145852534568,1508.1238190257234,1142.6746367067194,1735.5,1210.0,1262.5,1098.0,1595.0,1011.5,653.3449239226944,560.6051699179985,-92.77108627539921,-22.5,70.27108627539923,-33.225252772941936,59.54583350245727,0.3238030498253555,115265,0.10996178219768468,0.15015263476939064,0.12166399264354798,0.09837431573833294,0.09156360242314333,0.1316537579894066,0.10447496622800827,0.0931223139166832,0.25293290615081787,0.0670539553992403,0.06441181898117065,0.06705472493309216,0.06441181898117065,0.08787628343011405,0.07842584091000118,0.07327104988796204,0.07212852719874101,0.07484806728664123,0.07284844906824507,0.07145909362963353,0.07197873866470873,0.10447463989257812,1466.2370910644531,97.98636415997346,148.03125,12.61273181773464,1710.3333333333333,3.0,19.0,0.0,1.0,keep,True,,560.6051699179985,measured_d
manual_s21_cyst_0006,<analysis-root>/pSMAD/results/rois/manual_bead_well_36locations/manual_s21_cyst_0006.json,series_21,21,well3-36locations.ome.tif,roi_json_bead_present,True,bead_center_to_nearest_surface,centroid_bead_vector_vs_array_center_ap_axis,0.65,results/manual_bead_well_36locations/scene_images/scene21_psmad.tif,results/manual_bead_well_36locations/scene_images/scene21_dapi.tif,1018.6150404123229,1039.6841981960877,True,full_peripheral_shell,full_peripheral_shell,55.0,,63656,60706,1692.166889400922,154.52145852534568,689.6912334233072,1420.8917129109595,498.0,1548.5,859.0,1223.5,859.0,1223.5,1049.8357365338795,880.9555745409521,170.36158904776775,17.5,-152.86158904776775,6.060240386699514,-164.30134866106823,0.3205395013689222,119294,0.10792975838515025,0.1495399517007172,0.12026215120119305,0.09615886779301074,0.08936677705197904,0.13117025867104515,0.10226380452513695,0.09054442122578621,0.2276328206062317,0.06566289092422684,0.0624245572835207,0.06518882487479614,0.06211547181010246,0.055621598515909886,0.05532578739325811,0.054521884870908886,0.05547234364583771,0.054053506781340736,0.05550577549005203,0.0558495055620573,0.05707074091325789,0.1040311586111784,1466.2370910644531,97.98636415997346,148.03125,12.61273181773464,1710.3333333333333,3.0,29.0,2.0,1.0,keep,True,,880.9555745409521,measured_d
manual_s21_cyst_0007,<analysis-root>/pSMAD/results/rois/manual_bead_well_36locations/manual_s21_cyst_0007.json,series_21,21,well3-36locations.ome.tif,roi_json_bead_present,True,bead_center_to_nearest_surface,centroid_bead_vector_vs_array_center_ap_axis,0.65,results/manual_bead_well_36locations/scene_images/scene21_psmad.tif,results/manual_bead_well_36locations/scene_images/scene21_dapi.tif,1018.6150404123229,1039.6841981960877,True,full_peripheral_shell,full_peripheral_shell,55.0,,65030,62304,1692.166889400922,154.52145852534568,1187.6941160451108,1516.1830866333462,1276.0,1741.5,1116.0,1262.5,1157.0,1263.5,943.8696460313214,800.3812432813353,-141.20035198794176,-32.5,108.70035198794176,-12.336901885110583,128.86345010283117,0.164080962750435,124848,0.09489404257907662,0.1305686963053468,0.10500383354599117,0.08517031465346066,0.07951610238747119,0.11392326302826404,0.08987929858267307,0.080817099660635,0.23597681522369385,0.06028641054928814,0.05781090073287487,0.05966838503363774,0.057388631626963615,0.057305995429314874,0.056118885559034215,0.055241363368726336,0.05564931628508336,0.05279813233659619,0.05574427336502362,0.05580251218210829,0.056606211822444595,0.09142102673649788,1466.2370910644531,97.98636415997346,148.03125,12.61273181773464,1710.3333333333333,3.0,27.0,1.0,2.0,keep,True,,800.3812432813353,measured_d
manual_s22_cyst_0001,<analysis-root>/pSMAD/results/rois/manual_bead_well_36locations/manual_s22_cyst_0001.json,series_22,22,well3-36locations.ome.tif,roi_json_bead_present,True,bead_center_to_nearest_surface,centroid_bead_vector_vs_array_center_ap_axis,0.65,results/manual_bead_well_36locations/scene_images/scene22_psmad.tif,results/manual_bead_well_36locations/scene_images/scene22_dapi.tif,851.6027713625866,1050.0207852193996,True,full_peripheral_shell,full_peripheral_shell,55.0,,57671,54951,1936.0393317972355,1174.935099078341,680.8781875165354,554.9673871013697,658.0,344.5,739.0,791.5,807.5,724.0,909.951123795962,789.9421645000513,126.55737061109274,-37.5,-164.05737061109272,-9.91573166077725,-136.47310227186998,0.33366942672949695,98274,0.14841629371177162,0.21290922262451867,0.16679117483733522,0.13156212869695705,0.12213443214374087,0.18477053195238113,0.1390121653676033,0.12317423522472382,0.38449543714523315,0.09189613309424881,0.08673644810914993,0.09001223008062598,0.08572271466255188,0.08478287913534231,0.08182741848079507,0.08153075299521219,0.08134395046274642,0.08185119210405647,0.08139693971350644,0.0816668864418249,0.08140212787734467,0.14604183286428452,1466.2370910644531,97.98636415997346,148.03125,12.61273181773464,1710.3333333333333,3.0,23.0,1.0,2.0,keep,True,,789.9421645000513,measured_d
manual_s22_cyst_0002,<analysis-root>/pSMAD/results/rois/manual_bead_well_36locations/manual_s22_cyst_0002.json,series_22,22,well3-36locations.ome.tif,roi_json_bead_present,True,bead_center_to_nearest_surface,centroid_bead_vector_vs_array_center_ap_axis,0.65,results/manual_bead_well_36locations/scene_images/scene22_psmad.tif,results/manual_bead_well_36locations/scene_images/scene22_dapi.tif,851.6027713625866,1050.0207852193996,True,full_peripheral_shell,full_peripheral_shell,55.0,,55617,55393,1936.0393317972355,1174.935099078341,1195.2971380650092,675.3212776798794,1309.0,498.5,1052.0,855.5,1330.5,711.0,580.7643489621786,495.8412253136987,88.24911299322059,27.5,-60.74911299322059,15.866759969480784,-72.38235302373981,0.3920752538115225,94202,0.1650581892028397,0.21556565832575306,0.18121587185975876,0.148018010817411,0.13753295338274713,0.1949919474124909,0.15845765471458428,0.14107468724250793,0.3356803059577942,0.10081478874300318,0.0955868512392044,0.10063609466233901,0.09549318999052048,0.11660362412137676,0.10745973270857162,0.10507945199231829,0.10601806820881705,0.1032969803047961,0.10244824028763672,0.10416425225217252,0.10601525880217925,0.1589444726705551,1466.2370910644531,97.98636415997346,148.03125,12.61273181773464,1710.3333333333333,3.0,17.0,1.0,0.0,keep,True,,495.8412253136987,measured_d
manual_s22_cyst_0003,<analysis-root>/pSMAD/results/rois/manual_bead_well_36locations/manual_s22_cyst_0003.json,series_22,22,well3-36locations.ome.tif,roi_json_bead_present,True,bead_center_to_nearest_surface,centroid_bead_vector_vs_array_center_ap_axis,0.65,results/manual_bead_well_36locations/scene_images/scene22_psmad.tif,results/manual_bead_well_36locations/scene_images/scene22_dapi.tif,851.6027713625866,1050.0207852193996,True,full_peripheral_shell,full_peripheral_shell,55.0,,63420,60315,1936.0393317972355,1174.935099078341,354.51204777922703,954.3602835175396,138.5,894.0,613.5,998.0,613.5,998.0,1037.9427056570453,867.3095712759881,175.58991817208215,17.5,-158.08991817208215,15.915896965302464,-159.67402120677968,0.36989900081519955,116536,0.1374234035438228,0.1963473903323641,0.15557352786473633,0.12073262276417145,0.11149345992694543,0.17274243235588077,0.128731678426265,0.11209373772144317,0.29428064823150635,0.08059416292878459,0.07588927820324898,0.08057096277998299,0.07620447874069214,0.06744274885494964,0.067496438611074,0.06627096434261316,0.066684235922599,0.06620249442562309,0.06593040772696136,0.06734121158286333,0.06905415209691414,0.1301583208143711,1466.2370910644531,97.98636415997346,148.03125,12.61273181773464,1710.3333333333333,3.0,29.0,3.0,1.0,keep,True,,867.3095712759881,measured_d
manual_s22_cyst_0005,<analysis-root>/pSMAD/results/rois/manual_bead_well_36locations/manual_s22_cyst_0005.json,series_22,22,well3-36locations.ome.tif,roi_json_bead_present,True,bead_center_to_nearest_surface,centroid_bead_vector_vs_array_center_ap_axis,0.65,results/manual_bead_well_36locations/scene_images/scene22_psmad.tif,results/manual_bead_well_36locations/scene_images/scene22_dapi.tif,851.6027713625866,1050.0207852193996,True,full_peripheral_shell,full_peripheral_shell,55.0,,63963,60523,1936.0393317972355,1174.935099078341,1345.684347273973,1137.708942505305,1585.5,1118.0,1075.5,1112.0,1582.5,1145.0,384.49288116917023,230.6228664349804,2.934099699905458,-2.5,-5.43409969990546,0.7640145464275291,-2.1700851534779417,0.5794207244463034,119698,0.20370195389000734,0.2697631346904012,0.22443693427311773,0.18165794172743932,0.1667922673654719,0.241539676785469,0.19473468810319888,0.17364025413990022,0.415017694234848,0.11057808069352405,0.09784046560525894,0.11034611720941581,0.09815679490566254,0.17861187696791656,0.17833256258312463,0.1696124015349044,0.15972071868705154,0.168606539256466,0.15979621161738602,0.14871721279348615,0.13698229010383872,0.19796685874462125,1466.2370910644531,97.98636415997346,148.03125,12.61273181773464,1710.3333333333333,3.0,30.0,1.0,3.0,keep,True,,230.6228664349804,measured_d
manual_s22_cyst_0006,<analysis-root>/pSMAD/results/rois/manual_bead_well_36locations/manual_s22_cyst_0006.json,series_22,22,well3-36locations.ome.tif,roi_json_bead_present,True,bead_center_to_nearest_surface,centroid_bead_vector_vs_array_center_ap_axis,0.65,results/manual_bead_well_36locations/scene_images/scene22_psmad.tif,results/manual_bead_well_36locations/scene_images/scene22_dapi.tif,851.6027713625866,1050.0207852193996,True,full_peripheral_shell,full_peripheral_shell,55.0,,69434,66132,1936.0393317972355,1174.935099078341,521.2936550088398,1430.2645601577335,410.0,1657.5,686.0,1206.5,731.5,1311.0,934.4410633675978,787.9299515018458,-131.69598296223336,32.5,164.19598296223336,6.749210187693373,138.4451931499267,0.31524981695240406,137447,0.11938434228805714,0.17458597579661453,0.135616629130717,0.10445099848970278,0.0963232952733374,0.1516152285039425,0.11137062385678285,0.09687702730298044,0.31863656640052795,0.07096119607076182,0.06660022214055061,0.07016045724279014,0.06618707254529,0.06029057049504807,0.05983693807351786,0.06232411069245582,0.06290731997015105,0.06422414522424953,0.06343501911438251,0.06341647988464019,0.06313352498111928,0.11481397375464429,1466.2370910644531,97.98636415997346,148.03125,12.61273181773464,1710.3333333333333,3.0,28.0,2.0,2.0,keep,True,,787.9299515018458,measured_d
manual_s22_cyst_0007,<analysis-root>/pSMAD/results/rois/manual_bead_well_36locations/manual_s22_cyst_0007.json,series_22,22,well3-36locations.ome.tif,roi_json_bead_present,True,bead_center_to_nearest_surface,centroid_bead_vector_vs_array_center_ap_axis,0.65,results/manual_bead_well_36locations/scene_images/scene22_psmad.tif,results/manual_bead_well_36locations/scene_images/scene22_dapi.tif,851.6027713625866,1050.0207852193996,True,full_peripheral_shell,full_peripheral_shell,55.0,,58450,57844,1936.0393317972355,1174.935099078341,1005.1938148993925,1533.4741048731096,1122.0,1717.5,905.0,1286.5,1145.5,1560.0,648.380651230171,571.5667782591075,-84.34111556066803,-12.5,71.84111556066802,-11.595278047195656,72.74583751347237,0.3576597172913164,92836,0.13167671588931293,0.17156024910316567,0.14370958635315037,0.1192007375323522,0.11141634446766172,0.15422132819890977,0.12672174349427218,0.11404568180441857,0.24578683078289032,0.08175818961855404,0.07815020903944969,0.08148518413776934,0.07794240862131119,0.10145617353047749,0.09087480152623088,0.0856099254009336,0.08698388996710182,0.08459585067634613,0.08605186292042483,0.08592111243187149,0.08629318857441075,0.127340030670166,1466.2370910644531,97.98636415997346,148.03125,12.61273181773464,1710.3333333333333,3.0,16.0,0.0,1.0,keep,True,,571.5667782591075,measured_d
manual_s23_cyst_0001,<analysis-root>/pSMAD/results/rois/manual_bead_well_36locations/manual_s23_cyst_0001.json,series_23,23,well3-36locations.ome.tif,roi_json_bead_present,True,bead_center_to_nearest_surface,centroid_bead_vector_vs_array_center_ap_axis,0.65,results/manual_bead_well_36locations/scene_images/scene23_psmad.tif,results/manual_bead_well_36locations/scene_images/scene23_dapi.tif,1314.1056553305311,1016.430574130684,True,full_peripheral_shell,full_peripheral_shell,55.0,,64327,62150,100.5783179723503,680.7725184331796,1143.2732448622871,544.1637449725932,1014.0,336.5,1241.0,802.5,968.5,485.0,683.5437418623669,578.3228387828598,-71.49225267870966,22.5,93.99225267870963,6.360195160473149,77.85244783918279,0.39078625581270315,117854,0.1667879650334821,0.24823800519923306,0.18973066069022723,0.14520988676604107,0.13306525058187216,0.21139257550239568,0.15549475625157338,0.1347241848707199,0.409295916557312,0.09551620634388895,0.08850545436143875,0.09401051922167081,0.08759212493896484,0.10622811010478968,0.10445469120099289,0.10188015469875147,0.09876651729070715,0.08709380277760197,0.09002169086043194,0.0967364682228377,0.0954871226699679,0.1611661538481712,1466.2370910644531,97.98636415997346,148.03125,12.61273181773464,1710.3333333333333,3.0,19.0,2.0,1.0,keep,True,,578.3228387828598,measured_d
manual_s23_cyst_0002,<analysis-root>/pSMAD/results/rois/manual_bead_well_36locations/manual_s23_cyst_0002.json,series_23,23,well3-36locations.ome.tif,roi_json_bead_present,True,bead_center_to_nearest_surface,centroid_bead_vector_vs_array_center_ap_axis,0.65,results/manual_bead_well_36locations/scene_images/scene23_psmad.tif,results/manual_bead_well_36locations/scene_images/scene23_dapi.tif,1314.1056553305311,1016.430574130684,True,full_peripheral_shell,full_peripheral_shell,55.0,,46078,42897,100.5783179723503,680.7725184331796,1613.4559742979984,621.7248531426682,1721.0,454.5,1476.0,785.5,1465.5,743.0,984.1191970917118,888.1206341522474,-128.74327322752066,-2.5,126.24327322752066,0.10477409663132943,128.848047324152,0.29181224098068326,63497,0.16461262863068593,0.21575608707113422,0.1799086800266257,0.14875309841755108,0.13902245858205134,0.19213048577308656,0.15794892609119415,0.14223455190658568,0.36652740836143494,0.1034012768892414,0.0992261990904808,0.10270436915975019,0.09859337657690048,0.08189439072093485,0.08312589966090687,0.08888665769544445,0.0920852867306066,0.09065783907447708,0.0897385701488668,0.09181053499825641,0.09460271575914558,0.15990974307060243,1466.2370910644531,97.98636415997346,148.03125,12.61273181773464,1710.3333333333333,3.0,17.0,2.0,2.0,keep,True,,888.1206341522474,measured_d
manual_s23_cyst_0003,<analysis-root>/pSMAD/results/rois/manual_bead_well_36locations/manual_s23_cyst_0003.json,series_23,23,well3-36locations.ome.tif,roi_json_bead_present,True,bead_center_to_nearest_surface,centroid_bead_vector_vs_array_center_ap_axis,0.65,results/manual_bead_well_36locations/scene_images/scene23_psmad.tif,results/manual_bead_well_36locations/scene_images/scene23_dapi.tif,1314.1056553305311,1016.430574130684,True,full_peripheral_shell,full_peripheral_shell,55.0,,58179,54297,100.5783179723503,680.7725184331796,806.8389298169794,922.8331105460467,587.5,910.0,1060.5,958.0,594.5,882.0,485.28382822432815,346.6707390168385,13.12387411105951,-12.5,-25.623874111059507,13.55520552193344,0.43133141087392346,0.3137622852569359,99497,0.14875324052478947,0.22861731930551826,0.17205855033564524,0.12841278552034832,0.11769828070172363,0.19433758854866032,0.13641756474971767,0.11748786866664888,0.4168483018875122,0.08578110412388619,0.07980351895093918,0.08421509533385992,0.07882998883724213,0.0991810461571423,0.09935493093759205,0.10280375839151017,0.10131690158223433,0.0993857269648089,0.10076688784896494,0.09857805242490898,0.0942572387673279,0.14270673543214799,1466.2370910644531,97.98636415997346,148.03125,12.61273181773464,1710.3333333333333,3.0,27.0,2.0,2.0,keep,True,,346.6707390168385,measured_d
manual_s23_cyst_0005,<analysis-root>/pSMAD/results/rois/manual_bead_well_36locations/manual_s23_cyst_0005.json,series_23,23,well3-36locations.ome.tif,roi_json_bead_present,True,bead_center_to_nearest_surface,centroid_bead_vector_vs_array_center_ap_axis,0.65,results/manual_bead_well_36locations/scene_images/scene23_psmad.tif,results/manual_bead_well_36locations/scene_images/scene23_dapi.tif,1314.1056553305311,1016.430574130684,True,full_peripheral_shell,full_peripheral_shell,55.0,,56128,50982,100.5783179723503,680.7725184331796,1789.5842652478202,1120.8666857828612,2001.5,1174.0,1535.5,1089.0,1535.5,1089.0,1134.510522500059,969.7097952916723,-175.732821147715,-12.5,163.23282114771496,-23.19771859710093,152.53510255061406,0.18501275801982908,94161,0.1248495574586881,0.17751722423469318,0.1393156521051538,0.11133357185592391,0.10358320078932799,0.1524928167462349,0.11756238415837283,0.10482710152864458,0.42842549085617065,0.07636251034190751,0.0730200931429863,0.0758088845356965,0.07265105098485947,0.0760821451940665,0.07244406393552895,0.06984798251431572,0.06961064279510543,0.07051918398672971,0.06936131032276797,0.06909071825469291,0.06958378707437378,0.11937582641839979,1466.2370910644531,97.98636415997346,148.03125,12.61273181773464,1710.3333333333333,3.0,26.0,3.0,2.0,keep,True,,969.7097952916723,measured_d
manual_s23_cyst_0006,<analysis-root>/pSMAD/results/rois/manual_bead_well_36locations/manual_s23_cyst_0006.json,series_23,23,well3-36locations.ome.tif,roi_json_bead_present,True,bead_center_to_nearest_surface,centroid_bead_vector_vs_array_center_ap_axis,0.65,results/manual_bead_well_36locations/scene_images/scene23_psmad.tif,results/manual_bead_well_36locations/scene_images/scene23_dapi.tif,1314.1056553305311,1016.430574130684,True,full_peripheral_shell,full_peripheral_shell,55.0,,67717,66006,100.5783179723503,680.7725184331796,982.2478615039317,1420.7661544739692,872.0,1632.5,1172.0,1202.5,817.5,1373.0,748.1869224129044,647.7717456079936,95.10456044729503,32.5,-62.60456044729503,14.56847159977552,-80.53608884751951,0.2509026739713178,127426,0.13737002139497104,0.20423313447819536,0.15690543312298388,0.11959717850728642,0.10992404085930797,0.17332552373409263,0.1277090609073639,0.11031753942370415,0.35959169268608093,0.07984317947568764,0.07480639964342117,0.07987259087987775,0.07479719072580338,0.10051083795867931,0.08891615225848698,0.08274088462297884,0.08203161532402549,0.07789342725018773,0.07883675449903242,0.08070318481648708,0.08141352551627772,0.12822153866291044,1466.2370910644531,97.98636415997346,148.03125,12.61273181773464,1710.3333333333333,3.0,20.0,1.0,2.0,keep,True,,647.7717456079936,measured_d
manual_s23_cyst_0007,<analysis-root>/pSMAD/results/rois/manual_bead_well_36locations/manual_s23_cyst_0007.json,series_23,23,well3-36locations.ome.tif,roi_json_bead_present,True,bead_center_to_nearest_surface,centroid_bead_vector_vs_array_center_ap_axis,0.65,results/manual_bead_well_36locations/scene_images/scene23_psmad.tif,results/manual_bead_well_36locations/scene_images/scene23_dapi.tif,1314.1056553305311,1016.430574130684,True,full_peripheral_shell,full_peripheral_shell,55.0,,53711,49590,100.5783179723503,680.7725184331796,1474.1675894596535,1469.9160258382037,1568.0,1678.5,1399.0,1230.5,1363.5,1266.0,1029.6900608704357,904.7529251675618,140.5459717558942,82.5,-58.045971755894186,70.59422927859835,-69.95174247729584,0.10462853490495316,78024,0.11570086364280699,0.1579698137338123,0.1277477012736903,0.10386517256300015,0.09679868906824517,0.13718989431858064,0.11013936251401896,0.09854447692632674,0.3619425892829895,0.07076990250472838,0.06807868927717209,0.07013076456677254,0.06759670376777649,0.07535349929915561,0.0712679720912478,0.07012311063040544,0.07047047734042956,0.07024299643532315,0.07122487067946871,0.07136200439441967,0.0706743681950199,0.11189930513501167,1466.2370910644531,97.98636415997346,148.03125,12.61273181773464,1710.3333333333333,3.0,22.0,2.0,3.0,keep,True,,904.7529251675618,measured_d
manual_s24_cyst_0001,<from_label_scene_24>,series_24,24,well3-36locations.ome.tif,label_mask_no_bead_scene,False,no_bead_control,no_bead_control,0.65,<analysis-root>/pSMAD/results/manual_bead_well_36locations/scene_images/scene24_psmad.tif,<analysis-root>/pSMAD/results/manual_bead_well_36locations/scene_images/scene24_dapi.tif,,,,peripheral_shell_control,peripheral_shell_control,55.0,,58371,58371,,,847.8118450934301,551.3670863381011,,,,,,,,,,,,,,,100396,0.1322918493835413,0.18136757614779964,0.1467868736260719,0.11812172817277704,0.10984346563572574,0.16013509631156927,0.12549738585948944,0.11160822957754135,0.28226006031036377,0.0806194543838501,0.07692546397447586,0.0806194543838501,0.07692546397447586,,,,,,,,,,1466.2370910644531,97.98636415997346,148.03125,12.61273181773464,,,,,,keep,True,,1088.3315478459597,no_bead_control_set_to_max_plus_offset
manual_s24_cyst_0002,<from_label_scene_24>,series_24,24,well3-36locations.ome.tif,label_mask_no_bead_scene,False,no_bead_control,no_bead_control,0.65,<analysis-root>/pSMAD/results/manual_bead_well_36locations/scene_images/scene24_psmad.tif,<analysis-root>/pSMAD/results/manual_bead_well_36locations/scene_images/scene24_dapi.tif,,,,peripheral_shell_control,peripheral_shell_control,55.0,,59329,59329,,,1345.6849033075355,660.0511569446369,,,,,,,,,,,,,,,101042,0.11422779366120347,0.15593652903832972,0.12683117045400358,0.10162838520103877,0.09418628719142463,0.13829499065876014,0.10852648317813872,0.0960342139005661,0.28995200991630554,0.0681222528219223,0.06458113342523575,0.0681222528219223,0.06458113342523575,,,,,,,,,,1466.2370910644531,97.98636415997346,148.03125,12.61273181773464,,,,,,keep,True,,1088.3315478459597,no_bead_control_set_to_max_plus_offset
manual_s24_cyst_0003,<from_label_scene_24>,series_24,24,well3-36locations.ome.tif,label_mask_no_bead_scene,False,no_bead_control,no_bead_control,0.65,<analysis-root>/pSMAD/results/manual_bead_well_36locations/scene_images/scene24_psmad.tif,<analysis-root>/pSMAD/results/manual_bead_well_36locations/scene_images/scene24_dapi.tif,,,,peripheral_shell_control,peripheral_shell_control,55.0,,61940,61940,,,531.285520672818,923.4104487310399,,,,,,,,,,,,,,,107726,0.12378652630663126,0.17534198688883934,0.13851802464854845,0.10918939502204296,0.10047766802961391,0.15172190427780155,0.11681239753961563,0.10278007760643959,0.2831942141056061,0.07096399366855621,0.06605376303195953,0.07096399366855621,0.06605376303195953,,,,,,,,,,1466.2370910644531,97.98636415997346,148.03125,12.61273181773464,,,,,,keep,True,,1088.3315478459597,no_bead_control_set_to_max_plus_offset
manual_s24_cyst_0005,<from_label_scene_24>,series_24,24,well3-36locations.ome.tif,label_mask_no_bead_scene,False,no_bead_control,no_bead_control,0.65,<analysis-root>/pSMAD/results/manual_bead_well_36locations/scene_images/scene24_psmad.tif,<analysis-root>/pSMAD/results/manual_bead_well_36locations/scene_images/scene24_dapi.tif,,,,peripheral_shell_control,peripheral_shell_control,55.0,,58754,58754,,,1514.486330528822,1114.249157637754,,,,,,,,,,,,,,,99126,0.09278865606023837,0.12639914316182232,0.10237271331854221,0.0833711648955415,0.0778174998903664,0.10998141229152683,0.08838810361921787,0.07916180863976478,0.210195854306221,0.05706293508410454,0.0550188310444355,0.05706293508410454,0.0550188310444355,,,,,,,,,,1466.2370910644531,97.98636415997346,148.03125,12.61273181773464,,,,,,keep,True,,1088.3315478459597,no_bead_control_set_to_max_plus_offset
manual_s24_cyst_0006,<from_label_scene_24>,series_24,24,well3-36locations.ome.tif,label_mask_no_bead_scene,False,no_bead_control,no_bead_control,0.65,<analysis-root>/pSMAD/results/manual_bead_well_36locations/scene_images/scene24_psmad.tif,<analysis-root>/pSMAD/results/manual_bead_well_36locations/scene_images/scene24_dapi.tif,,,,peripheral_shell_control,peripheral_shell_control,55.0,,67569,67569,,,685.9695700003235,1389.8107467563982,,,,,,,,,,,,,,,123628,0.10543794981254281,0.14746242137791138,0.11821018238327284,0.09345025245408449,0.08670187739386238,0.13073661804199202,0.0993538573384285,0.08755369931459428,0.2344519942998886,0.06340567022562027,0.06049135699868202,0.06340567022562027,0.06049135699868202,,,,,,,,,,1466.2370910644531,97.98636415997346,148.03125,12.61273181773464,,,,,,keep,True,,1088.3315478459597,no_bead_control_set_to_max_plus_offset
manual_s24_cyst_0007,<from_label_scene_24>,series_24,24,well3-36locations.ome.tif,label_mask_no_bead_scene,False,no_bead_control,no_bead_control,0.65,<analysis-root>/pSMAD/results/manual_bead_well_36locations/scene_images/scene24_psmad.tif,<analysis-root>/pSMAD/results/manual_bead_well_36locations/scene_images/scene24_dapi.tif,,,,peripheral_shell_control,peripheral_shell_control,55.0,,62960,62960,,,1179.5882927353682,1492.9738046818309,,,,,,,,,,,,,,,111623,0.09389972239685407,0.12932212746569088,0.10445547499605176,0.08344693956932164,0.07720973692366546,0.11345499776303757,0.08911995291709891,0.07871644273400306,0.2566862106323242,0.055185817182064056,0.05217687785625458,0.055185817182064056,0.05217687785625458,,,,,,,,,,1466.2370910644531,97.98636415997346,148.03125,12.61273181773464,,,,,,keep,True,,1088.3315478459597,no_bead_control_set_to_max_plus_offset
manual_s25_cyst_0001,<analysis-root>/pSMAD/results/rois/manual_bead_well_36locations/manual_s25_cyst_0001.json,series_25,25,well3-36locations.ome.tif,roi_json_bead_present,True,bead_center_to_nearest_surface,centroid_bead_vector_vs_array_center_ap_axis,0.65,results/manual_bead_well_36locations/scene_images/scene25_psmad.tif,results/manual_bead_well_36locations/scene_images/scene25_dapi.tif,840.8517654112155,1031.9175855940732,True,full_peripheral_shell,full_peripheral_shell,55.0,,63884,60307,1916.7862442396315,1277.618232718894,663.1347953798665,577.1378489163264,613.0,346.5,724.0,828.5,799.5,766.0,933.4495008316521,798.7549979927489,132.16293671621318,-2.5,-134.66293671621318,-0.6207460526676829,-132.78368276888085,0.3192132758594715,120516,0.11980659368272999,0.16600399780155017,0.1344524304523313,0.10616421843136924,0.09865441801959073,0.14846784710884095,0.11299364566802976,0.09922932535409928,0.24787092208862305,0.07379031064638765,0.0705043412744999,0.07305151902020338,0.06996829807758331,0.06048051255634079,0.06243512748404435,0.0653090229978477,0.06548913437132926,0.06439713799681934,0.06623362992729012,0.0669628399551843,0.06652061015912497,0.11584587916731834,1466.2370910644531,97.98636415997346,148.03125,12.61273181773464,1710.3333333333333,3.0,25.0,2.0,2.0,keep,True,,798.7549979927489,measured_d
manual_s25_cyst_0002,<analysis-root>/pSMAD/results/rois/manual_bead_well_36locations/manual_s25_cyst_0002.json,series_25,25,well3-36locations.ome.tif,roi_json_bead_present,True,bead_center_to_nearest_surface,centroid_bead_vector_vs_array_center_ap_axis,0.65,results/manual_bead_well_36locations/scene_images/scene25_psmad.tif,results/manual_bead_well_36locations/scene_images/scene25_dapi.tif,840.8517654112155,1031.9175855940732,True,full_peripheral_shell,full_peripheral_shell,55.0,,60813,60576,1916.7862442396315,1277.618232718894,1199.8158343616171,679.6118349422951,1368.0,529.5,1017.0,854.5,1367.0,703.5,606.8571480410036,516.6893540966375,82.62800958850279,17.5,-65.12800958850279,9.640200699456251,-72.98780888904653,0.43522539758311113,110216,0.1305848654272258,0.17108590470583918,0.14424648224697448,0.11625010433944097,0.10783045533453108,0.15675778314471245,0.12557845562696457,0.11003169044852257,0.2452263981103897,0.07858919716925776,0.07472941279411316,0.0784361796776203,0.07463038340210915,0.09582047007139188,0.09000029109022373,0.08657282738297312,0.08542589828913587,0.08200033429187786,0.08223124151705136,0.08284286290287968,0.0824233349284772,0.12601352930068965,1466.2370910644531,97.98636415997346,148.03125,12.61273181773464,1710.3333333333333,3.0,18.0,1.0,1.0,keep,True,,516.6893540966375,measured_d
manual_s25_cyst_0003,<analysis-root>/pSMAD/results/rois/manual_bead_well_36locations/manual_s25_cyst_0003.json,series_25,25,well3-36locations.ome.tif,roi_json_bead_present,True,bead_center_to_nearest_surface,centroid_bead_vector_vs_array_center_ap_axis,0.65,results/manual_bead_well_36locations/scene_images/scene25_psmad.tif,results/manual_bead_well_36locations/scene_images/scene25_dapi.tif,840.8517654112155,1031.9175855940732,True,full_peripheral_shell,full_peripheral_shell,55.0,,55549,52782,1916.7862442396315,1277.618232718894,373.4992079314618,944.674368231047,147.5,945.0,602.5,998.0,602.5,998.0,1026.2152763601132,873.4062088304241,-174.46984556714312,12.5,-173.03015443285688,-1.5744476169636525,172.89539795017947,0.37527258895274057,92795,0.11745052920172083,0.1553940177810463,0.1288149551827122,0.10631665296586522,0.0997405366168099,0.13998196363449097,0.1121402435004711,0.10130424797534943,0.248227059841156,0.0759384035693624,0.07301758229732513,0.07518664298450714,0.07264962792396545,0.06631890401371163,0.06533427081993695,0.06366555681657704,0.06348422803843401,0.06339449840766286,0.06360502193398367,0.06424447243282205,0.06555031986652321,0.11532093137502669,1466.2370910644531,97.98636415997346,148.03125,12.61273181773464,1710.3333333333333,3.0,27.0,2.0,1.0,keep,True,,873.4062088304241,measured_d
manual_s25_cyst_0005,<analysis-root>/pSMAD/results/rois/manual_bead_well_36locations/manual_s25_cyst_0005.json,series_25,25,well3-36locations.ome.tif,roi_json_bead_present,True,bead_center_to_nearest_surface,centroid_bead_vector_vs_array_center_ap_axis,0.65,results/manual_bead_well_36locations/scene_images/scene25_psmad.tif,results/manual_bead_well_36locations/scene_images/scene25_dapi.tif,840.8517654112155,1031.9175855940732,True,full_peripheral_shell,full_peripheral_shell,55.0,,59402,55972,1916.7862442396315,1277.618232718894,1338.3887736262063,1142.7098711384358,1537.5,1265.0,1099.5,1056.0,1558.5,1186.0,386.0496053169206,240.37957349190862,-12.379800871803083,-7.5,4.87980087180307,-12.389080088125224,-0.009279216322141792,0.6383032588364832,105074,0.18850901068353618,0.22942797528313738,0.20244315641400812,0.1711290488236714,0.15789492692835647,0.21340880230069162,0.18404523357748984,0.16641047000885012,0.33500441908836365,0.10166695852239543,0.0891500972211361,0.10102905653478375,0.08958414569497108,0.18151879660111744,0.17573451125816644,0.1650401962647325,0.15414305529106814,0.16522585344197563,0.15326428427978891,0.14337331966664274,0.1326162197685851,0.18789913579821588,1466.2370910644531,97.98636415997346,148.03125,12.61273181773464,1710.3333333333333,3.0,28.0,1.0,3.0,keep,True,,240.37957349190862,measured_d
manual_s25_cyst_0006,<analysis-root>/pSMAD/results/rois/manual_bead_well_36locations/manual_s25_cyst_0006.json,series_25,25,well3-36locations.ome.tif,roi_json_bead_present,True,bead_center_to_nearest_surface,centroid_bead_vector_vs_array_center_ap_axis,0.65,results/manual_bead_well_36locations/scene_images/scene25_psmad.tif,results/manual_bead_well_36locations/scene_images/scene25_dapi.tif,840.8517654112155,1031.9175855940732,True,full_peripheral_shell,full_peripheral_shell,55.0,,67489,64995,1916.7862442396315,1277.618232718894,529.8120731255342,1420.0454803306836,387.0,1612.5,717.0,1220.5,750.5,1308.0,906.2741105782846,758.3432348601865,-135.95501003965168,-22.5,113.45501003965171,3.872565898763127,139.82757593841484,0.311532655996471,132211,0.11131733382779818,0.15186687875252503,0.12361130025295111,0.09941571576004808,0.09252711499239874,0.13563767880201333,0.10563508942723271,0.09393463581800461,0.2244565337896347,0.06966905942592891,0.06595774739980698,0.0689487246035468,0.06549057364463806,0.06214947918114754,0.061296981828143964,0.06141507616781741,0.06129367735938611,0.059629676126622275,0.06092200567529178,0.061676503232998135,0.0626360588127064,0.10809879899024963,1466.2370910644531,97.98636415997346,148.03125,12.61273181773464,1710.3333333333333,3.0,28.0,2.0,2.0,keep,True,,758.3432348601865,measured_d
manual_s25_cyst_0007,<analysis-root>/pSMAD/results/rois/manual_bead_well_36locations/manual_s25_cyst_0007.json,series_25,25,well3-36locations.ome.tif,roi_json_bead_present,True,bead_center_to_nearest_surface,centroid_bead_vector_vs_array_center_ap_axis,0.65,results/manual_bead_well_36locations/scene_images/scene25_psmad.tif,results/manual_bead_well_36locations/scene_images/scene25_dapi.tif,840.8517654112155,1031.9175855940732,True,full_peripheral_shell,full_peripheral_shell,55.0,,54699,54110,1916.7862442396315,1277.618232718894,1005.521590767382,1510.2747678808284,1141.0,1677.5,916.0,1286.5,1153.5,1537.0,611.3222638503075,524.0003096886484,-74.40414956090423,-12.5,61.904149560904216,-24.541844937598153,49.86230462330607,0.33989763947577756,88209,0.1172095044767145,0.14875902562673682,0.1267400910886499,0.10707574783089618,0.10062023682310614,0.13466728553175925,0.11327079385519027,0.10322470292448997,0.21363256871700287,0.07527758202107941,0.07274691760540009,0.07504163624062289,0.0725705698132515,0.09359322027671539,0.08900737418286947,0.08776748349287361,0.0864822867738428,0.08216671966793454,0.08404595502527172,0.08488477220677379,0.08273456186416236,0.11403636932373046,1466.2370910644531,97.98636415997346,148.03125,12.61273181773464,1710.3333333333333,3.0,16.0,1.0,1.0,keep,True,,524.0003096886484,measured_d
manual_s26_cyst_0001,<analysis-root>/pSMAD/results/rois/manual_bead_well_36locations/manual_s26_cyst_0001.json,series_26,26,well3-36locations.ome.tif,roi_json_bead_present,True,bead_center_to_nearest_surface,centroid_bead_vector_vs_array_center_ap_axis,0.65,results/manual_bead_well_36locations/scene_images/scene26_psmad.tif,results/manual_bead_well_36locations/scene_images/scene26_dapi.tif,1310.2280142057425,1021.905194727021,True,full_peripheral_shell,full_peripheral_shell,55.0,,59112,59112,10.730576036866296,802.7087396313364,1124.973511453428,583.2065807327001,1012.0,380.5,1200.0,817.5,977.5,540.0,738.1775351395531,651.188089508495,-77.86671536837207,-7.5,70.36671536837207,-10.24628648221387,67.62042888615821,0.4298299099397183,100232,0.12367719607314294,0.1652743195410113,0.1366491311498198,0.10997844838311122,0.10157118715178648,0.14754866227507588,0.11850428655743597,0.1043522022664547,0.24855878949165344,0.07193373817902475,0.0674135684967041,0.07193373817902475,0.0674135684967041,0.09752574739208966,0.08908164193185805,0.0817705935214963,0.07962301438601858,0.07340288699411583,0.07414967262987343,0.07769017512214486,0.07728948731531188,0.11850428655743597,1466.2370910644531,97.98636415997346,148.03125,12.61273181773464,1710.3333333333333,3.0,18.0,0.0,0.0,keep,True,,651.188089508495,measured_d
manual_s26_cyst_0002,<analysis-root>/pSMAD/results/rois/manual_bead_well_36locations/manual_s26_cyst_0002.json,series_26,26,well3-36locations.ome.tif,roi_json_bead_present,True,bead_center_to_nearest_surface,centroid_bead_vector_vs_array_center_ap_axis,0.65,results/manual_bead_well_36locations/scene_images/scene26_psmad.tif,results/manual_bead_well_36locations/scene_images/scene26_dapi.tif,1310.2280142057425,1021.905194727021,True,full_peripheral_shell,full_peripheral_shell,55.0,,63071,59836,10.730576036866296,802.7087396313364,1650.9594803666023,678.9950895484739,1863.5,560.0,1453.5,842.0,1432.5,770.0,1069.177080121469,924.3946511899552,-149.79296268507,-27.5,122.29296268507,-21.63130661805351,128.16165606701645,0.37943646080034804,118930,0.10165742013284708,0.143610248345266,0.11346553267542532,0.09023184825125882,0.08350938663378871,0.12403078302741058,0.09593480452895164,0.08502219244837761,0.24778324365615845,0.059891281034333915,0.05665498971939087,0.05947178481194243,0.05651044473052025,0.05248122334070653,0.05251298380693804,0.05250781359898289,0.05289481419487409,0.05358274978463511,0.05416344012382908,0.05373782963600805,0.05272892425859574,0.0980101116001606,1466.2370910644531,97.98636415997346,148.03125,12.61273181773464,1710.3333333333333,3.0,27.0,2.0,1.0,keep,True,,924.3946511899552,measured_d
manual_s26_cyst_0003,<analysis-root>/pSMAD/results/rois/manual_bead_well_36locations/manual_s26_cyst_0003.json,series_26,26,well3-36locations.ome.tif,roi_json_bead_present,True,bead_center_to_nearest_surface,centroid_bead_vector_vs_array_center_ap_axis,0.65,results/manual_bead_well_36locations/scene_images/scene26_psmad.tif,results/manual_bead_well_36locations/scene_images/scene26_dapi.tif,1310.2280142057425,1021.905194727021,True,full_peripheral_shell,full_peripheral_shell,55.0,,65538,63031,10.730576036866296,802.7087396313364,815.211506953078,935.6141926772438,577.5,840.0,1079.5,991.0,577.5,840.0,530.0005407404288,369.196691645037,-7.3602185318257725,17.5,24.86021853182578,0.03056203156293005,7.3907805633887165,0.5616880280340905,121457,0.14517063689938164,0.1971552171249964,0.15998824688175758,0.13002311338445163,0.12032576387030053,0.17302517890930175,0.13817871361970901,0.12379198521375656,0.2865731418132782,0.08042522886757013,0.07348934933543205,0.08052021452343491,0.07388441264629364,0.12285275160462647,0.12129348356319299,0.11952302707006818,0.11432444186460587,0.1166952481568648,0.1139598336450625,0.10798807699084642,0.10125527739047949,0.1394035696983337,1466.2370910644531,97.98636415997346,148.03125,12.61273181773464,1710.3333333333333,3.0,31.0,2.0,2.0,keep,True,,369.196691645037,measured_d
manual_s26_cyst_0005,<analysis-root>/pSMAD/results/rois/manual_bead_well_36locations/manual_s26_cyst_0005.json,series_26,26,well3-36locations.ome.tif,roi_json_bead_present,True,bead_center_to_nearest_surface,centroid_bead_vector_vs_array_center_ap_axis,0.65,results/manual_bead_well_36locations/scene_images/scene26_psmad.tif,results/manual_bead_well_36locations/scene_images/scene26_dapi.tif,1310.2280142057425,1021.905194727021,True,full_peripheral_shell,full_peripheral_shell,55.0,,64175,61803,10.730576036866296,802.7087396313364,1790.998368140695,1111.079098672529,2005.5,1185.0,1531.5,1045.0,1525.5,1073.0,1174.4055108856423,1000.1520605284142,173.3720599994687,-27.5,159.12794000053134,-17.761073287481082,168.86686671305023,0.3093444693677225,118270,0.08249496497169241,0.11125491169523538,0.09116989127093633,0.0736087491982491,0.06818181134149176,0.09833768859505652,0.07885337546467774,0.06986272931098939,0.21906597912311554,0.04825563867820498,0.04614922031760216,0.04798945844292316,0.04592600837349892,0.0436425961875539,0.042752018839992446,0.04114260781148213,0.040601295693531,0.04141778290716185,0.04073043835141531,0.04052268394621118,0.04068865731871011,0.07932609692215918,1466.2370910644531,97.98636415997346,148.03125,12.61273181773464,1710.3333333333333,3.0,30.0,2.0,1.0,keep,True,,1000.1520605284142,measured_d
manual_s26_cyst_0006,<analysis-root>/pSMAD/results/rois/manual_bead_well_36locations/manual_s26_cyst_0006.json,series_26,26,well3-36locations.ome.tif,roi_json_bead_present,True,bead_center_to_nearest_surface,centroid_bead_vector_vs_array_center_ap_axis,0.65,results/manual_bead_well_36locations/scene_images/scene26_psmad.tif,results/manual_bead_well_36locations/scene_images/scene26_dapi.tif,1310.2280142057425,1021.905194727021,True,full_peripheral_shell,full_peripheral_shell,55.0,,65620,64579,10.730576036866296,802.7087396313364,981.3509101174525,1391.081548750328,844.0,1592.5,1146.0,1178.5,796.5,1373.0,737.7675799829793,631.0913263342152,85.11392273466672,27.5,-57.613922734666716,24.173014532244288,-60.940908202422435,0.40394196329765475,125753,0.10039216398929766,0.14342813109604197,0.1122766017923048,0.08921413922081904,0.08272851397959922,0.12322718068957329,0.09452399611473082,0.08386137038469314,0.2588593065738678,0.05964242908311016,0.05686192959547043,0.059010588473275435,0.056543171405792236,0.07232360212785904,0.07038039115934494,0.06928603174730204,0.06715948662381337,0.06272655396093545,0.06467715117403741,0.06569673319215767,0.0650516453270172,0.09658565521240234,1466.2370910644531,97.98636415997346,148.03125,12.61273181773464,1710.3333333333333,3.0,20.0,1.0,0.0,keep,True,,631.0913263342152,measured_d
manual_s26_cyst_0007,<analysis-root>/pSMAD/results/rois/manual_bead_well_36locations/manual_s26_cyst_0007.json,series_26,26,well3-36locations.ome.tif,roi_json_bead_present,True,bead_center_to_nearest_surface,centroid_bead_vector_vs_array_center_ap_axis,0.65,results/manual_bead_well_36locations/scene_images/scene26_psmad.tif,results/manual_bead_well_36locations/scene_images/scene26_dapi.tif,1310.2280142057425,1021.905194727021,True,full_peripheral_shell,full_peripheral_shell,55.0,,63465,61302,10.730576036866296,802.7087396313364,1465.4256736835898,1484.8690118184193,1590.0,1696.5,1368.0,1250.5,1295.5,1313.0,1044.3541047310682,898.5599725309172,141.58580210499403,22.5,-119.08580210499403,7.538657114499145,-134.04714499049487,0.20911621305116596,118713,0.07679222377366215,0.10318626485255332,0.08430210035112039,0.06931810046915089,0.06477271073300994,0.0902276238054037,0.07335283830761909,0.06604839488863945,0.1544632613658905,0.04734574849795415,0.045883383601903915,0.047282813718834936,0.04585241340100765,0.04000636611660891,0.040420091378341357,0.04199247884789683,0.04267957701325781,0.041134720708831084,0.04183107595677364,0.04294450305525982,0.04431737873746236,0.07382083386182783,1466.2370910644531,97.98636415997346,148.03125,12.61273181773464,1710.3333333333333,3.0,27.0,2.0,2.0,keep,True,,898.5599725309172,measured_d
manual_s27_cyst_0001,<analysis-root>/pSMAD/results/rois/manual_bead_well_36locations/manual_s27_cyst_0001.json,series_27,27,well3-36locations.ome.tif,roi_json_bead_present,True,bead_center_to_nearest_surface,centroid_bead_vector_vs_array_center_ap_axis,0.65,results/manual_bead_well_36locations/scene_images/scene27_psmad.tif,results/manual_bead_well_36locations/scene_images/scene27_dapi.tif,920.978671857205,981.7939038784089,True,full_peripheral_shell,full_peripheral_shell,55.0,,62434,59970,1948.8747235023045,1142.8466198156682,760.4116230519896,514.4815316717637,737.0,268.5,828.0,771.5,896.5,715.0,873.8299906832309,738.4141009614243,128.12105588124825,12.5,-115.62105588124825,-4.978652589918949,-133.0997084711672,0.34814981942236,109214,0.12359172349545049,0.17035651880005995,0.13786046067578828,0.10988521503745188,0.10210077295781878,0.15077387914061538,0.11706530638039109,0.1032734602689743,0.26687055826187134,0.07548807568113147,0.07184818759560585,0.0748889769062683,0.071601752191782,0.057785968886574696,0.06113972162030549,0.06457604853101218,0.06452480963944351,0.061781819491415396,0.06340866493686186,0.06523089008443358,0.0665925935521342,0.11956355832517146,1466.2370910644531,97.98636415997346,148.03125,12.61273181773464,1710.3333333333333,3.0,25.0,2.0,1.0,keep,True,,738.4141009614243,measured_d
manual_s27_cyst_0002,<analysis-root>/pSMAD/results/rois/manual_bead_well_36locations/manual_s27_cyst_0002.json,series_27,27,well3-36locations.ome.tif,roi_json_bead_present,True,bead_center_to_nearest_surface,centroid_bead_vector_vs_array_center_ap_axis,0.65,results/manual_bead_well_36locations/scene_images/scene27_psmad.tif,results/manual_bead_well_36locations/scene_images/scene27_dapi.tif,920.978671857205,981.7939038784089,True,full_peripheral_shell,full_peripheral_shell,55.0,,63269,61821,1948.8747235023045,1142.8466198156682,1248.7127239779156,603.5638315889306,1395.0,426.5,1065.0,802.5,1392.5,668.0,574.4517276547167,475.4482951808344,86.33227313347717,27.5,-58.83227313347717,30.76839084518096,-55.56388228829621,0.4496645063785317,118092,0.1385127947736997,0.1789901148232967,0.15097686041141697,0.12558628037794853,0.11759603219123364,0.16115308701992045,0.13339506089687347,0.12010915577411652,0.2741445004940033,0.08474281671542795,0.08148328214883804,0.08453280384676737,0.08128540217876434,0.10206272226202881,0.10136001035462647,0.09993982526936537,0.09948175758572915,0.09662858069647308,0.09680091541322396,0.09907672335905983,0.09519701953492843,0.13381325900554655,1466.2370910644531,97.98636415997346,148.03125,12.61273181773464,1710.3333333333333,3.0,19.0,1.0,1.0,keep,True,,475.4482951808344,measured_d
manual_s27_cyst_0003,<analysis-root>/pSMAD/results/rois/manual_bead_well_36locations/manual_s27_cyst_0003.json,series_27,27,well3-36locations.ome.tif,roi_json_bead_present,True,bead_center_to_nearest_surface,centroid_bead_vector_vs_array_center_ap_axis,0.65,results/manual_bead_well_36locations/scene_images/scene27_psmad.tif,results/manual_bead_well_36locations/scene_images/scene27_dapi.tif,920.978671857205,981.7939038784089,True,full_peripheral_shell,full_peripheral_shell,55.0,,66163,63355,1948.8747235023045,1142.8466198156682,430.8556334120706,896.8751565497233,201.5,813.0,693.5,965.0,696.5,947.0,999.5816402959638,823.9370737027764,172.03572684037144,12.5,-159.53572684037144,1.4978345358849068,-170.53789230448652,0.35497467802120247,126158,0.11428868536004853,0.1638398116413351,0.12853235604401414,0.10118779370599609,0.09377546415196267,0.14260247886180877,0.10707314684987054,0.09457181394100189,0.30380043387413025,0.06894076377633788,0.06489543616771698,0.06831596912026039,0.06458104401826859,0.05718091428115249,0.05701687526883266,0.05654381980313803,0.0570446598397597,0.05613987621353963,0.05692852743593247,0.05794440506792381,0.058870434833929015,0.11013994440436363,1466.2370910644531,97.98636415997346,148.03125,12.61273181773464,1710.3333333333333,3.0,31.0,2.0,1.0,keep,True,,823.9370737027764,measured_d
manual_s27_cyst_0005,<analysis-root>/pSMAD/results/rois/manual_bead_well_36locations/manual_s27_cyst_0005.json,series_27,27,well3-36locations.ome.tif,roi_json_bead_present,True,bead_center_to_nearest_surface,centroid_bead_vector_vs_array_center_ap_axis,0.65,results/manual_bead_well_36locations/scene_images/scene27_psmad.tif,results/manual_bead_well_36locations/scene_images/scene27_dapi.tif,920.978671857205,981.7939038784089,True,full_peripheral_shell,full_peripheral_shell,55.0,,66482,64213,1948.8747235023045,1142.8466198156682,1402.9381626698926,1073.120994330985,1638.5,1135.0,1141.5,997.0,1638.5,1135.0,357.7412407389072,201.80803065630928,-8.239897193042268,2.5,10.739897193042282,-10.751172447138641,-2.5112752540963754,0.6351834519273295,126477,0.191323158637789,0.2402417964271587,0.20700599017432084,0.17316459616605417,0.15910272582811597,0.22088778614997862,0.1850171327590942,0.1677157670259476,0.3364022672176361,0.10029028976343658,0.08780145645141602,0.1000471339660134,0.08791215717792511,0.1870345461293382,0.1774460442401341,0.1674652592845584,0.15512377795364177,0.16625640303118305,0.15475494856373626,0.14360240406818336,0.13202113134601562,0.18672060519456862,1466.2370910644531,97.98636415997346,148.03125,12.61273181773464,1710.3333333333333,3.0,31.0,1.0,2.0,keep,True,,201.80803065630928,measured_d
manual_s27_cyst_0006,<analysis-root>/pSMAD/results/rois/manual_bead_well_36locations/manual_s27_cyst_0006.json,series_27,27,well3-36locations.ome.tif,roi_json_bead_present,True,bead_center_to_nearest_surface,centroid_bead_vector_vs_array_center_ap_axis,0.65,results/manual_bead_well_36locations/scene_images/scene27_psmad.tif,results/manual_bead_well_36locations/scene_images/scene27_dapi.tif,920.978671857205,981.7939038784089,True,full_peripheral_shell,full_peripheral_shell,55.0,,54372,50649,1948.8747235023045,1142.8466198156682,565.4104950266262,1358.5414202737193,417.0,1497.5,720.0,1202.5,744.5,1276.0,910.115488018387,787.6134239554236,-144.62805009167542,12.5,157.1280500916754,1.1545831745535393,145.78263326622897,0.2771152598694256,95207,0.10930093852223907,0.15299985641558494,0.1218430439074238,0.09756143661795105,0.09092244322547477,0.13471710383892038,0.1032925471663475,0.0917825594544411,0.22226181626319885,0.06908712953821435,0.06573620066046715,0.06776819771687527,0.06490655243396759,0.05717671881556699,0.05902769088539178,0.0602872373409356,0.061571802063923244,0.05927592079582876,0.06121496459227667,0.061879592913917085,0.061944976552271186,0.1076316501945257,1466.2370910644531,97.98636415997346,148.03125,12.61273181773464,1710.3333333333333,3.0,22.0,2.0,2.0,keep,True,,787.6134239554236,measured_d
manual_s27_cyst_0007,<analysis-root>/pSMAD/results/rois/manual_bead_well_36locations/manual_s27_cyst_0007.json,series_27,27,well3-36locations.ome.tif,roi_json_bead_present,True,bead_center_to_nearest_surface,centroid_bead_vector_vs_array_center_ap_axis,0.65,results/manual_bead_well_36locations/scene_images/scene27_psmad.tif,results/manual_bead_well_36locations/scene_images/scene27_dapi.tif,920.978671857205,981.7939038784089,True,full_peripheral_shell,full_peripheral_shell,55.0,,64334,62989,1948.8747235023045,1142.8466198156682,1075.856619519327,1459.4397844693049,1099.0,1698.5,1009.0,1209.5,1247.5,1494.0,603.6228567203137,509.84004516587333,-99.50425064192711,-42.5,57.004250641927115,-36.921672361000645,62.58257828092647,0.36568898385174237,121746,0.11153975543114358,0.15632662025709002,0.1247356706290018,0.0990950934911819,0.09191001991476654,0.1373921471834183,0.10532717406749725,0.09312774091959002,0.27234745025634766,0.06616986062855189,0.06302990019321442,0.06623111357914935,0.06307069957256317,0.08860873864520163,0.07814809065717263,0.07281521434512313,0.07269267779845687,0.07221547581130351,0.0706318551974536,0.07253296343596445,0.07140559648328308,0.10545189194381235,1466.2370910644531,97.98636415997346,148.03125,12.61273181773464,1710.3333333333333,3.0,19.0,0.0,1.0,keep,True,,509.84004516587333,measured_d
manual_s28_cyst_0001,<analysis-root>/pSMAD/results/rois/manual_bead_well_36locations/manual_s28_cyst_0001.json,series_28,28,well3-36locations.ome.tif,roi_json_bead_present,True,bead_center_to_nearest_surface,centroid_bead_vector_vs_array_center_ap_axis,0.65,results/manual_bead_well_36locations/scene_images/scene28_psmad.tif,results/manual_bead_well_36locations/scene_images/scene28_dapi.tif,1008.8606034166054,985.0337297942689,True,full_peripheral_shell,full_peripheral_shell,55.0,,69334,66479,1300.6874423963134,1906.5524262672811,857.0915541697326,520.1784894691214,726.0,309.5,959.0,768.5,942.0,775.5,946.1486283768052,771.2671878446976,-170.82952986500558,32.5,-156.6704701349944,17.451434651049432,-171.719035483945,0.23698256615586757,137263,0.1397125192096392,0.19761377185359036,0.15814716265806938,0.12186908174225462,0.11212910560168537,0.17364847511053091,0.13184068650007247,0.11295784562826158,0.3633480966091156,0.08361799589984731,0.07822393253445625,0.08298903008910803,0.07788904756307602,0.07194974805507473,0.07189484131544892,0.07405077429949479,0.07478996644715931,0.07146536058180038,0.07342512832616553,0.07435488494868754,0.07548709160090847,0.13445596396923057,1466.2370910644531,97.98636415997346,148.03125,12.61273181773464,1710.3333333333333,3.0,31.0,2.0,1.0,keep,True,,771.2671878446976,measured_d
manual_s28_cyst_0002,<analysis-root>/pSMAD/results/rois/manual_bead_well_36locations/manual_s28_cyst_0002.json,series_28,28,well3-36locations.ome.tif,roi_json_bead_present,True,bead_center_to_nearest_surface,centroid_bead_vector_vs_array_center_ap_axis,0.65,results/manual_bead_well_36locations/scene_images/scene28_psmad.tif,results/manual_bead_well_36locations/scene_images/scene28_dapi.tif,1008.8606034166054,985.0337297942689,True,full_peripheral_shell,full_peripheral_shell,55.0,,60010,57235,1300.6874423963134,1906.5524262672811,1341.1621438586785,606.5063955207509,1530.0,493.5,1184.0,799.5,1241.0,813.5,845.4393566581057,711.5425625918558,133.2725513073265,22.5,-110.7725513073265,3.90683738786819,-129.3657139194583,0.25109313178736054,104839,0.137065134486958,0.1802562839801815,0.15096421479387437,0.1232621570042026,0.11522825100111438,0.16377079695463165,0.13126143515110014,0.11689039468765258,0.2843117117881775,0.08935267775363126,0.08522579446434975,0.08802390941222224,0.08432561904191971,0.08900180233448515,0.0855255741886352,0.08336139219133128,0.0826630801939602,0.08245806256224263,0.0840020081894994,0.0828577323916971,0.08228219761483294,0.13534307926893235,1466.2370910644531,97.98636415997346,148.03125,12.61273181773464,1710.3333333333333,3.0,25.0,1.0,2.0,keep,True,,711.5425625918558,measured_d
manual_s28_cyst_0003,<analysis-root>/pSMAD/results/rois/manual_bead_well_36locations/manual_s28_cyst_0003.json,series_28,28,well3-36locations.ome.tif,roi_json_bead_present,True,bead_center_to_nearest_surface,centroid_bead_vector_vs_array_center_ap_axis,0.65,results/manual_bead_well_36locations/scene_images/scene28_psmad.tif,results/manual_bead_well_36locations/scene_images/scene28_dapi.tif,1008.8606034166054,985.0337297942689,True,full_peripheral_shell,full_peripheral_shell,55.0,,67681,64242,1300.6874423963134,1906.5524262672811,493.71344881609133,892.3739502973693,272.5,813.0,762.5,945.0,722.0,1008.5,842.4373660050247,694.4292016769664,-143.58587012574569,27.5,171.0858701257457,8.398488924654623,151.98435905040031,0.20637276931617754,134681,0.13645187620406948,0.19937601942760205,0.15707901825127185,0.11655452890564137,0.10611911379359479,0.17489847943186734,0.12865347191691398,0.10638571605086326,0.3479900062084198,0.07850302448294356,0.07194361090660095,0.07699774027779174,0.0712420716881752,0.07213784196874062,0.07189157535622788,0.07090550263203765,0.07044856928417281,0.06652349064145954,0.06959405555700386,0.07075274482508649,0.07166057422994314,0.13504742085933685,1466.2370910644531,97.98636415997346,148.03125,12.61273181773464,1710.3333333333333,3.0,28.0,2.0,2.0,keep,True,,694.4292016769664,measured_d
manual_s28_cyst_0005,<analysis-root>/pSMAD/results/rois/manual_bead_well_36locations/manual_s28_cyst_0005.json,series_28,28,well3-36locations.ome.tif,roi_json_bead_present,True,bead_center_to_nearest_surface,centroid_bead_vector_vs_array_center_ap_axis,0.65,results/manual_bead_well_36locations/scene_images/scene28_psmad.tif,results/manual_bead_well_36locations/scene_images/scene28_dapi.tif,1008.8606034166054,985.0337297942689,True,full_peripheral_shell,full_peripheral_shell,55.0,,60302,58074,1300.6874423963134,1906.5524262672811,1500.8091436147058,1100.223475404646,1714.5,1153.0,1248.5,1052.0,1416.0,1213.5,540.0146924351343,456.6769977315356,91.70948731050012,22.5,-69.20948731050012,32.85842595916699,-58.85106135133313,0.19330533894318888,101076,0.1297427379813548,0.16840292508241025,0.14127043064057662,0.11825604251218264,0.1113554648347278,0.1518599577248096,0.12434874214231968,0.11325364336371423,0.25147920846939087,0.08595309023166536,0.08313542976975441,0.0856652230712125,0.08291008695960045,0.09453055180465551,0.08756206669657396,0.086066578791745,0.08755213418473115,0.08445644070055675,0.08526765986136106,0.0876526720333136,0.09008087521307956,0.12531703785061835,1466.2370910644531,97.98636415997346,148.03125,12.61273181773464,1710.3333333333333,3.0,17.0,1.0,2.0,keep,True,,456.6769977315356,measured_d
manual_s28_cyst_0006,<analysis-root>/pSMAD/results/rois/manual_bead_well_36locations/manual_s28_cyst_0006.json,series_28,28,well3-36locations.ome.tif,roi_json_bead_present,True,bead_center_to_nearest_surface,centroid_bead_vector_vs_array_center_ap_axis,0.65,results/manual_bead_well_36locations/scene_images/scene28_psmad.tif,results/manual_bead_well_36locations/scene_images/scene28_dapi.tif,1008.8606034166054,985.0337297942689,True,full_peripheral_shell,full_peripheral_shell,55.0,,65930,63815,1300.6874423963134,1906.5524262672811,659.3337634174588,1379.495837770195,481.0,1530.5,819.0,1167.5,738.5,1551.0,539.5873862128933,432.37081870756293,-93.54456073563058,-37.5,56.04456073563057,-20.557809336654692,72.98675139897588,0.18865184201817525,128657,0.13480786287375507,0.211711509943195,0.15463350472060614,0.11746798520688119,0.10829193576855148,0.16892047226428994,0.12424119412899012,0.10797106921672821,0.8534506559371948,0.08121929640580694,0.07605084776878357,0.08024492231937941,0.07552149891853333,0.09781957364841637,0.09055994400145753,0.08472489496580786,0.08293605930889188,0.08148589132492573,0.08222670224788671,0.08263237567566395,0.08233023586286593,0.1280876286327839,1466.2370910644531,97.98636415997346,148.03125,12.61273181773464,1710.3333333333333,3.0,20.0,1.0,1.0,keep,True,,432.37081870756293,measured_d
manual_s28_cyst_0007,<analysis-root>/pSMAD/results/rois/manual_bead_well_36locations/manual_s28_cyst_0007.json,series_28,28,well3-36locations.ome.tif,roi_json_bead_present,True,bead_center_to_nearest_surface,centroid_bead_vector_vs_array_center_ap_axis,0.65,results/manual_bead_well_36locations/scene_images/scene28_psmad.tif,results/manual_bead_well_36locations/scene_images/scene28_dapi.tif,1008.8606034166054,985.0337297942689,True,full_peripheral_shell,full_peripheral_shell,55.0,,62471,59565,1300.6874423963134,1906.5524262672811,1162.6912024456522,1484.4072690217392,1234.0,1702.5,1093.0,1237.5,1234.0,1702.5,288.68306509240745,139.53761760703156,-1.2335415199177808,-12.5,-11.266458480082207,-5.757075906852552,-4.523534386934784,0.5449059002991731,117760,0.19826523535139953,0.2457249251588079,0.2129463355946997,0.1816119045234293,0.16901592242947888,0.22535967469215396,0.19202069640159605,0.17628663182258605,0.3361969292163849,0.1148893074867545,0.10183751583099365,0.11381541579270067,0.10091525316238403,0.1776035998057863,0.17672916122540064,0.1714821625236679,0.16017709537114788,0.17062565154493486,0.1604757814868821,0.1518302063897943,0.140163550162444,0.1940067782998085,1466.2370910644531,97.98636415997346,148.03125,12.61273181773464,1710.3333333333333,3.0,29.0,2.0,2.0,keep,True,,139.53761760703156,measured_d
manual_s29_cyst_0001,<analysis-root>/pSMAD/results/rois/manual_bead_well_36locations/manual_s29_cyst_0001.json,series_29,29,well3-36locations.ome.tif,roi_json_bead_present,True,bead_center_to_nearest_surface,centroid_bead_vector_vs_array_center_ap_axis,0.65,results/manual_bead_well_36locations/scene_images/scene29_psmad.tif,results/manual_bead_well_36locations/scene_images/scene29_dapi.tif,776.0439925723848,1008.2996721762454,True,full_peripheral_shell,full_peripheral_shell,55.0,,63329,60583,1929.621635944701,956.733440092166,453.7969941411225,1395.5034134329626,312.0,1588.5,605.0,1191.5,649.5,1251.0,1000.784181558847,853.7804338277497,-142.9861079526844,27.5,170.4861079526844,-2.125359146416286,140.86074880626813,0.08566596596558364,117770,0.11853244357926358,0.20212332358454713,0.13822800786827658,0.10215350203452807,0.09357604803130584,0.15073199570178988,0.10697499141097067,0.09276430010795594,0.5912906527519226,0.06849327982107613,0.06356804072856903,0.06771469750685682,0.0632237046957016,0.06572167607448479,0.06524850395087717,0.06960627762066597,0.06778659094437609,0.06702287654693169,0.06699052508546548,0.06665825237698582,0.06570531884994575,0.1108092188835144,1466.2370910644531,97.98636415997346,148.03125,12.61273181773464,1710.3333333333333,3.0,27.0,2.0,1.0,keep,True,,853.7804338277497,measured_d
manual_s29_cyst_0002,<analysis-root>/pSMAD/results/rois/manual_bead_well_36locations/manual_s29_cyst_0002.json,series_29,29,well3-36locations.ome.tif,roi_json_bead_present,True,bead_center_to_nearest_surface,centroid_bead_vector_vs_array_center_ap_axis,0.65,results/manual_bead_well_36locations/scene_images/scene29_psmad.tif,results/manual_bead_well_36locations/scene_images/scene29_dapi.tif,776.0439925723848,1008.2996721762454,True,full_peripheral_shell,full_peripheral_shell,55.0,,63426,59428,1929.621635944701,956.733440092166,631.0150141106828,544.9826713931718,627.0,303.5,749.0,764.5,802.5,681.0,885.5084941594548,754.2330988523253,122.41538612835575,22.5,-99.91538612835575,10.283281584083298,-112.13210454427245,0.4153083950129145,116224,0.16576219891811808,0.21413280748519578,0.18071405359946222,0.15062210096186426,0.14129554486248308,0.1945336787402625,0.1594547778367996,0.14414820969104775,0.30103573203086853,0.10599029964967945,0.10208925977349281,0.10496518136700882,0.10132736340165138,0.08890140227582381,0.08837876003282591,0.08948950890978839,0.09229739396402717,0.09561741034347733,0.09439447174295143,0.09526401170601964,0.09771316560589388,0.16208671033382416,1466.2370910644531,97.98636415997346,148.03125,12.61273181773464,1710.3333333333333,3.0,24.0,2.0,2.0,keep,True,,754.2330988523253,measured_d
manual_s29_cyst_0003,<analysis-root>/pSMAD/results/rois/manual_bead_well_36locations/manual_s29_cyst_0003.json,series_29,29,well3-36locations.ome.tif,roi_json_bead_present,True,bead_center_to_nearest_surface,centroid_bead_vector_vs_array_center_ap_axis,0.65,results/manual_bead_well_36locations/scene_images/scene29_psmad.tif,results/manual_bead_well_36locations/scene_images/scene29_dapi.tif,776.0439925723848,1008.2996721762454,True,full_peripheral_shell,full_peripheral_shell,55.0,,62842,58384,1929.621635944701,956.733440092166,1263.645102906195,1098.923716689075,1503.5,1119.0,1014.5,1052.0,1499.5,1052.0,442.6413224229106,286.35457616129855,-19.853824546173975,-17.5,2.3538245461739677,-15.463078180042807,4.390746366131168,0.5424261638191916,116028,0.1912724338261349,0.24676753611189045,0.20812136538530865,0.17346687174531464,0.161856363756107,0.22079628735780713,0.1842341087758541,0.1665435329079628,0.38428425788879395,0.11668972724502749,0.10851259157061577,0.11330861046925089,0.10585702955722809,0.16844955808546852,0.1635248821868658,0.15866667957167885,0.15271995473609692,0.1566989052931345,0.15455010460306667,0.15010059553071328,0.13881587562602213,0.1934579603374004,1466.2370910644531,97.98636415997346,148.03125,12.61273181773464,1710.3333333333333,3.0,28.0,3.0,2.0,keep,True,,286.35457616129855,measured_d
manual_s29_cyst_0004,<analysis-root>/pSMAD/results/rois/manual_bead_well_36locations/manual_s29_cyst_0004.json,series_29,29,well3-36locations.ome.tif,roi_json_bead_present,True,bead_center_to_nearest_surface,centroid_bead_vector_vs_array_center_ap_axis,0.65,results/manual_bead_well_36locations/scene_images/scene29_psmad.tif,results/manual_bead_well_36locations/scene_images/scene29_dapi.tif,776.0439925723848,1008.2996721762454,True,full_peripheral_shell,full_peripheral_shell,55.0,,57965,55572,1929.621635944701,956.733440092166,301.4407341967256,932.4973590721979,87.5,888.0,532.5,977.0,532.5,956.0,1058.4348276563485,908.1291884989425,169.5428736271237,27.5,-142.0428736271237,23.874419701117013,-145.6684539260067,0.29854289031588443,106402,0.14744642362958366,0.20993087119121345,0.16800955226413636,0.12746371581272342,0.11678267597227988,0.18752895772457145,0.1392500631511211,0.11762537583708764,0.3222455084323883,0.08583183280463606,0.0800430178642273,0.08473056666267449,0.07946786284446716,0.07732793847088892,0.07598163075503814,0.07603608365939428,0.07573824578477427,0.07478450221801705,0.07574123412395968,0.07534389543466789,0.07614573979747039,0.14311050474643705,1466.2370910644531,97.98636415997346,148.03125,12.61273181773464,1710.3333333333333,3.0,27.0,2.0,1.0,keep,True,,908.1291884989425,measured_d
manual_s29_cyst_0005,<analysis-root>/pSMAD/results/rois/manual_bead_well_36locations/manual_s29_cyst_0005.json,series_29,29,well3-36locations.ome.tif,roi_json_bead_present,True,bead_center_to_nearest_surface,centroid_bead_vector_vs_array_center_ap_axis,0.65,results/manual_bead_well_36locations/scene_images/scene29_psmad.tif,results/manual_bead_well_36locations/scene_images/scene29_dapi.tif,776.0439925723848,1008.2996721762454,True,full_peripheral_shell,full_peripheral_shell,55.0,,58563,57400,1929.621635944701,956.733440092166,950.0634040618075,1496.3520652520972,1027.0,1700.5,877.0,1269.5,1052.5,1395.0,726.9321112653281,637.3381562406701,-99.6601516765157,-32.5,67.16015167651568,-44.45075255797169,55.20939911854401,0.2922140708705726,103353,0.12409733004660349,0.1711374427539131,0.1377449642386586,0.11096938103177821,0.10334749071145999,0.14946076422929774,0.11776635609567164,0.10485411956906318,0.29292458295822144,0.07639556856786477,0.07308430224657059,0.07614694075228952,0.0729270689189434,0.09210925379488942,0.08575631159257131,0.08288731107631056,0.08239935106996979,0.0826583456141287,0.08344889662014322,0.08233864792673269,0.08312301807684669,0.11865138188004493,1466.2370910644531,97.98636415997346,148.03125,12.61273181773464,1710.3333333333333,3.0,18.0,1.0,1.0,keep,True,,637.3381562406701,measured_d
manual_s29_cyst_0006,<analysis-root>/pSMAD/results/rois/manual_bead_well_36locations/manual_s29_cyst_0006.json,series_29,29,well3-36locations.ome.tif,roi_json_bead_present,True,bead_center_to_nearest_surface,centroid_bead_vector_vs_array_center_ap_axis,0.65,results/manual_bead_well_36locations/scene_images/scene29_psmad.tif,results/manual_bead_well_36locations/scene_images/scene29_dapi.tif,776.0439925723848,1008.2996721762454,True,full_peripheral_shell,full_peripheral_shell,55.0,,54024,52129,1929.621635944701,956.733440092166,1121.4623149869403,628.0771230910417,1213.0,425.5,985.0,813.5,1284.5,614.0,567.08037835413,474.83295748218876,81.69050800081631,7.5,-74.19050800081631,26.081549604619514,-55.6089583961968,0.47372937414167926,84994,0.21053373662702368,0.2730321223308757,0.22923130902994351,0.19144146985206636,0.17956749963020224,0.24577065885066987,0.20231012701988219,0.1835024744272233,0.4273990988731384,0.13399329588565229,0.12749870866537094,0.13199317974512703,0.1257181465625763,0.16683034463076468,0.16110623133958885,0.1542941754458391,0.15079204720560566,0.1474285398843864,0.147313427211054,0.14959752063999432,0.1479133254915934,0.20759193450212476,1466.2370910644531,97.98636415997346,148.03125,12.61273181773464,1710.3333333333333,3.0,16.0,2.0,1.0,keep,True,,474.83295748218876,measured_d
manual_s30_cyst_0001,<analysis-root>/pSMAD/results/rois/manual_bead_well_36locations/manual_s30_cyst_0001.json,series_30,30,well3-36locations.ome.tif,roi_json_bead_present,True,bead_center_to_nearest_surface,centroid_bead_vector_vs_array_center_ap_axis,0.65,results/manual_bead_well_36locations/scene_images/scene30_psmad.tif,results/manual_bead_well_36locations/scene_images/scene30_dapi.tif,1009.9488473520249,1160.3403426791276,True,full_peripheral_shell,full_peripheral_shell,55.0,,67576,64034,530.5639400921659,135.2683709677417,849.3856931812936,710.8128972192727,699.0,501.5,929.0,975.5,699.0,501.5,427.66780103842325,262.0204037492673,-3.1000254520964075,-17.5,-14.399974547903582,2.2675582306314874,5.367583682727883,0.6175068067488452,129966,0.19477174893198423,0.2483185193328515,0.21193384096668633,0.1746313360228028,0.16044714837997995,0.22576788485050187,0.1881905548274517,0.16824931949377062,0.37019261717796326,0.10379469730765377,0.09004600718617439,0.10159730771668486,0.08954918384552002,0.18021500917345862,0.1707768039958206,0.162860188176814,0.15472206030605076,0.15998275804537418,0.15537077998630752,0.145517219313154,0.13292480436088625,0.19816280156373978,1466.2370910644531,97.98636415997346,148.03125,12.61273181773464,1710.3333333333333,3.0,31.0,2.0,2.0,keep,True,,262.0204037492673,measured_d
manual_s30_cyst_0002,<analysis-root>/pSMAD/results/rois/manual_bead_well_36locations/manual_s30_cyst_0002.json,series_30,30,well3-36locations.ome.tif,roi_json_bead_present,True,bead_center_to_nearest_surface,centroid_bead_vector_vs_array_center_ap_axis,0.65,results/manual_bead_well_36locations/scene_images/scene30_psmad.tif,results/manual_bead_well_36locations/scene_images/scene30_dapi.tif,1009.9488473520249,1160.3403426791276,True,full_peripheral_shell,full_peripheral_shell,55.0,,59474,57080,530.5639400921659,135.2683709677417,1365.5012297481944,820.036619168456,1548.5,691.0,1178.5,975.0,1225.5,777.0,701.8879958849258,614.8448956225565,-103.1346624286839,-37.5,65.6346624286839,-31.020138612570612,72.11452381611329,0.3426970561360869,102460,0.12296132925968323,0.17501526280272028,0.13789606998924533,0.10903687952849922,0.10115019046466321,0.15152855068445203,0.11543550603091715,0.10233029872179031,0.29242029786109924,0.07490111328326332,0.07090530917048454,0.07423869247496723,0.07039008289575577,0.08661750094023989,0.08056784012487397,0.07587014923486324,0.07604655911066935,0.0767504206572459,0.07550392879537704,0.07629498093829892,0.07839919679512189,0.11734028868377207,1466.2370910644531,97.98636415997346,148.03125,12.61273181773464,1710.3333333333333,3.0,17.0,1.0,2.0,keep,True,,614.8448956225565,measured_d
manual_s30_cyst_0003,<analysis-root>/pSMAD/results/rois/manual_bead_well_36locations/manual_s30_cyst_0003.json,series_30,30,well3-36locations.ome.tif,roi_json_bead_present,True,bead_center_to_nearest_surface,centroid_bead_vector_vs_array_center_ap_axis,0.65,results/manual_bead_well_36locations/scene_images/scene30_psmad.tif,results/manual_bead_well_36locations/scene_images/scene30_dapi.tif,1009.9488473520249,1160.3403426791276,True,full_peripheral_shell,full_peripheral_shell,55.0,,57633,56775,530.5639400921659,135.2683709677417,559.6394940267041,1048.8979541337978,332.5,979.0,781.5,1131.0,474.0,896.5,594.1598777250533,496.1646632633103,69.47471582673249,2.5,-66.97471582673249,7.696704058227152,-61.77801176850534,0.4984025348254429,101033,0.1488932111300856,0.20417235579184242,0.16579074394476165,0.13167647967735926,0.12105348013546577,0.18036339104175572,0.1417265236377716,0.12434831410646438,0.3248785436153412,0.08414812470078438,0.07843482494354248,0.08370001080014117,0.07816769927740097,0.12222640388509093,0.11249852290966847,0.10499884114948888,0.10105633377387611,0.09404614526965706,0.09776634771253685,0.09736482601564196,0.09400239221065822,0.14317632913589465,1466.2370910644531,97.98636415997346,148.03125,12.61273181773464,1710.3333333333333,3.0,19.0,1.0,1.0,keep,True,,496.1646632633103,measured_d
manual_s30_cyst_0005,<analysis-root>/pSMAD/results/rois/manual_bead_well_36locations/manual_s30_cyst_0005.json,series_30,30,well3-36locations.ome.tif,roi_json_bead_present,True,bead_center_to_nearest_surface,centroid_bead_vector_vs_array_center_ap_axis,0.65,results/manual_bead_well_36locations/scene_images/scene30_psmad.tif,results/manual_bead_well_36locations/scene_images/scene30_dapi.tif,1009.9488473520249,1160.3403426791276,True,full_peripheral_shell,full_peripheral_shell,55.0,,50847,48907,530.5639400921659,135.2683709677417,1583.9785641296485,1340.1531396029714,1772.5,1258.0,1384.5,1390.0,1445.0,1251.5,1040.2903623681937,937.9313865972416,-112.37414510155513,17.5,129.87414510155514,-26.389015240267337,85.98512986128776,0.11618437124954892,87097,0.09098270850187917,0.12319449498033037,0.10027697230350358,0.08208405537912754,0.07690779608057084,0.10868455067276957,0.08663798868656154,0.07793750762939454,0.2224196344614029,0.05821704223779812,0.05610032007098198,0.05767287384602482,0.05582236871123314,0.05567207674778395,0.055844137462229604,0.05663304998277757,0.058254545057121486,0.056188060198013666,0.05599530531734579,0.057819157833671815,0.057726334368409495,0.0885118320584297,1466.2370910644531,97.98636415997346,148.03125,12.61273181773464,1710.3333333333333,3.0,19.0,2.0,1.0,keep,True,,937.9313865972416,measured_d
manual_s30_cyst_0006,<analysis-root>/pSMAD/results/rois/manual_bead_well_36locations/manual_s30_cyst_0006.json,series_30,30,well3-36locations.ome.tif,roi_json_bead_present,True,bead_center_to_nearest_surface,centroid_bead_vector_vs_array_center_ap_axis,0.65,results/manual_bead_well_36locations/scene_images/scene30_psmad.tif,results/manual_bead_well_36locations/scene_images/scene30_dapi.tif,1009.9488473520249,1160.3403426791276,True,full_peripheral_shell,full_peripheral_shell,55.0,,39976,35705,530.5639400921659,135.2683709677417,739.5121745224533,1507.3730884652016,635.0,1626.5,860.0,1376.5,779.0,1360.5,902.1500592419532,812.6073782718862,129.35413657104314,17.5,-111.85413657104314,6.278650182142429,-123.07548638890071,0.3127324105065686,55649,0.13179323224711237,0.1706301989502081,0.14340996742248535,0.11960300375618632,0.11207026662965756,0.1519162857532501,0.12682157456874846,0.11470525413751603,0.23934197425842285,0.08309356735744163,0.07990101724863052,0.08318308182180705,0.08002154529094696,0.06905409165690388,0.06826873589802593,0.07063846502772876,0.07257388999370568,0.06902938970254176,0.07072961953334583,0.07370935070127548,0.07693982516859672,0.12680738791823387,1466.2370910644531,97.98636415997346,148.03125,12.61273181773464,1710.3333333333333,3.0,15.0,2.0,2.0,keep,True,,812.6073782718862,measured_d
manual_s30_cyst_0007,<analysis-root>/pSMAD/results/rois/manual_bead_well_36locations/manual_s30_cyst_0007.json,series_30,30,well3-36locations.ome.tif,roi_json_bead_present,True,bead_center_to_nearest_surface,centroid_bead_vector_vs_array_center_ap_axis,0.65,results/manual_bead_well_36locations/scene_images/scene30_psmad.tif,results/manual_bead_well_36locations/scene_images/scene30_dapi.tif,1009.9488473520249,1160.3403426791276,True,full_peripheral_shell,full_peripheral_shell,55.0,,41435,39285,530.5639400921659,135.2683709677417,1255.8839207548394,1714.3938750364773,1319.0,1875.5,1209.0,1550.5,1209.0,1550.5,1129.5284049099362,1020.1389276125822,174.0288358630014,7.5,-166.5288358630014,25.302318240670733,-148.72651762233068,0.12854388098673422,61682,0.10473796852515167,0.13490413269620513,0.11342561171406705,0.09600035533777429,0.09061006962527307,0.11993123829364771,0.10077295601367947,0.09233032912015914,0.23666471242904663,0.06954180229135164,0.06783280521631241,0.0690604300180229,0.0675165206193924,0.06699499497735166,0.06905646361202024,0.0683253831489101,0.0674320750342119,0.07039936450326187,0.0681521871482059,0.06707796529539263,0.0664485192899517,0.10222850739955902,1466.2370910644531,97.98636415997346,148.03125,12.61273181773464,1710.3333333333333,3.0,20.0,1.0,2.0,keep,True,,1020.1389276125822,measured_d
manual_s31_cyst_0001,<analysis-root>/pSMAD/results/rois/manual_bead_well_36locations/manual_s31_cyst_0001.json,series_31,31,well3-36locations.ome.tif,roi_json_bead_present,True,bead_center_to_nearest_surface,centroid_bead_vector_vs_array_center_ap_axis,0.65,results/manual_bead_well_36locations/scene_images/scene31_psmad.tif,results/manual_bead_well_36locations/scene_images/scene31_dapi.tif,1327.9605663768778,1023.7987305005181,True,full_peripheral_shell,full_peripheral_shell,55.0,,64035,63864,35.25664748849522,821.1280726731391,1161.4173972017784,557.8189445128231,1149.0,303.5,1243.0,791.5,1036.5,685.0,751.7467734671011,656.7956844159615,-92.25704712583916,-27.5,64.75704712583916,-17.505550561414644,74.75149656442451,0.49153723788677267,119433,0.1341086876458623,0.1887446232897948,0.1510001764671834,0.11694667188691746,0.10704104529930929,0.16620515078306203,0.1268756955862045,0.10936325564980509,0.33143219351768494,0.0737518742344675,0.06908096373081207,0.07366183865539237,0.06901474669575691,0.08443406133130472,0.08061863110745297,0.07809068380412366,0.07844223911163535,0.07706444223432819,0.07646808948896937,0.07855399038570746,0.07918786132583921,0.12701946347951887,1466.2370910644531,97.98636415997346,148.03125,12.61273181773464,1710.3333333333333,3.0,19.0,1.0,1.0,keep,True,,656.7956844159615,measured_d
manual_s31_cyst_0002,<analysis-root>/pSMAD/results/rois/manual_bead_well_36locations/manual_s31_cyst_0002.json,series_31,31,well3-36locations.ome.tif,roi_json_bead_present,True,bead_center_to_nearest_surface,centroid_bead_vector_vs_array_center_ap_axis,0.65,results/manual_bead_well_36locations/scene_images/scene31_psmad.tif,results/manual_bead_well_36locations/scene_images/scene31_dapi.tif,1327.9605663768778,1023.7987305005181,True,full_peripheral_shell,full_peripheral_shell,55.0,,87786,84306,35.25664748849522,821.1280726731391,1551.9410219184417,744.8121836215536,1783.0,488.5,1302.0,1035.5,1275.5,957.0,987.0920644865478,810.9814169268603,-134.20707456349496,2.5,136.70707456349498,0.849146396081551,135.05622095957654,0.4571142541481045,155668,0.11336415596310742,0.15452574926176907,0.12627247894674087,0.09963497932496168,0.09104306206858914,0.13716976940631864,0.1081923320889473,0.09430753067135811,0.25731363892555237,0.0635333595881374,0.05753977596759796,0.06173995175859864,0.05657326430082321,0.054473194930317194,0.054331981346661576,0.05417174801936075,0.05273427317415267,0.04813992494756802,0.0500957772083719,0.05281400303569332,0.051993470107655905,0.11445225030183792,1466.2370910644531,97.98636415997346,148.03125,12.61273181773464,1710.3333333333333,3.0,34.0,1.0,3.0,keep,True,,810.9814169268603,measured_d
manual_s31_cyst_0003,<analysis-root>/pSMAD/results/rois/manual_bead_well_36locations/manual_s31_cyst_0003.json,series_31,31,well3-36locations.ome.tif,roi_json_bead_present,True,bead_center_to_nearest_surface,centroid_bead_vector_vs_array_center_ap_axis,0.65,results/manual_bead_well_36locations/scene_images/scene31_psmad.tif,results/manual_bead_well_36locations/scene_images/scene31_dapi.tif,1327.9605663768778,1023.7987305005181,True,full_peripheral_shell,full_peripheral_shell,55.0,,63576,60098,35.25664748849522,821.1280726731391,840.4310117487955,915.4020370213844,611.5,812.0,1096.5,968.0,594.5,902.0,526.9385020794393,367.28934070048825,-11.152280828062818,-2.5,8.652280828062828,-8.015171401156222,3.1371094269065907,0.6051397204973334,118310,0.17868711754754063,0.24240696735171827,0.19698549971703483,0.15939738671117137,0.14640712735970948,0.21329131349921227,0.17020530477166163,0.15206712037324907,0.3997472822666168,0.09655017399732038,0.08623692765831947,0.09507532107720244,0.08582494780421257,0.15938775297161348,0.1565411476508254,0.14856546343786148,0.13855011008196386,0.14641985129381685,0.13650258145295685,0.1309182964756409,0.12268421644298935,0.17615920305252075,1466.2370910644531,97.98636415997346,148.03125,12.61273181773464,1710.3333333333333,3.0,30.0,2.0,2.0,keep,True,,367.28934070048825,measured_d
manual_s31_cyst_0004,<analysis-root>/pSMAD/results/rois/manual_bead_well_36locations/manual_s31_cyst_0004.json,series_31,31,well3-36locations.ome.tif,roi_json_bead_present,True,bead_center_to_nearest_surface,centroid_bead_vector_vs_array_center_ap_axis,0.65,results/manual_bead_well_36locations/scene_images/scene31_psmad.tif,results/manual_bead_well_36locations/scene_images/scene31_dapi.tif,1327.9605663768778,1023.7987305005181,True,full_peripheral_shell,full_peripheral_shell,55.0,,45603,40284,35.25664748849522,821.1280726731391,1843.8870218636055,1107.7520276171858,2023.5,1143.0,1660.5,1066.0,1660.5,1066.0,1190.2806535955535,1068.3315478459597,177.02896802137437,-2.5,-179.52896802137437,-25.014845414936918,157.95618656368868,0.32814852164293157,72129,0.09248607045561483,0.11939885413676278,0.1007673770300212,0.08385511758761888,0.07850376806503472,0.10754898779094219,0.0890811424702406,0.08024978488683701,0.20630623400211334,0.057556815764868346,0.05569376423954964,0.05707769169441054,0.0553231630474329,0.04622596349086492,0.046675494925661504,0.047270061038642425,0.04863506410042674,0.047854008086394,0.04845389351556687,0.04943211477239934,0.050302129259302136,0.09025519639253617,1466.2370910644531,97.98636415997346,148.03125,12.61273181773464,1710.3333333333333,3.0,20.0,3.0,2.0,keep,True,,1068.3315478459597,measured_d
manual_s31_cyst_0005,<analysis-root>/pSMAD/results/rois/manual_bead_well_36locations/manual_s31_cyst_0005.json,series_31,31,well3-36locations.ome.tif,roi_json_bead_present,True,bead_center_to_nearest_surface,centroid_bead_vector_vs_array_center_ap_axis,0.65,results/manual_bead_well_36locations/scene_images/scene31_psmad.tif,results/manual_bead_well_36locations/scene_images/scene31_dapi.tif,1327.9605663768778,1023.7987305005181,True,full_peripheral_shell,full_peripheral_shell,55.0,,38553,36029,35.25664748849522,821.1280726731391,1051.4949667198416,1334.5601884958835,967.0,1475.5,1150.0,1204.5,967.5,1269.0,740.0737010198222,672.2605734360059,82.77394434407567,52.5,-30.273944344075687,28.94524947916455,-53.82869486491113,0.33681940071873073,54537,0.12505771899236562,0.16207321945815206,0.13552170372531894,0.1143368813213113,0.10765221173739674,0.1445622307062151,0.12020606845617293,0.10992341488599777,0.26024940609931946,0.08123972352582638,0.07865326851606369,0.08074143103418305,0.07842610031366348,0.08811296629807297,0.08538755326181063,0.08663317430071696,0.08689043721521372,0.08724345871270006,0.08934300781787119,0.0883935065623607,0.08621480357212273,0.12222653478384018,1466.2370910644531,97.98636415997346,148.03125,12.61273181773464,1710.3333333333333,3.0,12.0,1.0,1.0,keep,True,,672.2605734360059,measured_d
manual_s31_cyst_0006,<analysis-root>/pSMAD/results/rois/manual_bead_well_36locations/manual_s31_cyst_0006.json,series_31,31,well3-36locations.ome.tif,roi_json_bead_present,True,bead_center_to_nearest_surface,centroid_bead_vector_vs_array_center_ap_axis,0.65,results/manual_bead_well_36locations/scene_images/scene31_psmad.tif,results/manual_bead_well_36locations/scene_images/scene31_dapi.tif,1327.9605663768778,1023.7987305005181,True,full_peripheral_shell,full_peripheral_shell,55.0,,50543,47269,35.25664748849522,821.1280726731391,1518.4931586047408,1482.3710252457122,1682.0,1612.5,1399.0,1311.5,1357.5,1366.0,1055.5713400213017,929.5711110184202,157.26242521327708,-12.5,-169.76242521327708,43.895789932781106,-113.36663528049598,0.1488870766876038,83024,0.08890928798052733,0.11900894309199134,0.0978998922555378,0.08009929476715254,0.07478888234280286,0.10576512575149535,0.084663949906826,0.07606329172849655,0.1854838877916336,0.05540739910464868,0.05337793752551079,0.05460599537214231,0.0528537780046463,0.04954285095796437,0.05080420062604363,0.05493510619249382,0.05551223336804287,0.055379876081085785,0.056328280922521054,0.055406819470498705,0.0546599599824428,0.08758906871080396,1466.2370910644531,97.98636415997346,148.03125,12.61273181773464,1710.3333333333333,3.0,23.0,2.0,2.0,keep,True,,929.5711110184202,measured_d
manual_s32_cyst_0001,<analysis-root>/pSMAD/results/rois/manual_bead_well_36locations/manual_s32_cyst_0001.json,series_32,32,well3-36locations.ome.tif,roi_json_bead_present,True,bead_center_to_nearest_surface,centroid_bead_vector_vs_array_center_ap_axis,0.65,results/manual_bead_well_36locations/scene_images/scene32_psmad.tif,results/manual_bead_well_36locations/scene_images/scene32_dapi.tif,994.518965389094,1017.0174912667542,True,full_peripheral_shell,full_peripheral_shell,55.0,,60005,55881,119.83140552995404,1880.881642857143,839.3261485584745,514.5845262253423,735.0,302.5,930.0,743.5,813.0,721.5,1003.7061869035508,878.0170777268181,-128.37471531039623,-17.5,110.87471531039625,1.268542237067113,129.64325754746335,0.39061867637144987,109398,0.11467393148689796,0.15851373599978807,0.1271504646523694,0.10276702260839349,0.0957894126154969,0.13866820037364955,0.10862091928720474,0.09721922874450684,0.2595290243625641,0.07150585194085417,0.06778684258460999,0.07047854703990374,0.0670340284705162,0.05803800701281999,0.05798604868693682,0.060174395398243395,0.061242550234633916,0.06105627090982084,0.060977652678179714,0.06261769117277911,0.06342276643616371,0.11162319928407667,1466.2370910644531,97.98636415997346,148.03125,12.61273181773464,1710.3333333333333,3.0,23.0,2.0,2.0,keep,True,,878.0170777268181,measured_d
manual_s32_cyst_0002,<analysis-root>/pSMAD/results/rois/manual_bead_well_36locations/manual_s32_cyst_0002.json,series_32,32,well3-36locations.ome.tif,roi_json_bead_present,True,bead_center_to_nearest_surface,centroid_bead_vector_vs_array_center_ap_axis,0.65,results/manual_bead_well_36locations/scene_images/scene32_psmad.tif,results/manual_bead_well_36locations/scene_images/scene32_dapi.tif,994.518965389094,1017.0174912667542,True,full_peripheral_shell,full_peripheral_shell,55.0,,59781,57380,119.83140552995404,1880.881642857143,1330.9267083363884,635.2110217024708,1438.0,433.5,1197.0,837.5,1187.5,828.0,1129.2891179653877,974.6697400538565,-166.62384032297814,22.5,-170.87615967702186,9.244933967737252,175.86877429071535,0.38642917883499356,109112,0.10390309309317451,0.1432911287149486,0.11512673722561248,0.09292944961799775,0.0863573763740697,0.1254108978807926,0.0985578753054142,0.08796153515577317,0.23673710227012634,0.06261942661029139,0.0597185380756855,0.0625115969864015,0.05973438546061516,0.05446613914245313,0.05290358397429929,0.0525137688556401,0.0520184317209191,0.053419472628374494,0.05216221799995625,0.05177960151960897,0.052526578243376594,0.09929126501083374,1466.2370910644531,97.98636415997346,148.03125,12.61273181773464,1710.3333333333333,3.0,28.0,2.0,1.0,keep,True,,974.6697400538565,measured_d
manual_s32_cyst_0003,<analysis-root>/pSMAD/results/rois/manual_bead_well_36locations/manual_s32_cyst_0003.json,series_32,32,well3-36locations.ome.tif,roi_json_bead_present,True,bead_center_to_nearest_surface,centroid_bead_vector_vs_array_center_ap_axis,0.65,results/manual_bead_well_36locations/scene_images/scene32_psmad.tif,results/manual_bead_well_36locations/scene_images/scene32_dapi.tif,994.518965389094,1017.0174912667542,True,full_peripheral_shell,full_peripheral_shell,55.0,,49200,49032,119.83140552995404,1880.881642857143,518.3115895372233,890.9481556002683,334.5,808.0,730.5,941.0,393.0,972.5,693.6309456303027,616.5681856540575,-86.63869083506525,-27.5,59.13869083506523,-27.956593056125286,58.682097778939976,0.23197282808085457,74550,0.13113556540347818,0.16999030322625536,0.14280295485044187,0.11912862814228214,0.11185910252994781,0.1526168712973595,0.12620328217744822,0.11415789127349854,0.23647412657737732,0.08462440138663793,0.08168189972639084,0.0845292262311084,0.08162473142147064,0.09513835356605724,0.09048517217987245,0.08793887296036088,0.08953645472851013,0.08709558662002449,0.08799070674588971,0.08949977811902549,0.08899191217995384,0.1264672145247459,1466.2370910644531,97.98636415997346,148.03125,12.61273181773464,1710.3333333333333,3.0,15.0,1.0,0.0,keep,True,,616.5681856540575,measured_d
manual_s32_cyst_0005,<analysis-root>/pSMAD/results/rois/manual_bead_well_36locations/manual_s32_cyst_0005.json,series_32,32,well3-36locations.ome.tif,roi_json_bead_present,True,bead_center_to_nearest_surface,centroid_bead_vector_vs_array_center_ap_axis,0.65,results/manual_bead_well_36locations/scene_images/scene32_psmad.tif,results/manual_bead_well_36locations/scene_images/scene32_dapi.tif,994.518965389094,1017.0174912667542,True,full_peripheral_shell,full_peripheral_shell,55.0,,60728,57643,119.83140552995404,1880.881642857143,1488.8568679357793,1113.1303385404901,1688.5,1223.0,1250.5,1073.0,1262.5,1141.0,1020.2459264280641,884.8399081416479,131.81165771909872,-37.5,-169.31165771909872,-21.922831644432268,-153.734489363531,0.23693199764534834,110681,0.08920117048005487,0.1193654702224186,0.09815610787839969,0.08033794440992771,0.0750571221780151,0.10590419843792918,0.08523468300700184,0.07634250819683075,0.2070048600435257,0.055553633109634716,0.05354665592312813,0.055496660887586896,0.053611014038324356,0.047870111124316425,0.051341999466205865,0.05124923174463634,0.05144518755218556,0.04972994323278717,0.05116264917520087,0.05159453365199844,0.051070186419075,0.08630380406975743,1466.2370910644531,97.98636415997346,148.03125,12.61273181773464,1710.3333333333333,3.0,25.0,2.0,2.0,keep,True,,884.8399081416479,measured_d
manual_s32_cyst_0006,<analysis-root>/pSMAD/results/rois/manual_bead_well_36locations/manual_s32_cyst_0006.json,series_32,32,well3-36locations.ome.tif,roi_json_bead_present,True,bead_center_to_nearest_surface,centroid_bead_vector_vs_array_center_ap_axis,0.65,results/manual_bead_well_36locations/scene_images/scene32_psmad.tif,results/manual_bead_well_36locations/scene_images/scene32_dapi.tif,994.518965389094,1017.0174912667542,True,full_peripheral_shell,full_peripheral_shell,55.0,,62502,59931,119.83140552995404,1880.881642857143,667.0359894825257,1378.700726728262,466.0,1507.5,827.0,1182.5,466.0,1507.5,482.76166852455424,330.95568603058933,-0.5472631539982981,12.5,13.047263153998301,0.7326764399329856,1.2799395939312888,0.4215109641328096,109532,0.11812498014138108,0.1538467545310656,0.1293826347734676,0.10629388494080655,0.09887097076998735,0.13875144571065898,0.11374134570360184,0.10143399983644485,0.2371489256620407,0.07165320585335945,0.06798018515110016,0.07148860432193754,0.06795798242092133,0.10213430912485909,0.10001069586382216,0.09602403209356776,0.09030999023362671,0.09405611526676431,0.0894439404072917,0.08623789444354976,0.08238141787536421,0.11466409303247925,1466.2370910644531,97.98636415997346,148.03125,12.61273181773464,1710.3333333333333,3.0,29.0,1.0,2.0,keep,True,,330.95568603058933,measured_d
manual_s32_cyst_0007,<analysis-root>/pSMAD/results/rois/manual_bead_well_36locations/manual_s32_cyst_0007.json,series_32,32,well3-36locations.ome.tif,roi_json_bead_present,True,bead_center_to_nearest_surface,centroid_bead_vector_vs_array_center_ap_axis,0.65,results/manual_bead_well_36locations/scene_images/scene32_psmad.tif,results/manual_bead_well_36locations/scene_images/scene32_dapi.tif,994.518965389094,1017.0174912667542,True,full_peripheral_shell,full_peripheral_shell,55.0,,58618,57431,119.83140552995404,1880.881642857143,1150.1268682201687,1461.6187223784652,1152.0,1707.5,1097.0,1218.5,1053.5,1611.0,723.0180377087626,631.7294942877235,74.27422966363946,7.5,-66.77422966363946,-1.210272248188797,-75.48450191182826,0.325620569212734,99560,0.10133780224746856,0.13734097151652627,0.11216754401958752,0.09036654193459244,0.08384174411847227,0.12194595262408256,0.09666478633880615,0.08565320819616318,0.22331860661506653,0.06055085174364007,0.057683203369379044,0.060485688296943126,0.05762115493416786,0.0637435420733438,0.062882782840157,0.0628753035614103,0.06343568790124571,0.056020607579160824,0.05720645119667527,0.05967556979439542,0.06277307018638914,0.09693397805094715,1466.2370910644531,97.98636415997346,148.03125,12.61273181773464,1710.3333333333333,3.0,17.0,1.0,1.0,keep,True,,631.7294942877235,measured_d
manual_s33_cyst_0001,<analysis-root>/pSMAD/results/rois/manual_bead_well_36locations/manual_s33_cyst_0001.json,series_33,33,well3-36locations.ome.tif,roi_json_bead_present,True,bead_center_to_nearest_surface,centroid_bead_vector_vs_array_center_ap_axis,0.65,results/manual_bead_well_36locations/scene_images/scene33_psmad.tif,results/manual_bead_well_36locations/scene_images/scene33_dapi.tif,998.7082470362651,905.5739949166917,True,full_peripheral_shell,full_peripheral_shell,55.0,,73489,70878,1339.1936175115209,1880.881642857143,853.8599158784384,426.01446127314495,707.0,204.5,945.0,706.5,945.0,706.5,996.8947496356939,805.2030548985234,-173.0825468923303,22.5,-164.4174531076697,10.202793975773991,-176.7146591318957,0.46278704115049507,151923,0.10841883489290256,0.14118746646032346,0.11832516210712912,0.09807889024216186,0.09151510118196408,0.12712974309921238,0.10394452549517154,0.09406838715076447,0.23434723913669586,0.06617426321724539,0.062486130744218826,0.06572278265019621,0.06232711672782898,0.05267026896996352,0.05133158712238956,0.05064372889580348,0.05129485697027554,0.05022912909677166,0.05092822250899378,0.05171029917253869,0.05351256020313618,0.10611768066883086,1466.2370910644531,97.98636415997346,148.03125,12.61273181773464,1710.3333333333333,3.0,34.0,2.0,1.0,keep,True,,805.2030548985234,measured_d
manual_s33_cyst_0002,<analysis-root>/pSMAD/results/rois/manual_bead_well_36locations/manual_s33_cyst_0002.json,series_33,33,well3-36locations.ome.tif,roi_json_bead_present,True,bead_center_to_nearest_surface,centroid_bead_vector_vs_array_center_ap_axis,0.65,results/manual_bead_well_36locations/scene_images/scene33_psmad.tif,results/manual_bead_well_36locations/scene_images/scene33_dapi.tif,998.7082470362651,905.5739949166917,True,full_peripheral_shell,full_peripheral_shell,55.0,,92632,90558,1339.1936175115209,1880.881642857143,1242.7607571398696,632.2028384267136,1510.0,375.5,974.0,942.5,1041.0,956.5,814.0580000676576,631.3373593506157,132.1938155646651,-7.5,-139.6938155646651,-4.517852959212293,-136.7116685238774,0.49569502621672934,176929,0.1071983240758704,0.14195605268738917,0.11768635297062488,0.09573300516803818,0.08828034794980438,0.12651998832821837,0.10289576128125187,0.09161783233284951,0.2503294348716736,0.061922599919075456,0.05729966424405575,0.06124095399190948,0.05688489228487015,0.05356726656574393,0.052465261520871595,0.051226941891582584,0.05089732897450546,0.04694374425318699,0.04982299748403112,0.051065578091847724,0.050444486384225676,0.10478186309337614,1466.2370910644531,97.98636415997346,148.03125,12.61273181773464,1710.3333333333333,3.0,37.0,1.0,2.0,keep,True,,631.3373593506157,measured_d
manual_s33_cyst_0003,<analysis-root>/pSMAD/results/rois/manual_bead_well_36locations/manual_s33_cyst_0003.json,series_33,33,well3-36locations.ome.tif,roi_json_bead_present,True,bead_center_to_nearest_surface,centroid_bead_vector_vs_array_center_ap_axis,0.65,results/manual_bead_well_36locations/scene_images/scene33_psmad.tif,results/manual_bead_well_36locations/scene_images/scene33_dapi.tif,998.7082470362651,905.5739949166917,True,full_peripheral_shell,full_peripheral_shell,55.0,,64854,60756,1339.1936175115209,1880.881642857143,538.1840693388996,793.5521590946153,306.5,734.0,799.5,845.0,773.0,896.5,877.8373820451965,738.1385894439638,-139.06686320298496,12.5,151.56686320298496,-4.01169563667888,135.05516756630607,0.46065211822300756,122644,0.11073831499476351,0.14857840096872105,0.12220539275735832,0.09970764409863513,0.09309346824410246,0.1333072952926159,0.10509633645415306,0.09471641853451729,0.22219218313694,0.06856664274192081,0.06494929641485214,0.06739809080604636,0.06404818594455719,0.054440569871370734,0.0552095740762557,0.05580490911112751,0.05643801717723769,0.05563123570203708,0.056769170090086044,0.05698659215325619,0.05855042055998536,0.10864878296852111,1466.2370910644531,97.98636415997346,148.03125,12.61273181773464,1710.3333333333333,3.0,26.0,2.0,2.0,keep,True,,738.1385894439638,measured_d
manual_s33_cyst_0004,<analysis-root>/pSMAD/results/rois/manual_bead_well_36locations/manual_s33_cyst_0004.json,series_33,33,well3-36locations.ome.tif,roi_json_bead_present,True,bead_center_to_nearest_surface,centroid_bead_vector_vs_array_center_ap_axis,0.65,results/manual_bead_well_36locations/scene_images/scene33_psmad.tif,results/manual_bead_well_36locations/scene_images/scene33_dapi.tif,998.7082470362651,905.5739949166917,True,full_peripheral_shell,full_peripheral_shell,55.0,,72576,70024,1339.1936175115209,1880.881642857143,1491.0453580920557,976.9927176081608,1728.5,1002.0,1218.5,877.0,1527.0,1163.5,595.7611302182311,482.0124332919173,85.76493747455707,-32.5,-118.26493747455707,3.3014860809216824,-82.4634513936354,0.4784115701643341,141849,0.11008871300857476,0.13893785949440382,0.11954421304732238,0.09991084668986161,0.09335368529128113,0.1277981637418271,0.106256802752614,0.09617145359516145,0.2182466983795166,0.06735754707333207,0.06399016454815865,0.06643320185799761,0.06303200125694275,0.08157118596774826,0.07855961689578964,0.07506855787421414,0.07199330135977061,0.06714461228331017,0.06847551001688275,0.07150781689312322,0.06915355419412964,0.10821548663079739,1466.2370910644531,97.98636415997346,148.03125,12.61273181773464,1710.3333333333333,3.0,21.0,1.0,2.0,keep,True,,482.0124332919173,measured_d
manual_s33_cyst_0005,<analysis-root>/pSMAD/results/rois/manual_bead_well_36locations/manual_s33_cyst_0005.json,series_33,33,well3-36locations.ome.tif,roi_json_bead_present,True,bead_center_to_nearest_surface,centroid_bead_vector_vs_array_center_ap_axis,0.65,results/manual_bead_well_36locations/scene_images/scene33_psmad.tif,results/manual_bead_well_36locations/scene_images/scene33_dapi.tif,998.7082470362651,905.5739949166917,True,full_peripheral_shell,full_peripheral_shell,55.0,,65382,64947,1339.1936175115209,1880.881642857143,694.6905570071549,1247.0670069106982,553.0,1457.5,872.0,1045.5,735.5,1413.0,587.5601601707731,496.4567136906724,-83.2286673931109,-12.5,70.7286673931109,-13.686852109183222,69.54181528392769,0.43474642856978596,122853,0.11517519124362724,0.14909705725999978,0.12557876255510037,0.10438477273476959,0.09768942596631262,0.1345058897137642,0.11070744544267654,0.09991303235292436,0.22343114018440247,0.07192345500971925,0.06886210292577744,0.07168644602533,0.0687108263373375,0.08737911039268313,0.08011605960931385,0.0771756757108109,0.07675421495723792,0.07507885813285131,0.07536226765493471,0.07555253001165323,0.07695400936026948,0.11141934320330614,1466.2370910644531,97.98636415997346,148.03125,12.61273181773464,1710.3333333333333,3.0,18.0,1.0,1.0,keep,True,,496.4567136906724,measured_d
manual_s33_cyst_0006,<analysis-root>/pSMAD/results/rois/manual_bead_well_36locations/manual_s33_cyst_0006.json,series_33,33,well3-36locations.ome.tif,roi_json_bead_present,True,bead_center_to_nearest_surface,centroid_bead_vector_vs_array_center_ap_axis,0.65,results/manual_bead_well_36locations/scene_images/scene33_psmad.tif,results/manual_bead_well_36locations/scene_images/scene33_dapi.tif,998.7082470362651,905.5739949166917,True,full_peripheral_shell,full_peripheral_shell,55.0,,65328,63154,1339.1936175115209,1880.881642857143,1171.7670479350388,1357.5656715588611,1248.0,1583.5,1103.0,1095.5,1248.0,1583.5,357.14011004333497,202.18251555073584,-1.192916686325598,-12.5,-11.307083313674411,-0.6020328383149411,0.5908838480106624,0.6222272910146908,125983,0.1752826622188884,0.21319389805386338,0.18750860247621814,0.16031393255410517,0.1484030507555667,0.19796614006161692,0.1706300988793373,0.15619619488716124,0.2913903295993805,0.09447657257804516,0.08258982747793198,0.09389437811500372,0.08214790374040604,0.16769857000632707,0.16287026770927243,0.15563960854141345,0.14438647861957343,0.15707626072542577,0.1474260012346058,0.13813072536266816,0.12480209803409045,0.1719707667827606,1466.2370910644531,97.98636415997346,148.03125,12.61273181773464,1710.3333333333333,3.0,31.0,1.0,2.0,keep,True,,202.18251555073584,measured_d
manual_s34_cyst_0001,<analysis-root>/pSMAD/results/rois/manual_bead_well_36locations/manual_s34_cyst_0001.json,series_34,34,well3-36locations.ome.tif,roi_json_bead_present,True,bead_center_to_nearest_surface,centroid_bead_vector_vs_array_center_ap_axis,0.65,results/manual_bead_well_36locations/scene_images/scene34_psmad.tif,results/manual_bead_well_36locations/scene_images/scene34_dapi.tif,1041.0085483369598,1014.5478706869754,True,full_peripheral_shell,full_peripheral_shell,55.0,,62979,58816,216.09684331797231,1694.7684631336406,870.7171404399323,549.4680710659899,769.0,334.5,939.0,804.5,868.0,787.5,857.468194642178,726.173585465657,-130.36380945077423,-22.5,107.86380945077423,-3.3691902731497154,126.99461917762449,0.41793805250041866,118200,0.1104781922435566,0.1522878986263113,0.12209584052993991,0.09947531370636721,0.09287843222479943,0.1334580399096012,0.10470771975815296,0.09426701068878174,0.24164451658725739,0.0683443262273057,0.06516801565885544,0.06757167013871225,0.06459331512451172,0.05072649795434095,0.05221013616265736,0.05429198389956193,0.05612818027154291,0.055289662706577244,0.05581232729911572,0.0574241929372515,0.06020962128486387,0.10713488906621932,1466.2370910644531,97.98636415997346,148.03125,12.61273181773464,1710.3333333333333,3.0,24.0,2.0,2.0,keep,True,,726.173585465657,measured_d
manual_s34_cyst_0002,<analysis-root>/pSMAD/results/rois/manual_bead_well_36locations/manual_s34_cyst_0002.json,series_34,34,well3-36locations.ome.tif,roi_json_bead_present,True,bead_center_to_nearest_surface,centroid_bead_vector_vs_array_center_ap_axis,0.65,results/manual_bead_well_36locations/scene_images/scene34_psmad.tif,results/manual_bead_well_36locations/scene_images/scene34_dapi.tif,1041.0085483369598,1014.5478706869754,True,full_peripheral_shell,full_peripheral_shell,55.0,,62533,58717,216.09684331797231,1694.7684631336406,1366.2337516966631,653.3687091258439,1509.0,466.5,1187.0,835.5,1186.5,835.0,1008.5118890064513,842.7179426443626,-173.26837827212097,12.5,-174.23162172787903,-2.677380295924234,170.59099797619672,0.39188816827996165,113458,0.10664293879506048,0.14505688438103312,0.11733031365259142,0.09627243949795695,0.08992995486910253,0.1269342559576033,0.10132345408201217,0.09180088639259339,0.24510176479816437,0.06731017479106144,0.06389785557985306,0.06617538208335319,0.06341543793678284,0.055198460568645996,0.056350547031116256,0.05546900646285882,0.05526081875875317,0.05560011464028231,0.05551736897787892,0.05566255704117772,0.056853170167041264,0.10583347231149669,1466.2370910644531,97.98636415997346,148.03125,12.61273181773464,1710.3333333333333,3.0,29.0,2.0,2.0,keep,True,,842.7179426443626,measured_d
manual_s34_cyst_0003,<analysis-root>/pSMAD/results/rois/manual_bead_well_36locations/manual_s34_cyst_0003.json,series_34,34,well3-36locations.ome.tif,roi_json_bead_present,True,bead_center_to_nearest_surface,centroid_bead_vector_vs_array_center_ap_axis,0.65,results/manual_bead_well_36locations/scene_images/scene34_psmad.tif,results/manual_bead_well_36locations/scene_images/scene34_dapi.tif,1041.0085483369598,1014.5478706869754,True,full_peripheral_shell,full_peripheral_shell,55.0,,63028,62300,216.09684331797231,1694.7684631336406,555.221246475814,923.468122620376,335.5,807.0,797.5,1002.0,442.0,1039.5,547.6648572798053,450.52502747077307,-89.14946046000672,-32.5,56.64946046000671,-26.087641371426034,63.061819088580705,0.4997818889116821,117403,0.13401277186184596,0.1831316515970766,0.14892823154623971,0.11942858532083073,0.11063252974953353,0.162906286418438,0.12711136713624,0.11284240186214446,0.27785736322402954,0.07701783370872761,0.07165024057030678,0.0770187317799137,0.07161091268062592,0.11257839275473193,0.10089320955292753,0.09288084809526347,0.08873641191637407,0.08696029214624519,0.0888600732778248,0.0880868078910704,0.0851373611031697,0.12699671387672412,1466.2370910644531,97.98636415997346,148.03125,12.61273181773464,1710.3333333333333,3.0,19.0,0.0,1.0,keep,True,,450.52502747077307,measured_d
manual_s34_cyst_0005,<analysis-root>/pSMAD/results/rois/manual_bead_well_36locations/manual_s34_cyst_0005.json,series_34,34,well3-36locations.ome.tif,roi_json_bead_present,True,bead_center_to_nearest_surface,centroid_bead_vector_vs_array_center_ap_axis,0.65,results/manual_bead_well_36locations/scene_images/scene34_psmad.tif,results/manual_bead_well_36locations/scene_images/scene34_dapi.tif,1041.0085483369598,1014.5478706869754,True,full_peripheral_shell,full_peripheral_shell,55.0,,50736,48164,216.09684331797231,1694.7684631336406,1510.5571324823673,1132.9485973830947,1707.5,1159.0,1300.5,1094.0,1306.5,1140.0,917.2301528243397,795.2205016730813,147.46445410939006,-47.5,165.0355458906099,-47.79852609135434,164.73701979925556,0.09904742896872117,81241,0.0891572068034922,0.11557750819691484,0.09709608216486615,0.08105240652868832,0.07609914327936189,0.10392692983150496,0.0857023224234581,0.07761026620864873,0.19805319607257843,0.05597561089940113,0.054957134649157524,0.05645546643151316,0.055275456979870796,0.053761644894315175,0.05470736878031804,0.056037117991908546,0.05494324035536511,0.05568032238307947,0.05537437686618077,0.05489741280529945,0.0549188279315241,0.08561889082193375,1466.2370910644531,97.98636415997346,148.03125,12.61273181773464,1710.3333333333333,3.0,22.0,2.0,2.0,keep,True,,795.2205016730813,measured_d
manual_s34_cyst_0006,<analysis-root>/pSMAD/results/rois/manual_bead_well_36locations/manual_s34_cyst_0006.json,series_34,34,well3-36locations.ome.tif,roi_json_bead_present,True,bead_center_to_nearest_surface,centroid_bead_vector_vs_array_center_ap_axis,0.65,results/manual_bead_well_36locations/scene_images/scene34_psmad.tif,results/manual_bead_well_36locations/scene_images/scene34_dapi.tif,1041.0085483369598,1014.5478706869754,True,full_peripheral_shell,full_peripheral_shell,55.0,,64817,61678,216.09684331797231,1694.7684631336406,689.6973029610501,1397.6405323124902,536.5,1605.0,885.5,1208.0,472.5,1517.0,363.40895024594744,202.80021379301746,16.578137767954757,7.5,-9.078137767954757,10.26308215574834,-6.315055612206407,0.6658633565369738,121207,0.21428709116253408,0.2831052115226294,0.2359882703995581,0.18752929915694566,0.16992540352313848,0.2551976090669622,0.2060114800930023,0.18036962598562242,0.3690854609012604,0.10320345569690902,0.08713018149137497,0.10302527626276226,0.0884905532002449,0.22038001071869476,0.20233842227414695,0.18067767001246374,0.1650033888877746,0.1769296847163162,0.16284162710786318,0.1533012406139967,0.14012720147599772,0.21039614379405971,1466.2370910644531,97.98636415997346,148.03125,12.61273181773464,1710.3333333333333,3.0,31.0,1.0,2.0,keep,True,,202.80021379301746,measured_d
manual_s34_cyst_0007,<analysis-root>/pSMAD/results/rois/manual_bead_well_36locations/manual_s34_cyst_0007.json,series_34,34,well3-36locations.ome.tif,roi_json_bead_present,True,bead_center_to_nearest_surface,centroid_bead_vector_vs_array_center_ap_axis,0.65,results/manual_bead_well_36locations/scene_images/scene34_psmad.tif,results/manual_bead_well_36locations/scene_images/scene34_dapi.tif,1041.0085483369598,1014.5478706869754,True,full_peripheral_shell,full_peripheral_shell,55.0,,59743,58502,216.09684331797231,1694.7684631336406,1174.8556453234385,1475.8204957136852,1330.0,1666.5,1076.0,1256.5,999.5,1448.0,639.2367994988016,533.877245886503,108.91490138250626,2.5,-106.41490138250626,23.539084149578198,-85.37581723292806,0.31437044009125215,109418,0.10303757702248909,0.14003510300209904,0.1132897678571699,0.09320380905022754,0.0873675945078394,0.12154174141585826,0.09791459627449511,0.08870390877127647,0.2454942762851715,0.0661138407557416,0.06380268186330795,0.06574503042889929,0.06353924050927162,0.06870795076080201,0.06491770501272574,0.06518613402035672,0.06503696492449418,0.06829044553506082,0.06636909979290317,0.06554127442548709,0.06638421608202894,0.09882291182875633,1466.2370910644531,97.98636415997346,148.03125,12.61273181773464,1710.3333333333333,3.0,20.0,1.0,1.0,keep,True,,533.877245886503,measured_d
manual_s35_cyst_0001,<analysis-root>/pSMAD/results/rois/manual_bead_well_36locations/manual_s35_cyst_0001.json,series_35,35,well3-36locations.ome.tif,roi_json_bead_present,True,bead_center_to_nearest_surface,centroid_bead_vector_vs_array_center_ap_axis,0.65,results/manual_bead_well_36locations/scene_images/scene35_psmad.tif,results/manual_bead_well_36locations/scene_images/scene35_dapi.tif,979.2051653450519,1094.9972012864262,True,full_peripheral_shell,full_peripheral_shell,55.0,,48412,44464,1371.282096774194,1848.79316359447,828.92179608471,650.5261189141984,826.0,450.5,904.0,828.5,904.0,828.5,854.9411740524927,729.4351717282996,167.3068074718932,-32.5,160.1931925281068,-7.118337328854662,-174.42514480074786,0.1878937946864072,68705,0.14410562184162828,0.1957869853196519,0.15865594280629064,0.13027867325798914,0.12219958387516339,0.17322017297148712,0.13669079169631002,0.12377481833100319,0.36378735303878784,0.09327817170020322,0.0897374078631401,0.09260079380594281,0.08944830670952797,0.08718852107178607,0.09058634005445079,0.08900340094016278,0.08595211486453595,0.09052821211332993,0.08736237843617194,0.08654656106287721,0.08676900856444594,0.13948285728693008,1466.2370910644531,97.98636415997346,148.03125,12.61273181773464,1710.3333333333333,3.0,21.0,3.0,2.0,keep,True,,729.4351717282996,measured_d
manual_s35_cyst_0002,<analysis-root>/pSMAD/results/rois/manual_bead_well_36locations/manual_s35_cyst_0002.json,series_35,35,well3-36locations.ome.tif,roi_json_bead_present,True,bead_center_to_nearest_surface,centroid_bead_vector_vs_array_center_ap_axis,0.65,results/manual_bead_well_36locations/scene_images/scene35_psmad.tif,results/manual_bead_well_36locations/scene_images/scene35_dapi.tif,979.2051653450519,1094.9972012864262,True,full_peripheral_shell,full_peripheral_shell,55.0,,60617,57476,1371.282096774194,1848.79316359447,1328.8511644312257,695.5097949495239,1405.0,469.5,1172.0,889.5,1252.0,904.5,750.141373671852,618.6681415838684,148.87311301735883,32.5,-116.37311301735883,19.228220194576217,-129.64489282278262,0.23099559418063456,104901,0.1699426744597275,0.23594059710917265,0.18999158735688396,0.1509896658118568,0.1404744470308906,0.20791525393724442,0.16063830628991127,0.14164354652166367,0.3828851878643036,0.1075486629397001,0.1019948422908783,0.10590983000198623,0.10089346021413803,0.10730443024462143,0.10627694599778911,0.10200065353570316,0.10178285258341602,0.0970931880078193,0.09973448855181713,0.10115452367086031,0.09966770281648907,0.16648496985435485,1466.2370910644531,97.98636415997346,148.03125,12.61273181773464,1710.3333333333333,3.0,25.0,2.0,2.0,keep,True,,618.6681415838684,measured_d
manual_s35_cyst_0004,<analysis-root>/pSMAD/results/rois/manual_bead_well_36locations/manual_s35_cyst_0004.json,series_35,35,well3-36locations.ome.tif,roi_json_bead_present,True,bead_center_to_nearest_surface,centroid_bead_vector_vs_array_center_ap_axis,0.65,results/manual_bead_well_36locations/scene_images/scene35_psmad.tif,results/manual_bead_well_36locations/scene_images/scene35_dapi.tif,979.2051653450519,1094.9972012864262,True,full_peripheral_shell,full_peripheral_shell,55.0,,73453,70414,1371.282096774194,1848.79316359447,609.7319861477313,1258.4624047328584,647.0,1500.5,652.0,981.5,749.5,1459.0,626.3143717798761,477.0095255257196,-52.77019817934976,37.5,90.27019817934979,20.88841889966146,73.65861707901121,0.21251064805221487,152466,0.15220536279432037,0.21575802873212396,0.17246951337600086,0.13247548478552287,0.12116738426403181,0.19059381023049343,0.14310348555445665,0.12315117642283441,0.3346955180168152,0.08917121932837312,0.08147074282169342,0.08734840427018745,0.08049624040722847,0.1004296849277828,0.0980046265471586,0.09312874054123434,0.08995217059508583,0.08821349476315878,0.09070713630812444,0.08915897845883167,0.08842265101812549,0.15029438138008114,1466.2370910644531,97.98636415997346,148.03125,12.61273181773464,1710.3333333333333,3.0,27.0,2.0,1.0,keep,True,,477.0095255257196,measured_d
manual_s35_cyst_0005,<analysis-root>/pSMAD/results/rois/manual_bead_well_36locations/manual_s35_cyst_0005.json,series_35,35,well3-36locations.ome.tif,roi_json_bead_present,True,bead_center_to_nearest_surface,centroid_bead_vector_vs_array_center_ap_axis,0.65,results/manual_bead_well_36locations/scene_images/scene35_psmad.tif,results/manual_bead_well_36locations/scene_images/scene35_dapi.tif,979.2051653450519,1094.9972012864262,True,full_peripheral_shell,full_peripheral_shell,55.0,,52553,51559,1371.282096774194,1848.79316359447,1478.980276886753,1150.3367954114547,1701.5,1133.0,1257.5,1126.0,1464.0,1267.5,459.36203904733213,382.616718870933,97.86242550130501,22.5,-75.36242550130501,39.61069702134176,-58.25172847996325,0.3960256605402983,83861,0.2415135228837341,0.3015950174294701,0.2601499517901264,0.22151952292090982,0.2086499210101229,0.2765590846538543,0.23366437554359434,0.2138060420751572,0.4785745441913605,0.15814506404519085,0.15211892127990723,0.15684757471119565,0.15117916464805603,0.1735360637347628,0.16510490099614078,0.16692692089155375,0.16925935540854053,0.15696832750569262,0.16430074578020326,0.16892679986118425,0.17223620321552988,0.23700482845306392,1466.2370910644531,97.98636415997346,148.03125,12.61273181773464,1710.3333333333333,3.0,15.0,1.0,0.0,keep,True,,382.616718870933,measured_d
manual_s35_cyst_0006,<analysis-root>/pSMAD/results/rois/manual_bead_well_36locations/manual_s35_cyst_0006.json,series_35,35,well3-36locations.ome.tif,roi_json_bead_present,True,bead_center_to_nearest_surface,centroid_bead_vector_vs_array_center_ap_axis,0.65,results/manual_bead_well_36locations/scene_images/scene35_psmad.tif,results/manual_bead_well_36locations/scene_images/scene35_dapi.tif,979.2051653450519,1094.9972012864262,True,full_peripheral_shell,full_peripheral_shell,55.0,,54139,51507,1371.282096774194,1848.79316359447,1161.3263003413695,1540.7816723916071,1165.0,1747.5,1121.0,1328.5,1268.0,1712.5,242.29617755713377,111.15383523158383,-28.285499101662108,-22.5,5.785499101662111,-18.069362428470825,10.216136673191272,0.5962776270209936,94033,0.35950810247151693,0.43448692652606224,0.38504230662578753,0.32826769671621103,0.3051056291201443,0.4078331196308137,0.35097394585609437,0.3192979276180267,0.5510734915733337,0.21303765377503428,0.1926424503326416,0.206528370654592,0.1886707842350006,0.34677173417084706,0.3332151823270855,0.3124639624948526,0.292469008393537,0.3128629065964888,0.29911889191638136,0.28564702696138655,0.2614665944164601,0.3712458789348602,1466.2370910644531,97.98636415997346,148.03125,12.61273181773464,1710.3333333333333,3.0,24.0,2.0,1.0,keep,True,,111.15383523158383,measured_d
